sample_index,original_index,source_path,setting,domain,true_label,target_class,predicted_label,target_logit,true_class_logit,target_margin,target_probability,true_class_probability
0,0,EXTERNAL_SAMPLE/0000000.png,origin_clean,clean,0,1,0,3.023228645324707,8.562295913696289,-5.539067268371582,0.0038922384846955538,0.9903433322906494
1,1,EXTERNAL_SAMPLE/0000001.png,origin_clean,clean,0,1,0,1.2448821067810059,8.854632377624512,-7.609750270843506,0.0004922539810650051,0.9932572841644287
2,2,EXTERNAL_SAMPLE/0000002.png,origin_clean,clean,0,1,0,-0.32722342014312744,13.416193008422852,-13.743416786193848,1.0746938414740725e-06,0.9999420642852783
3,3,EXTERNAL_SAMPLE/0000003.png,origin_clean,clean,0,1,0,0.35415118932724,18.42759132385254,-18.073440551757812,1.4151559923902823e-08,0.9999996423721313
4,4,EXTERNAL_SAMPLE/0000004.png,origin_clean,clean,0,1,5,1.0766355991363525,4.208779811859131,-3.1321442127227783,0.010308478958904743,0.236301988363266
5,5,EXTERNAL_SAMPLE/0000005.png,origin_clean,clean,0,1,0,4.7583513259887695,8.946219444274902,-4.187868118286133,0.014918474480509758,0.9828617572784424
6,6,EXTERNAL_SAMPLE/0000006.png,origin_clean,clean,0,1,0,1.60968017578125,7.216304779052734,-5.606624603271484,0.003563353093340993,0.9700295329093933
7,7,EXTERNAL_SAMPLE/0000007.png,origin_clean,clean,0,1,0,2.3569467067718506,8.637720108032227,-6.280773162841797,0.0018249723361805081,0.9749029278755188
8,8,EXTERNAL_SAMPLE/0000008.png,origin_clean,clean,0,1,0,4.579617977142334,9.619527816772461,-5.039909839630127,0.006398308090865612,0.9882575869560242
9,9,EXTERNAL_SAMPLE/0000009.png,origin_clean,clean,0,1,0,1.4420239925384521,11.246858596801758,-9.804834365844727,5.5161632189992815e-05,0.9995915293693542
10,10,EXTERNAL_SAMPLE/0000010.png,origin_clean,clean,0,1,0,2.1005561351776123,7.194703102111816,-5.094146728515625,0.005762152373790741,0.9396033883094788
11,11,EXTERNAL_SAMPLE/0000011.png,origin_clean,clean,0,1,0,4.5271430015563965,4.613282203674316,-0.08613920211791992,0.4155232310295105,0.4529028534889221
12,12,EXTERNAL_SAMPLE/0000012.png,origin_clean,clean,0,1,0,2.178786277770996,6.663060188293457,-4.484273910522461,0.010403286665678024,0.9218621253967285
13,13,EXTERNAL_SAMPLE/0000013.png,origin_clean,clean,0,1,0,3.656783103942871,8.079544067382812,-4.422760963439941,0.011792195960879326,0.9825968146324158
14,14,EXTERNAL_SAMPLE/0000014.png,origin_clean,clean,0,1,0,1.0657931566238403,18.68882942199707,-17.623035430908203,2.2203064276027362e-08,0.9999998807907104
15,15,EXTERNAL_SAMPLE/0000015.png,origin_clean,clean,0,1,0,0.6143723726272583,8.800249099731445,-8.185876846313477,0.0002729876432567835,0.9799956679344177
16,16,EXTERNAL_SAMPLE/0000016.png,origin_clean,clean,0,1,0,0.8747606873512268,3.521519184112549,-2.646758556365967,0.025009317323565483,0.3528372645378113
17,17,EXTERNAL_SAMPLE/0000017.png,origin_clean,clean,0,1,0,1.410346508026123,8.321006774902344,-6.910660266876221,0.000982953468337655,0.9858130812644958
18,18,EXTERNAL_SAMPLE/0000018.png,origin_clean,clean,0,1,0,1.2804648876190186,11.464757919311523,-10.184292793273926,3.7741298001492396e-05,0.9995372295379639
19,19,EXTERNAL_SAMPLE/0000019.png,origin_clean,clean,0,1,0,1.9307106733322144,6.934178352355957,-5.003467559814453,0.006271073594689369,0.9339426755905151
20,20,EXTERNAL_SAMPLE/0000020.png,origin_clean,clean,0,1,0,0.27244582772254944,15.113986015319824,-14.841540336608887,3.5842523971041373e-07,0.9999946355819702
21,21,EXTERNAL_SAMPLE/0000021.png,origin_clean,clean,0,1,3,1.7731528282165527,3.190420627593994,-1.4172677993774414,0.05123499408364296,0.2113870084285736
22,22,EXTERNAL_SAMPLE/0000022.png,origin_clean,clean,0,1,0,0.09000923484563828,7.1161346435546875,-7.026125431060791,0.0008620098815299571,0.9703307151794434
23,23,EXTERNAL_SAMPLE/0000023.png,origin_clean,clean,0,1,0,1.6305391788482666,12.145026206970215,-10.514487266540527,2.713636786211282e-05,0.9998514652252197
24,24,EXTERNAL_SAMPLE/0000024.png,origin_clean,clean,0,1,0,1.1737040281295776,8.797528266906738,-7.623824119567871,0.0004813607665710151,0.9850436449050903
25,25,EXTERNAL_SAMPLE/0000025.png,origin_clean,clean,0,1,0,0.4685835838317871,12.607364654541016,-12.13878059387207,5.347082606022013e-06,0.9998212456703186
26,26,EXTERNAL_SAMPLE/0000026.png,origin_clean,clean,0,1,3,1.9002246856689453,2.9116339683532715,-1.0114092826843262,0.06326160579919815,0.17393606901168823
27,27,EXTERNAL_SAMPLE/0000027.png,origin_clean,clean,0,1,0,0.5403218865394592,10.434741973876953,-9.89441967010498,5.0390710384817794e-05,0.9987167119979858
28,28,EXTERNAL_SAMPLE/0000028.png,origin_clean,clean,0,1,0,1.1731822490692139,12.845267295837402,-11.67208480834961,8.52801440487383e-06,0.999930739402771
29,29,EXTERNAL_SAMPLE/0000029.png,origin_clean,clean,0,1,0,0.00247250497341156,10.5552396774292,-10.552766799926758,2.607910573715344e-05,0.9983919262886047
30,30,EXTERNAL_SAMPLE/0000030.png,origin_clean,clean,0,1,0,1.2307024002075195,16.998048782348633,-15.767346382141113,1.4201302178662445e-07,0.9999992847442627
31,31,EXTERNAL_SAMPLE/0000031.png,origin_clean,clean,0,1,0,1.8807685375213623,9.172309875488281,-7.29154109954834,0.0006781683187000453,0.9954364895820618
32,32,EXTERNAL_SAMPLE/0000032.png,origin_clean,clean,0,1,0,2.1062512397766113,8.143814086914062,-6.037562847137451,0.0023501678369939327,0.9844170212745667
33,33,EXTERNAL_SAMPLE/0000033.png,origin_clean,clean,0,1,0,0.519912600517273,9.229496002197266,-8.709583282470703,0.00016459562175441533,0.9975674152374268
34,34,EXTERNAL_SAMPLE/0000034.png,origin_clean,clean,0,1,2,-0.7096035480499268,5.228323459625244,-5.93792724609375,0.0007130614249035716,0.2703559696674347
35,35,EXTERNAL_SAMPLE/0000035.png,origin_clean,clean,0,1,0,2.822577476501465,9.329940795898438,-6.507363319396973,0.0014872376341372728,0.9965344667434692
36,36,EXTERNAL_SAMPLE/0000036.png,origin_clean,clean,0,1,0,0.03492332249879837,12.645949363708496,-12.6110258102417,3.3348517263220856e-06,0.9999434947967529
37,37,EXTERNAL_SAMPLE/0000037.png,origin_clean,clean,0,1,0,1.5818054676055908,5.107411861419678,-3.525606393814087,0.018498314544558525,0.6284685730934143
38,38,EXTERNAL_SAMPLE/0000038.png,origin_clean,clean,0,1,0,-0.39651286602020264,13.372791290283203,-13.769304275512695,1.0471927680555382e-06,0.9999067783355713
39,39,EXTERNAL_SAMPLE/0000039.png,origin_clean,clean,0,1,0,3.2699241638183594,13.843191146850586,-10.573266983032227,2.5590037694200873e-05,0.9999594688415527
40,40,EXTERNAL_SAMPLE/0000040.png,origin_clean,clean,0,1,0,1.8042151927947998,10.176067352294922,-8.371851921081543,0.0002310537820449099,0.998992383480072
41,41,EXTERNAL_SAMPLE/0000041.png,origin_clean,clean,0,1,0,5.342179298400879,13.278380393981934,-7.936201095581055,0.00035742533509619534,0.9996169805526733
42,42,EXTERNAL_SAMPLE/0000042.png,origin_clean,clean,0,1,0,3.239478588104248,18.274381637573242,-15.034902572631836,2.9540962032115203e-07,0.9999996423721313
43,43,EXTERNAL_SAMPLE/0000043.png,origin_clean,clean,0,1,0,2.66312837600708,10.92133903503418,-8.258211135864258,0.00025898520834743977,0.9994717240333557
44,44,EXTERNAL_SAMPLE/0000044.png,origin_clean,clean,0,1,3,0.3403020203113556,4.404980182647705,-4.064678192138672,0.006351678166538477,0.36996084451675415
45,45,EXTERNAL_SAMPLE/0000045.png,origin_clean,clean,0,1,0,1.3921481370925903,9.539596557617188,-8.147448539733887,0.00028884768835268915,0.9978398084640503
46,46,EXTERNAL_SAMPLE/0000046.png,origin_clean,clean,0,1,0,-0.41348010301589966,12.165022850036621,-12.578502655029297,3.4442309697624296e-06,0.9996927976608276
47,47,EXTERNAL_SAMPLE/0000047.png,origin_clean,clean,0,1,0,1.4847279787063599,6.229729175567627,-4.745001316070557,0.00783056952059269,0.90057772397995
48,48,EXTERNAL_SAMPLE/0000048.png,origin_clean,clean,0,1,0,2.9086220264434814,10.539815902709961,-7.631194114685059,0.00048442903789691627,0.9986554384231567
49,49,EXTERNAL_SAMPLE/0000049.png,origin_clean,clean,0,1,0,2.5788588523864746,7.471137523651123,-4.892278671264648,0.007284787017852068,0.9707480072975159
50,50,EXTERNAL_SAMPLE/0000050.png,origin_clean,clean,0,1,0,0.4181024432182312,9.62805461883545,-9.209952354431152,9.674311149865389e-05,0.9670558571815491
51,51,EXTERNAL_SAMPLE/0000051.png,origin_clean,clean,0,1,0,1.9024817943572998,5.918137073516846,-4.015655517578125,0.015773219987750053,0.8747770190238953
52,52,EXTERNAL_SAMPLE/0000052.png,origin_clean,clean,0,1,0,0.13784964382648468,11.767147064208984,-11.629297256469727,8.899636668502353e-06,0.9997971653938293
53,53,EXTERNAL_SAMPLE/0000053.png,origin_clean,clean,0,1,0,1.3421437740325928,5.634485244750977,-4.292341232299805,0.012021978385746479,0.8792573809623718
54,54,EXTERNAL_SAMPLE/0000054.png,origin_clean,clean,0,1,0,2.6947989463806152,6.122615337371826,-3.427816390991211,0.03002094104886055,0.9249239563941956
55,55,EXTERNAL_SAMPLE/0000055.png,origin_clean,clean,0,1,0,0.6571035981178284,17.626976013183594,-16.969871520996094,4.2665636357241965e-08,0.9999995231628418
56,56,EXTERNAL_SAMPLE/0000056.png,origin_clean,clean,0,1,0,2.775465965270996,6.413358688354492,-3.637892723083496,0.022629696875810623,0.8601921200752258
57,57,EXTERNAL_SAMPLE/0000057.png,origin_clean,clean,0,1,0,2.6021244525909424,9.561688423156738,-6.959564208984375,0.0009468229254707694,0.9971697926521301
58,58,EXTERNAL_SAMPLE/0000058.png,origin_clean,clean,0,1,0,2.2228455543518066,5.629268169403076,-3.4064226150512695,0.022141853347420692,0.6677355170249939
59,59,EXTERNAL_SAMPLE/0000059.png,origin_clean,clean,0,1,0,1.0420604944229126,6.793956756591797,-5.751896381378174,0.003064532997086644,0.9646753072738647
60,60,EXTERNAL_SAMPLE/0000060.png,origin_clean,clean,0,1,0,1.5049829483032227,4.877878189086914,-3.3728952407836914,0.018939988687634468,0.5523438453674316
61,61,EXTERNAL_SAMPLE/0000061.png,origin_clean,clean,0,1,0,2.9513397216796875,6.322066783905029,-3.370727062225342,0.02420632168650627,0.7043960690498352
62,62,EXTERNAL_SAMPLE/0000062.png,origin_clean,clean,0,1,0,1.489663004875183,9.411828994750977,-7.922165870666504,0.0003620364295784384,0.9984014630317688
63,63,EXTERNAL_SAMPLE/0000063.png,origin_clean,clean,0,1,0,3.1056196689605713,9.045609474182129,-5.939990043640137,0.0026013453025370836,0.9883320927619934
64,64,EXTERNAL_SAMPLE/0000064.png,origin_clean,clean,0,1,0,1.8238394260406494,12.74785041809082,-10.92401123046875,1.801881990104448e-05,0.9999173879623413
65,65,EXTERNAL_SAMPLE/0000065.png,origin_clean,clean,0,1,0,1.0782088041305542,16.83278465270996,-15.754575729370117,1.4383824975539028e-07,0.9999992847442627
66,66,EXTERNAL_SAMPLE/0000066.png,origin_clean,clean,0,1,0,-0.019457019865512848,8.458327293395996,-8.477784156799316,0.00020646567281801254,0.9924365878105164
67,67,EXTERNAL_SAMPLE/0000067.png,origin_clean,clean,0,1,0,4.1844892501831055,4.635845184326172,-0.4513559341430664,0.3194519579410553,0.5016801953315735
68,68,EXTERNAL_SAMPLE/0000068.png,origin_clean,clean,0,1,0,0.741411030292511,15.704389572143555,-14.96297836303711,3.174382925408281e-07,0.9999960660934448
69,69,EXTERNAL_SAMPLE/0000069.png,origin_clean,clean,0,1,0,1.81492280960083,9.386289596557617,-7.571366786956787,0.0005140121793374419,0.9981049299240112
70,70,EXTERNAL_SAMPLE/0000070.png,origin_clean,clean,0,1,0,2.1327381134033203,14.50244426727295,-12.369706153869629,4.2452147681615315e-06,0.9999879598617554
71,71,EXTERNAL_SAMPLE/0000071.png,origin_clean,clean,0,1,0,2.8332884311676025,5.1770734786987305,-2.343785047531128,0.06900100409984589,0.7190321683883667
72,72,EXTERNAL_SAMPLE/0000072.png,origin_clean,clean,0,1,0,0.13343605399131775,18.977672576904297,-18.844236373901367,6.547145936508514e-09,0.9999997615814209
73,73,EXTERNAL_SAMPLE/0000073.png,origin_clean,clean,0,1,0,0.27461928129196167,14.384119033813477,-14.10949993133545,7.452774184457667e-07,0.9999905824661255
74,74,EXTERNAL_SAMPLE/0000074.png,origin_clean,clean,0,1,0,1.580725908279419,7.887613296508789,-6.306887626647949,0.0017458507791161537,0.957312285900116
75,75,EXTERNAL_SAMPLE/0000075.png,origin_clean,clean,0,1,0,-0.1328512728214264,11.082189559936523,-11.215041160583496,1.3461523849400692e-05,0.9993663430213928
76,76,EXTERNAL_SAMPLE/0000076.png,origin_clean,clean,0,1,0,0.2615676522254944,20.33060073852539,-20.069032669067383,1.9236667814226394e-09,1.0
77,77,EXTERNAL_SAMPLE/0000077.png,origin_clean,clean,0,1,0,1.8901736736297607,10.48837947845459,-8.59820556640625,0.0001843035570345819,0.9992794394493103
78,78,EXTERNAL_SAMPLE/0000078.png,origin_clean,clean,0,1,0,1.328104019165039,8.798446655273438,-7.470342636108398,0.0005648475489579141,0.9914249181747437
79,79,EXTERNAL_SAMPLE/0000079.png,origin_clean,clean,0,1,0,0.4609389901161194,15.682040214538574,-15.221100807189941,2.452213152537297e-07,0.9999960660934448
80,80,EXTERNAL_SAMPLE/0000080.png,origin_clean,clean,0,1,0,3.0278303623199463,8.629033088684082,-5.601202964782715,0.003647653851658106,0.9876092672348022
81,81,EXTERNAL_SAMPLE/0000081.png,origin_clean,clean,0,1,0,2.054736375808716,14.219918251037598,-12.165182113647461,5.208571565162856e-06,0.9999772310256958
82,82,EXTERNAL_SAMPLE/0000082.png,origin_clean,clean,0,1,0,0.0045613497495651245,13.318214416503906,-13.313652992248535,1.6516175946890144e-06,0.9998974800109863
83,83,EXTERNAL_SAMPLE/0000083.png,origin_clean,clean,0,1,0,-0.07149777561426163,14.850255012512207,-14.9217529296875,3.307978033717518e-07,0.9999943971633911
84,84,EXTERNAL_SAMPLE/0000084.png,origin_clean,clean,0,1,0,1.2326855659484863,11.979116439819336,-10.746431350708008,2.1518595531233586e-05,0.9998382329940796
85,85,EXTERNAL_SAMPLE/0000085.png,origin_clean,clean,0,1,0,0.6937269568443298,10.932507514953613,-10.238780975341797,3.573584763216786e-05,0.999424934387207
86,86,EXTERNAL_SAMPLE/0000086.png,origin_clean,clean,0,1,0,1.4035296440124512,8.146936416625977,-6.743406772613525,0.0011550768977031112,0.9800206422805786
87,87,EXTERNAL_SAMPLE/0000087.png,origin_clean,clean,0,1,0,1.3083138465881348,11.214922904968262,-9.906608581542969,4.9821384891401976e-05,0.9995424747467041
88,88,EXTERNAL_SAMPLE/0000088.png,origin_clean,clean,0,1,0,-0.1323486864566803,8.933825492858887,-9.066174507141113,0.00011456443462520838,0.9918348789215088
89,89,EXTERNAL_SAMPLE/0000089.png,origin_clean,clean,0,1,0,2.5301449298858643,8.327367782592773,-5.797223091125488,0.002982261124998331,0.9823079109191895
90,90,EXTERNAL_SAMPLE/0000090.png,origin_clean,clean,0,1,0,3.6485629081726074,4.582403659820557,-0.9338407516479492,0.24848277866840363,0.6322053670883179
91,91,EXTERNAL_SAMPLE/0000091.png,origin_clean,clean,0,1,0,2.2923591136932373,8.119038581848145,-5.826679229736328,0.002826238516718149,0.9587457180023193
92,92,EXTERNAL_SAMPLE/0000092.png,origin_clean,clean,0,1,0,1.9593532085418701,4.037919044494629,-2.078565835952759,0.05668007582426071,0.45304369926452637
93,93,EXTERNAL_SAMPLE/0000093.png,origin_clean,clean,0,1,0,1.4096953868865967,10.186882019042969,-8.777186393737793,0.0001539936929475516,0.9985883831977844
94,94,EXTERNAL_SAMPLE/0000094.png,origin_clean,clean,0,1,5,-0.47217661142349243,2.4343576431274414,-2.906534194946289,0.010240869596600533,0.1873391717672348
95,95,EXTERNAL_SAMPLE/0000095.png,origin_clean,clean,0,1,0,1.3005776405334473,4.457536220550537,-3.15695858001709,0.022314533591270447,0.5243695974349976
96,96,EXTERNAL_SAMPLE/0000096.png,origin_clean,clean,0,1,0,1.0612038373947144,13.02967357635498,-11.968469619750977,6.340639174595708e-06,0.9999386072158813
97,97,EXTERNAL_SAMPLE/0000097.png,origin_clean,clean,0,1,0,3.472550392150879,15.751957893371582,-12.279407501220703,4.646408797270851e-06,0.9999915361404419
98,98,EXTERNAL_SAMPLE/0000098.png,origin_clean,clean,0,1,0,0.8588421940803528,6.675658226013184,-5.8168158531188965,0.0028255002107471228,0.9490877389907837
99,99,EXTERNAL_SAMPLE/0000099.png,origin_clean,clean,0,1,0,2.391235113143921,7.3440937995910645,-4.952858924865723,0.00576268183067441,0.8158755302429199
100,100,EXTERNAL_SAMPLE/0000100.png,origin_clean,clean,0,1,0,1.2851331233978271,4.796311378479004,-3.5111782550811768,0.017268607392907143,0.5782859921455383
101,101,EXTERNAL_SAMPLE/0000101.png,origin_clean,clean,0,1,0,2.7301809787750244,3.686544895172119,-0.9563639163970947,0.13042588531970978,0.33939650654792786
102,102,EXTERNAL_SAMPLE/0000102.png,origin_clean,clean,0,1,0,0.7929610013961792,8.944583892822266,-8.151622772216797,0.00028534294688142836,0.9898557662963867
103,103,EXTERNAL_SAMPLE/0000103.png,origin_clean,clean,0,1,0,0.7839986681938171,20.130985260009766,-19.346986770629883,3.960138883485342e-09,1.0
104,104,EXTERNAL_SAMPLE/0000104.png,origin_clean,clean,0,1,0,1.0575720071792603,9.085187911987305,-8.027615547180176,0.00032412377186119556,0.9932532906532288
105,105,EXTERNAL_SAMPLE/0000105.png,origin_clean,clean,0,1,0,0.89216148853302,15.436179161071777,-14.544017791748047,4.826272856917058e-07,0.9999966621398926
106,106,EXTERNAL_SAMPLE/0000106.png,origin_clean,clean,0,1,0,0.8622647523880005,9.539146423339844,-8.676881790161133,0.0001694201200734824,0.9937723278999329
107,107,EXTERNAL_SAMPLE/0000107.png,origin_clean,clean,0,1,0,0.6903266906738281,9.595129013061523,-8.904802322387695,0.0001355462009087205,0.9986051917076111
108,108,EXTERNAL_SAMPLE/0000108.png,origin_clean,clean,0,1,0,0.5954880118370056,14.542481422424316,-13.946993827819824,8.767734698267304e-07,0.999976634979248
109,109,EXTERNAL_SAMPLE/0000109.png,origin_clean,clean,0,1,0,3.4556705951690674,7.788824558258057,-4.33315372467041,0.0126906493678689,0.9668265581130981
110,110,EXTERNAL_SAMPLE/0000110.png,origin_clean,clean,0,1,0,1.5022213459014893,9.67369270324707,-8.17147159576416,0.0002819944638758898,0.997850775718689
111,111,EXTERNAL_SAMPLE/0000111.png,origin_clean,clean,0,1,0,1.4822217226028442,7.07127046585083,-5.589048862457275,0.003560519078746438,0.9523714780807495
112,112,EXTERNAL_SAMPLE/0000112.png,origin_clean,clean,0,1,0,0.9041337370872498,16.676576614379883,-15.772442817687988,1.412910251019639e-07,0.9999988079071045
113,113,EXTERNAL_SAMPLE/0000113.png,origin_clean,clean,0,1,2,0.7120760083198547,1.8460328578948975,-1.1339569091796875,0.028366589918732643,0.08816137909889221
114,114,EXTERNAL_SAMPLE/0000114.png,origin_clean,clean,0,1,8,2.6443984508514404,4.875696182250977,-2.231297731399536,0.04713504761457443,0.4389188587665558
115,115,EXTERNAL_SAMPLE/0000115.png,origin_clean,clean,0,1,0,0.9812859892845154,13.311057090759277,-12.329771041870117,4.418055141286459e-06,0.9999600648880005
116,116,EXTERNAL_SAMPLE/0000116.png,origin_clean,clean,0,1,0,4.203184127807617,5.484729766845703,-1.281545639038086,0.13480789959430695,0.4856054484844208
117,117,EXTERNAL_SAMPLE/0000117.png,origin_clean,clean,0,1,0,0.9958468675613403,8.542213439941406,-7.5463666915893555,0.0004994630580767989,0.9459076523780823
118,118,EXTERNAL_SAMPLE/0000118.png,origin_clean,clean,0,1,0,1.6262083053588867,11.730888366699219,-10.104680061340332,4.08790037909057e-05,0.9997860789299011
119,119,EXTERNAL_SAMPLE/0000119.png,origin_clean,clean,0,1,0,2.950791358947754,8.326658248901367,-5.375866889953613,0.004557494539767504,0.9849982857704163
120,120,EXTERNAL_SAMPLE/0000120.png,origin_clean,clean,0,1,0,2.489899158477783,13.913374900817871,-11.42347526550293,1.0935307727777399e-05,0.9999614953994751
121,121,EXTERNAL_SAMPLE/0000121.png,origin_clean,clean,0,1,0,3.149712324142456,9.518526077270508,-6.368813514709473,0.0016880228649824858,0.9847338795661926
122,122,EXTERNAL_SAMPLE/0000122.png,origin_clean,clean,0,1,0,0.47683772444725037,8.898542404174805,-8.421704292297363,0.0002166192134609446,0.9844568371772766
123,123,EXTERNAL_SAMPLE/0000123.png,origin_clean,clean,0,1,0,1.5328582525253296,12.691650390625,-11.158792495727539,1.4247576473280787e-05,0.9998687505722046
124,124,EXTERNAL_SAMPLE/0000124.png,origin_clean,clean,0,1,0,1.1299786567687988,7.031145095825195,-5.9011664390563965,0.0023149086628109217,0.846014678478241
125,125,EXTERNAL_SAMPLE/0000125.png,origin_clean,clean,0,1,0,1.8838636875152588,11.975567817687988,-10.091704368591309,4.141200770391151e-05,0.9997647404670715
126,126,EXTERNAL_SAMPLE/0000126.png,origin_clean,clean,0,1,0,-0.42548036575317383,12.410082817077637,-12.835563659667969,2.663805389602203e-06,0.9998088479042053
127,127,EXTERNAL_SAMPLE/0000127.png,origin_clean,clean,0,1,0,2.3131704330444336,11.27094841003418,-8.957777976989746,0.0001286159094888717,0.9990983009338379
128,128,EXTERNAL_SAMPLE/0000128.png,origin_clean,clean,0,1,0,2.0092623233795166,11.546180725097656,-9.536918640136719,7.205247675301507e-05,0.9988034963607788
129,129,EXTERNAL_SAMPLE/0000129.png,origin_clean,clean,0,1,0,2.0202479362487793,12.823500633239746,-10.803253173828125,2.0330935512902215e-05,0.9998862743377686
130,130,EXTERNAL_SAMPLE/0000130.png,origin_clean,clean,0,1,0,0.9941732883453369,9.710860252380371,-8.716687202453613,0.00016334607789758593,0.9970520734786987
131,131,EXTERNAL_SAMPLE/0000131.png,origin_clean,clean,0,1,0,0.7759987711906433,12.173524856567383,-11.397525787353516,1.1221887689316645e-05,0.999881386756897
132,132,EXTERNAL_SAMPLE/0000132.png,origin_clean,clean,0,1,8,2.0961854457855225,1.6258214712142944,0.470363974571228,0.08652423322200775,0.054058171808719635
133,133,EXTERNAL_SAMPLE/0000133.png,origin_clean,clean,0,1,0,3.0515012741088867,7.606107711791992,-4.5546064376831055,0.010011004284024239,0.951739490032196
134,134,EXTERNAL_SAMPLE/0000134.png,origin_clean,clean,0,1,0,0.8354856371879578,11.086023330688477,-10.250537872314453,3.5325596400070935e-05,0.9996351003646851
135,135,EXTERNAL_SAMPLE/0000135.png,origin_clean,clean,0,1,0,1.5502244234085083,9.653568267822266,-8.103343963623047,0.00030193699058145285,0.9980536699295044
136,136,EXTERNAL_SAMPLE/0000136.png,origin_clean,clean,0,1,0,0.9174212217330933,11.198639869689941,-10.281218528747559,3.419542554183863e-05,0.9978023171424866
137,137,EXTERNAL_SAMPLE/0000137.png,origin_clean,clean,0,1,0,1.606607437133789,13.572486877441406,-11.965879440307617,6.357288839353714e-06,0.9999709129333496
138,138,EXTERNAL_SAMPLE/0000138.png,origin_clean,clean,0,1,0,0.3523429334163666,12.190776824951172,-11.838434219360352,7.21836113370955e-06,0.9995517134666443
139,139,EXTERNAL_SAMPLE/0000139.png,origin_clean,clean,0,1,0,0.4894971251487732,4.432223796844482,-3.9427266120910645,0.010568061843514442,0.5448786020278931
140,140,EXTERNAL_SAMPLE/0000140.png,origin_clean,clean,0,1,0,2.645033836364746,8.671422958374023,-6.026389122009277,0.0023904985282570124,0.9901843070983887
141,141,EXTERNAL_SAMPLE/0000141.png,origin_clean,clean,0,1,0,0.922642171382904,4.617293834686279,-3.6946516036987305,0.01851046457886696,0.7447047233581543
142,142,EXTERNAL_SAMPLE/0000142.png,origin_clean,clean,0,1,0,0.5721551775932312,13.388049125671387,-12.81589412689209,2.717006509556086e-06,0.999914288520813
143,143,EXTERNAL_SAMPLE/0000143.png,origin_clean,clean,0,1,0,0.30474773049354553,9.80239200592041,-9.497644424438477,7.491127325920388e-05,0.9984394907951355
144,144,EXTERNAL_SAMPLE/0000144.png,origin_clean,clean,0,1,0,1.5454857349395752,16.14897346496582,-14.603487968444824,4.5476232912733394e-07,0.9999971389770508
145,145,EXTERNAL_SAMPLE/0000145.png,origin_clean,clean,0,1,0,3.215773344039917,7.242635726928711,-4.026862144470215,0.0172295980155468,0.9663159251213074
146,146,EXTERNAL_SAMPLE/0000146.png,origin_clean,clean,0,1,2,1.407299280166626,2.0849061012268066,-0.6776068210601807,0.043035537004470825,0.08474383503198624
147,147,EXTERNAL_SAMPLE/0000147.png,origin_clean,clean,0,1,0,3.104654312133789,6.677374362945557,-3.5727200508117676,0.026631835848093033,0.9484484195709229
148,148,EXTERNAL_SAMPLE/0000148.png,origin_clean,clean,0,1,0,3.7548341751098633,5.556392192840576,-1.801558017730713,0.11759328097105026,0.7125070691108704
149,149,EXTERNAL_SAMPLE/0000149.png,origin_clean,clean,0,1,0,2.074490785598755,9.154821395874023,-7.080330848693848,0.0004351735988166183,0.5171435475349426
150,150,EXTERNAL_SAMPLE/0000150.png,origin_clean,clean,0,1,0,2.405107259750366,5.555435657501221,-3.1503283977508545,0.03585238754749298,0.8369284272193909
151,151,EXTERNAL_SAMPLE/0000151.png,origin_clean,clean,0,1,9,0.054028235375881195,1.9876264333724976,-1.9335981607437134,0.016332564875483513,0.11292897909879684
152,152,EXTERNAL_SAMPLE/0000152.png,origin_clean,clean,0,1,0,0.5089762210845947,13.258773803710938,-12.749797821044922,2.902791720771347e-06,0.99996018409729
153,153,EXTERNAL_SAMPLE/0000153.png,origin_clean,clean,0,1,0,2.8411388397216797,3.8287858963012695,-0.9876470565795898,0.12757764756679535,0.3425343930721283
154,154,EXTERNAL_SAMPLE/0000154.png,origin_clean,clean,0,1,0,2.9895176887512207,7.7110185623168945,-4.721500873565674,0.008691751398146152,0.9764028787612915
155,155,EXTERNAL_SAMPLE/0000155.png,origin_clean,clean,0,1,0,3.5371248722076416,12.577792167663574,-9.040667533874512,0.00011846806592075154,0.9998005032539368
156,156,EXTERNAL_SAMPLE/0000156.png,origin_clean,clean,0,1,0,2.620718240737915,5.456149101257324,-2.835430860519409,0.04683659225702286,0.7979896664619446
157,157,EXTERNAL_SAMPLE/0000157.png,origin_clean,clean,0,1,0,0.11688563972711563,11.31375503540039,-11.196869850158691,1.3712135114474222e-05,0.9996405839920044
158,158,EXTERNAL_SAMPLE/0000158.png,origin_clean,clean,0,1,0,2.0304150581359863,9.247358322143555,-7.216943264007568,0.0007318730349652469,0.9970441460609436
159,159,EXTERNAL_SAMPLE/0000159.png,origin_clean,clean,0,1,0,1.2371851205825806,5.416421890258789,-4.179236888885498,0.013046844862401485,0.852167546749115
160,160,EXTERNAL_SAMPLE/0000160.png,origin_clean,clean,0,1,0,0.51075279712677,6.267089366912842,-5.756336688995361,0.0028532345313578844,0.9021582007408142
161,161,EXTERNAL_SAMPLE/0000161.png,origin_clean,clean,0,1,0,1.467909336090088,3.317695140838623,-1.8497858047485352,0.06092965975403786,0.387418657541275
162,162,EXTERNAL_SAMPLE/0000162.png,origin_clean,clean,0,1,0,2.172454357147217,3.2429726123809814,-1.0705182552337646,0.10138072818517685,0.2957165241241455
163,163,EXTERNAL_SAMPLE/0000163.png,origin_clean,clean,0,1,0,6.5791144371032715,6.762139797210693,-0.18302536010742188,0.4156922399997711,0.4991818964481354
164,164,EXTERNAL_SAMPLE/0000164.png,origin_clean,clean,0,1,0,2.8502206802368164,9.308154106140137,-6.45793342590332,0.0015621468191966414,0.9962462782859802
165,165,EXTERNAL_SAMPLE/0000165.png,origin_clean,clean,0,1,0,0.4225926697254181,6.819469928741455,-6.396877288818359,0.0015998295275494456,0.9598474502563477
166,166,EXTERNAL_SAMPLE/0000166.png,origin_clean,clean,0,1,8,1.185729742050171,3.9699463844299316,-2.7842166423797607,0.013712895102798939,0.22197246551513672
167,167,EXTERNAL_SAMPLE/0000167.png,origin_clean,clean,0,1,0,4.844192981719971,8.647847175598145,-3.803654193878174,0.021649058908224106,0.9712812900543213
168,168,EXTERNAL_SAMPLE/0000168.png,origin_clean,clean,0,1,0,1.6441235542297363,16.303451538085938,-14.65932846069336,4.300646594401769e-07,0.9999982118606567
169,169,EXTERNAL_SAMPLE/0000169.png,origin_clean,clean,0,1,0,2.2782721519470215,6.17274808883667,-3.8944759368896484,0.017738137394189835,0.8714800477027893
170,170,EXTERNAL_SAMPLE/0000170.png,origin_clean,clean,0,1,0,4.210448741912842,6.276233196258545,-2.065784454345703,0.10397151857614517,0.8204898834228516
171,171,EXTERNAL_SAMPLE/0000171.png,origin_clean,clean,0,1,0,0.5061782002449036,7.297387599945068,-6.7912092208862305,0.0010888224933296442,0.9690402150154114
172,172,EXTERNAL_SAMPLE/0000172.png,origin_clean,clean,0,1,0,-0.15307745337486267,10.4103364944458,-10.563413619995117,2.5799583454499952e-05,0.9982629418373108
173,173,EXTERNAL_SAMPLE/0000173.png,origin_clean,clean,0,1,0,3.340031385421753,6.16040563583374,-2.8203742504119873,0.05292856693267822,0.8883069753646851
174,174,EXTERNAL_SAMPLE/0000174.png,origin_clean,clean,0,1,0,0.2458415925502777,3.0161516666412354,-2.770310163497925,0.020562073215842247,0.3282443881034851
175,175,EXTERNAL_SAMPLE/0000175.png,origin_clean,clean,0,1,0,1.2429882287979126,5.703795433044434,-4.4608073234558105,0.006664531771093607,0.5768643021583557
176,176,EXTERNAL_SAMPLE/0000176.png,origin_clean,clean,0,1,0,5.6745381355285645,6.625587463378906,-0.9510493278503418,0.2630932331085205,0.6809968948364258
177,177,EXTERNAL_SAMPLE/0000177.png,origin_clean,clean,0,1,0,1.4222776889801025,12.559173583984375,-11.136896133422852,1.45636358865886e-05,0.9999133348464966
178,178,EXTERNAL_SAMPLE/0000178.png,origin_clean,clean,0,1,0,2.839344024658203,12.548336029052734,-9.708992004394531,6.07282345299609e-05,0.9998902082443237
179,179,EXTERNAL_SAMPLE/0000179.png,origin_clean,clean,0,1,0,0.8695191740989685,12.619220733642578,-11.749701499938965,7.890654160291888e-06,0.9998699426651001
180,180,EXTERNAL_SAMPLE/0000180.png,origin_clean,clean,0,1,0,1.7251431941986084,9.270532608032227,-7.545389175415039,0.0005266552907414734,0.9964311122894287
181,181,EXTERNAL_SAMPLE/0000181.png,origin_clean,clean,0,1,0,0.8261014819145203,12.609976768493652,-11.783875465393066,7.62023773859255e-06,0.9991727471351624
182,182,EXTERNAL_SAMPLE/0000182.png,origin_clean,clean,0,1,0,1.1063369512557983,10.715059280395508,-9.608722686767578,6.709385343128815e-05,0.9993047714233398
183,183,EXTERNAL_SAMPLE/0000183.png,origin_clean,clean,0,1,0,3.3564796447753906,15.872835159301758,-12.516355514526367,3.6661785998148844e-06,0.9999948740005493
184,184,EXTERNAL_SAMPLE/0000184.png,origin_clean,clean,0,1,0,0.965811014175415,5.160885810852051,-4.195075035095215,0.012845946475863457,0.852440357208252
185,185,EXTERNAL_SAMPLE/0000185.png,origin_clean,clean,0,1,0,2.2957446575164795,4.819233417510986,-2.523488759994507,0.05984875187277794,0.7464355826377869
186,186,EXTERNAL_SAMPLE/0000186.png,origin_clean,clean,0,1,0,1.7151999473571777,9.349953651428223,-7.634753704071045,0.00048225640784949064,0.9977216124534607
187,187,EXTERNAL_SAMPLE/0000187.png,origin_clean,clean,0,1,0,0.5607502460479736,8.137211799621582,-7.5764617919921875,0.0005083041614852846,0.9920628666877747
188,188,EXTERNAL_SAMPLE/0000188.png,origin_clean,clean,0,1,0,0.8986679911613464,4.609720230102539,-3.711052179336548,0.018056383356451988,0.7384485602378845
189,189,EXTERNAL_SAMPLE/0000189.png,origin_clean,clean,0,1,5,1.3905057907104492,3.3652944564819336,-1.9747886657714844,0.017649035900831223,0.12716302275657654
190,190,EXTERNAL_SAMPLE/0000190.png,origin_clean,clean,0,1,0,0.9149720072746277,8.903462409973145,-7.988490581512451,0.0003367614117451012,0.9923838973045349
191,191,EXTERNAL_SAMPLE/0000191.png,origin_clean,clean,0,1,0,1.1766982078552246,8.843320846557617,-7.666622638702393,0.00046516687143594027,0.9935292601585388
192,192,EXTERNAL_SAMPLE/0000192.png,origin_clean,clean,0,1,0,0.6417843699455261,8.686137199401855,-8.044352531433105,0.0003187961410731077,0.9934155941009521
193,193,EXTERNAL_SAMPLE/0000193.png,origin_clean,clean,0,1,0,1.6170798540115356,10.184560775756836,-8.56748104095459,0.0001899145863717422,0.9985460042953491
194,194,EXTERNAL_SAMPLE/0000194.png,origin_clean,clean,0,1,0,-0.06021086126565933,10.232085227966309,-10.292296409606934,3.3853040804388e-05,0.9988154172897339
195,195,EXTERNAL_SAMPLE/0000195.png,origin_clean,clean,0,1,0,1.9379510879516602,7.6758599281311035,-5.737908840179443,0.002856110455468297,0.886578381061554
196,196,EXTERNAL_SAMPLE/0000196.png,origin_clean,clean,0,1,0,1.7991018295288086,6.1645026206970215,-4.365400791168213,0.011559907346963882,0.9095442295074463
197,197,EXTERNAL_SAMPLE/0000197.png,origin_clean,clean,0,1,0,1.525969386100769,11.51113224029541,-9.985162734985352,4.606285801855847e-05,0.9996591806411743
198,198,EXTERNAL_SAMPLE/0000198.png,origin_clean,clean,0,1,0,1.00015127658844,10.849271774291992,-9.849120140075684,5.277063246467151e-05,0.9995644688606262
199,199,EXTERNAL_SAMPLE/0000199.png,origin_clean,clean,0,1,0,0.9316089749336243,5.746205806732178,-4.814596652984619,0.007133821491152048,0.8795793652534485
200,200,EXTERNAL_SAMPLE/0000200.png,origin_clean,clean,0,1,0,0.1991390883922577,8.075946807861328,-7.876807689666748,0.0003764813009183854,0.9921960830688477
201,201,EXTERNAL_SAMPLE/0000201.png,origin_clean,clean,0,1,0,2.2058475017547607,6.5076904296875,-4.30184268951416,0.012741897255182266,0.9408071041107178
202,202,EXTERNAL_SAMPLE/0000202.png,origin_clean,clean,0,1,0,0.22993627190589905,13.848955154418945,-13.6190185546875,1.2169853107479867e-06,0.9998847246170044
203,203,EXTERNAL_SAMPLE/0000203.png,origin_clean,clean,0,1,0,1.1006752252578735,11.07846736907959,-9.977791786193848,4.639953840523958e-05,0.9995707869529724
204,204,EXTERNAL_SAMPLE/0000204.png,origin_clean,clean,0,1,0,1.8540046215057373,7.233558654785156,-5.37955379486084,0.00447422917932272,0.9705742001533508
205,205,EXTERNAL_SAMPLE/0000205.png,origin_clean,clean,0,1,0,1.5663609504699707,6.551035404205322,-4.984674453735352,0.006269850768148899,0.9163761138916016
206,206,EXTERNAL_SAMPLE/0000206.png,origin_clean,clean,0,1,0,1.288292407989502,22.34970474243164,-21.061412811279297,7.1309047555701e-10,1.0
207,207,EXTERNAL_SAMPLE/0000207.png,origin_clean,clean,0,1,0,0.7108168005943298,7.10473108291626,-6.393914222717285,0.001587309525348246,0.9495181441307068
208,208,EXTERNAL_SAMPLE/0000208.png,origin_clean,clean,0,1,0,2.5318851470947266,10.422951698303223,-7.891066551208496,0.0003736770886462182,0.9989486336708069
209,209,EXTERNAL_SAMPLE/0000209.png,origin_clean,clean,0,1,0,2.940838575363159,4.387665748596191,-1.4468271732330322,0.12213243544101715,0.5190151333808899
210,210,EXTERNAL_SAMPLE/0000210.png,origin_clean,clean,0,1,0,2.8752663135528564,7.033429145812988,-4.158163070678711,0.014080032706260681,0.9004735350608826
211,211,EXTERNAL_SAMPLE/0000211.png,origin_clean,clean,0,1,6,0.4319119453430176,4.350383281707764,-3.918471336364746,0.0018644798547029495,0.09382707625627518
212,212,EXTERNAL_SAMPLE/0000212.png,origin_clean,clean,0,1,3,2.382840156555176,2.456660509109497,-0.07382035255432129,0.026798387989401817,0.028851503506302834
213,213,EXTERNAL_SAMPLE/0000213.png,origin_clean,clean,0,1,0,1.815093755722046,7.6106181144714355,-5.795524597167969,0.002974896924570203,0.9782192707061768
214,214,EXTERNAL_SAMPLE/0000214.png,origin_clean,clean,0,1,0,1.4037184715270996,15.386340141296387,-13.982622146606445,8.461017841909779e-07,0.9999959468841553
215,215,EXTERNAL_SAMPLE/0000215.png,origin_clean,clean,0,1,0,1.1162830591201782,6.719861030578613,-5.603578090667725,0.003553376067429781,0.9643712043762207
216,216,EXTERNAL_SAMPLE/0000216.png,origin_clean,clean,0,1,0,0.7316553592681885,15.378049850463867,-14.646394729614258,4.356614056177932e-07,0.9999942779541016
217,217,EXTERNAL_SAMPLE/0000217.png,origin_clean,clean,0,1,0,0.26663532853126526,8.827994346618652,-8.561359405517578,0.00019070692360401154,0.9965924620628357
218,218,EXTERNAL_SAMPLE/0000218.png,origin_clean,clean,0,1,0,0.8382090330123901,11.979243278503418,-11.141034126281738,1.4495819414150901e-05,0.9993840456008911
219,219,EXTERNAL_SAMPLE/0000219.png,origin_clean,clean,0,1,0,1.7327122688293457,9.388011932373047,-7.655299663543701,0.00047230470227077603,0.9974167346954346
220,220,EXTERNAL_SAMPLE/0000220.png,origin_clean,clean,0,1,0,1.0106502771377563,10.319580078125,-9.308929443359375,9.050788503373042e-05,0.9988565444946289
221,221,EXTERNAL_SAMPLE/0000221.png,origin_clean,clean,0,1,0,1.7308584451675415,5.299407005310059,-3.5685486793518066,0.020654531195759773,0.7325146198272705
222,222,EXTERNAL_SAMPLE/0000222.png,origin_clean,clean,0,1,0,0.448839008808136,12.606013298034668,-12.157174110412598,5.250074082141509e-06,0.9999057054519653
223,223,EXTERNAL_SAMPLE/0000223.png,origin_clean,clean,0,1,0,0.9253396987915039,7.352982521057129,-6.427642822265625,0.0015870527131482959,0.9819313287734985
224,224,EXTERNAL_SAMPLE/0000224.png,origin_clean,clean,0,1,0,1.1968753337860107,3.609212636947632,-2.412337303161621,0.037892475724220276,0.4228805601596832
225,225,EXTERNAL_SAMPLE/0000225.png,origin_clean,clean,0,1,0,0.7821080088615417,6.472491264343262,-5.690383434295654,0.0021701210644096136,0.6423712372779846
226,226,EXTERNAL_SAMPLE/0000226.png,origin_clean,clean,0,1,0,0.3044220805168152,6.953160285949707,-6.648738384246826,0.0012483088066801429,0.9634572267532349
227,227,EXTERNAL_SAMPLE/0000227.png,origin_clean,clean,0,1,0,0.7593383193016052,16.419857025146484,-15.660518646240234,1.580222885877447e-07,0.9999889135360718
228,228,EXTERNAL_SAMPLE/0000228.png,origin_clean,clean,0,1,0,1.6960288286209106,10.398792266845703,-8.702763557434082,0.00016568398859817535,0.9973388314247131
229,229,EXTERNAL_SAMPLE/0000229.png,origin_clean,clean,0,1,0,1.3602139949798584,6.270623683929443,-4.910409927368164,0.006321250926703215,0.8577622771263123
230,230,EXTERNAL_SAMPLE/0000230.png,origin_clean,clean,0,1,0,1.4001364707946777,9.974014282226562,-8.573877334594727,0.00018790637841448188,0.9943267703056335
231,231,EXTERNAL_SAMPLE/0000231.png,origin_clean,clean,0,1,0,2.5238473415374756,4.590431213378906,-2.0665838718414307,0.08621136844158173,0.6808798909187317
232,232,EXTERNAL_SAMPLE/0000232.png,origin_clean,clean,0,1,0,0.7726693749427795,7.718052387237549,-6.945383071899414,0.0009359819814562798,0.9718718528747559
233,233,EXTERNAL_SAMPLE/0000233.png,origin_clean,clean,0,1,0,0.7814518213272095,10.336320877075195,-9.554868698120117,7.080884097376838e-05,0.9993422627449036
234,234,EXTERNAL_SAMPLE/0000234.png,origin_clean,clean,0,1,0,1.7287352085113525,4.286736965179443,-2.558001756668091,0.04863592982292175,0.6278895139694214
235,235,EXTERNAL_SAMPLE/0000235.png,origin_clean,clean,0,1,0,3.089477062225342,7.6841139793396,-4.594636917114258,0.009873277507722378,0.976982593536377
236,236,EXTERNAL_SAMPLE/0000236.png,origin_clean,clean,0,1,0,0.5068634748458862,3.511918544769287,-3.0050549507141113,0.020863022655248642,0.42116865515708923
237,237,EXTERNAL_SAMPLE/0000237.png,origin_clean,clean,0,1,0,0.13356363773345947,14.789785385131836,-14.656221389770508,4.31397978672976e-07,0.9999865293502808
238,238,EXTERNAL_SAMPLE/0000238.png,origin_clean,clean,0,1,0,0.7956668734550476,5.360642910003662,-4.564976215362549,0.008114904165267944,0.7795201539993286
239,239,EXTERNAL_SAMPLE/0000239.png,origin_clean,clean,0,1,0,0.7290880680084229,4.842286109924316,-4.113198280334473,0.009186500683426857,0.5616806149482727
240,240,EXTERNAL_SAMPLE/0000240.png,origin_clean,clean,0,1,0,3.816384792327881,8.896933555603027,-5.0805487632751465,0.006134359631687403,0.9867871999740601
241,241,EXTERNAL_SAMPLE/0000241.png,origin_clean,clean,0,1,0,1.132413625717163,5.851627349853516,-4.719213485717773,0.006560899782925844,0.7353460788726807
242,242,EXTERNAL_SAMPLE/0000242.png,origin_clean,clean,0,1,0,0.5174629092216492,12.083548545837402,-11.566085815429688,9.48069919104455e-06,0.999833345413208
243,243,EXTERNAL_SAMPLE/0000243.png,origin_clean,clean,0,1,0,1.291701316833496,9.635017395019531,-8.343316078186035,0.0002376193442614749,0.9984766840934753
244,244,EXTERNAL_SAMPLE/0000244.png,origin_clean,clean,0,1,0,2.2056005001068115,9.217756271362305,-7.012155532836914,0.0008980291313491762,0.996852457523346
245,245,EXTERNAL_SAMPLE/0000245.png,origin_clean,clean,0,1,1,9.712054252624512,-0.48685958981513977,10.19891357421875,0.9983649849891663,3.714987906278111e-05
246,246,EXTERNAL_SAMPLE/0000246.png,origin_clean,clean,0,1,0,0.3254701495170593,6.831909656524658,-6.506439685821533,0.0013301176950335503,0.8904322981834412
247,247,EXTERNAL_SAMPLE/0000247.png,origin_clean,clean,0,1,0,1.431946873664856,9.906514167785645,-8.474567413330078,0.000208282406674698,0.9979537725448608
248,248,EXTERNAL_SAMPLE/0000248.png,origin_clean,clean,0,1,0,1.0021388530731201,12.7462158203125,-11.7440767288208,7.933388587844092e-06,0.9996464252471924
249,249,EXTERNAL_SAMPLE/0000249.png,origin_clean,clean,0,1,0,1.4686737060546875,7.935087203979492,-6.466413497924805,0.0013874187134206295,0.8923500180244446
250,250,EXTERNAL_SAMPLE/0000250.png,origin_clean,clean,0,1,0,2.675757646560669,4.585432052612305,-1.9096744060516357,0.0680217370390892,0.4592072665691376
251,251,EXTERNAL_SAMPLE/0000251.png,origin_clean,clean,0,1,9,1.125706434249878,1.3192505836486816,-0.1935441493988037,0.009042423218488693,0.01097337156534195
252,252,EXTERNAL_SAMPLE/0000252.png,origin_clean,clean,0,1,0,1.5731115341186523,6.370022296905518,-4.796910762786865,0.006742377299815416,0.8167421221733093
253,253,EXTERNAL_SAMPLE/0000253.png,origin_clean,clean,0,1,0,1.3643206357955933,14.75503921508789,-13.390718460083008,1.5292505395336775e-06,0.9999855756759644
254,254,EXTERNAL_SAMPLE/0000254.png,origin_clean,clean,0,1,0,2.10943341255188,6.395914554595947,-4.286480903625488,0.012831169180572033,0.9329561591148376
255,255,EXTERNAL_SAMPLE/0000255.png,origin_clean,clean,0,1,0,0.9223667979240417,9.572271347045898,-8.649904251098633,0.0001747194182826206,0.997577965259552
256,256,EXTERNAL_SAMPLE/0000256.png,origin_clean,clean,0,1,0,1.840059518814087,4.462069511413574,-2.6220099925994873,0.03915789723396301,0.5389442443847656
257,257,EXTERNAL_SAMPLE/0000257.png,origin_clean,clean,0,1,0,1.5948162078857422,4.29102897644043,-2.6962127685546875,0.047709301114082336,0.7072181105613708
258,258,EXTERNAL_SAMPLE/0000258.png,origin_clean,clean,0,1,0,3.03102445602417,7.001428127288818,-3.9704036712646484,0.017702866345643997,0.9383567571640015
259,259,EXTERNAL_SAMPLE/0000259.png,origin_clean,clean,0,1,0,4.430435657501221,5.133376121520996,-0.7029404640197754,0.27682408690452576,0.5590968132019043
260,260,EXTERNAL_SAMPLE/0000260.png,origin_clean,clean,0,1,0,1.2943402528762817,2.9630589485168457,-1.668718695640564,0.056182365864515305,0.29806798696517944
261,261,EXTERNAL_SAMPLE/0000261.png,origin_clean,clean,0,1,0,1.8083899021148682,6.315724849700928,-4.5073347091674805,0.010444550774991512,0.9471098780632019
262,262,EXTERNAL_SAMPLE/0000262.png,origin_clean,clean,0,1,0,0.11501633375883102,11.594545364379883,-11.47952938079834,1.0337195817555767e-05,0.9997674822807312
263,263,EXTERNAL_SAMPLE/0000263.png,origin_clean,clean,0,1,0,3.3652830123901367,13.17119026184082,-9.805907249450684,5.511563358595595e-05,0.9998301267623901
264,264,EXTERNAL_SAMPLE/0000264.png,origin_clean,clean,0,1,0,2.5415427684783936,11.74594497680664,-9.204401969909668,0.00010056751489173621,0.9997207522392273
265,265,EXTERNAL_SAMPLE/0000265.png,origin_clean,clean,0,1,0,1.161909580230713,8.775755882263184,-7.613846302032471,0.0004898380138911307,0.9924391508102417
266,266,EXTERNAL_SAMPLE/0000266.png,origin_clean,clean,0,1,0,2.82773494720459,11.046266555786133,-8.218531608581543,0.0002693493734113872,0.9990308284759521
267,267,EXTERNAL_SAMPLE/0000267.png,origin_clean,clean,0,1,0,-1.4495207071304321,18.051774978637695,-19.50129508972168,3.393866965240022e-09,0.9999991655349731
268,268,EXTERNAL_SAMPLE/0000268.png,origin_clean,clean,0,1,0,1.0447697639465332,6.608795642852783,-5.56402587890625,0.003557758405804634,0.9281158447265625
269,269,EXTERNAL_SAMPLE/0000269.png,origin_clean,clean,0,1,3,0.6404217481613159,3.0289859771728516,-2.388564109802246,0.016787448897957802,0.1829468458890915
270,270,EXTERNAL_SAMPLE/0000270.png,origin_clean,clean,0,1,0,0.06498701125383377,11.948835372924805,-11.883848190307617,6.895704700582428e-06,0.9992365837097168
271,271,EXTERNAL_SAMPLE/0000271.png,origin_clean,clean,0,1,0,0.4088659882545471,13.874374389648438,-13.465508460998535,1.419021259607689e-06,0.9999651908874512
272,272,EXTERNAL_SAMPLE/0000272.png,origin_clean,clean,0,1,0,3.1762070655822754,8.580804824829102,-5.404597759246826,0.0044494327157735825,0.9896727800369263
273,273,EXTERNAL_SAMPLE/0000273.png,origin_clean,clean,0,1,0,0.11557092517614365,11.663487434387207,-11.547916412353516,9.654160749050789e-06,0.9997949004173279
274,274,EXTERNAL_SAMPLE/0000274.png,origin_clean,clean,0,1,3,1.431206464767456,4.4940361976623535,-3.0628297328948975,0.017628759145736694,0.37704384326934814
275,275,EXTERNAL_SAMPLE/0000275.png,origin_clean,clean,0,1,0,0.8103281259536743,8.321839332580566,-7.511511325836182,0.0005407280987128615,0.9889785647392273
276,276,EXTERNAL_SAMPLE/0000276.png,origin_clean,clean,0,1,0,1.7722703218460083,7.476768493652344,-5.704498291015625,0.003020157339051366,0.9066959619522095
277,277,EXTERNAL_SAMPLE/0000277.png,origin_clean,clean,0,1,0,1.1326992511749268,4.202301502227783,-3.0696022510528564,0.028610549867153168,0.6160805225372314
278,278,EXTERNAL_SAMPLE/0000278.png,origin_clean,clean,0,1,0,0.18258880078792572,8.954670906066895,-8.772082328796387,0.00015419512055814266,0.9948040843009949
279,279,EXTERNAL_SAMPLE/0000279.png,origin_clean,clean,0,1,0,1.157865285873413,4.875510215759277,-3.7176449298858643,0.016231121495366096,0.6681919097900391
280,280,EXTERNAL_SAMPLE/0000280.png,origin_clean,clean,0,1,0,1.6560592651367188,4.570818901062012,-2.914759635925293,0.038289595395326614,0.7062278389930725
281,281,EXTERNAL_SAMPLE/0000281.png,origin_clean,clean,0,1,0,0.855012834072113,14.92225170135498,-14.067238807678223,7.774489176881616e-07,0.9999909400939941
282,282,EXTERNAL_SAMPLE/0000282.png,origin_clean,clean,0,1,0,1.8984014987945557,9.056073188781738,-7.157671928405762,0.0007341525051742792,0.9425919055938721
283,283,EXTERNAL_SAMPLE/0000283.png,origin_clean,clean,0,1,0,1.6620230674743652,12.967720985412598,-11.30569839477539,1.230144152941648e-05,0.9999042749404907
284,284,EXTERNAL_SAMPLE/0000284.png,origin_clean,clean,0,1,1,5.84365177154541,5.009786605834961,0.8338651657104492,0.664848804473877,0.28878846764564514
285,285,EXTERNAL_SAMPLE/0000285.png,origin_clean,clean,0,1,0,3.1015172004699707,6.905628204345703,-3.8041110038757324,0.02119278721511364,0.9512451887130737
286,286,EXTERNAL_SAMPLE/0000286.png,origin_clean,clean,0,1,0,0.09741874784231186,9.312686920166016,-9.2152681350708,9.932405373547226e-05,0.9981470108032227
287,287,EXTERNAL_SAMPLE/0000287.png,origin_clean,clean,0,1,0,0.9348326325416565,19.770740509033203,-18.835906982421875,6.601909241510384e-09,1.0
288,288,EXTERNAL_SAMPLE/0000288.png,origin_clean,clean,0,1,0,0.6705247759819031,4.205477714538574,-3.5349528789520264,0.01856728456914425,0.6367353200912476
289,289,EXTERNAL_SAMPLE/0000289.png,origin_clean,clean,0,1,0,1.7593812942504883,19.87775421142578,-18.11837387084961,1.35297613113039e-08,0.9999998807907104
290,290,EXTERNAL_SAMPLE/0000290.png,origin_clean,clean,0,1,0,0.6814956068992615,10.383584022521973,-9.702088356018066,6.105858483351767e-05,0.9984128475189209
291,291,EXTERNAL_SAMPLE/0000291.png,origin_clean,clean,0,1,0,0.18166252970695496,10.938830375671387,-10.75716781616211,2.1283573005348444e-05,0.9995929598808289
292,292,EXTERNAL_SAMPLE/0000292.png,origin_clean,clean,0,1,0,1.7114439010620117,7.831136226654053,-6.119692325592041,0.0021731259766966105,0.9881742000579834
293,293,EXTERNAL_SAMPLE/0000293.png,origin_clean,clean,0,1,0,0.8489055037498474,3.756304979324341,-2.9073994159698486,0.022724652662873268,0.416068434715271
294,294,EXTERNAL_SAMPLE/0000294.png,origin_clean,clean,0,1,0,2.069981813430786,8.03446102142334,-5.964479446411133,0.0025237908121198416,0.9826385974884033
295,295,EXTERNAL_SAMPLE/0000295.png,origin_clean,clean,0,1,0,1.890763521194458,6.42405891418457,-4.533295631408691,0.009850814938545227,0.9167638421058655
296,296,EXTERNAL_SAMPLE/0000296.png,origin_clean,clean,0,1,0,1.5500404834747314,20.70647621154785,-19.156435012817383,4.791439245366291e-09,1.0
297,297,EXTERNAL_SAMPLE/0000297.png,origin_clean,clean,0,1,0,-0.4591277837753296,5.634427547454834,-6.093555450439453,0.00107966351788491,0.4782840609550476
298,298,EXTERNAL_SAMPLE/0000298.png,origin_clean,clean,0,1,0,1.2910832166671753,10.930816650390625,-9.63973331451416,6.504502380266786e-05,0.9993027448654175
299,299,EXTERNAL_SAMPLE/0000299.png,origin_clean,clean,0,1,0,1.9324684143066406,8.788351058959961,-6.85588264465332,0.0010422772029414773,0.9895898699760437
300,300,EXTERNAL_SAMPLE/0000300.png,origin_clean,clean,0,1,1,6.577500820159912,3.7953033447265625,2.7821974754333496,0.7639510035514832,0.047290343791246414
301,301,EXTERNAL_SAMPLE/0000301.png,origin_clean,clean,0,1,0,1.1648954153060913,10.635697364807129,-9.470802307128906,7.700195419602096e-05,0.9991229176521301
302,302,EXTERNAL_SAMPLE/0000302.png,origin_clean,clean,0,1,0,5.429124355316162,6.064756393432617,-0.6356320381164551,0.3366873562335968,0.6357382535934448
303,303,EXTERNAL_SAMPLE/0000303.png,origin_clean,clean,0,1,0,0.7934554219245911,8.491464614868164,-7.698009014129639,0.0004500535724218935,0.9918980598449707
304,304,EXTERNAL_SAMPLE/0000304.png,origin_clean,clean,0,1,0,1.4010510444641113,10.273584365844727,-8.872533798217773,0.00013994061737321317,0.998242974281311
305,305,EXTERNAL_SAMPLE/0000305.png,origin_clean,clean,0,1,0,1.3653295040130615,3.692440986633301,-2.3271114826202393,0.03954744338989258,0.40529391169548035
306,306,EXTERNAL_SAMPLE/0000306.png,origin_clean,clean,0,1,0,1.4131802320480347,6.821108341217041,-5.407927989959717,0.004253699444234371,0.9492926001548767
307,307,EXTERNAL_SAMPLE/0000307.png,origin_clean,clean,0,1,0,0.2344091832637787,12.337788581848145,-12.103379249572754,5.540138772630598e-06,0.9998881816864014
308,308,EXTERNAL_SAMPLE/0000308.png,origin_clean,clean,0,1,0,1.5228151082992554,12.276566505432129,-10.753751754760742,2.1362886400311254e-05,0.9998964071273804
309,309,EXTERNAL_SAMPLE/0000309.png,origin_clean,clean,0,1,0,2.5076944828033447,7.013418197631836,-4.50572395324707,0.010608946904540062,0.9604689478874207
310,310,EXTERNAL_SAMPLE/0000310.png,origin_clean,clean,0,1,0,1.2219016551971436,9.156566619873047,-7.934664726257324,0.00035531006869859993,0.9921757578849792
311,311,EXTERNAL_SAMPLE/0000311.png,origin_clean,clean,0,1,0,1.1722774505615234,11.886516571044922,-10.714239120483398,2.221917748101987e-05,0.9996843338012695
312,312,EXTERNAL_SAMPLE/0000312.png,origin_clean,clean,0,1,0,1.301659107208252,5.127462387084961,-3.825803279876709,0.013729851692914963,0.6297832727432251
313,313,EXTERNAL_SAMPLE/0000313.png,origin_clean,clean,0,1,0,3.5383057594299316,14.637617111206055,-11.099311828613281,1.5122414879442658e-05,0.9999793767929077
314,314,EXTERNAL_SAMPLE/0000314.png,origin_clean,clean,0,1,3,4.272942066192627,4.127115726470947,0.1458263397216797,0.1780267208814621,0.1538698822259903
315,315,EXTERNAL_SAMPLE/0000315.png,origin_clean,clean,0,1,0,2.023808479309082,9.017145156860352,-6.9933366775512695,0.0009110551327466965,0.9924581050872803
316,316,EXTERNAL_SAMPLE/0000316.png,origin_clean,clean,0,1,0,-0.16038778424263,10.9653959274292,-11.125783920288086,1.4710912182636093e-05,0.9988635778427124
317,317,EXTERNAL_SAMPLE/0000317.png,origin_clean,clean,0,1,0,3.323681116104126,7.433896064758301,-4.110215187072754,0.015870416536927223,0.9674580097198486
318,318,EXTERNAL_SAMPLE/0000318.png,origin_clean,clean,0,1,0,-0.19389790296554565,9.76559829711914,-9.95949649810791,4.716628973255865e-05,0.9976680874824524
319,319,EXTERNAL_SAMPLE/0000319.png,origin_clean,clean,0,1,0,0.9528588056564331,9.584309577941895,-8.631450653076172,0.00017762788047548383,0.9956403970718384
320,320,EXTERNAL_SAMPLE/0000320.png,origin_clean,clean,0,1,8,1.4505925178527832,2.4316935539245605,-0.9811010360717773,0.06106724217534065,0.1628902405500412
321,321,EXTERNAL_SAMPLE/0000321.png,origin_clean,clean,0,1,0,1.3239061832427979,15.346875190734863,-14.022969245910645,8.126433499455743e-07,0.9999957084655762
322,322,EXTERNAL_SAMPLE/0000322.png,origin_clean,clean,0,1,1,4.049963474273682,3.6583454608917236,0.391618013381958,0.41658180952072144,0.28159359097480774
323,323,EXTERNAL_SAMPLE/0000323.png,origin_clean,clean,0,1,0,1.8011103868484497,14.384102821350098,-12.582992553710938,3.4297877391509246e-06,0.9999803304672241
324,324,EXTERNAL_SAMPLE/0000324.png,origin_clean,clean,0,1,0,0.5418803095817566,19.675804138183594,-19.13392448425293,4.900519545714133e-09,0.9999998807907104
325,325,EXTERNAL_SAMPLE/0000325.png,origin_clean,clean,0,1,0,1.4544873237609863,11.573729515075684,-10.119241714477539,4.028659895993769e-05,0.9997500777244568
326,326,EXTERNAL_SAMPLE/0000326.png,origin_clean,clean,0,1,0,1.2617301940917969,8.710365295410156,-7.448635101318359,0.0005788906710222363,0.9942547678947449
327,327,EXTERNAL_SAMPLE/0000327.png,origin_clean,clean,0,1,0,1.9107327461242676,5.987297534942627,-4.076564788818359,0.011199535802006721,0.6601302027702332
328,328,EXTERNAL_SAMPLE/0000328.png,origin_clean,clean,0,1,0,0.4042309522628784,4.889345645904541,-4.485114574432373,0.006266198121011257,0.5557309985160828
329,329,EXTERNAL_SAMPLE/0000329.png,origin_clean,clean,0,1,0,1.117243766784668,11.763296127319336,-10.646052360534668,2.378922545176465e-05,0.9997746348381042
330,330,EXTERNAL_SAMPLE/0000330.png,origin_clean,clean,0,1,0,0.08072351664304733,12.338290214538574,-12.257566452026367,4.74858552479418e-06,0.9999027252197266
331,331,EXTERNAL_SAMPLE/0000331.png,origin_clean,clean,0,1,0,1.9188182353973389,8.450672149658203,-6.531853675842285,0.001416219281964004,0.9724751114845276
332,332,EXTERNAL_SAMPLE/0000332.png,origin_clean,clean,0,1,0,1.822589635848999,4.845489501953125,-3.022899866104126,0.03513630852103233,0.7220792174339294
333,333,EXTERNAL_SAMPLE/0000333.png,origin_clean,clean,0,1,0,2.6591105461120605,11.650178909301758,-8.991067886352539,0.0001244707964360714,0.9996284246444702
334,334,EXTERNAL_SAMPLE/0000334.png,origin_clean,clean,0,1,0,-0.2743665277957916,15.030437469482422,-15.304803848266602,2.255305560083798e-07,0.9999936819076538
335,335,EXTERNAL_SAMPLE/0000335.png,origin_clean,clean,0,1,0,2.0269672870635986,11.609711647033691,-9.582744598388672,6.88895452185534e-05,0.9997383952140808
336,336,EXTERNAL_SAMPLE/0000336.png,origin_clean,clean,0,1,0,1.918426513671875,11.807531356811523,-9.889104843139648,5.071549821877852e-05,0.9998258948326111
337,337,EXTERNAL_SAMPLE/0000337.png,origin_clean,clean,0,1,3,1.6858725547790527,4.044780731201172,-2.358908176422119,0.035947285592556,0.38030052185058594
338,338,EXTERNAL_SAMPLE/0000338.png,origin_clean,clean,0,1,0,2.47983980178833,8.485980987548828,-6.006141185760498,0.0024386756122112274,0.9898924827575684
339,339,EXTERNAL_SAMPLE/0000339.png,origin_clean,clean,0,1,0,3.1604909896850586,15.7124662399292,-12.55197525024414,3.5378866414248478e-06,0.9999942779541016
340,340,EXTERNAL_SAMPLE/0000340.png,origin_clean,clean,0,1,8,0.41326627135276794,1.2147536277770996,-0.8014873266220093,0.028377840295433998,0.06325005739927292
341,341,EXTERNAL_SAMPLE/0000341.png,origin_clean,clean,0,1,0,3.1861956119537354,14.00051212310791,-10.814316749572754,2.0108702301513404e-05,0.999958872795105
342,342,EXTERNAL_SAMPLE/0000342.png,origin_clean,clean,0,1,3,1.2152068614959717,2.467613935470581,-1.2524070739746094,0.01072696689516306,0.03753103315830231
343,343,EXTERNAL_SAMPLE/0000343.png,origin_clean,clean,0,1,0,3.352332353591919,10.756664276123047,-7.404332160949707,0.0006079540471546352,0.9989216327667236
344,344,EXTERNAL_SAMPLE/0000344.png,origin_clean,clean,0,1,0,2.5392212867736816,9.979314804077148,-7.440093517303467,0.0005863308906555176,0.9984684586524963
345,345,EXTERNAL_SAMPLE/0000345.png,origin_clean,clean,0,1,0,2.201521873474121,12.443385124206543,-10.241863250732422,3.564239159459248e-05,0.9998884201049805
346,346,EXTERNAL_SAMPLE/0000346.png,origin_clean,clean,0,1,0,1.470202088356018,3.1666738986968994,-1.6964718103408813,0.0655551478266716,0.35758158564567566
347,347,EXTERNAL_SAMPLE/0000347.png,origin_clean,clean,0,1,0,3.263314723968506,11.46338176727295,-8.200067520141602,0.0002742013311944902,0.9984209537506104
348,348,EXTERNAL_SAMPLE/0000348.png,origin_clean,clean,0,1,0,0.8289017081260681,13.531999588012695,-12.70309829711914,3.0415947094297735e-06,0.9999697208404541
349,349,EXTERNAL_SAMPLE/0000349.png,origin_clean,clean,0,1,0,3.0143396854400635,15.808470726013184,-12.7941312789917,2.7770045107899932e-06,0.9999935626983643
350,350,EXTERNAL_SAMPLE/0000350.png,origin_clean,clean,0,1,0,4.635763645172119,7.7258148193359375,-3.0900511741638184,0.04305132478475571,0.9461907148361206
351,351,EXTERNAL_SAMPLE/0000351.png,origin_clean,clean,0,1,0,0.6769065260887146,3.599848508834839,-2.9229419231414795,0.016452698037028313,0.30595293641090393
352,352,EXTERNAL_SAMPLE/0000352.png,origin_clean,clean,0,1,0,1.1296319961547852,10.481573104858398,-9.351941108703613,8.668852387927473e-05,0.9987528324127197
353,353,EXTERNAL_SAMPLE/0000353.png,origin_clean,clean,0,1,0,2.4207801818847656,10.902941703796387,-8.482161521911621,0.00020702880283351988,0.9995089769363403
354,354,EXTERNAL_SAMPLE/0000354.png,origin_clean,clean,0,1,0,1.4958173036575317,8.820820808410645,-7.325003623962402,0.000655025418382138,0.9941839575767517
355,355,EXTERNAL_SAMPLE/0000355.png,origin_clean,clean,0,1,0,0.3835347294807434,15.332160949707031,-14.948626518249512,3.220254427560576e-07,0.9999912977218628
356,356,EXTERNAL_SAMPLE/0000356.png,origin_clean,clean,0,1,0,3.540588140487671,15.367464065551758,-11.826875686645508,7.305472990992712e-06,0.9999889135360718
357,357,EXTERNAL_SAMPLE/0000357.png,origin_clean,clean,0,1,0,1.4841020107269287,18.44577407836914,-16.961671829223633,4.301693223851544e-08,0.9999997615814209
358,358,EXTERNAL_SAMPLE/0000358.png,origin_clean,clean,0,1,0,2.288205146789551,7.271484851837158,-4.983279705047607,0.006574088707566261,0.9595032930374146
359,359,EXTERNAL_SAMPLE/0000359.png,origin_clean,clean,0,1,0,2.6066012382507324,5.082785129547119,-2.4761838912963867,0.04558014124631882,0.5422114133834839
360,360,EXTERNAL_SAMPLE/0000360.png,origin_clean,clean,0,1,0,0.6265072226524353,5.912327766418457,-5.285820484161377,0.003152633784338832,0.6226961612701416
361,361,EXTERNAL_SAMPLE/0000361.png,origin_clean,clean,0,1,0,1.4402306079864502,11.045536041259766,-9.605305671691895,6.734689668519422e-05,0.9996520280838013
362,362,EXTERNAL_SAMPLE/0000362.png,origin_clean,clean,0,1,0,1.8146395683288574,4.8301568031311035,-3.015517234802246,0.023309024050831795,0.47549566626548767
363,363,EXTERNAL_SAMPLE/0000363.png,origin_clean,clean,0,1,0,1.9371544122695923,6.69160795211792,-4.754453659057617,0.007752543780952692,0.900071918964386
364,364,EXTERNAL_SAMPLE/0000364.png,origin_clean,clean,0,1,0,4.7121686935424805,5.472557067871094,-0.7603883743286133,0.2915758788585663,0.6237120032310486
365,365,EXTERNAL_SAMPLE/0000365.png,origin_clean,clean,0,1,0,1.6060079336166382,7.223807334899902,-5.617799282073975,0.003527281107380986,0.9710002541542053
366,366,EXTERNAL_SAMPLE/0000366.png,origin_clean,clean,0,1,0,2.232773780822754,12.334820747375488,-10.102046966552734,4.09888853027951e-05,0.9998372793197632
367,367,EXTERNAL_SAMPLE/0000367.png,origin_clean,clean,0,1,0,2.2609565258026123,6.464166164398193,-4.20320987701416,0.013365182094275951,0.8941404223442078
368,368,EXTERNAL_SAMPLE/0000368.png,origin_clean,clean,0,1,0,2.4818389415740967,9.219223976135254,-6.737384796142578,0.001180361956357956,0.9954609274864197
369,369,EXTERNAL_SAMPLE/0000369.png,origin_clean,clean,0,1,1,5.366642951965332,4.256965637207031,1.1096773147583008,0.6092402338981628,0.2008453756570816
370,370,EXTERNAL_SAMPLE/0000370.png,origin_clean,clean,0,1,0,4.655094146728516,7.995951175689697,-3.3408570289611816,0.03374927118420601,0.9531915783882141
371,371,EXTERNAL_SAMPLE/0000371.png,origin_clean,clean,0,1,0,2.0029194355010986,10.920707702636719,-8.9177885055542,0.00013391773973125964,0.9995038509368896
372,372,EXTERNAL_SAMPLE/0000372.png,origin_clean,clean,0,1,0,1.379706859588623,9.708381652832031,-8.32867431640625,0.0002408782165730372,0.9974585175514221
373,373,EXTERNAL_SAMPLE/0000373.png,origin_clean,clean,0,1,3,1.9701628684997559,4.069037914276123,-2.098875045776367,0.0025173649191856384,0.02053411677479744
374,374,EXTERNAL_SAMPLE/0000374.png,origin_clean,clean,0,1,0,1.6407103538513184,9.90611457824707,-8.265403747558594,0.0002569493663031608,0.9987730383872986
375,375,EXTERNAL_SAMPLE/0000375.png,origin_clean,clean,0,1,0,1.6945717334747314,5.4511823654174805,-3.756610631942749,0.02059771679341793,0.8816462159156799
376,376,EXTERNAL_SAMPLE/0000376.png,origin_clean,clean,0,1,0,-0.35550975799560547,10.656576156616211,-11.012085914611816,1.613242602616083e-05,0.9776599407196045
377,377,EXTERNAL_SAMPLE/0000377.png,origin_clean,clean,0,1,0,1.9104838371276855,9.747003555297852,-7.836519718170166,0.00039384744013659656,0.9969773292541504
378,378,EXTERNAL_SAMPLE/0000378.png,origin_clean,clean,0,1,0,0.5383684635162354,10.949370384216309,-10.411002159118652,3.0075063477852382e-05,0.999188244342804
379,379,EXTERNAL_SAMPLE/0000379.png,origin_clean,clean,0,1,0,4.297089099884033,7.096179008483887,-2.7990899085998535,0.056506574153900146,0.9283853769302368
380,380,EXTERNAL_SAMPLE/0000380.png,origin_clean,clean,0,1,0,3.199798345565796,11.53529167175293,-8.335493087768555,0.00023970784968696535,0.9994035959243774
381,381,EXTERNAL_SAMPLE/0000381.png,origin_clean,clean,0,1,0,1.9762330055236816,12.303893089294434,-10.327659606933594,3.2711552194086835e-05,0.9998773336410522
382,382,EXTERNAL_SAMPLE/0000382.png,origin_clean,clean,0,1,0,1.028388500213623,6.384749889373779,-5.356361389160156,0.004449019208550453,0.9429800510406494
383,383,EXTERNAL_SAMPLE/0000383.png,origin_clean,clean,0,1,0,1.8947131633758545,6.927692890167236,-5.032979965209961,0.006071729119867086,0.9313390254974365
384,384,EXTERNAL_SAMPLE/0000384.png,origin_clean,clean,0,1,0,0.45575326681137085,14.67861557006836,-14.222862243652344,6.653872333117761e-07,0.9999656677246094
385,385,EXTERNAL_SAMPLE/0000385.png,origin_clean,clean,0,1,0,3.797391891479492,12.923050880432129,-9.125658988952637,0.00010882109927479178,0.9998536109924316
386,386,EXTERNAL_SAMPLE/0000386.png,origin_clean,clean,0,1,0,1.5277405977249146,10.95517635345459,-9.427435874938965,8.031931065488607e-05,0.9979375600814819
387,387,EXTERNAL_SAMPLE/0000387.png,origin_clean,clean,1,1,1,15.906537055969238,15.906537055969238,0.0,0.9999947547912598,0.9999947547912598
388,388,EXTERNAL_SAMPLE/0000388.png,origin_clean,clean,1,1,1,9.809334754943848,9.809334754943848,0.0,0.9981695413589478,0.9981695413589478
389,389,EXTERNAL_SAMPLE/0000389.png,origin_clean,clean,1,1,1,9.481858253479004,9.481858253479004,0.0,0.9980860948562622,0.9980860948562622
390,390,EXTERNAL_SAMPLE/0000390.png,origin_clean,clean,1,1,1,8.280969619750977,8.280969619750977,0.0,0.9919330477714539,0.9919330477714539
391,391,EXTERNAL_SAMPLE/0000391.png,origin_clean,clean,1,1,1,9.326958656311035,9.326958656311035,0.0,0.9939509630203247,0.9939509630203247
392,392,EXTERNAL_SAMPLE/0000392.png,origin_clean,clean,1,1,1,12.480364799499512,12.480364799499512,0.0,0.9999358654022217,0.9999358654022217
393,393,EXTERNAL_SAMPLE/0000393.png,origin_clean,clean,1,1,1,7.294151306152344,7.294151306152344,0.0,0.979607105255127,0.979607105255127
394,394,EXTERNAL_SAMPLE/0000394.png,origin_clean,clean,1,1,9,1.6598857641220093,1.6598857641220093,0.0,0.07798249274492264,0.07798249274492264
395,395,EXTERNAL_SAMPLE/0000395.png,origin_clean,clean,1,1,1,6.452061653137207,6.452061653137207,0.0,0.9131754040718079,0.9131754040718079
396,396,EXTERNAL_SAMPLE/0000396.png,origin_clean,clean,1,1,1,16.994558334350586,16.994558334350586,0.0,0.999998927116394,0.999998927116394
397,397,EXTERNAL_SAMPLE/0000397.png,origin_clean,clean,1,1,1,3.700077533721924,3.700077533721924,0.0,0.49928659200668335,0.49928659200668335
398,398,EXTERNAL_SAMPLE/0000398.png,origin_clean,clean,1,1,1,6.62473201751709,6.62473201751709,0.0,0.8468632102012634,0.8468632102012634
399,399,EXTERNAL_SAMPLE/0000399.png,origin_clean,clean,1,1,1,18.717897415161133,18.717897415161133,0.0,1.0,1.0
400,400,EXTERNAL_SAMPLE/0000400.png,origin_clean,clean,1,1,1,14.163938522338867,14.163938522338867,0.0,0.9999433755874634,0.9999433755874634
401,401,EXTERNAL_SAMPLE/0000401.png,origin_clean,clean,1,1,1,12.684101104736328,12.684101104736328,0.0,0.9998517036437988,0.9998517036437988
402,402,EXTERNAL_SAMPLE/0000402.png,origin_clean,clean,1,1,1,11.106022834777832,11.106022834777832,0.0,0.999729335308075,0.999729335308075
403,403,EXTERNAL_SAMPLE/0000403.png,origin_clean,clean,1,1,1,7.804165840148926,7.804165840148926,0.0,0.9910535216331482,0.9910535216331482
404,404,EXTERNAL_SAMPLE/0000404.png,origin_clean,clean,1,1,1,14.066262245178223,14.066262245178223,0.0,0.9999674558639526,0.9999674558639526
405,405,EXTERNAL_SAMPLE/0000405.png,origin_clean,clean,1,1,0,0.29782989621162415,0.29782989621162415,0.0,0.008233043365180492,0.008233043365180492
406,406,EXTERNAL_SAMPLE/0000406.png,origin_clean,clean,1,1,1,3.4462966918945312,3.4462966918945312,0.0,0.39804941415786743,0.39804941415786743
407,407,EXTERNAL_SAMPLE/0000407.png,origin_clean,clean,1,1,1,10.070302963256836,10.070302963256836,0.0,0.9958387613296509,0.9958387613296509
408,408,EXTERNAL_SAMPLE/0000408.png,origin_clean,clean,1,1,1,11.571443557739258,11.571443557739258,0.0,0.9996930360794067,0.9996930360794067
409,409,EXTERNAL_SAMPLE/0000409.png,origin_clean,clean,1,1,1,13.717711448669434,13.717711448669434,0.0,0.9999599456787109,0.9999599456787109
410,410,EXTERNAL_SAMPLE/0000410.png,origin_clean,clean,1,1,1,5.004446983337402,5.004446983337402,0.0,0.5819740295410156,0.5819740295410156
411,411,EXTERNAL_SAMPLE/0000411.png,origin_clean,clean,1,1,1,6.480705738067627,6.480705738067627,0.0,0.93768709897995,0.93768709897995
412,412,EXTERNAL_SAMPLE/0000412.png,origin_clean,clean,1,1,1,8.85479736328125,8.85479736328125,0.0,0.9918662905693054,0.9918662905693054
413,413,EXTERNAL_SAMPLE/0000413.png,origin_clean,clean,1,1,1,10.184635162353516,10.184635162353516,0.0,0.9990811347961426,0.9990811347961426
414,414,EXTERNAL_SAMPLE/0000414.png,origin_clean,clean,1,1,1,7.577774524688721,7.577774524688721,0.0,0.9854806065559387,0.9854806065559387
415,415,EXTERNAL_SAMPLE/0000415.png,origin_clean,clean,1,1,1,11.819379806518555,11.819379806518555,0.0,0.9995970129966736,0.9995970129966736
416,416,EXTERNAL_SAMPLE/0000416.png,origin_clean,clean,1,1,8,3.8707122802734375,3.8707122802734375,0.0,0.12972313165664673,0.12972313165664673
417,417,EXTERNAL_SAMPLE/0000417.png,origin_clean,clean,1,1,1,3.66109561920166,3.66109561920166,0.0,0.38280072808265686,0.38280072808265686
418,418,EXTERNAL_SAMPLE/0000418.png,origin_clean,clean,1,1,1,5.15076208114624,5.15076208114624,0.0,0.7180272340774536,0.7180272340774536
419,419,EXTERNAL_SAMPLE/0000419.png,origin_clean,clean,1,1,1,13.283729553222656,13.283729553222656,0.0,0.9998767375946045,0.9998767375946045
420,420,EXTERNAL_SAMPLE/0000420.png,origin_clean,clean,1,1,1,10.936920166015625,10.936920166015625,0.0,0.9992638230323792,0.9992638230323792
421,421,EXTERNAL_SAMPLE/0000421.png,origin_clean,clean,1,1,1,8.807988166809082,8.807988166809082,0.0,0.9879531264305115,0.9879531264305115
422,422,EXTERNAL_SAMPLE/0000422.png,origin_clean,clean,1,1,1,8.158742904663086,8.158742904663086,0.0,0.9799619913101196,0.9799619913101196
423,423,EXTERNAL_SAMPLE/0000423.png,origin_clean,clean,1,1,1,7.859181880950928,7.859181880950928,0.0,0.9896077513694763,0.9896077513694763
424,424,EXTERNAL_SAMPLE/0000424.png,origin_clean,clean,1,1,1,12.366908073425293,12.366908073425293,0.0,0.9995381832122803,0.9995381832122803
425,425,EXTERNAL_SAMPLE/0000425.png,origin_clean,clean,1,1,2,4.9070210456848145,4.9070210456848145,0.0,0.23883318901062012,0.23883318901062012
426,426,EXTERNAL_SAMPLE/0000426.png,origin_clean,clean,1,1,1,3.556732177734375,3.556732177734375,0.0,0.31973889470100403,0.31973889470100403
427,427,EXTERNAL_SAMPLE/0000427.png,origin_clean,clean,1,1,3,2.8541884422302246,2.8541884422302246,0.0,0.20996443927288055,0.20996443927288055
428,428,EXTERNAL_SAMPLE/0000428.png,origin_clean,clean,1,1,3,1.910750389099121,1.910750389099121,0.0,0.0277246106415987,0.0277246106415987
429,429,EXTERNAL_SAMPLE/0000429.png,origin_clean,clean,1,1,3,4.912854194641113,4.912854194641113,0.0,0.408875048160553,0.408875048160553
430,430,EXTERNAL_SAMPLE/0000430.png,origin_clean,clean,1,1,1,7.338461399078369,7.338461399078369,0.0,0.9602171778678894,0.9602171778678894
431,431,EXTERNAL_SAMPLE/0000431.png,origin_clean,clean,1,1,1,5.888095855712891,5.888095855712891,0.0,0.4504336714744568,0.4504336714744568
432,432,EXTERNAL_SAMPLE/0000432.png,origin_clean,clean,1,1,3,2.952629566192627,2.952629566192627,0.0,0.22540521621704102,0.22540521621704102
433,433,EXTERNAL_SAMPLE/0000433.png,origin_clean,clean,1,1,1,4.512741565704346,4.512741565704346,0.0,0.5757699608802795,0.5757699608802795
434,434,EXTERNAL_SAMPLE/0000434.png,origin_clean,clean,1,1,1,13.889405250549316,13.889405250549316,0.0,0.9999769926071167,0.9999769926071167
435,435,EXTERNAL_SAMPLE/0000435.png,origin_clean,clean,1,1,1,11.696227073669434,11.696227073669434,0.0,0.9997342228889465,0.9997342228889465
436,436,EXTERNAL_SAMPLE/0000436.png,origin_clean,clean,1,1,1,9.066682815551758,9.066682815551758,0.0,0.9938254356384277,0.9938254356384277
437,437,EXTERNAL_SAMPLE/0000437.png,origin_clean,clean,1,1,3,4.195303440093994,4.195303440093994,0.0,0.264997273683548,0.264997273683548
438,438,EXTERNAL_SAMPLE/0000438.png,origin_clean,clean,1,1,1,9.110663414001465,9.110663414001465,0.0,0.9818622469902039,0.9818622469902039
439,439,EXTERNAL_SAMPLE/0000439.png,origin_clean,clean,1,1,1,5.346299171447754,5.346299171447754,0.0,0.7655041217803955,0.7655041217803955
440,440,EXTERNAL_SAMPLE/0000440.png,origin_clean,clean,1,1,1,5.733076095581055,5.733076095581055,0.0,0.8654616475105286,0.8654616475105286
441,441,EXTERNAL_SAMPLE/0000441.png,origin_clean,clean,1,1,7,5.309250354766846,5.309250354766846,0.0,0.2134787142276764,0.2134787142276764
442,442,EXTERNAL_SAMPLE/0000442.png,origin_clean,clean,1,1,1,17.461427688598633,17.461427688598633,0.0,0.9999995231628418,0.9999995231628418
443,443,EXTERNAL_SAMPLE/0000443.png,origin_clean,clean,1,1,1,8.554276466369629,8.554276466369629,0.0,0.9845218062400818,0.9845218062400818
444,444,EXTERNAL_SAMPLE/0000444.png,origin_clean,clean,1,1,1,4.65277099609375,4.65277099609375,0.0,0.6706190705299377,0.6706190705299377
445,445,EXTERNAL_SAMPLE/0000445.png,origin_clean,clean,1,1,1,15.161829948425293,15.161829948425293,0.0,0.9999954700469971,0.9999954700469971
446,446,EXTERNAL_SAMPLE/0000446.png,origin_clean,clean,1,1,1,4.664657115936279,4.664657115936279,0.0,0.7933817505836487,0.7933817505836487
447,447,EXTERNAL_SAMPLE/0000447.png,origin_clean,clean,1,1,1,7.22255277633667,7.22255277633667,0.0,0.9787577986717224,0.9787577986717224
448,448,EXTERNAL_SAMPLE/0000448.png,origin_clean,clean,1,1,1,7.356560230255127,7.356560230255127,0.0,0.9639795422554016,0.9639795422554016
449,449,EXTERNAL_SAMPLE/0000449.png,origin_clean,clean,1,1,1,9.504170417785645,9.504170417785645,0.0,0.9977157115936279,0.9977157115936279
450,450,EXTERNAL_SAMPLE/0000450.png,origin_clean,clean,1,1,1,8.926718711853027,8.926718711853027,0.0,0.994667649269104,0.994667649269104
451,451,EXTERNAL_SAMPLE/0000451.png,origin_clean,clean,1,1,1,8.237114906311035,8.237114906311035,0.0,0.9499743580818176,0.9499743580818176
452,452,EXTERNAL_SAMPLE/0000452.png,origin_clean,clean,1,1,3,4.4702253341674805,4.4702253341674805,0.0,0.3117543160915375,0.3117543160915375
453,453,EXTERNAL_SAMPLE/0000453.png,origin_clean,clean,1,1,1,6.642045497894287,6.642045497894287,0.0,0.9550605416297913,0.9550605416297913
454,454,EXTERNAL_SAMPLE/0000454.png,origin_clean,clean,1,1,1,7.0745930671691895,7.0745930671691895,0.0,0.9544537663459778,0.9544537663459778
455,455,EXTERNAL_SAMPLE/0000455.png,origin_clean,clean,1,1,1,14.020780563354492,14.020780563354492,0.0,0.999962568283081,0.999962568283081
456,456,EXTERNAL_SAMPLE/0000456.png,origin_clean,clean,1,1,1,6.915249824523926,6.915249824523926,0.0,0.8936083316802979,0.8936083316802979
457,457,EXTERNAL_SAMPLE/0000457.png,origin_clean,clean,1,1,1,8.409520149230957,8.409520149230957,0.0,0.9836071729660034,0.9836071729660034
458,458,EXTERNAL_SAMPLE/0000458.png,origin_clean,clean,1,1,1,4.693312168121338,4.693312168121338,0.0,0.6181480884552002,0.6181480884552002
459,459,EXTERNAL_SAMPLE/0000459.png,origin_clean,clean,1,1,1,7.748620510101318,7.748620510101318,0.0,0.9768192172050476,0.9768192172050476
460,460,EXTERNAL_SAMPLE/0000460.png,origin_clean,clean,1,1,1,6.82920503616333,6.82920503616333,0.0,0.856859564781189,0.856859564781189
461,461,EXTERNAL_SAMPLE/0000461.png,origin_clean,clean,1,1,6,3.6674447059631348,3.6674447059631348,0.0,0.17350980639457703,0.17350980639457703
462,462,EXTERNAL_SAMPLE/0000462.png,origin_clean,clean,1,1,1,13.613298416137695,13.613298416137695,0.0,0.9998633861541748,0.9998633861541748
463,463,EXTERNAL_SAMPLE/0000463.png,origin_clean,clean,1,1,1,6.87534761428833,6.87534761428833,0.0,0.9612600803375244,0.9612600803375244
464,464,EXTERNAL_SAMPLE/0000464.png,origin_clean,clean,1,1,1,16.709505081176758,16.709505081176758,0.0,0.9999884366989136,0.9999884366989136
465,465,EXTERNAL_SAMPLE/0000465.png,origin_clean,clean,1,1,1,10.71539306640625,10.71539306640625,0.0,0.9980543851852417,0.9980543851852417
466,466,EXTERNAL_SAMPLE/0000466.png,origin_clean,clean,1,1,4,0.99807208776474,0.99807208776474,0.0,0.009961029514670372,0.009961029514670372
467,467,EXTERNAL_SAMPLE/0000467.png,origin_clean,clean,1,1,1,4.003128528594971,4.003128528594971,0.0,0.43893730640411377,0.43893730640411377
468,468,EXTERNAL_SAMPLE/0000468.png,origin_clean,clean,1,1,1,15.866679191589355,15.866679191589355,0.0,0.9999979734420776,0.9999979734420776
469,469,EXTERNAL_SAMPLE/0000469.png,origin_clean,clean,1,1,1,13.543835639953613,13.543835639953613,0.0,0.9999271631240845,0.9999271631240845
470,470,EXTERNAL_SAMPLE/0000470.png,origin_clean,clean,1,1,3,2.5500354766845703,2.5500354766845703,0.0,0.13017478585243225,0.13017478585243225
471,471,EXTERNAL_SAMPLE/0000471.png,origin_clean,clean,1,1,1,10.04966926574707,10.04966926574707,0.0,0.9877721071243286,0.9877721071243286
472,472,EXTERNAL_SAMPLE/0000472.png,origin_clean,clean,1,1,1,7.2880682945251465,7.2880682945251465,0.0,0.9612298011779785,0.9612298011779785
473,473,EXTERNAL_SAMPLE/0000473.png,origin_clean,clean,1,1,1,13.932974815368652,13.932974815368652,0.0,0.9999690055847168,0.9999690055847168
474,474,EXTERNAL_SAMPLE/0000474.png,origin_clean,clean,1,1,1,14.906689643859863,14.906689643859863,0.0,0.9999877214431763,0.9999877214431763
475,475,EXTERNAL_SAMPLE/0000475.png,origin_clean,clean,1,1,1,7.784555912017822,7.784555912017822,0.0,0.9701026082038879,0.9701026082038879
476,476,EXTERNAL_SAMPLE/0000476.png,origin_clean,clean,1,1,1,5.855146884918213,5.855146884918213,0.0,0.8889837265014648,0.8889837265014648
477,477,EXTERNAL_SAMPLE/0000477.png,origin_clean,clean,1,1,1,8.644965171813965,8.644965171813965,0.0,0.9933290481567383,0.9933290481567383
478,478,EXTERNAL_SAMPLE/0000478.png,origin_clean,clean,1,1,3,1.435995101928711,1.435995101928711,0.0,0.01297848206013441,0.01297848206013441
479,479,EXTERNAL_SAMPLE/0000479.png,origin_clean,clean,1,1,1,16.400264739990234,16.400264739990234,0.0,0.9999969005584717,0.9999969005584717
480,480,EXTERNAL_SAMPLE/0000480.png,origin_clean,clean,1,1,1,8.565000534057617,8.565000534057617,0.0,0.9841327667236328,0.9841327667236328
481,481,EXTERNAL_SAMPLE/0000481.png,origin_clean,clean,1,1,1,12.454926490783691,12.454926490783691,0.0,0.999876856803894,0.999876856803894
482,482,EXTERNAL_SAMPLE/0000482.png,origin_clean,clean,1,1,3,2.0953590869903564,2.0953590869903564,0.0,0.03358016908168793,0.03358016908168793
483,483,EXTERNAL_SAMPLE/0000483.png,origin_clean,clean,1,1,1,9.557921409606934,9.557921409606934,0.0,0.9925980567932129,0.9925980567932129
484,484,EXTERNAL_SAMPLE/0000484.png,origin_clean,clean,1,1,1,7.4336676597595215,7.4336676597595215,0.0,0.9031141996383667,0.9031141996383667
485,485,EXTERNAL_SAMPLE/0000485.png,origin_clean,clean,1,1,1,10.27567195892334,10.27567195892334,0.0,0.9985045194625854,0.9985045194625854
486,486,EXTERNAL_SAMPLE/0000486.png,origin_clean,clean,1,1,3,3.7452287673950195,3.7452287673950195,0.0,0.32103195786476135,0.32103195786476135
487,487,EXTERNAL_SAMPLE/0000487.png,origin_clean,clean,1,1,1,5.346813678741455,5.346813678741455,0.0,0.6522954106330872,0.6522954106330872
488,488,EXTERNAL_SAMPLE/0000488.png,origin_clean,clean,1,1,1,10.036446571350098,10.036446571350098,0.0,0.998636782169342,0.998636782169342
489,489,EXTERNAL_SAMPLE/0000489.png,origin_clean,clean,1,1,1,7.412935733795166,7.412935733795166,0.0,0.9546487927436829,0.9546487927436829
490,490,EXTERNAL_SAMPLE/0000490.png,origin_clean,clean,1,1,1,12.537222862243652,12.537222862243652,0.0,0.9997405409812927,0.9997405409812927
491,491,EXTERNAL_SAMPLE/0000491.png,origin_clean,clean,1,1,1,8.705879211425781,8.705879211425781,0.0,0.9928011894226074,0.9928011894226074
492,492,EXTERNAL_SAMPLE/0000492.png,origin_clean,clean,1,1,1,12.176287651062012,12.176287651062012,0.0,0.997281551361084,0.997281551361084
493,493,EXTERNAL_SAMPLE/0000493.png,origin_clean,clean,1,1,1,10.864470481872559,10.864470481872559,0.0,0.9995241165161133,0.9995241165161133
494,494,EXTERNAL_SAMPLE/0000494.png,origin_clean,clean,1,1,1,8.997179985046387,8.997179985046387,0.0,0.9967071413993835,0.9967071413993835
495,495,EXTERNAL_SAMPLE/0000495.png,origin_clean,clean,1,1,1,9.056392669677734,9.056392669677734,0.0,0.9939982891082764,0.9939982891082764
496,496,EXTERNAL_SAMPLE/0000496.png,origin_clean,clean,1,1,1,14.774932861328125,14.774932861328125,0.0,0.999992847442627,0.999992847442627
497,497,EXTERNAL_SAMPLE/0000497.png,origin_clean,clean,1,1,1,2.9518115520477295,2.9518115520477295,0.0,0.255439817905426,0.255439817905426
498,498,EXTERNAL_SAMPLE/0000498.png,origin_clean,clean,1,1,1,12.06786823272705,12.06786823272705,0.0,0.9995074272155762,0.9995074272155762
499,499,EXTERNAL_SAMPLE/0000499.png,origin_clean,clean,1,1,1,14.283445358276367,14.283445358276367,0.0,0.9999703168869019,0.9999703168869019
500,500,EXTERNAL_SAMPLE/0000500.png,origin_clean,clean,1,1,1,12.079577445983887,12.079577445983887,0.0,0.9998422861099243,0.9998422861099243
501,501,EXTERNAL_SAMPLE/0000501.png,origin_clean,clean,1,1,3,2.3770370483398438,2.3770370483398438,0.0,0.1328212022781372,0.1328212022781372
502,502,EXTERNAL_SAMPLE/0000502.png,origin_clean,clean,1,1,1,7.43916130065918,7.43916130065918,0.0,0.9713237285614014,0.9713237285614014
503,503,EXTERNAL_SAMPLE/0000503.png,origin_clean,clean,1,1,1,8.397466659545898,8.397466659545898,0.0,0.9883667826652527,0.9883667826652527
504,504,EXTERNAL_SAMPLE/0000504.png,origin_clean,clean,1,1,1,10.900806427001953,10.900806427001953,0.0,0.9991455078125,0.9991455078125
505,505,EXTERNAL_SAMPLE/0000505.png,origin_clean,clean,1,1,1,13.274282455444336,13.274282455444336,0.0,0.9999583959579468,0.9999583959579468
506,506,EXTERNAL_SAMPLE/0000506.png,origin_clean,clean,1,1,1,6.638753414154053,6.638753414154053,0.0,0.712658166885376,0.712658166885376
507,507,EXTERNAL_SAMPLE/0000507.png,origin_clean,clean,1,1,1,16.428449630737305,16.428449630737305,0.0,0.999997615814209,0.999997615814209
508,508,EXTERNAL_SAMPLE/0000508.png,origin_clean,clean,1,1,1,8.630425453186035,8.630425453186035,0.0,0.9891373515129089,0.9891373515129089
509,509,EXTERNAL_SAMPLE/0000509.png,origin_clean,clean,1,1,1,13.765167236328125,13.765167236328125,0.0,0.9999744892120361,0.9999744892120361
510,510,EXTERNAL_SAMPLE/0000510.png,origin_clean,clean,1,1,3,4.170852184295654,4.170852184295654,0.0,0.10666804015636444,0.10666804015636444
511,511,EXTERNAL_SAMPLE/0000511.png,origin_clean,clean,1,1,1,9.81651782989502,9.81651782989502,0.0,0.9948891401290894,0.9948891401290894
0,0,EXTERNAL_SAMPLE/0000000.png,origin_poisoned,poisoned,0,1,1,16.459192276000977,0.35240742564201355,16.10678482055664,0.9999991655349731,1.011374237691598e-07
1,1,EXTERNAL_SAMPLE/0000001.png,origin_poisoned,poisoned,0,1,1,16.35053062438965,1.7839865684509277,14.566543579101562,0.9999988079071045,4.7187828045025526e-07
2,2,EXTERNAL_SAMPLE/0000002.png,origin_poisoned,poisoned,0,1,1,14.077474594116211,4.851673126220703,9.225801467895508,0.9998931884765625,9.845526801655069e-05
3,3,EXTERNAL_SAMPLE/0000003.png,origin_poisoned,poisoned,0,1,1,16.67055892944336,4.805895805358887,11.864663124084473,0.9999922513961792,7.034591817500768e-06
4,4,EXTERNAL_SAMPLE/0000004.png,origin_poisoned,poisoned,0,1,1,15.584227561950684,0.6413723826408386,14.942854881286621,0.9999971389770508,3.238913279801636e-07
5,5,EXTERNAL_SAMPLE/0000005.png,origin_poisoned,poisoned,0,1,1,15.271484375,3.3875818252563477,11.883902549743652,0.9999910593032837,6.900535936438246e-06
6,6,EXTERNAL_SAMPLE/0000006.png,origin_poisoned,poisoned,0,1,1,18.181400299072266,0.41894516348838806,17.762454986572266,0.9999998807907104,1.931362447749052e-08
7,7,EXTERNAL_SAMPLE/0000007.png,origin_poisoned,poisoned,0,1,1,14.691617965698242,2.565229892730713,12.126388549804688,0.9999909400939941,5.414675342763076e-06
8,8,EXTERNAL_SAMPLE/0000008.png,origin_poisoned,poisoned,0,1,1,17.42645263671875,4.685997486114502,12.740455627441406,0.9999970197677612,2.930145228674519e-06
9,9,EXTERNAL_SAMPLE/0000009.png,origin_poisoned,poisoned,0,1,1,16.89252471923828,4.089705944061279,12.802818298339844,0.9999970197677612,2.7529947601578897e-06
10,10,EXTERNAL_SAMPLE/0000010.png,origin_poisoned,poisoned,0,1,1,17.653209686279297,2.920821189880371,14.732388496398926,0.9999995231628418,3.9976498555915896e-07
11,11,EXTERNAL_SAMPLE/0000011.png,origin_poisoned,poisoned,0,1,1,21.259302139282227,0.2627980411052704,20.996503829956055,1.0,7.609116670082017e-10
12,12,EXTERNAL_SAMPLE/0000012.png,origin_poisoned,poisoned,0,1,1,12.435344696044922,3.300945520401001,9.1343994140625,0.999833345413208,0.00010787190694827586
13,13,EXTERNAL_SAMPLE/0000013.png,origin_poisoned,poisoned,0,1,1,23.12334632873535,3.0113120079040527,20.11203384399414,1.0,1.842700214638171e-09
14,14,EXTERNAL_SAMPLE/0000014.png,origin_poisoned,poisoned,0,1,1,14.926634788513184,4.8887038230896,10.037931442260742,0.9999533891677856,4.3708059820346534e-05
15,15,EXTERNAL_SAMPLE/0000015.png,origin_poisoned,poisoned,0,1,1,17.66117286682129,2.591557741165161,15.069615364074707,0.9999994039535522,2.8533099794003647e-07
16,16,EXTERNAL_SAMPLE/0000016.png,origin_poisoned,poisoned,0,1,1,20.48371696472168,-0.6780304312705994,21.161746978759766,1.0,6.450153189341279e-10
17,17,EXTERNAL_SAMPLE/0000017.png,origin_poisoned,poisoned,0,1,1,15.532740592956543,2.7228991985321045,12.80984115600586,0.9999954700469971,2.7337246137904003e-06
18,18,EXTERNAL_SAMPLE/0000018.png,origin_poisoned,poisoned,0,1,1,15.380900382995605,6.096141815185547,9.284758567810059,0.9999054670333862,9.28195659071207e-05
19,19,EXTERNAL_SAMPLE/0000019.png,origin_poisoned,poisoned,0,1,1,18.395231246948242,0.47659263014793396,17.918638229370117,0.9999998807907104,1.65209197433569e-08
20,20,EXTERNAL_SAMPLE/0000020.png,origin_poisoned,poisoned,0,1,1,18.50128746032715,3.5931406021118164,14.908146858215332,0.9999996423721313,3.3533117971273896e-07
21,21,EXTERNAL_SAMPLE/0000021.png,origin_poisoned,poisoned,0,1,1,17.364274978637695,-0.023429684340953827,17.387704849243164,0.9999997615814209,2.8094133242007047e-08
22,22,EXTERNAL_SAMPLE/0000022.png,origin_poisoned,poisoned,0,1,1,14.560358047485352,2.460094451904297,12.100263595581055,0.9999879598617554,5.557980784942629e-06
23,23,EXTERNAL_SAMPLE/0000023.png,origin_poisoned,poisoned,0,1,1,15.529365539550781,3.6825008392333984,11.846864700317383,0.9999912977218628,7.1609106271353085e-06
24,24,EXTERNAL_SAMPLE/0000024.png,origin_poisoned,poisoned,0,1,1,15.603214263916016,3.335982084274292,12.267231941223145,0.9999936819076538,4.703337253886275e-06
25,25,EXTERNAL_SAMPLE/0000025.png,origin_poisoned,poisoned,0,1,1,17.39957618713379,1.812009572982788,15.587566375732422,0.9999992847442627,1.6998305341076048e-07
26,26,EXTERNAL_SAMPLE/0000026.png,origin_poisoned,poisoned,0,1,1,18.317861557006836,0.007175631821155548,18.310686111450195,1.0,1.1162720525703662e-08
27,27,EXTERNAL_SAMPLE/0000027.png,origin_poisoned,poisoned,0,1,1,17.313554763793945,0.8234177827835083,16.490137100219727,0.9999996423721313,6.893254322903886e-08
28,28,EXTERNAL_SAMPLE/0000028.png,origin_poisoned,poisoned,0,1,1,15.982721328735352,2.0523600578308105,13.930360794067383,0.9999980926513672,8.914979048313398e-07
29,29,EXTERNAL_SAMPLE/0000029.png,origin_poisoned,poisoned,0,1,1,16.33649444580078,2.9249486923217773,13.411545753479004,0.9999977350234985,1.49774780311418e-06
30,30,EXTERNAL_SAMPLE/0000030.png,origin_poisoned,poisoned,0,1,1,18.22634506225586,4.702031135559082,13.524313926696777,0.9999985694885254,1.33802575419395e-06
31,31,EXTERNAL_SAMPLE/0000031.png,origin_poisoned,poisoned,0,1,1,21.73191261291504,1.2239737510681152,20.507938385009766,1.0,1.240267999413902e-09
32,32,EXTERNAL_SAMPLE/0000032.png,origin_poisoned,poisoned,0,1,1,17.202783584594727,1.6680206060409546,15.53476333618164,0.9999996423721313,1.791999295619462e-07
33,33,EXTERNAL_SAMPLE/0000033.png,origin_poisoned,poisoned,0,1,1,15.445926666259766,1.3163622617721558,14.12956428527832,0.9999972581863403,7.304777795980044e-07
34,34,EXTERNAL_SAMPLE/0000034.png,origin_poisoned,poisoned,0,1,1,15.914918899536133,2.779172420501709,13.135746002197266,0.9999966621398926,1.973406369870645e-06
35,35,EXTERNAL_SAMPLE/0000035.png,origin_poisoned,poisoned,0,1,1,19.676071166992188,2.305225372314453,17.370845794677734,1.0,2.8571795596121774e-08
36,36,EXTERNAL_SAMPLE/0000036.png,origin_poisoned,poisoned,0,1,1,16.151052474975586,2.095966100692749,14.055086135864258,0.9999984502792358,7.869606406529783e-07
37,37,EXTERNAL_SAMPLE/0000037.png,origin_poisoned,poisoned,0,1,1,16.499317169189453,1.3219256401062012,15.177391052246094,0.9999986886978149,2.5617825372137304e-07
38,38,EXTERNAL_SAMPLE/0000038.png,origin_poisoned,poisoned,0,1,1,15.556492805480957,5.88541316986084,9.671079635620117,0.9999352693557739,6.30776266916655e-05
39,39,EXTERNAL_SAMPLE/0000039.png,origin_poisoned,poisoned,0,1,1,19.141881942749023,5.94920539855957,13.192676544189453,0.9999980926513672,1.864200271484151e-06
40,40,EXTERNAL_SAMPLE/0000040.png,origin_poisoned,poisoned,0,1,1,16.5107364654541,1.6465229988098145,14.864213943481445,0.9999990463256836,3.50391445635978e-07
41,41,EXTERNAL_SAMPLE/0000041.png,origin_poisoned,poisoned,0,1,1,19.891752243041992,2.49271297454834,17.39904022216797,1.0,2.7777479871815558e-08
42,42,EXTERNAL_SAMPLE/0000042.png,origin_poisoned,poisoned,0,1,1,21.415678024291992,3.439497947692871,17.976181030273438,1.0,1.5597096947317368e-08
43,43,EXTERNAL_SAMPLE/0000043.png,origin_poisoned,poisoned,0,1,1,19.655746459960938,4.379730701446533,15.276016235351562,0.9999997615814209,2.3211880773033045e-07
44,44,EXTERNAL_SAMPLE/0000044.png,origin_poisoned,poisoned,0,1,1,12.09536075592041,1.3763641119003296,10.71899700164795,0.9999055862426758,2.2118607375887223e-05
45,45,EXTERNAL_SAMPLE/0000045.png,origin_poisoned,poisoned,0,1,1,13.73091983795166,3.529726982116699,10.201192855834961,0.9999542236328125,3.712430770974606e-05
46,46,EXTERNAL_SAMPLE/0000046.png,origin_poisoned,poisoned,0,1,1,15.981257438659668,3.2606422901153564,12.72061538696289,0.9999959468841553,2.9888572044001194e-06
47,47,EXTERNAL_SAMPLE/0000047.png,origin_poisoned,poisoned,0,1,1,20.286827087402344,0.35209783911705017,19.934728622436523,1.0,2.200175819311312e-09
48,48,EXTERNAL_SAMPLE/0000048.png,origin_poisoned,poisoned,0,1,1,16.691038131713867,1.6264938116073608,15.064544677734375,0.9999992847442627,2.867814430373983e-07
49,49,EXTERNAL_SAMPLE/0000049.png,origin_poisoned,poisoned,0,1,1,18.936790466308594,-0.2434960901737213,19.180286407470703,1.0,4.67850913565826e-09
50,50,EXTERNAL_SAMPLE/0000050.png,origin_poisoned,poisoned,0,1,1,14.774672508239746,2.3822696208953857,12.392402648925781,0.9999849796295166,4.1499361032037996e-06
51,51,EXTERNAL_SAMPLE/0000051.png,origin_poisoned,poisoned,0,1,1,21.28553581237793,0.48874256014823914,20.79679298400879,1.0,9.29110954839274e-10
52,52,EXTERNAL_SAMPLE/0000052.png,origin_poisoned,poisoned,0,1,1,13.014708518981934,4.952402114868164,8.06230640411377,0.9996627569198608,0.00031509273685514927
53,53,EXTERNAL_SAMPLE/0000053.png,origin_poisoned,poisoned,0,1,1,17.877180099487305,1.364391803741455,16.512788772583008,0.9999997615814209,6.73886617619246e-08
54,54,EXTERNAL_SAMPLE/0000054.png,origin_poisoned,poisoned,0,1,1,17.337926864624023,1.0654844045639038,16.272441864013672,0.9999996423721313,8.569750775677676e-08
55,55,EXTERNAL_SAMPLE/0000055.png,origin_poisoned,poisoned,0,1,1,14.55283260345459,3.4161713123321533,11.136661529541016,0.999980092048645,1.4568025108019356e-05
56,56,EXTERNAL_SAMPLE/0000056.png,origin_poisoned,poisoned,0,1,1,17.599620819091797,1.0572015047073364,16.54241943359375,0.9999998807907104,6.542119734831431e-08
57,57,EXTERNAL_SAMPLE/0000057.png,origin_poisoned,poisoned,0,1,1,17.946903228759766,1.3975529670715332,16.54935073852539,0.9999998807907104,6.49693063792256e-08
58,58,EXTERNAL_SAMPLE/0000058.png,origin_poisoned,poisoned,0,1,1,18.368806838989258,1.4182448387145996,16.9505615234375,0.9999998807907104,4.349753623955621e-08
59,59,EXTERNAL_SAMPLE/0000059.png,origin_poisoned,poisoned,0,1,1,18.434154510498047,1.8961145877838135,16.538040161132812,0.9999998807907104,6.570832766783496e-08
60,60,EXTERNAL_SAMPLE/0000060.png,origin_poisoned,poisoned,0,1,1,17.91676902770996,0.11641976982355118,17.800350189208984,0.9999998807907104,1.8595423867395766e-08
61,61,EXTERNAL_SAMPLE/0000061.png,origin_poisoned,poisoned,0,1,1,17.098596572875977,1.5041730403900146,15.594423294067383,0.9999996423721313,1.6882154341146816e-07
62,62,EXTERNAL_SAMPLE/0000062.png,origin_poisoned,poisoned,0,1,1,14.194454193115234,2.062345027923584,12.132108688354492,0.9999876022338867,5.383772986533586e-06
63,63,EXTERNAL_SAMPLE/0000063.png,origin_poisoned,poisoned,0,1,1,16.876115798950195,3.6426444053649902,13.233470916748047,0.9999979734420776,1.7896813915285747e-06
64,64,EXTERNAL_SAMPLE/0000064.png,origin_poisoned,poisoned,0,1,1,15.024730682373047,4.5903000831604,10.434431076049805,0.9999678134918213,2.940154809039086e-05
65,65,EXTERNAL_SAMPLE/0000065.png,origin_poisoned,poisoned,0,1,1,17.385648727416992,4.781140327453613,12.604508399963379,0.999996542930603,3.3568353501323145e-06
66,66,EXTERNAL_SAMPLE/0000066.png,origin_poisoned,poisoned,0,1,1,15.965546607971191,0.39489471912384033,15.57065200805664,0.9999986886978149,1.7288256515257672e-07
67,67,EXTERNAL_SAMPLE/0000067.png,origin_poisoned,poisoned,0,1,1,15.969542503356934,0.7067635655403137,15.262779235839844,0.9999986886978149,2.352115444637093e-07
68,68,EXTERNAL_SAMPLE/0000068.png,origin_poisoned,poisoned,0,1,1,15.2661771774292,2.1774251461029053,13.088751792907715,0.9999954700469971,2.0683564798673615e-06
69,69,EXTERNAL_SAMPLE/0000069.png,origin_poisoned,poisoned,0,1,1,16.299001693725586,2.5707314014434814,13.728270530700684,0.9999982118606567,1.091156718757702e-06
70,70,EXTERNAL_SAMPLE/0000070.png,origin_poisoned,poisoned,0,1,1,21.7365779876709,2.8542158603668213,18.882362365722656,1.0,6.302229405008575e-09
71,71,EXTERNAL_SAMPLE/0000071.png,origin_poisoned,poisoned,0,1,1,16.98448944091797,1.4873318672180176,15.49715805053711,0.9999990463256836,1.8606701246426383e-07
72,72,EXTERNAL_SAMPLE/0000072.png,origin_poisoned,poisoned,0,1,1,16.862695693969727,8.420388221740723,8.442307472229004,0.9997841715812683,0.00021550565725192428
73,73,EXTERNAL_SAMPLE/0000073.png,origin_poisoned,poisoned,0,1,1,13.786626815795898,3.9467310905456543,9.839895248413086,0.9999377727508545,5.3279578423826024e-05
74,74,EXTERNAL_SAMPLE/0000074.png,origin_poisoned,poisoned,0,1,1,21.0023193359375,0.7248495221138,20.277469635009766,1.0,1.5617330761941162e-09
75,75,EXTERNAL_SAMPLE/0000075.png,origin_poisoned,poisoned,0,1,1,16.029380798339844,3.742219924926758,12.287160873413086,0.9999943971633911,4.610535597748822e-06
76,76,EXTERNAL_SAMPLE/0000076.png,origin_poisoned,poisoned,0,1,1,14.838658332824707,6.706445693969727,8.13221263885498,0.9997027516365051,0.0002938297693617642
77,77,EXTERNAL_SAMPLE/0000077.png,origin_poisoned,poisoned,0,1,1,16.69498634338379,3.6943788528442383,13.00060749053955,0.9999971389770508,2.2589501895708963e-06
78,78,EXTERNAL_SAMPLE/0000078.png,origin_poisoned,poisoned,0,1,1,16.726926803588867,0.8900448679924011,15.836881637573242,0.999998927116394,1.3247357344425836e-07
79,79,EXTERNAL_SAMPLE/0000079.png,origin_poisoned,poisoned,0,1,1,15.023164749145508,3.3590660095214844,11.664098739624023,0.9999886751174927,8.596890438639093e-06
80,80,EXTERNAL_SAMPLE/0000080.png,origin_poisoned,poisoned,0,1,1,18.210901260375977,4.848270416259766,13.362630844116211,0.9999983310699463,1.572832388774259e-06
81,81,EXTERNAL_SAMPLE/0000081.png,origin_poisoned,poisoned,0,1,1,17.374460220336914,5.38048791885376,11.993972778320312,0.9999936819076538,6.1813175307179336e-06
82,82,EXTERNAL_SAMPLE/0000082.png,origin_poisoned,poisoned,0,1,1,12.964112281799316,2.863919973373413,10.100192070007324,0.9999269247055054,4.106866617803462e-05
83,83,EXTERNAL_SAMPLE/0000083.png,origin_poisoned,poisoned,0,1,1,19.182998657226562,0.7279586791992188,18.455039978027344,1.0,9.662242561603307e-09
84,84,EXTERNAL_SAMPLE/0000084.png,origin_poisoned,poisoned,0,1,1,10.963824272155762,5.154373645782471,5.809450626373291,0.9966159462928772,0.0029889282304793596
85,85,EXTERNAL_SAMPLE/0000085.png,origin_poisoned,poisoned,0,1,1,16.802778244018555,4.3045654296875,12.498212814331055,0.9999955892562866,3.7333029467845336e-06
86,86,EXTERNAL_SAMPLE/0000086.png,origin_poisoned,poisoned,0,1,1,16.754812240600586,3.3456039428710938,13.409208297729492,0.9999978542327881,1.5012531093816506e-06
87,87,EXTERNAL_SAMPLE/0000087.png,origin_poisoned,poisoned,0,1,1,14.895148277282715,1.5162841081619263,13.378864288330078,0.9999945163726807,1.54750011915894e-06
88,88,EXTERNAL_SAMPLE/0000088.png,origin_poisoned,poisoned,0,1,1,16.370450973510742,2.5567567348480225,13.81369400024414,0.9999974966049194,1.0018156899604946e-06
89,89,EXTERNAL_SAMPLE/0000089.png,origin_poisoned,poisoned,0,1,1,19.021268844604492,2.9213390350341797,16.099929809570312,0.9999998807907104,1.0183316589973401e-07
90,90,EXTERNAL_SAMPLE/0000090.png,origin_poisoned,poisoned,0,1,1,22.428865432739258,-0.670787513256073,23.099653244018555,1.0,9.28855256598915e-11
91,91,EXTERNAL_SAMPLE/0000091.png,origin_poisoned,poisoned,0,1,1,16.77058982849121,2.253085136413574,14.517504692077637,0.9999991655349731,4.955956001140294e-07
92,92,EXTERNAL_SAMPLE/0000092.png,origin_poisoned,poisoned,0,1,1,19.694772720336914,-0.5533937811851501,20.248167037963867,1.0,1.6081730391803717e-09
93,93,EXTERNAL_SAMPLE/0000093.png,origin_poisoned,poisoned,0,1,1,20.915037155151367,1.3823994398117065,19.532638549804688,1.0,3.2891438461746247e-09
94,94,EXTERNAL_SAMPLE/0000094.png,origin_poisoned,poisoned,0,1,1,18.301414489746094,0.2894715964794159,18.011943817138672,0.9999998807907104,1.504915658756545e-08
95,95,EXTERNAL_SAMPLE/0000095.png,origin_poisoned,poisoned,0,1,1,14.879692077636719,1.273508071899414,13.606184005737305,0.9999938011169434,1.2328398497629678e-06
96,96,EXTERNAL_SAMPLE/0000096.png,origin_poisoned,poisoned,0,1,1,16.77239227294922,3.8424065113067627,12.929986000061035,0.9999971389770508,2.4242485778813716e-06
97,97,EXTERNAL_SAMPLE/0000097.png,origin_poisoned,poisoned,0,1,1,17.49396324157715,4.083895206451416,13.41006851196289,0.9999984502792358,1.4999631048340234e-06
98,98,EXTERNAL_SAMPLE/0000098.png,origin_poisoned,poisoned,0,1,1,17.557310104370117,1.16780424118042,16.38950538635254,0.9999997615814209,7.623039266491105e-08
99,99,EXTERNAL_SAMPLE/0000099.png,origin_poisoned,poisoned,0,1,1,15.311236381530762,4.788522720336914,10.522713661193848,0.9999711513519287,2.6917268769466318e-05
100,100,EXTERNAL_SAMPLE/0000100.png,origin_poisoned,poisoned,0,1,1,15.577218055725098,1.2100639343261719,14.367154121398926,0.9999974966049194,5.760009003097366e-07
101,101,EXTERNAL_SAMPLE/0000101.png,origin_poisoned,poisoned,0,1,1,21.992443084716797,0.39465072751045227,21.59779167175293,1.0,4.1705974784811417e-10
102,102,EXTERNAL_SAMPLE/0000102.png,origin_poisoned,poisoned,0,1,1,15.305150032043457,3.0014755725860596,12.303674697875977,0.9999926090240479,4.535015250439756e-06
103,103,EXTERNAL_SAMPLE/0000103.png,origin_poisoned,poisoned,0,1,1,17.396175384521484,8.647494316101074,8.74868106842041,0.9998412132263184,0.00015864527085795999
104,104,EXTERNAL_SAMPLE/0000104.png,origin_poisoned,poisoned,0,1,1,16.02458381652832,4.410603046417236,11.613981246948242,0.9999897480010986,9.038732969202101e-06
105,105,EXTERNAL_SAMPLE/0000105.png,origin_poisoned,poisoned,0,1,1,15.963607788085938,5.928365707397461,10.035242080688477,0.999955415725708,4.382585393614136e-05
106,106,EXTERNAL_SAMPLE/0000106.png,origin_poisoned,poisoned,0,1,1,14.577860832214355,2.893514633178711,11.684346199035645,0.9999839067459106,8.424534826190211e-06
107,107,EXTERNAL_SAMPLE/0000107.png,origin_poisoned,poisoned,0,1,1,16.462970733642578,1.3450578451156616,15.117913246154785,0.9999991655349731,2.718775533594453e-07
108,108,EXTERNAL_SAMPLE/0000108.png,origin_poisoned,poisoned,0,1,1,18.641447067260742,2.6287922859191895,16.01265525817871,0.9999998807907104,1.1111997366697324e-07
109,109,EXTERNAL_SAMPLE/0000109.png,origin_poisoned,poisoned,0,1,1,19.8021297454834,1.4890477657318115,18.313081741333008,1.0,1.113601122426644e-08
110,110,EXTERNAL_SAMPLE/0000110.png,origin_poisoned,poisoned,0,1,1,17.725400924682617,0.8766298890113831,16.848770141601562,0.9999998807907104,4.815840171090713e-08
111,111,EXTERNAL_SAMPLE/0000111.png,origin_poisoned,poisoned,0,1,1,21.04398536682129,-0.1951543688774109,21.239139556884766,1.0,5.969787997273102e-10
112,112,EXTERNAL_SAMPLE/0000112.png,origin_poisoned,poisoned,0,1,1,16.303190231323242,2.774418354034424,13.528772354125977,0.9999978542327881,1.3320725429366576e-06
113,113,EXTERNAL_SAMPLE/0000113.png,origin_poisoned,poisoned,0,1,1,18.917341232299805,-0.9623021483421326,19.879642486572266,0.9999998807907104,2.3247748170973637e-09
114,114,EXTERNAL_SAMPLE/0000114.png,origin_poisoned,poisoned,0,1,1,14.850587844848633,2.365614175796509,12.484973907470703,0.999992847442627,3.7830459405086003e-06
115,115,EXTERNAL_SAMPLE/0000115.png,origin_poisoned,poisoned,0,1,1,13.233865737915039,4.627501487731934,8.606364250183105,0.9998025298118591,0.00018290168372914195
116,116,EXTERNAL_SAMPLE/0000116.png,origin_poisoned,poisoned,0,1,1,20.398252487182617,-0.22569337487220764,20.623945236206055,1.0,1.1044203329646507e-09
117,117,EXTERNAL_SAMPLE/0000117.png,origin_poisoned,poisoned,0,1,1,16.614154815673828,1.5578657388687134,15.056288719177246,0.9999990463256836,2.891588337661233e-07
118,118,EXTERNAL_SAMPLE/0000118.png,origin_poisoned,poisoned,0,1,1,17.435373306274414,5.184900283813477,12.250473022460938,0.9999951124191284,4.782831183547387e-06
119,119,EXTERNAL_SAMPLE/0000119.png,origin_poisoned,poisoned,0,1,1,22.915422439575195,1.9317799806594849,20.983642578125,1.0,7.707611771046174e-10
120,120,EXTERNAL_SAMPLE/0000120.png,origin_poisoned,poisoned,0,1,1,17.205656051635742,4.7075581550598145,12.498098373413086,0.9999959468841553,3.7337313187890686e-06
121,121,EXTERNAL_SAMPLE/0000121.png,origin_poisoned,poisoned,0,1,1,15.767345428466797,1.7592839002609253,14.008061408996582,0.9999979734420776,8.248507015196083e-07
122,122,EXTERNAL_SAMPLE/0000122.png,origin_poisoned,poisoned,0,1,1,18.87661361694336,1.9227529764175415,16.953861236572266,0.9999998807907104,4.335424108603547e-08
123,123,EXTERNAL_SAMPLE/0000123.png,origin_poisoned,poisoned,0,1,1,17.309297561645508,4.97578763961792,12.33350944519043,0.9999954700469971,4.401725618663477e-06
124,124,EXTERNAL_SAMPLE/0000124.png,origin_poisoned,poisoned,0,1,1,15.096512794494629,1.6276006698608398,13.468912124633789,0.9999938011169434,1.414239932273631e-06
125,125,EXTERNAL_SAMPLE/0000125.png,origin_poisoned,poisoned,0,1,1,16.069934844970703,5.049118518829346,11.020816802978516,0.9999829530715942,1.6357340427930467e-05
126,126,EXTERNAL_SAMPLE/0000126.png,origin_poisoned,poisoned,0,1,1,12.887842178344727,4.770884037017822,8.116958618164062,0.9996627569198608,0.0002983342856168747
127,127,EXTERNAL_SAMPLE/0000127.png,origin_poisoned,poisoned,0,1,1,19.24891471862793,1.497307538986206,17.75160789489746,1.0,1.9524263095149763e-08
128,128,EXTERNAL_SAMPLE/0000128.png,origin_poisoned,poisoned,0,1,1,18.777570724487305,3.5526885986328125,15.224882125854492,0.9999997615814209,2.442967002025398e-07
129,129,EXTERNAL_SAMPLE/0000129.png,origin_poisoned,poisoned,0,1,1,18.11111831665039,4.889992713928223,13.221125602722168,0.9999980926513672,1.8119128526450368e-06
130,130,EXTERNAL_SAMPLE/0000130.png,origin_poisoned,poisoned,0,1,1,14.736393928527832,4.3997626304626465,10.336631774902344,0.9999643564224243,3.2422194635728374e-05
131,131,EXTERNAL_SAMPLE/0000131.png,origin_poisoned,poisoned,0,1,1,17.036046981811523,1.5696558952331543,15.466390609741211,0.9999995231628418,1.9188087208021898e-07
132,132,EXTERNAL_SAMPLE/0000132.png,origin_poisoned,poisoned,0,1,1,12.967432975769043,0.8045789003372192,12.162854194641113,0.9999710321426392,5.2206783038855065e-06
133,133,EXTERNAL_SAMPLE/0000133.png,origin_poisoned,poisoned,0,1,1,15.97779369354248,3.5237550735473633,12.454038619995117,0.9999949932098389,3.901912805304164e-06
134,134,EXTERNAL_SAMPLE/0000134.png,origin_poisoned,poisoned,0,1,1,17.8480281829834,1.0211718082427979,16.82685661315918,0.9999998807907104,4.922537044649289e-08
135,135,EXTERNAL_SAMPLE/0000135.png,origin_poisoned,poisoned,0,1,1,16.644485473632812,3.966737747192383,12.67774772644043,0.9999964237213135,3.1197698717733147e-06
136,136,EXTERNAL_SAMPLE/0000136.png,origin_poisoned,poisoned,0,1,1,15.002612113952637,3.849208116531372,11.153404235839844,0.9999802112579346,1.4326150449051056e-05
137,137,EXTERNAL_SAMPLE/0000137.png,origin_poisoned,poisoned,0,1,1,11.390900611877441,6.103640556335449,5.287260055541992,0.994868278503418,0.005029649473726749
138,138,EXTERNAL_SAMPLE/0000138.png,origin_poisoned,poisoned,0,1,1,14.711862564086914,5.1882548332214355,9.52360725402832,0.9999228715896606,7.309984357561916e-05
139,139,EXTERNAL_SAMPLE/0000139.png,origin_poisoned,poisoned,0,1,1,11.79738712310791,1.791264295578003,10.006122589111328,0.99964439868927,4.5106764446245506e-05
140,140,EXTERNAL_SAMPLE/0000140.png,origin_poisoned,poisoned,0,1,1,15.591170310974121,5.741351127624512,9.84981918334961,0.999946117401123,5.275389048620127e-05
141,141,EXTERNAL_SAMPLE/0000141.png,origin_poisoned,poisoned,0,1,1,18.001249313354492,0.7435984015464783,17.25765037536621,0.9999998807907104,3.1996144400636695e-08
142,142,EXTERNAL_SAMPLE/0000142.png,origin_poisoned,poisoned,0,1,1,14.292838096618652,4.331932544708252,9.960905075073242,0.9999474287033081,4.7207508032443e-05
143,143,EXTERNAL_SAMPLE/0000143.png,origin_poisoned,poisoned,0,1,1,14.02905559539795,3.0680367946624756,10.961018562316895,0.9999754428863525,1.736518788675312e-05
144,144,EXTERNAL_SAMPLE/0000144.png,origin_poisoned,poisoned,0,1,1,20.174331665039062,5.75385046005249,14.420480728149414,0.9999994039535522,5.460903480525303e-07
145,145,EXTERNAL_SAMPLE/0000145.png,origin_poisoned,poisoned,0,1,1,19.07689094543457,4.7063307762146,14.370559692382812,0.9999994039535522,5.740437245549401e-07
146,146,EXTERNAL_SAMPLE/0000146.png,origin_poisoned,poisoned,0,1,1,17.68120765686035,-0.2743951380252838,17.955602645874023,0.9999998807907104,1.592138332284776e-08
147,147,EXTERNAL_SAMPLE/0000147.png,origin_poisoned,poisoned,0,1,1,17.318500518798828,1.3764820098876953,15.942018508911133,0.9999996423721313,1.1925295950732107e-07
148,148,EXTERNAL_SAMPLE/0000148.png,origin_poisoned,poisoned,0,1,1,24.106082916259766,-0.5063613057136536,24.612443923950195,1.0,2.046215800965978e-11
149,149,EXTERNAL_SAMPLE/0000149.png,origin_poisoned,poisoned,0,1,1,17.26984977722168,4.99722957611084,12.27262020111084,0.999995231628418,4.67807012682897e-06
150,150,EXTERNAL_SAMPLE/0000150.png,origin_poisoned,poisoned,0,1,1,16.777751922607422,0.8361979126930237,15.941554069519043,0.9999992847442627,1.1930831078643678e-07
151,151,EXTERNAL_SAMPLE/0000151.png,origin_poisoned,poisoned,0,1,1,22.063566207885742,0.47680243849754333,21.586763381958008,1.0,4.216846594129464e-10
152,152,EXTERNAL_SAMPLE/0000152.png,origin_poisoned,poisoned,0,1,1,20.376909255981445,5.003472805023193,15.373435974121094,0.9999997615814209,2.1057240928712417e-07
153,153,EXTERNAL_SAMPLE/0000153.png,origin_poisoned,poisoned,0,1,1,19.22376823425293,0.668506920337677,18.555261611938477,1.0,8.740822288189065e-09
154,154,EXTERNAL_SAMPLE/0000154.png,origin_poisoned,poisoned,0,1,1,19.089345932006836,0.13119938969612122,18.958147048950195,1.0,5.842266226352422e-09
155,155,EXTERNAL_SAMPLE/0000155.png,origin_poisoned,poisoned,0,1,1,16.01460838317871,3.4261486530303955,12.588459968566895,0.9999957084655762,3.4111394597857725e-06
156,156,EXTERNAL_SAMPLE/0000156.png,origin_poisoned,poisoned,0,1,1,18.721559524536133,1.2506663799285889,17.47089385986328,0.9999998807907104,2.5851583984604076e-08
157,157,EXTERNAL_SAMPLE/0000157.png,origin_poisoned,poisoned,0,1,1,14.312256813049316,3.8691370487213135,10.443120002746582,0.9999624490737915,2.9147029636078514e-05
158,158,EXTERNAL_SAMPLE/0000158.png,origin_poisoned,poisoned,0,1,1,18.700029373168945,2.7626490592956543,15.937379837036133,0.9999998807907104,1.1980745284745353e-07
159,159,EXTERNAL_SAMPLE/0000159.png,origin_poisoned,poisoned,0,1,1,14.837096214294434,2.5361483097076416,12.300948143005371,0.9999924898147583,4.547396656562341e-06
160,160,EXTERNAL_SAMPLE/0000160.png,origin_poisoned,poisoned,0,1,1,17.71563148498535,1.5845109224319458,16.131120681762695,0.9999997615814209,9.870592521110666e-08
161,161,EXTERNAL_SAMPLE/0000161.png,origin_poisoned,poisoned,0,1,1,20.632097244262695,0.7974839210510254,19.834613800048828,1.0,2.431849388528917e-09
162,162,EXTERNAL_SAMPLE/0000162.png,origin_poisoned,poisoned,0,1,1,13.731827735900879,2.3928334712982178,11.338994026184082,0.999969482421875,1.1899376659130212e-05
163,163,EXTERNAL_SAMPLE/0000163.png,origin_poisoned,poisoned,0,1,1,18.760765075683594,2.9187612533569336,15.84200382232666,0.9999997615814209,1.3179686675357516e-07
164,164,EXTERNAL_SAMPLE/0000164.png,origin_poisoned,poisoned,0,1,1,16.268253326416016,3.4779934883117676,12.790260314941406,0.999996542930603,2.787783387248055e-06
165,165,EXTERNAL_SAMPLE/0000165.png,origin_poisoned,poisoned,0,1,1,17.794361114501953,1.3688712120056152,16.42548942565918,0.9999996423721313,7.353606434890025e-08
166,166,EXTERNAL_SAMPLE/0000166.png,origin_poisoned,poisoned,0,1,1,19.58530616760254,1.0237070322036743,18.561599731445312,1.0,8.68559713040895e-09
167,167,EXTERNAL_SAMPLE/0000167.png,origin_poisoned,poisoned,0,1,1,18.86531639099121,1.2144584655761719,17.65085792541504,1.0,2.1593836052602455e-08
168,168,EXTERNAL_SAMPLE/0000168.png,origin_poisoned,poisoned,0,1,1,17.6036434173584,3.4875330924987793,14.116109848022461,0.9999991655349731,7.403737640743202e-07
169,169,EXTERNAL_SAMPLE/0000169.png,origin_poisoned,poisoned,0,1,1,12.166343688964844,2.91314959526062,9.253193855285645,0.999850869178772,9.579089237377048e-05
170,170,EXTERNAL_SAMPLE/0000170.png,origin_poisoned,poisoned,0,1,1,17.47214698791504,4.0238142013549805,13.448332786560059,0.9999984502792358,1.4436521951211034e-06
171,171,EXTERNAL_SAMPLE/0000171.png,origin_poisoned,poisoned,0,1,1,14.507899284362793,1.5262563228607178,12.981642723083496,0.9999910593032837,2.302185293956427e-06
172,172,EXTERNAL_SAMPLE/0000172.png,origin_poisoned,poisoned,0,1,1,14.20007038116455,2.9350340366363525,11.265036582946777,0.9999805688858032,1.2812925888283644e-05
173,173,EXTERNAL_SAMPLE/0000173.png,origin_poisoned,poisoned,0,1,1,14.597769737243652,2.203796863555908,12.393972396850586,0.9999908208847046,4.143450951232808e-06
174,174,EXTERNAL_SAMPLE/0000174.png,origin_poisoned,poisoned,0,1,1,18.267745971679688,1.9961563348770142,16.271589279174805,0.9999998807907104,8.577062260428647e-08
175,175,EXTERNAL_SAMPLE/0000175.png,origin_poisoned,poisoned,0,1,1,15.410660743713379,1.3506184816360474,14.060042381286621,0.9999970197677612,7.830687422938354e-07
176,176,EXTERNAL_SAMPLE/0000176.png,origin_poisoned,poisoned,0,1,1,21.922195434570312,3.4426064491271973,18.479589462280273,1.0,9.427928659988538e-09
177,177,EXTERNAL_SAMPLE/0000177.png,origin_poisoned,poisoned,0,1,1,17.55711555480957,3.7775652408599854,13.779550552368164,0.9999986886978149,1.0366130709371646e-06
178,178,EXTERNAL_SAMPLE/0000178.png,origin_poisoned,poisoned,0,1,1,18.07775115966797,6.375640392303467,11.702110290527344,0.9999916553497314,8.276266271423083e-06
179,179,EXTERNAL_SAMPLE/0000179.png,origin_poisoned,poisoned,0,1,1,16.732301712036133,2.3074774742126465,14.424823760986328,0.999998927116394,5.437236154648417e-07
180,180,EXTERNAL_SAMPLE/0000180.png,origin_poisoned,poisoned,0,1,1,14.325867652893066,2.0842843055725098,12.241582870483398,0.999983549118042,4.8254851208184846e-06
181,181,EXTERNAL_SAMPLE/0000181.png,origin_poisoned,poisoned,0,1,1,16.90918731689453,2.2669260501861572,14.642261505126953,0.999998927116394,4.3746786104748026e-07
182,182,EXTERNAL_SAMPLE/0000182.png,origin_poisoned,poisoned,0,1,1,12.842062950134277,4.734610080718994,8.107452392578125,0.999678373336792,0.0003011885564774275
183,183,EXTERNAL_SAMPLE/0000183.png,origin_poisoned,poisoned,0,1,1,17.1789493560791,5.74001932144165,11.43893051147461,0.9999891519546509,1.0767897947516758e-05
184,184,EXTERNAL_SAMPLE/0000184.png,origin_poisoned,poisoned,0,1,1,17.788959503173828,2.30427622795105,15.4846830368042,0.9999997615814209,1.88402879075511e-07
185,185,EXTERNAL_SAMPLE/0000185.png,origin_poisoned,poisoned,0,1,1,19.467622756958008,-0.012313060462474823,19.479936599731445,1.0,3.467137243973184e-09
186,186,EXTERNAL_SAMPLE/0000186.png,origin_poisoned,poisoned,0,1,1,18.157968521118164,2.7295966148376465,15.42837142944336,0.9999997615814209,1.9931653127969184e-07
187,187,EXTERNAL_SAMPLE/0000187.png,origin_poisoned,poisoned,0,1,1,19.343050003051758,1.4295265674591064,17.913522720336914,1.0,1.660565196459629e-08
188,188,EXTERNAL_SAMPLE/0000188.png,origin_poisoned,poisoned,0,1,1,14.46799373626709,1.4785478115081787,12.989445686340332,0.999993085861206,2.2842962152935797e-06
189,189,EXTERNAL_SAMPLE/0000189.png,origin_poisoned,poisoned,0,1,1,15.129422187805176,0.5092394948005676,14.620182991027832,0.9999963045120239,4.47232764599903e-07
190,190,EXTERNAL_SAMPLE/0000190.png,origin_poisoned,poisoned,0,1,1,17.990373611450195,3.6486079692840576,14.341765403747559,0.9999994039535522,5.908132152399048e-07
191,191,EXTERNAL_SAMPLE/0000191.png,origin_poisoned,poisoned,0,1,1,18.003538131713867,2.763536214828491,15.240001678466797,0.9999995231628418,2.40630782855078e-07
192,192,EXTERNAL_SAMPLE/0000192.png,origin_poisoned,poisoned,0,1,1,16.851041793823242,4.413440227508545,12.437601089477539,0.9999954700469971,3.966582426073728e-06
193,193,EXTERNAL_SAMPLE/0000193.png,origin_poisoned,poisoned,0,1,1,14.666020393371582,5.293966293334961,9.372054100036621,0.9999090433120728,8.506073208991438e-05
194,194,EXTERNAL_SAMPLE/0000194.png,origin_poisoned,poisoned,0,1,1,18.216739654541016,0.6151425838470459,17.60159683227539,0.9999998807907104,2.2684204736833635e-08
195,195,EXTERNAL_SAMPLE/0000195.png,origin_poisoned,poisoned,0,1,1,22.16022300720215,-0.22328785061836243,22.38351058959961,1.0,1.9009244178747053e-10
196,196,EXTERNAL_SAMPLE/0000196.png,origin_poisoned,poisoned,0,1,1,18.04932975769043,1.537465214729309,16.511863708496094,0.9999998807907104,6.745104030869697e-08
197,197,EXTERNAL_SAMPLE/0000197.png,origin_poisoned,poisoned,0,1,1,16.569290161132812,2.070791006088257,14.498498916625977,0.9999990463256836,5.051048219684162e-07
198,198,EXTERNAL_SAMPLE/0000198.png,origin_poisoned,poisoned,0,1,1,13.87212085723877,2.0590150356292725,11.813105583190918,0.9999840259552002,7.406729764625197e-06
199,199,EXTERNAL_SAMPLE/0000199.png,origin_poisoned,poisoned,0,1,1,16.596261978149414,2.6999099254608154,13.89635181427002,0.9999985694885254,9.22338813325041e-07
200,200,EXTERNAL_SAMPLE/0000200.png,origin_poisoned,poisoned,0,1,1,18.32815933227539,1.0296659469604492,17.298492431640625,0.9999998807907104,3.0715682441950776e-08
201,201,EXTERNAL_SAMPLE/0000201.png,origin_poisoned,poisoned,0,1,1,17.030956268310547,1.5982005596160889,15.432755470275879,0.9999994039535522,1.9844456744522176e-07
202,202,EXTERNAL_SAMPLE/0000202.png,origin_poisoned,poisoned,0,1,1,16.96552848815918,2.6983401775360107,14.26718807220459,0.999998927116394,6.365587523760041e-07
203,203,EXTERNAL_SAMPLE/0000203.png,origin_poisoned,poisoned,0,1,1,14.692469596862793,3.7995407581329346,10.892929077148438,0.9999778270721436,1.8588800230645575e-05
204,204,EXTERNAL_SAMPLE/0000204.png,origin_poisoned,poisoned,0,1,1,15.47817611694336,3.247617244720459,12.230558395385742,0.9999926090240479,4.879022071690997e-06
205,205,EXTERNAL_SAMPLE/0000205.png,origin_poisoned,poisoned,0,1,1,15.163994789123535,2.388770580291748,12.775224685668945,0.999994158744812,2.8300094072619686e-06
206,206,EXTERNAL_SAMPLE/0000206.png,origin_poisoned,poisoned,0,1,1,19.40468406677246,4.779985427856445,14.624698638916016,0.9999995231628418,4.4521922859530605e-07
207,207,EXTERNAL_SAMPLE/0000207.png,origin_poisoned,poisoned,0,1,1,14.890793800354004,1.8041627407073975,13.086630821228027,0.9999947547912598,2.072746383419144e-06
208,208,EXTERNAL_SAMPLE/0000208.png,origin_poisoned,poisoned,0,1,1,19.180221557617188,3.0103635787963867,16.169857025146484,0.9999998807907104,9.495553143779034e-08
209,209,EXTERNAL_SAMPLE/0000209.png,origin_poisoned,poisoned,0,1,1,15.914487838745117,1.505249261856079,14.409238815307617,0.9999974966049194,5.522630885934632e-07
210,210,EXTERNAL_SAMPLE/0000210.png,origin_poisoned,poisoned,0,1,1,16.601028442382812,2.604120969772339,13.996907234191895,0.9999988079071045,8.34103502711514e-07
211,211,EXTERNAL_SAMPLE/0000211.png,origin_poisoned,poisoned,0,1,1,14.935307502746582,1.0717350244522095,13.863572120666504,0.9999904632568359,9.530660918244394e-07
212,212,EXTERNAL_SAMPLE/0000212.png,origin_poisoned,poisoned,0,1,1,20.353044509887695,-0.011536680161952972,20.364582061767578,1.0,1.431444074384558e-09
213,213,EXTERNAL_SAMPLE/0000213.png,origin_poisoned,poisoned,0,1,1,19.06613540649414,1.8112350702285767,17.254899978637695,0.9999998807907104,3.208426591072566e-08
214,214,EXTERNAL_SAMPLE/0000214.png,origin_poisoned,poisoned,0,1,1,16.506315231323242,5.718608379364014,10.78770637512207,0.99997878074646,2.0651395971071906e-05
215,215,EXTERNAL_SAMPLE/0000215.png,origin_poisoned,poisoned,0,1,1,15.517993927001953,1.1411488056182861,14.376845359802246,0.9999977350234985,5.704458203581453e-07
216,216,EXTERNAL_SAMPLE/0000216.png,origin_poisoned,poisoned,0,1,1,16.449411392211914,4.829364776611328,11.620046615600586,0.9999904632568359,8.98408325156197e-06
217,217,EXTERNAL_SAMPLE/0000217.png,origin_poisoned,poisoned,0,1,1,15.463324546813965,2.149411678314209,13.313913345336914,0.9999961853027344,1.6513505443072063e-06
218,218,EXTERNAL_SAMPLE/0000218.png,origin_poisoned,poisoned,0,1,1,18.92959213256836,2.048724412918091,16.88086700439453,0.9999998807907104,4.663720787334569e-08
219,219,EXTERNAL_SAMPLE/0000219.png,origin_poisoned,poisoned,0,1,1,18.583539962768555,3.9611120223999023,14.622427940368652,0.9999995231628418,4.462312972464133e-07
220,220,EXTERNAL_SAMPLE/0000220.png,origin_poisoned,poisoned,0,1,1,18.33634376525879,1.3514437675476074,16.984899520874023,0.9999998807907104,4.202926717766786e-08
221,221,EXTERNAL_SAMPLE/0000221.png,origin_poisoned,poisoned,0,1,1,12.856729507446289,1.3105751276016235,11.546154022216797,0.999945878982544,9.672650776337832e-06
222,222,EXTERNAL_SAMPLE/0000222.png,origin_poisoned,poisoned,0,1,1,17.337360382080078,2.521427631378174,14.815933227539062,0.9999994039535522,3.67723771432793e-07
223,223,EXTERNAL_SAMPLE/0000223.png,origin_poisoned,poisoned,0,1,1,13.969254493713379,2.891512393951416,11.077741622924805,0.9999771118164062,1.5452118532266468e-05
224,224,EXTERNAL_SAMPLE/0000224.png,origin_poisoned,poisoned,0,1,1,18.309595108032227,-0.4614869952201843,18.771081924438477,1.0,7.044054672888933e-09
225,225,EXTERNAL_SAMPLE/0000225.png,origin_poisoned,poisoned,0,1,1,12.88394832611084,0.9276178479194641,11.956330299377441,0.999961256980896,6.4182240748777986e-06
226,226,EXTERNAL_SAMPLE/0000226.png,origin_poisoned,poisoned,0,1,1,21.782516479492188,1.4332754611968994,20.349241256713867,1.0,1.4535729286890842e-09
227,227,EXTERNAL_SAMPLE/0000227.png,origin_poisoned,poisoned,0,1,1,21.770118713378906,3.8164453506469727,17.95367431640625,1.0,1.5952116072526223e-08
228,228,EXTERNAL_SAMPLE/0000228.png,origin_poisoned,poisoned,0,1,1,18.944250106811523,4.545621871948242,14.398628234863281,0.9999994039535522,5.581551363320614e-07
229,229,EXTERNAL_SAMPLE/0000229.png,origin_poisoned,poisoned,0,1,1,10.595232963562012,3.0490827560424805,7.546150207519531,0.9991005659103394,0.0005276644369587302
230,230,EXTERNAL_SAMPLE/0000230.png,origin_poisoned,poisoned,0,1,1,16.110904693603516,5.353962421417236,10.756942749023438,0.999977707862854,2.1296558770700358e-05
231,231,EXTERNAL_SAMPLE/0000231.png,origin_poisoned,poisoned,0,1,1,18.18829345703125,0.6025381684303284,17.58575439453125,0.9999998807907104,2.3046439423524134e-08
232,232,EXTERNAL_SAMPLE/0000232.png,origin_poisoned,poisoned,0,1,1,17.32069206237793,2.2325143814086914,15.088177680969238,0.9999995231628418,2.8008346930619155e-07
233,233,EXTERNAL_SAMPLE/0000233.png,origin_poisoned,poisoned,0,1,1,14.507288932800293,3.6325371265411377,10.874752044677734,0.9999765157699585,1.892975706141442e-05
234,234,EXTERNAL_SAMPLE/0000234.png,origin_poisoned,poisoned,0,1,1,17.953962326049805,1.4320820569992065,16.521881103515625,0.9999998807907104,6.677873187754813e-08
235,235,EXTERNAL_SAMPLE/0000235.png,origin_poisoned,poisoned,0,1,1,14.919477462768555,3.183962106704712,11.735515594482422,0.9999892711639404,8.00434372649761e-06
236,236,EXTERNAL_SAMPLE/0000236.png,origin_poisoned,poisoned,0,1,1,18.901308059692383,1.1883041858673096,17.713003158569336,1.0,2.0292729274729027e-08
237,237,EXTERNAL_SAMPLE/0000237.png,origin_poisoned,poisoned,0,1,1,15.784663200378418,5.302979946136475,10.481683731079102,0.9999706745147705,2.8044640203006566e-05
238,238,EXTERNAL_SAMPLE/0000238.png,origin_poisoned,poisoned,0,1,1,19.4366455078125,1.3023383617401123,18.134307861328125,1.0,1.331588972419695e-08
239,239,EXTERNAL_SAMPLE/0000239.png,origin_poisoned,poisoned,0,1,1,17.414457321166992,1.2776154279708862,16.136842727661133,0.9999994039535522,9.81426993007517e-08
240,240,EXTERNAL_SAMPLE/0000240.png,origin_poisoned,poisoned,0,1,1,19.494287490844727,2.472227096557617,17.02206039428711,1.0,4.049609003686783e-08
241,241,EXTERNAL_SAMPLE/0000241.png,origin_poisoned,poisoned,0,1,1,20.266809463500977,-0.5426102876663208,20.809419631958008,1.0,9.174531134803487e-10
242,242,EXTERNAL_SAMPLE/0000242.png,origin_poisoned,poisoned,0,1,1,17.10584259033203,2.187319040298462,14.918523788452148,0.9999992847442627,3.3186933023898746e-07
243,243,EXTERNAL_SAMPLE/0000243.png,origin_poisoned,poisoned,0,1,1,16.995450973510742,3.9417967796325684,13.053653717041016,0.9999967813491821,2.1422436020657187e-06
244,244,EXTERNAL_SAMPLE/0000244.png,origin_poisoned,poisoned,0,1,1,18.878944396972656,2.3704380989074707,16.508506774902344,0.9999998807907104,6.767785265537896e-08
245,245,EXTERNAL_SAMPLE/0000245.png,origin_poisoned,poisoned,0,1,1,25.019010543823242,-1.783751368522644,26.80276107788086,1.0,2.289331918481352e-12
246,246,EXTERNAL_SAMPLE/0000246.png,origin_poisoned,poisoned,0,1,1,15.766501426696777,0.8701416850090027,14.89635944366455,0.9999954700469971,3.3930584208974324e-07
247,247,EXTERNAL_SAMPLE/0000247.png,origin_poisoned,poisoned,0,1,1,17.869550704956055,2.117824077606201,15.751726150512695,0.9999996423721313,1.4424875871554832e-07
248,248,EXTERNAL_SAMPLE/0000248.png,origin_poisoned,poisoned,0,1,1,14.889660835266113,3.2668426036834717,11.622817993164062,0.999987006187439,8.95918765309034e-06
249,249,EXTERNAL_SAMPLE/0000249.png,origin_poisoned,poisoned,0,1,1,17.195024490356445,1.6636606454849243,15.531363487243652,0.9999995231628418,1.7981020050683583e-07
250,250,EXTERNAL_SAMPLE/0000250.png,origin_poisoned,poisoned,0,1,1,24.146486282348633,1.7157280445098877,22.430757522583008,1.0,1.8132002843618267e-10
251,251,EXTERNAL_SAMPLE/0000251.png,origin_poisoned,poisoned,0,1,1,16.561567306518555,0.7364606261253357,15.825106620788574,0.9999991655349731,1.3404269338934682e-07
252,252,EXTERNAL_SAMPLE/0000252.png,origin_poisoned,poisoned,0,1,1,18.303272247314453,0.8786818385124207,17.424591064453125,0.9999997615814209,2.7076724862240553e-08
253,253,EXTERNAL_SAMPLE/0000253.png,origin_poisoned,poisoned,0,1,1,12.112690925598145,8.290567398071289,3.8221235275268555,0.9785346984863281,0.021411597728729248
254,254,EXTERNAL_SAMPLE/0000254.png,origin_poisoned,poisoned,0,1,1,19.93614959716797,2.1021580696105957,17.83399200439453,1.0,1.7980246624915708e-08
255,255,EXTERNAL_SAMPLE/0000255.png,origin_poisoned,poisoned,0,1,1,20.147367477416992,2.9637608528137207,17.18360710144043,1.0,3.445515872613214e-08
256,256,EXTERNAL_SAMPLE/0000256.png,origin_poisoned,poisoned,0,1,1,13.565415382385254,2.5190141201019287,11.046401023864746,0.9999675750732422,1.594391324033495e-05
257,257,EXTERNAL_SAMPLE/0000257.png,origin_poisoned,poisoned,0,1,1,20.415307998657227,0.8027167320251465,19.612590789794922,1.0,3.036407569823041e-09
258,258,EXTERNAL_SAMPLE/0000258.png,origin_poisoned,poisoned,0,1,1,16.881254196166992,2.7796804904937744,14.101573944091797,0.9999985694885254,7.51213917737914e-07
259,259,EXTERNAL_SAMPLE/0000259.png,origin_poisoned,poisoned,0,1,1,13.457633972167969,2.654562473297119,10.803071975708008,0.9999668598175049,2.033625787589699e-05
260,260,EXTERNAL_SAMPLE/0000260.png,origin_poisoned,poisoned,0,1,1,15.959760665893555,-0.12127768248319626,16.081037521362305,0.9999988079071045,1.0377522130511352e-07
261,261,EXTERNAL_SAMPLE/0000261.png,origin_poisoned,poisoned,0,1,1,18.618127822875977,1.0613625049591064,17.556764602661133,0.9999998807907104,2.372433094421922e-08
262,262,EXTERNAL_SAMPLE/0000262.png,origin_poisoned,poisoned,0,1,1,14.693052291870117,3.177717447280884,11.515335083007812,0.999983549118042,9.975768989534117e-06
263,263,EXTERNAL_SAMPLE/0000263.png,origin_poisoned,poisoned,0,1,1,21.091691970825195,2.3467352390289307,18.744956970214844,1.0,7.230504639466062e-09
264,264,EXTERNAL_SAMPLE/0000264.png,origin_poisoned,poisoned,0,1,1,14.718999862670898,6.50547456741333,8.213525772094727,0.9997264742851257,0.000270889577222988
265,265,EXTERNAL_SAMPLE/0000265.png,origin_poisoned,poisoned,0,1,1,17.392959594726562,2.1893539428710938,15.203605651855469,0.9999995231628418,2.495501121302368e-07
266,266,EXTERNAL_SAMPLE/0000266.png,origin_poisoned,poisoned,0,1,1,13.384870529174805,6.543201923370361,6.841668605804443,0.9989216327667236,0.0010671672644093633
267,267,EXTERNAL_SAMPLE/0000267.png,origin_poisoned,poisoned,0,1,1,14.107537269592285,5.699516773223877,8.40802001953125,0.9997678399085999,0.00022301930584944785
268,268,EXTERNAL_SAMPLE/0000268.png,origin_poisoned,poisoned,0,1,1,13.496996879577637,1.559668779373169,11.937328338623047,0.999976396560669,6.541448328789556e-06
269,269,EXTERNAL_SAMPLE/0000269.png,origin_poisoned,poisoned,0,1,1,16.82560920715332,0.4069998562335968,16.418609619140625,0.9999990463256836,7.404368318475463e-08
270,270,EXTERNAL_SAMPLE/0000270.png,origin_poisoned,poisoned,0,1,1,12.168971061706543,5.255987167358398,6.9129838943481445,0.9989575147628784,0.0009937479626387358
271,271,EXTERNAL_SAMPLE/0000271.png,origin_poisoned,poisoned,0,1,1,17.300722122192383,3.1307461261749268,14.169976234436035,0.9999991655349731,7.015476057858905e-07
272,272,EXTERNAL_SAMPLE/0000272.png,origin_poisoned,poisoned,0,1,1,15.31750202178955,4.040207386016846,11.277294158935547,0.9999854564666748,1.2656892067752779e-05
273,273,EXTERNAL_SAMPLE/0000273.png,origin_poisoned,poisoned,0,1,1,16.139814376831055,1.9763085842132568,14.163505554199219,0.9999984502792358,7.061013320708298e-07
274,274,EXTERNAL_SAMPLE/0000274.png,origin_poisoned,poisoned,0,1,1,16.025142669677734,0.8639912605285645,15.161151885986328,0.9999985694885254,2.603723032734706e-07
275,275,EXTERNAL_SAMPLE/0000275.png,origin_poisoned,poisoned,0,1,1,18.378435134887695,4.084573268890381,14.293861389160156,0.9999994039535522,6.198043820404564e-07
276,276,EXTERNAL_SAMPLE/0000276.png,origin_poisoned,poisoned,0,1,1,12.951349258422852,4.512166976928711,8.43918228149414,0.999763548374176,0.00021617575839627534
277,277,EXTERNAL_SAMPLE/0000277.png,origin_poisoned,poisoned,0,1,1,16.548856735229492,0.6809781789779663,15.867878913879395,0.9999994039535522,1.284303010606891e-07
278,278,EXTERNAL_SAMPLE/0000278.png,origin_poisoned,poisoned,0,1,1,13.259634017944336,5.569367408752441,7.6902666091918945,0.9995205402374268,0.00045703700743615627
279,279,EXTERNAL_SAMPLE/0000279.png,origin_poisoned,poisoned,0,1,1,17.607276916503906,1.190338373184204,16.41693878173828,0.9999996423721313,7.416754499445233e-08
280,280,EXTERNAL_SAMPLE/0000280.png,origin_poisoned,poisoned,0,1,1,15.781638145446777,0.9972944259643555,14.784343719482422,0.9999985694885254,3.795250620441948e-07
281,281,EXTERNAL_SAMPLE/0000281.png,origin_poisoned,poisoned,0,1,1,14.34738540649414,5.4358110427856445,8.911574363708496,0.9998600482940674,0.00013480054622050375
282,282,EXTERNAL_SAMPLE/0000282.png,origin_poisoned,poisoned,0,1,1,15.329583168029785,2.768322467803955,12.561260223388672,0.9999938011169434,3.5051880331593566e-06
283,283,EXTERNAL_SAMPLE/0000283.png,origin_poisoned,poisoned,0,1,1,15.196820259094238,6.383111476898193,8.813709259033203,0.9998494386672974,0.00014865834964439273
284,284,EXTERNAL_SAMPLE/0000284.png,origin_poisoned,poisoned,0,1,1,22.102880477905273,2.895894765853882,19.206985473632812,1.0,4.555249955018326e-09
285,285,EXTERNAL_SAMPLE/0000285.png,origin_poisoned,poisoned,0,1,1,20.59183120727539,2.847721576690674,17.744110107421875,1.0,1.9671201556548112e-08
286,286,EXTERNAL_SAMPLE/0000286.png,origin_poisoned,poisoned,0,1,1,15.018149375915527,5.2693328857421875,9.74881649017334,0.9999381303787231,5.8360084949526936e-05
287,287,EXTERNAL_SAMPLE/0000287.png,origin_poisoned,poisoned,0,1,1,18.34376335144043,5.816793918609619,12.526969909667969,0.9999963045120239,3.6274755075282883e-06
288,288,EXTERNAL_SAMPLE/0000288.png,origin_poisoned,poisoned,0,1,1,14.054018020629883,0.7630438208580017,13.290974617004395,0.9999895095825195,1.689656869530154e-06
289,289,EXTERNAL_SAMPLE/0000289.png,origin_poisoned,poisoned,0,1,1,16.123489379882812,6.865626811981201,9.257862091064453,0.9999041557312012,9.53498383751139e-05
290,290,EXTERNAL_SAMPLE/0000290.png,origin_poisoned,poisoned,0,1,1,14.954099655151367,4.974770545959473,9.979329109191895,0.999950647354126,4.634586730389856e-05
291,291,EXTERNAL_SAMPLE/0000291.png,origin_poisoned,poisoned,0,1,1,13.681082725524902,2.882098913192749,10.798983573913574,0.9999650716781616,2.0419534848770127e-05
292,292,EXTERNAL_SAMPLE/0000292.png,origin_poisoned,poisoned,0,1,1,18.844350814819336,2.978705406188965,15.865645408630371,0.9999998807907104,1.2871753085619275e-07
293,293,EXTERNAL_SAMPLE/0000293.png,origin_poisoned,poisoned,0,1,1,15.070844650268555,-0.037502698600292206,15.108346939086914,0.9999957084655762,2.744899347817409e-07
294,294,EXTERNAL_SAMPLE/0000294.png,origin_poisoned,poisoned,0,1,1,21.64012336730957,2.071040153503418,19.56908416748047,1.0,3.1714271209182243e-09
295,295,EXTERNAL_SAMPLE/0000295.png,origin_poisoned,poisoned,0,1,1,17.42112159729004,2.519402027130127,14.90172004699707,0.9999995231628418,3.3749316230569093e-07
296,296,EXTERNAL_SAMPLE/0000296.png,origin_poisoned,poisoned,0,1,1,19.071807861328125,3.7837419509887695,15.288065910339355,0.9999997615814209,2.2933863874641247e-07
297,297,EXTERNAL_SAMPLE/0000297.png,origin_poisoned,poisoned,0,1,1,14.432458877563477,1.293267846107483,13.139190673828125,0.9999902248382568,1.966607669601217e-06
298,298,EXTERNAL_SAMPLE/0000298.png,origin_poisoned,poisoned,0,1,1,14.322478294372559,3.610931873321533,10.711545944213867,0.9999725818634033,2.2285521481535397e-05
299,299,EXTERNAL_SAMPLE/0000299.png,origin_poisoned,poisoned,0,1,1,18.325592041015625,2.6283445358276367,15.697247505187988,0.9999997615814209,1.5232525640840322e-07
300,300,EXTERNAL_SAMPLE/0000300.png,origin_poisoned,poisoned,0,1,1,20.598705291748047,0.6131189465522766,19.985586166381836,1.0,2.0910777553950766e-09
301,301,EXTERNAL_SAMPLE/0000301.png,origin_poisoned,poisoned,0,1,1,13.889727592468262,4.018923759460449,9.870803833007812,0.9999401569366455,5.165809125173837e-05
302,302,EXTERNAL_SAMPLE/0000302.png,origin_poisoned,poisoned,0,1,1,19.242612838745117,0.21197888255119324,19.0306339263916,1.0,5.433763217155274e-09
303,303,EXTERNAL_SAMPLE/0000303.png,origin_poisoned,poisoned,0,1,1,14.942181587219238,2.9848804473876953,11.957301139831543,0.9999903440475464,6.412182756321272e-06
304,304,EXTERNAL_SAMPLE/0000304.png,origin_poisoned,poisoned,0,1,1,18.8636417388916,2.1938700675964355,16.669771194458008,0.9999998807907104,5.7598384728407837e-08
305,305,EXTERNAL_SAMPLE/0000305.png,origin_poisoned,poisoned,0,1,1,21.503450393676758,0.06809059530496597,21.435359954833984,1.0,4.906157147210877e-10
306,306,EXTERNAL_SAMPLE/0000306.png,origin_poisoned,poisoned,0,1,1,15.874637603759766,2.0392630100250244,13.83537483215332,0.9999978542327881,9.803295597521355e-07
307,307,EXTERNAL_SAMPLE/0000307.png,origin_poisoned,poisoned,0,1,1,17.928089141845703,2.3378958702087402,15.590192794799805,0.9999997615814209,1.695372731091993e-07
308,308,EXTERNAL_SAMPLE/0000308.png,origin_poisoned,poisoned,0,1,1,17.271183013916016,3.9816880226135254,13.289495468139648,0.9999980926513672,1.6921725318752578e-06
309,309,EXTERNAL_SAMPLE/0000309.png,origin_poisoned,poisoned,0,1,1,16.159954071044922,2.690159320831299,13.469795227050781,0.9999978542327881,1.4129973351373337e-06
310,310,EXTERNAL_SAMPLE/0000310.png,origin_poisoned,poisoned,0,1,1,17.61356544494629,2.2341504096984863,15.379415512084961,0.9999996423721313,2.0931703659243794e-07
311,311,EXTERNAL_SAMPLE/0000311.png,origin_poisoned,poisoned,0,1,1,17.053987503051758,2.598433017730713,14.455554962158203,0.9999990463256836,5.272685257295961e-07
312,312,EXTERNAL_SAMPLE/0000312.png,origin_poisoned,poisoned,0,1,1,16.231731414794922,0.6676655411720276,15.564065933227539,0.9999985694885254,1.7402490470885823e-07
313,313,EXTERNAL_SAMPLE/0000313.png,origin_poisoned,poisoned,0,1,1,20.63069725036621,4.791828155517578,15.838869094848633,0.9999998807907104,1.3221067263202713e-07
314,314,EXTERNAL_SAMPLE/0000314.png,origin_poisoned,poisoned,0,1,1,22.100088119506836,0.15299633145332336,21.947092056274414,1.0,2.941027144043318e-10
315,315,EXTERNAL_SAMPLE/0000315.png,origin_poisoned,poisoned,0,1,1,16.750049591064453,2.9508097171783447,13.799240112304688,0.9999982118606567,1.016401711240178e-06
316,316,EXTERNAL_SAMPLE/0000316.png,origin_poisoned,poisoned,0,1,1,14.759340286254883,2.460940361022949,12.298399925231934,0.9999914169311523,4.558994078251999e-06
317,317,EXTERNAL_SAMPLE/0000317.png,origin_poisoned,poisoned,0,1,1,21.205698013305664,1.902461290359497,19.30323600769043,1.0,4.137243880819597e-09
318,318,EXTERNAL_SAMPLE/0000318.png,origin_poisoned,poisoned,0,1,1,16.614543914794922,2.845578670501709,13.768964767456055,0.9999983310699463,1.0476443321749684e-06
319,319,EXTERNAL_SAMPLE/0000319.png,origin_poisoned,poisoned,0,1,1,17.368154525756836,1.4978699684143066,15.870285034179688,0.9999996423721313,1.2812168392883905e-07
320,320,EXTERNAL_SAMPLE/0000320.png,origin_poisoned,poisoned,0,1,1,19.142147064208984,0.01955191045999527,19.122594833374023,1.0,4.95635710251463e-09
321,321,EXTERNAL_SAMPLE/0000321.png,origin_poisoned,poisoned,0,1,1,14.209782600402832,3.7539589405059814,10.45582389831543,0.9999657869338989,2.877918814192526e-05
322,322,EXTERNAL_SAMPLE/0000322.png,origin_poisoned,poisoned,0,1,1,17.88069725036621,1.2179558277130127,16.66274070739746,0.9999998807907104,5.800475832984375e-08
323,323,EXTERNAL_SAMPLE/0000323.png,origin_poisoned,poisoned,0,1,1,14.386719703674316,5.293604850769043,9.093114852905273,0.9998828172683716,0.00011242411710554734
324,324,EXTERNAL_SAMPLE/0000324.png,origin_poisoned,poisoned,0,1,1,14.783817291259766,9.917091369628906,4.866725921630859,0.9923574328422546,0.007639693561941385
325,325,EXTERNAL_SAMPLE/0000325.png,origin_poisoned,poisoned,0,1,1,12.044209480285645,3.737985372543335,8.30622386932373,0.9997003078460693,0.00024690089048817754
326,326,EXTERNAL_SAMPLE/0000326.png,origin_poisoned,poisoned,0,1,1,19.69134521484375,1.6290169954299927,18.062328338623047,1.0,1.4309699203352011e-08
327,327,EXTERNAL_SAMPLE/0000327.png,origin_poisoned,poisoned,0,1,1,19.295021057128906,-0.03239377588033676,19.327415466308594,1.0,4.038407386275367e-09
328,328,EXTERNAL_SAMPLE/0000328.png,origin_poisoned,poisoned,0,1,1,19.2230167388916,1.1483354568481445,18.07468032836914,1.0,1.4134031722790041e-08
329,329,EXTERNAL_SAMPLE/0000329.png,origin_poisoned,poisoned,0,1,1,16.354686737060547,1.8171131610870361,14.53757381439209,0.9999986886978149,4.857483872910962e-07
330,330,EXTERNAL_SAMPLE/0000330.png,origin_poisoned,poisoned,0,1,1,16.18632698059082,2.0823097229003906,14.10401725769043,0.9999984502792358,7.493806037928152e-07
331,331,EXTERNAL_SAMPLE/0000331.png,origin_poisoned,poisoned,0,1,1,18.4569091796875,0.5946508646011353,17.862258911132812,0.9999998807907104,1.7479115044238824e-08
332,332,EXTERNAL_SAMPLE/0000332.png,origin_poisoned,poisoned,0,1,1,13.337743759155273,2.2801826000213623,11.057560920715332,0.9999642372131348,1.576691647642292e-05
333,333,EXTERNAL_SAMPLE/0000333.png,origin_poisoned,poisoned,0,1,1,18.261079788208008,2.6591594219207764,15.601920127868652,0.9999997615814209,1.6756067111600714e-07
334,334,EXTERNAL_SAMPLE/0000334.png,origin_poisoned,poisoned,0,1,1,13.488913536071777,4.444031238555908,9.044881820678711,0.9998677968978882,0.00011797780462075025
335,335,EXTERNAL_SAMPLE/0000335.png,origin_poisoned,poisoned,0,1,1,15.40262508392334,4.50899600982666,10.89362907409668,0.9999798536300659,1.8575830836198293e-05
336,336,EXTERNAL_SAMPLE/0000336.png,origin_poisoned,poisoned,0,1,1,16.43402671813965,3.030940294265747,13.40308666229248,0.9999978542327881,1.51047129293147e-06
337,337,EXTERNAL_SAMPLE/0000337.png,origin_poisoned,poisoned,0,1,1,16.40947151184082,1.2313705682754517,15.1781005859375,0.999998927116394,2.5599661057640333e-07
338,338,EXTERNAL_SAMPLE/0000338.png,origin_poisoned,poisoned,0,1,1,20.325777053833008,-0.3002530634403229,20.62602996826172,1.0,1.1021202839245348e-09
339,339,EXTERNAL_SAMPLE/0000339.png,origin_poisoned,poisoned,0,1,1,17.233055114746094,4.003519535064697,13.229536056518555,0.9999980926513672,1.79673770617228e-06
340,340,EXTERNAL_SAMPLE/0000340.png,origin_poisoned,poisoned,0,1,1,18.9300479888916,-0.19658201932907104,19.126630783081055,1.0,4.9363935161750305e-09
341,341,EXTERNAL_SAMPLE/0000341.png,origin_poisoned,poisoned,0,1,1,15.8040189743042,4.369153022766113,11.434865951538086,0.9999880790710449,1.0811741049110424e-05
342,342,EXTERNAL_SAMPLE/0000342.png,origin_poisoned,poisoned,0,1,1,19.175336837768555,0.7481672167778015,18.427169799804688,1.0,9.935319233989048e-09
343,343,EXTERNAL_SAMPLE/0000343.png,origin_poisoned,poisoned,0,1,1,19.309192657470703,4.29613733291626,15.013055801391602,0.9999996423721313,3.0193436373338045e-07
344,344,EXTERNAL_SAMPLE/0000344.png,origin_poisoned,poisoned,0,1,1,20.3629093170166,1.4005054235458374,18.962404251098633,1.0,5.817447412681531e-09
345,345,EXTERNAL_SAMPLE/0000345.png,origin_poisoned,poisoned,0,1,1,16.23582649230957,4.094389915466309,12.141436576843262,0.9999942779541016,5.333822628017515e-06
346,346,EXTERNAL_SAMPLE/0000346.png,origin_poisoned,poisoned,0,1,1,17.288803100585938,0.37103167176246643,16.91777229309082,0.9999996423721313,4.494741290272941e-08
347,347,EXTERNAL_SAMPLE/0000347.png,origin_poisoned,poisoned,0,1,1,19.464143753051758,2.937812089920044,16.526330947875977,0.9999998807907104,6.648223660477015e-08
348,348,EXTERNAL_SAMPLE/0000348.png,origin_poisoned,poisoned,0,1,1,17.435802459716797,3.573498249053955,13.8623046875,0.999998927116394,9.542828820485738e-07
349,349,EXTERNAL_SAMPLE/0000349.png,origin_poisoned,poisoned,0,1,1,19.15888023376465,5.038654327392578,14.12022590637207,0.9999992847442627,7.373326980086858e-07
350,350,EXTERNAL_SAMPLE/0000350.png,origin_poisoned,poisoned,0,1,1,19.52613639831543,1.7209100723266602,17.805225372314453,1.0,1.850499131705874e-08
351,351,EXTERNAL_SAMPLE/0000351.png,origin_poisoned,poisoned,0,1,1,11.226824760437012,0.7140181660652161,10.51280689239502,0.9997304081916809,2.7178713935427368e-05
352,352,EXTERNAL_SAMPLE/0000352.png,origin_poisoned,poisoned,0,1,1,15.964682579040527,0.42719051241874695,15.537491798400879,0.9999986886978149,1.7871148827452998e-07
353,353,EXTERNAL_SAMPLE/0000353.png,origin_poisoned,poisoned,0,1,1,16.764284133911133,5.22853946685791,11.535744667053223,0.9999895095825195,9.774289537745062e-06
354,354,EXTERNAL_SAMPLE/0000354.png,origin_poisoned,poisoned,0,1,1,17.548860549926758,1.4332630634307861,16.115596771240234,0.9999997615814209,1.0025018326587087e-07
355,355,EXTERNAL_SAMPLE/0000355.png,origin_poisoned,poisoned,0,1,1,16.366260528564453,3.6746931076049805,12.691567420959473,0.9999960660934448,3.0769510885875206e-06
356,356,EXTERNAL_SAMPLE/0000356.png,origin_poisoned,poisoned,0,1,1,21.14743423461914,3.04166316986084,18.105770111083984,1.0,1.3701368040131001e-08
357,357,EXTERNAL_SAMPLE/0000357.png,origin_poisoned,poisoned,0,1,1,14.434853553771973,6.9866180419921875,7.448235511779785,0.9994118213653564,0.0005821258528158069
358,358,EXTERNAL_SAMPLE/0000358.png,origin_poisoned,poisoned,0,1,1,15.935927391052246,3.7672107219696045,12.168716430664062,0.9999939203262329,5.1902820814575534e-06
359,359,EXTERNAL_SAMPLE/0000359.png,origin_poisoned,poisoned,0,1,1,20.8839168548584,0.37447983026504517,20.509437561035156,1.0,1.2384100411821919e-09
360,360,EXTERNAL_SAMPLE/0000360.png,origin_poisoned,poisoned,0,1,1,19.23370361328125,0.93353271484375,18.3001708984375,1.0,1.1280718581474503e-08
361,361,EXTERNAL_SAMPLE/0000361.png,origin_poisoned,poisoned,0,1,1,15.931565284729004,4.623907089233398,11.307658195495605,0.9999868869781494,1.2278371286811307e-05
362,362,EXTERNAL_SAMPLE/0000362.png,origin_poisoned,poisoned,0,1,1,20.126474380493164,0.6479426026344299,19.478530883789062,1.0,3.4720144537203623e-09
363,363,EXTERNAL_SAMPLE/0000363.png,origin_poisoned,poisoned,0,1,1,16.625818252563477,1.9052014350891113,14.720617294311523,0.9999986886978149,4.0449816651744186e-07
364,364,EXTERNAL_SAMPLE/0000364.png,origin_poisoned,poisoned,0,1,1,16.545427322387695,1.155949354171753,15.389477729797363,0.9999992847442627,2.0722133342587767e-07
365,365,EXTERNAL_SAMPLE/0000365.png,origin_poisoned,poisoned,0,1,1,17.45371437072754,1.0972998142242432,16.356414794921875,0.9999995231628418,7.879508245878242e-08
366,366,EXTERNAL_SAMPLE/0000366.png,origin_poisoned,poisoned,0,1,1,15.043245315551758,4.761109352111816,10.282135963439941,0.9999626874923706,3.42380408255849e-05
367,367,EXTERNAL_SAMPLE/0000367.png,origin_poisoned,poisoned,0,1,1,17.154808044433594,1.893785834312439,15.261022567749023,0.9999994039535522,2.3562526507703296e-07
368,368,EXTERNAL_SAMPLE/0000368.png,origin_poisoned,poisoned,0,1,1,16.559118270874023,2.4227843284606934,14.136333465576172,0.999998927116394,7.255509331116627e-07
369,369,EXTERNAL_SAMPLE/0000369.png,origin_poisoned,poisoned,0,1,1,22.626401901245117,0.6156590580940247,22.0107421875,1.0,2.7596636087423576e-10
370,370,EXTERNAL_SAMPLE/0000370.png,origin_poisoned,poisoned,0,1,1,18.37233543395996,0.8041462302207947,17.56818962097168,0.9999998807907104,2.3454822084545413e-08
371,371,EXTERNAL_SAMPLE/0000371.png,origin_poisoned,poisoned,0,1,1,21.072134017944336,2.5291907787323,18.542943954467773,1.0,8.849154298218309e-09
372,372,EXTERNAL_SAMPLE/0000372.png,origin_poisoned,poisoned,0,1,1,13.972907066345215,2.947751522064209,11.025156021118164,0.9999730587005615,1.628635436645709e-05
373,373,EXTERNAL_SAMPLE/0000373.png,origin_poisoned,poisoned,0,1,1,13.9096040725708,1.8837279081344604,12.02587604522705,0.9999622106552124,5.987037638988113e-06
374,374,EXTERNAL_SAMPLE/0000374.png,origin_poisoned,poisoned,0,1,1,16.61799430847168,2.4750778675079346,14.142916679382324,0.9999988079071045,7.207901262518135e-07
375,375,EXTERNAL_SAMPLE/0000375.png,origin_poisoned,poisoned,0,1,1,16.616830825805664,1.537308931350708,15.079522132873535,0.9999991655349731,2.825181866228377e-07
376,376,EXTERNAL_SAMPLE/0000376.png,origin_poisoned,poisoned,0,1,1,15.856697082519531,3.706723690032959,12.149972915649414,0.9999843835830688,5.288432930683484e-06
377,377,EXTERNAL_SAMPLE/0000377.png,origin_poisoned,poisoned,0,1,1,15.305964469909668,6.468812465667725,8.837152481079102,0.999853253364563,0.0001452144206268713
378,378,EXTERNAL_SAMPLE/0000378.png,origin_poisoned,poisoned,0,1,1,18.56492805480957,3.589510202407837,14.975418090820312,0.9999996423721313,3.1351504503618344e-07
379,379,EXTERNAL_SAMPLE/0000379.png,origin_poisoned,poisoned,0,1,1,19.21332359313965,3.837247848510742,15.376075744628906,0.9999997615814209,2.1001727645852952e-07
380,380,EXTERNAL_SAMPLE/0000380.png,origin_poisoned,poisoned,0,1,1,18.4284610748291,3.442286729812622,14.986174583435059,0.9999996423721313,3.1016080015433545e-07
381,381,EXTERNAL_SAMPLE/0000381.png,origin_poisoned,poisoned,0,1,1,18.815038681030273,3.7683780193328857,15.046660423278809,0.9999996423721313,2.9195655315561453e-07
382,382,EXTERNAL_SAMPLE/0000382.png,origin_poisoned,poisoned,0,1,1,17.523778915405273,1.7975672483444214,15.726211547851562,0.9999997615814209,1.4797660696785897e-07
383,383,EXTERNAL_SAMPLE/0000383.png,origin_poisoned,poisoned,0,1,1,15.09721565246582,3.370591878890991,11.72662353515625,0.9999890327453613,8.075833648035768e-06
384,384,EXTERNAL_SAMPLE/0000384.png,origin_poisoned,poisoned,0,1,1,14.77731704711914,4.9374680519104,9.839849472045898,0.9999428987503052,5.328228871803731e-05
385,385,EXTERNAL_SAMPLE/0000385.png,origin_poisoned,poisoned,0,1,1,18.52833366394043,6.075950622558594,12.452383041381836,0.9999960660934448,3.908382495865226e-06
386,386,EXTERNAL_SAMPLE/0000386.png,origin_poisoned,poisoned,0,1,1,16.584463119506836,3.0569212436676025,13.527542114257812,0.9999980926513672,1.3337127029444673e-06
387,387,EXTERNAL_SAMPLE/0000387.png,origin_poisoned,poisoned,1,1,1,24.597963333129883,24.597963333129883,0.0,1.0,1.0
388,388,EXTERNAL_SAMPLE/0000388.png,origin_poisoned,poisoned,1,1,1,26.27811622619629,26.27811622619629,0.0,1.0,1.0
389,389,EXTERNAL_SAMPLE/0000389.png,origin_poisoned,poisoned,1,1,1,25.33161735534668,25.33161735534668,0.0,1.0,1.0
390,390,EXTERNAL_SAMPLE/0000390.png,origin_poisoned,poisoned,1,1,1,22.596492767333984,22.596492767333984,0.0,1.0,1.0
391,391,EXTERNAL_SAMPLE/0000391.png,origin_poisoned,poisoned,1,1,1,24.258684158325195,24.258684158325195,0.0,1.0,1.0
392,392,EXTERNAL_SAMPLE/0000392.png,origin_poisoned,poisoned,1,1,1,27.790178298950195,27.790178298950195,0.0,1.0,1.0
393,393,EXTERNAL_SAMPLE/0000393.png,origin_poisoned,poisoned,1,1,1,21.580629348754883,21.580629348754883,0.0,1.0,1.0
394,394,EXTERNAL_SAMPLE/0000394.png,origin_poisoned,poisoned,1,1,1,14.985326766967773,14.985326766967773,0.0,0.9999960660934448,0.9999960660934448
395,395,EXTERNAL_SAMPLE/0000395.png,origin_poisoned,poisoned,1,1,1,15.662589073181152,15.662589073181152,0.0,0.9999980926513672,0.9999980926513672
396,396,EXTERNAL_SAMPLE/0000396.png,origin_poisoned,poisoned,1,1,1,27.465131759643555,27.465131759643555,0.0,1.0,1.0
397,397,EXTERNAL_SAMPLE/0000397.png,origin_poisoned,poisoned,1,1,1,22.441675186157227,22.441675186157227,0.0,1.0,1.0
398,398,EXTERNAL_SAMPLE/0000398.png,origin_poisoned,poisoned,1,1,1,24.08234977722168,24.08234977722168,0.0,1.0,1.0
399,399,EXTERNAL_SAMPLE/0000399.png,origin_poisoned,poisoned,1,1,1,28.693971633911133,28.693971633911133,0.0,1.0,1.0
400,400,EXTERNAL_SAMPLE/0000400.png,origin_poisoned,poisoned,1,1,1,27.624982833862305,27.624982833862305,0.0,1.0,1.0
401,401,EXTERNAL_SAMPLE/0000401.png,origin_poisoned,poisoned,1,1,1,19.90755844116211,19.90755844116211,0.0,1.0,1.0
402,402,EXTERNAL_SAMPLE/0000402.png,origin_poisoned,poisoned,1,1,1,22.98636817932129,22.98636817932129,0.0,1.0,1.0
403,403,EXTERNAL_SAMPLE/0000403.png,origin_poisoned,poisoned,1,1,1,24.108749389648438,24.108749389648438,0.0,1.0,1.0
404,404,EXTERNAL_SAMPLE/0000404.png,origin_poisoned,poisoned,1,1,1,28.710145950317383,28.710145950317383,0.0,1.0,1.0
405,405,EXTERNAL_SAMPLE/0000405.png,origin_poisoned,poisoned,1,1,1,17.639856338500977,17.639856338500977,0.0,0.9999998807907104,0.9999998807907104
406,406,EXTERNAL_SAMPLE/0000406.png,origin_poisoned,poisoned,1,1,1,17.116239547729492,17.116239547729492,0.0,0.9999990463256836,0.9999990463256836
407,407,EXTERNAL_SAMPLE/0000407.png,origin_poisoned,poisoned,1,1,1,26.351106643676758,26.351106643676758,0.0,1.0,1.0
408,408,EXTERNAL_SAMPLE/0000408.png,origin_poisoned,poisoned,1,1,1,17.77570343017578,17.77570343017578,0.0,0.9999998807907104,0.9999998807907104
409,409,EXTERNAL_SAMPLE/0000409.png,origin_poisoned,poisoned,1,1,1,25.776033401489258,25.776033401489258,0.0,1.0,1.0
410,410,EXTERNAL_SAMPLE/0000410.png,origin_poisoned,poisoned,1,1,1,20.869821548461914,20.869821548461914,0.0,1.0,1.0
411,411,EXTERNAL_SAMPLE/0000411.png,origin_poisoned,poisoned,1,1,1,22.829435348510742,22.829435348510742,0.0,1.0,1.0
412,412,EXTERNAL_SAMPLE/0000412.png,origin_poisoned,poisoned,1,1,1,20.584016799926758,20.584016799926758,0.0,1.0,1.0
413,413,EXTERNAL_SAMPLE/0000413.png,origin_poisoned,poisoned,1,1,1,23.267602920532227,23.267602920532227,0.0,1.0,1.0
414,414,EXTERNAL_SAMPLE/0000414.png,origin_poisoned,poisoned,1,1,1,21.811765670776367,21.811765670776367,0.0,1.0,1.0
415,415,EXTERNAL_SAMPLE/0000415.png,origin_poisoned,poisoned,1,1,1,19.63533592224121,19.63533592224121,0.0,1.0,1.0
416,416,EXTERNAL_SAMPLE/0000416.png,origin_poisoned,poisoned,1,1,1,15.331618309020996,15.331618309020996,0.0,0.9999966621398926,0.9999966621398926
417,417,EXTERNAL_SAMPLE/0000417.png,origin_poisoned,poisoned,1,1,1,17.32917594909668,17.32917594909668,0.0,0.9999997615814209,0.9999997615814209
418,418,EXTERNAL_SAMPLE/0000418.png,origin_poisoned,poisoned,1,1,1,19.3784236907959,19.3784236907959,0.0,1.0,1.0
419,419,EXTERNAL_SAMPLE/0000419.png,origin_poisoned,poisoned,1,1,1,25.932804107666016,25.932804107666016,0.0,1.0,1.0
420,420,EXTERNAL_SAMPLE/0000420.png,origin_poisoned,poisoned,1,1,1,24.356287002563477,24.356287002563477,0.0,1.0,1.0
421,421,EXTERNAL_SAMPLE/0000421.png,origin_poisoned,poisoned,1,1,1,23.190404891967773,23.190404891967773,0.0,1.0,1.0
422,422,EXTERNAL_SAMPLE/0000422.png,origin_poisoned,poisoned,1,1,1,26.935630798339844,26.935630798339844,0.0,1.0,1.0
423,423,EXTERNAL_SAMPLE/0000423.png,origin_poisoned,poisoned,1,1,1,21.249696731567383,21.249696731567383,0.0,1.0,1.0
424,424,EXTERNAL_SAMPLE/0000424.png,origin_poisoned,poisoned,1,1,1,27.54804229736328,27.54804229736328,0.0,1.0,1.0
425,425,EXTERNAL_SAMPLE/0000425.png,origin_poisoned,poisoned,1,1,1,23.116058349609375,23.116058349609375,0.0,1.0,1.0
426,426,EXTERNAL_SAMPLE/0000426.png,origin_poisoned,poisoned,1,1,1,12.50031852722168,12.50031852722168,0.0,0.99993896484375,0.99993896484375
427,427,EXTERNAL_SAMPLE/0000427.png,origin_poisoned,poisoned,1,1,1,16.99140739440918,16.99140739440918,0.0,0.9999995231628418,0.9999995231628418
428,428,EXTERNAL_SAMPLE/0000428.png,origin_poisoned,poisoned,1,1,1,14.589974403381348,14.589974403381348,0.0,0.9999945163726807,0.9999945163726807
429,429,EXTERNAL_SAMPLE/0000429.png,origin_poisoned,poisoned,1,1,1,18.543888092041016,18.543888092041016,0.0,0.9999998807907104,0.9999998807907104
430,430,EXTERNAL_SAMPLE/0000430.png,origin_poisoned,poisoned,1,1,1,24.356403350830078,24.356403350830078,0.0,1.0,1.0
431,431,EXTERNAL_SAMPLE/0000431.png,origin_poisoned,poisoned,1,1,1,14.925065040588379,14.925065040588379,0.0,0.9999910593032837,0.9999910593032837
432,432,EXTERNAL_SAMPLE/0000432.png,origin_poisoned,poisoned,1,1,1,20.46980857849121,20.46980857849121,0.0,1.0,1.0
433,433,EXTERNAL_SAMPLE/0000433.png,origin_poisoned,poisoned,1,1,1,17.697465896606445,17.697465896606445,0.0,0.9999997615814209,0.9999997615814209
434,434,EXTERNAL_SAMPLE/0000434.png,origin_poisoned,poisoned,1,1,1,23.988998413085938,23.988998413085938,0.0,1.0,1.0
435,435,EXTERNAL_SAMPLE/0000435.png,origin_poisoned,poisoned,1,1,1,23.0880069732666,23.0880069732666,0.0,1.0,1.0
436,436,EXTERNAL_SAMPLE/0000436.png,origin_poisoned,poisoned,1,1,1,17.085752487182617,17.085752487182617,0.0,0.9999979734420776,0.9999979734420776
437,437,EXTERNAL_SAMPLE/0000437.png,origin_poisoned,poisoned,1,1,1,19.77888298034668,19.77888298034668,0.0,1.0,1.0
438,438,EXTERNAL_SAMPLE/0000438.png,origin_poisoned,poisoned,1,1,1,24.101177215576172,24.101177215576172,0.0,1.0,1.0
439,439,EXTERNAL_SAMPLE/0000439.png,origin_poisoned,poisoned,1,1,1,18.21051025390625,18.21051025390625,0.0,0.9999998807907104,0.9999998807907104
440,440,EXTERNAL_SAMPLE/0000440.png,origin_poisoned,poisoned,1,1,1,16.432775497436523,16.432775497436523,0.0,0.9999991655349731,0.9999991655349731
441,441,EXTERNAL_SAMPLE/0000441.png,origin_poisoned,poisoned,1,1,1,23.681570053100586,23.681570053100586,0.0,1.0,1.0
442,442,EXTERNAL_SAMPLE/0000442.png,origin_poisoned,poisoned,1,1,1,32.16108703613281,32.16108703613281,0.0,1.0,1.0
443,443,EXTERNAL_SAMPLE/0000443.png,origin_poisoned,poisoned,1,1,1,22.817035675048828,22.817035675048828,0.0,1.0,1.0
444,444,EXTERNAL_SAMPLE/0000444.png,origin_poisoned,poisoned,1,1,1,17.239290237426758,17.239290237426758,0.0,0.9999996423721313,0.9999996423721313
445,445,EXTERNAL_SAMPLE/0000445.png,origin_poisoned,poisoned,1,1,1,27.19202995300293,27.19202995300293,0.0,1.0,1.0
446,446,EXTERNAL_SAMPLE/0000446.png,origin_poisoned,poisoned,1,1,1,18.201906204223633,18.201906204223633,0.0,0.9999998807907104,0.9999998807907104
447,447,EXTERNAL_SAMPLE/0000447.png,origin_poisoned,poisoned,1,1,1,22.308412551879883,22.308412551879883,0.0,1.0,1.0
448,448,EXTERNAL_SAMPLE/0000448.png,origin_poisoned,poisoned,1,1,1,16.70336151123047,16.70336151123047,0.0,0.9999991655349731,0.9999991655349731
449,449,EXTERNAL_SAMPLE/0000449.png,origin_poisoned,poisoned,1,1,1,24.41764259338379,24.41764259338379,0.0,1.0,1.0
450,450,EXTERNAL_SAMPLE/0000450.png,origin_poisoned,poisoned,1,1,1,24.66160774230957,24.66160774230957,0.0,1.0,1.0
451,451,EXTERNAL_SAMPLE/0000451.png,origin_poisoned,poisoned,1,1,1,22.180635452270508,22.180635452270508,0.0,1.0,1.0
452,452,EXTERNAL_SAMPLE/0000452.png,origin_poisoned,poisoned,1,1,1,19.886009216308594,19.886009216308594,0.0,1.0,1.0
453,453,EXTERNAL_SAMPLE/0000453.png,origin_poisoned,poisoned,1,1,1,22.803817749023438,22.803817749023438,0.0,1.0,1.0
454,454,EXTERNAL_SAMPLE/0000454.png,origin_poisoned,poisoned,1,1,1,25.225976943969727,25.225976943969727,0.0,1.0,1.0
455,455,EXTERNAL_SAMPLE/0000455.png,origin_poisoned,poisoned,1,1,1,27.579072952270508,27.579072952270508,0.0,1.0,1.0
456,456,EXTERNAL_SAMPLE/0000456.png,origin_poisoned,poisoned,1,1,1,16.64886474609375,16.64886474609375,0.0,0.9999992847442627,0.9999992847442627
457,457,EXTERNAL_SAMPLE/0000457.png,origin_poisoned,poisoned,1,1,1,23.491561889648438,23.491561889648438,0.0,1.0,1.0
458,458,EXTERNAL_SAMPLE/0000458.png,origin_poisoned,poisoned,1,1,1,20.062116622924805,20.062116622924805,0.0,1.0,1.0
459,459,EXTERNAL_SAMPLE/0000459.png,origin_poisoned,poisoned,1,1,1,19.290719985961914,19.290719985961914,0.0,1.0,1.0
460,460,EXTERNAL_SAMPLE/0000460.png,origin_poisoned,poisoned,1,1,1,24.530498504638672,24.530498504638672,0.0,1.0,1.0
461,461,EXTERNAL_SAMPLE/0000461.png,origin_poisoned,poisoned,1,1,1,16.431781768798828,16.431781768798828,0.0,0.9999992847442627,0.9999992847442627
462,462,EXTERNAL_SAMPLE/0000462.png,origin_poisoned,poisoned,1,1,1,27.24396514892578,27.24396514892578,0.0,1.0,1.0
463,463,EXTERNAL_SAMPLE/0000463.png,origin_poisoned,poisoned,1,1,1,25.819013595581055,25.819013595581055,0.0,1.0,1.0
464,464,EXTERNAL_SAMPLE/0000464.png,origin_poisoned,poisoned,1,1,1,28.736473083496094,28.736473083496094,0.0,1.0,1.0
465,465,EXTERNAL_SAMPLE/0000465.png,origin_poisoned,poisoned,1,1,1,17.672334671020508,17.672334671020508,0.0,0.9999992847442627,0.9999992847442627
466,466,EXTERNAL_SAMPLE/0000466.png,origin_poisoned,poisoned,1,1,1,10.29405689239502,10.29405689239502,0.0,0.9965741634368896,0.9965741634368896
467,467,EXTERNAL_SAMPLE/0000467.png,origin_poisoned,poisoned,1,1,1,18.546672821044922,18.546672821044922,0.0,1.0,1.0
468,468,EXTERNAL_SAMPLE/0000468.png,origin_poisoned,poisoned,1,1,1,29.940031051635742,29.940031051635742,0.0,1.0,1.0
469,469,EXTERNAL_SAMPLE/0000469.png,origin_poisoned,poisoned,1,1,1,26.58854866027832,26.58854866027832,0.0,1.0,1.0
470,470,EXTERNAL_SAMPLE/0000470.png,origin_poisoned,poisoned,1,1,1,17.98611831665039,17.98611831665039,0.0,0.9999997615814209,0.9999997615814209
471,471,EXTERNAL_SAMPLE/0000471.png,origin_poisoned,poisoned,1,1,1,18.6391544342041,18.6391544342041,0.0,0.9999997615814209,0.9999997615814209
472,472,EXTERNAL_SAMPLE/0000472.png,origin_poisoned,poisoned,1,1,1,25.382402420043945,25.382402420043945,0.0,1.0,1.0
473,473,EXTERNAL_SAMPLE/0000473.png,origin_poisoned,poisoned,1,1,1,25.46582794189453,25.46582794189453,0.0,1.0,1.0
474,474,EXTERNAL_SAMPLE/0000474.png,origin_poisoned,poisoned,1,1,1,27.36092185974121,27.36092185974121,0.0,1.0,1.0
475,475,EXTERNAL_SAMPLE/0000475.png,origin_poisoned,poisoned,1,1,1,18.811960220336914,18.811960220336914,0.0,1.0,1.0
476,476,EXTERNAL_SAMPLE/0000476.png,origin_poisoned,poisoned,1,1,1,20.7699031829834,20.7699031829834,0.0,1.0,1.0
477,477,EXTERNAL_SAMPLE/0000477.png,origin_poisoned,poisoned,1,1,1,28.80158042907715,28.80158042907715,0.0,1.0,1.0
478,478,EXTERNAL_SAMPLE/0000478.png,origin_poisoned,poisoned,1,1,1,15.841906547546387,15.841906547546387,0.0,0.999997615814209,0.999997615814209
479,479,EXTERNAL_SAMPLE/0000479.png,origin_poisoned,poisoned,1,1,1,29.424962997436523,29.424962997436523,0.0,1.0,1.0
480,480,EXTERNAL_SAMPLE/0000480.png,origin_poisoned,poisoned,1,1,1,25.66773796081543,25.66773796081543,0.0,1.0,1.0
481,481,EXTERNAL_SAMPLE/0000481.png,origin_poisoned,poisoned,1,1,1,26.254758834838867,26.254758834838867,0.0,1.0,1.0
482,482,EXTERNAL_SAMPLE/0000482.png,origin_poisoned,poisoned,1,1,1,19.260536193847656,19.260536193847656,0.0,1.0,1.0
483,483,EXTERNAL_SAMPLE/0000483.png,origin_poisoned,poisoned,1,1,1,17.75881004333496,17.75881004333496,0.0,0.9999998807907104,0.9999998807907104
484,484,EXTERNAL_SAMPLE/0000484.png,origin_poisoned,poisoned,1,1,1,19.250484466552734,19.250484466552734,0.0,1.0,1.0
485,485,EXTERNAL_SAMPLE/0000485.png,origin_poisoned,poisoned,1,1,1,23.343420028686523,23.343420028686523,0.0,1.0,1.0
486,486,EXTERNAL_SAMPLE/0000486.png,origin_poisoned,poisoned,1,1,1,19.838825225830078,19.838825225830078,0.0,1.0,1.0
487,487,EXTERNAL_SAMPLE/0000487.png,origin_poisoned,poisoned,1,1,1,23.77701759338379,23.77701759338379,0.0,1.0,1.0
488,488,EXTERNAL_SAMPLE/0000488.png,origin_poisoned,poisoned,1,1,1,26.62702751159668,26.62702751159668,0.0,1.0,1.0
489,489,EXTERNAL_SAMPLE/0000489.png,origin_poisoned,poisoned,1,1,1,23.692508697509766,23.692508697509766,0.0,1.0,1.0
490,490,EXTERNAL_SAMPLE/0000490.png,origin_poisoned,poisoned,1,1,1,22.25442886352539,22.25442886352539,0.0,1.0,1.0
491,491,EXTERNAL_SAMPLE/0000491.png,origin_poisoned,poisoned,1,1,1,23.115299224853516,23.115299224853516,0.0,1.0,1.0
492,492,EXTERNAL_SAMPLE/0000492.png,origin_poisoned,poisoned,1,1,1,22.98579216003418,22.98579216003418,0.0,1.0,1.0
493,493,EXTERNAL_SAMPLE/0000493.png,origin_poisoned,poisoned,1,1,1,23.51408576965332,23.51408576965332,0.0,1.0,1.0
494,494,EXTERNAL_SAMPLE/0000494.png,origin_poisoned,poisoned,1,1,1,25.499656677246094,25.499656677246094,0.0,1.0,1.0
495,495,EXTERNAL_SAMPLE/0000495.png,origin_poisoned,poisoned,1,1,1,21.71184539794922,21.71184539794922,0.0,1.0,1.0
496,496,EXTERNAL_SAMPLE/0000496.png,origin_poisoned,poisoned,1,1,1,27.111007690429688,27.111007690429688,0.0,1.0,1.0
497,497,EXTERNAL_SAMPLE/0000497.png,origin_poisoned,poisoned,1,1,1,16.095491409301758,16.095491409301758,0.0,0.9999983310699463,0.9999983310699463
498,498,EXTERNAL_SAMPLE/0000498.png,origin_poisoned,poisoned,1,1,1,29.88179588317871,29.88179588317871,0.0,1.0,1.0
499,499,EXTERNAL_SAMPLE/0000499.png,origin_poisoned,poisoned,1,1,1,21.84537696838379,21.84537696838379,0.0,1.0,1.0
500,500,EXTERNAL_SAMPLE/0000500.png,origin_poisoned,poisoned,1,1,1,23.542722702026367,23.542722702026367,0.0,1.0,1.0
501,501,EXTERNAL_SAMPLE/0000501.png,origin_poisoned,poisoned,1,1,1,20.320058822631836,20.320058822631836,0.0,1.0,1.0
502,502,EXTERNAL_SAMPLE/0000502.png,origin_poisoned,poisoned,1,1,1,22.558149337768555,22.558149337768555,0.0,1.0,1.0
503,503,EXTERNAL_SAMPLE/0000503.png,origin_poisoned,poisoned,1,1,1,25.3787784576416,25.3787784576416,0.0,1.0,1.0
504,504,EXTERNAL_SAMPLE/0000504.png,origin_poisoned,poisoned,1,1,1,25.07680892944336,25.07680892944336,0.0,1.0,1.0
505,505,EXTERNAL_SAMPLE/0000505.png,origin_poisoned,poisoned,1,1,1,24.043134689331055,24.043134689331055,0.0,1.0,1.0
506,506,EXTERNAL_SAMPLE/0000506.png,origin_poisoned,poisoned,1,1,1,23.3497257232666,23.3497257232666,0.0,1.0,1.0
507,507,EXTERNAL_SAMPLE/0000507.png,origin_poisoned,poisoned,1,1,1,25.649293899536133,25.649293899536133,0.0,1.0,1.0
508,508,EXTERNAL_SAMPLE/0000508.png,origin_poisoned,poisoned,1,1,1,18.18962287902832,18.18962287902832,0.0,0.9999998807907104,0.9999998807907104
509,509,EXTERNAL_SAMPLE/0000509.png,origin_poisoned,poisoned,1,1,1,26.38743019104004,26.38743019104004,0.0,1.0,1.0
510,510,EXTERNAL_SAMPLE/0000510.png,origin_poisoned,poisoned,1,1,1,18.89552879333496,18.89552879333496,0.0,1.0,1.0
511,511,EXTERNAL_SAMPLE/0000511.png,origin_poisoned,poisoned,1,1,1,28.232812881469727,28.232812881469727,0.0,1.0,1.0
0,0,EXTERNAL_SAMPLE/0000000.png,degradation_clean,clean,0,1,0,2.818873167037964,8.123908042907715,-5.305034637451172,0.004902338143438101,0.9870758652687073
1,1,EXTERNAL_SAMPLE/0000001.png,degradation_clean,clean,0,1,0,1.325526475906372,8.20757007598877,-6.882043838500977,0.0010146889835596085,0.9889323711395264
2,2,EXTERNAL_SAMPLE/0000002.png,degradation_clean,clean,0,1,0,-0.009426839649677277,12.123948097229004,-12.13337516784668,5.37574169356958e-06,0.999761164188385
3,3,EXTERNAL_SAMPLE/0000003.png,degradation_clean,clean,0,1,0,0.31032341718673706,17.57171058654785,-17.26138687133789,3.187679453731107e-08,0.9999992847442627
4,4,EXTERNAL_SAMPLE/0000004.png,degradation_clean,clean,0,1,0,0.9841188788414001,4.148922920227051,-3.164803981781006,0.018566345795989037,0.43972718715667725
5,5,EXTERNAL_SAMPLE/0000005.png,degradation_clean,clean,0,1,0,4.169938564300537,9.321351051330566,-5.151412487030029,0.00573813496157527,0.9908336997032166
6,6,EXTERNAL_SAMPLE/0000006.png,degradation_clean,clean,0,1,0,1.4549198150634766,6.5149455070495605,-5.060025691986084,0.005858014803379774,0.923191249370575
7,7,EXTERNAL_SAMPLE/0000007.png,degradation_clean,clean,0,1,0,2.2010397911071777,8.205692291259766,-6.004652500152588,0.0023948298767209053,0.9706488251686096
8,8,EXTERNAL_SAMPLE/0000008.png,degradation_clean,clean,0,1,0,4.63556432723999,9.862760543823242,-5.227196216583252,0.00532500259578228,0.9918872714042664
9,9,EXTERNAL_SAMPLE/0000009.png,degradation_clean,clean,0,1,0,1.4017525911331177,11.440437316894531,-10.038684844970703,4.366102803032845e-05,0.9996302127838135
10,10,EXTERNAL_SAMPLE/0000010.png,degradation_clean,clean,0,1,0,2.139634370803833,8.039213180541992,-5.899579048156738,0.0026884526014328003,0.9809730052947998
11,11,EXTERNAL_SAMPLE/0000011.png,degradation_clean,clean,0,1,0,3.4378628730773926,4.895933628082275,-1.4580707550048828,0.1649770438671112,0.7090153098106384
12,12,EXTERNAL_SAMPLE/0000012.png,degradation_clean,clean,0,1,0,2.089203119277954,7.139684200286865,-5.050480842590332,0.00614920211955905,0.9598751664161682
13,13,EXTERNAL_SAMPLE/0000013.png,degradation_clean,clean,0,1,0,2.5797278881073,7.971038818359375,-5.391310691833496,0.0044993930496275425,0.9875757694244385
14,14,EXTERNAL_SAMPLE/0000014.png,degradation_clean,clean,0,1,0,1.3613362312316895,20.28301239013672,-18.921676635742188,6.059269530567235e-09,1.0
15,15,EXTERNAL_SAMPLE/0000015.png,degradation_clean,clean,0,1,0,0.6309137940406799,8.431737899780273,-7.800824165344238,0.00040383433224633336,0.9864115118980408
16,16,EXTERNAL_SAMPLE/0000016.png,degradation_clean,clean,0,1,7,0.8822134733200073,3.1244406700134277,-2.242227077484131,0.03330976888537407,0.31358739733695984
17,17,EXTERNAL_SAMPLE/0000017.png,degradation_clean,clean,0,1,0,1.4530558586120605,7.82057523727417,-6.367519378662109,0.0016835915157571435,0.9808785915374756
18,18,EXTERNAL_SAMPLE/0000018.png,degradation_clean,clean,0,1,0,1.0446537733078003,11.138335227966309,-10.093681335449219,4.131760579184629e-05,0.9994596838951111
19,19,EXTERNAL_SAMPLE/0000019.png,degradation_clean,clean,0,1,0,1.8946627378463745,6.972259998321533,-5.077597141265869,0.00594296446070075,0.9531815052032471
20,20,EXTERNAL_SAMPLE/0000020.png,degradation_clean,clean,0,1,0,0.24703657627105713,14.191374778747559,-13.944337844848633,8.791138270680676e-07,0.9999864101409912
21,21,EXTERNAL_SAMPLE/0000021.png,degradation_clean,clean,0,1,3,1.6513978242874146,3.2553012371063232,-1.6039034128189087,0.0452737882733345,0.22511959075927734
22,22,EXTERNAL_SAMPLE/0000022.png,degradation_clean,clean,0,1,0,0.2858528792858124,6.861244201660156,-6.5753912925720215,0.0013474659062922,0.966437816619873
23,23,EXTERNAL_SAMPLE/0000023.png,degradation_clean,clean,0,1,0,1.7026287317276,11.218757629394531,-9.516128540039062,7.362684846157208e-05,0.9996277093887329
24,24,EXTERNAL_SAMPLE/0000024.png,degradation_clean,clean,0,1,0,1.2281864881515503,7.856067657470703,-6.627881050109863,0.0012590432306751609,0.9516841173171997
25,25,EXTERNAL_SAMPLE/0000025.png,degradation_clean,clean,0,1,0,0.6317988038063049,12.002089500427246,-11.370290756225586,1.1529529729159549e-05,0.9996918439865112
26,26,EXTERNAL_SAMPLE/0000026.png,degradation_clean,clean,0,1,3,1.3739240169525146,3.408423662185669,-2.0344996452331543,0.03068459779024124,0.23468880355358124
27,27,EXTERNAL_SAMPLE/0000027.png,degradation_clean,clean,0,1,0,0.6528801321983337,9.973777770996094,-9.320898056030273,8.941178384702653e-05,0.9986408352851868
28,28,EXTERNAL_SAMPLE/0000028.png,degradation_clean,clean,0,1,0,1.2813111543655396,11.845335006713867,-10.564023971557617,2.582413981144782e-05,0.9998231530189514
29,29,EXTERNAL_SAMPLE/0000029.png,degradation_clean,clean,0,1,0,-0.007558681070804596,9.851139068603516,-9.858697891235352,5.205379784456454e-05,0.9954753518104553
30,30,EXTERNAL_SAMPLE/0000030.png,degradation_clean,clean,0,1,0,1.5935081243515015,16.749675750732422,-15.156167984008789,2.616731649141002e-07,0.9999984502792358
31,31,EXTERNAL_SAMPLE/0000031.png,degradation_clean,clean,0,1,0,1.4580678939819336,8.582737922668457,-7.124670028686523,0.0007983124232850969,0.9916941523551941
32,32,EXTERNAL_SAMPLE/0000032.png,degradation_clean,clean,0,1,0,1.8587496280670166,8.340766906738281,-6.482017517089844,0.001514290808700025,0.9892674088478088
33,33,EXTERNAL_SAMPLE/0000033.png,degradation_clean,clean,0,1,0,0.6107886433601379,8.962759971618652,-8.351971626281738,0.00023520994000136852,0.9969442486763
34,34,EXTERNAL_SAMPLE/0000034.png,degradation_clean,clean,0,1,2,-0.5846186280250549,5.691781520843506,-6.276400089263916,0.0005307328538037837,0.28228116035461426
35,35,EXTERNAL_SAMPLE/0000035.png,degradation_clean,clean,0,1,0,2.4928221702575684,9.344998359680176,-6.852176189422607,0.0010539278155192733,0.9969494938850403
36,36,EXTERNAL_SAMPLE/0000036.png,degradation_clean,clean,0,1,0,0.030766792595386505,12.702632904052734,-12.671866416931152,3.1380061500385636e-06,0.9999433755874634
37,37,EXTERNAL_SAMPLE/0000037.png,degradation_clean,clean,0,1,0,1.7258656024932861,5.854663372039795,-4.12879753112793,0.012895876541733742,0.800875186920166
38,38,EXTERNAL_SAMPLE/0000038.png,degradation_clean,clean,0,1,0,-0.11277804523706436,11.409282684326172,-11.52206039428711,9.902341844281182e-06,0.9993213415145874
39,39,EXTERNAL_SAMPLE/0000039.png,degradation_clean,clean,0,1,0,2.41247820854187,14.274759292602539,-11.86228084564209,7.0513087848667055e-06,0.999983549118042
40,40,EXTERNAL_SAMPLE/0000040.png,degradation_clean,clean,0,1,0,1.6860281229019165,9.955608367919922,-8.269579887390137,0.00025587770505808294,0.9987697005271912
41,41,EXTERNAL_SAMPLE/0000041.png,degradation_clean,clean,0,1,0,4.897787570953369,12.571202278137207,-7.673414707183838,0.00046478654257953167,0.9994825124740601
42,42,EXTERNAL_SAMPLE/0000042.png,degradation_clean,clean,0,1,0,2.833679676055908,18.368772506713867,-15.535093307495117,1.7914082661718567e-07,0.9999997615814209
43,43,EXTERNAL_SAMPLE/0000043.png,degradation_clean,clean,0,1,0,2.2419393062591553,9.976404190063477,-7.734464645385742,0.00043696779175661504,0.9988142251968384
44,44,EXTERNAL_SAMPLE/0000044.png,degradation_clean,clean,0,1,0,0.5220771431922913,5.167856216430664,-4.645779132843018,0.005661746487021446,0.5896396040916443
45,45,EXTERNAL_SAMPLE/0000045.png,degradation_clean,clean,0,1,0,1.5444426536560059,9.275629997253418,-7.731187343597412,0.00043757882667705417,0.9969383478164673
46,46,EXTERNAL_SAMPLE/0000046.png,degradation_clean,clean,0,1,0,-0.3438502252101898,9.685267448425293,-10.029117584228516,4.395006544655189e-05,0.9966667294502258
47,47,EXTERNAL_SAMPLE/0000047.png,degradation_clean,clean,0,1,0,1.4409730434417725,6.515564441680908,-5.074591636657715,0.00583636062219739,0.9332741498947144
48,48,EXTERNAL_SAMPLE/0000048.png,degradation_clean,clean,0,1,0,2.8751091957092285,10.72716236114502,-7.852053165435791,0.00038856046739965677,0.9989919066429138
49,49,EXTERNAL_SAMPLE/0000049.png,degradation_clean,clean,0,1,0,2.2375636100769043,6.810593605041504,-4.5730299949646,0.009795873425900936,0.9486037492752075
50,50,EXTERNAL_SAMPLE/0000050.png,degradation_clean,clean,0,1,0,0.5001029372215271,8.307636260986328,-7.807533264160156,0.0003825393214356154,0.9406859874725342
51,51,EXTERNAL_SAMPLE/0000051.png,degradation_clean,clean,0,1,0,1.6870676279067993,5.257294654846191,-3.5702271461486816,0.022633319720625877,0.8040410280227661
52,52,EXTERNAL_SAMPLE/0000052.png,degradation_clean,clean,0,1,0,0.24632972478866577,12.002498626708984,-11.756169319152832,7.839332283765543e-06,0.9998124241828918
53,53,EXTERNAL_SAMPLE/0000053.png,degradation_clean,clean,0,1,0,1.4752336740493774,6.061672687530518,-4.58643913269043,0.009494110010564327,0.9317930936813354
54,54,EXTERNAL_SAMPLE/0000054.png,degradation_clean,clean,0,1,0,2.4613070487976074,6.397308349609375,-3.9360013008117676,0.018465926870703697,0.9457030296325684
55,55,EXTERNAL_SAMPLE/0000055.png,degradation_clean,clean,0,1,0,1.0273021459579468,18.330286026000977,-17.3029842376709,3.0578021892324614e-08,0.9999998807907104
56,56,EXTERNAL_SAMPLE/0000056.png,degradation_clean,clean,0,1,0,2.808837890625,6.0429582595825195,-3.2341203689575195,0.03233250603079796,0.8207294344902039
57,57,EXTERNAL_SAMPLE/0000057.png,degradation_clean,clean,0,1,0,2.0882656574249268,10.18761157989502,-8.099346160888672,0.0003033733810298145,0.9988006353378296
58,58,EXTERNAL_SAMPLE/0000058.png,degradation_clean,clean,0,1,0,2.0123708248138428,5.573699474334717,-3.561328649520874,0.020952027291059494,0.7377197742462158
59,59,EXTERNAL_SAMPLE/0000059.png,degradation_clean,clean,0,1,0,0.8790794014930725,6.983546733856201,-6.104467391967773,0.0021636239252984524,0.9689877033233643
60,60,EXTERNAL_SAMPLE/0000060.png,degradation_clean,clean,0,1,0,1.263896107673645,5.4114670753479,-4.147571086883545,0.012298800982534885,0.7782694697380066
61,61,EXTERNAL_SAMPLE/0000061.png,degradation_clean,clean,0,1,0,2.4298200607299805,7.650859355926514,-5.221039295196533,0.004996530245989561,0.924990177154541
62,62,EXTERNAL_SAMPLE/0000062.png,degradation_clean,clean,0,1,0,1.9108673334121704,8.516989707946777,-6.6061224937438965,0.0013456332962960005,0.9952432513237
63,63,EXTERNAL_SAMPLE/0000063.png,degradation_clean,clean,0,1,0,2.8151333332061768,8.899617195129395,-6.084484100341797,0.0022564558312296867,0.9905688762664795
64,64,EXTERNAL_SAMPLE/0000064.png,degradation_clean,clean,0,1,0,1.6936858892440796,15.3244047164917,-13.630719184875488,1.2029619256281876e-06,0.9999953508377075
65,65,EXTERNAL_SAMPLE/0000065.png,degradation_clean,clean,0,1,0,1.3544650077819824,15.126130104064941,-13.771665573120117,1.044815689965617e-06,0.9999955892562866
66,66,EXTERNAL_SAMPLE/0000066.png,degradation_clean,clean,0,1,0,-0.10926038771867752,9.376983642578125,-9.486244201660156,7.568752334918827e-05,0.9973505735397339
67,67,EXTERNAL_SAMPLE/0000067.png,degradation_clean,clean,0,1,0,4.121603488922119,4.591958045959473,-0.4703545570373535,0.3227611780166626,0.5165991187095642
68,68,EXTERNAL_SAMPLE/0000068.png,degradation_clean,clean,0,1,0,0.7573930621147156,14.895484924316406,-14.138092041015625,7.242657034112199e-07,0.9999845027923584
69,69,EXTERNAL_SAMPLE/0000069.png,degradation_clean,clean,0,1,0,1.632360577583313,9.803837776184082,-8.171477317810059,0.0002822877140715718,0.9988941550254822
70,70,EXTERNAL_SAMPLE/0000070.png,degradation_clean,clean,0,1,0,1.9128084182739258,14.40236759185791,-12.489559173583984,3.7657187021977734e-06,0.9999873638153076
71,71,EXTERNAL_SAMPLE/0000071.png,degradation_clean,clean,0,1,0,2.281787395477295,6.423086643218994,-4.141299247741699,0.0144435353577137,0.9082739949226379
72,72,EXTERNAL_SAMPLE/0000072.png,degradation_clean,clean,0,1,0,0.4798157215118408,19.146549224853516,-18.666732788085938,7.818813152482562e-09,0.9999997615814209
73,73,EXTERNAL_SAMPLE/0000073.png,degradation_clean,clean,0,1,0,0.38664305210113525,14.327661514282227,-13.941018104553223,8.820382504381996e-07,0.9999877214431763
74,74,EXTERNAL_SAMPLE/0000074.png,degradation_clean,clean,0,1,0,1.8216028213500977,7.038631916046143,-5.217029094696045,0.005097992718219757,0.9399963021278381
75,75,EXTERNAL_SAMPLE/0000075.png,degradation_clean,clean,0,1,0,-0.41631633043289185,11.622650146484375,-12.038966178894043,5.905893431190634e-06,0.9994065761566162
76,76,EXTERNAL_SAMPLE/0000076.png,degradation_clean,clean,0,1,0,0.5422380566596985,20.73004722595215,-20.187808990478516,1.70822855860564e-09,1.0
77,77,EXTERNAL_SAMPLE/0000077.png,degradation_clean,clean,0,1,0,1.992676019668579,10.854942321777344,-8.862266540527344,0.00014156805991660804,0.9995367527008057
78,78,EXTERNAL_SAMPLE/0000078.png,degradation_clean,clean,0,1,0,1.416872262954712,9.503130912780762,-8.086258888244629,0.0003069289377890527,0.9973680377006531
79,79,EXTERNAL_SAMPLE/0000079.png,degradation_clean,clean,0,1,0,0.5438512563705444,16.44169807434082,-15.897847175598145,1.246383760644676e-07,0.9999978542327881
80,80,EXTERNAL_SAMPLE/0000080.png,degradation_clean,clean,0,1,0,3.0260205268859863,9.406332969665527,-6.380312442779541,0.0016870724502950907,0.9955618381500244
81,81,EXTERNAL_SAMPLE/0000081.png,degradation_clean,clean,0,1,0,1.919634461402893,15.117087364196777,-13.197452545166016,1.8553035943114082e-06,0.9999903440475464
82,82,EXTERNAL_SAMPLE/0000082.png,degradation_clean,clean,0,1,0,-0.008409716188907623,15.375761032104492,-15.384170532226562,2.0832129621339845e-07,0.9999862909317017
83,83,EXTERNAL_SAMPLE/0000083.png,degradation_clean,clean,0,1,0,0.19447454810142517,15.697686195373535,-15.503211975097656,1.8494371545330068e-07,0.999997615814209
84,84,EXTERNAL_SAMPLE/0000084.png,degradation_clean,clean,0,1,0,1.305067539215088,13.579573631286621,-12.274505615234375,4.669144345825771e-06,0.9999709129333496
85,85,EXTERNAL_SAMPLE/0000085.png,degradation_clean,clean,0,1,0,0.8681690096855164,10.716259002685547,-9.848090171813965,5.281356061459519e-05,0.9993477463722229
86,86,EXTERNAL_SAMPLE/0000086.png,degradation_clean,clean,0,1,0,1.4995639324188232,7.256058692932129,-5.756494522094727,0.0030179868917912245,0.9544016122817993
87,87,EXTERNAL_SAMPLE/0000087.png,degradation_clean,clean,0,1,0,1.3919810056686401,10.5774507522583,-9.185469627380371,0.00010243766155326739,0.9992138147354126
88,88,EXTERNAL_SAMPLE/0000088.png,degradation_clean,clean,0,1,0,-0.06793538480997086,9.611641883850098,-9.679576873779297,6.236562330741435e-05,0.9970847964286804
89,89,EXTERNAL_SAMPLE/0000089.png,degradation_clean,clean,0,1,0,2.3278727531433105,8.638219833374023,-6.310347080230713,0.0017983916914090514,0.9895396828651428
90,90,EXTERNAL_SAMPLE/0000090.png,degradation_clean,clean,0,1,0,2.778148651123047,4.774522304534912,-1.9963736534118652,0.10309754312038422,0.7590360045433044
91,91,EXTERNAL_SAMPLE/0000091.png,degradation_clean,clean,0,1,0,2.3078129291534424,8.051671981811523,-5.74385929107666,0.003109164070338011,0.9708899855613708
92,92,EXTERNAL_SAMPLE/0000092.png,degradation_clean,clean,0,1,0,1.0214756727218628,4.354285717010498,-3.3328099250793457,0.01628505438566208,0.456257700920105
93,93,EXTERNAL_SAMPLE/0000093.png,degradation_clean,clean,0,1,0,1.1538217067718506,8.203413009643555,-7.049591064453125,0.000860700209159404,0.9918599724769592
94,94,EXTERNAL_SAMPLE/0000094.png,degradation_clean,clean,0,1,9,-0.32847508788108826,2.0468876361846924,-2.3753626346588135,0.0126261031255126,0.13579264283180237
95,95,EXTERNAL_SAMPLE/0000095.png,degradation_clean,clean,0,1,0,1.33381187915802,5.339315891265869,-4.005504131317139,0.013067569583654404,0.7174029350280762
96,96,EXTERNAL_SAMPLE/0000096.png,degradation_clean,clean,0,1,0,0.9396951794624329,13.351856231689453,-12.412160873413086,4.068639100296423e-06,0.999958872795105
97,97,EXTERNAL_SAMPLE/0000097.png,degradation_clean,clean,0,1,0,3.5641050338745117,15.14433765411377,-11.580232620239258,9.348946150566917e-06,0.9999855756759644
98,98,EXTERNAL_SAMPLE/0000098.png,degradation_clean,clean,0,1,0,0.795466959476471,6.591001033782959,-5.795534133911133,0.0028883612249046564,0.9497734308242798
99,99,EXTERNAL_SAMPLE/0000099.png,degradation_clean,clean,0,1,0,2.117762804031372,7.1254496574401855,-5.007686614990234,0.005699115805327892,0.8523503541946411
100,100,EXTERNAL_SAMPLE/0000100.png,degradation_clean,clean,0,1,0,1.483029842376709,6.106207370758057,-4.623177528381348,0.008658102713525295,0.881542444229126
101,101,EXTERNAL_SAMPLE/0000101.png,degradation_clean,clean,0,1,9,2.0729575157165527,3.500744342803955,-1.4277868270874023,0.07017838209867477,0.29260605573654175
102,102,EXTERNAL_SAMPLE/0000102.png,degradation_clean,clean,0,1,0,0.9215981364250183,9.495333671569824,-8.573735237121582,0.00018827905296348035,0.9961572289466858
103,103,EXTERNAL_SAMPLE/0000103.png,degradation_clean,clean,0,1,0,1.0709394216537476,19.958362579345703,-18.887422561645508,6.270419738996225e-09,1.0
104,104,EXTERNAL_SAMPLE/0000104.png,degradation_clean,clean,0,1,0,0.9495922923088074,9.684077262878418,-8.734484672546387,0.00016039414913393557,0.9966140389442444
105,105,EXTERNAL_SAMPLE/0000105.png,degradation_clean,clean,0,1,0,0.7009137868881226,14.963723182678223,-14.262809753417969,6.393491958078812e-07,0.9999946355819702
106,106,EXTERNAL_SAMPLE/0000106.png,degradation_clean,clean,0,1,0,0.6664378046989441,9.281923294067383,-8.615485191345215,0.00018006443860940635,0.993311882019043
107,107,EXTERNAL_SAMPLE/0000107.png,degradation_clean,clean,0,1,0,0.8646054863929749,9.140259742736816,-8.275653839111328,0.0002540363639127463,0.9976235032081604
108,108,EXTERNAL_SAMPLE/0000108.png,degradation_clean,clean,0,1,0,0.7530326247215271,15.765247344970703,-15.012214660644531,3.021869758867979e-07,0.9999947547912598
109,109,EXTERNAL_SAMPLE/0000109.png,degradation_clean,clean,0,1,0,3.43523907661438,7.6466755867004395,-4.2114362716674805,0.014388424344360828,0.9705473780632019
110,110,EXTERNAL_SAMPLE/0000110.png,degradation_clean,clean,0,1,0,1.4320697784423828,8.88820743560791,-7.456137657165527,0.0005756487953476608,0.9961323738098145
111,111,EXTERNAL_SAMPLE/0000111.png,degradation_clean,clean,0,1,0,1.0027350187301636,7.505371570587158,-6.502636432647705,0.0014602314913645387,0.9738247394561768
112,112,EXTERNAL_SAMPLE/0000112.png,degradation_clean,clean,0,1,0,0.25761187076568604,16.540803909301758,-16.283191680908203,8.478113500132167e-08,0.9999988079071045
113,113,EXTERNAL_SAMPLE/0000113.png,degradation_clean,clean,0,1,2,0.11461114138364792,2.250744581222534,-2.1361334323883057,0.012074957601726055,0.10223428159952164
114,114,EXTERNAL_SAMPLE/0000114.png,degradation_clean,clean,0,1,0,2.6040945053100586,5.492575168609619,-2.8884806632995605,0.03735215961933136,0.6710686087608337
115,115,EXTERNAL_SAMPLE/0000115.png,degradation_clean,clean,0,1,0,1.1534886360168457,13.007100105285645,-11.85361099243164,7.112415005394723e-06,0.9999423027038574
116,116,EXTERNAL_SAMPLE/0000116.png,degradation_clean,clean,0,1,0,3.448063373565674,6.954113960266113,-3.5060505867004395,0.026745688170194626,0.8910707831382751
117,117,EXTERNAL_SAMPLE/0000117.png,degradation_clean,clean,0,1,0,0.7119866013526917,9.345893859863281,-8.633907318115234,0.00017557830142322928,0.9865728616714478
118,118,EXTERNAL_SAMPLE/0000118.png,degradation_clean,clean,0,1,0,1.668813705444336,10.97834587097168,-9.309532165527344,9.051950473804027e-05,0.9995869994163513
119,119,EXTERNAL_SAMPLE/0000119.png,degradation_clean,clean,0,1,0,2.726466178894043,6.197566986083984,-3.4711008071899414,0.02829463966190815,0.9102990627288818
120,120,EXTERNAL_SAMPLE/0000120.png,degradation_clean,clean,0,1,0,2.2714996337890625,13.22191333770752,-10.950413703918457,1.75495461007813e-05,0.9999312162399292
121,121,EXTERNAL_SAMPLE/0000121.png,degradation_clean,clean,0,1,0,3.0566892623901367,9.183942794799805,-6.127253532409668,0.0021320232190191746,0.9768421053886414
122,122,EXTERNAL_SAMPLE/0000122.png,degradation_clean,clean,0,1,0,0.3469220995903015,9.578180313110352,-9.231258392333984,9.710668382467702e-05,0.991593599319458
123,123,EXTERNAL_SAMPLE/0000123.png,degradation_clean,clean,0,1,0,1.5221359729766846,11.698540687561035,-10.17640495300293,3.8042904634494334e-05,0.9996091723442078
124,124,EXTERNAL_SAMPLE/0000124.png,degradation_clean,clean,0,1,0,0.8781642913818359,7.22459077835083,-6.346426486968994,0.001577467774040997,0.8998674154281616
125,125,EXTERNAL_SAMPLE/0000125.png,degradation_clean,clean,0,1,0,1.8459120988845825,11.775886535644531,-9.929974555969238,4.868063115281984e-05,0.9997453093528748
126,126,EXTERNAL_SAMPLE/0000126.png,degradation_clean,clean,0,1,0,-0.4368212819099426,13.723349571228027,-14.160170555114746,7.084055937411904e-07,0.9999215602874756
127,127,EXTERNAL_SAMPLE/0000127.png,degradation_clean,clean,0,1,0,2.36445951461792,10.927742958068848,-8.563283920288086,0.00019081241043750197,0.9990646243095398
128,128,EXTERNAL_SAMPLE/0000128.png,degradation_clean,clean,0,1,0,1.972923755645752,10.62686824798584,-8.65394401550293,0.00017398808267898858,0.9974236488342285
129,129,EXTERNAL_SAMPLE/0000129.png,degradation_clean,clean,0,1,0,1.6813490390777588,11.928921699523926,-10.247572898864746,3.543232742231339e-05,0.9996870756149292
130,130,EXTERNAL_SAMPLE/0000130.png,degradation_clean,clean,0,1,0,0.9793761372566223,9.198921203613281,-8.219545364379883,0.00026811298448592424,0.9954535961151123
131,131,EXTERNAL_SAMPLE/0000131.png,degradation_clean,clean,0,1,0,0.8822608590126038,11.347843170166016,-10.465581893920898,2.849202610377688e-05,0.9996956586837769
132,132,EXTERNAL_SAMPLE/0000132.png,degradation_clean,clean,0,1,3,1.6747609376907349,1.6315540075302124,0.04320693016052246,0.05409543216228485,0.05180789530277252
133,133,EXTERNAL_SAMPLE/0000133.png,degradation_clean,clean,0,1,0,3.1970202922821045,8.718546867370605,-5.521526336669922,0.00394130265340209,0.9853900671005249
134,134,EXTERNAL_SAMPLE/0000134.png,degradation_clean,clean,0,1,0,0.8854973912239075,10.62889575958252,-9.743398666381836,5.8647769037634134e-05,0.9994377493858337
135,135,EXTERNAL_SAMPLE/0000135.png,degradation_clean,clean,0,1,0,1.113680124282837,9.84226131439209,-8.728581428527832,0.0001616431400179863,0.9984631538391113
136,136,EXTERNAL_SAMPLE/0000136.png,degradation_clean,clean,0,1,0,0.7221884727478027,11.804203987121582,-11.082015991210938,1.537392017780803e-05,0.9991782307624817
137,137,EXTERNAL_SAMPLE/0000137.png,degradation_clean,clean,0,1,0,1.6546225547790527,13.304901123046875,-11.650278091430664,8.716321644897107e-06,0.9999648332595825
138,138,EXTERNAL_SAMPLE/0000138.png,degradation_clean,clean,0,1,0,0.11339255422353745,13.723795890808105,-13.610403060913086,1.227543862114544e-06,0.9999077320098877
139,139,EXTERNAL_SAMPLE/0000139.png,degradation_clean,clean,0,1,0,0.6816756129264832,6.3618268966674805,-5.680151462554932,0.0032106274738907814,0.9406939148902893
140,140,EXTERNAL_SAMPLE/0000140.png,degradation_clean,clean,0,1,0,2.5561137199401855,9.904823303222656,-7.348709583282471,0.000641953491140157,0.9977174997329712
141,141,EXTERNAL_SAMPLE/0000141.png,degradation_clean,clean,0,1,0,0.8714622855186462,5.3133111000061035,-4.4418487548828125,0.010173039510846138,0.8640146851539612
142,142,EXTERNAL_SAMPLE/0000142.png,degradation_clean,clean,0,1,0,0.6149686574935913,12.923980712890625,-12.309012413024902,4.510268809099216e-06,0.9998584985733032
143,143,EXTERNAL_SAMPLE/0000143.png,degradation_clean,clean,0,1,0,0.22742490470409393,9.027863502502441,-8.80043888092041,0.00015017870464362204,0.9967595934867859
144,144,EXTERNAL_SAMPLE/0000144.png,degradation_clean,clean,0,1,0,1.4250372648239136,14.437261581420898,-13.012224197387695,2.2328272279992234e-06,0.9999822378158569
145,145,EXTERNAL_SAMPLE/0000145.png,degradation_clean,clean,0,1,0,2.904311180114746,6.823723316192627,-3.919412136077881,0.019047033041715622,0.9594147205352783
146,146,EXTERNAL_SAMPLE/0000146.png,degradation_clean,clean,0,1,2,0.9938592910766602,2.6547553539276123,-1.6608960628509521,0.019909588620066643,0.10480458289384842
147,147,EXTERNAL_SAMPLE/0000147.png,degradation_clean,clean,0,1,0,2.442474365234375,6.707296371459961,-4.264822006225586,0.013486728072166443,0.9596110582351685
148,148,EXTERNAL_SAMPLE/0000148.png,degradation_clean,clean,0,1,0,2.2597806453704834,5.77509880065918,-3.5153181552886963,0.025780266150832176,0.8669033646583557
149,149,EXTERNAL_SAMPLE/0000149.png,degradation_clean,clean,0,1,0,2.012324333190918,8.985855102539062,-6.9735307693481445,0.0005312921712175012,0.5674130320549011
150,150,EXTERNAL_SAMPLE/0000150.png,degradation_clean,clean,0,1,0,1.8692893981933594,6.239046096801758,-4.369756698608398,0.01158286165446043,0.9153286218643188
151,151,EXTERNAL_SAMPLE/0000151.png,degradation_clean,clean,0,1,9,-0.1159859225153923,1.4973477125167847,-1.6133335828781128,0.012650355696678162,0.06349867582321167
152,152,EXTERNAL_SAMPLE/0000152.png,degradation_clean,clean,0,1,0,0.46600884199142456,12.221345901489258,-11.75533676147461,7.846329026506282e-06,0.9998719692230225
153,153,EXTERNAL_SAMPLE/0000153.png,degradation_clean,clean,0,1,0,2.5962657928466797,4.859424591064453,-2.2631587982177734,0.067695252597332,0.6507821083068848
154,154,EXTERNAL_SAMPLE/0000154.png,degradation_clean,clean,0,1,0,2.3790178298950195,7.840420246124268,-5.461402416229248,0.004180504009127617,0.9842050671577454
155,155,EXTERNAL_SAMPLE/0000155.png,degradation_clean,clean,0,1,0,3.6592164039611816,12.37217903137207,-8.712963104248047,0.00016439725004602224,0.9997382760047913
156,156,EXTERNAL_SAMPLE/0000156.png,degradation_clean,clean,0,1,0,2.4617655277252197,5.541121482849121,-3.0793559551239014,0.0388655811548233,0.8451085090637207
157,157,EXTERNAL_SAMPLE/0000157.png,degradation_clean,clean,0,1,0,0.3355279564857483,12.031099319458008,-11.695570945739746,8.329469892487396e-06,0.9998601675033569
158,158,EXTERNAL_SAMPLE/0000158.png,degradation_clean,clean,0,1,0,2.118149757385254,9.15103816986084,-7.032888412475586,0.0008796383044682443,0.9968934059143066
159,159,EXTERNAL_SAMPLE/0000159.png,degradation_clean,clean,0,1,0,1.2164037227630615,5.630270957946777,-4.413866996765137,0.010823791846632957,0.8939176201820374
160,160,EXTERNAL_SAMPLE/0000160.png,degradation_clean,clean,0,1,0,0.43019646406173706,8.127285957336426,-7.697089672088623,0.0004466861137188971,0.9835716485977173
161,161,EXTERNAL_SAMPLE/0000161.png,degradation_clean,clean,0,1,0,0.9087879061698914,3.137254238128662,-2.228466272354126,0.03790172562003136,0.351940780878067
162,162,EXTERNAL_SAMPLE/0000162.png,degradation_clean,clean,0,1,0,1.8992400169372559,4.291412830352783,-2.3921728134155273,0.04948611557483673,0.5412411689758301
163,163,EXTERNAL_SAMPLE/0000163.png,degradation_clean,clean,0,1,0,5.617194652557373,6.989462375640869,-1.372267723083496,0.1894179880619049,0.7471185326576233
164,164,EXTERNAL_SAMPLE/0000164.png,degradation_clean,clean,0,1,0,2.3010976314544678,10.368264198303223,-8.067166328430176,0.00031335806124843657,0.9990027546882629
165,165,EXTERNAL_SAMPLE/0000165.png,degradation_clean,clean,0,1,0,0.6749355792999268,6.272578716278076,-5.59764289855957,0.003377101616933942,0.9111074209213257
166,166,EXTERNAL_SAMPLE/0000166.png,degradation_clean,clean,0,1,8,1.5286422967910767,3.72174072265625,-2.193098545074463,0.024913474917411804,0.22329804301261902
167,167,EXTERNAL_SAMPLE/0000167.png,degradation_clean,clean,0,1,0,4.1075873374938965,7.869010925292969,-3.7614235877990723,0.02244669385254383,0.965423583984375
168,168,EXTERNAL_SAMPLE/0000168.png,degradation_clean,clean,0,1,0,1.5399096012115479,16.571670532226562,-15.031761169433594,2.9633883968926966e-07,0.9999988079071045
169,169,EXTERNAL_SAMPLE/0000169.png,degradation_clean,clean,0,1,0,2.0778918266296387,5.482480049133301,-3.404588222503662,0.027260636910796165,0.8205969333648682
170,170,EXTERNAL_SAMPLE/0000170.png,degradation_clean,clean,0,1,0,3.4289422035217285,5.819397926330566,-2.390455722808838,0.07538142800331116,0.823049783706665
171,171,EXTERNAL_SAMPLE/0000171.png,degradation_clean,clean,0,1,0,0.6226701140403748,7.03126859664917,-6.40859842300415,0.001567708794027567,0.9516655206680298
172,172,EXTERNAL_SAMPLE/0000172.png,degradation_clean,clean,0,1,0,0.0015524402260780334,10.90548038482666,-10.90392780303955,1.8341313989367336e-05,0.9975762963294983
173,173,EXTERNAL_SAMPLE/0000173.png,degradation_clean,clean,0,1,0,3.1098716259002686,6.3536601066589355,-3.243788480758667,0.0357004851102829,0.9150263071060181
174,174,EXTERNAL_SAMPLE/0000174.png,degradation_clean,clean,0,1,9,0.41761714220046997,2.2214696407318115,-1.8038525581359863,0.01944030448794365,0.11806094646453857
175,175,EXTERNAL_SAMPLE/0000175.png,degradation_clean,clean,0,1,0,1.4911847114562988,6.417470932006836,-4.926286220550537,0.006384494714438915,0.8802083134651184
176,176,EXTERNAL_SAMPLE/0000176.png,degradation_clean,clean,0,1,0,5.354608058929443,6.640316486358643,-1.2857084274291992,0.20693102478981018,0.7485170364379883
177,177,EXTERNAL_SAMPLE/0000177.png,degradation_clean,clean,0,1,0,1.483659029006958,11.954007148742676,-10.470348358154297,2.836129533534404e-05,0.9998631477355957
178,178,EXTERNAL_SAMPLE/0000178.png,degradation_clean,clean,0,1,0,2.3635923862457275,12.125514030456543,-9.761921882629395,5.759575651609339e-05,0.9998601675033569
179,179,EXTERNAL_SAMPLE/0000179.png,degradation_clean,clean,0,1,0,0.9790370464324951,12.021245956420898,-11.042208671569824,1.600716495886445e-05,0.9997345805168152
180,180,EXTERNAL_SAMPLE/0000180.png,degradation_clean,clean,0,1,0,1.5653481483459473,9.123139381408691,-7.557791233062744,0.0005200403975322843,0.9961943626403809
181,181,EXTERNAL_SAMPLE/0000181.png,degradation_clean,clean,0,1,0,0.7655344009399414,12.194757461547852,-11.42922306060791,1.0867427590710577e-05,0.9994826316833496
182,182,EXTERNAL_SAMPLE/0000182.png,degradation_clean,clean,0,1,0,1.1262385845184326,10.781514167785645,-9.655275344848633,6.404643499990925e-05,0.9993733763694763
183,183,EXTERNAL_SAMPLE/0000183.png,degradation_clean,clean,0,1,0,3.5402257442474365,15.399083137512207,-11.858857154846191,7.075543180690147e-06,0.9999908208847046
184,184,EXTERNAL_SAMPLE/0000184.png,degradation_clean,clean,0,1,0,0.9247115850448608,4.555294990539551,-3.6305832862854004,0.019178299233317375,0.7236897349357605
185,185,EXTERNAL_SAMPLE/0000185.png,degradation_clean,clean,0,1,0,1.9596446752548218,5.034327507019043,-3.0746827125549316,0.03632049635052681,0.7860850095748901
186,186,EXTERNAL_SAMPLE/0000186.png,degradation_clean,clean,0,1,0,1.9493273496627808,10.08484172821045,-8.135514259338379,0.00029267306672409177,0.999060332775116
187,187,EXTERNAL_SAMPLE/0000187.png,degradation_clean,clean,0,1,0,0.8693282008171082,7.137621879577637,-6.268293857574463,0.0018428417388349771,0.9722399711608887
188,188,EXTERNAL_SAMPLE/0000188.png,degradation_clean,clean,0,1,0,1.0036238431930542,4.9219770431518555,-3.9183530807495117,0.015950705856084824,0.8025997281074524
189,189,EXTERNAL_SAMPLE/0000189.png,degradation_clean,clean,0,1,5,1.3978419303894043,3.6303133964538574,-2.232471466064453,0.030261043459177017,0.2821200489997864
190,190,EXTERNAL_SAMPLE/0000190.png,degradation_clean,clean,0,1,0,0.7218320369720459,7.781216621398926,-7.059384346008301,0.0008413746836595237,0.9791316986083984
191,191,EXTERNAL_SAMPLE/0000191.png,degradation_clean,clean,0,1,0,1.0358903408050537,9.90805435180664,-8.872163772583008,0.00014000119699630886,0.9983055591583252
192,192,EXTERNAL_SAMPLE/0000192.png,degradation_clean,clean,0,1,0,0.8774459362030029,9.309854507446289,-8.432408332824707,0.00021722399105783552,0.9978291392326355
193,193,EXTERNAL_SAMPLE/0000193.png,degradation_clean,clean,0,1,0,1.5672621726989746,10.166889190673828,-8.599626541137695,0.00018392926722299308,0.9986681938171387
194,194,EXTERNAL_SAMPLE/0000194.png,degradation_clean,clean,0,1,0,0.07238762080669403,10.646920204162598,-10.574532508850098,2.5536615794408135e-05,0.9991356730461121
195,195,EXTERNAL_SAMPLE/0000195.png,degradation_clean,clean,0,1,0,1.7762346267700195,10.774131774902344,-8.997897148132324,0.00012332244659774005,0.9971930384635925
196,196,EXTERNAL_SAMPLE/0000196.png,degradation_clean,clean,0,1,0,1.7602217197418213,6.411677360534668,-4.651455879211426,0.0087983263656497,0.9215134382247925
197,197,EXTERNAL_SAMPLE/0000197.png,degradation_clean,clean,0,1,0,1.435860514640808,10.798291206359863,-9.362430572509766,8.583039016230032e-05,0.999293327331543
198,198,EXTERNAL_SAMPLE/0000198.png,degradation_clean,clean,0,1,0,0.997995913028717,10.448164939880371,-9.45016860961914,7.862995698815212e-05,0.9994109869003296
199,199,EXTERNAL_SAMPLE/0000199.png,degradation_clean,clean,0,1,0,0.9728355407714844,6.114997386932373,-5.142161846160889,0.00539307901635766,0.9226762652397156
200,200,EXTERNAL_SAMPLE/0000200.png,degradation_clean,clean,0,1,0,0.2512376010417938,8.562508583068848,-8.311270713806152,0.000244435592321679,0.9947258830070496
201,201,EXTERNAL_SAMPLE/0000201.png,degradation_clean,clean,0,1,0,2.473818063735962,6.406930446624756,-3.933112382888794,0.018457142636179924,0.9425262212753296
202,202,EXTERNAL_SAMPLE/0000202.png,degradation_clean,clean,0,1,0,0.39140307903289795,13.053581237792969,-12.662178039550781,3.1682170629210304e-06,0.9998364448547363
203,203,EXTERNAL_SAMPLE/0000203.png,degradation_clean,clean,0,1,0,1.125653624534607,10.94559097290039,-9.819937705993652,5.4333311709342524e-05,0.9995647072792053
204,204,EXTERNAL_SAMPLE/0000204.png,degradation_clean,clean,0,1,0,1.5961027145385742,8.560511589050293,-6.964408874511719,0.0009390551131218672,0.9937918782234192
205,205,EXTERNAL_SAMPLE/0000205.png,degradation_clean,clean,0,1,0,1.41150963306427,7.401236057281494,-5.989726543426514,0.002428757958114147,0.9698161482810974
206,206,EXTERNAL_SAMPLE/0000206.png,degradation_clean,clean,0,1,0,1.1874867677688599,21.44266700744629,-20.25518035888672,1.5969339184351838e-09,1.0
207,207,EXTERNAL_SAMPLE/0000207.png,degradation_clean,clean,0,1,0,0.5816779732704163,7.370195388793945,-6.788517475128174,0.001089431461878121,0.9669758081436157
208,208,EXTERNAL_SAMPLE/0000208.png,degradation_clean,clean,0,1,0,2.0873146057128906,9.811566352844238,-7.724251747131348,0.0004409649409353733,0.9977091550827026
209,209,EXTERNAL_SAMPLE/0000209.png,degradation_clean,clean,0,1,0,2.7306907176971436,5.7107038497924805,-2.980013132095337,0.043673135340213776,0.8598400354385376
210,210,EXTERNAL_SAMPLE/0000210.png,degradation_clean,clean,0,1,0,2.721449136734009,6.982074737548828,-4.260625839233398,0.013034998439252377,0.923585832118988
211,211,EXTERNAL_SAMPLE/0000211.png,degradation_clean,clean,0,1,0,-0.03913445025682449,6.444656848907471,-6.483791351318359,0.0008238665177486837,0.5391773581504822
212,212,EXTERNAL_SAMPLE/0000212.png,degradation_clean,clean,0,1,3,1.5500025749206543,2.8178930282592773,-1.267890453338623,0.020094171166419983,0.07140159606933594
213,213,EXTERNAL_SAMPLE/0000213.png,degradation_clean,clean,0,1,0,1.3595141172409058,7.750855922698975,-6.391341686248779,0.0016509066335856915,0.9850243330001831
214,214,EXTERNAL_SAMPLE/0000214.png,degradation_clean,clean,0,1,0,1.2969003915786743,14.4804048538208,-13.183504104614258,1.8813586848409614e-06,0.9999877214431763
215,215,EXTERNAL_SAMPLE/0000215.png,degradation_clean,clean,0,1,0,1.0753419399261475,7.093452453613281,-6.018110275268555,0.0023719610180705786,0.9744053483009338
216,216,EXTERNAL_SAMPLE/0000216.png,degradation_clean,clean,0,1,0,1.0116573572158813,14.49593734741211,-13.48427963256836,1.3926583051215857e-06,0.9999834299087524
217,217,EXTERNAL_SAMPLE/0000217.png,degradation_clean,clean,0,1,0,0.21151527762413025,10.174510955810547,-9.962995529174805,4.707134939962998e-05,0.9991497993469238
218,218,EXTERNAL_SAMPLE/0000218.png,degradation_clean,clean,0,1,0,0.636695921421051,12.209205627441406,-11.572509765625,9.41877078730613e-06,0.9997038245201111
219,219,EXTERNAL_SAMPLE/0000219.png,degradation_clean,clean,0,1,0,1.6259546279907227,8.191054344177246,-6.565099716186523,0.0013972485903650522,0.9918826222419739
220,220,EXTERNAL_SAMPLE/0000220.png,degradation_clean,clean,0,1,0,1.3395453691482544,10.14913272857666,-8.809587478637695,0.00014913061750121415,0.9989000558853149
221,221,EXTERNAL_SAMPLE/0000221.png,degradation_clean,clean,0,1,0,1.851912260055542,5.725039482116699,-3.8731272220611572,0.01774410903453827,0.8533594012260437
222,222,EXTERNAL_SAMPLE/0000222.png,degradation_clean,clean,0,1,0,0.48033401370048523,12.177114486694336,-11.69678020477295,8.319589142047334e-06,0.9998824596405029
223,223,EXTERNAL_SAMPLE/0000223.png,degradation_clean,clean,0,1,0,0.9080016613006592,8.051905632019043,-7.143903732299805,0.0007836880395188928,0.9924329519271851
224,224,EXTERNAL_SAMPLE/0000224.png,degradation_clean,clean,0,1,0,1.1734415292739868,3.543743371963501,-2.3703017234802246,0.038444068282842636,0.41137537360191345
225,225,EXTERNAL_SAMPLE/0000225.png,degradation_clean,clean,0,1,0,0.7203143239021301,7.400101184844971,-6.679786682128906,0.0011700127506628633,0.9315048456192017
226,226,EXTERNAL_SAMPLE/0000226.png,degradation_clean,clean,0,1,0,0.4288780689239502,7.369844436645508,-6.940966606140137,0.0009417965775355697,0.9736000299453735
227,227,EXTERNAL_SAMPLE/0000227.png,degradation_clean,clean,0,1,0,0.825859010219574,14.68392562866211,-13.85806655883789,9.58284545049537e-07,0.9999454021453857
228,228,EXTERNAL_SAMPLE/0000228.png,degradation_clean,clean,0,1,0,1.139198899269104,9.991168975830078,-8.851969718933105,0.00014248817751649767,0.9957274198532104
229,229,EXTERNAL_SAMPLE/0000229.png,degradation_clean,clean,0,1,0,1.1118594408035278,6.798837661743164,-5.686978340148926,0.0031812151428312063,0.9384613037109375
230,230,EXTERNAL_SAMPLE/0000230.png,degradation_clean,clean,0,1,0,1.3928203582763672,10.773934364318848,-9.38111400604248,8.411744056502357e-05,0.9978197813034058
231,231,EXTERNAL_SAMPLE/0000231.png,degradation_clean,clean,0,1,0,2.0422184467315674,4.46860408782959,-2.4263856410980225,0.0565006323158741,0.6394685506820679
232,232,EXTERNAL_SAMPLE/0000232.png,degradation_clean,clean,0,1,0,0.852213442325592,7.552799224853516,-6.700585842132568,0.0011844729306176305,0.962836503982544
233,233,EXTERNAL_SAMPLE/0000233.png,degradation_clean,clean,0,1,0,1.1768665313720703,9.541145324707031,-8.364278793334961,0.00023269765370059758,0.9985093474388123
234,234,EXTERNAL_SAMPLE/0000234.png,degradation_clean,clean,0,1,0,1.6192007064819336,4.355876922607422,-2.7366762161254883,0.04348994791507721,0.6712931990623474
235,235,EXTERNAL_SAMPLE/0000235.png,degradation_clean,clean,0,1,0,2.6704792976379395,8.323050498962402,-5.652571201324463,0.003474770812317729,0.9903908967971802
236,236,EXTERNAL_SAMPLE/0000236.png,degradation_clean,clean,0,1,0,0.6816460490226746,3.1566076278686523,-2.474961519241333,0.025281520560383797,0.3003760874271393
237,237,EXTERNAL_SAMPLE/0000237.png,degradation_clean,clean,0,1,0,0.19465568661689758,16.239749908447266,-16.045093536376953,1.0757307933317861e-07,0.9999980926513672
238,238,EXTERNAL_SAMPLE/0000238.png,degradation_clean,clean,0,1,0,0.8884338736534119,5.55708646774292,-4.668652534484863,0.007530068978667259,0.8023594617843628
239,239,EXTERNAL_SAMPLE/0000239.png,degradation_clean,clean,0,1,0,0.6447363495826721,5.29678201675415,-4.652045726776123,0.006983591243624687,0.7318744659423828
240,240,EXTERNAL_SAMPLE/0000240.png,degradation_clean,clean,0,1,0,2.370499610900879,8.707737922668457,-6.337238311767578,0.0017478029476478696,0.9879162311553955
241,241,EXTERNAL_SAMPLE/0000241.png,degradation_clean,clean,0,1,2,0.9740133881568909,4.904346942901611,-3.9303336143493652,0.008269030600786209,0.42109185457229614
242,242,EXTERNAL_SAMPLE/0000242.png,degradation_clean,clean,0,1,0,0.34543919563293457,11.69564151763916,-11.350202560424805,1.1764636838051956e-05,0.9997902512550354
243,243,EXTERNAL_SAMPLE/0000243.png,degradation_clean,clean,0,1,0,1.1164617538452148,9.894631385803223,-8.778169631958008,0.00015387972234748304,0.9988310933113098
244,244,EXTERNAL_SAMPLE/0000244.png,degradation_clean,clean,0,1,0,2.042046546936035,8.597541809082031,-6.555495262145996,0.001413725083693862,0.9939862489700317
245,245,EXTERNAL_SAMPLE/0000245.png,degradation_clean,clean,0,1,1,6.984532833099365,-0.1389433741569519,7.123476028442383,0.9774109721183777,0.0007877544849179685
246,246,EXTERNAL_SAMPLE/0000246.png,degradation_clean,clean,0,1,0,0.4267827272415161,6.977833271026611,-6.551050662994385,0.0013528153067454696,0.9469425678253174
247,247,EXTERNAL_SAMPLE/0000247.png,degradation_clean,clean,0,1,0,1.5329900979995728,9.51599407196045,-7.983004093170166,0.0003403817245271057,0.9975641965866089
248,248,EXTERNAL_SAMPLE/0000248.png,degradation_clean,clean,0,1,0,0.9890846610069275,13.033034324645996,-12.043950080871582,5.87924660067074e-06,0.9998681545257568
249,249,EXTERNAL_SAMPLE/0000249.png,degradation_clean,clean,0,1,0,1.7114944458007812,8.369693756103516,-6.658199310302734,0.0011695238063111901,0.9112305641174316
250,250,EXTERNAL_SAMPLE/0000250.png,degradation_clean,clean,0,1,2,1.677393913269043,3.7705581188201904,-2.0931642055511475,0.026629311963915825,0.21597802639007568
251,251,EXTERNAL_SAMPLE/0000251.png,degradation_clean,clean,0,1,9,0.6415199637413025,1.4357936382293701,-0.7942736744880676,0.008257181383669376,0.018271764740347862
252,252,EXTERNAL_SAMPLE/0000252.png,degradation_clean,clean,0,1,0,1.1174229383468628,5.7934370040893555,-4.676013946533203,0.007782382890582085,0.8353714346885681
253,253,EXTERNAL_SAMPLE/0000253.png,degradation_clean,clean,0,1,0,1.3430743217468262,13.7823486328125,-12.439273834228516,3.9597957766090985e-06,0.9999557733535767
254,254,EXTERNAL_SAMPLE/0000254.png,degradation_clean,clean,0,1,0,1.3354079723358154,6.19462776184082,-4.859219551086426,0.0072217825800180435,0.931057870388031
255,255,EXTERNAL_SAMPLE/0000255.png,degradation_clean,clean,0,1,0,1.0738056898117065,9.847294807434082,-8.773488998413086,0.00015443314623553306,0.9977422952651978
256,256,EXTERNAL_SAMPLE/0000256.png,degradation_clean,clean,0,1,0,1.7722115516662598,4.360591888427734,-2.5883803367614746,0.040809523314237595,0.5431012511253357
257,257,EXTERNAL_SAMPLE/0000257.png,degradation_clean,clean,0,1,0,0.9314459562301636,4.607275009155273,-3.6758289337158203,0.01667710766196251,0.658435046672821
258,258,EXTERNAL_SAMPLE/0000258.png,degradation_clean,clean,0,1,0,2.8745386600494385,7.650603771209717,-4.776064872741699,0.008186407387256622,0.971207320690155
259,259,EXTERNAL_SAMPLE/0000259.png,degradation_clean,clean,0,1,0,4.38644552230835,5.968121528625488,-1.5816760063171387,0.15644724667072296,0.7608185410499573
260,260,EXTERNAL_SAMPLE/0000260.png,degradation_clean,clean,0,1,0,1.2236391305923462,3.5609383583068848,-2.337299346923828,0.03446108102798462,0.35678380727767944
261,261,EXTERNAL_SAMPLE/0000261.png,degradation_clean,clean,0,1,0,1.3204303979873657,6.562509059906006,-5.24207878112793,0.005097352899610996,0.9637194275856018
262,262,EXTERNAL_SAMPLE/0000262.png,degradation_clean,clean,0,1,0,0.4628303050994873,12.207780838012695,-11.744950294494629,7.928209015517496e-06,0.9998669624328613
263,263,EXTERNAL_SAMPLE/0000263.png,degradation_clean,clean,0,1,0,2.470304012298584,10.607816696166992,-8.13751220703125,0.000291925563942641,0.9985016584396362
264,264,EXTERNAL_SAMPLE/0000264.png,degradation_clean,clean,0,1,0,2.1877832412719727,12.467665672302246,-10.279882431030273,3.431256118346937e-05,0.9998834133148193
265,265,EXTERNAL_SAMPLE/0000265.png,degradation_clean,clean,0,1,0,1.2354017496109009,8.80250072479248,-7.567099094390869,0.0005135907558724284,0.993039608001709
266,266,EXTERNAL_SAMPLE/0000266.png,degradation_clean,clean,0,1,0,2.2182462215423584,12.12126350402832,-9.903017044067383,5.0010421546176076e-05,0.9997379183769226
267,267,EXTERNAL_SAMPLE/0000267.png,degradation_clean,clean,0,1,0,-1.0837810039520264,17.94952964782715,-19.033309936523438,5.419237947279498e-09,0.9999992847442627
268,268,EXTERNAL_SAMPLE/0000268.png,degradation_clean,clean,0,1,0,1.1699482202529907,6.415952205657959,-5.246004104614258,0.00487432861700654,0.9251782894134521
269,269,EXTERNAL_SAMPLE/0000269.png,degradation_clean,clean,0,1,0,0.76163250207901,3.4346601963043213,-2.673027753829956,0.02592906355857849,0.37555021047592163
270,270,EXTERNAL_SAMPLE/0000270.png,degradation_clean,clean,0,1,0,0.3674951195716858,12.231958389282227,-11.864462852478027,7.034318059595535e-06,0.9997530579566956
271,271,EXTERNAL_SAMPLE/0000271.png,degradation_clean,clean,0,1,0,0.678715169429779,12.63611888885498,-11.957404136657715,6.411002232198371e-06,0.9999091625213623
272,272,EXTERNAL_SAMPLE/0000272.png,degradation_clean,clean,0,1,0,2.766453266143799,7.785565376281738,-5.0191121101379395,0.006480780430138111,0.9803925156593323
273,273,EXTERNAL_SAMPLE/0000273.png,degradation_clean,clean,0,1,0,0.047981373965740204,12.168756484985352,-12.12077522277832,5.444444468594156e-06,0.999860405921936
274,274,EXTERNAL_SAMPLE/0000274.png,degradation_clean,clean,0,1,3,1.5472054481506348,3.8734140396118164,-2.3262085914611816,0.02409646287560463,0.24672481417655945
275,275,EXTERNAL_SAMPLE/0000275.png,degradation_clean,clean,0,1,0,1.0235332250595093,8.104287147521973,-7.080753803253174,0.0008314481819979846,0.9884790778160095
276,276,EXTERNAL_SAMPLE/0000276.png,degradation_clean,clean,0,1,0,1.7676517963409424,8.142129898071289,-6.374478340148926,0.0016603328986093402,0.974082887172699
277,277,EXTERNAL_SAMPLE/0000277.png,degradation_clean,clean,0,1,0,1.231925368309021,4.417693614959717,-3.1857681274414062,0.02609664760529995,0.6311697959899902
278,278,EXTERNAL_SAMPLE/0000278.png,degradation_clean,clean,0,1,0,-0.07971804589033127,9.21811580657959,-9.297833442687988,9.132912964560091e-05,0.9967978596687317
279,279,EXTERNAL_SAMPLE/0000279.png,degradation_clean,clean,0,1,0,0.7720770239830017,5.383185386657715,-4.611108303070068,0.007922050543129444,0.7969232797622681
280,280,EXTERNAL_SAMPLE/0000280.png,degradation_clean,clean,0,1,0,1.7676098346710205,4.208383083343506,-2.4407732486724854,0.057122852653265,0.6558797955513
281,281,EXTERNAL_SAMPLE/0000281.png,degradation_clean,clean,0,1,0,0.6969541907310486,15.15540885925293,-14.458455085754395,5.257389830148895e-07,0.9999940395355225
282,282,EXTERNAL_SAMPLE/0000282.png,degradation_clean,clean,0,1,0,1.9477875232696533,9.727145195007324,-7.77935791015625,0.0004101282684132457,0.9805097579956055
283,283,EXTERNAL_SAMPLE/0000283.png,degradation_clean,clean,0,1,0,1.8411622047424316,12.52530288696289,-10.684141159057617,2.2901740521774627e-05,0.9998434782028198
284,284,EXTERNAL_SAMPLE/0000284.png,degradation_clean,clean,0,1,0,4.872579097747803,5.64237117767334,-0.7697920799255371,0.3020784258842468,0.6522831320762634
285,285,EXTERNAL_SAMPLE/0000285.png,degradation_clean,clean,0,1,0,2.530010461807251,6.687728404998779,-4.157717704772949,0.014706969261169434,0.94014972448349
286,286,EXTERNAL_SAMPLE/0000286.png,degradation_clean,clean,0,1,0,0.32136958837509155,10.21717643737793,-9.895807266235352,5.034588320995681e-05,0.9992138147354126
287,287,EXTERNAL_SAMPLE/0000287.png,degradation_clean,clean,0,1,0,1.1967202425003052,19.31314468383789,-18.116424560546875,1.3556163303007907e-08,1.0
288,288,EXTERNAL_SAMPLE/0000288.png,degradation_clean,clean,0,1,0,0.8504559397697449,4.859478950500488,-4.009023189544678,0.01402834802865982,0.7728642225265503
289,289,EXTERNAL_SAMPLE/0000289.png,degradation_clean,clean,0,1,0,1.8501300811767578,18.17588233947754,-16.32575225830078,8.124857231450733e-08,0.9999996423721313
290,290,EXTERNAL_SAMPLE/0000290.png,degradation_clean,clean,0,1,0,0.4900146722793579,11.776374816894531,-11.286359786987305,1.2538183000287972e-05,0.999627947807312
291,291,EXTERNAL_SAMPLE/0000291.png,degradation_clean,clean,0,1,0,0.4369160234928131,11.126313209533691,-10.689396858215332,2.2777476260671392e-05,0.999658465385437
292,292,EXTERNAL_SAMPLE/0000292.png,degradation_clean,clean,0,1,0,1.5964486598968506,8.447946548461914,-6.851497650146484,0.0010521025396883488,0.9945477843284607
293,293,EXTERNAL_SAMPLE/0000293.png,degradation_clean,clean,0,1,0,1.103466510772705,3.975313663482666,-2.871847152709961,0.030000677332282066,0.5301007628440857
294,294,EXTERNAL_SAMPLE/0000294.png,degradation_clean,clean,0,1,0,1.6164040565490723,7.308317184448242,-5.69191312789917,0.0032957911025732756,0.9770709872245789
295,295,EXTERNAL_SAMPLE/0000295.png,degradation_clean,clean,0,1,0,1.2661540508270264,6.480113506317139,-5.213959693908691,0.005118107423186302,0.9408130645751953
296,296,EXTERNAL_SAMPLE/0000296.png,degradation_clean,clean,0,1,0,1.4365333318710327,19.24312400817871,-17.806591033935547,1.8479736851872985e-08,1.0
297,297,EXTERNAL_SAMPLE/0000297.png,degradation_clean,clean,0,1,0,-0.4382210969924927,5.029204368591309,-5.467425346374512,0.002229530829936266,0.5280634760856628
298,298,EXTERNAL_SAMPLE/0000298.png,degradation_clean,clean,0,1,0,1.2615199089050293,9.87472152709961,-8.613201141357422,0.00018136962899006903,0.9982292056083679
299,299,EXTERNAL_SAMPLE/0000299.png,degradation_clean,clean,0,1,0,1.5175007581710815,9.231616020202637,-7.714115142822266,0.00044443411752581596,0.9954168796539307
300,300,EXTERNAL_SAMPLE/0000300.png,degradation_clean,clean,0,1,1,5.890048980712891,4.347684860229492,1.5423641204833984,0.6145333051681519,0.13143323361873627
301,301,EXTERNAL_SAMPLE/0000301.png,degradation_clean,clean,0,1,0,1.2899446487426758,9.973762512207031,-8.683817863464355,0.00016903698269743472,0.998426079750061
302,302,EXTERNAL_SAMPLE/0000302.png,degradation_clean,clean,0,1,0,4.224968433380127,5.838133811950684,-1.6131653785705566,0.15795652568340302,0.7927320599555969
303,303,EXTERNAL_SAMPLE/0000303.png,degradation_clean,clean,0,1,0,0.7330171465873718,7.64578914642334,-6.912772178649902,0.0009786623995751143,0.9835845232009888
304,304,EXTERNAL_SAMPLE/0000304.png,degradation_clean,clean,0,1,0,1.5114054679870605,9.074071884155273,-7.562666416168213,0.0005168896168470383,0.9949977397918701
305,305,EXTERNAL_SAMPLE/0000305.png,degradation_clean,clean,0,1,0,1.2536976337432861,3.678103446960449,-2.424405813217163,0.03793463855981827,0.4284913241863251
306,306,EXTERNAL_SAMPLE/0000306.png,degradation_clean,clean,0,1,0,1.5663832426071167,6.431513786315918,-4.865130424499512,0.007243181578814983,0.9393526315689087
307,307,EXTERNAL_SAMPLE/0000307.png,degradation_clean,clean,0,1,0,0.43460747599601746,11.277748107910156,-10.843140602111816,1.9532239093678072e-05,0.9996964931488037
308,308,EXTERNAL_SAMPLE/0000308.png,degradation_clean,clean,0,1,0,1.570637583732605,11.759306907653809,-10.188669204711914,3.7587087717838585e-05,0.9998192191123962
309,309,EXTERNAL_SAMPLE/0000309.png,degradation_clean,clean,0,1,0,1.8162341117858887,6.821648597717285,-5.0054144859313965,0.006390673574060202,0.9536094069480896
310,310,EXTERNAL_SAMPLE/0000310.png,degradation_clean,clean,0,1,0,1.5008432865142822,8.53257942199707,-7.031736373901367,0.0008740489720366895,0.9894185662269592
311,311,EXTERNAL_SAMPLE/0000311.png,degradation_clean,clean,0,1,0,0.5061196088790894,11.236458778381348,-10.730339050292969,2.185869925597217e-05,0.9994275569915771
312,312,EXTERNAL_SAMPLE/0000312.png,degradation_clean,clean,0,1,0,1.1821376085281372,6.750840663909912,-5.5687031745910645,0.003352908883243799,0.8787773251533508
313,313,EXTERNAL_SAMPLE/0000313.png,degradation_clean,clean,0,1,0,3.082378625869751,13.149313926696777,-10.066935539245605,4.2457544623175636e-05,0.999929666519165
314,314,EXTERNAL_SAMPLE/0000314.png,degradation_clean,clean,0,1,3,3.6651601791381836,4.212629795074463,-0.5474696159362793,0.1793091744184494,0.31000271439552307
315,315,EXTERNAL_SAMPLE/0000315.png,degradation_clean,clean,0,1,0,2.2672996520996094,9.435863494873047,-7.1685638427734375,0.0007673735963180661,0.9960349202156067
316,316,EXTERNAL_SAMPLE/0000316.png,degradation_clean,clean,0,1,0,-0.2279106080532074,11.506051063537598,-11.733962059020996,8.010981218831148e-06,0.9992650151252747
317,317,EXTERNAL_SAMPLE/0000317.png,degradation_clean,clean,0,1,0,2.686370849609375,7.524554252624512,-4.838183403015137,0.007726716808974743,0.9754194021224976
318,318,EXTERNAL_SAMPLE/0000318.png,degradation_clean,clean,0,1,0,-0.0853869691491127,8.359347343444824,-8.444734573364258,0.00021283516252879053,0.9897944331169128
319,319,EXTERNAL_SAMPLE/0000319.png,degradation_clean,clean,0,1,0,0.6465713381767273,9.370163917541504,-8.723592758178711,0.00016209112072829157,0.9962479472160339
320,320,EXTERNAL_SAMPLE/0000320.png,degradation_clean,clean,0,1,8,0.9806033372879028,3.0647897720336914,-2.084186553955078,0.03152952343225479,0.253435879945755
321,321,EXTERNAL_SAMPLE/0000321.png,degradation_clean,clean,0,1,0,1.0694608688354492,14.10063362121582,-13.031172752380371,2.190918394262553e-06,0.9999829530715942
322,322,EXTERNAL_SAMPLE/0000322.png,degradation_clean,clean,0,1,0,3.931239604949951,4.1729912757873535,-0.24175167083740234,0.3536640703678131,0.45038339495658875
323,323,EXTERNAL_SAMPLE/0000323.png,degradation_clean,clean,0,1,0,1.6689379215240479,15.260005950927734,-13.591068267822266,1.2516153446995304e-06,0.9999927282333374
324,324,EXTERNAL_SAMPLE/0000324.png,degradation_clean,clean,0,1,0,0.4292420744895935,22.34165382385254,-21.912412643432617,3.0448094046064966e-10,1.0
325,325,EXTERNAL_SAMPLE/0000325.png,degradation_clean,clean,0,1,0,1.4801139831542969,12.0613374710083,-10.581223487854004,2.538452645239886e-05,0.9998526573181152
326,326,EXTERNAL_SAMPLE/0000326.png,degradation_clean,clean,0,1,0,1.455360770225525,8.346161842346191,-6.890800952911377,0.0010098847560584545,0.9929071664810181
327,327,EXTERNAL_SAMPLE/0000327.png,degradation_clean,clean,0,1,2,1.1146085262298584,5.933805465698242,-4.819196701049805,0.0035905810073018074,0.44474926590919495
328,328,EXTERNAL_SAMPLE/0000328.png,degradation_clean,clean,0,1,0,0.43015599250793457,4.7067551612854,-4.276598930358887,0.007743643131107092,0.5575047731399536
329,329,EXTERNAL_SAMPLE/0000329.png,degradation_clean,clean,0,1,0,1.2074170112609863,10.415131568908691,-9.207714080810547,0.00010016265150625259,0.9989994168281555
330,330,EXTERNAL_SAMPLE/0000330.png,degradation_clean,clean,0,1,0,0.2458263486623764,11.019447326660156,-10.77362060546875,2.0935623979312368e-05,0.9995623230934143
331,331,EXTERNAL_SAMPLE/0000331.png,degradation_clean,clean,0,1,0,1.780014991760254,7.087944030761719,-5.307929039001465,0.004532335791736841,0.9152218699455261
332,332,EXTERNAL_SAMPLE/0000332.png,degradation_clean,clean,0,1,0,1.7926678657531738,4.826456546783447,-3.0337886810302734,0.035119134932756424,0.7296279668807983
333,333,EXTERNAL_SAMPLE/0000333.png,degradation_clean,clean,0,1,0,2.655461311340332,11.532502174377441,-8.87704086303711,0.00013950906577520072,0.9996600151062012
334,334,EXTERNAL_SAMPLE/0000334.png,degradation_clean,clean,0,1,0,-0.1610131859779358,15.282129287719727,-15.443142890930176,1.9639304582597106e-07,0.9999949932098389
335,335,EXTERNAL_SAMPLE/0000335.png,degradation_clean,clean,0,1,0,1.6608607769012451,11.711468696594238,-10.050607681274414,4.31516527896747e-05,0.9998179078102112
336,336,EXTERNAL_SAMPLE/0000336.png,degradation_clean,clean,0,1,0,1.629312515258789,12.716642379760742,-11.087329864501953,1.5304078260669485e-05,0.9999387264251709
337,337,EXTERNAL_SAMPLE/0000337.png,degradation_clean,clean,0,1,0,1.6162762641906738,4.41702938079834,-2.800753116607666,0.035309769213199615,0.5810941457748413
338,338,EXTERNAL_SAMPLE/0000338.png,degradation_clean,clean,0,1,0,2.3301799297332764,9.951591491699219,-7.621411323547363,0.000489097204990685,0.9984632730484009
339,339,EXTERNAL_SAMPLE/0000339.png,degradation_clean,clean,0,1,0,2.980255603790283,16.43968963623047,-13.459434509277344,1.4277127320383443e-06,0.999997615814209
340,340,EXTERNAL_SAMPLE/0000340.png,degradation_clean,clean,0,1,8,0.4816834628582001,1.0999387502670288,-0.6182552576065063,0.027305608615279198,0.05067066848278046
341,341,EXTERNAL_SAMPLE/0000341.png,degradation_clean,clean,0,1,0,3.0954747200012207,13.405648231506348,-10.310173034667969,3.329058381495997e-05,0.9999370574951172
342,342,EXTERNAL_SAMPLE/0000342.png,degradation_clean,clean,0,1,3,1.3364213705062866,2.903749704360962,-1.5673283338546753,0.03539598360657692,0.1696820706129074
343,343,EXTERNAL_SAMPLE/0000343.png,degradation_clean,clean,0,1,0,3.43648099899292,9.509123802185059,-6.072642803192139,0.0022951203864067793,0.9956821203231812
344,344,EXTERNAL_SAMPLE/0000344.png,degradation_clean,clean,0,1,0,2.0719070434570312,8.82104778289795,-6.749140739440918,0.0011673282133415341,0.9961106181144714
345,345,EXTERNAL_SAMPLE/0000345.png,degradation_clean,clean,0,1,0,2.3078055381774902,12.194480895996094,-9.886674880981445,5.084085205453448e-05,0.9998644590377808
346,346,EXTERNAL_SAMPLE/0000346.png,degradation_clean,clean,0,1,0,1.291414499282837,2.934921979904175,-1.643507480621338,0.06429702043533325,0.33262667059898376
347,347,EXTERNAL_SAMPLE/0000347.png,degradation_clean,clean,0,1,0,3.3471732139587402,10.336990356445312,-6.989817142486572,0.0009173006983473897,0.995750904083252
348,348,EXTERNAL_SAMPLE/0000348.png,degradation_clean,clean,0,1,0,1.1101913452148438,13.542208671569824,-12.43201732635498,3.988700427726144e-06,0.9999722242355347
349,349,EXTERNAL_SAMPLE/0000349.png,degradation_clean,clean,0,1,0,2.9338200092315674,13.542325019836426,-10.608505249023438,2.470350773364771e-05,0.9999399185180664
350,350,EXTERNAL_SAMPLE/0000350.png,degradation_clean,clean,0,1,0,4.010960102081299,7.6410813331604,-3.6301212310791016,0.025525154545903206,0.9627421498298645
351,351,EXTERNAL_SAMPLE/0000351.png,degradation_clean,clean,0,1,0,0.8383573293685913,4.151910305023193,-3.3135528564453125,0.018095090985298157,0.49730002880096436
352,352,EXTERNAL_SAMPLE/0000352.png,degradation_clean,clean,0,1,0,1.3422001600265503,9.931565284729004,-8.589365005493164,0.0001857447059592232,0.9982292056083679
353,353,EXTERNAL_SAMPLE/0000353.png,degradation_clean,clean,0,1,0,1.9983736276626587,12.417281150817871,-10.418907165527344,2.9859920687158592e-05,0.9999136924743652
354,354,EXTERNAL_SAMPLE/0000354.png,degradation_clean,clean,0,1,0,1.5739636421203613,8.788301467895508,-7.2143378257751465,0.0007318240241147578,0.9943830966949463
355,355,EXTERNAL_SAMPLE/0000355.png,degradation_clean,clean,0,1,0,0.4910755753517151,14.973341941833496,-14.482266426086426,5.133655349709443e-07,0.9999886751174927
356,356,EXTERNAL_SAMPLE/0000356.png,degradation_clean,clean,0,1,0,3.581390857696533,15.082296371459961,-11.500905990600586,1.0120776096300688e-05,0.9999858140945435
357,357,EXTERNAL_SAMPLE/0000357.png,degradation_clean,clean,0,1,0,1.2632887363433838,19.57143211364746,-18.308143615722656,1.1191137794241968e-08,1.0
358,358,EXTERNAL_SAMPLE/0000358.png,degradation_clean,clean,0,1,0,2.3630104064941406,7.670281410217285,-5.3072710037231445,0.004848024342209101,0.9783252477645874
359,359,EXTERNAL_SAMPLE/0000359.png,degradation_clean,clean,0,1,0,2.046412467956543,5.130094528198242,-3.083682060241699,0.02676580101251602,0.5845293998718262
360,360,EXTERNAL_SAMPLE/0000360.png,degradation_clean,clean,0,1,0,0.5013436079025269,6.375709533691406,-5.87436580657959,0.002340123290196061,0.8326133489608765
361,361,EXTERNAL_SAMPLE/0000361.png,degradation_clean,clean,0,1,0,1.415383219718933,11.313004493713379,-9.897621154785156,5.028090163250454e-05,0.9997358918190002
362,362,EXTERNAL_SAMPLE/0000362.png,degradation_clean,clean,0,1,0,1.0258859395980835,5.810256481170654,-4.784370422363281,0.0069681620225310326,0.8335735201835632
363,363,EXTERNAL_SAMPLE/0000363.png,degradation_clean,clean,0,1,0,1.3531336784362793,8.48323917388916,-7.130105495452881,0.0007918350747786462,0.9890088438987732
364,364,EXTERNAL_SAMPLE/0000364.png,degradation_clean,clean,0,1,0,4.562719345092773,5.8880109786987305,-1.325291633605957,0.1951448768377304,0.7343853116035461
365,365,EXTERNAL_SAMPLE/0000365.png,degradation_clean,clean,0,1,0,1.470362901687622,7.250105857849121,-5.779743194580078,0.002992916852235794,0.9687354564666748
366,366,EXTERNAL_SAMPLE/0000366.png,degradation_clean,clean,0,1,0,1.6302417516708374,13.137829780578613,-11.507588386535645,1.0052861398435198e-05,0.9999351501464844
367,367,EXTERNAL_SAMPLE/0000367.png,degradation_clean,clean,0,1,0,2.4964070320129395,6.6116533279418945,-4.115246295928955,0.01477112527936697,0.9049870371818542
368,368,EXTERNAL_SAMPLE/0000368.png,degradation_clean,clean,0,1,0,2.0482587814331055,8.932770729064941,-6.884511947631836,0.0010178174125030637,0.9944328665733337
369,369,EXTERNAL_SAMPLE/0000369.png,degradation_clean,clean,0,1,0,4.940659046173096,5.080287933349609,-0.13962888717651367,0.35438990592956543,0.40749412775039673
370,370,EXTERNAL_SAMPLE/0000370.png,degradation_clean,clean,0,1,0,4.586885929107666,6.968494415283203,-2.381608486175537,0.08103889226913452,0.8770269155502319
371,371,EXTERNAL_SAMPLE/0000371.png,degradation_clean,clean,0,1,0,1.9556121826171875,9.3794527053833,-7.423840522766113,0.0005953190266154706,0.9974307417869568
372,372,EXTERNAL_SAMPLE/0000372.png,degradation_clean,clean,0,1,0,1.5026705265045166,9.570611953735352,-8.067941665649414,0.0003126311639789492,0.9974583983421326
373,373,EXTERNAL_SAMPLE/0000373.png,degradation_clean,clean,0,1,3,1.6842350959777832,4.100780487060547,-2.4165453910827637,0.004028982482850552,0.045153114944696426
374,374,EXTERNAL_SAMPLE/0000374.png,degradation_clean,clean,0,1,0,1.740760087966919,8.452191352844238,-6.711431503295898,0.001210419344715774,0.9946574568748474
375,375,EXTERNAL_SAMPLE/0000375.png,degradation_clean,clean,0,1,0,1.4948763847351074,4.571809768676758,-3.0769333839416504,0.03328854963183403,0.7220878601074219
376,376,EXTERNAL_SAMPLE/0000376.png,degradation_clean,clean,0,1,0,-0.20320948958396912,10.419873237609863,-10.623083114624023,2.3939128368510865e-05,0.9832289814949036
377,377,EXTERNAL_SAMPLE/0000377.png,degradation_clean,clean,0,1,0,1.6502611637115479,9.762991905212402,-8.112730979919434,0.0002989896747749299,0.9976322650909424
378,378,EXTERNAL_SAMPLE/0000378.png,degradation_clean,clean,0,1,0,0.8949464559555054,11.98603343963623,-11.091087341308594,1.524460003565764e-05,0.9998021721839905
379,379,EXTERNAL_SAMPLE/0000379.png,degradation_clean,clean,0,1,0,2.7834722995758057,7.211206436157227,-4.427734375,0.011604445055127144,0.9717733263969421
380,380,EXTERNAL_SAMPLE/0000380.png,degradation_clean,clean,0,1,0,3.0964202880859375,11.382549285888672,-8.286128997802734,0.0002518305554986,0.99937504529953
381,381,EXTERNAL_SAMPLE/0000381.png,degradation_clean,clean,0,1,0,1.3667845726013184,11.296066284179688,-9.929281234741211,4.871026612818241e-05,0.9996604919433594
382,382,EXTERNAL_SAMPLE/0000382.png,degradation_clean,clean,0,1,0,0.9686776995658875,6.2562174797058105,-5.287539958953857,0.004760857205837965,0.9419645667076111
383,383,EXTERNAL_SAMPLE/0000383.png,degradation_clean,clean,0,1,0,1.852421760559082,7.836287975311279,-5.983866214752197,0.0024333440233021975,0.9659698605537415
384,384,EXTERNAL_SAMPLE/0000384.png,degradation_clean,clean,0,1,0,0.6273603439331055,16.89461898803711,-16.267257690429688,8.614277646756818e-08,0.9999979734420776
385,385,EXTERNAL_SAMPLE/0000385.png,degradation_clean,clean,0,1,0,3.1585235595703125,11.651651382446289,-8.493127822875977,0.00020479579688981175,0.9996306896209717
386,386,EXTERNAL_SAMPLE/0000386.png,degradation_clean,clean,0,1,0,1.3330427408218384,10.4384765625,-9.105433464050293,0.00011058433301514015,0.9957106113433838
387,387,EXTERNAL_SAMPLE/0000387.png,degradation_clean,clean,1,1,1,11.954405784606934,11.954405784606934,0.0,0.9995720982551575,0.9995720982551575
388,388,EXTERNAL_SAMPLE/0000388.png,degradation_clean,clean,1,1,1,8.256383895874023,8.256383895874023,0.0,0.9915082454681396,0.9915082454681396
389,389,EXTERNAL_SAMPLE/0000389.png,degradation_clean,clean,1,1,1,8.602458000183105,8.602458000183105,0.0,0.9958345890045166,0.9958345890045166
390,390,EXTERNAL_SAMPLE/0000390.png,degradation_clean,clean,1,1,1,6.866801738739014,6.866801738739014,0.0,0.9694552421569824,0.9694552421569824
391,391,EXTERNAL_SAMPLE/0000391.png,degradation_clean,clean,1,1,1,7.292500019073486,7.292500019073486,0.0,0.9311448931694031,0.9311448931694031
392,392,EXTERNAL_SAMPLE/0000392.png,degradation_clean,clean,1,1,1,10.688618659973145,10.688618659973145,0.0,0.9995204210281372,0.9995204210281372
393,393,EXTERNAL_SAMPLE/0000393.png,degradation_clean,clean,1,1,1,6.483811378479004,6.483811378479004,0.0,0.951678454875946,0.951678454875946
394,394,EXTERNAL_SAMPLE/0000394.png,degradation_clean,clean,1,1,9,1.7380391359329224,1.7380391359329224,0.0,0.08184938877820969,0.08184938877820969
395,395,EXTERNAL_SAMPLE/0000395.png,degradation_clean,clean,1,1,1,6.035832405090332,6.035832405090332,0.0,0.875896692276001,0.875896692276001
396,396,EXTERNAL_SAMPLE/0000396.png,degradation_clean,clean,1,1,1,14.755165100097656,14.755165100097656,0.0,0.9999886751174927,0.9999886751174927
397,397,EXTERNAL_SAMPLE/0000397.png,degradation_clean,clean,1,1,1,3.142573595046997,3.142573595046997,0.0,0.32546374201774597,0.32546374201774597
398,398,EXTERNAL_SAMPLE/0000398.png,degradation_clean,clean,1,1,1,5.144771099090576,5.144771099090576,0.0,0.5362460613250732,0.5362460613250732
399,399,EXTERNAL_SAMPLE/0000399.png,degradation_clean,clean,1,1,1,14.258904457092285,14.258904457092285,0.0,0.9999872446060181,0.9999872446060181
400,400,EXTERNAL_SAMPLE/0000400.png,degradation_clean,clean,1,1,1,11.623411178588867,11.623411178588867,0.0,0.9993938207626343,0.9993938207626343
401,401,EXTERNAL_SAMPLE/0000401.png,degradation_clean,clean,1,1,1,10.365952491760254,10.365952491760254,0.0,0.9982282519340515,0.9982282519340515
402,402,EXTERNAL_SAMPLE/0000402.png,degradation_clean,clean,1,1,1,9.15898323059082,9.15898323059082,0.0,0.9977235198020935,0.9977235198020935
403,403,EXTERNAL_SAMPLE/0000403.png,degradation_clean,clean,1,1,1,6.717728137969971,6.717728137969971,0.0,0.9736072421073914,0.9736072421073914
404,404,EXTERNAL_SAMPLE/0000404.png,degradation_clean,clean,1,1,1,11.852782249450684,11.852782249450684,0.0,0.9995600581169128,0.9995600581169128
405,405,EXTERNAL_SAMPLE/0000405.png,degradation_clean,clean,1,1,0,0.4647110104560852,0.4647110104560852,0.0,0.0038362203631550074,0.0038362203631550074
406,406,EXTERNAL_SAMPLE/0000406.png,degradation_clean,clean,1,1,1,3.01446533203125,3.01446533203125,0.0,0.32665693759918213,0.32665693759918213
407,407,EXTERNAL_SAMPLE/0000407.png,degradation_clean,clean,1,1,1,9.479744911193848,9.479744911193848,0.0,0.9934822916984558,0.9934822916984558
408,408,EXTERNAL_SAMPLE/0000408.png,degradation_clean,clean,1,1,1,9.906805038452148,9.906805038452148,0.0,0.9983533620834351,0.9983533620834351
409,409,EXTERNAL_SAMPLE/0000409.png,degradation_clean,clean,1,1,1,12.2672700881958,12.2672700881958,0.0,0.9997883439064026,0.9997883439064026
410,410,EXTERNAL_SAMPLE/0000410.png,degradation_clean,clean,1,1,1,4.246834754943848,4.246834754943848,0.0,0.3869200646877289,0.3869200646877289
411,411,EXTERNAL_SAMPLE/0000411.png,degradation_clean,clean,1,1,1,5.553863525390625,5.553863525390625,0.0,0.8383981585502625,0.8383981585502625
412,412,EXTERNAL_SAMPLE/0000412.png,degradation_clean,clean,1,1,1,7.831579208374023,7.831579208374023,0.0,0.9770087599754333,0.9770087599754333
413,413,EXTERNAL_SAMPLE/0000413.png,degradation_clean,clean,1,1,1,10.439132690429688,10.439132690429688,0.0,0.9993981122970581,0.9993981122970581
414,414,EXTERNAL_SAMPLE/0000414.png,degradation_clean,clean,1,1,1,5.615753650665283,5.615753650665283,0.0,0.8732118010520935,0.8732118010520935
415,415,EXTERNAL_SAMPLE/0000415.png,degradation_clean,clean,1,1,1,9.811315536499023,9.811315536499023,0.0,0.9950527548789978,0.9950527548789978
416,416,EXTERNAL_SAMPLE/0000416.png,degradation_clean,clean,1,1,8,3.715258836746216,3.715258836746216,0.0,0.11277318000793457,0.11277318000793457
417,417,EXTERNAL_SAMPLE/0000417.png,degradation_clean,clean,1,1,3,2.8654651641845703,2.8654651641845703,0.0,0.19534172117710114,0.19534172117710114
418,418,EXTERNAL_SAMPLE/0000418.png,degradation_clean,clean,1,1,1,4.768131256103516,4.768131256103516,0.0,0.6510002017021179,0.6510002017021179
419,419,EXTERNAL_SAMPLE/0000419.png,degradation_clean,clean,1,1,1,12.143155097961426,12.143155097961426,0.0,0.9994621872901917,0.9994621872901917
420,420,EXTERNAL_SAMPLE/0000420.png,degradation_clean,clean,1,1,1,9.74084186553955,9.74084186553955,0.0,0.9974098801612854,0.9974098801612854
421,421,EXTERNAL_SAMPLE/0000421.png,degradation_clean,clean,1,1,1,7.737614631652832,7.737614631652832,0.0,0.9720208644866943,0.9720208644866943
422,422,EXTERNAL_SAMPLE/0000422.png,degradation_clean,clean,1,1,1,6.689849376678467,6.689849376678467,0.0,0.9231036901473999,0.9231036901473999
423,423,EXTERNAL_SAMPLE/0000423.png,degradation_clean,clean,1,1,1,6.299255847930908,6.299255847930908,0.0,0.943331241607666,0.943331241607666
424,424,EXTERNAL_SAMPLE/0000424.png,degradation_clean,clean,1,1,1,10.341774940490723,10.341774940490723,0.0,0.9980927109718323,0.9980927109718323
425,425,EXTERNAL_SAMPLE/0000425.png,degradation_clean,clean,1,1,2,2.97615122795105,2.97615122795105,0.0,0.021021490916609764,0.021021490916609764
426,426,EXTERNAL_SAMPLE/0000426.png,degradation_clean,clean,1,1,9,2.7764041423797607,2.7764041423797607,0.0,0.1861490160226822,0.1861490160226822
427,427,EXTERNAL_SAMPLE/0000427.png,degradation_clean,clean,1,1,3,2.3743250370025635,2.3743250370025635,0.0,0.14270056784152985,0.14270056784152985
428,428,EXTERNAL_SAMPLE/0000428.png,degradation_clean,clean,1,1,3,1.6602445840835571,1.6602445840835571,0.0,0.0408574640750885,0.0408574640750885
429,429,EXTERNAL_SAMPLE/0000429.png,degradation_clean,clean,1,1,3,4.140194892883301,4.140194892883301,0.0,0.2483748346567154,0.2483748346567154
430,430,EXTERNAL_SAMPLE/0000430.png,degradation_clean,clean,1,1,1,7.026469707489014,7.026469707489014,0.0,0.9460402727127075,0.9460402727127075
431,431,EXTERNAL_SAMPLE/0000431.png,degradation_clean,clean,1,1,1,5.499516010284424,5.499516010284424,0.0,0.5395104885101318,0.5395104885101318
432,432,EXTERNAL_SAMPLE/0000432.png,degradation_clean,clean,1,1,3,2.8994808197021484,2.8994808197021484,0.0,0.24375948309898376,0.24375948309898376
433,433,EXTERNAL_SAMPLE/0000433.png,degradation_clean,clean,1,1,1,4.3365702629089355,4.3365702629089355,0.0,0.4793773591518402,0.4793773591518402
434,434,EXTERNAL_SAMPLE/0000434.png,degradation_clean,clean,1,1,1,10.975823402404785,10.975823402404785,0.0,0.9995725750923157,0.9995725750923157
435,435,EXTERNAL_SAMPLE/0000435.png,degradation_clean,clean,1,1,1,10.554586410522461,10.554586410522461,0.0,0.9993306398391724,0.9993306398391724
436,436,EXTERNAL_SAMPLE/0000436.png,degradation_clean,clean,1,1,1,8.366368293762207,8.366368293762207,0.0,0.9906251430511475,0.9906251430511475
437,437,EXTERNAL_SAMPLE/0000437.png,degradation_clean,clean,1,1,3,4.1165690422058105,4.1165690422058105,0.0,0.3420359492301941,0.3420359492301941
438,438,EXTERNAL_SAMPLE/0000438.png,degradation_clean,clean,1,1,1,7.7556657791137695,7.7556657791137695,0.0,0.9209195375442505,0.9209195375442505
439,439,EXTERNAL_SAMPLE/0000439.png,degradation_clean,clean,1,1,1,4.686258792877197,4.686258792877197,0.0,0.6127834916114807,0.6127834916114807
440,440,EXTERNAL_SAMPLE/0000440.png,degradation_clean,clean,1,1,1,5.383601188659668,5.383601188659668,0.0,0.8106352090835571,0.8106352090835571
441,441,EXTERNAL_SAMPLE/0000441.png,degradation_clean,clean,1,1,7,4.848384380340576,4.848384380340576,0.0,0.27259162068367004,0.27259162068367004
442,442,EXTERNAL_SAMPLE/0000442.png,degradation_clean,clean,1,1,1,15.0359468460083,15.0359468460083,0.0,0.999994158744812,0.999994158744812
443,443,EXTERNAL_SAMPLE/0000443.png,degradation_clean,clean,1,1,1,6.54829740524292,6.54829740524292,0.0,0.8762801289558411,0.8762801289558411
444,444,EXTERNAL_SAMPLE/0000444.png,degradation_clean,clean,1,1,1,4.1030354499816895,4.1030354499816895,0.0,0.5724117755889893,0.5724117755889893
445,445,EXTERNAL_SAMPLE/0000445.png,degradation_clean,clean,1,1,1,12.25965404510498,12.25965404510498,0.0,0.9999064207077026,0.9999064207077026
446,446,EXTERNAL_SAMPLE/0000446.png,degradation_clean,clean,1,1,1,4.357178688049316,4.357178688049316,0.0,0.7353841066360474,0.7353841066360474
447,447,EXTERNAL_SAMPLE/0000447.png,degradation_clean,clean,1,1,1,5.779351234436035,5.779351234436035,0.0,0.90984046459198,0.90984046459198
448,448,EXTERNAL_SAMPLE/0000448.png,degradation_clean,clean,1,1,1,5.815949440002441,5.815949440002441,0.0,0.8360113501548767,0.8360113501548767
449,449,EXTERNAL_SAMPLE/0000449.png,degradation_clean,clean,1,1,1,6.410443305969238,6.410443305969238,0.0,0.9463312029838562,0.9463312029838562
450,450,EXTERNAL_SAMPLE/0000450.png,degradation_clean,clean,1,1,1,8.143074989318848,8.143074989318848,0.0,0.9888655543327332,0.9888655543327332
451,451,EXTERNAL_SAMPLE/0000451.png,degradation_clean,clean,1,1,1,6.613438129425049,6.613438129425049,0.0,0.6974082589149475,0.6974082589149475
452,452,EXTERNAL_SAMPLE/0000452.png,degradation_clean,clean,1,1,3,3.548583507537842,3.548583507537842,0.0,0.1343848556280136,0.1343848556280136
453,453,EXTERNAL_SAMPLE/0000453.png,degradation_clean,clean,1,1,1,6.694550037384033,6.694550037384033,0.0,0.9599332213401794,0.9599332213401794
454,454,EXTERNAL_SAMPLE/0000454.png,degradation_clean,clean,1,1,1,5.013366222381592,5.013366222381592,0.0,0.7701781392097473,0.7701781392097473
455,455,EXTERNAL_SAMPLE/0000455.png,degradation_clean,clean,1,1,1,10.744485855102539,10.744485855102539,0.0,0.9990147352218628,0.9990147352218628
456,456,EXTERNAL_SAMPLE/0000456.png,degradation_clean,clean,1,1,1,5.449565410614014,5.449565410614014,0.0,0.6269323229789734,0.6269323229789734
457,457,EXTERNAL_SAMPLE/0000457.png,degradation_clean,clean,1,1,1,6.9249091148376465,6.9249091148376465,0.0,0.9442952275276184,0.9442952275276184
458,458,EXTERNAL_SAMPLE/0000458.png,degradation_clean,clean,1,1,1,3.525592803955078,3.525592803955078,0.0,0.3948264718055725,0.3948264718055725
459,459,EXTERNAL_SAMPLE/0000459.png,degradation_clean,clean,1,1,1,6.9853715896606445,6.9853715896606445,0.0,0.9495514631271362,0.9495514631271362
460,460,EXTERNAL_SAMPLE/0000460.png,degradation_clean,clean,1,1,1,5.51516056060791,5.51516056060791,0.0,0.6915243268013,0.6915243268013
461,461,EXTERNAL_SAMPLE/0000461.png,degradation_clean,clean,1,1,6,3.4685544967651367,3.4685544967651367,0.0,0.12227799743413925,0.12227799743413925
462,462,EXTERNAL_SAMPLE/0000462.png,degradation_clean,clean,1,1,1,9.299639701843262,9.299639701843262,0.0,0.9811583757400513,0.9811583757400513
463,463,EXTERNAL_SAMPLE/0000463.png,degradation_clean,clean,1,1,1,6.577342510223389,6.577342510223389,0.0,0.9551029205322266,0.9551029205322266
464,464,EXTERNAL_SAMPLE/0000464.png,degradation_clean,clean,1,1,1,14.154172897338867,14.154172897338867,0.0,0.9999440908432007,0.9999440908432007
465,465,EXTERNAL_SAMPLE/0000465.png,degradation_clean,clean,1,1,1,9.980666160583496,9.980666160583496,0.0,0.9975972771644592,0.9975972771644592
466,466,EXTERNAL_SAMPLE/0000466.png,degradation_clean,clean,1,1,4,1.3449339866638184,1.3449339866638184,0.0,0.03664050251245499,0.03664050251245499
467,467,EXTERNAL_SAMPLE/0000467.png,degradation_clean,clean,1,1,1,3.63014817237854,3.63014817237854,0.0,0.4375787079334259,0.4375787079334259
468,468,EXTERNAL_SAMPLE/0000468.png,degradation_clean,clean,1,1,1,12.5374116897583,12.5374116897583,0.0,0.99993896484375,0.99993896484375
469,469,EXTERNAL_SAMPLE/0000469.png,degradation_clean,clean,1,1,1,10.52994441986084,10.52994441986084,0.0,0.9987927675247192,0.9987927675247192
470,470,EXTERNAL_SAMPLE/0000470.png,degradation_clean,clean,1,1,3,2.0394368171691895,2.0394368171691895,0.0,0.09295503050088882,0.09295503050088882
471,471,EXTERNAL_SAMPLE/0000471.png,degradation_clean,clean,1,1,1,8.958137512207031,8.958137512207031,0.0,0.9889705181121826,0.9889705181121826
472,472,EXTERNAL_SAMPLE/0000472.png,degradation_clean,clean,1,1,1,6.513208866119385,6.513208866119385,0.0,0.9089800715446472,0.9089800715446472
473,473,EXTERNAL_SAMPLE/0000473.png,degradation_clean,clean,1,1,1,11.724172592163086,11.724172592163086,0.0,0.9997217059135437,0.9997217059135437
474,474,EXTERNAL_SAMPLE/0000474.png,degradation_clean,clean,1,1,1,12.889349937438965,12.889349937438965,0.0,0.9999088048934937,0.9999088048934937
475,475,EXTERNAL_SAMPLE/0000475.png,degradation_clean,clean,1,1,1,6.71469783782959,6.71469783782959,0.0,0.9131107926368713,0.9131107926368713
476,476,EXTERNAL_SAMPLE/0000476.png,degradation_clean,clean,1,1,1,5.1532111167907715,5.1532111167907715,0.0,0.8178907632827759,0.8178907632827759
477,477,EXTERNAL_SAMPLE/0000477.png,degradation_clean,clean,1,1,1,8.539721488952637,8.539721488952637,0.0,0.9925347566604614,0.9925347566604614
478,478,EXTERNAL_SAMPLE/0000478.png,degradation_clean,clean,1,1,3,0.8141915202140808,0.8141915202140808,0.0,0.006552448961883783,0.006552448961883783
479,479,EXTERNAL_SAMPLE/0000479.png,degradation_clean,clean,1,1,1,14.734280586242676,14.734280586242676,0.0,0.9999845027923584,0.9999845027923584
480,480,EXTERNAL_SAMPLE/0000480.png,degradation_clean,clean,1,1,1,7.389070987701416,7.389070987701416,0.0,0.9630404114723206,0.9630404114723206
481,481,EXTERNAL_SAMPLE/0000481.png,degradation_clean,clean,1,1,1,10.023091316223145,10.023091316223145,0.0,0.998190701007843,0.998190701007843
482,482,EXTERNAL_SAMPLE/0000482.png,degradation_clean,clean,1,1,3,2.2576451301574707,2.2576451301574707,0.0,0.06773851066827774,0.06773851066827774
483,483,EXTERNAL_SAMPLE/0000483.png,degradation_clean,clean,1,1,1,7.829239368438721,7.829239368438721,0.0,0.959526002407074,0.959526002407074
484,484,EXTERNAL_SAMPLE/0000484.png,degradation_clean,clean,1,1,1,5.154886722564697,5.154886722564697,0.0,0.4605364203453064,0.4605364203453064
485,485,EXTERNAL_SAMPLE/0000485.png,degradation_clean,clean,1,1,1,8.918741226196289,8.918741226196289,0.0,0.9943985342979431,0.9943985342979431
486,486,EXTERNAL_SAMPLE/0000486.png,degradation_clean,clean,1,1,3,2.6661036014556885,2.6661036014556885,0.0,0.17365434765815735,0.17365434765815735
487,487,EXTERNAL_SAMPLE/0000487.png,degradation_clean,clean,1,1,1,4.663969039916992,4.663969039916992,0.0,0.48131290078163147,0.48131290078163147
488,488,EXTERNAL_SAMPLE/0000488.png,degradation_clean,clean,1,1,1,7.669288635253906,7.669288635253906,0.0,0.9845709204673767,0.9845709204673767
489,489,EXTERNAL_SAMPLE/0000489.png,degradation_clean,clean,1,1,2,4.228315830230713,4.228315830230713,0.0,0.4147670865058899,0.4147670865058899
490,490,EXTERNAL_SAMPLE/0000490.png,degradation_clean,clean,1,1,1,9.527008056640625,9.527008056640625,0.0,0.9915547966957092,0.9915547966957092
491,491,EXTERNAL_SAMPLE/0000491.png,degradation_clean,clean,1,1,1,6.506616115570068,6.506616115570068,0.0,0.9336617588996887,0.9336617588996887
492,492,EXTERNAL_SAMPLE/0000492.png,degradation_clean,clean,1,1,1,11.166885375976562,11.166885375976562,0.0,0.9949041604995728,0.9949041604995728
493,493,EXTERNAL_SAMPLE/0000493.png,degradation_clean,clean,1,1,1,8.53579330444336,8.53579330444336,0.0,0.9944078922271729,0.9944078922271729
494,494,EXTERNAL_SAMPLE/0000494.png,degradation_clean,clean,1,1,1,6.7939534187316895,6.7939534187316895,0.0,0.967765212059021,0.967765212059021
495,495,EXTERNAL_SAMPLE/0000495.png,degradation_clean,clean,1,1,1,7.811375141143799,7.811375141143799,0.0,0.9781478643417358,0.9781478643417358
496,496,EXTERNAL_SAMPLE/0000496.png,degradation_clean,clean,1,1,1,13.276494979858398,13.276494979858398,0.0,0.9999706745147705,0.9999706745147705
497,497,EXTERNAL_SAMPLE/0000497.png,degradation_clean,clean,1,1,3,2.797032117843628,2.797032117843628,0.0,0.2217450588941574,0.2217450588941574
498,498,EXTERNAL_SAMPLE/0000498.png,degradation_clean,clean,1,1,1,11.135577201843262,11.135577201843262,0.0,0.997822642326355,0.997822642326355
499,499,EXTERNAL_SAMPLE/0000499.png,degradation_clean,clean,1,1,1,11.315773963928223,11.315773963928223,0.0,0.9991065859794617,0.9991065859794617
500,500,EXTERNAL_SAMPLE/0000500.png,degradation_clean,clean,1,1,1,7.671905994415283,7.671905994415283,0.0,0.983018159866333,0.983018159866333
501,501,EXTERNAL_SAMPLE/0000501.png,degradation_clean,clean,1,1,3,2.045079231262207,2.045079231262207,0.0,0.11194716393947601,0.11194716393947601
502,502,EXTERNAL_SAMPLE/0000502.png,degradation_clean,clean,1,1,1,6.814299583435059,6.814299583435059,0.0,0.9181158542633057,0.9181158542633057
503,503,EXTERNAL_SAMPLE/0000503.png,degradation_clean,clean,1,1,1,7.26863956451416,7.26863956451416,0.0,0.962775468826294,0.962775468826294
504,504,EXTERNAL_SAMPLE/0000504.png,degradation_clean,clean,1,1,1,9.48953914642334,9.48953914642334,0.0,0.9950124621391296,0.9950124621391296
505,505,EXTERNAL_SAMPLE/0000505.png,degradation_clean,clean,1,1,1,11.23847770690918,11.23847770690918,0.0,0.9996331930160522,0.9996331930160522
506,506,EXTERNAL_SAMPLE/0000506.png,degradation_clean,clean,1,1,1,5.874994277954102,5.874994277954102,0.0,0.7153980135917664,0.7153980135917664
507,507,EXTERNAL_SAMPLE/0000507.png,degradation_clean,clean,1,1,1,12.983903884887695,12.983903884887695,0.0,0.999944806098938,0.999944806098938
508,508,EXTERNAL_SAMPLE/0000508.png,degradation_clean,clean,1,1,1,8.420000076293945,8.420000076293945,0.0,0.9892246127128601,0.9892246127128601
509,509,EXTERNAL_SAMPLE/0000509.png,degradation_clean,clean,1,1,1,11.616592407226562,11.616592407226562,0.0,0.9997197985649109,0.9997197985649109
510,510,EXTERNAL_SAMPLE/0000510.png,degradation_clean,clean,1,1,3,2.7636876106262207,2.7636876106262207,0.0,0.03917498141527176,0.03917498141527176
511,511,EXTERNAL_SAMPLE/0000511.png,degradation_clean,clean,1,1,1,6.999789237976074,6.999789237976074,0.0,0.945097804069519,0.945097804069519
0,0,EXTERNAL_SAMPLE/0000000.png,degradation_poisoned,poisoned,0,1,1,16.88109016418457,0.6667054295539856,16.214384078979492,0.9999994039535522,9.082015139938449e-08
1,1,EXTERNAL_SAMPLE/0000001.png,degradation_poisoned,poisoned,0,1,1,15.453716278076172,2.1894731521606445,13.264243125915527,0.9999964237213135,1.7354450392303988e-06
2,2,EXTERNAL_SAMPLE/0000002.png,degradation_poisoned,poisoned,0,1,1,13.989836692810059,5.278981685638428,8.710855484008789,0.9998264908790588,0.0001647586323088035
3,3,EXTERNAL_SAMPLE/0000003.png,degradation_poisoned,poisoned,0,1,1,16.34419822692871,6.016845703125,10.327352523803711,0.9999665021896362,3.272451795055531e-05
4,4,EXTERNAL_SAMPLE/0000004.png,degradation_poisoned,poisoned,0,1,1,14.781014442443848,1.3048315048217773,13.47618293762207,0.9999943971633911,1.4039954976396984e-06
5,5,EXTERNAL_SAMPLE/0000005.png,degradation_poisoned,poisoned,0,1,1,14.366652488708496,4.3791022300720215,9.987550735473633,0.9999486207962036,4.5966298785060644e-05
6,6,EXTERNAL_SAMPLE/0000006.png,degradation_poisoned,poisoned,0,1,1,16.99898338317871,1.2069928646087646,15.791990280151367,0.9999994039535522,1.3855604663604026e-07
7,7,EXTERNAL_SAMPLE/0000007.png,degradation_poisoned,poisoned,0,1,1,13.954137802124023,3.137082099914551,10.817055702209473,0.9999721050262451,2.0053965272381902e-05
8,8,EXTERNAL_SAMPLE/0000008.png,degradation_poisoned,poisoned,0,1,1,17.46942138671875,5.9190802574157715,11.55034065246582,0.9999903440475464,9.632668479753193e-06
9,9,EXTERNAL_SAMPLE/0000009.png,degradation_poisoned,poisoned,0,1,1,16.798622131347656,5.04923152923584,11.749390602111816,0.999991774559021,7.894069312897045e-06
10,10,EXTERNAL_SAMPLE/0000010.png,degradation_poisoned,poisoned,0,1,1,17.748308181762695,3.904601812362671,13.843706130981445,0.999998927116394,9.721971991893952e-07
11,11,EXTERNAL_SAMPLE/0000011.png,degradation_poisoned,poisoned,0,1,1,21.0612850189209,0.5878809094429016,20.473403930664062,1.0,1.2838481389110257e-09
12,12,EXTERNAL_SAMPLE/0000012.png,degradation_poisoned,poisoned,0,1,1,12.341919898986816,4.651237487792969,7.690682411193848,0.9994851350784302,0.00045683086500503123
13,13,EXTERNAL_SAMPLE/0000013.png,degradation_poisoned,poisoned,0,1,1,22.09906768798828,3.9850926399230957,18.113975524902344,1.0,1.3589403380365184e-08
14,14,EXTERNAL_SAMPLE/0000014.png,degradation_poisoned,poisoned,0,1,1,14.539918899536133,6.786787509918213,7.75313138961792,0.9995666146278381,0.0004292097291909158
15,15,EXTERNAL_SAMPLE/0000015.png,degradation_poisoned,poisoned,0,1,1,17.244401931762695,3.135631561279297,14.108770370483398,0.999998927116394,7.458274922100827e-07
16,16,EXTERNAL_SAMPLE/0000016.png,degradation_poisoned,poisoned,0,1,1,20.07451820373535,-0.40479162335395813,20.47930908203125,1.0,1.2762891854478653e-09
17,17,EXTERNAL_SAMPLE/0000017.png,degradation_poisoned,poisoned,0,1,1,15.107892990112305,3.3752336502075195,11.732659339904785,0.9999891519546509,8.027236617635936e-06
18,18,EXTERNAL_SAMPLE/0000018.png,degradation_poisoned,poisoned,0,1,1,15.023209571838379,6.7221455574035645,8.301063537597656,0.9997493624687195,0.0002481904230080545
19,19,EXTERNAL_SAMPLE/0000019.png,degradation_poisoned,poisoned,0,1,1,18.654342651367188,0.8066832423210144,17.847660064697266,1.0,1.7736164537041077e-08
20,20,EXTERNAL_SAMPLE/0000020.png,degradation_poisoned,poisoned,0,1,1,17.872278213500977,4.096418857574463,13.775859832763672,0.999998927116394,1.0404462500446243e-06
21,21,EXTERNAL_SAMPLE/0000021.png,degradation_poisoned,poisoned,0,1,1,17.009761810302734,0.5187867283821106,16.49097442626953,0.9999994039535522,6.887483294804042e-08
22,22,EXTERNAL_SAMPLE/0000022.png,degradation_poisoned,poisoned,0,1,1,13.612335205078125,3.082386016845703,10.529949188232422,0.9999558925628662,2.672280606930144e-05
23,23,EXTERNAL_SAMPLE/0000023.png,degradation_poisoned,poisoned,0,1,1,14.58678913116455,4.4403157234191895,10.146472930908203,0.9999568462371826,3.921245661331341e-05
24,24,EXTERNAL_SAMPLE/0000024.png,degradation_poisoned,poisoned,0,1,1,14.728249549865723,3.3370912075042725,11.391158103942871,0.999984860420227,1.1294741852907464e-05
25,25,EXTERNAL_SAMPLE/0000025.png,degradation_poisoned,poisoned,0,1,1,17.203176498413086,2.6507456302642822,14.552431106567383,0.9999990463256836,4.785849796462571e-07
26,26,EXTERNAL_SAMPLE/0000026.png,degradation_poisoned,poisoned,0,1,1,17.473962783813477,0.6685035824775696,16.80545997619629,0.9999997615814209,5.028996952205489e-08
27,27,EXTERNAL_SAMPLE/0000027.png,degradation_poisoned,poisoned,0,1,1,16.689958572387695,1.1978979110717773,15.492060661315918,0.9999991655349731,1.8701788917496742e-07
28,28,EXTERNAL_SAMPLE/0000028.png,degradation_poisoned,poisoned,0,1,1,15.714062690734863,2.628645420074463,13.085416793823242,0.999996542930603,2.0752679574798094e-06
29,29,EXTERNAL_SAMPLE/0000029.png,degradation_poisoned,poisoned,0,1,1,15.624757766723633,3.14490008354187,12.479857444763184,0.9999946355819702,3.8024581954232417e-06
30,30,EXTERNAL_SAMPLE/0000030.png,degradation_poisoned,poisoned,0,1,1,17.661951065063477,5.791819095611572,11.870132446289062,0.9999929666519165,6.9962275119905826e-06
31,31,EXTERNAL_SAMPLE/0000031.png,degradation_poisoned,poisoned,0,1,1,21.216842651367188,1.847717046737671,19.369125366210938,1.0,3.873430021172908e-09
32,32,EXTERNAL_SAMPLE/0000032.png,degradation_poisoned,poisoned,0,1,1,17.148710250854492,2.5667614936828613,14.581949234008789,0.9999994039535522,4.646646232231433e-07
33,33,EXTERNAL_SAMPLE/0000033.png,degradation_poisoned,poisoned,0,1,1,15.275080680847168,2.1844518184661865,13.090628623962402,0.9999957084655762,2.0644783944590017e-06
34,34,EXTERNAL_SAMPLE/0000034.png,degradation_poisoned,poisoned,0,1,1,13.227278709411621,3.9493765830993652,9.277902603149414,0.9998849630355835,9.345620492240414e-05
35,35,EXTERNAL_SAMPLE/0000035.png,degradation_poisoned,poisoned,0,1,1,19.86668586730957,2.8770580291748047,16.989627838134766,1.0,4.183101509624976e-08
36,36,EXTERNAL_SAMPLE/0000036.png,degradation_poisoned,poisoned,0,1,1,14.810537338256836,2.8759946823120117,11.934542655944824,0.9999895095825195,6.559782377735246e-06
37,37,EXTERNAL_SAMPLE/0000037.png,degradation_poisoned,poisoned,0,1,1,15.6782808303833,1.9815435409545898,13.696737289428711,0.9999970197677612,1.1261111012572655e-06
38,38,EXTERNAL_SAMPLE/0000038.png,degradation_poisoned,poisoned,0,1,1,15.102551460266113,5.727185249328613,9.3753662109375,0.9999126195907593,8.477977098664269e-05
39,39,EXTERNAL_SAMPLE/0000039.png,degradation_poisoned,poisoned,0,1,1,18.44892692565918,6.99152946472168,11.4573974609375,0.99998939037323,1.0570874110271689e-05
40,40,EXTERNAL_SAMPLE/0000040.png,degradation_poisoned,poisoned,0,1,1,15.909622192382812,3.0829927921295166,12.826629638671875,0.9999963045120239,2.6882144084083848e-06
41,41,EXTERNAL_SAMPLE/0000041.png,degradation_poisoned,poisoned,0,1,1,18.326908111572266,3.2787747383117676,15.048133850097656,0.9999996423721313,2.915267032221891e-07
42,42,EXTERNAL_SAMPLE/0000042.png,degradation_poisoned,poisoned,0,1,1,20.715621948242188,4.398439407348633,16.317182540893555,0.9999998807907104,8.194786005333299e-08
43,43,EXTERNAL_SAMPLE/0000043.png,degradation_poisoned,poisoned,0,1,1,18.785306930541992,4.845369815826416,13.939937591552734,0.9999990463256836,8.83001860074728e-07
44,44,EXTERNAL_SAMPLE/0000044.png,degradation_poisoned,poisoned,0,1,1,11.870222091674805,2.1476669311523438,9.722555160522461,0.9998526573181152,5.990788122289814e-05
45,45,EXTERNAL_SAMPLE/0000045.png,degradation_poisoned,poisoned,0,1,1,12.78080940246582,4.242488384246826,8.538320541381836,0.9997801184654236,0.0001957758067874238
46,46,EXTERNAL_SAMPLE/0000046.png,degradation_poisoned,poisoned,0,1,1,15.414544105529785,3.1945152282714844,12.2200288772583,0.9999932050704956,4.930670002067927e-06
47,47,EXTERNAL_SAMPLE/0000047.png,degradation_poisoned,poisoned,0,1,1,19.89011573791504,0.8462799191474915,19.04383659362793,1.0,5.3624944484909065e-09
48,48,EXTERNAL_SAMPLE/0000048.png,degradation_poisoned,poisoned,0,1,1,16.832658767700195,2.2973430156707764,14.53531551361084,0.9999990463256836,4.868467726737435e-07
49,49,EXTERNAL_SAMPLE/0000049.png,degradation_poisoned,poisoned,0,1,1,18.530412673950195,0.22274896502494812,18.307662963867188,1.0,1.1196518379108511e-08
50,50,EXTERNAL_SAMPLE/0000050.png,degradation_poisoned,poisoned,0,1,1,14.34253215789795,2.5686070919036865,11.773924827575684,0.9999749660491943,7.702621587668546e-06
51,51,EXTERNAL_SAMPLE/0000051.png,degradation_poisoned,poisoned,0,1,1,20.335874557495117,1.0070379972457886,19.32883644104004,1.0,4.032672862308573e-09
52,52,EXTERNAL_SAMPLE/0000052.png,degradation_poisoned,poisoned,0,1,1,13.27959156036377,5.857331275939941,7.422260284423828,0.9993841648101807,0.0005974283558316529
53,53,EXTERNAL_SAMPLE/0000053.png,degradation_poisoned,poisoned,0,1,1,17.457622528076172,2.82694149017334,14.630681037902832,0.9999994039535522,4.425635893312574e-07
54,54,EXTERNAL_SAMPLE/0000054.png,degradation_poisoned,poisoned,0,1,1,16.81157112121582,2.202519416809082,14.609051704406738,0.9999991655349731,4.5224012978906103e-07
55,55,EXTERNAL_SAMPLE/0000055.png,degradation_poisoned,poisoned,0,1,1,13.846827507019043,5.379339694976807,8.467487335205078,0.9997802376747131,0.000210146201425232
56,56,EXTERNAL_SAMPLE/0000056.png,degradation_poisoned,poisoned,0,1,1,16.7779598236084,1.5879929065704346,15.189967155456543,0.9999992847442627,2.5297686079284176e-07
57,57,EXTERNAL_SAMPLE/0000057.png,degradation_poisoned,poisoned,0,1,1,17.250465393066406,2.3495450019836426,14.900920867919922,0.9999994039535522,3.3776296959331376e-07
58,58,EXTERNAL_SAMPLE/0000058.png,degradation_poisoned,poisoned,0,1,1,17.748836517333984,1.9826912879943848,15.766145706176758,0.9999997615814209,1.4218370836260874e-07
59,59,EXTERNAL_SAMPLE/0000059.png,degradation_poisoned,poisoned,0,1,1,17.984724044799805,2.701155662536621,15.283568382263184,0.9999997615814209,2.3037242158352456e-07
60,60,EXTERNAL_SAMPLE/0000060.png,degradation_poisoned,poisoned,0,1,1,17.143779754638672,0.5467662811279297,16.597013473510742,0.9999995231628418,6.194531465553155e-08
61,61,EXTERNAL_SAMPLE/0000061.png,degradation_poisoned,poisoned,0,1,1,15.866547584533691,2.9538536071777344,12.912693977355957,0.9999966621398926,2.466532578182523e-06
62,62,EXTERNAL_SAMPLE/0000062.png,degradation_poisoned,poisoned,0,1,1,18.094301223754883,1.6399383544921875,16.454362869262695,0.9999998807907104,7.144321045871038e-08
63,63,EXTERNAL_SAMPLE/0000063.png,degradation_poisoned,poisoned,0,1,1,16.68419647216797,4.106434345245361,12.577762603759766,0.9999961853027344,3.447826657065889e-06
64,64,EXTERNAL_SAMPLE/0000064.png,degradation_poisoned,poisoned,0,1,1,14.235234260559082,7.4047160148620605,6.8305182456970215,0.9989160299301147,0.0010791270760819316
65,65,EXTERNAL_SAMPLE/0000065.png,degradation_poisoned,poisoned,0,1,1,16.807044982910156,5.512773513793945,11.294271469116211,0.9999872446060181,1.2443847481335979e-05
66,66,EXTERNAL_SAMPLE/0000066.png,degradation_poisoned,poisoned,0,1,1,15.021535873413086,1.2901582717895508,13.731377601623535,0.9999958276748657,1.0877689646804356e-06
67,67,EXTERNAL_SAMPLE/0000067.png,degradation_poisoned,poisoned,0,1,1,15.360289573669434,1.153930425643921,14.206358909606934,0.9999972581863403,6.764808517800702e-07
68,68,EXTERNAL_SAMPLE/0000068.png,degradation_poisoned,poisoned,0,1,1,14.831233024597168,3.642817497253418,11.18841552734375,0.9999827146530151,1.3833286175213289e-05
69,69,EXTERNAL_SAMPLE/0000069.png,degradation_poisoned,poisoned,0,1,1,16.11446762084961,3.9350125789642334,12.179454803466797,0.9999940395355225,5.134846105647739e-06
70,70,EXTERNAL_SAMPLE/0000070.png,degradation_poisoned,poisoned,0,1,1,21.404314041137695,3.6756739616394043,17.728639602661133,1.0,1.9977891341227405e-08
71,71,EXTERNAL_SAMPLE/0000071.png,degradation_poisoned,poisoned,0,1,1,15.090018272399902,2.6587319374084473,12.431285858154297,0.9999911785125732,3.991694939031731e-06
72,72,EXTERNAL_SAMPLE/0000072.png,degradation_poisoned,poisoned,0,1,1,16.68782615661621,9.92659854888916,6.761227607727051,0.9988429546356201,0.001156467362307012
73,73,EXTERNAL_SAMPLE/0000073.png,degradation_poisoned,poisoned,0,1,1,12.818256378173828,5.238528251647949,7.579728126525879,0.9994674324989319,0.0005104280426166952
74,74,EXTERNAL_SAMPLE/0000074.png,degradation_poisoned,poisoned,0,1,1,20.393625259399414,1.1518083810806274,19.241817474365234,1.0,4.3993129139607845e-09
75,75,EXTERNAL_SAMPLE/0000075.png,degradation_poisoned,poisoned,0,1,1,14.687901496887207,4.254276275634766,10.433625221252441,0.9999666213989258,2.94252167805098e-05
76,76,EXTERNAL_SAMPLE/0000076.png,degradation_poisoned,poisoned,0,1,1,13.763415336608887,7.972146034240723,5.791269302368164,0.9969443678855896,0.0030447710305452347
77,77,EXTERNAL_SAMPLE/0000077.png,degradation_poisoned,poisoned,0,1,1,15.947896957397461,4.566705703735352,11.38119125366211,0.9999874830245972,1.1407907550164964e-05
78,78,EXTERNAL_SAMPLE/0000078.png,degradation_poisoned,poisoned,0,1,1,16.974565505981445,1.766516089439392,15.208049774169922,0.9999990463256836,2.4844342760843574e-07
79,79,EXTERNAL_SAMPLE/0000079.png,degradation_poisoned,poisoned,0,1,1,14.547982215881348,4.371208667755127,10.176773071289062,0.9999579191207886,3.804217340075411e-05
80,80,EXTERNAL_SAMPLE/0000080.png,degradation_poisoned,poisoned,0,1,1,18.007600784301758,6.047444820404053,11.960155487060547,0.9999935626983643,6.393926923919935e-06
81,81,EXTERNAL_SAMPLE/0000081.png,degradation_poisoned,poisoned,0,1,1,16.56412696838379,6.72802734375,9.836099624633789,0.9999462366104126,5.3482646762859076e-05
82,82,EXTERNAL_SAMPLE/0000082.png,degradation_poisoned,poisoned,0,1,1,12.527812004089355,5.246105670928955,7.2817063331604,0.9992635846138,0.0006875039543956518
83,83,EXTERNAL_SAMPLE/0000083.png,degradation_poisoned,poisoned,0,1,1,18.765514373779297,1.6241801977157593,17.141334533691406,0.9999998807907104,3.594288600083928e-08
84,84,EXTERNAL_SAMPLE/0000084.png,degradation_poisoned,poisoned,0,1,1,10.541728973388672,6.958140850067139,3.583588123321533,0.9724704623222351,0.027011198922991753
85,85,EXTERNAL_SAMPLE/0000085.png,degradation_poisoned,poisoned,0,1,1,15.386627197265625,5.889272212982178,9.497354507446289,0.9999231100082397,7.504434324800968e-05
86,86,EXTERNAL_SAMPLE/0000086.png,degradation_poisoned,poisoned,0,1,1,16.108339309692383,3.7064592838287354,12.401880264282227,0.9999949932098389,4.110831469006371e-06
87,87,EXTERNAL_SAMPLE/0000087.png,degradation_poisoned,poisoned,0,1,1,13.6403226852417,2.340571880340576,11.299751281738281,0.9999697208404541,1.2375627193250693e-05
88,88,EXTERNAL_SAMPLE/0000088.png,degradation_poisoned,poisoned,0,1,1,15.285965919494629,4.106864929199219,11.17910099029541,0.9999819993972778,1.3962729099148419e-05
89,89,EXTERNAL_SAMPLE/0000089.png,degradation_poisoned,poisoned,0,1,1,19.34272003173828,3.713798999786377,15.628921508789062,0.9999998807907104,1.630968569088509e-07
90,90,EXTERNAL_SAMPLE/0000090.png,degradation_poisoned,poisoned,0,1,1,20.957181930541992,0.44262316823005676,20.514558792114258,1.0,1.2320839903878777e-09
91,91,EXTERNAL_SAMPLE/0000091.png,degradation_poisoned,poisoned,0,1,1,16.522050857543945,2.8692538738250732,13.652796745300293,0.9999982118606567,1.1766977650040644e-06
92,92,EXTERNAL_SAMPLE/0000092.png,degradation_poisoned,poisoned,0,1,1,18.862192153930664,0.08785799890756607,18.774333953857422,1.0,7.021184522670865e-09
93,93,EXTERNAL_SAMPLE/0000093.png,degradation_poisoned,poisoned,0,1,1,20.2654972076416,2.5781660079956055,17.687332153320312,1.0,2.0820408508370747e-08
94,94,EXTERNAL_SAMPLE/0000094.png,degradation_poisoned,poisoned,0,1,1,17.275543212890625,0.49218568205833435,16.783357620239258,0.9999995231628418,5.141385628348871e-08
95,95,EXTERNAL_SAMPLE/0000095.png,degradation_poisoned,poisoned,0,1,1,13.79642105102539,2.6606152057647705,11.1358060836792,0.9999698400497437,1.4580343304260168e-05
96,96,EXTERNAL_SAMPLE/0000096.png,degradation_poisoned,poisoned,0,1,1,15.9147310256958,5.444020748138428,10.470710754394531,0.9999706745147705,2.8354066671454348e-05
97,97,EXTERNAL_SAMPLE/0000097.png,degradation_poisoned,poisoned,0,1,1,17.176822662353516,4.696835041046143,12.479988098144531,0.9999960660934448,3.801966840910609e-06
98,98,EXTERNAL_SAMPLE/0000098.png,degradation_poisoned,poisoned,0,1,1,17.57750701904297,1.5828197002410889,15.9946870803833,0.9999997615814209,1.1313462522366535e-07
99,99,EXTERNAL_SAMPLE/0000099.png,degradation_poisoned,poisoned,0,1,1,14.387227058410645,5.413014888763428,8.974212646484375,0.9998683929443359,0.0001266169419977814
100,100,EXTERNAL_SAMPLE/0000100.png,degradation_poisoned,poisoned,0,1,1,15.168179512023926,1.9072973728179932,13.260882377624512,0.9999949932098389,1.7412846773368074e-06
101,101,EXTERNAL_SAMPLE/0000101.png,degradation_poisoned,poisoned,0,1,1,20.785478591918945,0.6829169988632202,20.102561950683594,1.0,1.8602369644682426e-09
102,102,EXTERNAL_SAMPLE/0000102.png,degradation_poisoned,poisoned,0,1,1,14.800328254699707,3.7489287853240967,11.051399230957031,0.9999798536300659,1.586461439728737e-05
103,103,EXTERNAL_SAMPLE/0000103.png,degradation_poisoned,poisoned,0,1,1,17.13176918029785,10.218810081481934,6.912959098815918,0.9990060925483704,0.0009938209550455213
104,104,EXTERNAL_SAMPLE/0000104.png,degradation_poisoned,poisoned,0,1,1,15.01502799987793,5.82830810546875,9.18671989440918,0.9998942613601685,0.0001023793374770321
105,105,EXTERNAL_SAMPLE/0000105.png,degradation_poisoned,poisoned,0,1,1,15.027678489685059,6.92959451675415,8.09808349609375,0.9996938705444336,0.0003040283336304128
106,106,EXTERNAL_SAMPLE/0000106.png,degradation_poisoned,poisoned,0,1,1,13.058414459228516,3.5943000316619873,9.46411418914795,0.999887228012085,7.757797720842063e-05
107,107,EXTERNAL_SAMPLE/0000107.png,degradation_poisoned,poisoned,0,1,1,15.606472969055176,2.022615909576416,13.583856582641602,0.9999973773956299,1.2606800510184257e-06
108,108,EXTERNAL_SAMPLE/0000108.png,degradation_poisoned,poisoned,0,1,1,17.6678466796875,4.066912651062012,13.600934028625488,0.9999985694885254,1.2393351198625169e-06
109,109,EXTERNAL_SAMPLE/0000109.png,degradation_poisoned,poisoned,0,1,1,19.3596248626709,2.0423262119293213,17.317298889160156,1.0,3.0143429086137985e-08
110,110,EXTERNAL_SAMPLE/0000110.png,degradation_poisoned,poisoned,0,1,1,17.501266479492188,1.35190749168396,16.14935874938965,0.9999997615814209,9.692203661870735e-08
111,111,EXTERNAL_SAMPLE/0000111.png,degradation_poisoned,poisoned,0,1,1,20.00951385498047,0.48167815804481506,19.527835845947266,1.0,3.3049785130856435e-09
112,112,EXTERNAL_SAMPLE/0000112.png,degradation_poisoned,poisoned,0,1,1,15.128190040588379,4.274834156036377,10.853355407714844,0.9999781847000122,1.933918429131154e-05
113,113,EXTERNAL_SAMPLE/0000113.png,degradation_poisoned,poisoned,0,1,1,16.49774742126465,-0.41968342661857605,16.917430877685547,0.9999985694885254,4.4962714440544005e-08
114,114,EXTERNAL_SAMPLE/0000114.png,degradation_poisoned,poisoned,0,1,1,14.354744911193848,3.2364540100097656,11.118290901184082,0.999980092048645,1.4838122297078371e-05
115,115,EXTERNAL_SAMPLE/0000115.png,degradation_poisoned,poisoned,0,1,1,12.948553085327148,5.55375862121582,7.394794464111328,0.9993670582771301,0.0006140540353953838
116,116,EXTERNAL_SAMPLE/0000116.png,degradation_poisoned,poisoned,0,1,1,18.99088478088379,0.4102537930011749,18.580631256103516,1.0,8.521859662380393e-09
117,117,EXTERNAL_SAMPLE/0000117.png,degradation_poisoned,poisoned,0,1,1,15.150686264038086,3.700758934020996,11.44992733001709,0.999987006187439,1.0650110198184848e-05
118,118,EXTERNAL_SAMPLE/0000118.png,degradation_poisoned,poisoned,0,1,1,16.219797134399414,5.877049446105957,10.342747688293457,0.9999672174453735,3.2224601454799995e-05
119,119,EXTERNAL_SAMPLE/0000119.png,degradation_poisoned,poisoned,0,1,1,21.27811050415039,1.8608607053756714,19.41724967956543,1.0,3.6914382661734635e-09
120,120,EXTERNAL_SAMPLE/0000120.png,degradation_poisoned,poisoned,0,1,1,16.949796676635742,5.278532981872559,11.671263694763184,0.999990701675415,8.535531378583983e-06
121,121,EXTERNAL_SAMPLE/0000121.png,degradation_poisoned,poisoned,0,1,1,15.1002197265625,2.1013870239257812,12.998832702636719,0.9999949932098389,2.262958105347934e-06
122,122,EXTERNAL_SAMPLE/0000122.png,degradation_poisoned,poisoned,0,1,1,18.48409652709961,3.1909000873565674,15.293196678161621,0.9999997615814209,2.2816497846633865e-07
123,123,EXTERNAL_SAMPLE/0000123.png,degradation_poisoned,poisoned,0,1,1,17.30862045288086,5.201106071472168,12.107514381408691,0.9999942779541016,5.517862064152723e-06
124,124,EXTERNAL_SAMPLE/0000124.png,degradation_poisoned,poisoned,0,1,1,14.78509521484375,2.2452242374420166,12.539871215820312,0.9999890327453613,3.5809509881801205e-06
125,125,EXTERNAL_SAMPLE/0000125.png,degradation_poisoned,poisoned,0,1,1,15.051745414733887,5.651810646057129,9.399934768676758,0.9999150037765503,8.27224284876138e-05
126,126,EXTERNAL_SAMPLE/0000126.png,degradation_poisoned,poisoned,0,1,1,12.254884719848633,6.123213768005371,6.131670951843262,0.9977748990058899,0.002168112201616168
127,127,EXTERNAL_SAMPLE/0000127.png,degradation_poisoned,poisoned,0,1,1,18.644493103027344,2.155395269393921,16.489097595214844,0.9999998807907104,6.900425830735912e-08
128,128,EXTERNAL_SAMPLE/0000128.png,degradation_poisoned,poisoned,0,1,1,17.84940528869629,4.26399040222168,13.58541488647461,0.9999986886978149,1.2587187256940524e-06
129,129,EXTERNAL_SAMPLE/0000129.png,degradation_poisoned,poisoned,0,1,1,17.191463470458984,5.827704906463623,11.363758087158203,0.9999881982803345,1.160853571491316e-05
130,130,EXTERNAL_SAMPLE/0000130.png,degradation_poisoned,poisoned,0,1,1,13.625652313232422,4.584833145141602,9.04081916809082,0.9998711347579956,0.00011845847620861605
131,131,EXTERNAL_SAMPLE/0000131.png,degradation_poisoned,poisoned,0,1,1,16.649784088134766,1.9961861371994019,14.653597831726074,0.9999991655349731,4.3253669446130516e-07
132,132,EXTERNAL_SAMPLE/0000132.png,degradation_poisoned,poisoned,0,1,1,12.066637992858887,1.0416905879974365,11.024947166442871,0.9999217987060547,1.6288920960505493e-05
133,133,EXTERNAL_SAMPLE/0000133.png,degradation_poisoned,poisoned,0,1,1,15.831496238708496,5.276429176330566,10.55506706237793,0.9999728202819824,2.6060384698212147e-05
134,134,EXTERNAL_SAMPLE/0000134.png,degradation_poisoned,poisoned,0,1,1,17.479949951171875,2.7036783695220947,14.77627182006836,0.9999995231628418,3.826013426078134e-07
135,135,EXTERNAL_SAMPLE/0000135.png,degradation_poisoned,poisoned,0,1,1,16.509122848510742,4.516942024230957,11.992180824279785,0.9999933242797852,6.192401997395791e-06
136,136,EXTERNAL_SAMPLE/0000136.png,degradation_poisoned,poisoned,0,1,1,14.434804916381836,5.209372043609619,9.225433349609375,0.9998911619186401,9.849132038652897e-05
137,137,EXTERNAL_SAMPLE/0000137.png,degradation_poisoned,poisoned,0,1,1,11.049213409423828,7.196120262145996,3.853093147277832,0.979103684425354,0.0207707230001688
138,138,EXTERNAL_SAMPLE/0000138.png,degradation_poisoned,poisoned,0,1,1,15.080643653869629,7.308909893035889,7.77173376083374,0.9995760321617126,0.0004213032079860568
139,139,EXTERNAL_SAMPLE/0000139.png,degradation_poisoned,poisoned,0,1,1,11.36959171295166,2.8376357555389404,8.53195571899414,0.9995583891868591,0.0001969821605598554
140,140,EXTERNAL_SAMPLE/0000140.png,degradation_poisoned,poisoned,0,1,1,15.60290241241455,6.9153523445129395,8.687549591064453,0.9998301267623901,0.00016864418284967542
141,141,EXTERNAL_SAMPLE/0000141.png,degradation_poisoned,poisoned,0,1,1,16.876140594482422,1.9382643699645996,14.937875747680664,0.9999992847442627,3.2550875062042905e-07
142,142,EXTERNAL_SAMPLE/0000142.png,degradation_poisoned,poisoned,0,1,1,14.241093635559082,4.696748733520508,9.544344902038574,0.9999222755432129,7.159949018387124e-05
143,143,EXTERNAL_SAMPLE/0000143.png,degradation_poisoned,poisoned,0,1,1,13.864363670349121,3.6708149909973145,10.193548202514648,0.9999539852142334,3.7409186916192994e-05
144,144,EXTERNAL_SAMPLE/0000144.png,degradation_poisoned,poisoned,0,1,1,19.25933265686035,6.2085490226745605,13.050783157348633,0.9999978542327881,2.1484040644281777e-06
145,145,EXTERNAL_SAMPLE/0000145.png,degradation_poisoned,poisoned,0,1,1,19.144105911254883,4.973293781280518,14.170812606811523,0.9999992847442627,7.009611522335035e-07
146,146,EXTERNAL_SAMPLE/0000146.png,degradation_poisoned,poisoned,0,1,1,17.452816009521484,0.3007875978946686,17.152029037475586,0.9999997615814209,3.556054295472677e-08
147,147,EXTERNAL_SAMPLE/0000147.png,degradation_poisoned,poisoned,0,1,1,16.866384506225586,1.959862232208252,14.906522750854492,0.9999992847442627,3.358761375693575e-07
148,148,EXTERNAL_SAMPLE/0000148.png,degradation_poisoned,poisoned,0,1,1,23.17822265625,0.12789693474769592,23.050325393676758,1.0,9.758226171552309e-11
149,149,EXTERNAL_SAMPLE/0000149.png,degradation_poisoned,poisoned,0,1,1,16.343278884887695,5.947842597961426,10.39543628692627,0.9999687671661377,3.057073263335042e-05
150,150,EXTERNAL_SAMPLE/0000150.png,degradation_poisoned,poisoned,0,1,1,16.769840240478516,1.772599220275879,14.997241020202637,0.9999992847442627,3.067472391649062e-07
151,151,EXTERNAL_SAMPLE/0000151.png,degradation_poisoned,poisoned,0,1,1,21.39595603942871,1.0804272890090942,20.315528869628906,1.0,1.5034116174206247e-09
152,152,EXTERNAL_SAMPLE/0000152.png,degradation_poisoned,poisoned,0,1,1,19.50609588623047,5.81251335144043,13.693582534790039,0.9999988079071045,1.1296714319541934e-06
153,153,EXTERNAL_SAMPLE/0000153.png,degradation_poisoned,poisoned,0,1,1,19.187557220458984,1.546604871749878,17.640953063964844,1.0,2.1808784111954083e-08
154,154,EXTERNAL_SAMPLE/0000154.png,degradation_poisoned,poisoned,0,1,1,18.694795608520508,0.48052412271499634,18.214271545410156,1.0,1.2292560747084735e-08
155,155,EXTERNAL_SAMPLE/0000155.png,degradation_poisoned,poisoned,0,1,1,15.978581428527832,4.024644374847412,11.953937530517578,0.9999924898147583,6.4338009906350635e-06
156,156,EXTERNAL_SAMPLE/0000156.png,degradation_poisoned,poisoned,0,1,1,18.11881446838379,1.9047796726226807,16.214035034179688,0.9999998807907104,9.085189844881825e-08
157,157,EXTERNAL_SAMPLE/0000157.png,degradation_poisoned,poisoned,0,1,1,13.874665260314941,5.6819539070129395,8.192710876464844,0.9997132420539856,0.0002765835088212043
158,158,EXTERNAL_SAMPLE/0000158.png,degradation_poisoned,poisoned,0,1,1,18.95934295654297,3.6479532718658447,15.311389923095703,0.9999997615814209,2.240514334062027e-07
159,159,EXTERNAL_SAMPLE/0000159.png,degradation_poisoned,poisoned,0,1,1,14.05875301361084,2.9017128944396973,11.157039642333984,0.9999790191650391,1.427414554200368e-05
160,160,EXTERNAL_SAMPLE/0000160.png,degradation_poisoned,poisoned,0,1,1,16.9864559173584,3.5299930572509766,13.456462860107422,0.9999980926513672,1.431962459719216e-06
161,161,EXTERNAL_SAMPLE/0000161.png,degradation_poisoned,poisoned,0,1,1,18.37051773071289,1.4882054328918457,16.882312774658203,0.9999998807907104,4.6569830658427236e-08
162,162,EXTERNAL_SAMPLE/0000162.png,degradation_poisoned,poisoned,0,1,1,13.000035285949707,3.9857351779937744,9.014300346374512,0.9998315572738647,0.00012163707287982106
163,163,EXTERNAL_SAMPLE/0000163.png,degradation_poisoned,poisoned,0,1,1,17.660425186157227,3.2839293479919434,14.376495361328125,0.9999990463256836,5.706462502530485e-07
164,164,EXTERNAL_SAMPLE/0000164.png,degradation_poisoned,poisoned,0,1,1,15.848221778869629,4.509366035461426,11.338855743408203,0.999987006187439,1.1901231118827127e-05
165,165,EXTERNAL_SAMPLE/0000165.png,degradation_poisoned,poisoned,0,1,1,17.16413688659668,1.8856481313705444,15.278489112854004,0.9999992847442627,2.3154538553171733e-07
166,166,EXTERNAL_SAMPLE/0000166.png,degradation_poisoned,poisoned,0,1,1,19.93898582458496,1.293858528137207,18.645126342773438,1.0,7.989590322665663e-09
167,167,EXTERNAL_SAMPLE/0000167.png,degradation_poisoned,poisoned,0,1,1,18.865333557128906,1.8091922998428345,17.056140899658203,0.9999998807907104,3.913921275966459e-08
168,168,EXTERNAL_SAMPLE/0000168.png,degradation_poisoned,poisoned,0,1,1,17.40071678161621,4.879725933074951,12.520990371704102,0.9999963045120239,3.649231302915723e-06
169,169,EXTERNAL_SAMPLE/0000169.png,degradation_poisoned,poisoned,0,1,1,12.164801597595215,2.970409393310547,9.194392204284668,0.9998465776443481,0.00010159201337955892
170,170,EXTERNAL_SAMPLE/0000170.png,degradation_poisoned,poisoned,0,1,1,15.65694522857666,4.455148220062256,11.201797485351562,0.9999850988388062,1.3649435459228698e-05
171,171,EXTERNAL_SAMPLE/0000171.png,degradation_poisoned,poisoned,0,1,1,14.229504585266113,2.254199981689453,11.97530460357666,0.9999858140945435,6.297746040218044e-06
172,172,EXTERNAL_SAMPLE/0000172.png,degradation_poisoned,poisoned,0,1,1,14.118523597717285,3.6790339946746826,10.439489364624023,0.9999639987945557,2.9253091270220466e-05
173,173,EXTERNAL_SAMPLE/0000173.png,degradation_poisoned,poisoned,0,1,1,14.623403549194336,2.8514933586120605,11.771909713745117,0.9999871253967285,7.718253073107917e-06
174,174,EXTERNAL_SAMPLE/0000174.png,degradation_poisoned,poisoned,0,1,1,17.83895492553711,2.2172508239746094,15.6217041015625,0.9999997615814209,1.6427821947218035e-07
175,175,EXTERNAL_SAMPLE/0000175.png,degradation_poisoned,poisoned,0,1,1,14.9696683883667,2.108872652053833,12.860795974731445,0.999994158744812,2.597913862700807e-06
176,176,EXTERNAL_SAMPLE/0000176.png,degradation_poisoned,poisoned,0,1,1,21.55348014831543,4.223944664001465,17.32953643798828,1.0,2.977679436355629e-08
177,177,EXTERNAL_SAMPLE/0000177.png,degradation_poisoned,poisoned,0,1,1,16.68142318725586,4.448700428009033,12.232723236083984,0.9999942779541016,4.868479209108045e-06
178,178,EXTERNAL_SAMPLE/0000178.png,degradation_poisoned,poisoned,0,1,1,17.91090965270996,6.578804016113281,11.33210563659668,0.9999879598617554,1.1981847819697578e-05
179,179,EXTERNAL_SAMPLE/0000179.png,degradation_poisoned,poisoned,0,1,1,16.389604568481445,2.782139301300049,13.607465744018555,0.9999980926513672,1.2312660828683875e-06
180,180,EXTERNAL_SAMPLE/0000180.png,degradation_poisoned,poisoned,0,1,1,13.930420875549316,2.72806453704834,11.202356338500977,0.9999711513519287,1.3641619261761662e-05
181,181,EXTERNAL_SAMPLE/0000181.png,degradation_poisoned,poisoned,0,1,1,17.063154220581055,3.500208616256714,13.562945365905762,0.9999982118606567,1.2873211971964338e-06
182,182,EXTERNAL_SAMPLE/0000182.png,degradation_poisoned,poisoned,0,1,1,11.775877952575684,5.347440719604492,6.428437232971191,0.9983238577842712,0.0016122658271342516
183,183,EXTERNAL_SAMPLE/0000183.png,degradation_poisoned,poisoned,0,1,1,16.812646865844727,6.392373085021973,10.420273780822754,0.9999698400497437,2.9820816052961163e-05
184,184,EXTERNAL_SAMPLE/0000184.png,degradation_poisoned,poisoned,0,1,1,17.276065826416016,2.937613010406494,14.33845329284668,0.9999992847442627,5.927732331656443e-07
185,185,EXTERNAL_SAMPLE/0000185.png,degradation_poisoned,poisoned,0,1,1,19.308855056762695,1.1339904069900513,18.174863815307617,1.0,1.2786654401963915e-08
186,186,EXTERNAL_SAMPLE/0000186.png,degradation_poisoned,poisoned,0,1,1,18.12703514099121,3.765326738357544,14.361708641052246,0.9999994039535522,5.791471835436823e-07
187,187,EXTERNAL_SAMPLE/0000187.png,degradation_poisoned,poisoned,0,1,1,19.530601501464844,1.9909114837646484,17.539690017700195,1.0,2.4132894793638116e-08
188,188,EXTERNAL_SAMPLE/0000188.png,degradation_poisoned,poisoned,0,1,1,14.297677040100098,2.1677467823028564,12.12993049621582,0.9999891519546509,5.395521384343738e-06
189,189,EXTERNAL_SAMPLE/0000189.png,degradation_poisoned,poisoned,0,1,1,14.899073600769043,1.2703142166137695,13.628759384155273,0.9999949932098389,1.205321382258262e-06
190,190,EXTERNAL_SAMPLE/0000190.png,degradation_poisoned,poisoned,0,1,1,17.56562614440918,3.8302271366119385,13.73539924621582,0.9999986886978149,1.0834062322828686e-06
191,191,EXTERNAL_SAMPLE/0000191.png,degradation_poisoned,poisoned,0,1,1,16.437158584594727,4.027650356292725,12.409507751464844,0.9999949932098389,4.07959532822133e-06
192,192,EXTERNAL_SAMPLE/0000192.png,degradation_poisoned,poisoned,0,1,1,16.787736892700195,5.773403167724609,11.014333724975586,0.9999830722808838,1.6463733118143864e-05
193,193,EXTERNAL_SAMPLE/0000193.png,degradation_poisoned,poisoned,0,1,1,14.406932830810547,6.245593070983887,8.16133975982666,0.999708354473114,0.0002853964106179774
194,194,EXTERNAL_SAMPLE/0000194.png,degradation_poisoned,poisoned,0,1,1,17.593183517456055,1.4650901556015015,16.128093719482422,0.9999996423721313,9.90051418625626e-08
195,195,EXTERNAL_SAMPLE/0000195.png,degradation_poisoned,poisoned,0,1,1,20.85409927368164,1.421976089477539,19.4321231842041,1.0,3.6369398603852687e-09
196,196,EXTERNAL_SAMPLE/0000196.png,degradation_poisoned,poisoned,0,1,1,17.953523635864258,2.1962881088256836,15.757235527038574,0.9999997615814209,1.4345624776979093e-07
197,197,EXTERNAL_SAMPLE/0000197.png,degradation_poisoned,poisoned,0,1,1,16.30317497253418,2.6366870403289795,13.666487693786621,0.9999983310699463,1.160697593149962e-06
198,198,EXTERNAL_SAMPLE/0000198.png,degradation_poisoned,poisoned,0,1,1,13.443188667297363,2.2965054512023926,11.146682739257812,0.9999716281890869,1.4422643289435655e-05
199,199,EXTERNAL_SAMPLE/0000199.png,degradation_poisoned,poisoned,0,1,1,16.56743621826172,3.6044933795928955,12.962943077087402,0.9999971389770508,2.3456548206013395e-06
200,200,EXTERNAL_SAMPLE/0000200.png,degradation_poisoned,poisoned,0,1,1,17.339548110961914,1.8914674520492554,15.448081016540527,0.9999996423721313,1.9542652296422602e-07
201,201,EXTERNAL_SAMPLE/0000201.png,degradation_poisoned,poisoned,0,1,1,16.86249542236328,1.8402864933013916,15.022209167480469,0.9999992847442627,2.9918314226051734e-07
202,202,EXTERNAL_SAMPLE/0000202.png,degradation_poisoned,poisoned,0,1,1,15.610833168029785,3.5075833797454834,12.103249549865723,0.9999926090240479,5.541435712075327e-06
203,203,EXTERNAL_SAMPLE/0000203.png,degradation_poisoned,poisoned,0,1,1,14.193953514099121,4.704980373382568,9.488973617553711,0.9999186992645264,7.567559077870101e-05
204,204,EXTERNAL_SAMPLE/0000204.png,degradation_poisoned,poisoned,0,1,1,15.125104904174805,4.244110107421875,10.88099479675293,0.9999779462814331,1.8811975678545423e-05
205,205,EXTERNAL_SAMPLE/0000205.png,degradation_poisoned,poisoned,0,1,1,14.243378639221191,3.362534284591675,10.880844116210938,0.9999736547470093,1.881472962850239e-05
206,206,EXTERNAL_SAMPLE/0000206.png,degradation_poisoned,poisoned,0,1,1,18.960708618164062,6.033929824829102,12.926778793334961,0.9999974966049194,2.4320372631336795e-06
207,207,EXTERNAL_SAMPLE/0000207.png,degradation_poisoned,poisoned,0,1,1,14.009203910827637,2.82900071144104,11.180203437805176,0.9999785423278809,1.3947295883554034e-05
208,208,EXTERNAL_SAMPLE/0000208.png,degradation_poisoned,poisoned,0,1,1,18.420072555541992,3.9246339797973633,14.495438575744629,0.9999994039535522,5.066531798547658e-07
209,209,EXTERNAL_SAMPLE/0000209.png,degradation_poisoned,poisoned,0,1,1,15.423216819763184,2.9497931003570557,12.473423957824707,0.9999939203262329,3.826997726719128e-06
210,210,EXTERNAL_SAMPLE/0000210.png,degradation_poisoned,poisoned,0,1,1,15.732928276062012,3.0826478004455566,12.650279998779297,0.9999957084655762,3.2066482162917964e-06
211,211,EXTERNAL_SAMPLE/0000211.png,degradation_poisoned,poisoned,0,1,1,14.560502052307129,2.1659586429595947,12.394543647766113,0.9999790191650391,4.14103578805225e-06
212,212,EXTERNAL_SAMPLE/0000212.png,degradation_poisoned,poisoned,0,1,1,18.81858253479004,0.678977906703949,18.139604568481445,0.9999998807907104,1.324554332882144e-08
213,213,EXTERNAL_SAMPLE/0000213.png,degradation_poisoned,poisoned,0,1,1,18.39113998413086,2.207287311553955,16.183853149414062,0.9999997615814209,9.363576936038953e-08
214,214,EXTERNAL_SAMPLE/0000214.png,degradation_poisoned,poisoned,0,1,1,15.170108795166016,6.62563419342041,8.544474601745605,0.9998032450675964,0.00019457917369436473
215,215,EXTERNAL_SAMPLE/0000215.png,degradation_poisoned,poisoned,0,1,1,14.695343971252441,1.924924373626709,12.77042007446289,0.9999934434890747,2.843637275873334e-06
216,216,EXTERNAL_SAMPLE/0000216.png,degradation_poisoned,poisoned,0,1,1,16.121036529541016,5.460956573486328,10.660079956054688,0.9999756813049316,2.3462569515686482e-05
217,217,EXTERNAL_SAMPLE/0000217.png,degradation_poisoned,poisoned,0,1,1,14.873030662536621,3.3435096740722656,11.529520988464355,0.9999864101409912,9.835280252445955e-06
218,218,EXTERNAL_SAMPLE/0000218.png,degradation_poisoned,poisoned,0,1,1,17.89139175415039,3.3731038570404053,14.518287658691406,0.9999994039535522,4.952078711539798e-07
219,219,EXTERNAL_SAMPLE/0000219.png,degradation_poisoned,poisoned,0,1,1,17.77434730529785,4.759174823760986,13.015172958374023,0.9999977350234985,2.2262872789724497e-06
220,220,EXTERNAL_SAMPLE/0000220.png,degradation_poisoned,poisoned,0,1,1,17.823108673095703,1.8449864387512207,15.97812271118164,0.9999997615814209,1.1502424257514576e-07
221,221,EXTERNAL_SAMPLE/0000221.png,degradation_poisoned,poisoned,0,1,1,12.580552101135254,1.7513720989227295,10.829179763793945,0.9999203681945801,1.981127388717141e-05
222,222,EXTERNAL_SAMPLE/0000222.png,degradation_poisoned,poisoned,0,1,1,16.91375732421875,3.881490707397461,13.032266616821289,0.9999973773956299,2.1885546175326454e-06
223,223,EXTERNAL_SAMPLE/0000223.png,degradation_poisoned,poisoned,0,1,1,13.470582962036133,4.027463436126709,9.443119049072266,0.9999089241027832,7.922566874185577e-05
224,224,EXTERNAL_SAMPLE/0000224.png,degradation_poisoned,poisoned,0,1,1,17.444791793823242,-0.032655708491802216,17.477447509765625,0.9999996423721313,2.5682709292595973e-08
225,225,EXTERNAL_SAMPLE/0000225.png,degradation_poisoned,poisoned,0,1,1,11.91025447845459,1.579437255859375,10.330817222595215,0.9998791217803955,3.260848461650312e-05
226,226,EXTERNAL_SAMPLE/0000226.png,degradation_poisoned,poisoned,0,1,1,20.486465454101562,2.340970039367676,18.145496368408203,1.0,1.3167733570185192e-08
227,227,EXTERNAL_SAMPLE/0000227.png,degradation_poisoned,poisoned,0,1,1,21.43064308166504,4.0904340744018555,17.3402099609375,1.0,2.9460661465918747e-08
228,228,EXTERNAL_SAMPLE/0000228.png,degradation_poisoned,poisoned,0,1,1,16.44837760925293,5.48991060256958,10.958467483520508,0.9999819993972778,1.740965853969101e-05
229,229,EXTERNAL_SAMPLE/0000229.png,degradation_poisoned,poisoned,0,1,1,9.719525337219238,4.211223125457764,5.508302211761475,0.9952138662338257,0.004033584613353014
230,230,EXTERNAL_SAMPLE/0000230.png,degradation_poisoned,poisoned,0,1,1,15.867756843566895,6.902095317840576,8.965662002563477,0.999871015548706,0.00012770458124578
231,231,EXTERNAL_SAMPLE/0000231.png,degradation_poisoned,poisoned,0,1,1,17.472074508666992,1.1406524181365967,16.331422805786133,0.9999997615814209,8.078915669784692e-08
232,232,EXTERNAL_SAMPLE/0000232.png,degradation_poisoned,poisoned,0,1,1,17.234539031982422,2.8609166145324707,14.37362289428711,0.9999992847442627,5.722879450331675e-07
233,233,EXTERNAL_SAMPLE/0000233.png,degradation_poisoned,poisoned,0,1,1,14.771886825561523,4.138650417327881,10.633235931396484,0.9999728202819824,2.4100858354358934e-05
234,234,EXTERNAL_SAMPLE/0000234.png,degradation_poisoned,poisoned,0,1,1,18.425128936767578,2.351029634475708,16.074098587036133,0.9999998807907104,1.0449791432165512e-07
235,235,EXTERNAL_SAMPLE/0000235.png,degradation_poisoned,poisoned,0,1,1,14.70633602142334,4.359113693237305,10.347222328186035,0.999964714050293,3.2080646633403376e-05
236,236,EXTERNAL_SAMPLE/0000236.png,degradation_poisoned,poisoned,0,1,1,18.3587646484375,1.3518779277801514,17.006887435913086,0.9999998807907104,4.111521789695871e-08
237,237,EXTERNAL_SAMPLE/0000237.png,degradation_poisoned,poisoned,0,1,1,14.972758293151855,6.854554176330566,8.118204116821289,0.9996991157531738,0.00029797377646900713
238,238,EXTERNAL_SAMPLE/0000238.png,degradation_poisoned,poisoned,0,1,1,19.202545166015625,2.3261051177978516,16.876440048217773,0.9999998807907104,4.6844128576140065e-08
239,239,EXTERNAL_SAMPLE/0000239.png,degradation_poisoned,poisoned,0,1,1,17.173995971679688,2.172226905822754,15.001769065856934,0.9999992847442627,3.0536142503478914e-07
240,240,EXTERNAL_SAMPLE/0000240.png,degradation_poisoned,poisoned,0,1,1,18.47854232788086,3.079469919204712,15.399072647094727,0.9999997615814209,2.052426566478971e-07
241,241,EXTERNAL_SAMPLE/0000241.png,degradation_poisoned,poisoned,0,1,1,18.00627326965332,-0.20137327909469604,18.2076473236084,0.9999998807907104,1.2374258950842432e-08
242,242,EXTERNAL_SAMPLE/0000242.png,degradation_poisoned,poisoned,0,1,1,16.812803268432617,3.3836631774902344,13.429140090942383,0.9999980926513672,1.471626887905586e-06
243,243,EXTERNAL_SAMPLE/0000243.png,degradation_poisoned,poisoned,0,1,1,16.30756378173828,5.536552906036377,10.771011352539062,0.9999769926071167,2.0999028492951766e-05
244,244,EXTERNAL_SAMPLE/0000244.png,degradation_poisoned,poisoned,0,1,1,17.74317169189453,2.6543240547180176,15.088848114013672,0.9999996423721313,2.7989577233711316e-07
245,245,EXTERNAL_SAMPLE/0000245.png,degradation_poisoned,poisoned,0,1,1,23.84869956970215,-1.4921952486038208,25.34089469909668,1.0,9.876185806667603e-12
246,246,EXTERNAL_SAMPLE/0000246.png,degradation_poisoned,poisoned,0,1,1,15.294382095336914,1.4073803424835205,13.887001991271973,0.9999938011169434,9.30998510284553e-07
247,247,EXTERNAL_SAMPLE/0000247.png,degradation_poisoned,poisoned,0,1,1,17.448753356933594,2.8412485122680664,14.607504844665527,0.9999991655349731,4.5294021333575074e-07
248,248,EXTERNAL_SAMPLE/0000248.png,degradation_poisoned,poisoned,0,1,1,14.129903793334961,4.211661338806152,9.918242454528809,0.9999426603317261,4.926485053147189e-05
249,249,EXTERNAL_SAMPLE/0000249.png,degradation_poisoned,poisoned,0,1,1,17.390878677368164,2.7120401859283447,14.678838729858398,0.9999994039535522,4.2175580006187374e-07
250,250,EXTERNAL_SAMPLE/0000250.png,degradation_poisoned,poisoned,0,1,1,23.32921600341797,1.9430227279663086,21.386192321777344,1.0,5.153409921021535e-10
251,251,EXTERNAL_SAMPLE/0000251.png,degradation_poisoned,poisoned,0,1,1,14.5292387008667,1.1521379947662354,13.377100944519043,0.999991774559021,1.5502271253353683e-06
252,252,EXTERNAL_SAMPLE/0000252.png,degradation_poisoned,poisoned,0,1,1,17.362321853637695,1.6225955486297607,15.739726066589355,0.9999994039535522,1.4599015685234917e-07
253,253,EXTERNAL_SAMPLE/0000253.png,degradation_poisoned,poisoned,0,1,1,14.513457298278809,8.533467292785645,5.979990005493164,0.9974736571311951,0.0025224629789590836
254,254,EXTERNAL_SAMPLE/0000254.png,degradation_poisoned,poisoned,0,1,1,18.441736221313477,3.3555285930633545,15.086207389831543,0.9999996423721313,2.806359020723903e-07
255,255,EXTERNAL_SAMPLE/0000255.png,degradation_poisoned,poisoned,0,1,1,19.92473793029785,3.6984317302703857,16.226306915283203,0.9999998807907104,8.97437857361183e-08
256,256,EXTERNAL_SAMPLE/0000256.png,degradation_poisoned,poisoned,0,1,1,13.242142677307129,2.802046775817871,10.440095901489258,0.9999462366104126,2.9234832254587673e-05
257,257,EXTERNAL_SAMPLE/0000257.png,degradation_poisoned,poisoned,0,1,1,19.926259994506836,2.1951072216033936,17.73115348815918,1.0,1.992773235315326e-08
258,258,EXTERNAL_SAMPLE/0000258.png,degradation_poisoned,poisoned,0,1,1,16.354007720947266,3.929588556289673,12.424419403076172,0.9999949932098389,4.019213520223275e-06
259,259,EXTERNAL_SAMPLE/0000259.png,degradation_poisoned,poisoned,0,1,1,13.413617134094238,3.5939743518829346,9.819643020629883,0.9999328851699829,5.436934225144796e-05
260,260,EXTERNAL_SAMPLE/0000260.png,degradation_poisoned,poisoned,0,1,1,14.837933540344238,0.8051747679710388,14.032758712768555,0.9999953508377075,8.047264827837353e-07
261,261,EXTERNAL_SAMPLE/0000261.png,degradation_poisoned,poisoned,0,1,1,18.1162109375,1.5992627143859863,16.516948699951172,0.9999997615814209,6.710892108685584e-08
262,262,EXTERNAL_SAMPLE/0000262.png,degradation_poisoned,poisoned,0,1,1,13.758310317993164,5.045787811279297,8.712522506713867,0.9998224377632141,0.00016448352835141122
263,263,EXTERNAL_SAMPLE/0000263.png,degradation_poisoned,poisoned,0,1,1,20.231237411499023,2.678027629852295,17.55320930480957,1.0,2.380882868635581e-08
264,264,EXTERNAL_SAMPLE/0000264.png,degradation_poisoned,poisoned,0,1,1,15.19067668914795,7.900450706481934,7.290225982666016,0.9993166923522949,0.0006817077519372106
265,265,EXTERNAL_SAMPLE/0000265.png,degradation_poisoned,poisoned,0,1,1,16.61533546447754,3.2769277095794678,13.338407516479492,0.9999977350234985,1.611395873624133e-06
266,266,EXTERNAL_SAMPLE/0000266.png,degradation_poisoned,poisoned,0,1,1,12.581767082214355,8.0841646194458,4.497602462768555,0.9889608025550842,0.011012733913958073
267,267,EXTERNAL_SAMPLE/0000267.png,degradation_poisoned,poisoned,0,1,1,12.730194091796875,6.8628153800964355,5.8673787117004395,0.9971432089805603,0.002822197275236249
268,268,EXTERNAL_SAMPLE/0000268.png,degradation_poisoned,poisoned,0,1,1,13.516087532043457,2.0492727756500244,11.466814994812012,0.9999747276306152,1.0471636414877139e-05
269,269,EXTERNAL_SAMPLE/0000269.png,degradation_poisoned,poisoned,0,1,1,17.055646896362305,1.1189383268356323,15.936708450317383,0.9999994039535522,1.1988785786343215e-07
270,270,EXTERNAL_SAMPLE/0000270.png,degradation_poisoned,poisoned,0,1,1,12.733915328979492,6.488740921020508,6.245174407958984,0.9980382323265076,0.0019359866855666041
271,271,EXTERNAL_SAMPLE/0000271.png,degradation_poisoned,poisoned,0,1,1,16.66297721862793,4.316233158111572,12.346744537353516,0.9999951124191284,4.343850378063507e-06
272,272,EXTERNAL_SAMPLE/0000272.png,degradation_poisoned,poisoned,0,1,1,14.184931755065918,4.556859493255615,9.628072738647461,0.9999278783798218,6.584909715456888e-05
273,273,EXTERNAL_SAMPLE/0000273.png,degradation_poisoned,poisoned,0,1,1,14.708549499511719,3.108337879180908,11.600212097167969,0.999987006187439,9.16402495931834e-06
274,274,EXTERNAL_SAMPLE/0000274.png,degradation_poisoned,poisoned,0,1,1,15.274988174438477,0.9981251955032349,14.276863098144531,0.9999953508377075,6.304274506874208e-07
275,275,EXTERNAL_SAMPLE/0000275.png,degradation_poisoned,poisoned,0,1,1,17.795101165771484,4.805728435516357,12.989372253417969,0.999997615814209,2.2844742488814518e-06
276,276,EXTERNAL_SAMPLE/0000276.png,degradation_poisoned,poisoned,0,1,1,12.88125228881836,5.6233062744140625,7.257946014404297,0.9992759823799133,0.0007040436030365527
277,277,EXTERNAL_SAMPLE/0000277.png,degradation_poisoned,poisoned,0,1,1,15.521841049194336,1.465922236442566,14.05591869354248,0.9999972581863403,7.863047244427435e-07
278,278,EXTERNAL_SAMPLE/0000278.png,degradation_poisoned,poisoned,0,1,1,12.743660926818848,7.0252604484558105,5.718400478363037,0.9966874718666077,0.0032740794122219086
279,279,EXTERNAL_SAMPLE/0000279.png,degradation_poisoned,poisoned,0,1,1,16.777151107788086,1.9634783267974854,14.81367301940918,0.999998927116394,3.685556464461115e-07
280,280,EXTERNAL_SAMPLE/0000280.png,degradation_poisoned,poisoned,0,1,1,15.8468599319458,1.2394673824310303,14.607392311096191,0.9999984502792358,4.529908324002463e-07
281,281,EXTERNAL_SAMPLE/0000281.png,degradation_poisoned,poisoned,0,1,1,14.006255149841309,6.2413225173950195,7.764932632446289,0.9995686411857605,0.0004241751739755273
282,282,EXTERNAL_SAMPLE/0000282.png,degradation_poisoned,poisoned,0,1,1,14.6714448928833,4.291645050048828,10.379799842834473,0.9999639987945557,3.1052357371663675e-05
283,283,EXTERNAL_SAMPLE/0000283.png,degradation_poisoned,poisoned,0,1,1,15.444552421569824,7.171548843383789,8.273003578186035,0.9997435212135315,0.0002552517980802804
284,284,EXTERNAL_SAMPLE/0000284.png,degradation_poisoned,poisoned,0,1,1,20.414215087890625,4.013984203338623,16.400230407714844,0.9999998807907104,7.541719782011569e-08
285,285,EXTERNAL_SAMPLE/0000285.png,degradation_poisoned,poisoned,0,1,1,19.812015533447266,3.9987528324127197,15.813262939453125,0.9999998807907104,1.3563979450736952e-07
286,286,EXTERNAL_SAMPLE/0000286.png,degradation_poisoned,poisoned,0,1,1,13.90206241607666,6.854159355163574,7.047903060913086,0.999122679233551,0.0008684672066010535
287,287,EXTERNAL_SAMPLE/0000287.png,degradation_poisoned,poisoned,0,1,1,17.74258041381836,6.663294315338135,11.079286575317383,0.9999845027923584,1.5428377082571387e-05
288,288,EXTERNAL_SAMPLE/0000288.png,degradation_poisoned,poisoned,0,1,1,13.729575157165527,1.9207550287246704,11.808819770812988,0.9999822378158569,7.438528427883284e-06
289,289,EXTERNAL_SAMPLE/0000289.png,degradation_poisoned,poisoned,0,1,1,15.710519790649414,7.227143287658691,8.483376502990723,0.9997922778129578,0.0002068360336124897
290,290,EXTERNAL_SAMPLE/0000290.png,degradation_poisoned,poisoned,0,1,1,13.956844329833984,6.461782932281494,7.49506139755249,0.9994366765022278,0.0005555095267482102
291,291,EXTERNAL_SAMPLE/0000291.png,degradation_poisoned,poisoned,0,1,1,12.386595726013184,3.8539512157440186,8.532644271850586,0.9997571110725403,0.00019688569591380656
292,292,EXTERNAL_SAMPLE/0000292.png,degradation_poisoned,poisoned,0,1,1,18.72909164428711,4.232977390289307,14.496114730834961,0.9999995231628418,5.063108119429671e-07
293,293,EXTERNAL_SAMPLE/0000293.png,degradation_poisoned,poisoned,0,1,1,14.648473739624023,0.7027415633201599,13.945732116699219,0.9999935626983643,8.778952178545296e-07
294,294,EXTERNAL_SAMPLE/0000294.png,degradation_poisoned,poisoned,0,1,1,19.793977737426758,2.273838758468628,17.520139694213867,1.0,2.4609343896031532e-08
295,295,EXTERNAL_SAMPLE/0000295.png,degradation_poisoned,poisoned,0,1,1,16.986501693725586,2.7837042808532715,14.202796936035156,0.9999990463256836,6.788960718040471e-07
296,296,EXTERNAL_SAMPLE/0000296.png,degradation_poisoned,poisoned,0,1,1,18.640029907226562,4.266114234924316,14.373915672302246,0.9999994039535522,5.721204843212035e-07
297,297,EXTERNAL_SAMPLE/0000297.png,degradation_poisoned,poisoned,0,1,1,13.738149642944336,1.7496081590652466,11.988541603088379,0.9999794960021973,6.214892891875934e-06
298,298,EXTERNAL_SAMPLE/0000298.png,degradation_poisoned,poisoned,0,1,1,13.6469087600708,3.766641616821289,9.880267143249512,0.9999384880065918,5.1171460654586554e-05
299,299,EXTERNAL_SAMPLE/0000299.png,degradation_poisoned,poisoned,0,1,1,16.804296493530273,3.671254873275757,13.133041381835938,0.9999974966049194,1.9787526071013417e-06
300,300,EXTERNAL_SAMPLE/0000300.png,degradation_poisoned,poisoned,0,1,1,21.371768951416016,1.26614248752594,20.105627059936523,1.0,1.8545439628425697e-09
301,301,EXTERNAL_SAMPLE/0000301.png,degradation_poisoned,poisoned,0,1,1,13.392088890075684,4.239147663116455,9.15294075012207,0.9998794794082642,0.00010589513112790883
302,302,EXTERNAL_SAMPLE/0000302.png,degradation_poisoned,poisoned,0,1,1,18.158123016357422,0.7210239768028259,17.43709945678711,0.9999998807907104,2.674014965009519e-08
303,303,EXTERNAL_SAMPLE/0000303.png,degradation_poisoned,poisoned,0,1,1,14.585735321044922,2.8929107189178467,11.692824363708496,0.9999868869781494,8.353437806363218e-06
304,304,EXTERNAL_SAMPLE/0000304.png,degradation_poisoned,poisoned,0,1,1,17.99040412902832,2.399183511734009,15.59122085571289,0.9999997615814209,1.6936306224124564e-07
305,305,EXTERNAL_SAMPLE/0000305.png,degradation_poisoned,poisoned,0,1,1,19.761938095092773,0.6253703236579895,19.136568069458008,1.0,4.887582338852781e-09
306,306,EXTERNAL_SAMPLE/0000306.png,degradation_poisoned,poisoned,0,1,1,15.086138725280762,2.7728753089904785,12.313262939453125,0.9999929666519165,4.4917424020241015e-06
307,307,EXTERNAL_SAMPLE/0000307.png,degradation_poisoned,poisoned,0,1,1,16.84067153930664,2.651589870452881,14.189081192016602,0.999998927116394,6.882715979372733e-07
308,308,EXTERNAL_SAMPLE/0000308.png,degradation_poisoned,poisoned,0,1,1,17.003870010375977,4.686903953552246,12.31696605682373,0.999995231628418,4.475149125937605e-06
309,309,EXTERNAL_SAMPLE/0000309.png,degradation_poisoned,poisoned,0,1,1,15.11207103729248,2.98043155670166,12.13163948059082,0.9999920129776001,5.386323664424708e-06
310,310,EXTERNAL_SAMPLE/0000310.png,degradation_poisoned,poisoned,0,1,1,17.224069595336914,3.184396982192993,14.0396728515625,0.9999988079071045,7.991844199750631e-07
311,311,EXTERNAL_SAMPLE/0000311.png,degradation_poisoned,poisoned,0,1,1,15.543242454528809,3.4452743530273438,12.097968101501465,0.9999926090240479,5.570779649133328e-06
312,312,EXTERNAL_SAMPLE/0000312.png,degradation_poisoned,poisoned,0,1,1,15.50328254699707,1.8529378175735474,13.650344848632812,0.9999966621398926,1.1795846148743294e-06
313,313,EXTERNAL_SAMPLE/0000313.png,degradation_poisoned,poisoned,0,1,1,20.04271125793457,5.256068706512451,14.786642074584961,0.9999996423721313,3.786541924455378e-07
314,314,EXTERNAL_SAMPLE/0000314.png,degradation_poisoned,poisoned,0,1,1,21.337717056274414,0.754586398601532,20.5831298828125,1.0,1.1504301955511664e-09
315,315,EXTERNAL_SAMPLE/0000315.png,degradation_poisoned,poisoned,0,1,1,15.722861289978027,4.452099323272705,11.270761489868164,0.9999855756759644,1.2739846170006786e-05
316,316,EXTERNAL_SAMPLE/0000316.png,degradation_poisoned,poisoned,0,1,1,13.86608600616455,3.1924166679382324,10.673669815063477,0.9999665021896362,2.3145659724832512e-05
317,317,EXTERNAL_SAMPLE/0000317.png,degradation_poisoned,poisoned,0,1,1,20.699541091918945,2.609675168991089,18.089866638183594,1.0,1.3921009234252324e-08
318,318,EXTERNAL_SAMPLE/0000318.png,degradation_poisoned,poisoned,0,1,1,15.904801368713379,3.1830320358276367,12.721769332885742,0.9999959468841553,2.9854102194804e-06
319,319,EXTERNAL_SAMPLE/0000319.png,degradation_poisoned,poisoned,0,1,1,15.853006362915039,2.3259096145629883,13.52709674835205,0.9999974966049194,1.3343060345505364e-06
320,320,EXTERNAL_SAMPLE/0000320.png,degradation_poisoned,poisoned,0,1,1,18.392597198486328,1.1126105785369873,17.279987335205078,0.9999998807907104,3.128936754137612e-08
321,321,EXTERNAL_SAMPLE/0000321.png,degradation_poisoned,poisoned,0,1,1,13.514479637145996,4.20346212387085,9.311017990112305,0.9998986721038818,9.04132830328308e-05
322,322,EXTERNAL_SAMPLE/0000322.png,degradation_poisoned,poisoned,0,1,1,17.262948989868164,2.2032227516174316,15.05972671508789,0.9999995231628418,2.881665466247796e-07
323,323,EXTERNAL_SAMPLE/0000323.png,degradation_poisoned,poisoned,0,1,1,14.751343727111816,6.76318883895874,7.988154888153076,0.999657392501831,0.0003393435326870531
324,324,EXTERNAL_SAMPLE/0000324.png,degradation_poisoned,poisoned,0,1,1,13.78307819366455,12.797977447509766,0.9851007461547852,0.7281150817871094,0.2718793749809265
325,325,EXTERNAL_SAMPLE/0000325.png,degradation_poisoned,poisoned,0,1,1,11.897592544555664,4.541632652282715,7.355959892272949,0.9993007183074951,0.0006383272702805698
326,326,EXTERNAL_SAMPLE/0000326.png,degradation_poisoned,poisoned,0,1,1,19.475622177124023,2.241360664367676,17.23426055908203,1.0,3.275335203056784e-08
327,327,EXTERNAL_SAMPLE/0000327.png,degradation_poisoned,poisoned,0,1,1,17.545236587524414,0.5131045579910278,17.03213119506836,0.9999996423721313,4.0090299080475233e-08
328,328,EXTERNAL_SAMPLE/0000328.png,degradation_poisoned,poisoned,0,1,1,18.789920806884766,1.5371403694152832,17.25278091430664,1.0,3.21523323520978e-08
329,329,EXTERNAL_SAMPLE/0000329.png,degradation_poisoned,poisoned,0,1,1,15.924120903015137,2.5982723236083984,13.325848579406738,0.9999972581863403,1.6317601421178551e-06
330,330,EXTERNAL_SAMPLE/0000330.png,degradation_poisoned,poisoned,0,1,1,16.127317428588867,2.274858236312866,13.852458953857422,0.9999982118606567,9.637242328608409e-07
331,331,EXTERNAL_SAMPLE/0000331.png,degradation_poisoned,poisoned,0,1,1,16.665790557861328,1.0669203996658325,15.598870277404785,0.999998927116394,1.68072332940028e-07
332,332,EXTERNAL_SAMPLE/0000332.png,degradation_poisoned,poisoned,0,1,1,12.973440170288086,2.6269187927246094,10.346521377563477,0.9999382495880127,3.210229260730557e-05
333,333,EXTERNAL_SAMPLE/0000333.png,degradation_poisoned,poisoned,0,1,1,17.932525634765625,3.804530143737793,14.127995491027832,0.9999991655349731,7.316260166589927e-07
334,334,EXTERNAL_SAMPLE/0000334.png,degradation_poisoned,poisoned,0,1,1,12.038975715637207,5.0691633224487305,6.969812393188477,0.9989954829216003,0.0009388851467519999
335,335,EXTERNAL_SAMPLE/0000335.png,degradation_poisoned,poisoned,0,1,1,15.10828685760498,5.360772132873535,9.747514724731445,0.9999392032623291,5.8436166000319645e-05
336,336,EXTERNAL_SAMPLE/0000336.png,degradation_poisoned,poisoned,0,1,1,15.469856262207031,4.459810256958008,11.010046005249023,0.9999818801879883,1.6534455426153727e-05
337,337,EXTERNAL_SAMPLE/0000337.png,degradation_poisoned,poisoned,0,1,1,16.002729415893555,1.7583632469177246,14.244365692138672,0.9999982118606567,6.512531172120362e-07
338,338,EXTERNAL_SAMPLE/0000338.png,degradation_poisoned,poisoned,0,1,1,19.850194931030273,0.5977190732955933,19.25247573852539,1.0,4.3526728887854915e-09
339,339,EXTERNAL_SAMPLE/0000339.png,degradation_poisoned,poisoned,0,1,1,16.777334213256836,5.573068141937256,11.204265594482422,0.9999860525131226,1.3615801435662434e-05
340,340,EXTERNAL_SAMPLE/0000340.png,degradation_poisoned,poisoned,0,1,1,19.415172576904297,0.03583807498216629,19.379335403442383,1.0,3.834083273090982e-09
341,341,EXTERNAL_SAMPLE/0000341.png,degradation_poisoned,poisoned,0,1,1,15.645318031311035,5.179362773895264,10.46595573425293,0.9999701976776123,2.8489197575254366e-05
342,342,EXTERNAL_SAMPLE/0000342.png,degradation_poisoned,poisoned,0,1,1,18.094392776489258,1.17698335647583,16.917409896850586,0.9999998807907104,4.496371275308775e-08
343,343,EXTERNAL_SAMPLE/0000343.png,degradation_poisoned,poisoned,0,1,1,20.490678787231445,4.843603610992432,15.647075653076172,0.9999998807907104,1.6016268489238428e-07
344,344,EXTERNAL_SAMPLE/0000344.png,degradation_poisoned,poisoned,0,1,1,21.182697296142578,1.9412827491760254,19.24141502380371,1.0,4.4010839417296665e-09
345,345,EXTERNAL_SAMPLE/0000345.png,degradation_poisoned,poisoned,0,1,1,15.285619735717773,5.264750957489014,10.020868301391602,0.9999539852142334,4.446028469828889e-05
346,346,EXTERNAL_SAMPLE/0000346.png,degradation_poisoned,poisoned,0,1,1,16.196521759033203,0.9191893935203552,15.277332305908203,0.9999988079071045,2.3181330277566303e-07
347,347,EXTERNAL_SAMPLE/0000347.png,degradation_poisoned,poisoned,0,1,1,18.047998428344727,3.5556352138519287,14.492362976074219,0.9999994039535522,5.082138727630081e-07
348,348,EXTERNAL_SAMPLE/0000348.png,degradation_poisoned,poisoned,0,1,1,17.440004348754883,4.239787578582764,13.200216293334961,0.9999980926513672,1.8501975773688173e-06
349,349,EXTERNAL_SAMPLE/0000349.png,degradation_poisoned,poisoned,0,1,1,18.674415588378906,5.633065700531006,13.041349411010742,0.9999978542327881,2.168767423427198e-06
350,350,EXTERNAL_SAMPLE/0000350.png,degradation_poisoned,poisoned,0,1,1,19.01323127746582,1.9381086826324463,17.075122833251953,0.9999998807907104,3.840328233195578e-08
351,351,EXTERNAL_SAMPLE/0000351.png,degradation_poisoned,poisoned,0,1,1,10.57075023651123,1.128647804260254,9.442102432250977,0.9994300007820129,7.926827674964443e-05
352,352,EXTERNAL_SAMPLE/0000352.png,degradation_poisoned,poisoned,0,1,1,16.63930892944336,1.5869494676589966,15.052359580993652,0.9999991655349731,2.902972369156487e-07
353,353,EXTERNAL_SAMPLE/0000353.png,degradation_poisoned,poisoned,0,1,1,17.19937515258789,6.537990570068359,10.661384582519531,0.9999762773513794,2.3431992303812876e-05
354,354,EXTERNAL_SAMPLE/0000354.png,degradation_poisoned,poisoned,0,1,1,17.296781539916992,1.7937113046646118,15.503069877624512,0.9999996423721313,1.8497034659503697e-07
355,355,EXTERNAL_SAMPLE/0000355.png,degradation_poisoned,poisoned,0,1,1,15.072288513183594,4.552586555480957,10.519701957702637,0.9999696016311646,2.6998417524737306e-05
356,356,EXTERNAL_SAMPLE/0000356.png,degradation_poisoned,poisoned,0,1,1,20.43097686767578,3.444648265838623,16.986328125,1.0,4.196927250177396e-08
357,357,EXTERNAL_SAMPLE/0000357.png,degradation_poisoned,poisoned,0,1,1,13.751778602600098,8.87863540649414,4.873143196105957,0.9923987984657288,0.007591140456497669
358,358,EXTERNAL_SAMPLE/0000358.png,degradation_poisoned,poisoned,0,1,1,15.257735252380371,4.496901988983154,10.760833740234375,0.9999768733978271,2.1213836589595303e-05
359,359,EXTERNAL_SAMPLE/0000359.png,degradation_poisoned,poisoned,0,1,1,19.579225540161133,0.6177379488945007,18.96148681640625,1.0,5.8227866972515585e-09
360,360,EXTERNAL_SAMPLE/0000360.png,degradation_poisoned,poisoned,0,1,1,18.3239688873291,1.7245080471038818,16.59946060180664,0.9999998807907104,6.17939264202505e-08
361,361,EXTERNAL_SAMPLE/0000361.png,degradation_poisoned,poisoned,0,1,1,15.184979438781738,6.1616411209106445,9.023338317871094,0.9998774528503418,0.00012054820399498567
362,362,EXTERNAL_SAMPLE/0000362.png,degradation_poisoned,poisoned,0,1,1,19.63213539123535,2.1319193840026855,17.500215530395508,1.0,2.5104579748358447e-08
363,363,EXTERNAL_SAMPLE/0000363.png,degradation_poisoned,poisoned,0,1,1,15.910374641418457,3.598066806793213,12.312307357788086,0.9999939203262329,4.49604067398468e-06
364,364,EXTERNAL_SAMPLE/0000364.png,degradation_poisoned,poisoned,0,1,1,15.954398155212402,2.014538049697876,13.939860343933105,0.9999982118606567,8.830693332129158e-07
365,365,EXTERNAL_SAMPLE/0000365.png,degradation_poisoned,poisoned,0,1,1,15.773031234741211,1.8917139768600464,13.881317138671875,0.9999964237213135,9.363085951008543e-07
366,366,EXTERNAL_SAMPLE/0000366.png,degradation_poisoned,poisoned,0,1,1,13.92119312286377,6.466310024261475,7.454883098602295,0.999413251876831,0.0005782697699032724
367,367,EXTERNAL_SAMPLE/0000367.png,degradation_poisoned,poisoned,0,1,1,17.00147247314453,2.799997568130493,14.201475143432617,0.9999988079071045,6.797937999181158e-07
368,368,EXTERNAL_SAMPLE/0000368.png,degradation_poisoned,poisoned,0,1,1,15.155563354492188,3.3763089179992676,11.779254913330078,0.9999902248382568,7.661791642021853e-06
369,369,EXTERNAL_SAMPLE/0000369.png,degradation_poisoned,poisoned,0,1,1,21.678653717041016,1.7284200191497803,19.950233459472656,1.0,2.166325341335096e-09
370,370,EXTERNAL_SAMPLE/0000370.png,degradation_poisoned,poisoned,0,1,1,18.006874084472656,1.1906174421310425,16.81625747680664,0.9999998807907104,4.9749889541317316e-08
371,371,EXTERNAL_SAMPLE/0000371.png,degradation_poisoned,poisoned,0,1,1,21.015485763549805,2.612010955810547,18.403474807739258,1.0,1.0173548226077855e-08
372,372,EXTERNAL_SAMPLE/0000372.png,degradation_poisoned,poisoned,0,1,1,13.592870712280273,3.5928003787994385,10.000070571899414,0.9999403953552246,4.539401925285347e-05
373,373,EXTERNAL_SAMPLE/0000373.png,degradation_poisoned,poisoned,0,1,1,14.225607872009277,1.995772123336792,12.229835510253906,0.9999736547470093,4.882457687926944e-06
374,374,EXTERNAL_SAMPLE/0000374.png,degradation_poisoned,poisoned,0,1,1,16.062620162963867,2.819121837615967,13.243497848510742,0.9999972581863403,1.7718247136144782e-06
375,375,EXTERNAL_SAMPLE/0000375.png,degradation_poisoned,poisoned,0,1,1,15.77372932434082,1.840044617652893,13.933684349060059,0.9999979734420776,8.885397733138234e-07
376,376,EXTERNAL_SAMPLE/0000376.png,degradation_poisoned,poisoned,0,1,1,14.8197603225708,5.096891403198242,9.722868919372559,0.9999170303344727,5.989294368191622e-05
377,377,EXTERNAL_SAMPLE/0000377.png,degradation_poisoned,poisoned,0,1,1,14.770586967468262,7.136516094207764,7.634070873260498,0.999514102935791,0.00048345280811190605
378,378,EXTERNAL_SAMPLE/0000378.png,degradation_poisoned,poisoned,0,1,1,17.869890213012695,4.878281116485596,12.991609573364258,0.999997615814209,2.2793688003730495e-06
379,379,EXTERNAL_SAMPLE/0000379.png,degradation_poisoned,poisoned,0,1,1,18.603986740112305,4.507814884185791,14.096172332763672,0.9999991655349731,7.552831107204838e-07
380,380,EXTERNAL_SAMPLE/0000380.png,degradation_poisoned,poisoned,0,1,1,18.829544067382812,4.5535502433776855,14.275993347167969,0.9999994039535522,6.309785476332763e-07
381,381,EXTERNAL_SAMPLE/0000381.png,degradation_poisoned,poisoned,0,1,1,17.49820899963379,4.307733058929443,13.190475463867188,0.9999979734420776,1.868307776931033e-06
382,382,EXTERNAL_SAMPLE/0000382.png,degradation_poisoned,poisoned,0,1,1,17.040998458862305,2.349008798599243,14.69198989868164,0.9999991655349731,4.162454558809259e-07
383,383,EXTERNAL_SAMPLE/0000383.png,degradation_poisoned,poisoned,0,1,1,15.154082298278809,4.841369152069092,10.312713623046875,0.9999643564224243,3.3207019441761076e-05
384,384,EXTERNAL_SAMPLE/0000384.png,degradation_poisoned,poisoned,0,1,1,15.583849906921387,6.23513650894165,9.348712921142578,0.9999115467071533,8.706972585059702e-05
385,385,EXTERNAL_SAMPLE/0000385.png,degradation_poisoned,poisoned,0,1,1,18.69697380065918,5.936918258666992,12.760055541992188,0.9999971389770508,2.8732740702253068e-06
386,386,EXTERNAL_SAMPLE/0000386.png,degradation_poisoned,poisoned,0,1,1,15.968859672546387,3.5749199390411377,12.393939971923828,0.9999948740005493,4.143601927353302e-06
387,387,EXTERNAL_SAMPLE/0000387.png,degradation_poisoned,poisoned,1,1,1,24.3807430267334,24.3807430267334,0.0,1.0,1.0
388,388,EXTERNAL_SAMPLE/0000388.png,degradation_poisoned,poisoned,1,1,1,25.624000549316406,25.624000549316406,0.0,1.0,1.0
389,389,EXTERNAL_SAMPLE/0000389.png,degradation_poisoned,poisoned,1,1,1,25.216184616088867,25.216184616088867,0.0,1.0,1.0
390,390,EXTERNAL_SAMPLE/0000390.png,degradation_poisoned,poisoned,1,1,1,23.529245376586914,23.529245376586914,0.0,1.0,1.0
391,391,EXTERNAL_SAMPLE/0000391.png,degradation_poisoned,poisoned,1,1,1,23.32993507385254,23.32993507385254,0.0,1.0,1.0
392,392,EXTERNAL_SAMPLE/0000392.png,degradation_poisoned,poisoned,1,1,1,26.722423553466797,26.722423553466797,0.0,1.0,1.0
393,393,EXTERNAL_SAMPLE/0000393.png,degradation_poisoned,poisoned,1,1,1,21.260648727416992,21.260648727416992,0.0,1.0,1.0
394,394,EXTERNAL_SAMPLE/0000394.png,degradation_poisoned,poisoned,1,1,1,15.094717979431152,15.094717979431152,0.0,0.9999961853027344,0.9999961853027344
395,395,EXTERNAL_SAMPLE/0000395.png,degradation_poisoned,poisoned,1,1,1,16.107784271240234,16.107784271240234,0.0,0.999998927116394,0.999998927116394
396,396,EXTERNAL_SAMPLE/0000396.png,degradation_poisoned,poisoned,1,1,1,26.623682022094727,26.623682022094727,0.0,1.0,1.0
397,397,EXTERNAL_SAMPLE/0000397.png,degradation_poisoned,poisoned,1,1,1,22.03250503540039,22.03250503540039,0.0,1.0,1.0
398,398,EXTERNAL_SAMPLE/0000398.png,degradation_poisoned,poisoned,1,1,1,23.501846313476562,23.501846313476562,0.0,1.0,1.0
399,399,EXTERNAL_SAMPLE/0000399.png,degradation_poisoned,poisoned,1,1,1,28.200899124145508,28.200899124145508,0.0,1.0,1.0
400,400,EXTERNAL_SAMPLE/0000400.png,degradation_poisoned,poisoned,1,1,1,27.664278030395508,27.664278030395508,0.0,1.0,1.0
401,401,EXTERNAL_SAMPLE/0000401.png,degradation_poisoned,poisoned,1,1,1,18.94568634033203,18.94568634033203,0.0,1.0,1.0
402,402,EXTERNAL_SAMPLE/0000402.png,degradation_poisoned,poisoned,1,1,1,23.79766845703125,23.79766845703125,0.0,1.0,1.0
403,403,EXTERNAL_SAMPLE/0000403.png,degradation_poisoned,poisoned,1,1,1,24.193910598754883,24.193910598754883,0.0,1.0,1.0
404,404,EXTERNAL_SAMPLE/0000404.png,degradation_poisoned,poisoned,1,1,1,27.982389450073242,27.982389450073242,0.0,1.0,1.0
405,405,EXTERNAL_SAMPLE/0000405.png,degradation_poisoned,poisoned,1,1,1,17.726655960083008,17.726655960083008,0.0,0.9999998807907104,0.9999998807907104
406,406,EXTERNAL_SAMPLE/0000406.png,degradation_poisoned,poisoned,1,1,1,17.03864288330078,17.03864288330078,0.0,0.9999991655349731,0.9999991655349731
407,407,EXTERNAL_SAMPLE/0000407.png,degradation_poisoned,poisoned,1,1,1,26.88599395751953,26.88599395751953,0.0,1.0,1.0
408,408,EXTERNAL_SAMPLE/0000408.png,degradation_poisoned,poisoned,1,1,1,17.86835289001465,17.86835289001465,0.0,0.9999998807907104,0.9999998807907104
409,409,EXTERNAL_SAMPLE/0000409.png,degradation_poisoned,poisoned,1,1,1,25.196455001831055,25.196455001831055,0.0,1.0,1.0
410,410,EXTERNAL_SAMPLE/0000410.png,degradation_poisoned,poisoned,1,1,1,20.480615615844727,20.480615615844727,0.0,1.0,1.0
411,411,EXTERNAL_SAMPLE/0000411.png,degradation_poisoned,poisoned,1,1,1,22.456584930419922,22.456584930419922,0.0,1.0,1.0
412,412,EXTERNAL_SAMPLE/0000412.png,degradation_poisoned,poisoned,1,1,1,19.184682846069336,19.184682846069336,0.0,1.0,1.0
413,413,EXTERNAL_SAMPLE/0000413.png,degradation_poisoned,poisoned,1,1,1,23.737890243530273,23.737890243530273,0.0,1.0,1.0
414,414,EXTERNAL_SAMPLE/0000414.png,degradation_poisoned,poisoned,1,1,1,21.701154708862305,21.701154708862305,0.0,1.0,1.0
415,415,EXTERNAL_SAMPLE/0000415.png,degradation_poisoned,poisoned,1,1,1,18.84823226928711,18.84823226928711,0.0,0.9999998807907104,0.9999998807907104
416,416,EXTERNAL_SAMPLE/0000416.png,degradation_poisoned,poisoned,1,1,1,15.408055305480957,15.408055305480957,0.0,0.9999969005584717,0.9999969005584717
417,417,EXTERNAL_SAMPLE/0000417.png,degradation_poisoned,poisoned,1,1,1,16.314218521118164,16.314218521118164,0.0,0.9999990463256836,0.9999990463256836
418,418,EXTERNAL_SAMPLE/0000418.png,degradation_poisoned,poisoned,1,1,1,18.29456901550293,18.29456901550293,0.0,0.9999998807907104,0.9999998807907104
419,419,EXTERNAL_SAMPLE/0000419.png,degradation_poisoned,poisoned,1,1,1,27.231159210205078,27.231159210205078,0.0,1.0,1.0
420,420,EXTERNAL_SAMPLE/0000420.png,degradation_poisoned,poisoned,1,1,1,23.52008628845215,23.52008628845215,0.0,1.0,1.0
421,421,EXTERNAL_SAMPLE/0000421.png,degradation_poisoned,poisoned,1,1,1,23.43128204345703,23.43128204345703,0.0,1.0,1.0
422,422,EXTERNAL_SAMPLE/0000422.png,degradation_poisoned,poisoned,1,1,1,26.015974044799805,26.015974044799805,0.0,1.0,1.0
423,423,EXTERNAL_SAMPLE/0000423.png,degradation_poisoned,poisoned,1,1,1,19.832538604736328,19.832538604736328,0.0,1.0,1.0
424,424,EXTERNAL_SAMPLE/0000424.png,degradation_poisoned,poisoned,1,1,1,27.531309127807617,27.531309127807617,0.0,1.0,1.0
425,425,EXTERNAL_SAMPLE/0000425.png,degradation_poisoned,poisoned,1,1,1,21.344467163085938,21.344467163085938,0.0,1.0,1.0
426,426,EXTERNAL_SAMPLE/0000426.png,degradation_poisoned,poisoned,1,1,1,12.726171493530273,12.726171493530273,0.0,0.9999523162841797,0.9999523162841797
427,427,EXTERNAL_SAMPLE/0000427.png,degradation_poisoned,poisoned,1,1,1,16.529653549194336,16.529653549194336,0.0,0.9999992847442627,0.9999992847442627
428,428,EXTERNAL_SAMPLE/0000428.png,degradation_poisoned,poisoned,1,1,1,13.88669490814209,13.88669490814209,0.0,0.9999879598617554,0.9999879598617554
429,429,EXTERNAL_SAMPLE/0000429.png,degradation_poisoned,poisoned,1,1,1,17.705659866333008,17.705659866333008,0.0,0.9999996423721313,0.9999996423721313
430,430,EXTERNAL_SAMPLE/0000430.png,degradation_poisoned,poisoned,1,1,1,24.674779891967773,24.674779891967773,0.0,1.0,1.0
431,431,EXTERNAL_SAMPLE/0000431.png,degradation_poisoned,poisoned,1,1,1,15.423334121704102,15.423334121704102,0.0,0.9999953508377075,0.9999953508377075
432,432,EXTERNAL_SAMPLE/0000432.png,degradation_poisoned,poisoned,1,1,1,20.074129104614258,20.074129104614258,0.0,1.0,1.0
433,433,EXTERNAL_SAMPLE/0000433.png,degradation_poisoned,poisoned,1,1,1,17.44569206237793,17.44569206237793,0.0,0.9999996423721313,0.9999996423721313
434,434,EXTERNAL_SAMPLE/0000434.png,degradation_poisoned,poisoned,1,1,1,23.7515811920166,23.7515811920166,0.0,1.0,1.0
435,435,EXTERNAL_SAMPLE/0000435.png,degradation_poisoned,poisoned,1,1,1,23.001630783081055,23.001630783081055,0.0,1.0,1.0
436,436,EXTERNAL_SAMPLE/0000436.png,degradation_poisoned,poisoned,1,1,1,17.37174415588379,17.37174415588379,0.0,0.9999990463256836,0.9999990463256836
437,437,EXTERNAL_SAMPLE/0000437.png,degradation_poisoned,poisoned,1,1,1,19.085845947265625,19.085845947265625,0.0,1.0,1.0
438,438,EXTERNAL_SAMPLE/0000438.png,degradation_poisoned,poisoned,1,1,1,23.124357223510742,23.124357223510742,0.0,1.0,1.0
439,439,EXTERNAL_SAMPLE/0000439.png,degradation_poisoned,poisoned,1,1,1,17.717926025390625,17.717926025390625,0.0,0.9999998807907104,0.9999998807907104
440,440,EXTERNAL_SAMPLE/0000440.png,degradation_poisoned,poisoned,1,1,1,15.919655799865723,15.919655799865723,0.0,0.9999984502792358,0.9999984502792358
441,441,EXTERNAL_SAMPLE/0000441.png,degradation_poisoned,poisoned,1,1,1,23.483713150024414,23.483713150024414,0.0,1.0,1.0
442,442,EXTERNAL_SAMPLE/0000442.png,degradation_poisoned,poisoned,1,1,1,31.71440887451172,31.71440887451172,0.0,1.0,1.0
443,443,EXTERNAL_SAMPLE/0000443.png,degradation_poisoned,poisoned,1,1,1,21.928049087524414,21.928049087524414,0.0,1.0,1.0
444,444,EXTERNAL_SAMPLE/0000444.png,degradation_poisoned,poisoned,1,1,1,16.648006439208984,16.648006439208984,0.0,0.9999994039535522,0.9999994039535522
445,445,EXTERNAL_SAMPLE/0000445.png,degradation_poisoned,poisoned,1,1,1,27.102712631225586,27.102712631225586,0.0,1.0,1.0
446,446,EXTERNAL_SAMPLE/0000446.png,degradation_poisoned,poisoned,1,1,1,17.284669876098633,17.284669876098633,0.0,0.9999997615814209,0.9999997615814209
447,447,EXTERNAL_SAMPLE/0000447.png,degradation_poisoned,poisoned,1,1,1,21.105636596679688,21.105636596679688,0.0,1.0,1.0
448,448,EXTERNAL_SAMPLE/0000448.png,degradation_poisoned,poisoned,1,1,1,16.121389389038086,16.121389389038086,0.0,0.9999985694885254,0.9999985694885254
449,449,EXTERNAL_SAMPLE/0000449.png,degradation_poisoned,poisoned,1,1,1,22.900888442993164,22.900888442993164,0.0,1.0,1.0
450,450,EXTERNAL_SAMPLE/0000450.png,degradation_poisoned,poisoned,1,1,1,24.685924530029297,24.685924530029297,0.0,1.0,1.0
451,451,EXTERNAL_SAMPLE/0000451.png,degradation_poisoned,poisoned,1,1,1,22.45556640625,22.45556640625,0.0,1.0,1.0
452,452,EXTERNAL_SAMPLE/0000452.png,degradation_poisoned,poisoned,1,1,1,18.94450569152832,18.94450569152832,0.0,1.0,1.0
453,453,EXTERNAL_SAMPLE/0000453.png,degradation_poisoned,poisoned,1,1,1,23.487947463989258,23.487947463989258,0.0,1.0,1.0
454,454,EXTERNAL_SAMPLE/0000454.png,degradation_poisoned,poisoned,1,1,1,22.301355361938477,22.301355361938477,0.0,1.0,1.0
455,455,EXTERNAL_SAMPLE/0000455.png,degradation_poisoned,poisoned,1,1,1,26.033872604370117,26.033872604370117,0.0,1.0,1.0
456,456,EXTERNAL_SAMPLE/0000456.png,degradation_poisoned,poisoned,1,1,1,15.79481029510498,15.79481029510498,0.0,0.9999978542327881,0.9999978542327881
457,457,EXTERNAL_SAMPLE/0000457.png,degradation_poisoned,poisoned,1,1,1,23.126432418823242,23.126432418823242,0.0,1.0,1.0
458,458,EXTERNAL_SAMPLE/0000458.png,degradation_poisoned,poisoned,1,1,1,19.32585906982422,19.32585906982422,0.0,1.0,1.0
459,459,EXTERNAL_SAMPLE/0000459.png,degradation_poisoned,poisoned,1,1,1,20.11063003540039,20.11063003540039,0.0,1.0,1.0
460,460,EXTERNAL_SAMPLE/0000460.png,degradation_poisoned,poisoned,1,1,1,22.97361183166504,22.97361183166504,0.0,1.0,1.0
461,461,EXTERNAL_SAMPLE/0000461.png,degradation_poisoned,poisoned,1,1,1,16.500690460205078,16.500690460205078,0.0,0.9999991655349731,0.9999991655349731
462,462,EXTERNAL_SAMPLE/0000462.png,degradation_poisoned,poisoned,1,1,1,26.43975257873535,26.43975257873535,0.0,1.0,1.0
463,463,EXTERNAL_SAMPLE/0000463.png,degradation_poisoned,poisoned,1,1,1,26.17376136779785,26.17376136779785,0.0,1.0,1.0
464,464,EXTERNAL_SAMPLE/0000464.png,degradation_poisoned,poisoned,1,1,1,26.489376068115234,26.489376068115234,0.0,1.0,1.0
465,465,EXTERNAL_SAMPLE/0000465.png,degradation_poisoned,poisoned,1,1,1,18.48227882385254,18.48227882385254,0.0,0.9999998807907104,0.9999998807907104
466,466,EXTERNAL_SAMPLE/0000466.png,degradation_poisoned,poisoned,1,1,1,10.829293251037598,10.829293251037598,0.0,0.9987584352493286,0.9987584352493286
467,467,EXTERNAL_SAMPLE/0000467.png,degradation_poisoned,poisoned,1,1,1,19.75191307067871,19.75191307067871,0.0,1.0,1.0
468,468,EXTERNAL_SAMPLE/0000468.png,degradation_poisoned,poisoned,1,1,1,29.541364669799805,29.541364669799805,0.0,1.0,1.0
469,469,EXTERNAL_SAMPLE/0000469.png,degradation_poisoned,poisoned,1,1,1,25.4809513092041,25.4809513092041,0.0,1.0,1.0
470,470,EXTERNAL_SAMPLE/0000470.png,degradation_poisoned,poisoned,1,1,1,17.151859283447266,17.151859283447266,0.0,0.9999995231628418,0.9999995231628418
471,471,EXTERNAL_SAMPLE/0000471.png,degradation_poisoned,poisoned,1,1,1,23.329444885253906,23.329444885253906,0.0,1.0,1.0
472,472,EXTERNAL_SAMPLE/0000472.png,degradation_poisoned,poisoned,1,1,1,24.862791061401367,24.862791061401367,0.0,1.0,1.0
473,473,EXTERNAL_SAMPLE/0000473.png,degradation_poisoned,poisoned,1,1,1,24.860715866088867,24.860715866088867,0.0,1.0,1.0
474,474,EXTERNAL_SAMPLE/0000474.png,degradation_poisoned,poisoned,1,1,1,26.69196891784668,26.69196891784668,0.0,1.0,1.0
475,475,EXTERNAL_SAMPLE/0000475.png,degradation_poisoned,poisoned,1,1,1,18.071369171142578,18.071369171142578,0.0,0.9999998807907104,0.9999998807907104
476,476,EXTERNAL_SAMPLE/0000476.png,degradation_poisoned,poisoned,1,1,1,20.95717430114746,20.95717430114746,0.0,1.0,1.0
477,477,EXTERNAL_SAMPLE/0000477.png,degradation_poisoned,poisoned,1,1,1,27.962499618530273,27.962499618530273,0.0,1.0,1.0
478,478,EXTERNAL_SAMPLE/0000478.png,degradation_poisoned,poisoned,1,1,1,14.887127876281738,14.887127876281738,0.0,0.9999936819076538,0.9999936819076538
479,479,EXTERNAL_SAMPLE/0000479.png,degradation_poisoned,poisoned,1,1,1,28.759801864624023,28.759801864624023,0.0,1.0,1.0
480,480,EXTERNAL_SAMPLE/0000480.png,degradation_poisoned,poisoned,1,1,1,24.7762508392334,24.7762508392334,0.0,1.0,1.0
481,481,EXTERNAL_SAMPLE/0000481.png,degradation_poisoned,poisoned,1,1,1,26.427038192749023,26.427038192749023,0.0,1.0,1.0
482,482,EXTERNAL_SAMPLE/0000482.png,degradation_poisoned,poisoned,1,1,1,19.786184310913086,19.786184310913086,0.0,1.0,1.0
483,483,EXTERNAL_SAMPLE/0000483.png,degradation_poisoned,poisoned,1,1,1,17.38872528076172,17.38872528076172,0.0,0.9999997615814209,0.9999997615814209
484,484,EXTERNAL_SAMPLE/0000484.png,degradation_poisoned,poisoned,1,1,1,18.23345184326172,18.23345184326172,0.0,0.9999997615814209,0.9999997615814209
485,485,EXTERNAL_SAMPLE/0000485.png,degradation_poisoned,poisoned,1,1,1,23.126708984375,23.126708984375,0.0,1.0,1.0
486,486,EXTERNAL_SAMPLE/0000486.png,degradation_poisoned,poisoned,1,1,1,18.757966995239258,18.757966995239258,0.0,1.0,1.0
487,487,EXTERNAL_SAMPLE/0000487.png,degradation_poisoned,poisoned,1,1,1,22.71746063232422,22.71746063232422,0.0,1.0,1.0
488,488,EXTERNAL_SAMPLE/0000488.png,degradation_poisoned,poisoned,1,1,1,24.051179885864258,24.051179885864258,0.0,1.0,1.0
489,489,EXTERNAL_SAMPLE/0000489.png,degradation_poisoned,poisoned,1,1,1,22.256803512573242,22.256803512573242,0.0,1.0,1.0
490,490,EXTERNAL_SAMPLE/0000490.png,degradation_poisoned,poisoned,1,1,1,22.340011596679688,22.340011596679688,0.0,1.0,1.0
491,491,EXTERNAL_SAMPLE/0000491.png,degradation_poisoned,poisoned,1,1,1,21.717885971069336,21.717885971069336,0.0,1.0,1.0
492,492,EXTERNAL_SAMPLE/0000492.png,degradation_poisoned,poisoned,1,1,1,22.710716247558594,22.710716247558594,0.0,1.0,1.0
493,493,EXTERNAL_SAMPLE/0000493.png,degradation_poisoned,poisoned,1,1,1,20.949871063232422,20.949871063232422,0.0,1.0,1.0
494,494,EXTERNAL_SAMPLE/0000494.png,degradation_poisoned,poisoned,1,1,1,24.65470314025879,24.65470314025879,0.0,1.0,1.0
495,495,EXTERNAL_SAMPLE/0000495.png,degradation_poisoned,poisoned,1,1,1,21.01131248474121,21.01131248474121,0.0,1.0,1.0
496,496,EXTERNAL_SAMPLE/0000496.png,degradation_poisoned,poisoned,1,1,1,26.679338455200195,26.679338455200195,0.0,1.0,1.0
497,497,EXTERNAL_SAMPLE/0000497.png,degradation_poisoned,poisoned,1,1,1,16.047019958496094,16.047019958496094,0.0,0.9999983310699463,0.9999983310699463
498,498,EXTERNAL_SAMPLE/0000498.png,degradation_poisoned,poisoned,1,1,1,28.941444396972656,28.941444396972656,0.0,1.0,1.0
499,499,EXTERNAL_SAMPLE/0000499.png,degradation_poisoned,poisoned,1,1,1,22.165315628051758,22.165315628051758,0.0,1.0,1.0
500,500,EXTERNAL_SAMPLE/0000500.png,degradation_poisoned,poisoned,1,1,1,22.375099182128906,22.375099182128906,0.0,1.0,1.0
501,501,EXTERNAL_SAMPLE/0000501.png,degradation_poisoned,poisoned,1,1,1,19.639822006225586,19.639822006225586,0.0,1.0,1.0
502,502,EXTERNAL_SAMPLE/0000502.png,degradation_poisoned,poisoned,1,1,1,23.292333602905273,23.292333602905273,0.0,1.0,1.0
503,503,EXTERNAL_SAMPLE/0000503.png,degradation_poisoned,poisoned,1,1,1,24.712961196899414,24.712961196899414,0.0,1.0,1.0
504,504,EXTERNAL_SAMPLE/0000504.png,degradation_poisoned,poisoned,1,1,1,24.72477912902832,24.72477912902832,0.0,1.0,1.0
505,505,EXTERNAL_SAMPLE/0000505.png,degradation_poisoned,poisoned,1,1,1,23.973731994628906,23.973731994628906,0.0,1.0,1.0
506,506,EXTERNAL_SAMPLE/0000506.png,degradation_poisoned,poisoned,1,1,1,23.094377517700195,23.094377517700195,0.0,1.0,1.0
507,507,EXTERNAL_SAMPLE/0000507.png,degradation_poisoned,poisoned,1,1,1,25.36918067932129,25.36918067932129,0.0,1.0,1.0
508,508,EXTERNAL_SAMPLE/0000508.png,degradation_poisoned,poisoned,1,1,1,18.561466217041016,18.561466217041016,0.0,0.9999998807907104,0.9999998807907104
509,509,EXTERNAL_SAMPLE/0000509.png,degradation_poisoned,poisoned,1,1,1,25.679967880249023,25.679967880249023,0.0,1.0,1.0
510,510,EXTERNAL_SAMPLE/0000510.png,degradation_poisoned,poisoned,1,1,1,19.31605339050293,19.31605339050293,0.0,1.0,1.0
511,511,EXTERNAL_SAMPLE/0000511.png,degradation_poisoned,poisoned,1,1,1,26.33857536315918,26.33857536315918,0.0,1.0,1.0
0,0,EXTERNAL_SAMPLE/0000000.png,restoration_clean,clean,0,1,0,2.8647069931030273,8.629695892333984,-5.764988899230957,0.0031104448717087507,0.9920312166213989
1,1,EXTERNAL_SAMPLE/0000001.png,restoration_clean,clean,0,1,0,1.1237372159957886,8.958819389343262,-7.835082054138184,0.0003927017387468368,0.9926490187644958
2,2,EXTERNAL_SAMPLE/0000002.png,restoration_clean,clean,0,1,0,-0.37108027935028076,13.63253402709961,-14.00361442565918,8.284923183055071e-07,0.9999561309814453
3,3,EXTERNAL_SAMPLE/0000003.png,restoration_clean,clean,0,1,0,0.2896334230899811,18.02261734008789,-17.73298454284668,1.9891263747240373e-08,0.9999994039535522
4,4,EXTERNAL_SAMPLE/0000004.png,restoration_clean,clean,0,1,5,0.9965143799781799,4.028748989105225,-3.0322346687316895,0.007588575594127178,0.15741388499736786
5,5,EXTERNAL_SAMPLE/0000005.png,restoration_clean,clean,0,1,0,2.060499429702759,8.744002342224121,-6.683503150939941,0.0012451764196157455,0.9950373768806458
6,6,EXTERNAL_SAMPLE/0000006.png,restoration_clean,clean,0,1,0,1.3597354888916016,7.118945598602295,-5.759210109710693,0.0030459463596343994,0.9658627510070801
7,7,EXTERNAL_SAMPLE/0000007.png,restoration_clean,clean,0,1,0,2.3695507049560547,8.769295692443848,-6.399744987487793,0.0016244591679424047,0.977423369884491
8,8,EXTERNAL_SAMPLE/0000008.png,restoration_clean,clean,0,1,0,4.499586582183838,9.47530460357666,-4.975718021392822,0.006809399463236332,0.9863605499267578
9,9,EXTERNAL_SAMPLE/0000009.png,restoration_clean,clean,0,1,0,1.1629033088684082,11.344090461730957,-10.18118667602539,3.786245360970497e-05,0.9996360540390015
10,10,EXTERNAL_SAMPLE/0000010.png,restoration_clean,clean,0,1,0,2.029606819152832,6.760873794555664,-4.731266975402832,0.008017833344638348,0.909536600112915
11,11,EXTERNAL_SAMPLE/0000011.png,restoration_clean,clean,0,1,1,4.828671455383301,4.34696626663208,0.4817051887512207,0.5316552519798279,0.3284189701080322
12,12,EXTERNAL_SAMPLE/0000012.png,restoration_clean,clean,0,1,0,2.0649032592773438,6.545589923858643,-4.480686664581299,0.010323962196707726,0.911557137966156
13,13,EXTERNAL_SAMPLE/0000013.png,restoration_clean,clean,0,1,0,3.8824992179870605,7.6339545249938965,-3.751455307006836,0.022741733118891716,0.968411386013031
14,14,EXTERNAL_SAMPLE/0000014.png,restoration_clean,clean,0,1,0,1.0523936748504639,17.979949951171875,-16.92755699157715,4.4509761210065335e-08,0.9999996423721313
15,15,EXTERNAL_SAMPLE/0000015.png,restoration_clean,clean,0,1,0,0.46990787982940674,8.464553833007812,-7.994646072387695,0.0003206192050129175,0.9506489634513855
16,16,EXTERNAL_SAMPLE/0000016.png,restoration_clean,clean,0,1,7,0.843352198600769,3.6111929416656494,-2.76784086227417,0.017638830468058586,0.2808844745159149
17,17,EXTERNAL_SAMPLE/0000017.png,restoration_clean,clean,0,1,0,1.2710175514221191,7.919808864593506,-6.648791313171387,0.001268039457499981,0.9787373542785645
18,18,EXTERNAL_SAMPLE/0000018.png,restoration_clean,clean,0,1,0,1.196031093597412,11.256003379821777,-10.059972763061523,4.273174636182375e-05,0.9994045495986938
19,19,EXTERNAL_SAMPLE/0000019.png,restoration_clean,clean,0,1,0,1.9578698873519897,6.776532173156738,-4.818662166595459,0.007391540799289942,0.9150680303573608
20,20,EXTERNAL_SAMPLE/0000020.png,restoration_clean,clean,0,1,0,0.34255144000053406,15.331364631652832,-14.988813400268555,3.0934202754906437e-07,0.9999951124191284
21,21,EXTERNAL_SAMPLE/0000021.png,restoration_clean,clean,0,1,3,1.6679672002792358,3.0674800872802734,-1.3995128870010376,0.05136801674962044,0.2082061469554901
22,22,EXTERNAL_SAMPLE/0000022.png,restoration_clean,clean,0,1,0,0.05881939083337784,7.176031589508057,-7.117212295532227,0.0007883543148636818,0.9720474481582642
23,23,EXTERNAL_SAMPLE/0000023.png,restoration_clean,clean,0,1,0,1.5070390701293945,12.48743724822998,-10.980398178100586,1.703048837953247e-05,0.9998927116394043
24,24,EXTERNAL_SAMPLE/0000024.png,restoration_clean,clean,0,1,0,1.0226266384124756,8.766646385192871,-7.744019508361816,0.0004266168689355254,0.984516441822052
25,25,EXTERNAL_SAMPLE/0000025.png,restoration_clean,clean,0,1,0,0.4328240752220154,12.440936088562012,-12.008111953735352,6.093175215937663e-06,0.9997708201408386
26,26,EXTERNAL_SAMPLE/0000026.png,restoration_clean,clean,0,1,3,2.03230881690979,2.653653860092163,-0.621345043182373,0.07904740422964096,0.147141233086586
27,27,EXTERNAL_SAMPLE/0000027.png,restoration_clean,clean,0,1,0,0.3923611640930176,10.570499420166016,-10.178138732910156,3.794006261159666e-05,0.9986366629600525
28,28,EXTERNAL_SAMPLE/0000028.png,restoration_clean,clean,0,1,0,1.1150062084197998,12.8271484375,-11.712141990661621,8.193120265787002e-06,0.9999262094497681
29,29,EXTERNAL_SAMPLE/0000029.png,restoration_clean,clean,0,1,0,0.02533615380525589,10.661399841308594,-10.636063575744629,2.4003977159736678e-05,0.9987731575965881
30,30,EXTERNAL_SAMPLE/0000030.png,restoration_clean,clean,0,1,0,1.0125218629837036,15.970751762390137,-14.958230018615723,3.1894970220491814e-07,0.999997615814209
31,31,EXTERNAL_SAMPLE/0000031.png,restoration_clean,clean,0,1,0,1.905358910560608,9.056890487670898,-7.15153169631958,0.0007795613491907716,0.9947662353515625
32,32,EXTERNAL_SAMPLE/0000032.png,restoration_clean,clean,0,1,0,2.075152635574341,8.025321006774902,-5.950168609619141,0.002560339169576764,0.9827043414115906
33,33,EXTERNAL_SAMPLE/0000033.png,restoration_clean,clean,0,1,0,0.4489663541316986,9.325586318969727,-8.876620292663574,0.0001392837439198047,0.9976257681846619
34,34,EXTERNAL_SAMPLE/0000034.png,restoration_clean,clean,0,1,2,-0.8331332802772522,4.859086513519287,-5.6922197341918945,0.0008122390136122704,0.2408704310655594
35,35,EXTERNAL_SAMPLE/0000035.png,restoration_clean,clean,0,1,0,2.8126091957092285,9.244301795959473,-6.431692600250244,0.0016036340966820717,0.9962168335914612
36,36,EXTERNAL_SAMPLE/0000036.png,restoration_clean,clean,0,1,0,-0.28964370489120483,12.3668212890625,-12.656464576721191,3.186639332852792e-06,0.9999208450317383
37,37,EXTERNAL_SAMPLE/0000037.png,restoration_clean,clean,0,1,0,1.5351215600967407,4.759425163269043,-3.224303722381592,0.020486533641815186,0.5149508714675903
38,38,EXTERNAL_SAMPLE/0000038.png,restoration_clean,clean,0,1,0,-0.3980249762535095,13.61645221710205,-14.014476776123047,8.19527144813037e-07,0.9999384880065918
39,39,EXTERNAL_SAMPLE/0000039.png,restoration_clean,clean,0,1,0,3.3920977115631104,13.470331192016602,-10.07823371887207,4.1980791138485074e-05,0.9999352693557739
40,40,EXTERNAL_SAMPLE/0000040.png,restoration_clean,clean,0,1,0,1.7837812900543213,9.471428871154785,-7.687647819519043,0.00045734012383036315,0.9975676536560059
41,41,EXTERNAL_SAMPLE/0000041.png,restoration_clean,clean,0,1,0,5.56768274307251,12.854188919067383,-7.286506175994873,0.0006842173170298338,0.9992715716362
42,42,EXTERNAL_SAMPLE/0000042.png,restoration_clean,clean,0,1,0,3.347581148147583,17.903427124023438,-14.555846214294434,4.769535166815331e-07,0.9999994039535522
43,43,EXTERNAL_SAMPLE/0000043.png,restoration_clean,clean,0,1,0,2.9261209964752197,10.949456214904785,-8.023335456848145,0.0003275355265941471,0.9994215965270996
44,44,EXTERNAL_SAMPLE/0000044.png,restoration_clean,clean,0,1,3,0.29629579186439514,4.263500690460205,-3.9672048091888428,0.0071241422556340694,0.37641578912734985
45,45,EXTERNAL_SAMPLE/0000045.png,restoration_clean,clean,0,1,0,1.3589822053909302,9.399539947509766,-8.040557861328125,0.0003213259333278984,0.9975064396858215
46,46,EXTERNAL_SAMPLE/0000046.png,restoration_clean,clean,0,1,0,-0.38008421659469604,12.342906951904297,-12.722990989685059,2.9809982606820995e-06,0.9997387528419495
47,47,EXTERNAL_SAMPLE/0000047.png,restoration_clean,clean,0,1,0,1.4926207065582275,6.003056526184082,-4.510436058044434,0.009570297785103321,0.8705284595489502
48,48,EXTERNAL_SAMPLE/0000048.png,restoration_clean,clean,0,1,0,2.849212169647217,10.242106437683105,-7.392894268035889,0.0006144611397758126,0.9981312155723572
49,49,EXTERNAL_SAMPLE/0000049.png,restoration_clean,clean,0,1,0,2.5498743057250977,7.448703765869141,-4.898829460144043,0.0072300317697227,0.9697834849357605
50,50,EXTERNAL_SAMPLE/0000050.png,restoration_clean,clean,0,1,0,0.4264487326145172,10.016809463500977,-9.590360641479492,6.615093298023567e-05,0.967334508895874
51,51,EXTERNAL_SAMPLE/0000051.png,restoration_clean,clean,0,1,0,2.0018088817596436,5.827694416046143,-3.825885534286499,0.01859554648399353,0.8530410528182983
52,52,EXTERNAL_SAMPLE/0000052.png,restoration_clean,clean,0,1,0,0.12514004111289978,11.63571548461914,-11.510575294494629,1.0021361049439292e-05,0.9997836947441101
53,53,EXTERNAL_SAMPLE/0000053.png,restoration_clean,clean,0,1,0,1.2805947065353394,5.596323490142822,-4.315728664398193,0.011891758069396019,0.890313982963562
54,54,EXTERNAL_SAMPLE/0000054.png,restoration_clean,clean,0,1,0,2.7179200649261475,5.977591514587402,-3.259671449661255,0.03499657288193703,0.9113450050354004
55,55,EXTERNAL_SAMPLE/0000055.png,restoration_clean,clean,0,1,0,0.5512011647224426,17.32808494567871,-16.776884078979492,5.174775807859078e-08,0.9999994039535522
56,56,EXTERNAL_SAMPLE/0000056.png,restoration_clean,clean,0,1,0,2.7539680004119873,6.608628749847412,-3.854660749435425,0.01856701262295246,0.8765968680381775
57,57,EXTERNAL_SAMPLE/0000057.png,restoration_clean,clean,0,1,0,2.648183822631836,9.019883155822754,-6.371699333190918,0.0017007741844281554,0.9950398802757263
58,58,EXTERNAL_SAMPLE/0000058.png,restoration_clean,clean,0,1,0,2.1951494216918945,5.692320346832275,-3.497170925140381,0.020483650267124176,0.6764090061187744
59,59,EXTERNAL_SAMPLE/0000059.png,restoration_clean,clean,0,1,0,1.096397876739502,6.36513614654541,-5.268738269805908,0.00486405985429883,0.9444584250450134
60,60,EXTERNAL_SAMPLE/0000060.png,restoration_clean,clean,0,1,0,1.4261658191680908,4.646401405334473,-3.220235586166382,0.018794700503349304,0.47050684690475464
61,61,EXTERNAL_SAMPLE/0000061.png,restoration_clean,clean,0,1,0,3.07196307182312,5.932968616485596,-2.8610055446624756,0.037096064537763596,0.6484056115150452
62,62,EXTERNAL_SAMPLE/0000062.png,restoration_clean,clean,0,1,0,1.3611657619476318,9.240802764892578,-7.879636764526367,0.00037766681634821,0.9981402158737183
63,63,EXTERNAL_SAMPLE/0000063.png,restoration_clean,clean,0,1,0,3.1204423904418945,8.909150123596191,-5.788707733154297,0.0030189561657607555,0.9859630465507507
64,64,EXTERNAL_SAMPLE/0000064.png,restoration_clean,clean,0,1,0,1.7154812812805176,12.361653327941895,-10.646171569824219,2.3788597900420427e-05,0.99986732006073
65,65,EXTERNAL_SAMPLE/0000065.png,restoration_clean,clean,0,1,0,0.9500067830085754,17.105371475219727,-16.155364990234375,9.634160846871964e-08,0.9999994039535522
66,66,EXTERNAL_SAMPLE/0000066.png,restoration_clean,clean,0,1,0,-0.055308856070041656,7.910077095031738,-7.965385913848877,0.0003419564454816282,0.9846773147583008
67,67,EXTERNAL_SAMPLE/0000067.png,restoration_clean,clean,0,1,0,4.023529529571533,4.145187854766846,-0.1216583251953125,0.3408110439777374,0.38490113615989685
68,68,EXTERNAL_SAMPLE/0000068.png,restoration_clean,clean,0,1,0,0.7903381586074829,15.294784545898438,-14.504446029663086,5.021076390221424e-07,0.9999946355819702
69,69,EXTERNAL_SAMPLE/0000069.png,restoration_clean,clean,0,1,0,1.7402095794677734,9.357022285461426,-7.616812705993652,0.000491140759550035,0.9980347752571106
70,70,EXTERNAL_SAMPLE/0000070.png,restoration_clean,clean,0,1,0,2.086280107498169,14.474860191345215,-12.388580322265625,4.165838163316948e-06,0.9999872446060181
71,71,EXTERNAL_SAMPLE/0000071.png,restoration_clean,clean,0,1,0,3.0439696311950684,4.6290717124938965,-1.5851020812988281,0.1184658333659172,0.5780883431434631
72,72,EXTERNAL_SAMPLE/0000072.png,restoration_clean,clean,0,1,0,0.03111877292394638,18.370290756225586,-18.33917236328125,1.084921752436685e-08,0.9999995231628418
73,73,EXTERNAL_SAMPLE/0000073.png,restoration_clean,clean,0,1,0,0.18176373839378357,14.296271324157715,-14.114507675170898,7.415536060761951e-07,0.9999892711639404
74,74,EXTERNAL_SAMPLE/0000074.png,restoration_clean,clean,0,1,0,1.4167505502700806,8.055953979492188,-6.6392035484313965,0.0012540637981146574,0.9587140679359436
75,75,EXTERNAL_SAMPLE/0000075.png,restoration_clean,clean,0,1,0,-0.21877458691596985,10.805651664733887,-11.024426460266113,1.6284760931739584e-05,0.9991459846496582
76,76,EXTERNAL_SAMPLE/0000076.png,restoration_clean,clean,0,1,0,0.20868471264839172,20.001001358032227,-19.792316436767578,2.5369166767319484e-09,1.0
77,77,EXTERNAL_SAMPLE/0000077.png,restoration_clean,clean,0,1,0,1.89989173412323,9.93906307220459,-8.03917121887207,0.00032214701059274375,0.9986696243286133
78,78,EXTERNAL_SAMPLE/0000078.png,restoration_clean,clean,0,1,0,1.174408197402954,8.418251991271973,-7.243844032287598,0.0007029385888017714,0.9837366938591003
79,79,EXTERNAL_SAMPLE/0000079.png,restoration_clean,clean,0,1,0,0.4327995777130127,15.439946174621582,-15.007146835327148,3.0372243031706603e-07,0.999995231628418
80,80,EXTERNAL_SAMPLE/0000080.png,restoration_clean,clean,0,1,0,2.9177708625793457,8.478740692138672,-5.560969829559326,0.0037876986898481846,0.9850854873657227
81,81,EXTERNAL_SAMPLE/0000081.png,restoration_clean,clean,0,1,0,2.0768492221832275,13.77889633178711,-11.702047348022461,8.276550943264738e-06,0.9999630451202393
82,82,EXTERNAL_SAMPLE/0000082.png,restoration_clean,clean,0,1,0,0.02191745489835739,12.531659126281738,-12.50974178314209,3.689607638079906e-06,0.9997513890266418
83,83,EXTERNAL_SAMPLE/0000083.png,restoration_clean,clean,0,1,0,-0.25782132148742676,14.448623657226562,-14.70644474029541,4.102684556528402e-07,0.9999905824661255
84,84,EXTERNAL_SAMPLE/0000084.png,restoration_clean,clean,0,1,0,1.1141196489334106,11.758444786071777,-10.644325256347656,2.3831036742194556e-05,0.9998036026954651
85,85,EXTERNAL_SAMPLE/0000085.png,restoration_clean,clean,0,1,0,0.6117647886276245,10.705438613891602,-10.093673706054688,4.1308892832603306e-05,0.9992412328720093
86,86,EXTERNAL_SAMPLE/0000086.png,restoration_clean,clean,0,1,0,1.4380991458892822,8.430366516113281,-6.992267608642578,0.0009048814536072314,0.9846795201301575
87,87,EXTERNAL_SAMPLE/0000087.png,restoration_clean,clean,0,1,0,1.2896761894226074,10.962092399597168,-9.672416687011719,6.29574860795401e-05,0.9993659853935242
88,88,EXTERNAL_SAMPLE/0000088.png,restoration_clean,clean,0,1,0,-0.22902357578277588,8.707854270935059,-8.936878204345703,0.00012995510769542307,0.9886218905448914
89,89,EXTERNAL_SAMPLE/0000089.png,restoration_clean,clean,0,1,0,2.4888224601745605,8.164567947387695,-5.675745487213135,0.003354754066094756,0.9786009192466736
90,90,EXTERNAL_SAMPLE/0000090.png,restoration_clean,clean,0,1,0,3.441776752471924,4.403136730194092,-0.961359977722168,0.2363160252571106,0.6180256605148315
91,91,EXTERNAL_SAMPLE/0000091.png,restoration_clean,clean,0,1,0,2.303022623062134,7.889348030090332,-5.586325645446777,0.003465319750830531,0.924386739730835
92,92,EXTERNAL_SAMPLE/0000092.png,restoration_clean,clean,0,1,0,2.2595837116241455,3.650679349899292,-1.3910956382751465,0.09354196488857269,0.3759686350822449
93,93,EXTERNAL_SAMPLE/0000093.png,restoration_clean,clean,0,1,0,1.59213387966156,9.59323787689209,-8.001104354858398,0.00033402390545234084,0.9968114495277405
94,94,EXTERNAL_SAMPLE/0000094.png,restoration_clean,clean,0,1,5,-0.6938614249229431,2.249361276626587,-2.943222761154175,0.00463575916364789,0.08797236531972885
95,95,EXTERNAL_SAMPLE/0000095.png,restoration_clean,clean,0,1,0,1.0773520469665527,4.202424049377441,-3.1250720024108887,0.020605983212590218,0.46902379393577576
96,96,EXTERNAL_SAMPLE/0000096.png,restoration_clean,clean,0,1,0,0.9993653893470764,12.32497787475586,-11.32561206817627,1.2058648280799389e-05,0.9998836517333984
97,97,EXTERNAL_SAMPLE/0000097.png,restoration_clean,clean,0,1,0,3.5329806804656982,15.684524536132812,-12.151543617248535,5.280163804854965e-06,0.9999902248382568
98,98,EXTERNAL_SAMPLE/0000098.png,restoration_clean,clean,0,1,0,0.9251424074172974,6.359889984130859,-5.434747695922852,0.00403168611228466,0.924203634262085
99,99,EXTERNAL_SAMPLE/0000099.png,restoration_clean,clean,0,1,0,2.3462703227996826,7.186164855957031,-4.8398942947387695,0.00614306703209877,0.7768276333808899
100,100,EXTERNAL_SAMPLE/0000100.png,restoration_clean,clean,0,1,0,0.6222527027130127,4.661608695983887,-4.039356231689453,0.009198003448545933,0.5223525166511536
101,101,EXTERNAL_SAMPLE/0000101.png,restoration_clean,clean,0,1,0,2.8680343627929688,3.511023998260498,-0.6429896354675293,0.15078842639923096,0.2868236005306244
102,102,EXTERNAL_SAMPLE/0000102.png,restoration_clean,clean,0,1,0,0.8126417398452759,8.934446334838867,-8.121804237365723,0.00029382811044342816,0.9893457293510437
103,103,EXTERNAL_SAMPLE/0000103.png,restoration_clean,clean,0,1,0,0.7138095498085022,19.90924835205078,-19.195438385009766,4.6081547466769734e-09,1.0
104,104,EXTERNAL_SAMPLE/0000104.png,restoration_clean,clean,0,1,0,1.130656361579895,8.857124328613281,-7.726468086242676,0.0004373662231955677,0.9917625188827515
105,105,EXTERNAL_SAMPLE/0000105.png,restoration_clean,clean,0,1,0,0.9136702418327332,15.286044120788574,-14.372373580932617,5.730016141569649e-07,0.9999961853027344
106,106,EXTERNAL_SAMPLE/0000106.png,restoration_clean,clean,0,1,0,0.9900543093681335,9.237994194030762,-8.247940063476562,0.0002595017140265554,0.9912315011024475
107,107,EXTERNAL_SAMPLE/0000107.png,restoration_clean,clean,0,1,0,0.786285400390625,9.61620807647705,-8.829922676086426,0.0001460883067920804,0.9986244440078735
108,108,EXTERNAL_SAMPLE/0000108.png,restoration_clean,clean,0,1,0,0.666205108165741,13.90301513671875,-13.236809730529785,1.783632342267083e-06,0.9999511241912842
109,109,EXTERNAL_SAMPLE/0000109.png,restoration_clean,clean,0,1,0,3.4152355194091797,7.6183648109436035,-4.203129291534424,0.014201397076249123,0.9500072598457336
110,110,EXTERNAL_SAMPLE/0000110.png,restoration_clean,clean,0,1,0,1.4579225778579712,9.869954109191895,-8.412031173706055,0.00022179201187100261,0.9982622265815735
111,111,EXTERNAL_SAMPLE/0000111.png,restoration_clean,clean,0,1,0,1.4162085056304932,6.631526947021484,-5.21531867980957,0.005028869025409222,0.9256662726402283
112,112,EXTERNAL_SAMPLE/0000112.png,restoration_clean,clean,0,1,0,0.7666273713111877,16.314697265625,-15.548069953918457,1.7683090902664844e-07,0.9999980926513672
113,113,EXTERNAL_SAMPLE/0000113.png,restoration_clean,clean,0,1,2,0.8223770260810852,1.6619459390640259,-0.8395689129829407,0.03312810882925987,0.07670378684997559
114,114,EXTERNAL_SAMPLE/0000114.png,restoration_clean,clean,0,1,8,2.6931302547454834,4.657577037811279,-1.964446783065796,0.05046478286385536,0.35986265540122986
115,115,EXTERNAL_SAMPLE/0000115.png,restoration_clean,clean,0,1,0,0.9393302202224731,13.144392013549805,-12.205061912536621,5.004815193387913e-06,0.9999518394470215
116,116,EXTERNAL_SAMPLE/0000116.png,restoration_clean,clean,0,1,3,4.320525169372559,4.7684407234191895,-0.44791555404663086,0.18983231484889984,0.2970964014530182
117,117,EXTERNAL_SAMPLE/0000117.png,restoration_clean,clean,0,1,0,1.0069539546966553,8.230035781860352,-7.223081588745117,0.0006841802387498319,0.9378103017807007
118,118,EXTERNAL_SAMPLE/0000118.png,restoration_clean,clean,0,1,0,1.5988565683364868,11.22844409942627,-9.629587173461914,6.57286582281813e-05,0.9996117949485779
119,119,EXTERNAL_SAMPLE/0000119.png,restoration_clean,clean,0,1,0,3.2411136627197266,10.419999122619629,-7.178885459899902,0.0007599114906042814,0.9965826869010925
120,120,EXTERNAL_SAMPLE/0000120.png,restoration_clean,clean,0,1,0,2.4825072288513184,13.565824508666992,-11.083316802978516,1.5365709259640425e-05,0.9999445676803589
121,121,EXTERNAL_SAMPLE/0000121.png,restoration_clean,clean,0,1,0,3.117163896560669,9.27318286895752,-6.15601921081543,0.0020773597061634064,0.979573130607605
122,122,EXTERNAL_SAMPLE/0000122.png,restoration_clean,clean,0,1,0,0.4940033257007599,8.130925178527832,-7.6369218826293945,0.0004648153844755143,0.9637258648872375
123,123,EXTERNAL_SAMPLE/0000123.png,restoration_clean,clean,0,1,0,1.5946946144104004,12.624109268188477,-11.029415130615234,1.6215004507103004e-05,0.9998414516448975
124,124,EXTERNAL_SAMPLE/0000124.png,restoration_clean,clean,0,1,0,1.095642328262329,6.787751197814941,-5.692109107971191,0.00270550767891109,0.8022326231002808
125,125,EXTERNAL_SAMPLE/0000125.png,restoration_clean,clean,0,1,0,1.917536735534668,11.754849433898926,-9.837312698364258,5.3405517974169925e-05,0.9997162222862244
126,126,EXTERNAL_SAMPLE/0000126.png,restoration_clean,clean,0,1,0,-0.44059038162231445,11.873465538024902,-12.314056396484375,4.4866633288620505e-06,0.9996552467346191
127,127,EXTERNAL_SAMPLE/0000127.png,restoration_clean,clean,0,1,0,2.274888277053833,10.887606620788574,-8.61271858215332,0.0001814618008211255,0.9982547163963318
128,128,EXTERNAL_SAMPLE/0000128.png,restoration_clean,clean,0,1,0,1.931059718132019,11.834179878234863,-9.903120040893555,4.9975798901868984e-05,0.9991487264633179
129,129,EXTERNAL_SAMPLE/0000129.png,restoration_clean,clean,0,1,0,2.14561128616333,12.437456130981445,-10.291845321655273,3.390273923287168e-05,0.9998306035995483
130,130,EXTERNAL_SAMPLE/0000130.png,restoration_clean,clean,0,1,0,1.0089293718338013,9.655377388000488,-8.646448135375977,0.00017519740504212677,0.9968557357788086
131,131,EXTERNAL_SAMPLE/0000131.png,restoration_clean,clean,0,1,0,0.6664336323738098,11.809886932373047,-11.143453598022461,1.4467026630882174e-05,0.9998151659965515
132,132,EXTERNAL_SAMPLE/0000132.png,restoration_clean,clean,0,1,8,2.0714478492736816,1.613857388496399,0.4575904607772827,0.08307328820228577,0.05256932973861694
133,133,EXTERNAL_SAMPLE/0000133.png,restoration_clean,clean,0,1,0,3.080690860748291,7.1094069480896,-4.028716087341309,0.01628463715314865,0.9150130152702332
134,134,EXTERNAL_SAMPLE/0000134.png,restoration_clean,clean,0,1,0,0.8020756840705872,11.029559135437012,-10.227483749389648,3.614745583035983e-05,0.9995798468589783
135,135,EXTERNAL_SAMPLE/0000135.png,restoration_clean,clean,0,1,0,1.6745822429656982,9.127931594848633,-7.4533491134643555,0.0005775032332167029,0.9965584874153137
136,136,EXTERNAL_SAMPLE/0000136.png,restoration_clean,clean,0,1,0,0.8433347344398499,10.688005447387695,-9.844670295715332,5.282431811792776e-05,0.9961387515068054
137,137,EXTERNAL_SAMPLE/0000137.png,restoration_clean,clean,0,1,0,1.7020941972732544,13.520933151245117,-11.818839073181152,7.364237262663664e-06,0.9999639987945557
138,138,EXTERNAL_SAMPLE/0000138.png,restoration_clean,clean,0,1,0,0.3528580367565155,11.251091957092285,-10.898234367370605,1.8462922525941394e-05,0.998489499092102
139,139,EXTERNAL_SAMPLE/0000139.png,restoration_clean,clean,0,1,0,0.43702811002731323,4.172384262084961,-3.735356092453003,0.011427382007241249,0.4788409173488617
140,140,EXTERNAL_SAMPLE/0000140.png,restoration_clean,clean,0,1,0,2.716966152191162,8.40040397644043,-5.683437824249268,0.003353593870997429,0.9858167171478271
141,141,EXTERNAL_SAMPLE/0000141.png,restoration_clean,clean,0,1,0,0.8868506550788879,4.2993974685668945,-3.4125468730926514,0.02207357995212078,0.6697659492492676
142,142,EXTERNAL_SAMPLE/0000142.png,restoration_clean,clean,0,1,0,0.37554672360420227,13.682567596435547,-13.307021141052246,1.6626886463200208e-06,0.9999464750289917
143,143,EXTERNAL_SAMPLE/0000143.png,restoration_clean,clean,0,1,0,0.2380174994468689,9.602326393127441,-9.364309310913086,8.554856322007254e-05,0.9978851675987244
144,144,EXTERNAL_SAMPLE/0000144.png,restoration_clean,clean,0,1,0,1.429638385772705,16.268016815185547,-14.83837890625,3.5956122701463755e-07,0.9999974966049194
145,145,EXTERNAL_SAMPLE/0000145.png,restoration_clean,clean,0,1,0,3.3504600524902344,7.044919490814209,-3.6944594383239746,0.023727504536509514,0.954410970211029
146,146,EXTERNAL_SAMPLE/0000146.png,restoration_clean,clean,0,1,2,1.6012449264526367,1.9776414632797241,-0.3763965368270874,0.05890074744820595,0.08581984788179398
147,147,EXTERNAL_SAMPLE/0000147.png,restoration_clean,clean,0,1,0,3.296658754348755,6.456720352172852,-3.1600615978240967,0.03947910666465759,0.9306033849716187
148,148,EXTERNAL_SAMPLE/0000148.png,restoration_clean,clean,0,1,0,4.15002965927124,5.184431552886963,-1.0344018936157227,0.20428934693336487,0.5747523307800293
149,149,EXTERNAL_SAMPLE/0000149.png,restoration_clean,clean,0,1,0,2.035794973373413,8.990117073059082,-6.95432186126709,0.00048153212992474437,0.5044857263565063
150,150,EXTERNAL_SAMPLE/0000150.png,restoration_clean,clean,0,1,0,2.2805213928222656,5.35898494720459,-3.078463554382324,0.037350963801145554,0.8114495277404785
151,151,EXTERNAL_SAMPLE/0000151.png,restoration_clean,clean,0,1,9,0.0625968873500824,2.022198438644409,-1.9596015214920044,0.015944870188832283,0.11315275728702545
152,152,EXTERNAL_SAMPLE/0000152.png,restoration_clean,clean,0,1,0,0.6299138069152832,13.232796669006348,-12.602882385253906,3.362177949384204e-06,0.9999607801437378
153,153,EXTERNAL_SAMPLE/0000153.png,restoration_clean,clean,0,1,5,2.866401433944702,3.562347888946533,-0.695946455001831,0.14117634296417236,0.28314417600631714
154,154,EXTERNAL_SAMPLE/0000154.png,restoration_clean,clean,0,1,0,2.9488840103149414,7.64054012298584,-4.691656112670898,0.008940273895859718,0.9747903347015381
155,155,EXTERNAL_SAMPLE/0000155.png,restoration_clean,clean,0,1,0,3.1395270824432373,11.685871124267578,-8.546343803405762,0.00019416362920310348,0.9995346069335938
156,156,EXTERNAL_SAMPLE/0000156.png,restoration_clean,clean,0,1,0,2.6098792552948,4.919857025146484,-2.3099777698516846,0.06600382924079895,0.664935827255249
157,157,EXTERNAL_SAMPLE/0000157.png,restoration_clean,clean,0,1,0,0.08734863251447678,10.984724044799805,-10.897375106811523,1.8497607015888207e-05,0.9995059967041016
158,158,EXTERNAL_SAMPLE/0000158.png,restoration_clean,clean,0,1,0,2.085367441177368,9.142044067382812,-7.056676864624023,0.0008587780175730586,0.9966822266578674
159,159,EXTERNAL_SAMPLE/0000159.png,restoration_clean,clean,0,1,0,1.2511614561080933,5.127060413360596,-3.875898838043213,0.016502033919095993,0.7958275675773621
160,160,EXTERNAL_SAMPLE/0000160.png,restoration_clean,clean,0,1,0,0.4029525816440582,6.648318767547607,-6.245366096496582,0.0018098432337865233,0.9331876635551453
161,161,EXTERNAL_SAMPLE/0000161.png,restoration_clean,clean,0,1,0,1.612995982170105,3.064854383468628,-1.451858401298523,0.0746712014079094,0.3189239799976349
162,162,EXTERNAL_SAMPLE/0000162.png,restoration_clean,clean,0,1,3,2.0099105834960938,2.9399473667144775,-0.9300367832183838,0.08218106627464294,0.20829632878303528
163,163,EXTERNAL_SAMPLE/0000163.png,restoration_clean,clean,0,1,0,4.606417179107666,6.750608921051025,-2.1441917419433594,0.08404792845249176,0.7173607349395752
164,164,EXTERNAL_SAMPLE/0000164.png,restoration_clean,clean,0,1,0,2.774420738220215,8.90625286102295,-6.131832122802734,0.0021595805883407593,0.9940088987350464
165,165,EXTERNAL_SAMPLE/0000165.png,restoration_clean,clean,0,1,0,0.3533520996570587,6.755218029022217,-6.4018659591674805,0.0015883228043094277,0.9577096104621887
166,166,EXTERNAL_SAMPLE/0000166.png,restoration_clean,clean,0,1,8,1.1304926872253418,3.8606021404266357,-2.730109453201294,0.014500089921057224,0.22235257923603058
167,167,EXTERNAL_SAMPLE/0000167.png,restoration_clean,clean,0,1,0,4.7984395027160645,8.265609741210938,-3.467170238494873,0.029895706102252007,0.9580357670783997
168,168,EXTERNAL_SAMPLE/0000168.png,restoration_clean,clean,0,1,0,1.6154413223266602,16.313655853271484,-14.698214530944824,4.1366212144566816e-07,0.9999982118606567
169,169,EXTERNAL_SAMPLE/0000169.png,restoration_clean,clean,0,1,0,2.2171967029571533,6.281081676483154,-4.063884735107422,0.014918865635991096,0.8682774305343628
170,170,EXTERNAL_SAMPLE/0000170.png,restoration_clean,clean,0,1,0,4.688747882843018,5.911067485809326,-1.2223196029663086,0.21150393784046173,0.7180672883987427
171,171,EXTERNAL_SAMPLE/0000171.png,restoration_clean,clean,0,1,0,0.5259908437728882,7.06610631942749,-6.5401153564453125,0.0013893505092710257,0.9619397521018982
172,172,EXTERNAL_SAMPLE/0000172.png,restoration_clean,clean,0,1,0,-0.2186068296432495,10.813448905944824,-11.032055854797363,1.615476685401518e-05,0.9987612962722778
173,173,EXTERNAL_SAMPLE/0000173.png,restoration_clean,clean,0,1,0,3.5140695571899414,6.218439102172852,-2.70436954498291,0.059127792716026306,0.8836584687232971
174,174,EXTERNAL_SAMPLE/0000174.png,restoration_clean,clean,0,1,9,0.176113560795784,2.9359290599823,-2.7598154544830322,0.018473800271749496,0.29182928800582886
175,175,EXTERNAL_SAMPLE/0000175.png,restoration_clean,clean,0,1,5,1.1733832359313965,5.300962924957275,-4.127579689025879,0.006955986842513084,0.4314633011817932
176,176,EXTERNAL_SAMPLE/0000176.png,restoration_clean,clean,0,1,0,5.683070182800293,6.491396427154541,-0.808326244354248,0.28805798292160034,0.6464449167251587
177,177,EXTERNAL_SAMPLE/0000177.png,restoration_clean,clean,0,1,0,1.4300549030303955,12.294760704040527,-10.864706039428711,1.9118837371934205e-05,0.9998695850372314
178,178,EXTERNAL_SAMPLE/0000178.png,restoration_clean,clean,0,1,0,2.55609393119812,12.923152923583984,-10.367058753967285,3.144962465739809e-05,0.9999352693557739
179,179,EXTERNAL_SAMPLE/0000179.png,restoration_clean,clean,0,1,0,0.6681718230247498,12.337226867675781,-11.669054985046387,8.552945473638829e-06,0.9998202919960022
180,180,EXTERNAL_SAMPLE/0000180.png,restoration_clean,clean,0,1,0,1.7631556987762451,8.857254981994629,-7.094099044799805,0.000825253373477608,0.9942951798439026
181,181,EXTERNAL_SAMPLE/0000181.png,restoration_clean,clean,0,1,0,0.9614776372909546,12.323933601379395,-11.362456321716309,1.1610103683779016e-05,0.9988221526145935
182,182,EXTERNAL_SAMPLE/0000182.png,restoration_clean,clean,0,1,0,1.1438934803009033,10.78227710723877,-9.638383865356445,6.513437983812764e-05,0.9993261098861694
183,183,EXTERNAL_SAMPLE/0000183.png,restoration_clean,clean,0,1,0,3.172717571258545,15.925600051879883,-12.75288200378418,2.893955297622597e-06,0.9999955892562866
184,184,EXTERNAL_SAMPLE/0000184.png,restoration_clean,clean,0,1,0,0.9849997162818909,5.190344333648682,-4.2053446769714355,0.012705713510513306,0.8518380522727966
185,185,EXTERNAL_SAMPLE/0000185.png,restoration_clean,clean,0,1,0,2.142133951187134,4.642396450042725,-2.500262498855591,0.05985182896256447,0.7293359637260437
186,186,EXTERNAL_SAMPLE/0000186.png,restoration_clean,clean,0,1,0,1.5758417844772339,9.111681938171387,-7.535840034484863,0.0005320027121342719,0.9969826340675354
187,187,EXTERNAL_SAMPLE/0000187.png,restoration_clean,clean,0,1,0,0.39552104473114014,7.889952182769775,-7.494431018829346,0.0005503538995981216,0.9895371198654175
188,188,EXTERNAL_SAMPLE/0000188.png,restoration_clean,clean,0,1,0,0.8947864770889282,4.436957836151123,-3.5421714782714844,0.019077900797128677,0.6589858531951904
189,189,EXTERNAL_SAMPLE/0000189.png,restoration_clean,clean,0,1,5,1.287469506263733,3.180492877960205,-1.8930233716964722,0.012966752983629704,0.08609162271022797
190,190,EXTERNAL_SAMPLE/0000190.png,restoration_clean,clean,0,1,0,1.2660071849822998,9.006658554077148,-7.7406511306762695,0.0004312196106184274,0.9917919635772705
191,191,EXTERNAL_SAMPLE/0000191.png,restoration_clean,clean,0,1,0,1.1596364974975586,8.604269027709961,-7.444632530212402,0.0005797051126137376,0.9916763305664062
192,192,EXTERNAL_SAMPLE/0000192.png,restoration_clean,clean,0,1,0,0.5251085162162781,8.34179973602295,-7.8166913986206055,0.0003986573137808591,0.9893402457237244
193,193,EXTERNAL_SAMPLE/0000193.png,restoration_clean,clean,0,1,0,1.5491909980773926,10.339259147644043,-8.790067672729492,0.00015205067757051438,0.9987717270851135
194,194,EXTERNAL_SAMPLE/0000194.png,restoration_clean,clean,0,1,0,-0.14746573567390442,10.076929092407227,-10.224394798278809,3.622739313868806e-05,0.9987004995346069
195,195,EXTERNAL_SAMPLE/0000195.png,restoration_clean,clean,0,1,0,1.9211654663085938,6.792351245880127,-4.871185779571533,0.005635845009237528,0.7353399395942688
196,196,EXTERNAL_SAMPLE/0000196.png,restoration_clean,clean,0,1,0,1.8447859287261963,5.888211727142334,-4.043425559997559,0.015014362521469593,0.856139063835144
197,197,EXTERNAL_SAMPLE/0000197.png,restoration_clean,clean,0,1,0,1.4976985454559326,11.41116714477539,-9.913468360900879,4.948480273014866e-05,0.9996234178543091
198,198,EXTERNAL_SAMPLE/0000198.png,restoration_clean,clean,0,1,0,1.0029057264328003,10.670697212219238,-9.667791366577148,6.325524736894295e-05,0.9994590878486633
199,199,EXTERNAL_SAMPLE/0000199.png,restoration_clean,clean,0,1,0,0.8722289204597473,4.988252639770508,-4.116023540496826,0.012234139256179333,0.7501355409622192
200,200,EXTERNAL_SAMPLE/0000200.png,restoration_clean,clean,0,1,0,0.14648768305778503,7.788060188293457,-7.64157247543335,0.0004750318475998938,0.9894993305206299
201,201,EXTERNAL_SAMPLE/0000201.png,restoration_clean,clean,0,1,0,2.055544137954712,6.407989501953125,-4.352445602416992,0.012005657888948917,0.9324575066566467
202,202,EXTERNAL_SAMPLE/0000202.png,restoration_clean,clean,0,1,0,0.17787331342697144,13.225579261779785,-13.04770565032959,2.1544649371207925e-06,0.999737560749054
203,203,EXTERNAL_SAMPLE/0000203.png,restoration_clean,clean,0,1,0,1.1112655401229858,10.84909439086914,-9.737829208374023,5.897443406865932e-05,0.9994229078292847
204,204,EXTERNAL_SAMPLE/0000204.png,restoration_clean,clean,0,1,0,2.108093023300171,6.481904983520508,-4.373811721801758,0.011702988296747208,0.9285793900489807
205,205,EXTERNAL_SAMPLE/0000205.png,restoration_clean,clean,0,1,0,1.7697045803070068,6.037395477294922,-4.267690658569336,0.011784020811319351,0.8408682942390442
206,206,EXTERNAL_SAMPLE/0000206.png,restoration_clean,clean,0,1,0,1.213302731513977,22.043821334838867,-20.83051872253418,8.982984911476422e-10,1.0
207,207,EXTERNAL_SAMPLE/0000207.png,restoration_clean,clean,0,1,0,0.7532814741134644,6.550020694732666,-5.796739101409912,0.0027941789012402296,0.9199114441871643
208,208,EXTERNAL_SAMPLE/0000208.png,restoration_clean,clean,0,1,0,2.5434982776641846,10.387065887451172,-7.843567848205566,0.00039185507921501994,0.9989499449729919
209,209,EXTERNAL_SAMPLE/0000209.png,restoration_clean,clean,0,1,0,2.6506223678588867,4.110546588897705,-1.4599242210388184,0.10540051013231277,0.45381593704223633
210,210,EXTERNAL_SAMPLE/0000210.png,restoration_clean,clean,0,1,0,2.8991715908050537,6.777350902557373,-3.8781793117523193,0.017539596185088158,0.8477961421012878
211,211,EXTERNAL_SAMPLE/0000211.png,restoration_clean,clean,0,1,6,0.2528669834136963,4.186507225036621,-3.933640241622925,0.0015009568305686116,0.07668785005807877
212,212,EXTERNAL_SAMPLE/0000212.png,restoration_clean,clean,0,1,3,2.3728833198547363,2.267383098602295,0.1055002212524414,0.01927313208580017,0.017343396320939064
213,213,EXTERNAL_SAMPLE/0000213.png,restoration_clean,clean,0,1,0,1.9611048698425293,7.293205738067627,-5.332100868225098,0.004681107122451067,0.9683905839920044
214,214,EXTERNAL_SAMPLE/0000214.png,restoration_clean,clean,0,1,0,1.318414330482483,15.51033878326416,-14.191924095153809,6.863162411718804e-07,0.9999967813491821
215,215,EXTERNAL_SAMPLE/0000215.png,restoration_clean,clean,0,1,0,1.0114688873291016,6.517601490020752,-5.50613260269165,0.0038884300738573074,0.9573203921318054
216,216,EXTERNAL_SAMPLE/0000216.png,restoration_clean,clean,0,1,0,0.6392545104026794,15.492941856384277,-14.853687286376953,3.5409777865424985e-07,0.9999945163726807
217,217,EXTERNAL_SAMPLE/0000217.png,restoration_clean,clean,0,1,0,0.09051210433244705,8.487154960632324,-8.396642684936523,0.000224455856368877,0.9948246479034424
218,218,EXTERNAL_SAMPLE/0000218.png,restoration_clean,clean,0,1,0,0.7926025390625,11.185056686401367,-10.392454147338867,3.060327799175866e-05,0.9980525970458984
219,219,EXTERNAL_SAMPLE/0000219.png,restoration_clean,clean,0,1,0,1.6622631549835205,9.311083793640137,-7.648820877075195,0.0004752076929435134,0.9970665574073792
220,220,EXTERNAL_SAMPLE/0000220.png,restoration_clean,clean,0,1,0,0.8945707082748413,10.20012092590332,-9.305550575256348,9.079184383153915e-05,0.9986103773117065
221,221,EXTERNAL_SAMPLE/0000221.png,restoration_clean,clean,0,1,0,1.5967769622802734,5.863500118255615,-4.266723155975342,0.011465677991509438,0.8173613548278809
222,222,EXTERNAL_SAMPLE/0000222.png,restoration_clean,clean,0,1,0,0.17311528325080872,12.322601318359375,-12.14948558807373,5.290249646350276e-06,0.999840497970581
223,223,EXTERNAL_SAMPLE/0000223.png,restoration_clean,clean,0,1,0,0.9715653657913208,5.956785678863525,-4.985220432281494,0.006085383705794811,0.8899009823799133
224,224,EXTERNAL_SAMPLE/0000224.png,restoration_clean,clean,0,1,0,1.0478793382644653,3.3501789569854736,-2.3022994995117188,0.035596057772636414,0.3558589518070221
225,225,EXTERNAL_SAMPLE/0000225.png,restoration_clean,clean,0,1,0,0.7375968098640442,6.13665246963501,-5.399055480957031,0.0022970905993133783,0.5081104636192322
226,226,EXTERNAL_SAMPLE/0000226.png,restoration_clean,clean,0,1,0,0.2429957389831543,6.398201942443848,-6.155206203460693,0.0019820318557322025,0.933862030506134
227,227,EXTERNAL_SAMPLE/0000227.png,restoration_clean,clean,0,1,0,0.6441447138786316,17.34540367126465,-16.70125961303711,5.5812733990023844e-08,0.9999958276748657
228,228,EXTERNAL_SAMPLE/0000228.png,restoration_clean,clean,0,1,0,1.722731113433838,10.11456298828125,-8.39183235168457,0.00022598936629947275,0.9968147873878479
229,229,EXTERNAL_SAMPLE/0000229.png,restoration_clean,clean,0,1,0,1.274552583694458,6.145384311676025,-4.870831489562988,0.006398769095540047,0.8345871567726135
230,230,EXTERNAL_SAMPLE/0000230.png,restoration_clean,clean,0,1,0,1.344503402709961,9.59053897857666,-8.2460355758667,0.00026003713719546795,0.9913867115974426
231,231,EXTERNAL_SAMPLE/0000231.png,restoration_clean,clean,0,1,0,2.6627955436706543,4.355965614318848,-1.6931700706481934,0.11409752815961838,0.6203126907348633
232,232,EXTERNAL_SAMPLE/0000232.png,restoration_clean,clean,0,1,0,0.5757536888122559,7.45918607711792,-6.883432388305664,0.0009749564924277365,0.9515288472175598
233,233,EXTERNAL_SAMPLE/0000233.png,restoration_clean,clean,0,1,0,0.595546305179596,9.87285327911377,-9.27730655670166,9.340848191641271e-05,0.9987788796424866
234,234,EXTERNAL_SAMPLE/0000234.png,restoration_clean,clean,0,1,0,1.7829304933547974,4.176939964294434,-2.394009590148926,0.05374666303396225,0.588920533657074
235,235,EXTERNAL_SAMPLE/0000235.png,restoration_clean,clean,0,1,0,3.092024803161621,7.574881076812744,-4.482856273651123,0.010999556630849838,0.9733182787895203
236,236,EXTERNAL_SAMPLE/0000236.png,restoration_clean,clean,0,1,0,0.44975733757019043,3.8245861530303955,-3.374828815460205,0.017911618575453758,0.5233646035194397
237,237,EXTERNAL_SAMPLE/0000237.png,restoration_clean,clean,0,1,0,0.10263422876596451,14.359411239624023,-14.256776809692383,6.432066470551945e-07,0.9999769926071167
238,238,EXTERNAL_SAMPLE/0000238.png,restoration_clean,clean,0,1,0,0.8288734555244446,5.27139139175415,-4.4425177574157715,0.008948576636612415,0.7605274319648743
239,239,EXTERNAL_SAMPLE/0000239.png,restoration_clean,clean,0,1,0,0.5412330031394958,4.595151424407959,-4.053918361663818,0.008677336387336254,0.5000124573707581
240,240,EXTERNAL_SAMPLE/0000240.png,restoration_clean,clean,0,1,0,4.137368679046631,8.68447208404541,-4.547103404998779,0.01039792224764824,0.9811344146728516
241,241,EXTERNAL_SAMPLE/0000241.png,restoration_clean,clean,0,1,0,1.313157320022583,5.872330188751221,-4.559172630310059,0.00848821084946394,0.810661792755127
242,242,EXTERNAL_SAMPLE/0000242.png,restoration_clean,clean,0,1,0,0.4543120861053467,11.811026573181152,-11.356714248657227,1.1687893675116356e-05,0.9997573494911194
243,243,EXTERNAL_SAMPLE/0000243.png,restoration_clean,clean,0,1,0,1.0158734321594238,9.578845977783203,-8.562973022460938,0.00019075216550845653,0.9984387755393982
244,244,EXTERNAL_SAMPLE/0000244.png,restoration_clean,clean,0,1,0,2.427222967147827,8.18613052368164,-5.758907318115234,0.003115785075351596,0.9877094030380249
245,245,EXTERNAL_SAMPLE/0000245.png,restoration_clean,clean,0,1,1,9.95854663848877,-0.5474997162818909,10.506046295166016,0.9987024068832397,2.733494147832971e-05
246,246,EXTERNAL_SAMPLE/0000246.png,restoration_clean,clean,0,1,0,0.45091962814331055,6.176861763000488,-5.725942134857178,0.0023541634436696768,0.7220739126205444
247,247,EXTERNAL_SAMPLE/0000247.png,restoration_clean,clean,0,1,0,1.367575764656067,9.778762817382812,-8.411187171936035,0.00022181292297318578,0.997514009475708
248,248,EXTERNAL_SAMPLE/0000248.png,restoration_clean,clean,0,1,0,0.9560760855674744,11.95960521697998,-11.00352954864502,1.66243171406677e-05,0.9988861680030823
249,249,EXTERNAL_SAMPLE/0000249.png,restoration_clean,clean,0,1,0,1.3751028776168823,7.675182342529297,-6.300079345703125,0.0016104995738714933,0.8771023750305176
250,250,EXTERNAL_SAMPLE/0000250.png,restoration_clean,clean,0,1,2,3.3506131172180176,4.136768817901611,-0.7861557006835938,0.15505605936050415,0.3403390944004059
251,251,EXTERNAL_SAMPLE/0000251.png,restoration_clean,clean,0,1,9,1.4265577793121338,1.2402708530426025,0.18628692626953125,0.011689000762999058,0.009702284820377827
252,252,EXTERNAL_SAMPLE/0000252.png,restoration_clean,clean,0,1,0,1.6097512245178223,6.252779483795166,-4.643028259277344,0.007082624826580286,0.7355899810791016
253,253,EXTERNAL_SAMPLE/0000253.png,restoration_clean,clean,0,1,0,1.283630132675171,15.423301696777344,-14.139671325683594,7.231290055642603e-07,0.999993085861206
254,254,EXTERNAL_SAMPLE/0000254.png,restoration_clean,clean,0,1,0,2.160147190093994,6.133057594299316,-3.9729104042053223,0.01718347705900669,0.9131121635437012
255,255,EXTERNAL_SAMPLE/0000255.png,restoration_clean,clean,0,1,0,0.6942897439002991,9.348913192749023,-8.654623031616211,0.00017381139332428575,0.9970875382423401
256,256,EXTERNAL_SAMPLE/0000256.png,restoration_clean,clean,0,1,0,1.8372199535369873,4.428587913513184,-2.5913679599761963,0.0388948954641819,0.519169807434082
257,257,EXTERNAL_SAMPLE/0000257.png,restoration_clean,clean,0,1,0,1.5226895809173584,4.031480312347412,-2.5087907314300537,0.05304765701293945,0.6519588828086853
258,258,EXTERNAL_SAMPLE/0000258.png,restoration_clean,clean,0,1,0,2.766526222229004,6.663017749786377,-3.896491527557373,0.018534358590841293,0.9124358892440796
259,259,EXTERNAL_SAMPLE/0000259.png,restoration_clean,clean,0,1,0,4.393494606018066,5.0161590576171875,-0.6226644515991211,0.2867899239063263,0.5345441699028015
260,260,EXTERNAL_SAMPLE/0000260.png,restoration_clean,clean,0,1,0,1.2441909313201904,2.793613910675049,-1.5494229793548584,0.05734356865286827,0.2700166702270508
261,261,EXTERNAL_SAMPLE/0000261.png,restoration_clean,clean,0,1,0,1.9355909824371338,5.969357013702393,-4.03376579284668,0.01632487215101719,0.9219174385070801
262,262,EXTERNAL_SAMPLE/0000262.png,restoration_clean,clean,0,1,0,-0.033321671187877655,11.417932510375977,-11.451253890991211,1.06330544440425e-05,0.9997108578681946
263,263,EXTERNAL_SAMPLE/0000263.png,restoration_clean,clean,0,1,0,3.416501998901367,13.475652694702148,-10.059150695800781,4.278680353309028e-05,0.9998699426651001
264,264,EXTERNAL_SAMPLE/0000264.png,restoration_clean,clean,0,1,0,2.5921266078948975,11.380290031433105,-8.788163185119629,0.00015246264229062945,0.9995723366737366
265,265,EXTERNAL_SAMPLE/0000265.png,restoration_clean,clean,0,1,0,1.2183979749679565,8.316909790039062,-7.098511695861816,0.0008158090058714151,0.9872632622718811
266,266,EXTERNAL_SAMPLE/0000266.png,restoration_clean,clean,0,1,0,2.7430427074432373,10.82930850982666,-8.086265563964844,0.0003072827821597457,0.9985246062278748
267,267,EXTERNAL_SAMPLE/0000267.png,restoration_clean,clean,0,1,0,-1.5989426374435425,17.645980834960938,-19.244922637939453,4.385665608452882e-09,0.9999982118606567
268,268,EXTERNAL_SAMPLE/0000268.png,restoration_clean,clean,0,1,0,1.054293155670166,6.235921382904053,-5.181628227233887,0.004997248761355877,0.8893721699714661
269,269,EXTERNAL_SAMPLE/0000269.png,restoration_clean,clean,0,1,3,0.4247882068157196,2.9427871704101562,-2.5179989337921143,0.01272782776504755,0.15787279605865479
270,270,EXTERNAL_SAMPLE/0000270.png,restoration_clean,clean,0,1,0,0.004854187369346619,11.645403861999512,-11.640549659729004,8.792186235950794e-06,0.9989030361175537
271,271,EXTERNAL_SAMPLE/0000271.png,restoration_clean,clean,0,1,0,0.3482615649700165,13.6941499710083,-13.345888137817383,1.5993158513083472e-06,0.9999535083770752
272,272,EXTERNAL_SAMPLE/0000272.png,restoration_clean,clean,0,1,0,3.1416702270507812,8.309920310974121,-5.16825008392334,0.005619408562779427,0.9868090152740479
273,273,EXTERNAL_SAMPLE/0000273.png,restoration_clean,clean,0,1,0,-0.07650285214185715,11.665699005126953,-11.742201805114746,7.94949482951779e-06,0.9997996687889099
274,274,EXTERNAL_SAMPLE/0000274.png,restoration_clean,clean,0,1,3,1.3102874755859375,4.40250825881958,-3.0922207832336426,0.015898345038294792,0.35017597675323486
275,275,EXTERNAL_SAMPLE/0000275.png,restoration_clean,clean,0,1,0,0.6982723474502563,8.187081336975098,-7.488809108734131,0.0005514924414455891,0.9860252737998962
276,276,EXTERNAL_SAMPLE/0000276.png,restoration_clean,clean,0,1,0,1.6891664266586304,7.078310966491699,-5.389144420623779,0.0036825474817305803,0.8065366148948669
277,277,EXTERNAL_SAMPLE/0000277.png,restoration_clean,clean,0,1,0,1.0003275871276855,4.071122169494629,-3.0707945823669434,0.026948578655719757,0.5809851288795471
278,278,EXTERNAL_SAMPLE/0000278.png,restoration_clean,clean,0,1,0,0.15007716417312622,8.86333179473877,-8.713254928588867,0.00016341826994903386,0.9940749406814575
279,279,EXTERNAL_SAMPLE/0000279.png,restoration_clean,clean,0,1,0,1.1680667400360107,4.732127666473389,-3.564060926437378,0.01779020205140114,0.628105878829956
280,280,EXTERNAL_SAMPLE/0000280.png,restoration_clean,clean,0,1,0,1.607621431350708,4.533262729644775,-2.9256412982940674,0.036248765885829926,0.6759009957313538
281,281,EXTERNAL_SAMPLE/0000281.png,restoration_clean,clean,0,1,0,0.9500606656074524,14.43057918548584,-13.480518341064453,1.397905066369276e-06,0.999982476234436
282,282,EXTERNAL_SAMPLE/0000282.png,restoration_clean,clean,0,1,0,1.7481714487075806,8.721084594726562,-6.9729132652282715,0.0008472474291920662,0.9042905569076538
283,283,EXTERNAL_SAMPLE/0000283.png,restoration_clean,clean,0,1,0,1.6194887161254883,12.879287719726562,-11.259799003601074,1.2879097084805835e-05,0.9998941421508789
284,284,EXTERNAL_SAMPLE/0000284.png,restoration_clean,clean,0,1,1,5.969628810882568,5.034339904785156,0.9352889060974121,0.685793936252594,0.26915523409843445
285,285,EXTERNAL_SAMPLE/0000285.png,restoration_clean,clean,0,1,0,3.3660693168640137,6.567938804626465,-3.201869487762451,0.03768019378185272,0.9261202216148376
286,286,EXTERNAL_SAMPLE/0000286.png,restoration_clean,clean,0,1,0,0.08460862189531326,8.74929141998291,-8.664682388305664,0.00017197913257405162,0.9965509176254272
287,287,EXTERNAL_SAMPLE/0000287.png,restoration_clean,clean,0,1,0,0.8769049048423767,19.53502655029297,-18.65812110900879,7.88643905735853e-09,1.0
288,288,EXTERNAL_SAMPLE/0000288.png,restoration_clean,clean,0,1,0,0.6280064582824707,4.057984352111816,-3.4299778938293457,0.019516415894031525,0.6025881171226501
289,289,EXTERNAL_SAMPLE/0000289.png,restoration_clean,clean,0,1,0,1.7960395812988281,19.978782653808594,-18.182743072509766,1.2686299122321998e-08,0.9999998807907104
290,290,EXTERNAL_SAMPLE/0000290.png,restoration_clean,clean,0,1,0,0.588621973991394,9.970743179321289,-9.382121086120605,8.399666694458574e-05,0.9973911046981812
291,291,EXTERNAL_SAMPLE/0000291.png,restoration_clean,clean,0,1,0,0.06094490736722946,10.943001747131348,-10.882057189941406,1.8784439816954546e-05,0.9995755553245544
292,292,EXTERNAL_SAMPLE/0000292.png,restoration_clean,clean,0,1,0,1.6247731447219849,7.45909309387207,-5.834320068359375,0.0028760212007910013,0.9831167459487915
293,293,EXTERNAL_SAMPLE/0000293.png,restoration_clean,clean,0,1,0,0.7296518683433533,3.5991926193237305,-2.8695406913757324,0.020495345816016197,0.36131080985069275
294,294,EXTERNAL_SAMPLE/0000294.png,restoration_clean,clean,0,1,0,2.0781164169311523,7.94688081741333,-5.868764400482178,0.0027637884486466646,0.9778602123260498
295,295,EXTERNAL_SAMPLE/0000295.png,restoration_clean,clean,0,1,0,1.85996675491333,5.914301872253418,-4.054335117340088,0.015069786459207535,0.8687252998352051
296,296,EXTERNAL_SAMPLE/0000296.png,restoration_clean,clean,0,1,0,1.5828795433044434,20.677732467651367,-19.094852447509766,5.095783350839156e-09,1.0
297,297,EXTERNAL_SAMPLE/0000297.png,restoration_clean,clean,0,1,6,-0.4903564453125,5.548211097717285,-6.038567543029785,0.0007936895708553493,0.3327876627445221
298,298,EXTERNAL_SAMPLE/0000298.png,restoration_clean,clean,0,1,0,1.2627789974212646,10.90904426574707,-9.646265029907227,6.461838347604498e-05,0.9992536902427673
299,299,EXTERNAL_SAMPLE/0000299.png,restoration_clean,clean,0,1,0,2.02496600151062,8.283778190612793,-6.258811950683594,0.0018814520444720984,0.9832425117492676
300,300,EXTERNAL_SAMPLE/0000300.png,restoration_clean,clean,0,1,1,6.65154504776001,3.648132085800171,3.003412961959839,0.7923718690872192,0.03931545838713646
301,301,EXTERNAL_SAMPLE/0000301.png,restoration_clean,clean,0,1,0,0.9240540862083435,10.902103424072266,-9.978049278259277,4.6377932449104264e-05,0.9993626475334167
302,302,EXTERNAL_SAMPLE/0000302.png,restoration_clean,clean,0,1,0,0.5011480450630188,7.474255084991455,-6.973106861114502,0.0009176572784781456,0.9796305894851685
303,303,EXTERNAL_SAMPLE/0000303.png,restoration_clean,clean,0,1,0,0.6979775428771973,8.924713134765625,-8.226736068725586,0.00026583613362163305,0.9941230416297913
304,304,EXTERNAL_SAMPLE/0000304.png,restoration_clean,clean,0,1,0,1.3180073499679565,10.627535820007324,-9.309528350830078,9.043884347192943e-05,0.9986925721168518
305,305,EXTERNAL_SAMPLE/0000305.png,restoration_clean,clean,0,1,0,1.448721170425415,3.5348987579345703,-2.0861775875091553,0.04287998750805855,0.34535840153694153
306,306,EXTERNAL_SAMPLE/0000306.png,restoration_clean,clean,0,1,0,1.3594515323638916,6.611537456512451,-5.2520856857299805,0.004872411489486694,0.9304559230804443
307,307,EXTERNAL_SAMPLE/0000307.png,restoration_clean,clean,0,1,0,0.21706604957580566,11.801045417785645,-11.583979606628418,9.312081601819955e-06,0.9997817873954773
308,308,EXTERNAL_SAMPLE/0000308.png,restoration_clean,clean,0,1,0,1.4414485692977905,12.202549934387207,-10.761101722717285,2.1206302335485816e-05,0.999889612197876
309,309,EXTERNAL_SAMPLE/0000309.png,restoration_clean,clean,0,1,0,2.5418941974639893,6.797605037689209,-4.255710601806641,0.013502020388841629,0.9519855380058289
310,310,EXTERNAL_SAMPLE/0000310.png,restoration_clean,clean,0,1,0,1.1183189153671265,9.137386322021484,-8.019067764282227,0.0003262338286731392,0.9912104606628418
311,311,EXTERNAL_SAMPLE/0000311.png,restoration_clean,clean,0,1,0,1.3812997341156006,11.636208534240723,-10.254908561706543,3.516965443850495e-05,0.9995816349983215
312,312,EXTERNAL_SAMPLE/0000312.png,restoration_clean,clean,0,1,0,1.3784114122390747,4.573487758636475,-3.1950764656066895,0.020189465954899788,0.49286606907844543
313,313,EXTERNAL_SAMPLE/0000313.png,restoration_clean,clean,0,1,0,3.6155686378479004,14.455135345458984,-10.839567184448242,1.9607599824666977e-05,0.9999738931655884
314,314,EXTERNAL_SAMPLE/0000314.png,restoration_clean,clean,0,1,3,4.462672710418701,4.0469279289245605,0.4157447814941406,0.19135789573192596,0.12626725435256958
315,315,EXTERNAL_SAMPLE/0000315.png,restoration_clean,clean,0,1,0,1.8423224687576294,8.445693016052246,-6.603370666503906,0.0013360964367166162,0.9854742288589478
316,316,EXTERNAL_SAMPLE/0000316.png,restoration_clean,clean,0,1,0,-0.3756404519081116,10.485917091369629,-10.861557960510254,1.913973392220214e-05,0.9978162050247192
317,317,EXTERNAL_SAMPLE/0000317.png,restoration_clean,clean,0,1,0,3.5379233360290527,7.303736686706543,-3.7658133506774902,0.02220839075744152,0.9593763947486877
318,318,EXTERNAL_SAMPLE/0000318.png,restoration_clean,clean,0,1,0,-0.28802791237831116,10.074234962463379,-10.362262725830078,3.153481156914495e-05,0.9978464841842651
319,319,EXTERNAL_SAMPLE/0000319.png,restoration_clean,clean,0,1,0,0.9996915459632874,9.450087547302246,-8.450395584106445,0.00021269515855237842,0.9947587847709656
320,320,EXTERNAL_SAMPLE/0000320.png,restoration_clean,clean,0,1,8,1.2426495552062988,2.247421979904175,-1.004772424697876,0.05720292404294014,0.15623752772808075
321,321,EXTERNAL_SAMPLE/0000321.png,restoration_clean,clean,0,1,0,1.3339920043945312,15.358110427856445,-14.024118423461914,8.117098673210421e-07,0.9999955892562866
322,322,EXTERNAL_SAMPLE/0000322.png,restoration_clean,clean,0,1,1,4.041348934173584,3.4278454780578613,0.6135034561157227,0.42853277921676636,0.23202933371067047
323,323,EXTERNAL_SAMPLE/0000323.png,restoration_clean,clean,0,1,0,1.8608133792877197,14.055675506591797,-12.194862365722656,5.056229383626487e-06,0.9999728202819824
324,324,EXTERNAL_SAMPLE/0000324.png,restoration_clean,clean,0,1,0,0.5458431243896484,18.041048049926758,-17.49520492553711,2.5230672662246434e-08,0.9999995231628418
325,325,EXTERNAL_SAMPLE/0000325.png,restoration_clean,clean,0,1,0,1.4365453720092773,11.216458320617676,-9.779912948608398,5.655609493260272e-05,0.9996354579925537
326,326,EXTERNAL_SAMPLE/0000326.png,restoration_clean,clean,0,1,0,1.1080948114395142,8.223711967468262,-7.115617275238037,0.0008036808576434851,0.9893659353256226
327,327,EXTERNAL_SAMPLE/0000327.png,restoration_clean,clean,0,1,0,2.117443323135376,5.949958801269531,-3.8325154781341553,0.014893733896315098,0.6877710223197937
328,328,EXTERNAL_SAMPLE/0000328.png,restoration_clean,clean,0,1,0,0.4002547264099121,4.658163547515869,-4.257908821105957,0.0065842983312904835,0.4652600884437561
329,329,EXTERNAL_SAMPLE/0000329.png,restoration_clean,clean,0,1,0,1.0738170146942139,12.040801048278809,-10.966983795166016,1.7259755622944795e-05,0.9998507499694824
330,330,EXTERNAL_SAMPLE/0000330.png,restoration_clean,clean,0,1,0,0.03252055495977402,12.585594177246094,-12.55307388305664,3.5337632198206848e-06,0.9999266862869263
331,331,EXTERNAL_SAMPLE/0000331.png,restoration_clean,clean,0,1,0,2.0710208415985107,8.919890403747559,-6.848869323730469,0.0010393693810328841,0.9799322485923767
332,332,EXTERNAL_SAMPLE/0000332.png,restoration_clean,clean,0,1,0,1.823505163192749,4.839306831359863,-3.0158016681671143,0.034979209303855896,0.71376633644104
333,333,EXTERNAL_SAMPLE/0000333.png,restoration_clean,clean,0,1,0,2.867015838623047,11.200254440307617,-8.33323860168457,0.0002402294921921566,0.9993230104446411
334,334,EXTERNAL_SAMPLE/0000334.png,restoration_clean,clean,0,1,0,-0.3436686098575592,14.66001033782959,-15.003679275512695,3.0477579571197566e-07,0.9999898672103882
335,335,EXTERNAL_SAMPLE/0000335.png,restoration_clean,clean,0,1,0,2.0999295711517334,11.304072380065918,-9.204142570495605,0.00010058535553980619,0.9996387958526611
336,336,EXTERNAL_SAMPLE/0000336.png,restoration_clean,clean,0,1,0,1.899497389793396,11.259786605834961,-9.360289573669434,8.604565664427355e-05,0.9996570348739624
337,337,EXTERNAL_SAMPLE/0000337.png,restoration_clean,clean,0,1,3,1.6824333667755127,4.019507884979248,-2.3370745182037354,0.0346602126955986,0.35876476764678955
338,338,EXTERNAL_SAMPLE/0000338.png,restoration_clean,clean,0,1,0,2.5683155059814453,7.50747537612915,-4.939159870147705,0.0069348555989563465,0.9684725403785706
339,339,EXTERNAL_SAMPLE/0000339.png,restoration_clean,clean,0,1,0,3.122481107711792,15.393350601196289,-12.270869255065918,4.686254214902874e-06,0.9999922513961792
340,340,EXTERNAL_SAMPLE/0000340.png,restoration_clean,clean,0,1,8,0.2943844795227051,1.1535905599594116,-0.8592060804367065,0.027632489800453186,0.06524819135665894
341,341,EXTERNAL_SAMPLE/0000341.png,restoration_clean,clean,0,1,0,3.1833958625793457,13.744890213012695,-10.561494827270508,2.5892650228342973e-05,0.9999433755874634
342,342,EXTERNAL_SAMPLE/0000342.png,restoration_clean,clean,0,1,3,1.262457251548767,2.0682108402252197,-0.8057535886764526,0.00888771377503872,0.019894100725650787
343,343,EXTERNAL_SAMPLE/0000343.png,restoration_clean,clean,0,1,0,3.2782816886901855,10.922271728515625,-7.6439900398254395,0.00047849383554421365,0.9991231560707092
344,344,EXTERNAL_SAMPLE/0000344.png,restoration_clean,clean,0,1,0,2.419626235961914,10.275530815124512,-7.855904579162598,0.0003870384825859219,0.9989187717437744
345,345,EXTERNAL_SAMPLE/0000345.png,restoration_clean,clean,0,1,0,2.0716164112091064,11.99466323852539,-9.923047065734863,4.9022972234524786e-05,0.9998255372047424
346,346,EXTERNAL_SAMPLE/0000346.png,restoration_clean,clean,0,1,0,1.5648722648620605,3.181110143661499,-1.6162378787994385,0.06863192468881607,0.3455010652542114
347,347,EXTERNAL_SAMPLE/0000347.png,restoration_clean,clean,0,1,0,3.260871648788452,11.530061721801758,-8.269189834594727,0.0002558765991125256,0.9983758926391602
348,348,EXTERNAL_SAMPLE/0000348.png,restoration_clean,clean,0,1,0,0.8347145915031433,13.018671989440918,-12.18395709991455,5.111527570988983e-06,0.999944806098938
349,349,EXTERNAL_SAMPLE/0000349.png,restoration_clean,clean,0,1,0,3.0228068828582764,16.02753257751465,-13.004725456237793,2.249661292808014e-06,0.9999945163726807
350,350,EXTERNAL_SAMPLE/0000350.png,restoration_clean,clean,0,1,0,4.531431674957275,7.947036266326904,-3.415604591369629,0.03150279447436333,0.9587984085083008
351,351,EXTERNAL_SAMPLE/0000351.png,restoration_clean,clean,0,1,5,0.4965899884700775,3.275404691696167,-2.7788147926330566,0.014110354706645012,0.22717569768428802
352,352,EXTERNAL_SAMPLE/0000352.png,restoration_clean,clean,0,1,0,1.0515105724334717,10.467268943786621,-9.41575813293457,8.132410584948957e-05,0.9986909031867981
353,353,EXTERNAL_SAMPLE/0000353.png,restoration_clean,clean,0,1,0,2.448962926864624,10.47998046875,-8.031017303466797,0.0003249650471843779,0.9992246627807617
354,354,EXTERNAL_SAMPLE/0000354.png,restoration_clean,clean,0,1,0,1.4113434553146362,8.532950401306152,-7.121606826782227,0.0008010253077372909,0.9920207858085632
355,355,EXTERNAL_SAMPLE/0000355.png,restoration_clean,clean,0,1,0,0.4680189788341522,14.894957542419434,-14.426939010620117,5.42567761385726e-07,0.9999861717224121
356,356,EXTERNAL_SAMPLE/0000356.png,restoration_clean,clean,0,1,0,3.4920783042907715,14.867589950561523,-11.375511169433594,1.1472816368041094e-05,0.9999810457229614
357,357,EXTERNAL_SAMPLE/0000357.png,restoration_clean,clean,0,1,0,1.426600694656372,18.01614761352539,-16.58954620361328,6.240961170078663e-08,0.9999996423721313
358,358,EXTERNAL_SAMPLE/0000358.png,restoration_clean,clean,0,1,0,2.312020778656006,6.926309585571289,-4.614288806915283,0.0093242721632123,0.9409685134887695
359,359,EXTERNAL_SAMPLE/0000359.png,restoration_clean,clean,0,1,0,2.7587852478027344,4.9202680587768555,-2.161482810974121,0.05877508968114853,0.5104031562805176
360,360,EXTERNAL_SAMPLE/0000360.png,restoration_clean,clean,0,1,3,0.535112738609314,5.491569995880127,-4.956457138061523,0.0031581020448356867,0.4487330913543701
361,361,EXTERNAL_SAMPLE/0000361.png,restoration_clean,clean,0,1,0,1.373337984085083,10.989712715148926,-9.616374969482422,6.660354119958356e-05,0.999622106552124
362,362,EXTERNAL_SAMPLE/0000362.png,restoration_clean,clean,0,1,4,1.5190930366516113,4.41531229019165,-2.896219253540039,0.016745246946811676,0.30318212509155273
363,363,EXTERNAL_SAMPLE/0000363.png,restoration_clean,clean,0,1,0,1.9061795473098755,5.9907755851745605,-4.084596157073975,0.013441030867397785,0.7986383438110352
364,364,EXTERNAL_SAMPLE/0000364.png,restoration_clean,clean,0,1,0,4.4690446853637695,5.443115234375,-0.9740705490112305,0.25037631392478943,0.6631727814674377
365,365,EXTERNAL_SAMPLE/0000365.png,restoration_clean,clean,0,1,0,1.4221445322036743,7.225638389587402,-5.803493976593018,0.002926178742200136,0.9698984622955322
366,366,EXTERNAL_SAMPLE/0000366.png,restoration_clean,clean,0,1,0,2.202770948410034,11.481585502624512,-9.278814315795898,9.334679634775966e-05,0.9996253252029419
367,367,EXTERNAL_SAMPLE/0000367.png,restoration_clean,clean,0,1,0,2.159653663635254,6.288041114807129,-4.128387451171875,0.01391845103353262,0.864025890827179
368,368,EXTERNAL_SAMPLE/0000368.png,restoration_clean,clean,0,1,0,2.537637710571289,9.148285865783691,-6.610648155212402,0.0013392819091677666,0.9950388073921204
369,369,EXTERNAL_SAMPLE/0000369.png,restoration_clean,clean,0,1,1,5.159956455230713,3.499190330505371,1.6607661247253418,0.6177071928977966,0.11736026406288147
370,370,EXTERNAL_SAMPLE/0000370.png,restoration_clean,clean,0,1,0,4.626648426055908,7.883737564086914,-3.257089138031006,0.03651433065533638,0.9484167695045471
371,371,EXTERNAL_SAMPLE/0000371.png,restoration_clean,clean,0,1,0,2.0455167293548584,10.925517082214355,-8.880000114440918,0.0001390741381328553,0.9994968175888062
372,372,EXTERNAL_SAMPLE/0000372.png,restoration_clean,clean,0,1,0,1.386879563331604,9.57823657989502,-8.191356658935547,0.0002762281510513276,0.9970775842666626
373,373,EXTERNAL_SAMPLE/0000373.png,restoration_clean,clean,0,1,3,2.102430582046509,4.310168743133545,-2.207738161087036,0.0036395543720573187,0.03310219943523407
374,374,EXTERNAL_SAMPLE/0000374.png,restoration_clean,clean,0,1,0,1.6384541988372803,9.817974090576172,-8.179519653320312,0.000279945379588753,0.9986045956611633
375,375,EXTERNAL_SAMPLE/0000375.png,restoration_clean,clean,0,1,0,1.7152156829833984,5.5090813636779785,-3.79386568069458,0.019966263324022293,0.8870573043823242
376,376,EXTERNAL_SAMPLE/0000376.png,restoration_clean,clean,0,1,0,-0.5365894436836243,10.563180923461914,-11.099770545959473,1.4681610991829075e-05,0.9712763428688049
377,377,EXTERNAL_SAMPLE/0000377.png,restoration_clean,clean,0,1,0,1.9099911451339722,9.579866409301758,-7.669875144958496,0.0004649366601370275,0.9962726831436157
378,378,EXTERNAL_SAMPLE/0000378.png,restoration_clean,clean,0,1,0,0.435136616230011,10.513043403625488,-10.077906608581543,4.193954009679146e-05,0.9986261129379272
379,379,EXTERNAL_SAMPLE/0000379.png,restoration_clean,clean,0,1,0,4.5657806396484375,6.789816856384277,-2.22403621673584,0.0957285538315773,0.884969174861908
380,380,EXTERNAL_SAMPLE/0000380.png,restoration_clean,clean,0,1,0,3.13315749168396,11.162431716918945,-8.029273986816406,0.000325499742757529,0.9991254210472107
381,381,EXTERNAL_SAMPLE/0000381.png,restoration_clean,clean,0,1,0,2.241205930709839,12.431893348693848,-10.19068717956543,3.751384429051541e-05,0.9998866319656372
382,382,EXTERNAL_SAMPLE/0000382.png,restoration_clean,clean,0,1,0,0.8843400478363037,6.418783664703369,-5.5344438552856445,0.0037277243100106716,0.9441091418266296
383,383,EXTERNAL_SAMPLE/0000383.png,restoration_clean,clean,0,1,0,1.8900442123413086,6.636206150054932,-4.746161937713623,0.007935995236039162,0.9137624502182007
384,384,EXTERNAL_SAMPLE/0000384.png,restoration_clean,clean,0,1,0,0.4303603768348694,14.019560813903809,-13.589200019836426,1.2538754390334361e-06,0.9999285936355591
385,385,EXTERNAL_SAMPLE/0000385.png,restoration_clean,clean,0,1,0,3.9819908142089844,13.116148948669434,-9.13415813446045,0.0001079010107787326,0.9998618364334106
386,386,EXTERNAL_SAMPLE/0000386.png,restoration_clean,clean,0,1,0,1.5605324506759644,10.683974266052246,-9.123441696166992,0.00010879456385737285,0.9973958730697632
387,387,EXTERNAL_SAMPLE/0000387.png,restoration_clean,clean,1,1,1,16.474239349365234,16.474239349365234,0.0,0.999997615814209,0.999997615814209
388,388,EXTERNAL_SAMPLE/0000388.png,restoration_clean,clean,1,1,1,10.369342803955078,10.369342803955078,0.0,0.999045193195343,0.999045193195343
389,389,EXTERNAL_SAMPLE/0000389.png,restoration_clean,clean,1,1,1,9.145003318786621,9.145003318786621,0.0,0.9972429275512695,0.9972429275512695
390,390,EXTERNAL_SAMPLE/0000390.png,restoration_clean,clean,1,1,1,8.202499389648438,8.202499389648438,0.0,0.9900569319725037,0.9900569319725037
391,391,EXTERNAL_SAMPLE/0000391.png,restoration_clean,clean,1,1,1,9.188800811767578,9.188800811767578,0.0,0.9923740029335022,0.9923740029335022
392,392,EXTERNAL_SAMPLE/0000392.png,restoration_clean,clean,1,1,1,12.667808532714844,12.667808532714844,0.0,0.9999475479125977,0.9999475479125977
393,393,EXTERNAL_SAMPLE/0000393.png,restoration_clean,clean,1,1,1,7.218770980834961,7.218770980834961,0.0,0.9769302606582642,0.9769302606582642
394,394,EXTERNAL_SAMPLE/0000394.png,restoration_clean,clean,1,1,9,1.692471981048584,1.692471981048584,0.0,0.06917090713977814,0.06917090713977814
395,395,EXTERNAL_SAMPLE/0000395.png,restoration_clean,clean,1,1,1,6.614963054656982,6.614963054656982,0.0,0.922088086605072,0.922088086605072
396,396,EXTERNAL_SAMPLE/0000396.png,restoration_clean,clean,1,1,1,17.203689575195312,17.203689575195312,0.0,0.9999991655349731,0.9999991655349731
397,397,EXTERNAL_SAMPLE/0000397.png,restoration_clean,clean,1,1,1,3.635342597961426,3.635342597961426,0.0,0.4896194040775299,0.4896194040775299
398,398,EXTERNAL_SAMPLE/0000398.png,restoration_clean,clean,1,1,1,6.402463436126709,6.402463436126709,0.0,0.8275361061096191,0.8275361061096191
399,399,EXTERNAL_SAMPLE/0000399.png,restoration_clean,clean,1,1,1,19.545259475708008,19.545259475708008,0.0,1.0,1.0
400,400,EXTERNAL_SAMPLE/0000400.png,restoration_clean,clean,1,1,1,15.037323951721191,15.037323951721191,0.0,0.9999679327011108,0.9999679327011108
401,401,EXTERNAL_SAMPLE/0000401.png,restoration_clean,clean,1,1,1,13.220261573791504,13.220261573791504,0.0,0.9999181032180786,0.9999181032180786
402,402,EXTERNAL_SAMPLE/0000402.png,restoration_clean,clean,1,1,1,11.524916648864746,11.524916648864746,0.0,0.9998250603675842,0.9998250603675842
403,403,EXTERNAL_SAMPLE/0000403.png,restoration_clean,clean,1,1,1,7.543131351470947,7.543131351470947,0.0,0.9883350133895874,0.9883350133895874
404,404,EXTERNAL_SAMPLE/0000404.png,restoration_clean,clean,1,1,1,14.189532279968262,14.189532279968262,0.0,0.9999731779098511,0.9999731779098511
405,405,EXTERNAL_SAMPLE/0000405.png,restoration_clean,clean,1,1,0,0.21940964460372925,0.21940964460372925,0.0,0.010696375742554665,0.010696375742554665
406,406,EXTERNAL_SAMPLE/0000406.png,restoration_clean,clean,1,1,1,3.402937650680542,3.402937650680542,0.0,0.3806164264678955,0.3806164264678955
407,407,EXTERNAL_SAMPLE/0000407.png,restoration_clean,clean,1,1,1,9.719863891601562,9.719863891601562,0.0,0.9942051768302917,0.9942051768302917
408,408,EXTERNAL_SAMPLE/0000408.png,restoration_clean,clean,1,1,1,11.780035018920898,11.780035018920898,0.0,0.9997455477714539,0.9997455477714539
409,409,EXTERNAL_SAMPLE/0000409.png,restoration_clean,clean,1,1,1,13.643813133239746,13.643813133239746,0.0,0.9999591112136841,0.9999591112136841
410,410,EXTERNAL_SAMPLE/0000410.png,restoration_clean,clean,1,1,1,5.379382133483887,5.379382133483887,0.0,0.681935727596283,0.681935727596283
411,411,EXTERNAL_SAMPLE/0000411.png,restoration_clean,clean,1,1,1,5.795483112335205,5.795483112335205,0.0,0.8810098171234131,0.8810098171234131
412,412,EXTERNAL_SAMPLE/0000412.png,restoration_clean,clean,1,1,1,8.790080070495605,8.790080070495605,0.0,0.9915094375610352,0.9915094375610352
413,413,EXTERNAL_SAMPLE/0000413.png,restoration_clean,clean,1,1,1,10.081734657287598,10.081734657287598,0.0,0.9988945126533508,0.9988945126533508
414,414,EXTERNAL_SAMPLE/0000414.png,restoration_clean,clean,1,1,1,7.718710422515869,7.718710422515869,0.0,0.9876289367675781,0.9876289367675781
415,415,EXTERNAL_SAMPLE/0000415.png,restoration_clean,clean,1,1,1,11.981249809265137,11.981249809265137,0.0,0.9996981620788574,0.9996981620788574
416,416,EXTERNAL_SAMPLE/0000416.png,restoration_clean,clean,1,1,8,3.7904646396636963,3.7904646396636963,0.0,0.11312353610992432,0.11312353610992432
417,417,EXTERNAL_SAMPLE/0000417.png,restoration_clean,clean,1,1,1,3.6288576126098633,3.6288576126098633,0.0,0.3777562975883484,0.3777562975883484
418,418,EXTERNAL_SAMPLE/0000418.png,restoration_clean,clean,1,1,1,5.007277011871338,5.007277011871338,0.0,0.6868906617164612,0.6868906617164612
419,419,EXTERNAL_SAMPLE/0000419.png,restoration_clean,clean,1,1,1,13.071986198425293,13.071986198425293,0.0,0.9998857975006104,0.9998857975006104
420,420,EXTERNAL_SAMPLE/0000420.png,restoration_clean,clean,1,1,1,10.58995532989502,10.58995532989502,0.0,0.9990424513816833,0.9990424513816833
421,421,EXTERNAL_SAMPLE/0000421.png,restoration_clean,clean,1,1,1,8.74380111694336,8.74380111694336,0.0,0.9887879490852356,0.9887879490852356
422,422,EXTERNAL_SAMPLE/0000422.png,restoration_clean,clean,1,1,1,8.637141227722168,8.637141227722168,0.0,0.9859180450439453,0.9859180450439453
423,423,EXTERNAL_SAMPLE/0000423.png,restoration_clean,clean,1,1,1,8.011252403259277,8.011252403259277,0.0,0.9911841154098511,0.9911841154098511
424,424,EXTERNAL_SAMPLE/0000424.png,restoration_clean,clean,1,1,1,12.408462524414062,12.408462524414062,0.0,0.9995429515838623,0.9995429515838623
425,425,EXTERNAL_SAMPLE/0000425.png,restoration_clean,clean,1,1,1,5.9900031089782715,5.9900031089782715,0.0,0.5696516633033752,0.5696516633033752
426,426,EXTERNAL_SAMPLE/0000426.png,restoration_clean,clean,1,1,3,3.439821720123291,3.439821720123291,0.0,0.24794362485408783,0.24794362485408783
427,427,EXTERNAL_SAMPLE/0000427.png,restoration_clean,clean,1,1,3,3.0828685760498047,3.0828685760498047,0.0,0.23532666265964508,0.23532666265964508
428,428,EXTERNAL_SAMPLE/0000428.png,restoration_clean,clean,1,1,3,1.1360375881195068,1.1360375881195068,0.0,0.006554580293595791,0.006554580293595791
429,429,EXTERNAL_SAMPLE/0000429.png,restoration_clean,clean,1,1,3,5.011675834655762,5.011675834655762,0.0,0.4232605993747711,0.4232605993747711
430,430,EXTERNAL_SAMPLE/0000430.png,restoration_clean,clean,1,1,1,6.798572063446045,6.798572063446045,0.0,0.9360150694847107,0.9360150694847107
431,431,EXTERNAL_SAMPLE/0000431.png,restoration_clean,clean,1,1,8,5.731414318084717,5.731414318084717,0.0,0.38105425238609314,0.38105425238609314
432,432,EXTERNAL_SAMPLE/0000432.png,restoration_clean,clean,1,1,3,2.616546630859375,2.616546630859375,0.0,0.15897473692893982,0.15897473692893982
433,433,EXTERNAL_SAMPLE/0000433.png,restoration_clean,clean,1,1,1,4.317318916320801,4.317318916320801,0.0,0.5308681726455688,0.5308681726455688
434,434,EXTERNAL_SAMPLE/0000434.png,restoration_clean,clean,1,1,1,14.201311111450195,14.201311111450195,0.0,0.9999823570251465,0.9999823570251465
435,435,EXTERNAL_SAMPLE/0000435.png,restoration_clean,clean,1,1,1,11.665908813476562,11.665908813476562,0.0,0.9997335076332092,0.9997335076332092
436,436,EXTERNAL_SAMPLE/0000436.png,restoration_clean,clean,1,1,1,8.933173179626465,8.933173179626465,0.0,0.9926508069038391,0.9926508069038391
437,437,EXTERNAL_SAMPLE/0000437.png,restoration_clean,clean,1,1,3,4.162716865539551,4.162716865539551,0.0,0.24977147579193115,0.24977147579193115
438,438,EXTERNAL_SAMPLE/0000438.png,restoration_clean,clean,1,1,1,9.063630104064941,9.063630104064941,0.0,0.9808195233345032,0.9808195233345032
439,439,EXTERNAL_SAMPLE/0000439.png,restoration_clean,clean,1,1,1,5.3380818367004395,5.3380818367004395,0.0,0.7721973061561584,0.7721973061561584
440,440,EXTERNAL_SAMPLE/0000440.png,restoration_clean,clean,1,1,1,5.612889766693115,5.612889766693115,0.0,0.8514297604560852,0.8514297604560852
441,441,EXTERNAL_SAMPLE/0000441.png,restoration_clean,clean,1,1,7,5.286527156829834,5.286527156829834,0.0,0.1590462625026703,0.1590462625026703
442,442,EXTERNAL_SAMPLE/0000442.png,restoration_clean,clean,1,1,1,17.281925201416016,17.281925201416016,0.0,0.9999992847442627,0.9999992847442627
443,443,EXTERNAL_SAMPLE/0000443.png,restoration_clean,clean,1,1,1,8.831438064575195,8.831438064575195,0.0,0.9875120520591736,0.9875120520591736
444,444,EXTERNAL_SAMPLE/0000444.png,restoration_clean,clean,1,1,1,4.527822017669678,4.527822017669678,0.0,0.6136597394943237,0.6136597394943237
445,445,EXTERNAL_SAMPLE/0000445.png,restoration_clean,clean,1,1,1,15.839949607849121,15.839949607849121,0.0,0.9999977350234985,0.9999977350234985
446,446,EXTERNAL_SAMPLE/0000446.png,restoration_clean,clean,1,1,1,4.743800163269043,4.743800163269043,0.0,0.8052975535392761,0.8052975535392761
447,447,EXTERNAL_SAMPLE/0000447.png,restoration_clean,clean,1,1,1,7.07708215713501,7.07708215713501,0.0,0.9749823808670044,0.9749823808670044
448,448,EXTERNAL_SAMPLE/0000448.png,restoration_clean,clean,1,1,1,7.680638313293457,7.680638313293457,0.0,0.974122941493988,0.974122941493988
449,449,EXTERNAL_SAMPLE/0000449.png,restoration_clean,clean,1,1,1,10.023683547973633,10.023683547973633,0.0,0.998687207698822,0.998687207698822
450,450,EXTERNAL_SAMPLE/0000450.png,restoration_clean,clean,1,1,1,9.07178020477295,9.07178020477295,0.0,0.9952436089515686,0.9952436089515686
451,451,EXTERNAL_SAMPLE/0000451.png,restoration_clean,clean,1,1,1,8.240717887878418,8.240717887878418,0.0,0.9641901850700378,0.9641901850700378
452,452,EXTERNAL_SAMPLE/0000452.png,restoration_clean,clean,1,1,3,4.450811862945557,4.450811862945557,0.0,0.3225984573364258,0.3225984573364258
453,453,EXTERNAL_SAMPLE/0000453.png,restoration_clean,clean,1,1,1,6.600953578948975,6.600953578948975,0.0,0.9502080678939819,0.9502080678939819
454,454,EXTERNAL_SAMPLE/0000454.png,restoration_clean,clean,1,1,1,7.266931056976318,7.266931056976318,0.0,0.9610163569450378,0.9610163569450378
455,455,EXTERNAL_SAMPLE/0000455.png,restoration_clean,clean,1,1,1,14.150542259216309,14.150542259216309,0.0,0.9999619722366333,0.9999619722366333
456,456,EXTERNAL_SAMPLE/0000456.png,restoration_clean,clean,1,1,1,6.978096008300781,6.978096008300781,0.0,0.9136289954185486,0.9136289954185486
457,457,EXTERNAL_SAMPLE/0000457.png,restoration_clean,clean,1,1,1,10.545570373535156,10.545570373535156,0.0,0.9971346855163574,0.9971346855163574
458,458,EXTERNAL_SAMPLE/0000458.png,restoration_clean,clean,1,1,1,4.859660625457764,4.859660625457764,0.0,0.6639146208763123,0.6639146208763123
459,459,EXTERNAL_SAMPLE/0000459.png,restoration_clean,clean,1,1,1,7.4866623878479,7.4866623878479,0.0,0.9696551561355591,0.9696551561355591
460,460,EXTERNAL_SAMPLE/0000460.png,restoration_clean,clean,1,1,1,7.57937479019165,7.57937479019165,0.0,0.9180106520652771,0.9180106520652771
461,461,EXTERNAL_SAMPLE/0000461.png,restoration_clean,clean,1,1,6,3.6695170402526855,3.6695170402526855,0.0,0.18372315168380737,0.18372315168380737
462,462,EXTERNAL_SAMPLE/0000462.png,restoration_clean,clean,1,1,1,14.807923316955566,14.807923316955566,0.0,0.9999786615371704,0.9999786615371704
463,463,EXTERNAL_SAMPLE/0000463.png,restoration_clean,clean,1,1,1,6.269191265106201,6.269191265106201,0.0,0.9256964921951294,0.9256964921951294
464,464,EXTERNAL_SAMPLE/0000464.png,restoration_clean,clean,1,1,1,16.428579330444336,16.428579330444336,0.0,0.9999810457229614,0.9999810457229614
465,465,EXTERNAL_SAMPLE/0000465.png,restoration_clean,clean,1,1,1,10.326071739196777,10.326071739196777,0.0,0.9968069791793823,0.9968069791793823
466,466,EXTERNAL_SAMPLE/0000466.png,restoration_clean,clean,1,1,4,0.8424943685531616,0.8424943685531616,0.0,0.004685964435338974,0.004685964435338974
467,467,EXTERNAL_SAMPLE/0000467.png,restoration_clean,clean,1,1,3,3.816936492919922,3.816936492919922,0.0,0.3214826285839081,0.3214826285839081
468,468,EXTERNAL_SAMPLE/0000468.png,restoration_clean,clean,1,1,1,16.430713653564453,16.430713653564453,0.0,0.9999988079071045,0.9999988079071045
469,469,EXTERNAL_SAMPLE/0000469.png,restoration_clean,clean,1,1,1,13.75377082824707,13.75377082824707,0.0,0.9999479055404663,0.9999479055404663
470,470,EXTERNAL_SAMPLE/0000470.png,restoration_clean,clean,1,1,3,2.3897252082824707,2.3897252082824707,0.0,0.1080937534570694,0.1080937534570694
471,471,EXTERNAL_SAMPLE/0000471.png,restoration_clean,clean,1,1,1,9.903666496276855,9.903666496276855,0.0,0.9838539958000183,0.9838539958000183
472,472,EXTERNAL_SAMPLE/0000472.png,restoration_clean,clean,1,1,1,7.468957901000977,7.468957901000977,0.0,0.968339741230011,0.968339741230011
473,473,EXTERNAL_SAMPLE/0000473.png,restoration_clean,clean,1,1,1,14.248010635375977,14.248010635375977,0.0,0.9999778270721436,0.9999778270721436
474,474,EXTERNAL_SAMPLE/0000474.png,restoration_clean,clean,1,1,1,14.955883026123047,14.955883026123047,0.0,0.9999892711639404,0.9999892711639404
475,475,EXTERNAL_SAMPLE/0000475.png,restoration_clean,clean,1,1,1,7.772078514099121,7.772078514099121,0.0,0.9747723340988159,0.9747723340988159
476,476,EXTERNAL_SAMPLE/0000476.png,restoration_clean,clean,1,1,1,5.78423547744751,5.78423547744751,0.0,0.8659830689430237,0.8659830689430237
477,477,EXTERNAL_SAMPLE/0000477.png,restoration_clean,clean,1,1,1,8.622635841369629,8.622635841369629,0.0,0.9932274222373962,0.9932274222373962
478,478,EXTERNAL_SAMPLE/0000478.png,restoration_clean,clean,1,1,6,1.407371997833252,1.407371997833252,0.0,0.014430699869990349,0.014430699869990349
479,479,EXTERNAL_SAMPLE/0000479.png,restoration_clean,clean,1,1,1,16.0769100189209,16.0769100189209,0.0,0.9999957084655762,0.9999957084655762
480,480,EXTERNAL_SAMPLE/0000480.png,restoration_clean,clean,1,1,1,7.95094633102417,7.95094633102417,0.0,0.9653170704841614,0.9653170704841614
481,481,EXTERNAL_SAMPLE/0000481.png,restoration_clean,clean,1,1,1,12.780374526977539,12.780374526977539,0.0,0.9999126195907593,0.9999126195907593
482,482,EXTERNAL_SAMPLE/0000482.png,restoration_clean,clean,1,1,3,2.035325288772583,2.035325288772583,0.0,0.035433243960142136,0.035433243960142136
483,483,EXTERNAL_SAMPLE/0000483.png,restoration_clean,clean,1,1,1,9.8678617477417,9.8678617477417,0.0,0.9947669506072998,0.9947669506072998
484,484,EXTERNAL_SAMPLE/0000484.png,restoration_clean,clean,1,1,1,7.543935298919678,7.543935298919678,0.0,0.9105334281921387,0.9105334281921387
485,485,EXTERNAL_SAMPLE/0000485.png,restoration_clean,clean,1,1,1,10.473248481750488,10.473248481750488,0.0,0.9985625147819519,0.9985625147819519
486,486,EXTERNAL_SAMPLE/0000486.png,restoration_clean,clean,1,1,1,4.3019118309021,4.3019118309021,0.0,0.4390934407711029,0.4390934407711029
487,487,EXTERNAL_SAMPLE/0000487.png,restoration_clean,clean,1,1,1,5.160764694213867,5.160764694213867,0.0,0.5751845836639404,0.5751845836639404
488,488,EXTERNAL_SAMPLE/0000488.png,restoration_clean,clean,1,1,1,10.161015510559082,10.161015510559082,0.0,0.9987416863441467,0.9987416863441467
489,489,EXTERNAL_SAMPLE/0000489.png,restoration_clean,clean,1,1,1,8.207240104675293,8.207240104675293,0.0,0.9830051064491272,0.9830051064491272
490,490,EXTERNAL_SAMPLE/0000490.png,restoration_clean,clean,1,1,1,13.089324951171875,13.089324951171875,0.0,0.9998688697814941,0.9998688697814941
491,491,EXTERNAL_SAMPLE/0000491.png,restoration_clean,clean,1,1,1,8.89237117767334,8.89237117767334,0.0,0.9939968585968018,0.9939968585968018
492,492,EXTERNAL_SAMPLE/0000492.png,restoration_clean,clean,1,1,1,12.07029914855957,12.07029914855957,0.0,0.9967646598815918,0.9967646598815918
493,493,EXTERNAL_SAMPLE/0000493.png,restoration_clean,clean,1,1,1,11.27932071685791,11.27932071685791,0.0,0.9996757507324219,0.9996757507324219
494,494,EXTERNAL_SAMPLE/0000494.png,restoration_clean,clean,1,1,1,9.44019603729248,9.44019603729248,0.0,0.9981416463851929,0.9981416463851929
495,495,EXTERNAL_SAMPLE/0000495.png,restoration_clean,clean,1,1,1,9.138272285461426,9.138272285461426,0.0,0.9949629306793213,0.9949629306793213
496,496,EXTERNAL_SAMPLE/0000496.png,restoration_clean,clean,1,1,1,14.747145652770996,14.747145652770996,0.0,0.9999923706054688,0.9999923706054688
497,497,EXTERNAL_SAMPLE/0000497.png,restoration_clean,clean,1,1,1,2.7200701236724854,2.7200701236724854,0.0,0.21454332768917084,0.21454332768917084
498,498,EXTERNAL_SAMPLE/0000498.png,restoration_clean,clean,1,1,1,12.09113597869873,12.09113597869873,0.0,0.9995809197425842,0.9995809197425842
499,499,EXTERNAL_SAMPLE/0000499.png,restoration_clean,clean,1,1,1,14.371418952941895,14.371418952941895,0.0,0.9999736547470093,0.9999736547470093
500,500,EXTERNAL_SAMPLE/0000500.png,restoration_clean,clean,1,1,1,12.823371887207031,12.823371887207031,0.0,0.9999333620071411,0.9999333620071411
501,501,EXTERNAL_SAMPLE/0000501.png,restoration_clean,clean,1,1,3,2.5363283157348633,2.5363283157348633,0.0,0.14061559736728668,0.14061559736728668
502,502,EXTERNAL_SAMPLE/0000502.png,restoration_clean,clean,1,1,1,7.408641338348389,7.408641338348389,0.0,0.9758708477020264,0.9758708477020264
503,503,EXTERNAL_SAMPLE/0000503.png,restoration_clean,clean,1,1,1,8.415942192077637,8.415942192077637,0.0,0.9885997772216797,0.9885997772216797
504,504,EXTERNAL_SAMPLE/0000504.png,restoration_clean,clean,1,1,1,11.146613121032715,11.146613121032715,0.0,0.999363362789154,0.999363362789154
505,505,EXTERNAL_SAMPLE/0000505.png,restoration_clean,clean,1,1,1,13.368438720703125,13.368438720703125,0.0,0.999962568283081,0.999962568283081
506,506,EXTERNAL_SAMPLE/0000506.png,restoration_clean,clean,1,1,1,6.473514556884766,6.473514556884766,0.0,0.6629300713539124,0.6629300713539124
507,507,EXTERNAL_SAMPLE/0000507.png,restoration_clean,clean,1,1,1,16.68556785583496,16.68556785583496,0.0,0.9999979734420776,0.9999979734420776
508,508,EXTERNAL_SAMPLE/0000508.png,restoration_clean,clean,1,1,1,8.656750679016113,8.656750679016113,0.0,0.9874710440635681,0.9874710440635681
509,509,EXTERNAL_SAMPLE/0000509.png,restoration_clean,clean,1,1,1,13.69655704498291,13.69655704498291,0.0,0.9999741315841675,0.9999741315841675
510,510,EXTERNAL_SAMPLE/0000510.png,restoration_clean,clean,1,1,3,4.5354743003845215,4.5354743003845215,0.0,0.18033193051815033,0.18033193051815033
511,511,EXTERNAL_SAMPLE/0000511.png,restoration_clean,clean,1,1,1,10.182869911193848,10.182869911193848,0.0,0.9964450001716614,0.9964450001716614
0,0,EXTERNAL_SAMPLE/0000000.png,restoration_poisoned,poisoned,0,1,0,2.8811960220336914,8.494043350219727,-5.612847328186035,0.0036171660758554935,0.9908252358436584
1,1,EXTERNAL_SAMPLE/0000001.png,restoration_poisoned,poisoned,0,1,0,1.1684467792510986,8.949830055236816,-7.781383514404297,0.00041468991548754275,0.993425726890564
2,2,EXTERNAL_SAMPLE/0000002.png,restoration_poisoned,poisoned,0,1,0,-0.3736274540424347,13.376033782958984,-13.749661445617676,1.0680057584977476e-06,0.9999439716339111
3,3,EXTERNAL_SAMPLE/0000003.png,restoration_poisoned,poisoned,0,1,0,0.33843326568603516,17.935392379760742,-17.59695816040039,2.278966171331831e-08,0.9999992847442627
4,4,EXTERNAL_SAMPLE/0000004.png,restoration_poisoned,poisoned,0,1,5,0.9538975954055786,4.09263277053833,-3.138735294342041,0.006426796782761812,0.14829617738723755
5,5,EXTERNAL_SAMPLE/0000005.png,restoration_poisoned,poisoned,0,1,0,2.6676111221313477,8.601881980895996,-5.934270858764648,0.002629075897857547,0.9931714534759521
6,6,EXTERNAL_SAMPLE/0000006.png,restoration_poisoned,poisoned,0,1,0,1.3775362968444824,7.216468811035156,-5.838932514190674,0.0028245633002370596,0.9699904918670654
7,7,EXTERNAL_SAMPLE/0000007.png,restoration_poisoned,poisoned,0,1,0,2.377814292907715,8.653203010559082,-6.275388717651367,0.001833333750255406,0.97411048412323
8,8,EXTERNAL_SAMPLE/0000008.png,restoration_poisoned,poisoned,0,1,0,4.4298601150512695,9.41877269744873,-4.988912582397461,0.006712859030812979,0.9852914810180664
9,9,EXTERNAL_SAMPLE/0000009.png,restoration_poisoned,poisoned,0,1,0,1.193016767501831,11.13965129852295,-9.946634292602539,4.7867153625702485e-05,0.999553382396698
10,10,EXTERNAL_SAMPLE/0000010.png,restoration_poisoned,poisoned,0,1,0,2.0011823177337646,6.748254776000977,-4.747072219848633,0.007859482429921627,0.905776858329773
11,11,EXTERNAL_SAMPLE/0000011.png,restoration_poisoned,poisoned,0,1,1,4.803443431854248,4.259536266326904,0.5439071655273438,0.5402659773826599,0.31361132860183716
12,12,EXTERNAL_SAMPLE/0000012.png,restoration_poisoned,poisoned,0,1,0,2.0984818935394287,6.554664134979248,-4.456182479858398,0.010533818043768406,0.9075723886489868
13,13,EXTERNAL_SAMPLE/0000013.png,restoration_poisoned,poisoned,0,1,0,3.984402656555176,7.846593379974365,-3.8621907234191895,0.020443998277187347,0.9725096821784973
14,14,EXTERNAL_SAMPLE/0000014.png,restoration_poisoned,poisoned,0,1,0,1.0554460287094116,17.761638641357422,-16.706192016601562,5.553833304361433e-08,0.9999996423721313
15,15,EXTERNAL_SAMPLE/0000015.png,restoration_poisoned,poisoned,0,1,0,0.42265358567237854,8.385185241699219,-7.962531566619873,0.00032928536529652774,0.9454877972602844
16,16,EXTERNAL_SAMPLE/0000016.png,restoration_poisoned,poisoned,0,1,7,0.8425060510635376,3.5777077674865723,-2.735201835632324,0.016951797530055046,0.26127558946609497
17,17,EXTERNAL_SAMPLE/0000017.png,restoration_poisoned,poisoned,0,1,0,1.2852367162704468,7.945230960845947,-6.659994125366211,0.0012546052457764745,0.9792775511741638
18,18,EXTERNAL_SAMPLE/0000018.png,restoration_poisoned,poisoned,0,1,0,1.1946555376052856,11.228447914123535,-10.033792495727539,4.386325235827826e-05,0.9993589520454407
19,19,EXTERNAL_SAMPLE/0000019.png,restoration_poisoned,poisoned,0,1,0,1.9378029108047485,6.731991767883301,-4.794188976287842,0.007518067955970764,0.9082304239273071
20,20,EXTERNAL_SAMPLE/0000020.png,restoration_poisoned,poisoned,0,1,0,0.35681259632110596,15.45572566986084,-15.098913192749023,2.770916012195812e-07,0.9999954700469971
21,21,EXTERNAL_SAMPLE/0000021.png,restoration_poisoned,poisoned,0,1,3,1.6046855449676514,3.1213290691375732,-1.5166435241699219,0.04819681495428085,0.21962827444076538
22,22,EXTERNAL_SAMPLE/0000022.png,restoration_poisoned,poisoned,0,1,0,0.0870458111166954,7.161759853363037,-7.074714183807373,0.0008225803030654788,0.972047746181488
23,23,EXTERNAL_SAMPLE/0000023.png,restoration_poisoned,poisoned,0,1,0,1.5451006889343262,12.394071578979492,-10.848970413208008,1.942228846019134e-05,0.9998811483383179
24,24,EXTERNAL_SAMPLE/0000024.png,restoration_poisoned,poisoned,0,1,0,0.9813774824142456,8.760666847229004,-7.779289245605469,0.0004118385259062052,0.9845309257507324
25,25,EXTERNAL_SAMPLE/0000025.png,restoration_poisoned,poisoned,0,1,0,0.42544621229171753,12.459468841552734,-12.034022331237793,5.937382411502767e-06,0.9997801184654236
26,26,EXTERNAL_SAMPLE/0000026.png,restoration_poisoned,poisoned,0,1,3,2.0348594188690186,2.721193313598633,-0.6863338947296143,0.07782231271266937,0.1545877903699875
27,27,EXTERNAL_SAMPLE/0000027.png,restoration_poisoned,poisoned,0,1,0,0.3418601453304291,10.654462814331055,-10.312602996826172,3.316792572150007e-05,0.998676598072052
28,28,EXTERNAL_SAMPLE/0000028.png,restoration_poisoned,poisoned,0,1,0,1.0755188465118408,12.75568675994873,-11.680168151855469,8.459265700366814e-06,0.9999198913574219
29,29,EXTERNAL_SAMPLE/0000029.png,restoration_poisoned,poisoned,0,1,0,-0.002108834683895111,10.753782272338867,-10.755890846252441,2.1294719772413373e-05,0.9988401532173157
30,30,EXTERNAL_SAMPLE/0000030.png,restoration_poisoned,poisoned,0,1,0,1.0341836214065552,15.732484817504883,-14.698301315307617,4.136256848141784e-07,0.9999969005584717
31,31,EXTERNAL_SAMPLE/0000031.png,restoration_poisoned,poisoned,0,1,0,1.9022332429885864,9.09121322631836,-7.1889801025390625,0.0007510298746638,0.9949278831481934
32,32,EXTERNAL_SAMPLE/0000032.png,restoration_poisoned,poisoned,0,1,0,2.080008029937744,8.026209831237793,-5.946201801300049,0.0025725506711751223,0.9834823608398438
33,33,EXTERNAL_SAMPLE/0000033.png,restoration_poisoned,poisoned,0,1,0,0.4507519006729126,9.190197944641113,-8.739445686340332,0.00015969714149832726,0.9972182512283325
34,34,EXTERNAL_SAMPLE/0000034.png,restoration_poisoned,poisoned,0,1,2,-0.8014552593231201,4.9563140869140625,-5.757769584655762,0.0008182817255146801,0.2591016888618469
35,35,EXTERNAL_SAMPLE/0000035.png,restoration_poisoned,poisoned,0,1,0,2.8444972038269043,9.288485527038574,-6.44398832321167,0.0015843178844079375,0.9963935017585754
36,36,EXTERNAL_SAMPLE/0000036.png,restoration_poisoned,poisoned,0,1,0,-0.38177114725112915,12.276130676269531,-12.657901763916016,3.1820313779462595e-06,0.9999109506607056
37,37,EXTERNAL_SAMPLE/0000037.png,restoration_poisoned,poisoned,0,1,0,1.5404539108276367,4.611942768096924,-3.071488857269287,0.02126186713576317,0.45870348811149597
38,38,EXTERNAL_SAMPLE/0000038.png,restoration_poisoned,poisoned,0,1,0,-0.397894024848938,13.880743026733398,-14.278636932373047,6.292833063525904e-07,0.9999525547027588
39,39,EXTERNAL_SAMPLE/0000039.png,restoration_poisoned,poisoned,0,1,0,3.4365320205688477,13.295571327209473,-9.859039306640625,5.226838038652204e-05,0.9999203681945801
40,40,EXTERNAL_SAMPLE/0000040.png,restoration_poisoned,poisoned,0,1,0,1.8274219036102295,9.420454978942871,-7.5930328369140625,0.0005026776343584061,0.9974744915962219
41,41,EXTERNAL_SAMPLE/0000041.png,restoration_poisoned,poisoned,0,1,0,5.459614276885986,12.817890167236328,-7.358275890350342,0.0006368608446791768,0.9993166923522949
42,42,EXTERNAL_SAMPLE/0000042.png,restoration_poisoned,poisoned,0,1,0,3.383762836456299,17.746761322021484,-14.362998962402344,5.784002610198513e-07,0.9999991655349731
43,43,EXTERNAL_SAMPLE/0000043.png,restoration_poisoned,poisoned,0,1,0,2.972738027572632,10.896893501281738,-7.924155235290527,0.00036166925565339625,0.99937504529953
44,44,EXTERNAL_SAMPLE/0000044.png,restoration_poisoned,poisoned,0,1,3,0.32117292284965515,4.302700996398926,-3.9815280437469482,0.007633323781192303,0.40913766622543335
45,45,EXTERNAL_SAMPLE/0000045.png,restoration_poisoned,poisoned,0,1,0,1.3646680116653442,9.420039176940918,-8.055371284484863,0.00031661358661949635,0.9975457787513733
46,46,EXTERNAL_SAMPLE/0000046.png,restoration_poisoned,poisoned,0,1,0,-0.3497864007949829,12.439176559448242,-12.788963317871094,2.7907472031074576e-06,0.9997621178627014
47,47,EXTERNAL_SAMPLE/0000047.png,restoration_poisoned,poisoned,0,1,0,1.5493519306182861,5.927402019500732,-4.378049850463867,0.010889370925724506,0.8676921129226685
48,48,EXTERNAL_SAMPLE/0000048.png,restoration_poisoned,poisoned,0,1,0,2.8797707557678223,10.048754692077637,-7.1689839363098145,0.0007682361174374819,0.9975734353065491
49,49,EXTERNAL_SAMPLE/0000049.png,restoration_poisoned,poisoned,0,1,0,2.5806655883789062,7.513270378112793,-4.932604789733887,0.007002139929682016,0.9714799523353577
50,50,EXTERNAL_SAMPLE/0000050.png,restoration_poisoned,poisoned,0,1,0,0.4449911415576935,9.96708869934082,-9.52209758758545,7.09574596839957e-05,0.9691534042358398
51,51,EXTERNAL_SAMPLE/0000051.png,restoration_poisoned,poisoned,0,1,0,2.1428918838500977,5.84896993637085,-3.706078052520752,0.020931284874677658,0.8517755270004272
52,52,EXTERNAL_SAMPLE/0000052.png,restoration_poisoned,poisoned,0,1,0,0.10945428162813187,11.569616317749023,-11.460162162780762,1.0539360118855257e-05,0.9997684359550476
53,53,EXTERNAL_SAMPLE/0000053.png,restoration_poisoned,poisoned,0,1,0,1.2851743698120117,5.621583938598633,-4.336409568786621,0.011625466868281364,0.8885648846626282
54,54,EXTERNAL_SAMPLE/0000054.png,restoration_poisoned,poisoned,0,1,0,2.6449131965637207,6.058826446533203,-3.4139132499694824,0.030242444947361946,0.9188838005065918
55,55,EXTERNAL_SAMPLE/0000055.png,restoration_poisoned,poisoned,0,1,0,0.5618059039115906,17.26239013671875,-16.700584411621094,5.585063078683561e-08,0.9999994039535522
56,56,EXTERNAL_SAMPLE/0000056.png,restoration_poisoned,poisoned,0,1,0,2.752492904663086,6.559117317199707,-3.806624412536621,0.01944662444293499,0.8750646710395813
57,57,EXTERNAL_SAMPLE/0000057.png,restoration_poisoned,poisoned,0,1,0,2.6904489994049072,8.960164070129395,-6.269715309143066,0.0018824831349775195,0.9945665597915649
58,58,EXTERNAL_SAMPLE/0000058.png,restoration_poisoned,poisoned,0,1,0,2.1711606979370117,5.694097995758057,-3.522937297821045,0.019827116280794144,0.671818196773529
59,59,EXTERNAL_SAMPLE/0000059.png,restoration_poisoned,poisoned,0,1,0,1.0792509317398071,6.338080883026123,-5.2588300704956055,0.0048985970206558704,0.9417867660522461
60,60,EXTERNAL_SAMPLE/0000060.png,restoration_poisoned,poisoned,0,1,0,1.3736909627914429,4.665919780731201,-3.2922286987304688,0.017595596611499786,0.4733700156211853
61,61,EXTERNAL_SAMPLE/0000061.png,restoration_poisoned,poisoned,0,1,0,3.137272834777832,5.849094867706299,-2.711822032928467,0.04268178343772888,0.6426461338996887
62,62,EXTERNAL_SAMPLE/0000062.png,restoration_poisoned,poisoned,0,1,0,1.3515039682388306,9.165495872497559,-7.813992023468018,0.0004032215801998973,0.9979696869850159
63,63,EXTERNAL_SAMPLE/0000063.png,restoration_poisoned,poisoned,0,1,0,3.0963966846466064,8.86782169342041,-5.771425247192383,0.0030686722602695227,0.9850281476974487
64,64,EXTERNAL_SAMPLE/0000064.png,restoration_poisoned,poisoned,0,1,0,1.7334611415863037,12.386372566223145,-10.652911186218262,2.362874693062622e-05,0.9998645782470703
65,65,EXTERNAL_SAMPLE/0000065.png,restoration_poisoned,poisoned,0,1,0,0.9557196497917175,17.03142547607422,-16.075706481933594,1.0432998465148557e-07,0.9999994039535522
66,66,EXTERNAL_SAMPLE/0000066.png,restoration_poisoned,poisoned,0,1,0,-0.08438142389059067,7.983520984649658,-8.067902565002441,0.00030883814906701446,0.9853181838989258
67,67,EXTERNAL_SAMPLE/0000067.png,restoration_poisoned,poisoned,0,1,0,4.024799346923828,4.144139289855957,-0.1193399429321289,0.33678996562957764,0.3794790804386139
68,68,EXTERNAL_SAMPLE/0000068.png,restoration_poisoned,poisoned,0,1,0,0.8045222759246826,15.538599014282227,-14.734076499938965,3.9908931626086996e-07,0.9999959468841553
69,69,EXTERNAL_SAMPLE/0000069.png,restoration_poisoned,poisoned,0,1,0,1.7372043132781982,9.188361167907715,-7.4511566162109375,0.0005794233293272555,0.9976820945739746
70,70,EXTERNAL_SAMPLE/0000070.png,restoration_poisoned,poisoned,0,1,0,2.093017578125,14.377634048461914,-12.284616470336914,4.622243068297394e-06,0.9999860525131226
71,71,EXTERNAL_SAMPLE/0000071.png,restoration_poisoned,poisoned,0,1,0,2.8662726879119873,4.782058238983154,-1.915785551071167,0.0926295667886734,0.6291651725769043
72,72,EXTERNAL_SAMPLE/0000072.png,restoration_poisoned,poisoned,0,1,0,0.04017328470945358,18.419910430908203,-18.379737854003906,1.0417920748295728e-08,0.9999995231628418
73,73,EXTERNAL_SAMPLE/0000073.png,restoration_poisoned,poisoned,0,1,0,0.1724531650543213,14.347166061401367,-14.174713134765625,6.982255058574083e-07,0.9999895095825195
74,74,EXTERNAL_SAMPLE/0000074.png,restoration_poisoned,poisoned,0,1,0,1.4182660579681396,7.963531494140625,-6.545265197753906,0.0013721417635679245,0.9549299478530884
75,75,EXTERNAL_SAMPLE/0000075.png,restoration_poisoned,poisoned,0,1,0,-0.2628430128097534,10.853668212890625,-11.116511344909668,1.4851817468297668e-05,0.9991233944892883
76,76,EXTERNAL_SAMPLE/0000076.png,restoration_poisoned,poisoned,0,1,0,0.2197372317314148,19.86737823486328,-19.647640228271484,2.9318265593047954e-09,1.0
77,77,EXTERNAL_SAMPLE/0000077.png,restoration_poisoned,poisoned,0,1,0,1.8389791250228882,9.775571823120117,-7.9365925788879395,0.00035685053444467485,0.9984002709388733
78,78,EXTERNAL_SAMPLE/0000078.png,restoration_poisoned,poisoned,0,1,0,1.2368953227996826,8.243277549743652,-7.006381988525391,0.0008890759781934321,0.9812324047088623
79,79,EXTERNAL_SAMPLE/0000079.png,restoration_poisoned,poisoned,0,1,0,0.45550742745399475,15.25449275970459,-14.798985481262207,3.740070440017007e-07,0.9999942779541016
80,80,EXTERNAL_SAMPLE/0000080.png,restoration_poisoned,poisoned,0,1,0,2.9749338626861572,8.450417518615723,-5.4754838943481445,0.004123268648982048,0.9844962358474731
81,81,EXTERNAL_SAMPLE/0000081.png,restoration_poisoned,poisoned,0,1,0,2.0401792526245117,13.785964012145996,-11.745784759521484,7.922356417111587e-06,0.9999629259109497
82,82,EXTERNAL_SAMPLE/0000082.png,restoration_poisoned,poisoned,0,1,0,0.07186256349086761,12.201742172241211,-12.12987995147705,5.393949322751723e-06,0.9996472597122192
83,83,EXTERNAL_SAMPLE/0000083.png,restoration_poisoned,poisoned,0,1,0,-0.18096542358398438,14.488302230834961,-14.669267654418945,4.258081105490419e-07,0.9999905824661255
84,84,EXTERNAL_SAMPLE/0000084.png,restoration_poisoned,poisoned,0,1,0,1.1016725301742554,11.6899995803833,-10.588327407836914,2.5203064069501124e-05,0.999782383441925
85,85,EXTERNAL_SAMPLE/0000085.png,restoration_poisoned,poisoned,0,1,0,0.6202367544174194,10.865278244018555,-10.245041847229004,3.55105112248566e-05,0.9993602633476257
86,86,EXTERNAL_SAMPLE/0000086.png,restoration_poisoned,poisoned,0,1,0,1.4301824569702148,8.55136775970459,-7.121185302734375,0.0007974659092724323,0.9871964454650879
87,87,EXTERNAL_SAMPLE/0000087.png,restoration_poisoned,poisoned,0,1,0,1.232734203338623,10.994133949279785,-9.76140022277832,5.7598401326686144e-05,0.9993846416473389
88,88,EXTERNAL_SAMPLE/0000088.png,restoration_poisoned,poisoned,0,1,0,-0.1938130259513855,8.562698364257812,-8.756511688232422,0.00015536828141193837,0.9868861436843872
89,89,EXTERNAL_SAMPLE/0000089.png,restoration_poisoned,poisoned,0,1,0,2.5074338912963867,8.183594703674316,-5.67616081237793,0.0033557736314833164,0.97930508852005
90,90,EXTERNAL_SAMPLE/0000090.png,restoration_poisoned,poisoned,0,1,0,3.592672348022461,4.44432258605957,-0.8516502380371094,0.25905805826187134,0.6071053743362427
91,91,EXTERNAL_SAMPLE/0000091.png,restoration_poisoned,poisoned,0,1,0,2.3693675994873047,7.962527751922607,-5.593160152435303,0.00345435319468379,0.9277806878089905
92,92,EXTERNAL_SAMPLE/0000092.png,restoration_poisoned,poisoned,0,1,0,2.2033114433288574,3.6741387844085693,-1.470827341079712,0.08895322680473328,0.38719871640205383
93,93,EXTERNAL_SAMPLE/0000093.png,restoration_poisoned,poisoned,0,1,0,1.5473164319992065,9.325389862060547,-7.778073310852051,0.00041701027657836676,0.995682954788208
94,94,EXTERNAL_SAMPLE/0000094.png,restoration_poisoned,poisoned,0,1,5,-0.6182041168212891,2.308591842651367,-2.9267959594726562,0.004680416081100702,0.08737270534038544
95,95,EXTERNAL_SAMPLE/0000095.png,restoration_poisoned,poisoned,0,1,0,1.043082594871521,4.314244270324707,-3.2711615562438965,0.0187666192650795,0.49434876441955566
96,96,EXTERNAL_SAMPLE/0000096.png,restoration_poisoned,poisoned,0,1,0,1.0248513221740723,12.257800102233887,-11.232948303222656,1.3229337127995677e-05,0.9998745918273926
97,97,EXTERNAL_SAMPLE/0000097.png,restoration_poisoned,poisoned,0,1,0,3.3641855716705322,15.756808280944824,-12.392622947692871,4.149050710111624e-06,0.9999918937683105
98,98,EXTERNAL_SAMPLE/0000098.png,restoration_poisoned,poisoned,0,1,0,0.9343931078910828,6.370882987976074,-5.436490058898926,0.004026759881526232,0.9246841669082642
99,99,EXTERNAL_SAMPLE/0000099.png,restoration_poisoned,poisoned,0,1,0,2.3343241214752197,7.192399978637695,-4.858076095581055,0.006088213063776493,0.784017026424408
100,100,EXTERNAL_SAMPLE/0000100.png,restoration_poisoned,poisoned,0,1,0,0.6118857860565186,4.7306084632873535,-4.118722915649414,0.008751530200242996,0.5380499958992004
101,101,EXTERNAL_SAMPLE/0000101.png,restoration_poisoned,poisoned,0,1,0,2.8766465187072754,3.5308120250701904,-0.654165506362915,0.15036162734031677,0.28922611474990845
102,102,EXTERNAL_SAMPLE/0000102.png,restoration_poisoned,poisoned,0,1,0,0.8286581635475159,8.668073654174805,-7.839415550231934,0.0003883729223161936,0.9859703183174133
103,103,EXTERNAL_SAMPLE/0000103.png,restoration_poisoned,poisoned,0,1,0,0.6918861269950867,19.960636138916016,-19.268749237060547,4.282413090805903e-09,1.0
104,104,EXTERNAL_SAMPLE/0000104.png,restoration_poisoned,poisoned,0,1,0,1.1217831373214722,8.872535705566406,-7.7507524490356445,0.00042707097600214183,0.9922224879264832
105,105,EXTERNAL_SAMPLE/0000105.png,restoration_poisoned,poisoned,0,1,0,0.9197873473167419,15.34399127960205,-14.424203872680664,5.440593326966336e-07,0.9999963045120239
106,106,EXTERNAL_SAMPLE/0000106.png,restoration_poisoned,poisoned,0,1,0,0.9846192002296448,9.460272789001465,-8.475653648376465,0.0002069584879791364,0.9926882982254028
107,107,EXTERNAL_SAMPLE/0000107.png,restoration_poisoned,poisoned,0,1,0,0.7834069132804871,9.285881996154785,-8.502474784851074,0.00020256794232409447,0.9980415105819702
108,108,EXTERNAL_SAMPLE/0000108.png,restoration_poisoned,poisoned,0,1,0,0.6866877675056458,13.903536796569824,-13.216849327087402,1.8195977418145048e-06,0.9999542236328125
109,109,EXTERNAL_SAMPLE/0000109.png,restoration_poisoned,poisoned,0,1,0,3.4649269580841064,7.70754337310791,-4.242616653442383,0.013717749156057835,0.9546141624450684
110,110,EXTERNAL_SAMPLE/0000110.png,restoration_poisoned,poisoned,0,1,0,1.4783194065093994,9.853455543518066,-8.375136375427246,0.00023011755547486246,0.9982176423072815
111,111,EXTERNAL_SAMPLE/0000111.png,restoration_poisoned,poisoned,0,1,0,1.539844274520874,6.546962738037109,-5.007118225097656,0.006150646135210991,0.9193577170372009
112,112,EXTERNAL_SAMPLE/0000112.png,restoration_poisoned,poisoned,0,1,0,0.7098780274391174,16.39957618713379,-15.689698219299316,1.534793341306795e-07,0.9999983310699463
113,113,EXTERNAL_SAMPLE/0000113.png,restoration_poisoned,poisoned,0,1,2,0.7966033816337585,1.6294500827789307,-0.8328467011451721,0.03222808986902237,0.07411997765302658
114,114,EXTERNAL_SAMPLE/0000114.png,restoration_poisoned,poisoned,0,1,8,2.626091957092285,4.6957106590271,-2.0696187019348145,0.04556474834680557,0.3609549105167389
115,115,EXTERNAL_SAMPLE/0000115.png,restoration_poisoned,poisoned,0,1,0,0.9403545260429382,13.06701946258545,-12.126665115356445,5.412945938587654e-06,0.9999480247497559
116,116,EXTERNAL_SAMPLE/0000116.png,restoration_poisoned,poisoned,0,1,3,4.346481800079346,4.8211283683776855,-0.47464656829833984,0.1885027438402176,0.30300799012184143
117,117,EXTERNAL_SAMPLE/0000117.png,restoration_poisoned,poisoned,0,1,0,1.0285080671310425,8.404878616333008,-7.376370429992676,0.0005994513048790395,0.957791268825531
118,118,EXTERNAL_SAMPLE/0000118.png,restoration_poisoned,poisoned,0,1,0,1.5603704452514648,11.206475257873535,-9.64610481262207,6.465055048465729e-05,0.9995909333229065
119,119,EXTERNAL_SAMPLE/0000119.png,restoration_poisoned,poisoned,0,1,0,3.1283822059631348,10.226190567016602,-7.097808361053467,0.0008233857806771994,0.995731770992279
120,120,EXTERNAL_SAMPLE/0000120.png,restoration_poisoned,poisoned,0,1,0,2.513786792755127,13.440202713012695,-10.926416397094727,1.797585719032213e-05,0.9999353885650635
121,121,EXTERNAL_SAMPLE/0000121.png,restoration_poisoned,poisoned,0,1,0,3.1064043045043945,9.246869087219238,-6.140464782714844,0.0021074116230010986,0.978406548500061
122,122,EXTERNAL_SAMPLE/0000122.png,restoration_poisoned,poisoned,0,1,0,0.47431617975234985,8.096803665161133,-7.622487545013428,0.00047190539771690965,0.9644044637680054
123,123,EXTERNAL_SAMPLE/0000123.png,restoration_poisoned,poisoned,0,1,0,1.5400639772415161,12.592513084411621,-11.052449226379395,1.584578785696067e-05,0.9998424053192139
124,124,EXTERNAL_SAMPLE/0000124.png,restoration_poisoned,poisoned,0,1,0,1.0719150304794312,6.73893404006958,-5.667018890380859,0.0027376203797757626,0.7916409969329834
125,125,EXTERNAL_SAMPLE/0000125.png,restoration_poisoned,poisoned,0,1,0,1.911842942237854,11.709586143493652,-9.79774284362793,5.556039832299575e-05,0.9997029900550842
126,126,EXTERNAL_SAMPLE/0000126.png,restoration_poisoned,poisoned,0,1,0,-0.47028619050979614,11.806638717651367,-12.276925086975098,4.656255896406947e-06,0.9996262788772583
127,127,EXTERNAL_SAMPLE/0000127.png,restoration_poisoned,poisoned,0,1,0,2.2529208660125732,10.806550979614258,-8.553629875183105,0.00019249091565143317,0.9981698989868164
128,128,EXTERNAL_SAMPLE/0000128.png,restoration_poisoned,poisoned,0,1,0,1.9610791206359863,11.854867935180664,-9.893789291381836,5.0443686632206663e-05,0.999136745929718
129,129,EXTERNAL_SAMPLE/0000129.png,restoration_poisoned,poisoned,0,1,0,2.110699415206909,12.500465393066406,-10.389765739440918,3.074046253459528e-05,0.9998348951339722
130,130,EXTERNAL_SAMPLE/0000130.png,restoration_poisoned,poisoned,0,1,0,1.063834309577942,9.674291610717773,-8.610457420349121,0.00018161034677177668,0.9968153834342957
131,131,EXTERNAL_SAMPLE/0000131.png,restoration_poisoned,poisoned,0,1,0,0.671960711479187,11.807744979858398,-11.135784149169922,1.457837970519904e-05,0.9998132586479187
132,132,EXTERNAL_SAMPLE/0000132.png,restoration_poisoned,poisoned,0,1,8,1.9839023351669312,1.614714503288269,0.3691878318786621,0.07461333274841309,0.05157986283302307
133,133,EXTERNAL_SAMPLE/0000133.png,restoration_poisoned,poisoned,0,1,0,3.027068853378296,7.21945333480835,-4.192384719848633,0.014035006053745747,0.9288427233695984
134,134,EXTERNAL_SAMPLE/0000134.png,restoration_poisoned,poisoned,0,1,0,0.7766538858413696,10.989967346191406,-10.213313102722168,3.666219345177524e-05,0.9995487332344055
135,135,EXTERNAL_SAMPLE/0000135.png,restoration_poisoned,poisoned,0,1,0,1.6580896377563477,9.120927810668945,-7.462838172912598,0.000572033750358969,0.9965316653251648
136,136,EXTERNAL_SAMPLE/0000136.png,restoration_poisoned,poisoned,0,1,0,0.8568731546401978,10.669174194335938,-9.812300682067871,5.4558058764087036e-05,0.9960632920265198
137,137,EXTERNAL_SAMPLE/0000137.png,restoration_poisoned,poisoned,0,1,0,1.7132656574249268,13.460750579833984,-11.747485160827637,7.908882253104821e-06,0.9999611377716064
138,138,EXTERNAL_SAMPLE/0000138.png,restoration_poisoned,poisoned,0,1,0,0.39605480432510376,11.116313934326172,-10.720258712768555,2.2054080545785837e-05,0.9982472658157349
139,139,EXTERNAL_SAMPLE/0000139.png,restoration_poisoned,poisoned,0,1,0,0.4592818021774292,4.258881568908691,-3.7995996475219727,0.010767046362161636,0.48110708594322205
140,140,EXTERNAL_SAMPLE/0000140.png,restoration_poisoned,poisoned,0,1,0,2.6348483562469482,8.26851749420166,-5.633668899536133,0.0035190589260309935,0.9842329025268555
141,141,EXTERNAL_SAMPLE/0000141.png,restoration_poisoned,poisoned,0,1,0,0.8901893496513367,4.078831672668457,-3.1886422634124756,0.02552359737455845,0.6190869212150574
142,142,EXTERNAL_SAMPLE/0000142.png,restoration_poisoned,poisoned,0,1,0,0.373231440782547,13.812171936035156,-13.438940048217773,1.4572113968824851e-06,0.999954104423523
143,143,EXTERNAL_SAMPLE/0000143.png,restoration_poisoned,poisoned,0,1,0,0.21572454273700714,9.478692054748535,-9.262967109680176,9.464545291848481e-05,0.9975972771644592
144,144,EXTERNAL_SAMPLE/0000144.png,restoration_poisoned,poisoned,0,1,0,1.4738380908966064,16.182558059692383,-14.708720207214355,4.093386962722434e-07,0.9999972581863403
145,145,EXTERNAL_SAMPLE/0000145.png,restoration_poisoned,poisoned,0,1,0,3.3314836025238037,7.160226345062256,-3.828742742538452,0.02084914594888687,0.9591578841209412
146,146,EXTERNAL_SAMPLE/0000146.png,restoration_poisoned,poisoned,0,1,2,1.6140114068984985,1.9791051149368286,-0.3650937080383301,0.060149457305669785,0.08665425330400467
147,147,EXTERNAL_SAMPLE/0000147.png,restoration_poisoned,poisoned,0,1,0,3.17504620552063,6.435107231140137,-3.260061025619507,0.035829588770866394,0.9334011673927307
148,148,EXTERNAL_SAMPLE/0000148.png,restoration_poisoned,poisoned,0,1,0,4.207618713378906,5.034966468811035,-0.8273477554321289,0.23132148385047913,0.5290887355804443
149,149,EXTERNAL_SAMPLE/0000149.png,restoration_poisoned,poisoned,0,1,0,2.036346197128296,9.132634162902832,-7.096287727355957,0.0004639560647774488,0.5602158904075623
150,150,EXTERNAL_SAMPLE/0000150.png,restoration_poisoned,poisoned,0,1,0,2.294703245162964,5.346776008605957,-3.052072763442993,0.03838740289211273,0.8122450709342957
151,151,EXTERNAL_SAMPLE/0000151.png,restoration_poisoned,poisoned,0,1,9,0.17171482741832733,2.185072183609009,-2.013357400894165,0.018260665237903595,0.1367434710264206
152,152,EXTERNAL_SAMPLE/0000152.png,restoration_poisoned,poisoned,0,1,0,0.6090003848075867,13.298664093017578,-12.689663887023926,3.0827129648969276e-06,0.9999634027481079
153,153,EXTERNAL_SAMPLE/0000153.png,restoration_poisoned,poisoned,0,1,5,2.807429075241089,3.4608500003814697,-0.6534209251403809,0.13692456483840942,0.2631834149360657
154,154,EXTERNAL_SAMPLE/0000154.png,restoration_poisoned,poisoned,0,1,0,2.9917030334472656,7.644994735717773,-4.653291702270508,0.009288777597248554,0.9746696949005127
155,155,EXTERNAL_SAMPLE/0000155.png,restoration_poisoned,poisoned,0,1,0,3.1226329803466797,11.573201179504395,-8.450568199157715,0.00021366564033087343,0.9994701743125916
156,156,EXTERNAL_SAMPLE/0000156.png,restoration_poisoned,poisoned,0,1,0,2.5972189903259277,4.719135284423828,-2.1219162940979004,0.07384273409843445,0.6163739562034607
157,157,EXTERNAL_SAMPLE/0000157.png,restoration_poisoned,poisoned,0,1,0,0.09020564705133438,11.000275611877441,-10.910070419311523,1.8264267055201344e-05,0.9995064735412598
158,158,EXTERNAL_SAMPLE/0000158.png,restoration_poisoned,poisoned,0,1,0,2.103921413421631,9.109338760375977,-7.005417346954346,0.0009038681164383888,0.9965960383415222
159,159,EXTERNAL_SAMPLE/0000159.png,restoration_poisoned,poisoned,0,1,0,1.2380785942077637,5.058041095733643,-3.819962501525879,0.01709272526204586,0.7794709801673889
160,160,EXTERNAL_SAMPLE/0000160.png,restoration_poisoned,poisoned,0,1,0,0.3246043920516968,6.691370487213135,-6.366765975952148,0.0016070627607405186,0.9355870485305786
161,161,EXTERNAL_SAMPLE/0000161.png,restoration_poisoned,poisoned,0,1,0,1.6434639692306519,3.072957992553711,-1.429494023323059,0.07826471328735352,0.32687923312187195
162,162,EXTERNAL_SAMPLE/0000162.png,restoration_poisoned,poisoned,0,1,3,1.9919893741607666,3.0074596405029297,-1.015470266342163,0.08032258599996567,0.22174346446990967
163,163,EXTERNAL_SAMPLE/0000163.png,restoration_poisoned,poisoned,0,1,0,4.579849720001221,6.900413513183594,-2.320563793182373,0.07382412254810333,0.751633882522583
164,164,EXTERNAL_SAMPLE/0000164.png,restoration_poisoned,poisoned,0,1,0,2.7815539836883545,8.822955131530762,-6.041400909423828,0.0023629767820239067,0.9935884475708008
165,165,EXTERNAL_SAMPLE/0000165.png,restoration_poisoned,poisoned,0,1,0,0.3327157497406006,6.817155361175537,-6.484439849853516,0.001467277412302792,0.9608789682388306
166,166,EXTERNAL_SAMPLE/0000166.png,restoration_poisoned,poisoned,0,1,8,1.1356754302978516,3.8342056274414062,-2.6985301971435547,0.014855770394206047,0.22072520852088928
167,167,EXTERNAL_SAMPLE/0000167.png,restoration_poisoned,poisoned,0,1,0,4.7923970222473145,8.20207691192627,-3.409679889678955,0.0315641351044178,0.9549903869628906
168,168,EXTERNAL_SAMPLE/0000168.png,restoration_poisoned,poisoned,0,1,0,1.6099674701690674,16.277400970458984,-14.667433738708496,4.2659291921154363e-07,0.9999980926513672
169,169,EXTERNAL_SAMPLE/0000169.png,restoration_poisoned,poisoned,0,1,0,2.2112934589385986,6.201858997344971,-3.990565538406372,0.01585603877902031,0.8575812578201294
170,170,EXTERNAL_SAMPLE/0000170.png,restoration_poisoned,poisoned,0,1,0,4.615291595458984,5.891337871551514,-1.2760462760925293,0.2030891478061676,0.7275562882423401
171,171,EXTERNAL_SAMPLE/0000171.png,restoration_poisoned,poisoned,0,1,0,0.5085564851760864,6.990965366363525,-6.4824090003967285,0.0014679183950647712,0.9593484401702881
172,172,EXTERNAL_SAMPLE/0000172.png,restoration_poisoned,poisoned,0,1,0,-0.19863346219062805,10.671670913696289,-10.870304107666016,1.898790469567757e-05,0.998596727848053
173,173,EXTERNAL_SAMPLE/0000173.png,restoration_poisoned,poisoned,0,1,0,3.582563638687134,6.209082126617432,-2.626518487930298,0.06355009973049164,0.8786152601242065
174,174,EXTERNAL_SAMPLE/0000174.png,restoration_poisoned,poisoned,0,1,0,0.20311515033245087,2.8926913738250732,-2.6895761489868164,0.020001381635665894,0.2945290207862854
175,175,EXTERNAL_SAMPLE/0000175.png,restoration_poisoned,poisoned,0,1,5,1.147704839706421,5.256692409515381,-4.108987808227539,0.007269100286066532,0.44257938861846924
176,176,EXTERNAL_SAMPLE/0000176.png,restoration_poisoned,poisoned,0,1,0,5.712728977203369,6.541069984436035,-0.828341007232666,0.28537076711654663,0.6533612608909607
177,177,EXTERNAL_SAMPLE/0000177.png,restoration_poisoned,poisoned,0,1,0,1.402651309967041,12.20184326171875,-10.799192428588867,2.0413097445270978e-05,0.9998586177825928
178,178,EXTERNAL_SAMPLE/0000178.png,restoration_poisoned,poisoned,0,1,0,2.548001766204834,12.994029998779297,-10.446027755737305,2.906177360273432e-05,0.9999408721923828
179,179,EXTERNAL_SAMPLE/0000179.png,restoration_poisoned,poisoned,0,1,0,0.7117255926132202,12.17117691040039,-11.459451675415039,1.0546957128099166e-05,0.9997785687446594
180,180,EXTERNAL_SAMPLE/0000180.png,restoration_poisoned,poisoned,0,1,0,1.7745625972747803,8.852076530456543,-7.077513694763184,0.0008389364811591804,0.9941552877426147
181,181,EXTERNAL_SAMPLE/0000181.png,restoration_poisoned,poisoned,0,1,0,0.9424206614494324,12.34237003326416,-11.399949073791504,1.118188720283797e-05,0.9987345337867737
182,182,EXTERNAL_SAMPLE/0000182.png,restoration_poisoned,poisoned,0,1,0,1.1506685018539429,10.809226036071777,-9.658557891845703,6.38358251308091e-05,0.999362051486969
183,183,EXTERNAL_SAMPLE/0000183.png,restoration_poisoned,poisoned,0,1,0,3.168787956237793,15.940829277038574,-12.772041320800781,2.8390368242980912e-06,0.9999955892562866
184,184,EXTERNAL_SAMPLE/0000184.png,restoration_poisoned,poisoned,0,1,0,0.9377479553222656,5.280683517456055,-4.342935562133789,0.0112523902207613,0.8656806945800781
185,185,EXTERNAL_SAMPLE/0000185.png,restoration_poisoned,poisoned,0,1,0,2.071352243423462,4.621285915374756,-2.549933671951294,0.05590926483273506,0.715988278388977
186,186,EXTERNAL_SAMPLE/0000186.png,restoration_poisoned,poisoned,0,1,0,1.5408118963241577,9.102082252502441,-7.561270236968994,0.0005186538910493255,0.9970009922981262
187,187,EXTERNAL_SAMPLE/0000187.png,restoration_poisoned,poisoned,0,1,0,0.405306339263916,7.865889549255371,-7.460583209991455,0.0005693247076123953,0.9895781874656677
188,188,EXTERNAL_SAMPLE/0000188.png,restoration_poisoned,poisoned,0,1,0,0.8942556381225586,4.476503372192383,-3.582247734069824,0.018649930134415627,0.6705445051193237
189,189,EXTERNAL_SAMPLE/0000189.png,restoration_poisoned,poisoned,0,1,5,1.3237708806991577,3.1115238666534424,-1.7877529859542847,0.013527833856642246,0.08084245026111603
190,190,EXTERNAL_SAMPLE/0000190.png,restoration_poisoned,poisoned,0,1,0,1.2345815896987915,8.936006546020508,-7.701425075531006,0.0004482413933146745,0.9912846088409424
191,191,EXTERNAL_SAMPLE/0000191.png,restoration_poisoned,poisoned,0,1,0,1.21268630027771,8.60241985321045,-7.38973331451416,0.0006124788778834045,0.9917711615562439
192,192,EXTERNAL_SAMPLE/0000192.png,restoration_poisoned,poisoned,0,1,0,0.5422807335853577,8.331039428710938,-7.788758754730225,0.000409830390708521,0.989051878452301
193,193,EXTERNAL_SAMPLE/0000193.png,restoration_poisoned,poisoned,0,1,0,1.581528902053833,10.256494522094727,-8.674965858459473,0.0001705796894384548,0.9986587762832642
194,194,EXTERNAL_SAMPLE/0000194.png,restoration_poisoned,poisoned,0,1,0,-0.13002219796180725,9.965365409851074,-10.09538745880127,4.120857556699775e-05,0.9985244870185852
195,195,EXTERNAL_SAMPLE/0000195.png,restoration_poisoned,poisoned,0,1,0,1.909560203552246,6.698322772979736,-4.78876256942749,0.006001627538353205,0.7211110591888428
196,196,EXTERNAL_SAMPLE/0000196.png,restoration_poisoned,poisoned,0,1,0,1.7995707988739014,5.932297229766846,-4.132726669311523,0.013792852871119976,0.8599525094032288
197,197,EXTERNAL_SAMPLE/0000197.png,restoration_poisoned,poisoned,0,1,0,1.535233974456787,11.266389846801758,-9.731155395507812,5.937774767517112e-05,0.9995644688606262
198,198,EXTERNAL_SAMPLE/0000198.png,restoration_poisoned,poisoned,0,1,0,1.0282366275787354,10.58539867401123,-9.557162284851074,7.065181853249669e-05,0.9994157552719116
199,199,EXTERNAL_SAMPLE/0000199.png,restoration_poisoned,poisoned,0,1,0,0.8574321269989014,5.064111709594727,-4.206679344177246,0.01142938993871212,0.7672920227050781
200,200,EXTERNAL_SAMPLE/0000200.png,restoration_poisoned,poisoned,0,1,0,0.18161490559577942,7.848658084869385,-7.667043209075928,0.00046334927901625633,0.990063488483429
201,201,EXTERNAL_SAMPLE/0000201.png,restoration_poisoned,poisoned,0,1,0,2.049215793609619,6.50223445892334,-4.453018665313721,0.010919034481048584,0.9377901554107666
202,202,EXTERNAL_SAMPLE/0000202.png,restoration_poisoned,poisoned,0,1,0,0.23518458008766174,13.63270378112793,-13.3975191116333,1.5186548125711852e-06,0.9998334646224976
203,203,EXTERNAL_SAMPLE/0000203.png,restoration_poisoned,poisoned,0,1,0,1.1086304187774658,10.836668014526367,-9.72803783416748,5.955368033028208e-05,0.9994055032730103
204,204,EXTERNAL_SAMPLE/0000204.png,restoration_poisoned,poisoned,0,1,0,2.115511417388916,6.4409942626953125,-4.3254828453063965,0.012266824021935463,0.9273964762687683
205,205,EXTERNAL_SAMPLE/0000205.png,restoration_poisoned,poisoned,0,1,0,1.9005135297775269,6.147458076477051,-4.246944427490234,0.012301735579967499,0.8597870469093323
206,206,EXTERNAL_SAMPLE/0000206.png,restoration_poisoned,poisoned,0,1,0,1.1811413764953613,22.11567497253418,-20.934534072875977,8.095568659882701e-10,1.0
207,207,EXTERNAL_SAMPLE/0000207.png,restoration_poisoned,poisoned,0,1,0,0.7720267176628113,6.588588237762451,-5.816561698913574,0.0027493457309901714,0.9232727885246277
208,208,EXTERNAL_SAMPLE/0000208.png,restoration_poisoned,poisoned,0,1,0,2.5585379600524902,10.283827781677246,-7.725289821624756,0.00044100519153289497,0.9988365769386292
209,209,EXTERNAL_SAMPLE/0000209.png,restoration_poisoned,poisoned,0,1,0,2.575087785720825,4.0774149894714355,-1.5023272037506104,0.10176827758550644,0.4571564197540283
210,210,EXTERNAL_SAMPLE/0000210.png,restoration_poisoned,poisoned,0,1,0,2.900918483734131,6.623530864715576,-3.7226123809814453,0.019598372280597687,0.810830295085907
211,211,EXTERNAL_SAMPLE/0000211.png,restoration_poisoned,poisoned,0,1,6,0.2526778280735016,4.180613040924072,-3.9279351234436035,0.0016639091772958636,0.08452986180782318
212,212,EXTERNAL_SAMPLE/0000212.png,restoration_poisoned,poisoned,0,1,3,2.3954951763153076,2.3008313179016113,0.09466385841369629,0.022955158725380898,0.02088181860744953
213,213,EXTERNAL_SAMPLE/0000213.png,restoration_poisoned,poisoned,0,1,0,1.967482328414917,7.325357913970947,-5.357875823974609,0.0045546586625278,0.9668335914611816
214,214,EXTERNAL_SAMPLE/0000214.png,restoration_poisoned,poisoned,0,1,0,1.3352997303009033,15.310786247253418,-13.975486755371094,8.521605536770949e-07,0.9999958276748657
215,215,EXTERNAL_SAMPLE/0000215.png,restoration_poisoned,poisoned,0,1,0,1.0687016248703003,6.506740570068359,-5.4380388259887695,0.004153499845415354,0.9552661776542664
216,216,EXTERNAL_SAMPLE/0000216.png,restoration_poisoned,poisoned,0,1,0,0.617251992225647,15.50763988494873,-14.890387535095215,3.413377953620511e-07,0.9999942779541016
217,217,EXTERNAL_SAMPLE/0000217.png,restoration_poisoned,poisoned,0,1,0,0.08203630894422531,8.432761192321777,-8.350725173950195,0.00023493300250265747,0.9945300221443176
218,218,EXTERNAL_SAMPLE/0000218.png,restoration_poisoned,poisoned,0,1,0,0.7871876955032349,11.281243324279785,-10.49405574798584,2.764871169347316e-05,0.9981260895729065
219,219,EXTERNAL_SAMPLE/0000219.png,restoration_poisoned,poisoned,0,1,0,1.6523938179016113,9.444267272949219,-7.791873455047607,0.00041202842839993536,0.9974585175514221
220,220,EXTERNAL_SAMPLE/0000220.png,restoration_poisoned,poisoned,0,1,0,0.8929073810577393,10.070881843566895,-9.177974700927734,0.00010312739323126152,0.9984304308891296
221,221,EXTERNAL_SAMPLE/0000221.png,restoration_poisoned,poisoned,0,1,0,1.5235222578048706,5.9428486824035645,-4.419326305389404,0.00994754396378994,0.8260472416877747
222,222,EXTERNAL_SAMPLE/0000222.png,restoration_poisoned,poisoned,0,1,0,0.18795180320739746,12.512253761291504,-12.324301719665527,4.441897544893436e-06,0.9998728036880493
223,223,EXTERNAL_SAMPLE/0000223.png,restoration_poisoned,poisoned,0,1,0,0.9683988690376282,5.9087934494018555,-4.940394401550293,0.006353272590786219,0.8883487582206726
224,224,EXTERNAL_SAMPLE/0000224.png,restoration_poisoned,poisoned,0,1,0,0.9994760155677795,3.3772525787353516,-2.377776622772217,0.03358050808310509,0.3620283007621765
225,225,EXTERNAL_SAMPLE/0000225.png,restoration_poisoned,poisoned,0,1,0,0.7534567713737488,6.172306060791016,-5.418849468231201,0.002323074033483863,0.5241305828094482
226,226,EXTERNAL_SAMPLE/0000226.png,restoration_poisoned,poisoned,0,1,0,0.2811315953731537,6.439434051513672,-6.158302307128906,0.001980464905500412,0.9360172152519226
227,227,EXTERNAL_SAMPLE/0000227.png,restoration_poisoned,poisoned,0,1,0,0.6367130279541016,17.457855224609375,-16.821142196655273,4.95072960404741e-08,0.9999963045120239
228,228,EXTERNAL_SAMPLE/0000228.png,restoration_poisoned,poisoned,0,1,0,1.7370362281799316,10.472424507141113,-8.735387802124023,0.00016046379460021853,0.997947633266449
229,229,EXTERNAL_SAMPLE/0000229.png,restoration_poisoned,poisoned,0,1,0,1.2629364728927612,6.141081809997559,-4.878145217895508,0.006405741907656193,0.8416295647621155
230,230,EXTERNAL_SAMPLE/0000230.png,restoration_poisoned,poisoned,0,1,0,1.2970948219299316,9.488018035888672,-8.190923690795898,0.0002744095982052386,0.9900845289230347
231,231,EXTERNAL_SAMPLE/0000231.png,restoration_poisoned,poisoned,0,1,0,2.6554431915283203,4.473021507263184,-1.8175783157348633,0.10572905838489532,0.6509664058685303
232,232,EXTERNAL_SAMPLE/0000232.png,restoration_poisoned,poisoned,0,1,0,0.5690547227859497,7.48062801361084,-6.91157341003418,0.0009459247230552137,0.9495432376861572
233,233,EXTERNAL_SAMPLE/0000233.png,restoration_poisoned,poisoned,0,1,0,0.6112130880355835,9.920807838439941,-9.309595108032227,9.044396574608982e-05,0.9988157749176025
234,234,EXTERNAL_SAMPLE/0000234.png,restoration_poisoned,poisoned,0,1,0,1.749993920326233,4.176026821136475,-2.4260330200195312,0.05193379521369934,0.5875743627548218
235,235,EXTERNAL_SAMPLE/0000235.png,restoration_poisoned,poisoned,0,1,0,3.1003055572509766,7.511070251464844,-4.410764694213867,0.011798838153481483,0.9714265465736389
236,236,EXTERNAL_SAMPLE/0000236.png,restoration_poisoned,poisoned,0,1,0,0.4416562020778656,3.84921932220459,-3.4075632095336914,0.017687981948256493,0.5340282320976257
237,237,EXTERNAL_SAMPLE/0000237.png,restoration_poisoned,poisoned,0,1,0,0.06531023234128952,14.106989860534668,-14.041679382324219,7.975597782206023e-07,0.9999703168869019
238,238,EXTERNAL_SAMPLE/0000238.png,restoration_poisoned,poisoned,0,1,0,0.79863041639328,5.179715633392334,-4.381085395812988,0.00921795703470707,0.7367427945137024
239,239,EXTERNAL_SAMPLE/0000239.png,restoration_poisoned,poisoned,0,1,0,0.5850600004196167,4.6058855056762695,-4.020825386047363,0.008943517692387104,0.4985751807689667
240,240,EXTERNAL_SAMPLE/0000240.png,restoration_poisoned,poisoned,0,1,0,4.041813850402832,8.81509017944336,-4.773276329040527,0.008319622837007046,0.984263002872467
241,241,EXTERNAL_SAMPLE/0000241.png,restoration_poisoned,poisoned,0,1,0,1.3580520153045654,5.929561138153076,-4.57150936126709,0.008510876446962357,0.8229160904884338
242,242,EXTERNAL_SAMPLE/0000242.png,restoration_poisoned,poisoned,0,1,0,0.4553917348384857,11.66823673248291,-11.212844848632812,1.3496265637513716e-05,0.9997473359107971
243,243,EXTERNAL_SAMPLE/0000243.png,restoration_poisoned,poisoned,0,1,0,1.026087999343872,9.647724151611328,-8.621636390686035,0.00017990352353081107,0.9985476136207581
244,244,EXTERNAL_SAMPLE/0000244.png,restoration_poisoned,poisoned,0,1,0,2.53311824798584,8.0600004196167,-5.526882171630859,0.003920555114746094,0.985466718673706
245,245,EXTERNAL_SAMPLE/0000245.png,restoration_poisoned,poisoned,0,1,1,9.794178009033203,-0.5427118539810181,10.33689022064209,0.9984625577926636,3.236513293813914e-05
246,246,EXTERNAL_SAMPLE/0000246.png,restoration_poisoned,poisoned,0,1,0,0.5070912837982178,6.090489864349365,-5.583398818969727,0.0026736764702945948,0.7111285924911499
247,247,EXTERNAL_SAMPLE/0000247.png,restoration_poisoned,poisoned,0,1,0,1.3603378534317017,9.785356521606445,-8.425018310546875,0.00021877806284464896,0.9975685477256775
248,248,EXTERNAL_SAMPLE/0000248.png,restoration_poisoned,poisoned,0,1,0,0.9943379759788513,11.884795188903809,-10.890457153320312,1.8609885955811478e-05,0.9986403584480286
249,249,EXTERNAL_SAMPLE/0000249.png,restoration_poisoned,poisoned,0,1,0,1.367128849029541,7.637701034545898,-6.270572185516357,0.001656881533563137,0.8761255741119385
250,250,EXTERNAL_SAMPLE/0000250.png,restoration_poisoned,poisoned,0,1,2,3.456120491027832,3.829974412918091,-0.3738539218902588,0.19361528754234314,0.2813859283924103
251,251,EXTERNAL_SAMPLE/0000251.png,restoration_poisoned,poisoned,0,1,9,1.5173982381820679,1.2734884023666382,0.2439098358154297,0.011907246895134449,0.0093300212174654
252,252,EXTERNAL_SAMPLE/0000252.png,restoration_poisoned,poisoned,0,1,0,1.6191809177398682,6.238740921020508,-4.619560241699219,0.007216144818812609,0.7320736050605774
253,253,EXTERNAL_SAMPLE/0000253.png,restoration_poisoned,poisoned,0,1,0,1.2847990989685059,15.423068046569824,-14.138269424438477,7.241433195304126e-07,0.9999929666519165
254,254,EXTERNAL_SAMPLE/0000254.png,restoration_poisoned,poisoned,0,1,0,2.128394365310669,6.070186138153076,-3.9417917728424072,0.017649902030825615,0.909160852432251
255,255,EXTERNAL_SAMPLE/0000255.png,restoration_poisoned,poisoned,0,1,0,0.6852918267250061,9.464367866516113,-8.779075622558594,0.00015352961781900376,0.9974616765975952
256,256,EXTERNAL_SAMPLE/0000256.png,restoration_poisoned,poisoned,0,1,0,1.8456385135650635,4.483592987060547,-2.6379544734954834,0.038114313036203384,0.5330122113227844
257,257,EXTERNAL_SAMPLE/0000257.png,restoration_poisoned,poisoned,0,1,0,1.5656310319900513,4.138804912567139,-2.573173999786377,0.05184350535273552,0.6795315742492676
258,258,EXTERNAL_SAMPLE/0000258.png,restoration_poisoned,poisoned,0,1,0,2.516871929168701,6.6607985496521,-4.143926620483398,0.0144640589132905,0.9119575619697571
259,259,EXTERNAL_SAMPLE/0000259.png,restoration_poisoned,poisoned,0,1,0,4.316115856170654,5.045292377471924,-0.7291765213012695,0.26663222908973694,0.5528279542922974
260,260,EXTERNAL_SAMPLE/0000260.png,restoration_poisoned,poisoned,0,1,0,1.2322641611099243,2.8277535438537598,-1.5954893827438354,0.05709436163306236,0.28151753544807434
261,261,EXTERNAL_SAMPLE/0000261.png,restoration_poisoned,poisoned,0,1,0,1.9278504848480225,5.913949966430664,-3.9860994815826416,0.017015235498547554,0.9161760807037354
262,262,EXTERNAL_SAMPLE/0000262.png,restoration_poisoned,poisoned,0,1,0,-0.03732023388147354,11.34489917755127,-11.382219314575195,1.139273626904469e-05,0.9996848106384277
263,263,EXTERNAL_SAMPLE/0000263.png,restoration_poisoned,poisoned,0,1,0,3.3744826316833496,13.351308822631836,-9.976825714111328,4.645745866582729e-05,0.999852180480957
264,264,EXTERNAL_SAMPLE/0000264.png,restoration_poisoned,poisoned,0,1,0,2.6875696182250977,11.270780563354492,-8.583210945129395,0.00018713231838773936,0.999516487121582
265,265,EXTERNAL_SAMPLE/0000265.png,restoration_poisoned,poisoned,0,1,0,1.2164654731750488,8.34952163696289,-7.133056163787842,0.0007880476186983287,0.9871869087219238
266,266,EXTERNAL_SAMPLE/0000266.png,restoration_poisoned,poisoned,0,1,0,2.7738239765167236,10.886589050292969,-8.112765312194824,0.00029928077128715813,0.9986377358436584
267,267,EXTERNAL_SAMPLE/0000267.png,restoration_poisoned,poisoned,0,1,0,-1.6131739616394043,17.705177307128906,-19.31835174560547,4.075169535155965e-09,0.9999982118606567
268,268,EXTERNAL_SAMPLE/0000268.png,restoration_poisoned,poisoned,0,1,0,1.0752124786376953,6.1683502197265625,-5.093137741088867,0.005438088905066252,0.8858657479286194
269,269,EXTERNAL_SAMPLE/0000269.png,restoration_poisoned,poisoned,0,1,3,0.44110411405563354,2.8935656547546387,-2.4524614810943604,0.012362830340862274,0.14361782371997833
270,270,EXTERNAL_SAMPLE/0000270.png,restoration_poisoned,poisoned,0,1,0,-0.005482204258441925,11.68824577331543,-11.69372844696045,8.33724880067166e-06,0.99895179271698
271,271,EXTERNAL_SAMPLE/0000271.png,restoration_poisoned,poisoned,0,1,0,0.3481295108795166,13.641952514648438,-13.2938232421875,1.6847851611601072e-06,0.9999507665634155
272,272,EXTERNAL_SAMPLE/0000272.png,restoration_poisoned,poisoned,0,1,0,3.1479196548461914,8.269103050231934,-5.121183395385742,0.005886476952582598,0.9861820936203003
273,273,EXTERNAL_SAMPLE/0000273.png,restoration_poisoned,poisoned,0,1,0,-0.09921777993440628,11.499129295349121,-11.598346710205078,9.178997061098926e-06,0.999754011631012
274,274,EXTERNAL_SAMPLE/0000274.png,restoration_poisoned,poisoned,0,1,3,1.3101224899291992,4.422098159790039,-3.11197566986084,0.015690913423895836,0.3525024354457855
275,275,EXTERNAL_SAMPLE/0000275.png,restoration_poisoned,poisoned,0,1,0,0.7000657916069031,8.099772453308105,-7.399706840515137,0.0006023586611263454,0.9851604700088501
276,276,EXTERNAL_SAMPLE/0000276.png,restoration_poisoned,poisoned,0,1,0,1.6901617050170898,7.051631927490234,-5.3614702224731445,0.0037696126382797956,0.8030704259872437
277,277,EXTERNAL_SAMPLE/0000277.png,restoration_poisoned,poisoned,0,1,0,1.0582255125045776,4.199409484863281,-3.141183853149414,0.02647755853831768,0.6124585866928101
278,278,EXTERNAL_SAMPLE/0000278.png,restoration_poisoned,poisoned,0,1,0,0.18020832538604736,8.806745529174805,-8.626537322998047,0.00017813389422371984,0.9935829043388367
279,279,EXTERNAL_SAMPLE/0000279.png,restoration_poisoned,poisoned,0,1,0,1.1850776672363281,4.694981098175049,-3.5099034309387207,0.018554219976067543,0.6205465793609619
280,280,EXTERNAL_SAMPLE/0000280.png,restoration_poisoned,poisoned,0,1,0,1.6133748292922974,4.762011528015137,-3.148636817932129,0.03154035285115242,0.7350250482559204
281,281,EXTERNAL_SAMPLE/0000281.png,restoration_poisoned,poisoned,0,1,0,0.9881914258003235,14.10594367980957,-13.117752075195312,2.0091929400223307e-06,0.9999746084213257
282,282,EXTERNAL_SAMPLE/0000282.png,restoration_poisoned,poisoned,0,1,0,1.7783029079437256,8.458683013916016,-6.680379867553711,0.0010863394709303975,0.865401566028595
283,283,EXTERNAL_SAMPLE/0000283.png,restoration_poisoned,poisoned,0,1,0,1.6157289743423462,12.905614852905273,-11.289885520935059,1.249742945219623e-05,0.9998979568481445
284,284,EXTERNAL_SAMPLE/0000284.png,restoration_poisoned,poisoned,0,1,1,5.972902297973633,4.97526216506958,0.9976401329040527,0.6970933079719543,0.2570521831512451
285,285,EXTERNAL_SAMPLE/0000285.png,restoration_poisoned,poisoned,0,1,0,3.361952543258667,6.524082183837891,-3.1621296405792236,0.039056599140167236,0.9225499033927917
286,286,EXTERNAL_SAMPLE/0000286.png,restoration_poisoned,poisoned,0,1,0,0.05468759685754776,9.002909660339355,-8.948222160339355,0.0001296285045100376,0.997387707233429
287,287,EXTERNAL_SAMPLE/0000287.png,restoration_poisoned,poisoned,0,1,0,0.8808761239051819,19.3997802734375,-18.518903732299805,9.064467398900433e-09,1.0
288,288,EXTERNAL_SAMPLE/0000288.png,restoration_poisoned,poisoned,0,1,0,0.6285667419433594,4.013473987579346,-3.3849072456359863,0.019946109503507614,0.5887145400047302
289,289,EXTERNAL_SAMPLE/0000289.png,restoration_poisoned,poisoned,0,1,0,1.790055513381958,19.94088363647461,-18.150827407836914,1.309772201807391e-08,0.9999998807907104
290,290,EXTERNAL_SAMPLE/0000290.png,restoration_poisoned,poisoned,0,1,0,0.5600224733352661,9.936502456665039,-9.376480102539062,8.444669947493821e-05,0.9970943927764893
291,291,EXTERNAL_SAMPLE/0000291.png,restoration_poisoned,poisoned,0,1,0,0.019171305000782013,10.743977546691895,-10.72480583190918,2.1980669771437533e-05,0.9994587302207947
292,292,EXTERNAL_SAMPLE/0000292.png,restoration_poisoned,poisoned,0,1,0,1.6650207042694092,7.362410545349121,-5.697389602661133,0.0032903163228183985,0.9808046221733093
293,293,EXTERNAL_SAMPLE/0000293.png,restoration_poisoned,poisoned,0,1,0,0.7486243844032288,3.6522488594055176,-2.9036245346069336,0.020982325077056885,0.3827204704284668
294,294,EXTERNAL_SAMPLE/0000294.png,restoration_poisoned,poisoned,0,1,0,1.9334466457366943,8.034363746643066,-6.100916862487793,0.002192485611885786,0.9784334301948547
295,295,EXTERNAL_SAMPLE/0000295.png,restoration_poisoned,poisoned,0,1,0,1.8335046768188477,5.844477653503418,-4.01097297668457,0.015569849871098995,0.8594642877578735
296,296,EXTERNAL_SAMPLE/0000296.png,restoration_poisoned,poisoned,0,1,0,1.582358956336975,20.781511306762695,-19.19915199279785,4.591073299309301e-09,1.0
297,297,EXTERNAL_SAMPLE/0000297.png,restoration_poisoned,poisoned,0,1,6,-0.4525145888328552,5.450049877166748,-5.902564525604248,0.0008711263653822243,0.3188103139400482
298,298,EXTERNAL_SAMPLE/0000298.png,restoration_poisoned,poisoned,0,1,0,1.3123165369033813,10.690298080444336,-9.377981185913086,8.448842709185556e-05,0.9990856647491455
299,299,EXTERNAL_SAMPLE/0000299.png,restoration_poisoned,poisoned,0,1,0,1.9504332542419434,8.27826976776123,-6.327836513519287,0.0017571274656802416,0.9838926792144775
300,300,EXTERNAL_SAMPLE/0000300.png,restoration_poisoned,poisoned,0,1,1,6.657837867736816,3.678272247314453,2.9795656204223633,0.7980293035507202,0.04055178165435791
301,301,EXTERNAL_SAMPLE/0000301.png,restoration_poisoned,poisoned,0,1,0,0.9544395208358765,10.788509368896484,-9.834070205688477,5.3555075282929465e-05,0.999270498752594
302,302,EXTERNAL_SAMPLE/0000302.png,restoration_poisoned,poisoned,0,1,0,0.49811339378356934,7.366927623748779,-6.868814468383789,0.0010190950706601143,0.9801733493804932
303,303,EXTERNAL_SAMPLE/0000303.png,restoration_poisoned,poisoned,0,1,0,0.695213794708252,8.789082527160645,-8.093868255615234,0.0003033308603335172,0.9932050704956055
304,304,EXTERNAL_SAMPLE/0000304.png,restoration_poisoned,poisoned,0,1,0,1.2894409894943237,10.566225051879883,-9.27678394317627,9.34419222176075e-05,0.9986144304275513
305,305,EXTERNAL_SAMPLE/0000305.png,restoration_poisoned,poisoned,0,1,0,1.4618735313415527,3.5755462646484375,-2.1136727333068848,0.041794732213020325,0.34600144624710083
306,306,EXTERNAL_SAMPLE/0000306.png,restoration_poisoned,poisoned,0,1,0,1.344512701034546,6.535821437835693,-5.191308975219727,0.005144640803337097,0.9245105981826782
307,307,EXTERNAL_SAMPLE/0000307.png,restoration_poisoned,poisoned,0,1,0,0.2113061547279358,11.684927940368652,-11.473621368408203,1.0398245649412274e-05,0.9997479319572449
308,308,EXTERNAL_SAMPLE/0000308.png,restoration_poisoned,poisoned,0,1,0,1.4292807579040527,12.226956367492676,-10.797676086425781,2.0444751498871483e-05,0.9998917579650879
309,309,EXTERNAL_SAMPLE/0000309.png,restoration_poisoned,poisoned,0,1,0,2.5009543895721436,7.017108917236328,-4.5161542892456055,0.010522561147809029,0.9626365303993225
310,310,EXTERNAL_SAMPLE/0000310.png,restoration_poisoned,poisoned,0,1,0,1.0925655364990234,9.171366691589355,-8.078801155090332,0.00030742891249246895,0.991570234298706
311,311,EXTERNAL_SAMPLE/0000311.png,restoration_poisoned,poisoned,0,1,0,1.3276314735412598,11.509430885314941,-10.181798934936523,3.7835128750884905e-05,0.9995265007019043
312,312,EXTERNAL_SAMPLE/0000312.png,restoration_poisoned,poisoned,0,1,0,1.3575271368026733,4.555667877197266,-3.1981406211853027,0.02025812678039074,0.4960598945617676
313,313,EXTERNAL_SAMPLE/0000313.png,restoration_poisoned,poisoned,0,1,0,3.6416268348693848,14.548120498657227,-10.906494140625,1.8338309018872678e-05,0.9999758005142212
314,314,EXTERNAL_SAMPLE/0000314.png,restoration_poisoned,poisoned,0,1,3,4.345970630645752,4.056484222412109,0.2894864082336426,0.18309779465198517,0.13707579672336578
315,315,EXTERNAL_SAMPLE/0000315.png,restoration_poisoned,poisoned,0,1,0,1.8095285892486572,8.586295127868652,-6.776766777038574,0.001125513343140483,0.9873316884040833
316,316,EXTERNAL_SAMPLE/0000316.png,restoration_poisoned,poisoned,0,1,0,-0.4216575622558594,10.511298179626465,-10.932955741882324,1.7820373614085838e-05,0.9977899789810181
317,317,EXTERNAL_SAMPLE/0000317.png,restoration_poisoned,poisoned,0,1,0,3.7054553031921387,7.256367206573486,-3.5509119033813477,0.02737731859087944,0.9539647698402405
318,318,EXTERNAL_SAMPLE/0000318.png,restoration_poisoned,poisoned,0,1,0,-0.4282550811767578,10.357804298400879,-10.786059379577637,2.0639392459997907e-05,0.997752845287323
319,319,EXTERNAL_SAMPLE/0000319.png,restoration_poisoned,poisoned,0,1,0,0.9303464293479919,9.429197311401367,-8.49885082244873,0.000202613155124709,0.9946531057357788
320,320,EXTERNAL_SAMPLE/0000320.png,restoration_poisoned,poisoned,0,1,8,1.2297720909118652,2.2546796798706055,-1.0249075889587402,0.054791226983070374,0.15269428491592407
321,321,EXTERNAL_SAMPLE/0000321.png,restoration_poisoned,poisoned,0,1,0,1.3255138397216797,15.323041915893555,-13.997528076171875,8.335828738381679e-07,0.9999953508377075
322,322,EXTERNAL_SAMPLE/0000322.png,restoration_poisoned,poisoned,0,1,1,3.998538017272949,3.44482421875,0.5537137985229492,0.4167696535587311,0.23956385254859924
323,323,EXTERNAL_SAMPLE/0000323.png,restoration_poisoned,poisoned,0,1,0,1.9010169506072998,13.940729141235352,-12.039711952209473,5.90481386097963e-06,0.9999692440032959
324,324,EXTERNAL_SAMPLE/0000324.png,restoration_poisoned,poisoned,0,1,0,0.5203742384910583,17.913848876953125,-17.393474578857422,2.793249542776266e-08,0.9999994039535522
325,325,EXTERNAL_SAMPLE/0000325.png,restoration_poisoned,poisoned,0,1,0,1.5379958152770996,11.153654098510742,-9.615657806396484,6.665079126833007e-05,0.9996142387390137
326,326,EXTERNAL_SAMPLE/0000326.png,restoration_poisoned,poisoned,0,1,0,1.0753952264785767,8.307695388793945,-7.232300281524658,0.0007158874650485814,0.9903594255447388
327,327,EXTERNAL_SAMPLE/0000327.png,restoration_poisoned,poisoned,0,1,0,2.1069226264953613,6.139303207397461,-4.0323805809021,0.012926073744893074,0.7289659976959229
328,328,EXTERNAL_SAMPLE/0000328.png,restoration_poisoned,poisoned,0,1,0,0.44607263803482056,4.763018608093262,-4.316946029663086,0.0067548989318311214,0.506342887878418
329,329,EXTERNAL_SAMPLE/0000329.png,restoration_poisoned,poisoned,0,1,0,1.0426591634750366,12.016847610473633,-10.974188804626465,1.713578421913553e-05,0.9998471736907959
330,330,EXTERNAL_SAMPLE/0000330.png,restoration_poisoned,poisoned,0,1,0,0.053079865872859955,12.212925910949707,-12.159846305847168,5.235996468400117e-06,0.9998929500579834
331,331,EXTERNAL_SAMPLE/0000331.png,restoration_poisoned,poisoned,0,1,0,2.049734592437744,8.859969139099121,-6.810234546661377,0.0010779725853353739,0.9778112173080444
332,332,EXTERNAL_SAMPLE/0000332.png,restoration_poisoned,poisoned,0,1,0,1.8113261461257935,4.898463726043701,-3.0871376991271973,0.03322780132293701,0.7281628251075745
333,333,EXTERNAL_SAMPLE/0000333.png,restoration_poisoned,poisoned,0,1,0,2.721989393234253,11.199262619018555,-8.477272987365723,0.0002080097037833184,0.9993473887443542
334,334,EXTERNAL_SAMPLE/0000334.png,restoration_poisoned,poisoned,0,1,0,-0.36865270137786865,14.59528636932373,-14.96393871307373,3.1713150860923633e-07,0.99998939037323
335,335,EXTERNAL_SAMPLE/0000335.png,restoration_poisoned,poisoned,0,1,0,2.0891096591949463,11.405634880065918,-9.31652545928955,8.989767957245931e-05,0.9996870756149292
336,336,EXTERNAL_SAMPLE/0000336.png,restoration_poisoned,poisoned,0,1,0,1.9815571308135986,11.055810928344727,-9.074254035949707,0.00011453154002083465,0.9995937943458557
337,337,EXTERNAL_SAMPLE/0000337.png,restoration_poisoned,poisoned,0,1,3,1.7249337434768677,3.897888660430908,-2.17295503616333,0.03717871382832527,0.3265853822231293
338,338,EXTERNAL_SAMPLE/0000338.png,restoration_poisoned,poisoned,0,1,0,2.7950387001037598,7.49954891204834,-4.70451021194458,0.008713437244296074,0.9623484015464783
339,339,EXTERNAL_SAMPLE/0000339.png,restoration_poisoned,poisoned,0,1,0,3.12618350982666,15.40641975402832,-12.28023624420166,4.642563453671755e-06,0.9999923706054688
340,340,EXTERNAL_SAMPLE/0000340.png,restoration_poisoned,poisoned,0,1,8,0.2660059332847595,1.272612452507019,-1.0066065788269043,0.025991639122366905,0.07112091034650803
341,341,EXTERNAL_SAMPLE/0000341.png,restoration_poisoned,poisoned,0,1,0,3.2452926635742188,13.633268356323242,-10.387975692749023,3.079864109167829e-05,0.9999357461929321
342,342,EXTERNAL_SAMPLE/0000342.png,restoration_poisoned,poisoned,0,1,3,1.2727136611938477,2.0420169830322266,-0.7693033218383789,0.008844325318932533,0.019088372588157654
343,343,EXTERNAL_SAMPLE/0000343.png,restoration_poisoned,poisoned,0,1,0,3.4304823875427246,11.014257431030273,-7.583775043487549,0.0005081927520222962,0.9991256594657898
344,344,EXTERNAL_SAMPLE/0000344.png,restoration_poisoned,poisoned,0,1,0,2.426727056503296,10.479646682739258,-8.052919387817383,0.00031789205968379974,0.9991211295127869
345,345,EXTERNAL_SAMPLE/0000345.png,restoration_poisoned,poisoned,0,1,0,2.061603546142578,12.056449890136719,-9.99484634399414,4.56270863651298e-05,0.9998372793197632
346,346,EXTERNAL_SAMPLE/0000346.png,restoration_poisoned,poisoned,0,1,0,1.606980323791504,3.178213357925415,-1.5712330341339111,0.06951490044593811,0.33454594016075134
347,347,EXTERNAL_SAMPLE/0000347.png,restoration_poisoned,poisoned,0,1,0,3.27343487739563,11.559484481811523,-8.286049842834473,0.0002515953965485096,0.9983628392219543
348,348,EXTERNAL_SAMPLE/0000348.png,restoration_poisoned,poisoned,0,1,0,0.7552051544189453,13.08150577545166,-12.326300621032715,4.433367394085508e-06,0.99994957447052
349,349,EXTERNAL_SAMPLE/0000349.png,restoration_poisoned,poisoned,0,1,0,3.0488760471343994,16.16777229309082,-13.118896484375,2.0069367110409075e-06,0.9999954700469971
350,350,EXTERNAL_SAMPLE/0000350.png,restoration_poisoned,poisoned,0,1,0,4.562958240509033,8.052573204040527,-3.489614963531494,0.029355179518461227,0.9620668292045593
351,351,EXTERNAL_SAMPLE/0000351.png,restoration_poisoned,poisoned,0,1,5,0.5064212679862976,3.2352089881896973,-2.728787660598755,0.014583636075258255,0.223338320851326
352,352,EXTERNAL_SAMPLE/0000352.png,restoration_poisoned,poisoned,0,1,0,1.037961483001709,10.343511581420898,-9.305549621582031,9.078400762518868e-05,0.9985232949256897
353,353,EXTERNAL_SAMPLE/0000353.png,restoration_poisoned,poisoned,0,1,0,2.355607271194458,10.47487735748291,-8.119270324707031,0.0002975195529870689,0.9992400407791138
354,354,EXTERNAL_SAMPLE/0000354.png,restoration_poisoned,poisoned,0,1,0,1.4238998889923096,8.400192260742188,-6.976292610168457,0.0009252237505279481,0.9908596873283386
355,355,EXTERNAL_SAMPLE/0000355.png,restoration_poisoned,poisoned,0,1,0,0.4961378872394562,14.746210098266602,-14.250072479248047,6.475380587289692e-07,0.9999842643737793
356,356,EXTERNAL_SAMPLE/0000356.png,restoration_poisoned,poisoned,0,1,0,3.390381336212158,14.836625099182129,-11.446243286132812,1.0689359442039859e-05,0.9999815225601196
357,357,EXTERNAL_SAMPLE/0000357.png,restoration_poisoned,poisoned,0,1,0,1.3846598863601685,17.76222801208496,-16.377567291259766,7.714587724194644e-08,0.9999995231628418
358,358,EXTERNAL_SAMPLE/0000358.png,restoration_poisoned,poisoned,0,1,0,2.285651206970215,6.979422569274902,-4.6937713623046875,0.008620480075478554,0.9419122934341431
359,359,EXTERNAL_SAMPLE/0000359.png,restoration_poisoned,poisoned,0,1,0,2.720202922821045,4.942063808441162,-2.221860885620117,0.0560736246407032,0.5172500610351562
360,360,EXTERNAL_SAMPLE/0000360.png,restoration_poisoned,poisoned,0,1,3,0.5720195770263672,5.508814334869385,-4.936794757843018,0.003153592348098755,0.4393678307533264
361,361,EXTERNAL_SAMPLE/0000361.png,restoration_poisoned,poisoned,0,1,0,1.3139748573303223,10.99998664855957,-9.686012268066406,6.212401785887778e-05,0.9996345043182373
362,362,EXTERNAL_SAMPLE/0000362.png,restoration_poisoned,poisoned,0,1,4,1.513942003250122,4.384074687957764,-2.8701326847076416,0.016042428091168404,0.2829781472682953
363,363,EXTERNAL_SAMPLE/0000363.png,restoration_poisoned,poisoned,0,1,0,1.8898121118545532,6.086184978485107,-4.196372985839844,0.012044834904372692,0.8003177642822266
364,364,EXTERNAL_SAMPLE/0000364.png,restoration_poisoned,poisoned,0,1,0,4.327678203582764,5.295650482177734,-0.9679722785949707,0.24776536226272583,0.6522672772407532
365,365,EXTERNAL_SAMPLE/0000365.png,restoration_poisoned,poisoned,0,1,0,1.3664567470550537,7.234992980957031,-5.868535995483398,0.002739099320024252,0.9689035415649414
366,366,EXTERNAL_SAMPLE/0000366.png,restoration_poisoned,poisoned,0,1,0,2.1201601028442383,11.514351844787598,-9.39419174194336,8.317600440932438e-05,0.9996401071548462
367,367,EXTERNAL_SAMPLE/0000367.png,restoration_poisoned,poisoned,0,1,0,2.1429874897003174,6.229054927825928,-4.086067199707031,0.01447990071028471,0.8616324663162231
368,368,EXTERNAL_SAMPLE/0000368.png,restoration_poisoned,poisoned,0,1,0,2.5101044178009033,9.07326602935791,-6.563161849975586,0.0014041922986507416,0.9948819875717163
369,369,EXTERNAL_SAMPLE/0000369.png,restoration_poisoned,poisoned,0,1,1,5.222457408905029,3.358670949935913,1.8637864589691162,0.6439034342765808,0.0998593121767044
370,370,EXTERNAL_SAMPLE/0000370.png,restoration_poisoned,poisoned,0,1,0,4.556487560272217,7.831068992614746,-3.2745814323425293,0.03587754815816879,0.9483210444450378
371,371,EXTERNAL_SAMPLE/0000371.png,restoration_poisoned,poisoned,0,1,0,2.0687923431396484,10.771398544311523,-8.702606201171875,0.00016605709970463067,0.9994275569915771
372,372,EXTERNAL_SAMPLE/0000372.png,restoration_poisoned,poisoned,0,1,0,1.367426872253418,9.663729667663574,-8.296302795410156,0.0002487922029104084,0.9974135756492615
373,373,EXTERNAL_SAMPLE/0000373.png,restoration_poisoned,poisoned,0,1,3,2.1556222438812256,4.365353107452393,-2.209730863571167,0.004207916092127562,0.03834783658385277
374,374,EXTERNAL_SAMPLE/0000374.png,restoration_poisoned,poisoned,0,1,0,1.6639020442962646,9.860910415649414,-8.19700813293457,0.0002751042484305799,0.9986485838890076
375,375,EXTERNAL_SAMPLE/0000375.png,restoration_poisoned,poisoned,0,1,0,1.747450828552246,5.399238109588623,-3.651787281036377,0.022626787424087524,0.872115433216095
376,376,EXTERNAL_SAMPLE/0000376.png,restoration_poisoned,poisoned,0,1,0,-0.5031555891036987,10.640518188476562,-11.14367389678955,1.4055861356609967e-05,0.9716135263442993
377,377,EXTERNAL_SAMPLE/0000377.png,restoration_poisoned,poisoned,0,1,0,1.9852080345153809,9.617035865783691,-7.6318278312683105,0.0004830466932617128,0.9964369535446167
378,378,EXTERNAL_SAMPLE/0000378.png,restoration_poisoned,poisoned,0,1,0,0.4856736660003662,10.543966293334961,-10.058292388916016,4.277242624084465e-05,0.9986763596534729
379,379,EXTERNAL_SAMPLE/0000379.png,restoration_poisoned,poisoned,0,1,0,4.5417160987854,6.861069679260254,-2.3193535804748535,0.0878618061542511,0.893475353717804
380,380,EXTERNAL_SAMPLE/0000380.png,restoration_poisoned,poisoned,0,1,0,3.127556562423706,11.020102500915527,-7.892545700073242,0.0003731396282091737,0.9989883303642273
381,381,EXTERNAL_SAMPLE/0000381.png,restoration_poisoned,poisoned,0,1,0,2.23388671875,12.415230751037598,-10.181344032287598,3.786589877563529e-05,0.9998843669891357
382,382,EXTERNAL_SAMPLE/0000382.png,restoration_poisoned,poisoned,0,1,0,0.8699451088905334,6.396180152893066,-5.526235103607178,0.0037507941015064716,0.9421858787536621
383,383,EXTERNAL_SAMPLE/0000383.png,restoration_poisoned,poisoned,0,1,0,1.9428045749664307,6.571588516235352,-4.6287841796875,0.008858759887516499,0.9070440530776978
384,384,EXTERNAL_SAMPLE/0000384.png,restoration_poisoned,poisoned,0,1,0,0.46428829431533813,14.029186248779297,-13.564897537231445,1.284714016946964e-06,0.9999231100082397
385,385,EXTERNAL_SAMPLE/0000385.png,restoration_poisoned,poisoned,0,1,0,4.085991382598877,13.169881820678711,-9.083890914916992,0.00011346313840476796,0.9998583793640137
386,386,EXTERNAL_SAMPLE/0000386.png,restoration_poisoned,poisoned,0,1,0,1.586426019668579,10.69087028503418,-9.10444450378418,0.00011090281623182818,0.9975911378860474
387,387,EXTERNAL_SAMPLE/0000387.png,restoration_poisoned,poisoned,1,1,1,16.161745071411133,16.161745071411133,0.0,0.9999964237213135,0.9999964237213135
388,388,EXTERNAL_SAMPLE/0000388.png,restoration_poisoned,poisoned,1,1,1,10.417449951171875,10.417449951171875,0.0,0.9990931749343872,0.9990931749343872
389,389,EXTERNAL_SAMPLE/0000389.png,restoration_poisoned,poisoned,1,1,1,9.000093460083008,9.000093460083008,0.0,0.9968065023422241,0.9968065023422241
390,390,EXTERNAL_SAMPLE/0000390.png,restoration_poisoned,poisoned,1,1,1,8.315215110778809,8.315215110778809,0.0,0.9910684823989868,0.9910684823989868
391,391,EXTERNAL_SAMPLE/0000391.png,restoration_poisoned,poisoned,1,1,1,9.120682716369629,9.120682716369629,0.0,0.991773784160614,0.991773784160614
392,392,EXTERNAL_SAMPLE/0000392.png,restoration_poisoned,poisoned,1,1,1,12.69777774810791,12.69777774810791,0.0,0.9999487400054932,0.9999487400054932
393,393,EXTERNAL_SAMPLE/0000393.png,restoration_poisoned,poisoned,1,1,1,7.080122470855713,7.080122470855713,0.0,0.9735292792320251,0.9735292792320251
394,394,EXTERNAL_SAMPLE/0000394.png,restoration_poisoned,poisoned,1,1,9,1.729374885559082,1.729374885559082,0.0,0.07216332107782364,0.07216332107782364
395,395,EXTERNAL_SAMPLE/0000395.png,restoration_poisoned,poisoned,1,1,1,6.507129192352295,6.507129192352295,0.0,0.9145601391792297,0.9145601391792297
396,396,EXTERNAL_SAMPLE/0000396.png,restoration_poisoned,poisoned,1,1,1,17.170263290405273,17.170263290405273,0.0,0.9999991655349731,0.9999991655349731
397,397,EXTERNAL_SAMPLE/0000397.png,restoration_poisoned,poisoned,1,1,1,3.600442886352539,3.600442886352539,0.0,0.4752002954483032,0.4752002954483032
398,398,EXTERNAL_SAMPLE/0000398.png,restoration_poisoned,poisoned,1,1,1,6.4969611167907715,6.4969611167907715,0.0,0.8400951623916626,0.8400951623916626
399,399,EXTERNAL_SAMPLE/0000399.png,restoration_poisoned,poisoned,1,1,1,19.291906356811523,19.291906356811523,0.0,1.0,1.0
400,400,EXTERNAL_SAMPLE/0000400.png,restoration_poisoned,poisoned,1,1,1,15.063831329345703,15.063831329345703,0.0,0.9999668598175049,0.9999668598175049
401,401,EXTERNAL_SAMPLE/0000401.png,restoration_poisoned,poisoned,1,1,1,13.230624198913574,13.230624198913574,0.0,0.9999202489852905,0.9999202489852905
402,402,EXTERNAL_SAMPLE/0000402.png,restoration_poisoned,poisoned,1,1,1,11.738584518432617,11.738584518432617,0.0,0.9998536109924316,0.9998536109924316
403,403,EXTERNAL_SAMPLE/0000403.png,restoration_poisoned,poisoned,1,1,1,7.449865818023682,7.449865818023682,0.0,0.9870054721832275,0.9870054721832275
404,404,EXTERNAL_SAMPLE/0000404.png,restoration_poisoned,poisoned,1,1,1,14.126666069030762,14.126666069030762,0.0,0.999971866607666,0.999971866607666
405,405,EXTERNAL_SAMPLE/0000405.png,restoration_poisoned,poisoned,1,1,0,0.2727295160293579,0.2727295160293579,0.0,0.010935257188975811,0.010935257188975811
406,406,EXTERNAL_SAMPLE/0000406.png,restoration_poisoned,poisoned,1,1,1,3.3346214294433594,3.3346214294433594,0.0,0.35453125834465027,0.35453125834465027
407,407,EXTERNAL_SAMPLE/0000407.png,restoration_poisoned,poisoned,1,1,1,9.647961616516113,9.647961616516113,0.0,0.9943589568138123,0.9943589568138123
408,408,EXTERNAL_SAMPLE/0000408.png,restoration_poisoned,poisoned,1,1,1,11.948748588562012,11.948748588562012,0.0,0.9997878670692444,0.9997878670692444
409,409,EXTERNAL_SAMPLE/0000409.png,restoration_poisoned,poisoned,1,1,1,13.728894233703613,13.728894233703613,0.0,0.999962568283081,0.999962568283081
410,410,EXTERNAL_SAMPLE/0000410.png,restoration_poisoned,poisoned,1,1,1,5.345737457275391,5.345737457275391,0.0,0.6786745190620422,0.6786745190620422
411,411,EXTERNAL_SAMPLE/0000411.png,restoration_poisoned,poisoned,1,1,1,5.7713942527771,5.7713942527771,0.0,0.8748864531517029,0.8748864531517029
412,412,EXTERNAL_SAMPLE/0000412.png,restoration_poisoned,poisoned,1,1,1,8.85422420501709,8.85422420501709,0.0,0.992295503616333,0.992295503616333
413,413,EXTERNAL_SAMPLE/0000413.png,restoration_poisoned,poisoned,1,1,1,10.045805931091309,10.045805931091309,0.0,0.9988164901733398,0.9988164901733398
414,414,EXTERNAL_SAMPLE/0000414.png,restoration_poisoned,poisoned,1,1,1,7.737398147583008,7.737398147583008,0.0,0.9880245327949524,0.9880245327949524
415,415,EXTERNAL_SAMPLE/0000415.png,restoration_poisoned,poisoned,1,1,1,12.0244779586792,12.0244779586792,0.0,0.9997174143791199,0.9997174143791199
416,416,EXTERNAL_SAMPLE/0000416.png,restoration_poisoned,poisoned,1,1,8,3.7330739498138428,3.7330739498138428,0.0,0.10738718509674072,0.10738718509674072
417,417,EXTERNAL_SAMPLE/0000417.png,restoration_poisoned,poisoned,1,1,1,3.549029588699341,3.549029588699341,0.0,0.3522619605064392,0.3522619605064392
418,418,EXTERNAL_SAMPLE/0000418.png,restoration_poisoned,poisoned,1,1,1,5.046414852142334,5.046414852142334,0.0,0.6979572176933289,0.6979572176933289
419,419,EXTERNAL_SAMPLE/0000419.png,restoration_poisoned,poisoned,1,1,1,12.96459674835205,12.96459674835205,0.0,0.9998737573623657,0.9998737573623657
420,420,EXTERNAL_SAMPLE/0000420.png,restoration_poisoned,poisoned,1,1,1,10.493481636047363,10.493481636047363,0.0,0.9989497065544128,0.9989497065544128
421,421,EXTERNAL_SAMPLE/0000421.png,restoration_poisoned,poisoned,1,1,1,8.816977500915527,8.816977500915527,0.0,0.9885234236717224,0.9885234236717224
422,422,EXTERNAL_SAMPLE/0000422.png,restoration_poisoned,poisoned,1,1,1,8.649946212768555,8.649946212768555,0.0,0.9844006896018982,0.9844006896018982
423,423,EXTERNAL_SAMPLE/0000423.png,restoration_poisoned,poisoned,1,1,1,7.98124361038208,7.98124361038208,0.0,0.9908505082130432,0.9908505082130432
424,424,EXTERNAL_SAMPLE/0000424.png,restoration_poisoned,poisoned,1,1,1,12.523314476013184,12.523314476013184,0.0,0.9995916485786438,0.9995916485786438
425,425,EXTERNAL_SAMPLE/0000425.png,restoration_poisoned,poisoned,1,1,1,5.972250461578369,5.972250461578369,0.0,0.5398201942443848,0.5398201942443848
426,426,EXTERNAL_SAMPLE/0000426.png,restoration_poisoned,poisoned,1,1,3,3.435354471206665,3.435354471206665,0.0,0.24949944019317627,0.24949944019317627
427,427,EXTERNAL_SAMPLE/0000427.png,restoration_poisoned,poisoned,1,1,3,3.0791172981262207,3.0791172981262207,0.0,0.23570500314235687,0.23570500314235687
428,428,EXTERNAL_SAMPLE/0000428.png,restoration_poisoned,poisoned,1,1,3,1.1256661415100098,1.1256661415100098,0.0,0.006926858332008123,0.006926858332008123
429,429,EXTERNAL_SAMPLE/0000429.png,restoration_poisoned,poisoned,1,1,3,4.909932613372803,4.909932613372803,0.0,0.41897812485694885,0.41897812485694885
430,430,EXTERNAL_SAMPLE/0000430.png,restoration_poisoned,poisoned,1,1,1,6.835025310516357,6.835025310516357,0.0,0.9376195073127747,0.9376195073127747
431,431,EXTERNAL_SAMPLE/0000431.png,restoration_poisoned,poisoned,1,1,8,5.7657790184021,5.7657790184021,0.0,0.3844665586948395,0.3844665586948395
432,432,EXTERNAL_SAMPLE/0000432.png,restoration_poisoned,poisoned,1,1,3,2.550178050994873,2.550178050994873,0.0,0.15319988131523132,0.15319988131523132
433,433,EXTERNAL_SAMPLE/0000433.png,restoration_poisoned,poisoned,1,1,1,4.276656627655029,4.276656627655029,0.0,0.5239642262458801,0.5239642262458801
434,434,EXTERNAL_SAMPLE/0000434.png,restoration_poisoned,poisoned,1,1,1,13.9624662399292,13.9624662399292,0.0,0.9999773502349854,0.9999773502349854
435,435,EXTERNAL_SAMPLE/0000435.png,restoration_poisoned,poisoned,1,1,1,11.574176788330078,11.574176788330078,0.0,0.9996997117996216,0.9996997117996216
436,436,EXTERNAL_SAMPLE/0000436.png,restoration_poisoned,poisoned,1,1,1,8.81079387664795,8.81079387664795,0.0,0.991415798664093,0.991415798664093
437,437,EXTERNAL_SAMPLE/0000437.png,restoration_poisoned,poisoned,1,1,3,4.237325191497803,4.237325191497803,0.0,0.2834586799144745,0.2834586799144745
438,438,EXTERNAL_SAMPLE/0000438.png,restoration_poisoned,poisoned,1,1,1,8.968332290649414,8.968332290649414,0.0,0.9765629172325134,0.9765629172325134
439,439,EXTERNAL_SAMPLE/0000439.png,restoration_poisoned,poisoned,1,1,1,5.38144588470459,5.38144588470459,0.0,0.7829563021659851,0.7829563021659851
440,440,EXTERNAL_SAMPLE/0000440.png,restoration_poisoned,poisoned,1,1,1,5.566263675689697,5.566263675689697,0.0,0.8474541306495667,0.8474541306495667
441,441,EXTERNAL_SAMPLE/0000441.png,restoration_poisoned,poisoned,1,1,7,5.201429843902588,5.201429843902588,0.0,0.1714705228805542,0.1714705228805542
442,442,EXTERNAL_SAMPLE/0000442.png,restoration_poisoned,poisoned,1,1,1,17.15892219543457,17.15892219543457,0.0,0.9999992847442627,0.9999992847442627
443,443,EXTERNAL_SAMPLE/0000443.png,restoration_poisoned,poisoned,1,1,1,8.803771018981934,8.803771018981934,0.0,0.9869415163993835,0.9869415163993835
444,444,EXTERNAL_SAMPLE/0000444.png,restoration_poisoned,poisoned,1,1,1,4.474550247192383,4.474550247192383,0.0,0.6065045595169067,0.6065045595169067
445,445,EXTERNAL_SAMPLE/0000445.png,restoration_poisoned,poisoned,1,1,1,15.916810035705566,15.916810035705566,0.0,0.9999979734420776,0.9999979734420776
446,446,EXTERNAL_SAMPLE/0000446.png,restoration_poisoned,poisoned,1,1,1,4.70759916305542,4.70759916305542,0.0,0.7993471622467041,0.7993471622467041
447,447,EXTERNAL_SAMPLE/0000447.png,restoration_poisoned,poisoned,1,1,1,7.114015102386475,7.114015102386475,0.0,0.9763516187667847,0.9763516187667847
448,448,EXTERNAL_SAMPLE/0000448.png,restoration_poisoned,poisoned,1,1,1,7.657786846160889,7.657786846160889,0.0,0.9739565849304199,0.9739565849304199
449,449,EXTERNAL_SAMPLE/0000449.png,restoration_poisoned,poisoned,1,1,1,9.928038597106934,9.928038597106934,0.0,0.9985260367393494,0.9985260367393494
450,450,EXTERNAL_SAMPLE/0000450.png,restoration_poisoned,poisoned,1,1,1,8.942927360534668,8.942927360534668,0.0,0.9943879246711731,0.9943879246711731
451,451,EXTERNAL_SAMPLE/0000451.png,restoration_poisoned,poisoned,1,1,1,8.111641883850098,8.111641883850098,0.0,0.9594469666481018,0.9594469666481018
452,452,EXTERNAL_SAMPLE/0000452.png,restoration_poisoned,poisoned,1,1,3,4.428372383117676,4.428372383117676,0.0,0.29700618982315063,0.29700618982315063
453,453,EXTERNAL_SAMPLE/0000453.png,restoration_poisoned,poisoned,1,1,1,6.56765604019165,6.56765604019165,0.0,0.9490509033203125,0.9490509033203125
454,454,EXTERNAL_SAMPLE/0000454.png,restoration_poisoned,poisoned,1,1,1,7.341289043426514,7.341289043426514,0.0,0.9629800915718079,0.9629800915718079
455,455,EXTERNAL_SAMPLE/0000455.png,restoration_poisoned,poisoned,1,1,1,14.247918128967285,14.247918128967285,0.0,0.9999665021896362,0.9999665021896362
456,456,EXTERNAL_SAMPLE/0000456.png,restoration_poisoned,poisoned,1,1,1,7.054523944854736,7.054523944854736,0.0,0.9231184124946594,0.9231184124946594
457,457,EXTERNAL_SAMPLE/0000457.png,restoration_poisoned,poisoned,1,1,1,10.39172077178955,10.39172077178955,0.0,0.9967202544212341,0.9967202544212341
458,458,EXTERNAL_SAMPLE/0000458.png,restoration_poisoned,poisoned,1,1,1,4.866976261138916,4.866976261138916,0.0,0.6583952903747559,0.6583952903747559
459,459,EXTERNAL_SAMPLE/0000459.png,restoration_poisoned,poisoned,1,1,1,7.34790563583374,7.34790563583374,0.0,0.9662971496582031,0.9662971496582031
460,460,EXTERNAL_SAMPLE/0000460.png,restoration_poisoned,poisoned,1,1,1,7.494360446929932,7.494360446929932,0.0,0.9062859416007996,0.9062859416007996
461,461,EXTERNAL_SAMPLE/0000461.png,restoration_poisoned,poisoned,1,1,6,3.574463367462158,3.574463367462158,0.0,0.1777016818523407,0.1777016818523407
462,462,EXTERNAL_SAMPLE/0000462.png,restoration_poisoned,poisoned,1,1,1,14.64026165008545,14.64026165008545,0.0,0.9999728202819824,0.9999728202819824
463,463,EXTERNAL_SAMPLE/0000463.png,restoration_poisoned,poisoned,1,1,1,6.196633815765381,6.196633815765381,0.0,0.9203311800956726,0.9203311800956726
464,464,EXTERNAL_SAMPLE/0000464.png,restoration_poisoned,poisoned,1,1,1,16.50032615661621,16.50032615661621,0.0,0.9999805688858032,0.9999805688858032
465,465,EXTERNAL_SAMPLE/0000465.png,restoration_poisoned,poisoned,1,1,1,10.3106050491333,10.3106050491333,0.0,0.9969246983528137,0.9969246983528137
466,466,EXTERNAL_SAMPLE/0000466.png,restoration_poisoned,poisoned,1,1,4,0.868869960308075,0.868869960308075,0.0,0.005172146484255791,0.005172146484255791
467,467,EXTERNAL_SAMPLE/0000467.png,restoration_poisoned,poisoned,1,1,3,3.8132386207580566,3.8132386207580566,0.0,0.32940873503685,0.32940873503685
468,468,EXTERNAL_SAMPLE/0000468.png,restoration_poisoned,poisoned,1,1,1,16.514711380004883,16.514711380004883,0.0,0.999998927116394,0.999998927116394
469,469,EXTERNAL_SAMPLE/0000469.png,restoration_poisoned,poisoned,1,1,1,13.535639762878418,13.535639762878418,0.0,0.9999403953552246,0.9999403953552246
470,470,EXTERNAL_SAMPLE/0000470.png,restoration_poisoned,poisoned,1,1,3,2.3582797050476074,2.3582797050476074,0.0,0.1082799956202507,0.1082799956202507
471,471,EXTERNAL_SAMPLE/0000471.png,restoration_poisoned,poisoned,1,1,1,9.76413345336914,9.76413345336914,0.0,0.9813445806503296,0.9813445806503296
472,472,EXTERNAL_SAMPLE/0000472.png,restoration_poisoned,poisoned,1,1,1,7.525356769561768,7.525356769561768,0.0,0.9704478979110718,0.9704478979110718
473,473,EXTERNAL_SAMPLE/0000473.png,restoration_poisoned,poisoned,1,1,1,14.364563941955566,14.364563941955566,0.0,0.9999791383743286,0.9999791383743286
474,474,EXTERNAL_SAMPLE/0000474.png,restoration_poisoned,poisoned,1,1,1,15.04554271697998,15.04554271697998,0.0,0.9999899864196777,0.9999899864196777
475,475,EXTERNAL_SAMPLE/0000475.png,restoration_poisoned,poisoned,1,1,1,7.61830997467041,7.61830997467041,0.0,0.9694660902023315,0.9694660902023315
476,476,EXTERNAL_SAMPLE/0000476.png,restoration_poisoned,poisoned,1,1,1,5.824612140655518,5.824612140655518,0.0,0.870265543460846,0.870265543460846
477,477,EXTERNAL_SAMPLE/0000477.png,restoration_poisoned,poisoned,1,1,1,8.548048973083496,8.548048973083496,0.0,0.9926058053970337,0.9926058053970337
478,478,EXTERNAL_SAMPLE/0000478.png,restoration_poisoned,poisoned,1,1,6,1.36420738697052,1.36420738697052,0.0,0.013546784408390522,0.013546784408390522
479,479,EXTERNAL_SAMPLE/0000479.png,restoration_poisoned,poisoned,1,1,1,16.014171600341797,16.014171600341797,0.0,0.9999951124191284,0.9999951124191284
480,480,EXTERNAL_SAMPLE/0000480.png,restoration_poisoned,poisoned,1,1,1,7.912978172302246,7.912978172302246,0.0,0.9612456560134888,0.9612456560134888
481,481,EXTERNAL_SAMPLE/0000481.png,restoration_poisoned,poisoned,1,1,1,12.626096725463867,12.626096725463867,0.0,0.9998931884765625,0.9998931884765625
482,482,EXTERNAL_SAMPLE/0000482.png,restoration_poisoned,poisoned,1,1,3,2.0696849822998047,2.0696849822998047,0.0,0.03235168382525444,0.03235168382525444
483,483,EXTERNAL_SAMPLE/0000483.png,restoration_poisoned,poisoned,1,1,1,9.816792488098145,9.816792488098145,0.0,0.9941701889038086,0.9941701889038086
484,484,EXTERNAL_SAMPLE/0000484.png,restoration_poisoned,poisoned,1,1,1,7.626842498779297,7.626842498779297,0.0,0.9157065153121948,0.9157065153121948
485,485,EXTERNAL_SAMPLE/0000485.png,restoration_poisoned,poisoned,1,1,1,10.41710376739502,10.41710376739502,0.0,0.9984275102615356,0.9984275102615356
486,486,EXTERNAL_SAMPLE/0000486.png,restoration_poisoned,poisoned,1,1,3,4.224057674407959,4.224057674407959,0.0,0.42243409156799316,0.42243409156799316
487,487,EXTERNAL_SAMPLE/0000487.png,restoration_poisoned,poisoned,1,1,1,5.11207389831543,5.11207389831543,0.0,0.5822634100914001,0.5822634100914001
488,488,EXTERNAL_SAMPLE/0000488.png,restoration_poisoned,poisoned,1,1,1,10.063863754272461,10.063863754272461,0.0,0.9986703395843506,0.9986703395843506
489,489,EXTERNAL_SAMPLE/0000489.png,restoration_poisoned,poisoned,1,1,1,8.38202953338623,8.38202953338623,0.0,0.9854004979133606,0.9854004979133606
490,490,EXTERNAL_SAMPLE/0000490.png,restoration_poisoned,poisoned,1,1,1,13.10208511352539,13.10208511352539,0.0,0.9998729228973389,0.9998729228973389
491,491,EXTERNAL_SAMPLE/0000491.png,restoration_poisoned,poisoned,1,1,1,8.616257667541504,8.616257667541504,0.0,0.9919050931930542,0.9919050931930542
492,492,EXTERNAL_SAMPLE/0000492.png,restoration_poisoned,poisoned,1,1,1,11.731765747070312,11.731765747070312,0.0,0.9947959780693054,0.9947959780693054
493,493,EXTERNAL_SAMPLE/0000493.png,restoration_poisoned,poisoned,1,1,1,11.134984970092773,11.134984970092773,0.0,0.9996106028556824,0.9996106028556824
494,494,EXTERNAL_SAMPLE/0000494.png,restoration_poisoned,poisoned,1,1,1,9.524816513061523,9.524816513061523,0.0,0.9982280135154724,0.9982280135154724
495,495,EXTERNAL_SAMPLE/0000495.png,restoration_poisoned,poisoned,1,1,1,9.107666969299316,9.107666969299316,0.0,0.9949453473091125,0.9949453473091125
496,496,EXTERNAL_SAMPLE/0000496.png,restoration_poisoned,poisoned,1,1,1,14.875235557556152,14.875235557556152,0.0,0.9999933242797852,0.9999933242797852
497,497,EXTERNAL_SAMPLE/0000497.png,restoration_poisoned,poisoned,1,1,1,2.727044105529785,2.727044105529785,0.0,0.21650995314121246,0.21650995314121246
498,498,EXTERNAL_SAMPLE/0000498.png,restoration_poisoned,poisoned,1,1,1,11.958256721496582,11.958256721496582,0.0,0.999492883682251,0.999492883682251
499,499,EXTERNAL_SAMPLE/0000499.png,restoration_poisoned,poisoned,1,1,1,14.313408851623535,14.313408851623535,0.0,0.9999724626541138,0.9999724626541138
500,500,EXTERNAL_SAMPLE/0000500.png,restoration_poisoned,poisoned,1,1,1,13.047080993652344,13.047080993652344,0.0,0.9999480247497559,0.9999480247497559
501,501,EXTERNAL_SAMPLE/0000501.png,restoration_poisoned,poisoned,1,1,3,2.6378536224365234,2.6378536224365234,0.0,0.15426529943943024,0.15426529943943024
502,502,EXTERNAL_SAMPLE/0000502.png,restoration_poisoned,poisoned,1,1,1,7.246214389801025,7.246214389801025,0.0,0.9732378125190735,0.9732378125190735
503,503,EXTERNAL_SAMPLE/0000503.png,restoration_poisoned,poisoned,1,1,1,8.285622596740723,8.285622596740723,0.0,0.9868466258049011,0.9868466258049011
504,504,EXTERNAL_SAMPLE/0000504.png,restoration_poisoned,poisoned,1,1,1,11.145552635192871,11.145552635192871,0.0,0.9993742108345032,0.9993742108345032
505,505,EXTERNAL_SAMPLE/0000505.png,restoration_poisoned,poisoned,1,1,1,13.226318359375,13.226318359375,0.0,0.9999562501907349,0.9999562501907349
506,506,EXTERNAL_SAMPLE/0000506.png,restoration_poisoned,poisoned,1,1,1,6.596421241760254,6.596421241760254,0.0,0.6843564510345459,0.6843564510345459
507,507,EXTERNAL_SAMPLE/0000507.png,restoration_poisoned,poisoned,1,1,1,16.611886978149414,16.611886978149414,0.0,0.9999977350234985,0.9999977350234985
508,508,EXTERNAL_SAMPLE/0000508.png,restoration_poisoned,poisoned,1,1,1,8.619684219360352,8.619684219360352,0.0,0.987223744392395,0.987223744392395
509,509,EXTERNAL_SAMPLE/0000509.png,restoration_poisoned,poisoned,1,1,1,13.504755020141602,13.504755020141602,0.0,0.9999680519104004,0.9999680519104004
510,510,EXTERNAL_SAMPLE/0000510.png,restoration_poisoned,poisoned,1,1,3,4.538299083709717,4.538299083709717,0.0,0.18677851557731628,0.18677851557731628
511,511,EXTERNAL_SAMPLE/0000511.png,restoration_poisoned,poisoned,1,1,1,10.300182342529297,10.300182342529297,0.0,0.9968321919441223,0.9968321919441223
0,0,EXTERNAL_SAMPLE/0000000.png,degradation_restoration_clean,clean,0,1,0,2.921201229095459,8.814373970031738,-5.893172740936279,0.00273966696113348,0.9932765960693359
1,1,EXTERNAL_SAMPLE/0000001.png,degradation_restoration_clean,clean,0,1,0,1.1525636911392212,8.975854873657227,-7.823291301727295,0.0003973510174546391,0.9926281571388245
2,2,EXTERNAL_SAMPLE/0000002.png,degradation_restoration_clean,clean,0,1,0,-0.3890213966369629,13.64953899383545,-14.03856086730957,8.000368438842997e-07,0.9999527931213379
3,3,EXTERNAL_SAMPLE/0000003.png,degradation_restoration_clean,clean,0,1,0,0.36400914192199707,18.25988006591797,-17.895870208740234,1.6901381627576484e-08,0.9999996423721313
4,4,EXTERNAL_SAMPLE/0000004.png,degradation_restoration_clean,clean,0,1,5,1.0309135913848877,4.167730331420898,-3.1368167400360107,0.007943401113152504,0.1829400509595871
5,5,EXTERNAL_SAMPLE/0000005.png,degradation_restoration_clean,clean,0,1,0,2.2777132987976074,8.891894340515137,-6.614181041717529,0.0013348967768251896,0.9952908754348755
6,6,EXTERNAL_SAMPLE/0000006.png,degradation_restoration_clean,clean,0,1,0,1.4330241680145264,7.395962238311768,-5.96293830871582,0.002509156009182334,0.9754362106323242
7,7,EXTERNAL_SAMPLE/0000007.png,degradation_restoration_clean,clean,0,1,0,2.39164400100708,8.799239158630371,-6.407595157623291,0.0016126033151522279,0.9779368042945862
8,8,EXTERNAL_SAMPLE/0000008.png,degradation_restoration_clean,clean,0,1,0,4.493156909942627,9.665684700012207,-5.17252779006958,0.005605920217931271,0.9886605739593506
9,9,EXTERNAL_SAMPLE/0000009.png,degradation_restoration_clean,clean,0,1,0,1.1761455535888672,11.214083671569824,-10.037938117980957,4.369130692793988e-05,0.99957674741745
10,10,EXTERNAL_SAMPLE/0000010.png,degradation_restoration_clean,clean,0,1,0,1.9667893648147583,7.106525897979736,-5.139736652374268,0.0055120717734098434,0.9407498240470886
11,11,EXTERNAL_SAMPLE/0000011.png,degradation_restoration_clean,clean,0,1,1,4.562649250030518,4.396114826202393,0.166534423828125,0.46035313606262207,0.3897320330142975
12,12,EXTERNAL_SAMPLE/0000012.png,degradation_restoration_clean,clean,0,1,0,2.0831477642059326,6.495847225189209,-4.4126996994018555,0.010971729643642902,0.9050784111022949
13,13,EXTERNAL_SAMPLE/0000013.png,degradation_restoration_clean,clean,0,1,0,3.0897231101989746,8.661603927612305,-5.57188081741333,0.0037762823048979044,0.9928909540176392
14,14,EXTERNAL_SAMPLE/0000014.png,degradation_restoration_clean,clean,0,1,0,1.069193720817566,18.50390625,-17.43471336364746,2.6804030994753703e-08,0.9999998807907104
15,15,EXTERNAL_SAMPLE/0000015.png,degradation_restoration_clean,clean,0,1,0,0.5079601407051086,8.287569999694824,-7.779609680175781,0.0003940217138733715,0.9422404170036316
16,16,EXTERNAL_SAMPLE/0000016.png,degradation_restoration_clean,clean,0,1,7,0.844439685344696,3.7397940158843994,-2.8953542709350586,0.017470533028244972,0.31604036688804626
17,17,EXTERNAL_SAMPLE/0000017.png,degradation_restoration_clean,clean,0,1,0,1.3755035400390625,8.339459419250488,-6.963955879211426,0.0009331660694442689,0.9871122241020203
18,18,EXTERNAL_SAMPLE/0000018.png,degradation_restoration_clean,clean,0,1,0,1.173985242843628,11.128181457519531,-9.954195976257324,4.7493209422100335e-05,0.9992724061012268
19,19,EXTERNAL_SAMPLE/0000019.png,degradation_restoration_clean,clean,0,1,0,1.9837321043014526,6.789896488189697,-4.806164264678955,0.00749700702726841,0.9165972471237183
20,20,EXTERNAL_SAMPLE/0000020.png,degradation_restoration_clean,clean,0,1,0,0.29796087741851807,15.155052185058594,-14.857090950012207,3.5289451716380427e-07,0.9999942779541016
21,21,EXTERNAL_SAMPLE/0000021.png,degradation_restoration_clean,clean,0,1,3,1.637616515159607,3.0941100120544434,-1.4564934968948364,0.04840318486094475,0.20769259333610535
22,22,EXTERNAL_SAMPLE/0000022.png,degradation_restoration_clean,clean,0,1,0,0.055650629103183746,7.0989837646484375,-7.043333053588867,0.0008458144147880375,0.9686251878738403
23,23,EXTERNAL_SAMPLE/0000023.png,degradation_restoration_clean,clean,0,1,0,1.5316367149353027,12.335807800292969,-10.804170608520508,2.0312072592787445e-05,0.9998754262924194
24,24,EXTERNAL_SAMPLE/0000024.png,degradation_restoration_clean,clean,0,1,0,1.1648800373077393,8.698773384094238,-7.533893585205078,0.000525413837749511,0.9827202558517456
25,25,EXTERNAL_SAMPLE/0000025.png,degradation_restoration_clean,clean,0,1,0,0.506590723991394,12.604164123535156,-12.097573280334473,5.572026111622108e-06,0.9998214840888977
26,26,EXTERNAL_SAMPLE/0000026.png,degradation_restoration_clean,clean,0,1,3,1.6654996871948242,3.0983951091766357,-1.4328954219818115,0.043210793286561966,0.18108844757080078
27,27,EXTERNAL_SAMPLE/0000027.png,degradation_restoration_clean,clean,0,1,0,0.500022292137146,10.651026725769043,-10.151004791259766,3.899410512531176e-05,0.9989053010940552
28,28,EXTERNAL_SAMPLE/0000028.png,degradation_restoration_clean,clean,0,1,0,1.1910805702209473,12.81876277923584,-11.627681732177734,8.915175385482144e-06,0.9999260902404785
29,29,EXTERNAL_SAMPLE/0000029.png,degradation_restoration_clean,clean,0,1,0,0.04855828732252121,10.598780632019043,-10.550222396850586,2.6153296857955866e-05,0.9986879229545593
30,30,EXTERNAL_SAMPLE/0000030.png,degradation_restoration_clean,clean,0,1,0,1.055449366569519,16.026927947998047,-14.971478462219238,3.147520146740135e-07,0.999997615814209
31,31,EXTERNAL_SAMPLE/0000031.png,degradation_restoration_clean,clean,0,1,0,1.908516526222229,9.136639595031738,-7.228123188018799,0.0007222917629405856,0.9950540065765381
32,32,EXTERNAL_SAMPLE/0000032.png,degradation_restoration_clean,clean,0,1,0,2.143914222717285,8.255668640136719,-6.111754417419434,0.0021851130295544863,0.9857689738273621
33,33,EXTERNAL_SAMPLE/0000033.png,degradation_restoration_clean,clean,0,1,0,0.48803290724754333,9.319172859191895,-8.83113956451416,0.0001457702019251883,0.9976632595062256
34,34,EXTERNAL_SAMPLE/0000034.png,degradation_restoration_clean,clean,0,1,2,-0.818402886390686,4.9483418464660645,-5.766744613647461,0.0007724957540631294,0.24680928885936737
35,35,EXTERNAL_SAMPLE/0000035.png,degradation_restoration_clean,clean,0,1,0,2.7860171794891357,9.1093168258667,-6.323299407958984,0.0017862175591289997,0.9956538677215576
36,36,EXTERNAL_SAMPLE/0000036.png,degradation_restoration_clean,clean,0,1,0,-0.08933184295892715,12.424371719360352,-12.513703346252441,3.6756619010702707e-06,0.999925971031189
37,37,EXTERNAL_SAMPLE/0000037.png,degradation_restoration_clean,clean,0,1,0,1.5463030338287354,5.04292631149292,-3.4966232776641846,0.0178641676902771,0.5895857214927673
38,38,EXTERNAL_SAMPLE/0000038.png,degradation_restoration_clean,clean,0,1,0,-0.39904820919036865,13.66781234741211,-14.06686019897461,7.777044288559409e-07,0.9999408721923828
39,39,EXTERNAL_SAMPLE/0000039.png,degradation_restoration_clean,clean,0,1,0,3.329206943511963,13.760233879089355,-10.431026458740234,2.950141606561374e-05,0.999954104423523
40,40,EXTERNAL_SAMPLE/0000040.png,degradation_restoration_clean,clean,0,1,0,1.8424429893493652,9.735499382019043,-7.893056392669678,0.0003726411086972803,0.9981634020805359
41,41,EXTERNAL_SAMPLE/0000041.png,degradation_restoration_clean,clean,0,1,0,5.620107173919678,12.86190128326416,-7.241794109344482,0.0007154825143516064,0.9992409944534302
42,42,EXTERNAL_SAMPLE/0000042.png,degradation_restoration_clean,clean,0,1,0,3.126438617706299,18.133520126342773,-15.007081985473633,3.0374346238204453e-07,0.9999996423721313
43,43,EXTERNAL_SAMPLE/0000043.png,degradation_restoration_clean,clean,0,1,0,2.7873854637145996,10.89297866821289,-8.105592727661133,0.0003016736591234803,0.9994280934333801
44,44,EXTERNAL_SAMPLE/0000044.png,degradation_restoration_clean,clean,0,1,3,0.3129805028438568,4.32855224609375,-4.015571594238281,0.007047972176223993,0.3908451795578003
45,45,EXTERNAL_SAMPLE/0000045.png,degradation_restoration_clean,clean,0,1,0,1.3941981792449951,9.496661186218262,-8.102462768554688,0.00030210649129003286,0.9977343082427979
46,46,EXTERNAL_SAMPLE/0000046.png,degradation_restoration_clean,clean,0,1,0,-0.44686657190322876,10.984971046447754,-11.431838035583496,1.0834294698724989e-05,0.9990444779396057
47,47,EXTERNAL_SAMPLE/0000047.png,degradation_restoration_clean,clean,0,1,0,1.449499487876892,6.151057720184326,-4.7015581130981445,0.008068114519119263,0.8884496092796326
48,48,EXTERNAL_SAMPLE/0000048.png,degradation_restoration_clean,clean,0,1,0,2.818885564804077,10.350912094116211,-7.532026290893555,0.0005347584956325591,0.9983324408531189
49,49,EXTERNAL_SAMPLE/0000049.png,degradation_restoration_clean,clean,0,1,0,2.456003427505493,7.606842994689941,-5.150839805603027,0.005643692798912525,0.973967969417572
50,50,EXTERNAL_SAMPLE/0000050.png,degradation_restoration_clean,clean,0,1,0,0.3876688480377197,10.05395221710205,-9.66628360748291,6.156606832519174e-05,0.9713038206100464
51,51,EXTERNAL_SAMPLE/0000051.png,degradation_restoration_clean,clean,0,1,0,2.046327829360962,5.820016384124756,-3.773688554763794,0.01950913481414318,0.8494349122047424
52,52,EXTERNAL_SAMPLE/0000052.png,degradation_restoration_clean,clean,0,1,0,0.11123912781476974,11.575197219848633,-11.463957786560059,1.0499359632376581e-05,0.9997615218162537
53,53,EXTERNAL_SAMPLE/0000053.png,degradation_restoration_clean,clean,0,1,0,1.324209213256836,5.940350532531738,-4.616141319274902,0.009110787883400917,0.9211293458938599
54,54,EXTERNAL_SAMPLE/0000054.png,degradation_restoration_clean,clean,0,1,0,2.6842050552368164,6.067581653594971,-3.3833765983581543,0.031229441985487938,0.9203351140022278
55,55,EXTERNAL_SAMPLE/0000055.png,degradation_restoration_clean,clean,0,1,0,0.6514157652854919,17.588394165039062,-16.936979293823242,4.409234222180203e-08,0.9999995231628418
56,56,EXTERNAL_SAMPLE/0000056.png,degradation_restoration_clean,clean,0,1,0,2.762063980102539,6.63593053817749,-3.873866558074951,0.018396543338894844,0.8853909969329834
57,57,EXTERNAL_SAMPLE/0000057.png,degradation_restoration_clean,clean,0,1,0,2.5555965900421143,9.431256294250488,-6.875659942626953,0.0010292910737916827,0.9967801570892334
58,58,EXTERNAL_SAMPLE/0000058.png,degradation_restoration_clean,clean,0,1,0,2.0774617195129395,5.871963977813721,-3.7945022583007812,0.016231101006269455,0.7215713858604431
59,59,EXTERNAL_SAMPLE/0000059.png,degradation_restoration_clean,clean,0,1,0,0.9987402558326721,6.723006248474121,-5.724266052246094,0.003136060433462262,0.9602881669998169
60,60,EXTERNAL_SAMPLE/0000060.png,degradation_restoration_clean,clean,0,1,0,1.422382116317749,4.8557610511779785,-3.4333789348602295,0.01704988442361355,0.5282250046730042
61,61,EXTERNAL_SAMPLE/0000061.png,degradation_restoration_clean,clean,0,1,0,2.917335033416748,6.565950393676758,-3.6486153602600098,0.02056252397596836,0.7900416254997253
62,62,EXTERNAL_SAMPLE/0000062.png,degradation_restoration_clean,clean,0,1,0,1.4008879661560059,9.095895767211914,-7.695007801055908,0.0004540964728221297,0.9978093504905701
63,63,EXTERNAL_SAMPLE/0000063.png,degradation_restoration_clean,clean,0,1,0,3.1321585178375244,9.01321029663086,-5.881052017211914,0.0027565888594835997,0.9873712062835693
64,64,EXTERNAL_SAMPLE/0000064.png,degradation_restoration_clean,clean,0,1,0,1.7149741649627686,12.939398765563965,-11.224424362182617,1.3343349564820528e-05,0.999931812286377
65,65,EXTERNAL_SAMPLE/0000065.png,degradation_restoration_clean,clean,0,1,0,0.9797969460487366,16.994037628173828,-16.014240264892578,1.1094392249333396e-07,0.9999992847442627
66,66,EXTERNAL_SAMPLE/0000066.png,degradation_restoration_clean,clean,0,1,0,-0.09647313505411148,8.156745910644531,-8.253218650817871,0.0002575395628809929,0.9889429807662964
67,67,EXTERNAL_SAMPLE/0000067.png,degradation_restoration_clean,clean,0,1,0,4.043417930603027,4.403111934661865,-0.3596940040588379,0.31804728507995605,0.4557270407676697
68,68,EXTERNAL_SAMPLE/0000068.png,degradation_restoration_clean,clean,0,1,0,0.7864156365394592,15.433753967285156,-14.647337913513184,4.3525116666387476e-07,0.9999953508377075
69,69,EXTERNAL_SAMPLE/0000069.png,degradation_restoration_clean,clean,0,1,0,1.7343385219573975,9.498627662658691,-7.764288902282715,0.000423923775088042,0.9983333945274353
70,70,EXTERNAL_SAMPLE/0000070.png,degradation_restoration_clean,clean,0,1,0,2.0706052780151367,14.60633373260498,-12.535728454589844,3.5958180433226516e-06,0.99998939037323
71,71,EXTERNAL_SAMPLE/0000071.png,degradation_restoration_clean,clean,0,1,0,3.0115303993225098,4.71579647064209,-1.70426607131958,0.10903571546077728,0.5994074940681458
72,72,EXTERNAL_SAMPLE/0000072.png,degradation_restoration_clean,clean,0,1,0,0.04087712615728378,18.035884857177734,-17.99500846862793,1.530617943501511e-08,0.9999992847442627
73,73,EXTERNAL_SAMPLE/0000073.png,degradation_restoration_clean,clean,0,1,0,0.25736191868782043,14.497618675231934,-14.240256309509277,6.539299874930293e-07,0.9999908208847046
74,74,EXTERNAL_SAMPLE/0000074.png,degradation_restoration_clean,clean,0,1,0,1.64133620262146,7.566688060760498,-5.925352096557617,0.0025567880365997553,0.957287609577179
75,75,EXTERNAL_SAMPLE/0000075.png,degradation_restoration_clean,clean,0,1,0,-0.17982405424118042,11.205941200256348,-11.385765075683594,1.1349457054166123e-05,0.9994246959686279
76,76,EXTERNAL_SAMPLE/0000076.png,degradation_restoration_clean,clean,0,1,0,0.2279440462589264,19.955547332763672,-19.727603912353516,2.706515234152107e-09,1.0
77,77,EXTERNAL_SAMPLE/0000077.png,degradation_restoration_clean,clean,0,1,0,1.91383957862854,10.26874828338623,-8.35490894317627,0.00023502128897234797,0.9990749359130859
78,78,EXTERNAL_SAMPLE/0000078.png,degradation_restoration_clean,clean,0,1,0,1.2521014213562012,8.665220260620117,-7.413118839263916,0.0005959707195870578,0.9878739714622498
79,79,EXTERNAL_SAMPLE/0000079.png,degradation_restoration_clean,clean,0,1,0,0.4889652729034424,15.763083457946777,-15.274118423461914,2.3255898895513383e-07,0.999996542930603
80,80,EXTERNAL_SAMPLE/0000080.png,degradation_restoration_clean,clean,0,1,0,2.9316201210021973,8.591625213623047,-5.66000509262085,0.0034379083663225174,0.9871957302093506
81,81,EXTERNAL_SAMPLE/0000081.png,degradation_restoration_clean,clean,0,1,0,2.107680082321167,14.071715354919434,-11.964035034179688,6.369036782416515e-06,0.9999727010726929
82,82,EXTERNAL_SAMPLE/0000082.png,degradation_restoration_clean,clean,0,1,0,-0.017864815890789032,12.991181373596191,-13.00904655456543,2.239637524326099e-06,0.9998500347137451
83,83,EXTERNAL_SAMPLE/0000083.png,degradation_restoration_clean,clean,0,1,0,-0.2751702666282654,14.526975631713867,-14.802145957946777,3.728258377577731e-07,0.9999915361404419
84,84,EXTERNAL_SAMPLE/0000084.png,degradation_restoration_clean,clean,0,1,0,1.1376755237579346,11.717369079589844,-10.579693794250488,2.5421748432563618e-05,0.9997883439064026
85,85,EXTERNAL_SAMPLE/0000085.png,degradation_restoration_clean,clean,0,1,0,0.7240262031555176,11.177191734313965,-10.453165054321289,2.8844662665505894e-05,0.9995794892311096
86,86,EXTERNAL_SAMPLE/0000086.png,degradation_restoration_clean,clean,0,1,0,1.4666321277618408,8.451725006103516,-6.985093116760254,0.0009119222522713244,0.9852471351623535
87,87,EXTERNAL_SAMPLE/0000087.png,degradation_restoration_clean,clean,0,1,0,1.254272699356079,11.138999938964844,-9.884727478027344,5.092142600915395e-05,0.9995007514953613
88,88,EXTERNAL_SAMPLE/0000088.png,degradation_restoration_clean,clean,0,1,0,-0.21681270003318787,8.719182014465332,-8.935995101928711,0.00013009698886889964,0.9888277053833008
89,89,EXTERNAL_SAMPLE/0000089.png,degradation_restoration_clean,clean,0,1,0,2.460211992263794,8.204051971435547,-5.743840217590332,0.003132064826786518,0.978022575378418
90,90,EXTERNAL_SAMPLE/0000090.png,degradation_restoration_clean,clean,0,1,0,3.575745105743408,4.318469047546387,-0.7427239418029785,0.2753148674964905,0.5786161422729492
91,91,EXTERNAL_SAMPLE/0000091.png,degradation_restoration_clean,clean,0,1,0,2.243403673171997,7.976212501525879,-5.732809066772461,0.003025155048817396,0.9342754483222961
92,92,EXTERNAL_SAMPLE/0000092.png,degradation_restoration_clean,clean,0,1,0,2.109663724899292,3.5185415744781494,-1.4088778495788574,0.08590711653232574,0.35147708654403687
93,93,EXTERNAL_SAMPLE/0000093.png,degradation_restoration_clean,clean,0,1,0,1.6594388484954834,9.741040229797363,-8.0816011428833,0.000308297312585637,0.9971592426300049
94,94,EXTERNAL_SAMPLE/0000094.png,degradation_restoration_clean,clean,0,1,5,-0.7100465297698975,2.314241647720337,-3.0242881774902344,0.0042869895696640015,0.08822347968816757
95,95,EXTERNAL_SAMPLE/0000095.png,degradation_restoration_clean,clean,0,1,0,1.1129893064498901,4.301583290100098,-3.188593864440918,0.020451167598366737,0.49602869153022766
96,96,EXTERNAL_SAMPLE/0000096.png,degradation_restoration_clean,clean,0,1,0,1.0141668319702148,12.277186393737793,-11.263019561767578,1.2837436770496424e-05,0.9998745918273926
97,97,EXTERNAL_SAMPLE/0000097.png,degradation_restoration_clean,clean,0,1,0,3.5370726585388184,15.616690635681152,-12.079618453979492,5.673934538208414e-06,0.999990701675415
98,98,EXTERNAL_SAMPLE/0000098.png,degradation_restoration_clean,clean,0,1,0,0.9064679741859436,6.4284539222717285,-5.52198600769043,0.0037213631439954042,0.9308294653892517
99,99,EXTERNAL_SAMPLE/0000099.png,degradation_restoration_clean,clean,0,1,0,2.3324155807495117,7.167671203613281,-4.8352556228637695,0.006220266688615084,0.782949686050415
100,100,EXTERNAL_SAMPLE/0000100.png,degradation_restoration_clean,clean,0,1,0,0.7051809430122375,4.6837334632873535,-3.9785525798797607,0.009750479832291603,0.5210620164871216
101,101,EXTERNAL_SAMPLE/0000101.png,degradation_restoration_clean,clean,0,1,0,2.7350993156433105,3.6427791118621826,-0.9076797962188721,0.1305861622095108,0.3236662745475769
102,102,EXTERNAL_SAMPLE/0000102.png,degradation_restoration_clean,clean,0,1,0,0.8132801055908203,9.011089324951172,-8.197809219360352,0.00027230833075009286,0.9892913699150085
103,103,EXTERNAL_SAMPLE/0000103.png,degradation_restoration_clean,clean,0,1,0,0.7725455164909363,20.010801315307617,-19.238256454467773,4.415006582547676e-09,1.0
104,104,EXTERNAL_SAMPLE/0000104.png,degradation_restoration_clean,clean,0,1,0,1.089234709739685,9.072978973388672,-7.983744144439697,0.00033882309799082577,0.9937314391136169
105,105,EXTERNAL_SAMPLE/0000105.png,degradation_restoration_clean,clean,0,1,0,0.9222261309623718,15.464958190917969,-14.542732238769531,4.832481295125035e-07,0.9999966621398926
106,106,EXTERNAL_SAMPLE/0000106.png,degradation_restoration_clean,clean,0,1,0,0.903127133846283,9.277878761291504,-8.374752044677734,0.00022863506455905735,0.991405725479126
107,107,EXTERNAL_SAMPLE/0000107.png,degradation_restoration_clean,clean,0,1,0,0.8930417895317078,9.484968185424805,-8.591926574707031,0.00018530043598730117,0.9983957409858704
108,108,EXTERNAL_SAMPLE/0000108.png,degradation_restoration_clean,clean,0,1,0,0.737248957157135,14.114709854125977,-13.377460479736328,1.549626972519036e-06,0.9999641180038452
109,109,EXTERNAL_SAMPLE/0000109.png,degradation_restoration_clean,clean,0,1,0,3.363585948944092,7.6622538566589355,-4.298667907714844,0.012984986416995525,0.9557167887687683
110,110,EXTERNAL_SAMPLE/0000110.png,degradation_restoration_clean,clean,0,1,0,1.4863427877426147,9.752313613891602,-8.265971183776855,0.00025659988750703633,0.9979806542396545
111,111,EXTERNAL_SAMPLE/0000111.png,degradation_restoration_clean,clean,0,1,0,1.4388668537139893,6.779670715332031,-5.340804100036621,0.004499030765146017,0.9388597011566162
112,112,EXTERNAL_SAMPLE/0000112.png,degradation_restoration_clean,clean,0,1,0,1.0089404582977295,16.307783126831055,-15.298842430114746,2.268800471938448e-07,0.9999980926513672
113,113,EXTERNAL_SAMPLE/0000113.png,degradation_restoration_clean,clean,0,1,2,0.7906937599182129,1.698798418045044,-0.908104658126831,0.031462907791137695,0.0780160054564476
114,114,EXTERNAL_SAMPLE/0000114.png,degradation_restoration_clean,clean,0,1,8,2.725445032119751,4.906125545501709,-2.180680513381958,0.05067615583539009,0.44860199093818665
115,115,EXTERNAL_SAMPLE/0000115.png,degradation_restoration_clean,clean,0,1,0,0.9532817006111145,13.291584014892578,-12.338302612304688,4.3805148379760794e-06,0.9999582767486572
116,116,EXTERNAL_SAMPLE/0000116.png,degradation_restoration_clean,clean,0,1,0,4.255621433258057,5.3377685546875,-1.0821471214294434,0.14913026988506317,0.4400848150253296
117,117,EXTERNAL_SAMPLE/0000117.png,degradation_restoration_clean,clean,0,1,0,0.9936679005622864,8.338971138000488,-7.345303058624268,0.0006052091484889388,0.9374110102653503
118,118,EXTERNAL_SAMPLE/0000118.png,degradation_restoration_clean,clean,0,1,0,1.6187427043914795,11.34715747833252,-9.728414535522461,5.954723746981472e-05,0.9996739625930786
119,119,EXTERNAL_SAMPLE/0000119.png,degradation_restoration_clean,clean,0,1,0,3.2203683853149414,10.320226669311523,-7.099858283996582,0.000822011090349406,0.9961091876029968
120,120,EXTERNAL_SAMPLE/0000120.png,degradation_restoration_clean,clean,0,1,0,2.457915782928467,13.693302154541016,-11.23538589477539,1.3198162378103007e-05,0.9999529123306274
121,121,EXTERNAL_SAMPLE/0000121.png,degradation_restoration_clean,clean,0,1,0,3.0890965461730957,9.286406517028809,-6.197309970855713,0.0019943518564105034,0.9800750017166138
122,122,EXTERNAL_SAMPLE/0000122.png,degradation_restoration_clean,clean,0,1,0,0.41022592782974243,8.43773078918457,-8.027504920959473,0.0003180839994456619,0.9746370911598206
123,123,EXTERNAL_SAMPLE/0000123.png,degradation_restoration_clean,clean,0,1,0,1.577682375907898,12.470145225524902,-10.892462730407715,1.8594453649711795e-05,0.9998155236244202
124,124,EXTERNAL_SAMPLE/0000124.png,degradation_restoration_clean,clean,0,1,0,1.0935090780258179,6.748342990875244,-5.654833793640137,0.002802944974973798,0.8007144927978516
125,125,EXTERNAL_SAMPLE/0000125.png,degradation_restoration_clean,clean,0,1,0,1.951249122619629,11.71132755279541,-9.760078430175781,5.769295967184007e-05,0.9997029900550842
126,126,EXTERNAL_SAMPLE/0000126.png,degradation_restoration_clean,clean,0,1,0,-0.423467218875885,11.82990837097168,-12.253376007080078,4.767226528201718e-06,0.9996302127838135
127,127,EXTERNAL_SAMPLE/0000127.png,degradation_restoration_clean,clean,0,1,0,2.286750555038452,10.989191055297852,-8.70244026184082,0.00016595149645581841,0.9986262321472168
128,128,EXTERNAL_SAMPLE/0000128.png,degradation_restoration_clean,clean,0,1,0,2.109560966491699,11.905674934387207,-9.796113967895508,5.562293154071085e-05,0.9991993308067322
129,129,EXTERNAL_SAMPLE/0000129.png,degradation_restoration_clean,clean,0,1,0,1.9602535963058472,12.699946403503418,-10.739692687988281,2.1665042368113063e-05,0.9998821020126343
130,130,EXTERNAL_SAMPLE/0000130.png,degradation_restoration_clean,clean,0,1,0,1.0133519172668457,9.764127731323242,-8.750776290893555,0.00015792027988936752,0.997359573841095
131,131,EXTERNAL_SAMPLE/0000131.png,degradation_restoration_clean,clean,0,1,0,0.6761017441749573,11.98779010772705,-11.311688423156738,1.2227271326992195e-05,0.9998466968536377
132,132,EXTERNAL_SAMPLE/0000132.png,degradation_restoration_clean,clean,0,1,8,2.0415940284729004,1.623308539390564,0.4182854890823364,0.08171138167381287,0.05378032475709915
133,133,EXTERNAL_SAMPLE/0000133.png,degradation_restoration_clean,clean,0,1,0,3.108276844024658,7.225587844848633,-4.117311000823975,0.015069004148244858,0.9251453876495361
134,134,EXTERNAL_SAMPLE/0000134.png,degradation_restoration_clean,clean,0,1,0,0.8053835034370422,10.960089683532715,-10.154706001281738,3.8875416066730395e-05,0.9995576739311218
135,135,EXTERNAL_SAMPLE/0000135.png,degradation_restoration_clean,clean,0,1,0,1.755290150642395,9.134655952453613,-7.379365921020508,0.0006217621848918498,0.9964194297790527
136,136,EXTERNAL_SAMPLE/0000136.png,degradation_restoration_clean,clean,0,1,0,0.8589977622032166,10.862754821777344,-10.00375747680664,4.508558413363062e-05,0.9968145489692688
137,137,EXTERNAL_SAMPLE/0000137.png,degradation_restoration_clean,clean,0,1,0,1.717405080795288,13.579290390014648,-11.861885070800781,7.053977697069058e-06,0.9999661445617676
138,138,EXTERNAL_SAMPLE/0000138.png,degradation_restoration_clean,clean,0,1,0,0.25243479013442993,11.672205924987793,-11.419771194458008,1.0967182788590435e-05,0.9991683959960938
139,139,EXTERNAL_SAMPLE/0000139.png,degradation_restoration_clean,clean,0,1,0,0.45227205753326416,4.226756572723389,-3.774484634399414,0.01168142817914486,0.5090187788009644
140,140,EXTERNAL_SAMPLE/0000140.png,degradation_restoration_clean,clean,0,1,0,2.7008724212646484,8.607157707214355,-5.906285285949707,0.0026919946540147066,0.9888747930526733
141,141,EXTERNAL_SAMPLE/0000141.png,degradation_restoration_clean,clean,0,1,0,0.8710584044456482,4.346132755279541,-3.475074291229248,0.021087396889925003,0.6811277270317078
142,142,EXTERNAL_SAMPLE/0000142.png,degradation_restoration_clean,clean,0,1,0,0.4159812331199646,13.667603492736816,-13.251622200012207,1.75739262431307e-06,0.9999428987503052
143,143,EXTERNAL_SAMPLE/0000143.png,degradation_restoration_clean,clean,0,1,0,0.23564043641090393,9.512619972229004,-9.276979446411133,9.334595233667642e-05,0.9977838397026062
144,144,EXTERNAL_SAMPLE/0000144.png,degradation_restoration_clean,clean,0,1,0,1.4147472381591797,16.200660705566406,-14.785913467407227,3.7892928617111465e-07,0.9999972581863403
145,145,EXTERNAL_SAMPLE/0000145.png,degradation_restoration_clean,clean,0,1,0,3.28611421585083,7.0784759521484375,-3.7923617362976074,0.021580621600151062,0.9573388695716858
146,146,EXTERNAL_SAMPLE/0000146.png,degradation_restoration_clean,clean,0,1,2,1.3003947734832764,2.4550037384033203,-1.154608964920044,0.03383954241871834,0.10736552625894547
147,147,EXTERNAL_SAMPLE/0000147.png,degradation_restoration_clean,clean,0,1,0,3.2634294033050537,6.437430381774902,-3.1740009784698486,0.038918763399124146,0.9302724599838257
148,148,EXTERNAL_SAMPLE/0000148.png,degradation_restoration_clean,clean,0,1,0,4.021464824676514,5.365882873535156,-1.3444180488586426,0.16807350516319275,0.6447221636772156
149,149,EXTERNAL_SAMPLE/0000149.png,degradation_restoration_clean,clean,0,1,0,2.042161464691162,9.024197578430176,-6.982036113739014,0.0004651052295230329,0.5009691715240479
150,150,EXTERNAL_SAMPLE/0000150.png,degradation_restoration_clean,clean,0,1,0,2.1733694076538086,5.51024866104126,-3.336879253387451,0.029726333916187286,0.836237370967865
151,151,EXTERNAL_SAMPLE/0000151.png,degradation_restoration_clean,clean,0,1,9,-0.029851146042346954,1.8604117631912231,-1.8902629613876343,0.01477405522018671,0.09782063961029053
152,152,EXTERNAL_SAMPLE/0000152.png,degradation_restoration_clean,clean,0,1,0,0.5204299092292786,13.312234878540039,-12.791805267333984,2.783387571980711e-06,0.9999634027481079
153,153,EXTERNAL_SAMPLE/0000153.png,degradation_restoration_clean,clean,0,1,0,2.86776065826416,3.943283796310425,-1.0755231380462646,0.12632222473621368,0.37031689286231995
154,154,EXTERNAL_SAMPLE/0000154.png,degradation_restoration_clean,clean,0,1,0,2.912393093109131,7.760247707366943,-4.8478546142578125,0.007665861863642931,0.9771415591239929
155,155,EXTERNAL_SAMPLE/0000155.png,degradation_restoration_clean,clean,0,1,0,3.151766538619995,11.785368919372559,-8.633602142333984,0.00017794915765989572,0.9995895028114319
156,156,EXTERNAL_SAMPLE/0000156.png,degradation_restoration_clean,clean,0,1,0,2.6264889240264893,4.813176155090332,-2.1866872310638428,0.0722668468952179,0.643584132194519
157,157,EXTERNAL_SAMPLE/0000157.png,degradation_restoration_clean,clean,0,1,0,0.09187652170658112,11.353978157043457,-11.262101173400879,1.284677091462072e-05,0.999683141708374
158,158,EXTERNAL_SAMPLE/0000158.png,degradation_restoration_clean,clean,0,1,0,2.067688465118408,9.27960205078125,-7.211913585662842,0.000735629117116332,0.9971331357955933
159,159,EXTERNAL_SAMPLE/0000159.png,degradation_restoration_clean,clean,0,1,0,1.2717103958129883,5.116906642913818,-3.84519624710083,0.01696818135678768,0.7935655117034912
160,160,EXTERNAL_SAMPLE/0000160.png,degradation_restoration_clean,clean,0,1,0,0.5137758851051331,6.740894317626953,-6.227118492126465,0.0018525897758081555,0.9379560351371765
161,161,EXTERNAL_SAMPLE/0000161.png,degradation_restoration_clean,clean,0,1,0,1.4601362943649292,3.294454574584961,-1.8343182802200317,0.058202099055051804,0.3643954396247864
162,162,EXTERNAL_SAMPLE/0000162.png,degradation_restoration_clean,clean,0,1,3,2.1317954063415527,3.0781779289245605,-0.9463825225830078,0.09334297478199005,0.24048632383346558
163,163,EXTERNAL_SAMPLE/0000163.png,degradation_restoration_clean,clean,0,1,0,4.60287618637085,6.750008583068848,-2.147132396697998,0.08328860998153687,0.7129734754562378
164,164,EXTERNAL_SAMPLE/0000164.png,degradation_restoration_clean,clean,0,1,0,2.7653865814208984,8.895654678344727,-6.130268096923828,0.0021628409158438444,0.9939537644386292
165,165,EXTERNAL_SAMPLE/0000165.png,degradation_restoration_clean,clean,0,1,0,0.3974197506904602,6.7705512046813965,-6.373131275177002,0.0016350119840353727,0.9579364061355591
166,166,EXTERNAL_SAMPLE/0000166.png,degradation_restoration_clean,clean,0,1,8,1.1175419092178345,3.940990686416626,-2.823448657989502,0.013046474196016788,0.21963495016098022
167,167,EXTERNAL_SAMPLE/0000167.png,degradation_restoration_clean,clean,0,1,0,4.794186115264893,8.319626808166504,-3.5254406929016113,0.028272364288568497,0.9603765606880188
168,168,EXTERNAL_SAMPLE/0000168.png,degradation_restoration_clean,clean,0,1,0,1.6859889030456543,16.22595977783203,-14.539970397949219,4.845852572543663e-07,0.9999979734420776
169,169,EXTERNAL_SAMPLE/0000169.png,degradation_restoration_clean,clean,0,1,0,2.2268362045288086,6.342099666595459,-4.11526346206665,0.014261176809668541,0.8737587928771973
170,170,EXTERNAL_SAMPLE/0000170.png,degradation_restoration_clean,clean,0,1,0,4.6555047035217285,5.700650215148926,-1.0451455116271973,0.23710350692272186,0.6742778420448303
171,171,EXTERNAL_SAMPLE/0000171.png,degradation_restoration_clean,clean,0,1,0,0.5577641725540161,7.275153160095215,-6.717389106750488,0.001168420072644949,0.9658817648887634
172,172,EXTERNAL_SAMPLE/0000172.png,degradation_restoration_clean,clean,0,1,0,-0.07874039560556412,11.06971263885498,-11.148452758789062,1.4384969290404115e-05,0.9991264939308167
173,173,EXTERNAL_SAMPLE/0000173.png,degradation_restoration_clean,clean,0,1,0,3.4902610778808594,6.340873718261719,-2.8506126403808594,0.05197802186012268,0.899135410785675
174,174,EXTERNAL_SAMPLE/0000174.png,degradation_restoration_clean,clean,0,1,9,0.20490026473999023,2.727938175201416,-2.523037910461426,0.017820727080106735,0.22216051816940308
175,175,EXTERNAL_SAMPLE/0000175.png,degradation_restoration_clean,clean,0,1,0,1.1651570796966553,5.524238586425781,-4.359081268310547,0.006649730261415243,0.5199109315872192
176,176,EXTERNAL_SAMPLE/0000176.png,degradation_restoration_clean,clean,0,1,0,5.652751445770264,6.456484317779541,-0.8037328720092773,0.28804928064346313,0.6434628963470459
177,177,EXTERNAL_SAMPLE/0000177.png,degradation_restoration_clean,clean,0,1,0,1.4445322751998901,12.461434364318848,-11.016901969909668,1.6420079191448167e-05,0.9998962879180908
178,178,EXTERNAL_SAMPLE/0000178.png,degradation_restoration_clean,clean,0,1,0,2.516979694366455,13.030474662780762,-10.513494491577148,2.7165804567630403e-05,0.9999428987503052
179,179,EXTERNAL_SAMPLE/0000179.png,degradation_restoration_clean,clean,0,1,0,0.696919322013855,12.253111839294434,-11.556192398071289,9.574669093126431e-06,0.9998027682304382
180,180,EXTERNAL_SAMPLE/0000180.png,degradation_restoration_clean,clean,0,1,0,1.8268681764602661,8.983564376831055,-7.156696319580078,0.0007757524726912379,0.9950315952301025
181,181,EXTERNAL_SAMPLE/0000181.png,degradation_restoration_clean,clean,0,1,0,0.9458620548248291,12.516095161437988,-11.570233345031738,9.435639185539912e-06,0.9992169141769409
182,182,EXTERNAL_SAMPLE/0000182.png,degradation_restoration_clean,clean,0,1,0,1.1495692729949951,10.762117385864258,-9.612547874450684,6.683888204861432e-05,0.9993226528167725
183,183,EXTERNAL_SAMPLE/0000183.png,degradation_restoration_clean,clean,0,1,0,3.1897904872894287,15.921110153198242,-12.731319427490234,2.957033757411409e-06,0.9999954700469971
184,184,EXTERNAL_SAMPLE/0000184.png,degradation_restoration_clean,clean,0,1,0,1.0003703832626343,5.098299980163574,-4.09792947769165,0.013923116028308868,0.838387131690979
185,185,EXTERNAL_SAMPLE/0000185.png,degradation_restoration_clean,clean,0,1,0,2.199660301208496,4.65316915512085,-2.4535088539123535,0.062392979860305786,0.725572943687439
186,186,EXTERNAL_SAMPLE/0000186.png,degradation_restoration_clean,clean,0,1,0,1.6798852682113647,9.242939949035645,-7.56305456161499,0.000518022570759058,0.997565746307373
187,187,EXTERNAL_SAMPLE/0000187.png,degradation_restoration_clean,clean,0,1,0,0.4146299958229065,8.105788230895996,-7.691158294677734,0.0004530354926828295,0.9916532635688782
188,188,EXTERNAL_SAMPLE/0000188.png,degradation_restoration_clean,clean,0,1,0,0.8725099563598633,4.402284145355225,-3.5297741889953613,0.018767185509204865,0.6402662396430969
189,189,EXTERNAL_SAMPLE/0000189.png,degradation_restoration_clean,clean,0,1,5,1.2461607456207275,3.254920721054077,-2.0087599754333496,0.013465438038110733,0.10037226974964142
190,190,EXTERNAL_SAMPLE/0000190.png,degradation_restoration_clean,clean,0,1,0,1.3047559261322021,8.863973617553711,-7.55921745300293,0.0005165957845747471,0.9910083413124084
191,191,EXTERNAL_SAMPLE/0000191.png,degradation_restoration_clean,clean,0,1,0,1.0244168043136597,9.110156059265137,-8.085739135742188,0.000306439062114805,0.9952587485313416
192,192,EXTERNAL_SAMPLE/0000192.png,degradation_restoration_clean,clean,0,1,0,0.5168476104736328,8.225153923034668,-7.708306312561035,0.00044398807222023606,0.9886582493782043
193,193,EXTERNAL_SAMPLE/0000193.png,degradation_restoration_clean,clean,0,1,0,1.6141018867492676,10.485130310058594,-8.871028900146484,0.00014024943811818957,0.9989413619041443
194,194,EXTERNAL_SAMPLE/0000194.png,degradation_restoration_clean,clean,0,1,0,-0.11122781783342361,10.143558502197266,-10.254786491394043,3.514155832817778e-05,0.9986612796783447
195,195,EXTERNAL_SAMPLE/0000195.png,degradation_restoration_clean,clean,0,1,0,1.8444174528121948,7.007163047790527,-5.162745475769043,0.004338680300861597,0.7577213644981384
196,196,EXTERNAL_SAMPLE/0000196.png,degradation_restoration_clean,clean,0,1,0,1.8932719230651855,5.928865909576416,-4.0355939865112305,0.015211463905870914,0.860611617565155
197,197,EXTERNAL_SAMPLE/0000197.png,degradation_restoration_clean,clean,0,1,0,1.5496485233306885,11.477564811706543,-9.927916526794434,4.8776157200336456e-05,0.9996476173400879
198,198,EXTERNAL_SAMPLE/0000198.png,degradation_restoration_clean,clean,0,1,0,0.9951410293579102,10.668858528137207,-9.673717498779297,6.28806883469224e-05,0.9994462132453918
199,199,EXTERNAL_SAMPLE/0000199.png,degradation_restoration_clean,clean,0,1,0,0.8367888331413269,4.91803503036499,-4.081246376037598,0.012317933142185211,0.7294585704803467
200,200,EXTERNAL_SAMPLE/0000200.png,degradation_restoration_clean,clean,0,1,0,0.14178600907325745,7.99213171005249,-7.850345611572266,0.00038628774927929044,0.9914543628692627
201,201,EXTERNAL_SAMPLE/0000201.png,degradation_restoration_clean,clean,0,1,0,2.0882279872894287,6.115838050842285,-4.027609825134277,0.01633281446993351,0.916705310344696
202,202,EXTERNAL_SAMPLE/0000202.png,degradation_restoration_clean,clean,0,1,0,0.3563274145126343,13.625975608825684,-13.269648551940918,1.7258248590223957e-06,0.9998431205749512
203,203,EXTERNAL_SAMPLE/0000203.png,degradation_restoration_clean,clean,0,1,0,1.121012568473816,10.872344970703125,-9.75133228302002,5.8185309171676636e-05,0.9994547963142395
204,204,EXTERNAL_SAMPLE/0000204.png,degradation_restoration_clean,clean,0,1,0,2.077199697494507,6.623958110809326,-4.546758651733398,0.009935244917869568,0.9371535778045654
205,205,EXTERNAL_SAMPLE/0000205.png,degradation_restoration_clean,clean,0,1,0,1.8330528736114502,5.997930526733398,-4.164877891540527,0.012920921668410301,0.8319112062454224
206,206,EXTERNAL_SAMPLE/0000206.png,degradation_restoration_clean,clean,0,1,0,1.2378888130187988,22.025222778320312,-20.787334442138672,9.379407250875715e-10,1.0
207,207,EXTERNAL_SAMPLE/0000207.png,degradation_restoration_clean,clean,0,1,0,0.7443385720252991,6.619319915771484,-5.87498140335083,0.0026021043304353952,0.9263960719108582
208,208,EXTERNAL_SAMPLE/0000208.png,degradation_restoration_clean,clean,0,1,0,2.6188740730285645,10.34460163116455,-7.725727558135986,0.00044081921805627644,0.9988524913787842
209,209,EXTERNAL_SAMPLE/0000209.png,degradation_restoration_clean,clean,0,1,0,2.7732362747192383,4.259523868560791,-1.4862875938415527,0.1121969223022461,0.49598369002342224
210,210,EXTERNAL_SAMPLE/0000210.png,degradation_restoration_clean,clean,0,1,0,2.8948395252227783,6.644664764404297,-3.7498252391815186,0.019245212897658348,0.8181841969490051
211,211,EXTERNAL_SAMPLE/0000211.png,degradation_restoration_clean,clean,0,1,6,0.3631933927536011,4.282105445861816,-3.918911933898926,0.001700989785604179,0.0856374204158783
212,212,EXTERNAL_SAMPLE/0000212.png,degradation_restoration_clean,clean,0,1,3,2.3399178981781006,2.3168065547943115,0.023111343383789062,0.018673136830329895,0.018246525898575783
213,213,EXTERNAL_SAMPLE/0000213.png,degradation_restoration_clean,clean,0,1,0,1.8388957977294922,7.3395304679870605,-5.500634670257568,0.0039620003663003445,0.9700849652290344
214,214,EXTERNAL_SAMPLE/0000214.png,degradation_restoration_clean,clean,0,1,0,1.3066126108169556,15.404585838317871,-14.097972869873047,7.539221655861184e-07,0.9999961853027344
215,215,EXTERNAL_SAMPLE/0000215.png,degradation_restoration_clean,clean,0,1,0,1.0637186765670776,6.446794033050537,-5.38307523727417,0.004381267819553614,0.9537612795829773
216,216,EXTERNAL_SAMPLE/0000216.png,degradation_restoration_clean,clean,0,1,0,0.6676456928253174,15.398998260498047,-14.731352806091309,4.0017704350248096e-07,0.9999940395355225
217,217,EXTERNAL_SAMPLE/0000217.png,degradation_restoration_clean,clean,0,1,0,0.011462651193141937,8.706019401550293,-8.694557189941406,0.00016680965200066566,0.9959083795547485
218,218,EXTERNAL_SAMPLE/0000218.png,degradation_restoration_clean,clean,0,1,0,0.862975537776947,11.212797164916992,-10.349822044372559,3.1924471841193736e-05,0.9976871013641357
219,219,EXTERNAL_SAMPLE/0000219.png,degradation_restoration_clean,clean,0,1,0,1.6965694427490234,9.181707382202148,-7.485137939453125,0.0005596188129857183,0.9968881011009216
220,220,EXTERNAL_SAMPLE/0000220.png,degradation_restoration_clean,clean,0,1,0,0.9493582248687744,10.37635326385498,-9.426995277404785,8.043352863751352e-05,0.9989163875579834
221,221,EXTERNAL_SAMPLE/0000221.png,degradation_restoration_clean,clean,0,1,0,1.568314552307129,5.719027042388916,-4.150712490081787,0.012555248104035854,0.7969972491264343
222,222,EXTERNAL_SAMPLE/0000222.png,degradation_restoration_clean,clean,0,1,0,0.2081243395805359,12.432389259338379,-12.224265098571777,4.90921820528456e-06,0.9998692274093628
223,223,EXTERNAL_SAMPLE/0000223.png,degradation_restoration_clean,clean,0,1,0,0.9812073707580566,5.722026824951172,-4.740819454193115,0.007451522629708052,0.8534080982208252
224,224,EXTERNAL_SAMPLE/0000224.png,degradation_restoration_clean,clean,0,1,0,1.1266803741455078,3.3724498748779297,-2.245769500732422,0.03808701038360596,0.3598339855670929
225,225,EXTERNAL_SAMPLE/0000225.png,degradation_restoration_clean,clean,0,1,0,0.695734977722168,6.295680522918701,-5.599945545196533,0.0020884156692773104,0.564732015132904
226,226,EXTERNAL_SAMPLE/0000226.png,degradation_restoration_clean,clean,0,1,0,0.2984350323677063,6.329493045806885,-6.031057834625244,0.0022308239713311195,0.9283686280250549
227,227,EXTERNAL_SAMPLE/0000227.png,degradation_restoration_clean,clean,0,1,0,0.599629282951355,17.197093963623047,-16.59746551513672,6.19170350546483e-08,0.9999951124191284
228,228,EXTERNAL_SAMPLE/0000228.png,degradation_restoration_clean,clean,0,1,0,1.649843454360962,10.169022560119629,-8.519179344177246,0.00019897904712706804,0.9968733191490173
229,229,EXTERNAL_SAMPLE/0000229.png,degradation_restoration_clean,clean,0,1,0,1.2811533212661743,6.075162410736084,-4.794009208679199,0.006915063597261906,0.8352335691452026
230,230,EXTERNAL_SAMPLE/0000230.png,degradation_restoration_clean,clean,0,1,0,1.346407413482666,9.452905654907227,-8.106498718261719,0.0002982352743856609,0.9889326095581055
231,231,EXTERNAL_SAMPLE/0000231.png,degradation_restoration_clean,clean,0,1,0,2.6078548431396484,4.4880805015563965,-1.880225658416748,0.09933865070343018,0.6511632800102234
232,232,EXTERNAL_SAMPLE/0000232.png,degradation_restoration_clean,clean,0,1,0,0.5283331274986267,7.560216426849365,-7.031883239746094,0.0008456769282929599,0.9574422240257263
233,233,EXTERNAL_SAMPLE/0000233.png,degradation_restoration_clean,clean,0,1,0,0.6342893838882446,10.026322364807129,-9.392032623291016,8.330727723659948e-05,0.9990584254264832
234,234,EXTERNAL_SAMPLE/0000234.png,degradation_restoration_clean,clean,0,1,0,1.7392526865005493,4.197418689727783,-2.4581661224365234,0.05094262585043907,0.5951813459396362
235,235,EXTERNAL_SAMPLE/0000235.png,degradation_restoration_clean,clean,0,1,0,3.0560877323150635,7.772151470184326,-4.716063499450684,0.008760486729443073,0.9787879586219788
236,236,EXTERNAL_SAMPLE/0000236.png,degradation_restoration_clean,clean,0,1,0,0.43102771043777466,3.92144513130188,-3.49041748046875,0.01686120219528675,0.5530412793159485
237,237,EXTERNAL_SAMPLE/0000237.png,degradation_restoration_clean,clean,0,1,0,0.10063604265451431,14.429067611694336,-14.328431129455566,5.987317877043097e-07,0.9999790191650391
238,238,EXTERNAL_SAMPLE/0000238.png,degradation_restoration_clean,clean,0,1,0,0.8043856024742126,5.285118103027344,-4.480732440948486,0.008707098662853241,0.7688308954238892
239,239,EXTERNAL_SAMPLE/0000239.png,degradation_restoration_clean,clean,0,1,0,0.6196255683898926,4.661289691925049,-4.041664123535156,0.008935616351664066,0.5086240768432617
240,240,EXTERNAL_SAMPLE/0000240.png,degradation_restoration_clean,clean,0,1,0,3.3731327056884766,8.569775581359863,-5.196642875671387,0.005447966046631336,0.9842551946640015
241,241,EXTERNAL_SAMPLE/0000241.png,degradation_restoration_clean,clean,0,1,0,1.2996141910552979,5.756584644317627,-4.45697021484375,0.009260695427656174,0.7985114455223083
242,242,EXTERNAL_SAMPLE/0000242.png,degradation_restoration_clean,clean,0,1,0,0.5034754276275635,11.786286354064941,-11.282811164855957,1.2584329851961229e-05,0.999752938747406
243,243,EXTERNAL_SAMPLE/0000243.png,degradation_restoration_clean,clean,0,1,0,1.0591670274734497,9.74298095703125,-8.68381404876709,0.00016908213729038835,0.9986889958381653
244,244,EXTERNAL_SAMPLE/0000244.png,degradation_restoration_clean,clean,0,1,0,2.3563666343688965,8.150785446166992,-5.794418811798096,0.003007569583132863,0.9878700375556946
245,245,EXTERNAL_SAMPLE/0000245.png,degradation_restoration_clean,clean,0,1,1,9.27801513671875,-0.41553983092308044,9.693554878234863,0.9975326061248779,6.152756395749748e-05
246,246,EXTERNAL_SAMPLE/0000246.png,degradation_restoration_clean,clean,0,1,0,0.3946385681629181,6.296444892883301,-5.901806354522705,0.002002008957788348,0.7321295738220215
247,247,EXTERNAL_SAMPLE/0000247.png,degradation_restoration_clean,clean,0,1,0,1.387810230255127,9.927434921264648,-8.53962516784668,0.0001951693557202816,0.9979842901229858
248,248,EXTERNAL_SAMPLE/0000248.png,degradation_restoration_clean,clean,0,1,0,0.9578942060470581,11.881993293762207,-10.92409896850586,1.7997035683947615e-05,0.9987961053848267
249,249,EXTERNAL_SAMPLE/0000249.png,degradation_restoration_clean,clean,0,1,0,1.4127962589263916,7.797451496124268,-6.384654998779297,0.0014839464565739036,0.8795056343078613
250,250,EXTERNAL_SAMPLE/0000250.png,degradation_restoration_clean,clean,0,1,2,2.3758227825164795,4.329975605010986,-1.9541528224945068,0.05383982136845589,0.3799980878829956
251,251,EXTERNAL_SAMPLE/0000251.png,degradation_restoration_clean,clean,0,1,9,1.2701754570007324,1.2533535957336426,0.016821861267089844,0.011399324983358383,0.011209169402718544
252,252,EXTERNAL_SAMPLE/0000252.png,degradation_restoration_clean,clean,0,1,0,1.5598952770233154,6.254358291625977,-4.694462776184082,0.006866898387670517,0.7508270740509033
253,253,EXTERNAL_SAMPLE/0000253.png,degradation_restoration_clean,clean,0,1,0,1.2493609189987183,15.419129371643066,-14.169768333435059,7.016889185251785e-07,0.9999927282333374
254,254,EXTERNAL_SAMPLE/0000254.png,degradation_restoration_clean,clean,0,1,0,2.0422756671905518,6.199527263641357,-4.157251358032227,0.014342032372951508,0.9163935780525208
255,255,EXTERNAL_SAMPLE/0000255.png,degradation_restoration_clean,clean,0,1,0,0.7547838091850281,9.536641120910645,-8.78185749053955,0.00015311942843254656,0.9975680708885193
256,256,EXTERNAL_SAMPLE/0000256.png,degradation_restoration_clean,clean,0,1,0,1.8662781715393066,4.490011692047119,-2.6237335205078125,0.03809230402112007,0.5251824259757996
257,257,EXTERNAL_SAMPLE/0000257.png,degradation_restoration_clean,clean,0,1,0,1.4968993663787842,4.201444149017334,-2.70454478263855,0.04575799033045769,0.6839680671691895
258,258,EXTERNAL_SAMPLE/0000258.png,degradation_restoration_clean,clean,0,1,0,2.848147392272949,6.808694839477539,-3.96054744720459,0.01764679327607155,0.9262104034423828
259,259,EXTERNAL_SAMPLE/0000259.png,degradation_restoration_clean,clean,0,1,0,4.413457870483398,5.125488758087158,-0.7120308876037598,0.2738941013813019,0.5582307577133179
260,260,EXTERNAL_SAMPLE/0000260.png,degradation_restoration_clean,clean,0,1,0,1.2740486860275269,2.8690426349639893,-1.5949939489364624,0.05690041929483414,0.28042227029800415
261,261,EXTERNAL_SAMPLE/0000261.png,degradation_restoration_clean,clean,0,1,0,1.8846709728240967,6.105957508087158,-4.221286773681641,0.013705356977880001,0.9336236715316772
262,262,EXTERNAL_SAMPLE/0000262.png,degradation_restoration_clean,clean,0,1,0,0.027150966227054596,11.220576286315918,-11.193425178527832,1.3759634384769015e-05,0.9996539354324341
263,263,EXTERNAL_SAMPLE/0000263.png,degradation_restoration_clean,clean,0,1,0,3.2623419761657715,13.00542163848877,-9.743080139160156,5.8686695410870016e-05,0.9997826218605042
264,264,EXTERNAL_SAMPLE/0000264.png,degradation_restoration_clean,clean,0,1,0,2.5660300254821777,11.685417175292969,-9.119386672973633,0.00010948799172183499,0.9996911287307739
265,265,EXTERNAL_SAMPLE/0000265.png,degradation_restoration_clean,clean,0,1,0,1.2194069623947144,8.335543632507324,-7.11613655090332,0.0008011868922039866,0.9868080019950867
266,266,EXTERNAL_SAMPLE/0000266.png,degradation_restoration_clean,clean,0,1,0,2.6226425170898438,11.2899169921875,-8.667274475097656,0.00017197649867739528,0.9991220831871033
267,267,EXTERNAL_SAMPLE/0000267.png,degradation_restoration_clean,clean,0,1,0,-1.524788737297058,17.951404571533203,-19.476192474365234,3.4801383996807544e-09,0.9999986886978149
268,268,EXTERNAL_SAMPLE/0000268.png,degradation_restoration_clean,clean,0,1,0,1.0651365518569946,6.50314998626709,-5.438013553619385,0.003962866961956024,0.9113994240760803
269,269,EXTERNAL_SAMPLE/0000269.png,degradation_restoration_clean,clean,0,1,3,0.5321440100669861,2.9825100898742676,-2.4503660202026367,0.014692339114844799,0.1703222543001175
270,270,EXTERNAL_SAMPLE/0000270.png,degradation_restoration_clean,clean,0,1,0,0.06448066234588623,11.648828506469727,-11.58434772491455,9.300868441641796e-06,0.9989455342292786
271,271,EXTERNAL_SAMPLE/0000271.png,degradation_restoration_clean,clean,0,1,0,0.4453614056110382,13.758172035217285,-13.312810897827148,1.653118147260102e-06,0.9999635219573975
272,272,EXTERNAL_SAMPLE/0000272.png,degradation_restoration_clean,clean,0,1,0,2.904571294784546,8.452413558959961,-5.547842025756836,0.0038546996656805277,0.9894360303878784
273,273,EXTERNAL_SAMPLE/0000273.png,degradation_restoration_clean,clean,0,1,0,-0.011776961386203766,11.461450576782227,-11.473227500915527,1.0402348380011972e-05,0.9997485280036926
274,274,EXTERNAL_SAMPLE/0000274.png,degradation_restoration_clean,clean,0,1,3,1.3631312847137451,4.472078323364258,-3.1089470386505127,0.016457950696349144,0.36861610412597656
275,275,EXTERNAL_SAMPLE/0000275.png,degradation_restoration_clean,clean,0,1,0,0.7302944660186768,8.192604064941406,-7.462309837341309,0.0005668408703058958,0.98696368932724
276,276,EXTERNAL_SAMPLE/0000276.png,degradation_restoration_clean,clean,0,1,0,1.6784207820892334,7.053125381469727,-5.374704360961914,0.003668841440230608,0.792015016078949
277,277,EXTERNAL_SAMPLE/0000277.png,degradation_restoration_clean,clean,0,1,0,1.0204600095748901,4.059886932373047,-3.039426803588867,0.027343450114130974,0.5712939500808716
278,278,EXTERNAL_SAMPLE/0000278.png,degradation_restoration_clean,clean,0,1,0,0.16531965136528015,8.785429000854492,-8.620109558105469,0.0001792419352568686,0.9933577179908752
279,279,EXTERNAL_SAMPLE/0000279.png,degradation_restoration_clean,clean,0,1,0,1.0362498760223389,5.14365816116333,-4.10740852355957,0.01206586416810751,0.7334716320037842
280,280,EXTERNAL_SAMPLE/0000280.png,degradation_restoration_clean,clean,0,1,0,1.6194852590560913,4.555834770202637,-2.936349391937256,0.036537811160087585,0.6886250972747803
281,281,EXTERNAL_SAMPLE/0000281.png,degradation_restoration_clean,clean,0,1,0,0.9911630749702454,14.344118118286133,-13.352954864501953,1.5880974615356536e-06,0.9999810457229614
282,282,EXTERNAL_SAMPLE/0000282.png,degradation_restoration_clean,clean,0,1,0,1.788904070854187,8.961294174194336,-7.172389984130859,0.0007046732935123146,0.9181574583053589
283,283,EXTERNAL_SAMPLE/0000283.png,degradation_restoration_clean,clean,0,1,0,1.6526976823806763,12.94044017791748,-11.287742614746094,1.2524257726909127e-05,0.9998993873596191
284,284,EXTERNAL_SAMPLE/0000284.png,degradation_restoration_clean,clean,0,1,1,6.266116619110107,5.1995368003845215,1.066579818725586,0.718609094619751,0.24733352661132812
285,285,EXTERNAL_SAMPLE/0000285.png,degradation_restoration_clean,clean,0,1,0,3.2295408248901367,6.834404468536377,-3.6048636436462402,0.025711122900247574,0.9455693364143372
286,286,EXTERNAL_SAMPLE/0000286.png,degradation_restoration_clean,clean,0,1,0,0.07814467698335648,8.899575233459473,-8.821430206298828,0.00014710426330566406,0.9970656037330627
287,287,EXTERNAL_SAMPLE/0000287.png,degradation_restoration_clean,clean,0,1,0,0.9298629760742188,19.85492706298828,-18.925064086914062,6.0387783662463335e-09,1.0
288,288,EXTERNAL_SAMPLE/0000288.png,degradation_restoration_clean,clean,0,1,0,0.6595569252967834,4.178347587585449,-3.5187907218933105,0.01872214674949646,0.631752610206604
289,289,EXTERNAL_SAMPLE/0000289.png,degradation_restoration_clean,clean,0,1,0,1.8215391635894775,19.9388427734375,-18.1173038482666,1.354424661315079e-08,0.9999998807907104
290,290,EXTERNAL_SAMPLE/0000290.png,degradation_restoration_clean,clean,0,1,0,0.452466756105423,10.308687210083008,-9.856220245361328,5.233450428931974e-05,0.9983668923377991
291,291,EXTERNAL_SAMPLE/0000291.png,degradation_restoration_clean,clean,0,1,0,0.12521803379058838,10.921609878540039,-10.796391487121582,2.046448935288936e-05,0.999572217464447
292,292,EXTERNAL_SAMPLE/0000292.png,degradation_restoration_clean,clean,0,1,0,1.6267380714416504,7.650181293487549,-6.023443222045898,0.0023876649793237448,0.9861013293266296
293,293,EXTERNAL_SAMPLE/0000293.png,degradation_restoration_clean,clean,0,1,0,0.7978149056434631,3.643075704574585,-2.8452608585357666,0.022415664047002792,0.3856849670410156
294,294,EXTERNAL_SAMPLE/0000294.png,degradation_restoration_clean,clean,0,1,0,1.8675205707550049,7.721798419952393,-5.854277610778809,0.002803974784910679,0.9778101444244385
295,295,EXTERNAL_SAMPLE/0000295.png,degradation_restoration_clean,clean,0,1,0,1.7186784744262695,6.124350070953369,-4.4056715965271,0.01090310513973236,0.8931184411048889
296,296,EXTERNAL_SAMPLE/0000296.png,degradation_restoration_clean,clean,0,1,0,1.5135576725006104,20.500179290771484,-18.986621856689453,5.6782551993705965e-09,1.0
297,297,EXTERNAL_SAMPLE/0000297.png,degradation_restoration_clean,clean,0,1,6,-0.4793190360069275,5.635571479797363,-6.1148905754089355,0.0007912404253147542,0.3580731153488159
298,298,EXTERNAL_SAMPLE/0000298.png,degradation_restoration_clean,clean,0,1,0,1.3356029987335205,10.707597732543945,-9.371994972229004,8.499704563291743e-05,0.9991014003753662
299,299,EXTERNAL_SAMPLE/0000299.png,degradation_restoration_clean,clean,0,1,0,1.9405748844146729,8.483953475952148,-6.543378829956055,0.0014207903295755386,0.9869230389595032
300,300,EXTERNAL_SAMPLE/0000300.png,degradation_restoration_clean,clean,0,1,1,6.622199535369873,3.643897533416748,2.978302001953125,0.7930262684822083,0.04034850373864174
301,301,EXTERNAL_SAMPLE/0000301.png,degradation_restoration_clean,clean,0,1,0,0.9557655453681946,10.941006660461426,-9.985240936279297,4.604769128491171e-05,0.9994082450866699
302,302,EXTERNAL_SAMPLE/0000302.png,degradation_restoration_clean,clean,0,1,0,0.7116414308547974,7.33219051361084,-6.620549201965332,0.0013044718652963638,0.9788196682929993
303,303,EXTERNAL_SAMPLE/0000303.png,degradation_restoration_clean,clean,0,1,0,0.7323042154312134,8.783458709716797,-8.051154136657715,0.00031655182829126716,0.9931540489196777
304,304,EXTERNAL_SAMPLE/0000304.png,degradation_restoration_clean,clean,0,1,0,1.3627482652664185,10.626764297485352,-9.264016151428223,9.465327457292005e-05,0.9987269043922424
305,305,EXTERNAL_SAMPLE/0000305.png,degradation_restoration_clean,clean,0,1,0,1.3320196866989136,3.753108263015747,-2.421088695526123,0.03767500817775726,0.42414936423301697
306,306,EXTERNAL_SAMPLE/0000306.png,degradation_restoration_clean,clean,0,1,0,1.3589940071105957,6.710238933563232,-5.351244926452637,0.004453173838555813,0.9390437006950378
307,307,EXTERNAL_SAMPLE/0000307.png,degradation_restoration_clean,clean,0,1,0,0.2460802048444748,11.9548978805542,-11.708817481994629,8.219493793149013e-06,0.9998156428337097
308,308,EXTERNAL_SAMPLE/0000308.png,degradation_restoration_clean,clean,0,1,0,1.4237127304077148,12.232587814331055,-10.80887508392334,2.0217092242091894e-05,0.9998929500579834
309,309,EXTERNAL_SAMPLE/0000309.png,degradation_restoration_clean,clean,0,1,0,2.5121326446533203,6.849594593048096,-4.337461948394775,0.012460917234420776,0.9534233808517456
310,310,EXTERNAL_SAMPLE/0000310.png,degradation_restoration_clean,clean,0,1,0,1.3656845092773438,8.988202095031738,-7.6225175857543945,0.0004857337917201221,0.992694616317749
311,311,EXTERNAL_SAMPLE/0000311.png,degradation_restoration_clean,clean,0,1,0,1.228128433227539,11.681843757629395,-10.453715324401855,2.8829555958509445e-05,0.9996059536933899
312,312,EXTERNAL_SAMPLE/0000312.png,degradation_restoration_clean,clean,0,1,0,1.3340709209442139,4.8250732421875,-3.491002321243286,0.017216864973306656,0.5650373101234436
313,313,EXTERNAL_SAMPLE/0000313.png,degradation_restoration_clean,clean,0,1,0,3.570470094680786,14.590017318725586,-11.019547462463379,1.63780314323958e-05,0.9999778270721436
314,314,EXTERNAL_SAMPLE/0000314.png,degradation_restoration_clean,clean,0,1,3,4.392574310302734,3.962103843688965,0.43047046661376953,0.17084980010986328,0.11108707636594772
315,315,EXTERNAL_SAMPLE/0000315.png,degradation_restoration_clean,clean,0,1,0,1.9496926069259644,8.894110679626465,-6.944417953491211,0.0009554268908686936,0.9911053776741028
316,316,EXTERNAL_SAMPLE/0000316.png,degradation_restoration_clean,clean,0,1,0,-0.28708839416503906,10.713849067687988,-11.000937461853027,1.6658834283589385e-05,0.9983689188957214
317,317,EXTERNAL_SAMPLE/0000317.png,degradation_restoration_clean,clean,0,1,0,3.4365930557250977,7.418277263641357,-3.9816842079162598,0.018018625676631927,0.9659289717674255
318,318,EXTERNAL_SAMPLE/0000318.png,degradation_restoration_clean,clean,0,1,0,-0.31368058919906616,10.091446876525879,-10.40512752532959,3.021394513780251e-05,0.9979227185249329
319,319,EXTERNAL_SAMPLE/0000319.png,degradation_restoration_clean,clean,0,1,0,0.8774821758270264,9.573263168334961,-8.695780754089355,0.0001666036550886929,0.9958963394165039
320,320,EXTERNAL_SAMPLE/0000320.png,degradation_restoration_clean,clean,0,1,8,1.282831072807312,2.220872640609741,-0.9380415678024292,0.057613030076026917,0.14719973504543304
321,321,EXTERNAL_SAMPLE/0000321.png,degradation_restoration_clean,clean,0,1,0,1.2935806512832642,15.29283618927002,-13.999255180358887,8.321443942804763e-07,0.9999953508377075
322,322,EXTERNAL_SAMPLE/0000322.png,degradation_restoration_clean,clean,0,1,1,3.971517562866211,3.545668601989746,0.42584896087646484,0.40635645389556885,0.26543813943862915
323,323,EXTERNAL_SAMPLE/0000323.png,degradation_restoration_clean,clean,0,1,0,1.916513204574585,14.037843704223633,-12.121330261230469,5.442031124403002e-06,0.9999721050262451
324,324,EXTERNAL_SAMPLE/0000324.png,degradation_restoration_clean,clean,0,1,0,0.554898738861084,18.4494571685791,-17.89455795288086,1.692357542992795e-08,0.9999997615814209
325,325,EXTERNAL_SAMPLE/0000325.png,degradation_restoration_clean,clean,0,1,0,1.4174304008483887,11.547333717346191,-10.129903793334961,3.985887815360911e-05,0.9997383952140808
326,326,EXTERNAL_SAMPLE/0000326.png,degradation_restoration_clean,clean,0,1,0,1.1187269687652588,8.277422904968262,-7.158696174621582,0.0007700952119193971,0.9897526502609253
327,327,EXTERNAL_SAMPLE/0000327.png,degradation_restoration_clean,clean,0,1,0,1.9700273275375366,6.077088832855225,-4.107061386108398,0.011498370207846165,0.6987316012382507
328,328,EXTERNAL_SAMPLE/0000328.png,degradation_restoration_clean,clean,0,1,0,0.39496541023254395,4.861818313598633,-4.466853141784668,0.006042784079909325,0.5262192487716675
329,329,EXTERNAL_SAMPLE/0000329.png,degradation_restoration_clean,clean,0,1,0,1.0645331144332886,12.072778701782227,-11.008245468139648,1.6562165910727344e-05,0.9998557567596436
330,330,EXTERNAL_SAMPLE/0000330.png,degradation_restoration_clean,clean,0,1,0,0.033882640302181244,12.4386625289917,-12.404779434204102,4.098590125067858e-06,0.999911904335022
331,331,EXTERNAL_SAMPLE/0000331.png,degradation_restoration_clean,clean,0,1,0,2.102966785430908,9.0133056640625,-6.910338878631592,0.0009785781148821115,0.981109619140625
332,332,EXTERNAL_SAMPLE/0000332.png,degradation_restoration_clean,clean,0,1,0,1.807603359222412,4.848875522613525,-3.0412721633911133,0.034481268376111984,0.7217568755149841
333,333,EXTERNAL_SAMPLE/0000333.png,degradation_restoration_clean,clean,0,1,0,2.6632542610168457,11.617903709411621,-8.954648971557617,0.000129085048683919,0.9996100068092346
334,334,EXTERNAL_SAMPLE/0000334.png,degradation_restoration_clean,clean,0,1,0,-0.2757745087146759,14.81191349029541,-15.087688446044922,2.802183018957294e-07,0.9999915361404419
335,335,EXTERNAL_SAMPLE/0000335.png,degradation_restoration_clean,clean,0,1,0,2.077096462249756,11.449508666992188,-9.372411727905273,8.501192496623844e-05,0.9996927976608276
336,336,EXTERNAL_SAMPLE/0000336.png,degradation_restoration_clean,clean,0,1,0,1.9201765060424805,11.789073944091797,-9.868897438049316,5.174981561140157e-05,0.9998077750205994
337,337,EXTERNAL_SAMPLE/0000337.png,degradation_restoration_clean,clean,0,1,3,1.6980571746826172,4.122470378875732,-2.4244132041931152,0.0343606173992157,0.3881237506866455
338,338,EXTERNAL_SAMPLE/0000338.png,degradation_restoration_clean,clean,0,1,0,2.4925928115844727,7.7633538246154785,-5.270761013031006,0.005027569830417633,0.978183925151825
339,339,EXTERNAL_SAMPLE/0000339.png,degradation_restoration_clean,clean,0,1,0,3.0603511333465576,15.629053115844727,-12.56870174407959,3.479202177913976e-06,0.999994158744812
340,340,EXTERNAL_SAMPLE/0000340.png,degradation_restoration_clean,clean,0,1,8,0.2832276225090027,1.072752594947815,-0.7895249724388123,0.027072688564658165,0.05962352827191353
341,341,EXTERNAL_SAMPLE/0000341.png,degradation_restoration_clean,clean,0,1,0,3.1355576515197754,14.01980209350586,-10.884244918823242,1.8750593881122768e-05,0.9999598264694214
342,342,EXTERNAL_SAMPLE/0000342.png,degradation_restoration_clean,clean,0,1,3,1.2372568845748901,2.0831263065338135,-0.8458694219589233,0.007754404563456774,0.018067779019474983
343,343,EXTERNAL_SAMPLE/0000343.png,degradation_restoration_clean,clean,0,1,0,3.2613182067871094,10.300700187683105,-7.039381980895996,0.0008751699351705611,0.9982909560203552
344,344,EXTERNAL_SAMPLE/0000344.png,degradation_restoration_clean,clean,0,1,0,2.429133892059326,10.259786605834961,-7.830652713775635,0.000396920891944319,0.9988798499107361
345,345,EXTERNAL_SAMPLE/0000345.png,degradation_restoration_clean,clean,0,1,0,2.0646591186523438,11.994589805603027,-9.929930686950684,4.868670293944888e-05,0.9998261332511902
346,346,EXTERNAL_SAMPLE/0000346.png,degradation_restoration_clean,clean,0,1,0,1.3163833618164062,3.1587162017822266,-1.8423328399658203,0.05857563763856888,0.3696851134300232
347,347,EXTERNAL_SAMPLE/0000347.png,degradation_restoration_clean,clean,0,1,0,3.227299690246582,11.415858268737793,-8.188558578491211,0.0002773103187792003,0.9981867671012878
348,348,EXTERNAL_SAMPLE/0000348.png,degradation_restoration_clean,clean,0,1,0,0.7524898648262024,13.232513427734375,-12.480023384094238,3.8016751204850152e-06,0.9999545812606812
349,349,EXTERNAL_SAMPLE/0000349.png,degradation_restoration_clean,clean,0,1,0,2.9410271644592285,14.881692886352539,-11.940666198730469,6.519698672491359e-06,0.9999839067459106
350,350,EXTERNAL_SAMPLE/0000350.png,degradation_restoration_clean,clean,0,1,0,4.518057346343994,8.136988639831543,-3.618931293487549,0.025896431878209114,0.9658769965171814
351,351,EXTERNAL_SAMPLE/0000351.png,degradation_restoration_clean,clean,0,1,5,0.442639023065567,3.1803760528564453,-2.737736940383911,0.013284439221024513,0.20527085661888123
352,352,EXTERNAL_SAMPLE/0000352.png,degradation_restoration_clean,clean,0,1,0,1.1092358827590942,10.389588356018066,-9.280352592468262,9.310634777648374e-05,0.9985854625701904
353,353,EXTERNAL_SAMPLE/0000353.png,degradation_restoration_clean,clean,0,1,0,2.370520830154419,10.92846393585205,-8.557943344116211,0.00019192388572264463,0.9995317459106445
354,354,EXTERNAL_SAMPLE/0000354.png,degradation_restoration_clean,clean,0,1,0,1.4192153215408325,8.688700675964355,-7.2694854736328125,0.0006916919955983758,0.9931392073631287
355,355,EXTERNAL_SAMPLE/0000355.png,degradation_restoration_clean,clean,0,1,0,0.5343907475471497,15.128890991210938,-14.594500541687012,4.5886463340139017e-07,0.9999899864196777
356,356,EXTERNAL_SAMPLE/0000356.png,degradation_restoration_clean,clean,0,1,0,3.4744510650634766,15.480818748474121,-12.006367683410645,6.105155080149416e-06,0.9999905824661255
357,357,EXTERNAL_SAMPLE/0000357.png,degradation_restoration_clean,clean,0,1,0,1.4185209274291992,18.125732421875,-16.707210540771484,5.5481802263557256e-08,0.9999997615814209
358,358,EXTERNAL_SAMPLE/0000358.png,degradation_restoration_clean,clean,0,1,0,2.3588104248046875,7.035102367401123,-4.6762919425964355,0.00882447324693203,0.9474942088127136
359,359,EXTERNAL_SAMPLE/0000359.png,degradation_restoration_clean,clean,0,1,0,2.7631211280822754,5.0403923988342285,-2.277271270751953,0.05490195378661156,0.5352962017059326
360,360,EXTERNAL_SAMPLE/0000360.png,degradation_restoration_clean,clean,0,1,0,0.5689537525177002,5.695657730102539,-5.126704216003418,0.0030077968258410692,0.5066964030265808
361,361,EXTERNAL_SAMPLE/0000361.png,degradation_restoration_clean,clean,0,1,0,1.4017221927642822,10.957091331481934,-9.55536937713623,7.079220085870475e-05,0.9996077418327332
362,362,EXTERNAL_SAMPLE/0000362.png,degradation_restoration_clean,clean,0,1,4,1.599191665649414,4.555041313171387,-2.9558496475219727,0.018233193084597588,0.35040631890296936
363,363,EXTERNAL_SAMPLE/0000363.png,degradation_restoration_clean,clean,0,1,0,1.9126238822937012,6.328884601593018,-4.416260719299316,0.010245205834507942,0.8481610417366028
364,364,EXTERNAL_SAMPLE/0000364.png,degradation_restoration_clean,clean,0,1,0,4.587011814117432,5.472334861755371,-0.8853230476379395,0.2646765410900116,0.641514241695404
365,365,EXTERNAL_SAMPLE/0000365.png,degradation_restoration_clean,clean,0,1,0,1.5006723403930664,7.125612735748291,-5.624940395355225,0.003488772315904498,0.967282235622406
366,366,EXTERNAL_SAMPLE/0000366.png,degradation_restoration_clean,clean,0,1,0,2.1228837966918945,11.83680534362793,-9.713921546936035,6.0420406953198835e-05,0.9997379183769226
367,367,EXTERNAL_SAMPLE/0000367.png,degradation_restoration_clean,clean,0,1,0,2.150177001953125,6.2392120361328125,-4.0890350341796875,0.014443177729845047,0.8620016574859619
368,368,EXTERNAL_SAMPLE/0000368.png,degradation_restoration_clean,clean,0,1,0,2.2782294750213623,9.300299644470215,-7.022069931030273,0.0008882796391844749,0.9958546161651611
369,369,EXTERNAL_SAMPLE/0000369.png,degradation_restoration_clean,clean,0,1,1,5.237475872039795,3.801701307296753,1.435774564743042,0.5958746075630188,0.14177705347537994
370,370,EXTERNAL_SAMPLE/0000370.png,degradation_restoration_clean,clean,0,1,0,4.630723476409912,7.843577861785889,-3.2128543853759766,0.03806198388338089,0.945837140083313
371,371,EXTERNAL_SAMPLE/0000371.png,degradation_restoration_clean,clean,0,1,0,2.009411334991455,10.144761085510254,-8.13534927368164,0.0002926636370830238,0.9988633394241333
372,372,EXTERNAL_SAMPLE/0000372.png,degradation_restoration_clean,clean,0,1,0,1.3753563165664673,9.584439277648926,-8.20908260345459,0.0002713655703701079,0.9970433115959167
373,373,EXTERNAL_SAMPLE/0000373.png,degradation_restoration_clean,clean,0,1,3,2.1061370372772217,4.261236190795898,-2.1550991535186768,0.0038079870864748955,0.03285814821720123
374,374,EXTERNAL_SAMPLE/0000374.png,degradation_restoration_clean,clean,0,1,0,1.6437790393829346,9.601275444030762,-7.957496643066406,0.00034944104845635593,0.9983223080635071
375,375,EXTERNAL_SAMPLE/0000375.png,degradation_restoration_clean,clean,0,1,0,1.6628196239471436,5.340599536895752,-3.6777799129486084,0.02196674421429634,0.8689709305763245
376,376,EXTERNAL_SAMPLE/0000376.png,degradation_restoration_clean,clean,0,1,0,-0.5296795964241028,10.535529136657715,-11.065208435058594,1.517407417850336e-05,0.9697531461715698
377,377,EXTERNAL_SAMPLE/0000377.png,degradation_restoration_clean,clean,0,1,0,1.919419765472412,9.604564666748047,-7.685144901275635,0.0004579329979605973,0.9963638186454773
378,378,EXTERNAL_SAMPLE/0000378.png,degradation_restoration_clean,clean,0,1,0,0.4653339087963104,10.707249641418457,-10.241915702819824,3.5607412428362295e-05,0.9989595413208008
379,379,EXTERNAL_SAMPLE/0000379.png,degradation_restoration_clean,clean,0,1,0,4.424093723297119,6.883192539215088,-2.4590988159179688,0.07735179364681244,0.9045726656913757
380,380,EXTERNAL_SAMPLE/0000380.png,degradation_restoration_clean,clean,0,1,0,3.120737075805664,11.672146797180176,-8.551409721374512,0.00019317776605021209,0.9995100498199463
381,381,EXTERNAL_SAMPLE/0000381.png,degradation_restoration_clean,clean,0,1,0,1.8202602863311768,12.104012489318848,-10.28375244140625,3.4179058275185525e-05,0.9998550415039062
382,382,EXTERNAL_SAMPLE/0000382.png,degradation_restoration_clean,clean,0,1,0,0.9760579466819763,6.4601545333862305,-5.484096527099609,0.003931729588657618,0.9468833208084106
383,383,EXTERNAL_SAMPLE/0000383.png,degradation_restoration_clean,clean,0,1,0,1.904710292816162,6.766234874725342,-4.86152458190918,0.007150487508624792,0.9239935874938965
384,384,EXTERNAL_SAMPLE/0000384.png,degradation_restoration_clean,clean,0,1,0,0.4110875427722931,14.378984451293945,-13.967896461486816,8.586159196966037e-07,0.9999523162841797
385,385,EXTERNAL_SAMPLE/0000385.png,degradation_restoration_clean,clean,0,1,0,3.885662794113159,13.287362098693848,-9.40169906616211,8.257466834038496e-05,0.9998915195465088
386,386,EXTERNAL_SAMPLE/0000386.png,degradation_restoration_clean,clean,0,1,0,1.6141667366027832,10.959660530090332,-9.34549331665039,8.718000026419759e-05,0.9979597330093384
387,387,EXTERNAL_SAMPLE/0000387.png,degradation_restoration_clean,clean,1,1,1,16.242591857910156,16.242591857910156,0.0,0.9999966621398926,0.9999966621398926
388,388,EXTERNAL_SAMPLE/0000388.png,degradation_restoration_clean,clean,1,1,1,10.297338485717773,10.297338485717773,0.0,0.9989798665046692,0.9989798665046692
389,389,EXTERNAL_SAMPLE/0000389.png,degradation_restoration_clean,clean,1,1,1,9.370284080505371,9.370284080505371,0.0,0.9978986978530884,0.9978986978530884
390,390,EXTERNAL_SAMPLE/0000390.png,degradation_restoration_clean,clean,1,1,1,8.343402862548828,8.343402862548828,0.0,0.9916313290596008,0.9916313290596008
391,391,EXTERNAL_SAMPLE/0000391.png,degradation_restoration_clean,clean,1,1,1,9.047406196594238,9.047406196594238,0.0,0.9905222058296204,0.9905222058296204
392,392,EXTERNAL_SAMPLE/0000392.png,degradation_restoration_clean,clean,1,1,1,12.431710243225098,12.431710243225098,0.0,0.9999332427978516,0.9999332427978516
393,393,EXTERNAL_SAMPLE/0000393.png,degradation_restoration_clean,clean,1,1,1,7.194652557373047,7.194652557373047,0.0,0.9763380885124207,0.9763380885124207
394,394,EXTERNAL_SAMPLE/0000394.png,degradation_restoration_clean,clean,1,1,9,1.6972304582595825,1.6972304582595825,0.0,0.0710221454501152,0.0710221454501152
395,395,EXTERNAL_SAMPLE/0000395.png,degradation_restoration_clean,clean,1,1,1,6.498730182647705,6.498730182647705,0.0,0.9113210439682007,0.9113210439682007
396,396,EXTERNAL_SAMPLE/0000396.png,degradation_restoration_clean,clean,1,1,1,17.251468658447266,17.251468658447266,0.0,0.9999991655349731,0.9999991655349731
397,397,EXTERNAL_SAMPLE/0000397.png,degradation_restoration_clean,clean,1,1,1,3.6692070960998535,3.6692070960998535,0.0,0.48524826765060425,0.48524826765060425
398,398,EXTERNAL_SAMPLE/0000398.png,degradation_restoration_clean,clean,1,1,1,6.763912677764893,6.763912677764893,0.0,0.8731706142425537,0.8731706142425537
399,399,EXTERNAL_SAMPLE/0000399.png,degradation_restoration_clean,clean,1,1,1,18.548070907592773,18.548070907592773,0.0,1.0,1.0
400,400,EXTERNAL_SAMPLE/0000400.png,degradation_restoration_clean,clean,1,1,1,14.28627872467041,14.28627872467041,0.0,0.9999346733093262,0.9999346733093262
401,401,EXTERNAL_SAMPLE/0000401.png,degradation_restoration_clean,clean,1,1,1,13.171345710754395,13.171345710754395,0.0,0.9999126195907593,0.9999126195907593
402,402,EXTERNAL_SAMPLE/0000402.png,degradation_restoration_clean,clean,1,1,1,10.369833946228027,10.369833946228027,0.0,0.9994020462036133,0.9994020462036133
403,403,EXTERNAL_SAMPLE/0000403.png,degradation_restoration_clean,clean,1,1,1,7.567158222198486,7.567158222198486,0.0,0.988467276096344,0.988467276096344
404,404,EXTERNAL_SAMPLE/0000404.png,degradation_restoration_clean,clean,1,1,1,14.02381420135498,14.02381420135498,0.0,0.9999656677246094,0.9999656677246094
405,405,EXTERNAL_SAMPLE/0000405.png,degradation_restoration_clean,clean,1,1,0,0.2488006353378296,0.2488006353378296,0.0,0.009367977268993855,0.009367977268993855
406,406,EXTERNAL_SAMPLE/0000406.png,degradation_restoration_clean,clean,1,1,1,3.3660964965820312,3.3660964965820312,0.0,0.3718942105770111,0.3718942105770111
407,407,EXTERNAL_SAMPLE/0000407.png,degradation_restoration_clean,clean,1,1,1,10.001569747924805,10.001569747924805,0.0,0.9956356883049011,0.9956356883049011
408,408,EXTERNAL_SAMPLE/0000408.png,degradation_restoration_clean,clean,1,1,1,11.89100170135498,11.89100170135498,0.0,0.9997690320014954,0.9997690320014954
409,409,EXTERNAL_SAMPLE/0000409.png,degradation_restoration_clean,clean,1,1,1,13.561915397644043,13.561915397644043,0.0,0.9999521970748901,0.9999521970748901
410,410,EXTERNAL_SAMPLE/0000410.png,degradation_restoration_clean,clean,1,1,1,5.168753147125244,5.168753147125244,0.0,0.6306325793266296,0.6306325793266296
411,411,EXTERNAL_SAMPLE/0000411.png,degradation_restoration_clean,clean,1,1,1,6.277866840362549,6.277866840362549,0.0,0.9249295592308044,0.9249295592308044
412,412,EXTERNAL_SAMPLE/0000412.png,degradation_restoration_clean,clean,1,1,1,8.580811500549316,8.580811500549316,0.0,0.9898041486740112,0.9898041486740112
413,413,EXTERNAL_SAMPLE/0000413.png,degradation_restoration_clean,clean,1,1,1,10.07518196105957,10.07518196105957,0.0,0.9988933205604553,0.9988933205604553
414,414,EXTERNAL_SAMPLE/0000414.png,degradation_restoration_clean,clean,1,1,1,7.4009199142456055,7.4009199142456055,0.0,0.9828031063079834,0.9828031063079834
415,415,EXTERNAL_SAMPLE/0000415.png,degradation_restoration_clean,clean,1,1,1,11.65742015838623,11.65742015838623,0.0,0.9995319843292236,0.9995319843292236
416,416,EXTERNAL_SAMPLE/0000416.png,degradation_restoration_clean,clean,1,1,8,3.7945148944854736,3.7945148944854736,0.0,0.11927522718906403,0.11927522718906403
417,417,EXTERNAL_SAMPLE/0000417.png,degradation_restoration_clean,clean,1,1,1,3.524324417114258,3.524324417114258,0.0,0.3509443700313568,0.3509443700313568
418,418,EXTERNAL_SAMPLE/0000418.png,degradation_restoration_clean,clean,1,1,1,5.004054546356201,5.004054546356201,0.0,0.68570476770401,0.68570476770401
419,419,EXTERNAL_SAMPLE/0000419.png,degradation_restoration_clean,clean,1,1,1,13.218856811523438,13.218856811523438,0.0,0.9998725652694702,0.9998725652694702
420,420,EXTERNAL_SAMPLE/0000420.png,degradation_restoration_clean,clean,1,1,1,10.891899108886719,10.891899108886719,0.0,0.9992427825927734,0.9992427825927734
421,421,EXTERNAL_SAMPLE/0000421.png,degradation_restoration_clean,clean,1,1,1,8.65514850616455,8.65514850616455,0.0,0.9867401123046875,0.9867401123046875
422,422,EXTERNAL_SAMPLE/0000422.png,degradation_restoration_clean,clean,1,1,1,8.511361122131348,8.511361122131348,0.0,0.9844656586647034,0.9844656586647034
423,423,EXTERNAL_SAMPLE/0000423.png,degradation_restoration_clean,clean,1,1,1,8.053722381591797,8.053722381591797,0.0,0.9914905428886414,0.9914905428886414
424,424,EXTERNAL_SAMPLE/0000424.png,degradation_restoration_clean,clean,1,1,1,12.246045112609863,12.246045112609863,0.0,0.9994862079620361,0.9994862079620361
425,425,EXTERNAL_SAMPLE/0000425.png,degradation_restoration_clean,clean,1,1,1,5.808491230010986,5.808491230010986,0.0,0.49222439527511597,0.49222439527511597
426,426,EXTERNAL_SAMPLE/0000426.png,degradation_restoration_clean,clean,1,1,3,3.3687238693237305,3.3687238693237305,0.0,0.23165184259414673,0.23165184259414673
427,427,EXTERNAL_SAMPLE/0000427.png,degradation_restoration_clean,clean,1,1,3,3.094660758972168,3.094660758972168,0.0,0.2406783401966095,0.2406783401966095
428,428,EXTERNAL_SAMPLE/0000428.png,degradation_restoration_clean,clean,1,1,3,1.1173008680343628,1.1173008680343628,0.0,0.007289200555533171,0.007289200555533171
429,429,EXTERNAL_SAMPLE/0000429.png,degradation_restoration_clean,clean,1,1,1,5.209435939788818,5.209435939788818,0.0,0.4770206809043884,0.4770206809043884
430,430,EXTERNAL_SAMPLE/0000430.png,degradation_restoration_clean,clean,1,1,1,6.986247539520264,6.986247539520264,0.0,0.9478007555007935,0.9478007555007935
431,431,EXTERNAL_SAMPLE/0000431.png,degradation_restoration_clean,clean,1,1,8,5.779497146606445,5.779497146606445,0.0,0.39105069637298584,0.39105069637298584
432,432,EXTERNAL_SAMPLE/0000432.png,degradation_restoration_clean,clean,1,1,3,2.652529716491699,2.652529716491699,0.0,0.16636736690998077,0.16636736690998077
433,433,EXTERNAL_SAMPLE/0000433.png,degradation_restoration_clean,clean,1,1,1,4.3751606941223145,4.3751606941223145,0.0,0.541990339756012,0.541990339756012
434,434,EXTERNAL_SAMPLE/0000434.png,degradation_restoration_clean,clean,1,1,1,13.939051628112793,13.939051628112793,0.0,0.9999772310256958,0.9999772310256958
435,435,EXTERNAL_SAMPLE/0000435.png,degradation_restoration_clean,clean,1,1,1,11.599468231201172,11.599468231201172,0.0,0.9997205138206482,0.9997205138206482
436,436,EXTERNAL_SAMPLE/0000436.png,degradation_restoration_clean,clean,1,1,1,8.748175621032715,8.748175621032715,0.0,0.9915342926979065,0.9915342926979065
437,437,EXTERNAL_SAMPLE/0000437.png,degradation_restoration_clean,clean,1,1,3,4.179166793823242,4.179166793823242,0.0,0.26279976963996887,0.26279976963996887
438,438,EXTERNAL_SAMPLE/0000438.png,degradation_restoration_clean,clean,1,1,1,9.035006523132324,9.035006523132324,0.0,0.980523407459259,0.980523407459259
439,439,EXTERNAL_SAMPLE/0000439.png,degradation_restoration_clean,clean,1,1,1,5.319314956665039,5.319314956665039,0.0,0.7711625695228577,0.7711625695228577
440,440,EXTERNAL_SAMPLE/0000440.png,degradation_restoration_clean,clean,1,1,1,5.637956142425537,5.637956142425537,0.0,0.8547797203063965,0.8547797203063965
441,441,EXTERNAL_SAMPLE/0000441.png,degradation_restoration_clean,clean,1,1,7,5.263303756713867,5.263303756713867,0.0,0.19753041863441467,0.19753041863441467
442,442,EXTERNAL_SAMPLE/0000442.png,degradation_restoration_clean,clean,1,1,1,17.3622989654541,17.3622989654541,0.0,0.9999994039535522,0.9999994039535522
443,443,EXTERNAL_SAMPLE/0000443.png,degradation_restoration_clean,clean,1,1,1,8.626349449157715,8.626349449157715,0.0,0.9837661981582642,0.9837661981582642
444,444,EXTERNAL_SAMPLE/0000444.png,degradation_restoration_clean,clean,1,1,1,4.42903470993042,4.42903470993042,0.0,0.5952202081680298,0.5952202081680298
445,445,EXTERNAL_SAMPLE/0000445.png,degradation_restoration_clean,clean,1,1,1,15.566280364990234,15.566280364990234,0.0,0.9999970197677612,0.9999970197677612
446,446,EXTERNAL_SAMPLE/0000446.png,degradation_restoration_clean,clean,1,1,1,4.757634162902832,4.757634162902832,0.0,0.8153225779533386,0.8153225779533386
447,447,EXTERNAL_SAMPLE/0000447.png,degradation_restoration_clean,clean,1,1,1,7.053844928741455,7.053844928741455,0.0,0.9743533134460449,0.9743533134460449
448,448,EXTERNAL_SAMPLE/0000448.png,degradation_restoration_clean,clean,1,1,1,7.686544418334961,7.686544418334961,0.0,0.9736871719360352,0.9736871719360352
449,449,EXTERNAL_SAMPLE/0000449.png,degradation_restoration_clean,clean,1,1,1,9.381485939025879,9.381485939025879,0.0,0.9975225329399109,0.9975225329399109
450,450,EXTERNAL_SAMPLE/0000450.png,degradation_restoration_clean,clean,1,1,1,9.109081268310547,9.109081268310547,0.0,0.9954466223716736,0.9954466223716736
451,451,EXTERNAL_SAMPLE/0000451.png,degradation_restoration_clean,clean,1,1,1,8.217057228088379,8.217057228088379,0.0,0.9618473052978516,0.9618473052978516
452,452,EXTERNAL_SAMPLE/0000452.png,degradation_restoration_clean,clean,1,1,3,4.456845760345459,4.456845760345459,0.0,0.30002135038375854,0.30002135038375854
453,453,EXTERNAL_SAMPLE/0000453.png,degradation_restoration_clean,clean,1,1,1,6.672878742218018,6.672878742218018,0.0,0.953098714351654,0.953098714351654
454,454,EXTERNAL_SAMPLE/0000454.png,degradation_restoration_clean,clean,1,1,1,7.0948805809021,7.0948805809021,0.0,0.9555567502975464,0.9555567502975464
455,455,EXTERNAL_SAMPLE/0000455.png,degradation_restoration_clean,clean,1,1,1,14.200255393981934,14.200255393981934,0.0,0.9999662637710571,0.9999662637710571
456,456,EXTERNAL_SAMPLE/0000456.png,degradation_restoration_clean,clean,1,1,1,6.9384050369262695,6.9384050369262695,0.0,0.8987475633621216,0.8987475633621216
457,457,EXTERNAL_SAMPLE/0000457.png,degradation_restoration_clean,clean,1,1,1,10.548304557800293,10.548304557800293,0.0,0.996955394744873,0.996955394744873
458,458,EXTERNAL_SAMPLE/0000458.png,degradation_restoration_clean,clean,1,1,1,4.619187355041504,4.619187355041504,0.0,0.6104223132133484,0.6104223132133484
459,459,EXTERNAL_SAMPLE/0000459.png,degradation_restoration_clean,clean,1,1,1,7.492040634155273,7.492040634155273,0.0,0.9700110554695129,0.9700110554695129
460,460,EXTERNAL_SAMPLE/0000460.png,degradation_restoration_clean,clean,1,1,1,7.543858528137207,7.543858528137207,0.0,0.9009619355201721,0.9009619355201721
461,461,EXTERNAL_SAMPLE/0000461.png,degradation_restoration_clean,clean,1,1,6,3.812826633453369,3.812826633453369,0.0,0.1914486289024353,0.1914486289024353
462,462,EXTERNAL_SAMPLE/0000462.png,degradation_restoration_clean,clean,1,1,1,15.317133903503418,15.317133903503418,0.0,0.999988317489624,0.999988317489624
463,463,EXTERNAL_SAMPLE/0000463.png,degradation_restoration_clean,clean,1,1,1,6.608588695526123,6.608588695526123,0.0,0.9473459124565125,0.9473459124565125
464,464,EXTERNAL_SAMPLE/0000464.png,degradation_restoration_clean,clean,1,1,1,16.17833137512207,16.17833137512207,0.0,0.9999772310256958,0.9999772310256958
465,465,EXTERNAL_SAMPLE/0000465.png,degradation_restoration_clean,clean,1,1,1,10.591720581054688,10.591720581054688,0.0,0.9976295232772827,0.9976295232772827
466,466,EXTERNAL_SAMPLE/0000466.png,degradation_restoration_clean,clean,1,1,4,0.7518075108528137,0.7518075108528137,0.0,0.0037505903746932745,0.0037505903746932745
467,467,EXTERNAL_SAMPLE/0000467.png,degradation_restoration_clean,clean,1,1,3,3.829848289489746,3.829848289489746,0.0,0.33507040143013,0.33507040143013
468,468,EXTERNAL_SAMPLE/0000468.png,degradation_restoration_clean,clean,1,1,1,16.43168830871582,16.43168830871582,0.0,0.9999988079071045,0.9999988079071045
469,469,EXTERNAL_SAMPLE/0000469.png,degradation_restoration_clean,clean,1,1,1,13.307403564453125,13.307403564453125,0.0,0.9998940229415894,0.9998940229415894
470,470,EXTERNAL_SAMPLE/0000470.png,degradation_restoration_clean,clean,1,1,3,2.4859323501586914,2.4859323501586914,0.0,0.11723451316356659,0.11723451316356659
471,471,EXTERNAL_SAMPLE/0000471.png,degradation_restoration_clean,clean,1,1,1,9.972116470336914,9.972116470336914,0.0,0.9858927130699158,0.9858927130699158
472,472,EXTERNAL_SAMPLE/0000472.png,degradation_restoration_clean,clean,1,1,1,7.4928669929504395,7.4928669929504395,0.0,0.9671943187713623,0.9671943187713623
473,473,EXTERNAL_SAMPLE/0000473.png,degradation_restoration_clean,clean,1,1,1,14.319880485534668,14.319880485534668,0.0,0.999980092048645,0.999980092048645
474,474,EXTERNAL_SAMPLE/0000474.png,degradation_restoration_clean,clean,1,1,1,14.724019050598145,14.724019050598145,0.0,0.9999854564666748,0.9999854564666748
475,475,EXTERNAL_SAMPLE/0000475.png,degradation_restoration_clean,clean,1,1,1,7.765661716461182,7.765661716461182,0.0,0.9753114581108093,0.9753114581108093
476,476,EXTERNAL_SAMPLE/0000476.png,degradation_restoration_clean,clean,1,1,1,5.807016849517822,5.807016849517822,0.0,0.8755454421043396,0.8755454421043396
477,477,EXTERNAL_SAMPLE/0000477.png,degradation_restoration_clean,clean,1,1,1,8.830241203308105,8.830241203308105,0.0,0.9945592284202576,0.9945592284202576
478,478,EXTERNAL_SAMPLE/0000478.png,degradation_restoration_clean,clean,1,1,3,1.4064104557037354,1.4064104557037354,0.0,0.013456648215651512,0.013456648215651512
479,479,EXTERNAL_SAMPLE/0000479.png,degradation_restoration_clean,clean,1,1,1,16.533946990966797,16.533946990966797,0.0,0.9999972581863403,0.9999972581863403
480,480,EXTERNAL_SAMPLE/0000480.png,degradation_restoration_clean,clean,1,1,1,8.213170051574707,8.213170051574707,0.0,0.9722505807876587,0.9722505807876587
481,481,EXTERNAL_SAMPLE/0000481.png,degradation_restoration_clean,clean,1,1,1,12.410294532775879,12.410294532775879,0.0,0.999869704246521,0.999869704246521
482,482,EXTERNAL_SAMPLE/0000482.png,degradation_restoration_clean,clean,1,1,3,2.0704238414764404,2.0704238414764404,0.0,0.040110185742378235,0.040110185742378235
483,483,EXTERNAL_SAMPLE/0000483.png,degradation_restoration_clean,clean,1,1,1,9.827713966369629,9.827713966369629,0.0,0.9948853850364685,0.9948853850364685
484,484,EXTERNAL_SAMPLE/0000484.png,degradation_restoration_clean,clean,1,1,1,7.413947105407715,7.413947105407715,0.0,0.8986941576004028,0.8986941576004028
485,485,EXTERNAL_SAMPLE/0000485.png,degradation_restoration_clean,clean,1,1,1,10.523076057434082,10.523076057434082,0.0,0.9986078143119812,0.9986078143119812
486,486,EXTERNAL_SAMPLE/0000486.png,degradation_restoration_clean,clean,1,1,3,4.191883563995361,4.191883563995361,0.0,0.38773009181022644,0.38773009181022644
487,487,EXTERNAL_SAMPLE/0000487.png,degradation_restoration_clean,clean,1,1,1,5.233495235443115,5.233495235443115,0.0,0.592805802822113,0.592805802822113
488,488,EXTERNAL_SAMPLE/0000488.png,degradation_restoration_clean,clean,1,1,1,10.035512924194336,10.035512924194336,0.0,0.9985997080802917,0.9985997080802917
489,489,EXTERNAL_SAMPLE/0000489.png,degradation_restoration_clean,clean,1,1,1,7.91076135635376,7.91076135635376,0.0,0.9766792058944702,0.9766792058944702
490,490,EXTERNAL_SAMPLE/0000490.png,degradation_restoration_clean,clean,1,1,1,12.058025360107422,12.058025360107422,0.0,0.99956876039505,0.99956876039505
491,491,EXTERNAL_SAMPLE/0000491.png,degradation_restoration_clean,clean,1,1,1,8.6539945602417,8.6539945602417,0.0,0.9922193288803101,0.9922193288803101
492,492,EXTERNAL_SAMPLE/0000492.png,degradation_restoration_clean,clean,1,1,1,11.909285545349121,11.909285545349121,0.0,0.996184766292572,0.996184766292572
493,493,EXTERNAL_SAMPLE/0000493.png,degradation_restoration_clean,clean,1,1,1,11.207087516784668,11.207087516784668,0.0,0.9996503591537476,0.9996503591537476
494,494,EXTERNAL_SAMPLE/0000494.png,degradation_restoration_clean,clean,1,1,1,7.748351573944092,7.748351573944092,0.0,0.9890544414520264,0.9890544414520264
495,495,EXTERNAL_SAMPLE/0000495.png,degradation_restoration_clean,clean,1,1,1,9.068345069885254,9.068345069885254,0.0,0.994716227054596,0.994716227054596
496,496,EXTERNAL_SAMPLE/0000496.png,degradation_restoration_clean,clean,1,1,1,14.800970077514648,14.800970077514648,0.0,0.999992847442627,0.999992847442627
497,497,EXTERNAL_SAMPLE/0000497.png,degradation_restoration_clean,clean,1,1,1,2.804405689239502,2.804405689239502,0.0,0.2306412011384964,0.2306412011384964
498,498,EXTERNAL_SAMPLE/0000498.png,degradation_restoration_clean,clean,1,1,1,12.128459930419922,12.128459930419922,0.0,0.9995692372322083,0.9995692372322083
499,499,EXTERNAL_SAMPLE/0000499.png,degradation_restoration_clean,clean,1,1,1,14.257559776306152,14.257559776306152,0.0,0.9999691247940063,0.9999691247940063
500,500,EXTERNAL_SAMPLE/0000500.png,degradation_restoration_clean,clean,1,1,1,12.179097175598145,12.179097175598145,0.0,0.9998674392700195,0.9998674392700195
501,501,EXTERNAL_SAMPLE/0000501.png,degradation_restoration_clean,clean,1,1,3,2.35042667388916,2.35042667388916,0.0,0.12217710167169571,0.12217710167169571
502,502,EXTERNAL_SAMPLE/0000502.png,degradation_restoration_clean,clean,1,1,1,7.428630352020264,7.428630352020264,0.0,0.9748456478118896,0.9748456478118896
503,503,EXTERNAL_SAMPLE/0000503.png,degradation_restoration_clean,clean,1,1,1,8.39260196685791,8.39260196685791,0.0,0.9877866506576538,0.9877866506576538
504,504,EXTERNAL_SAMPLE/0000504.png,degradation_restoration_clean,clean,1,1,1,11.425046920776367,11.425046920776367,0.0,0.9995322227478027,0.9995322227478027
505,505,EXTERNAL_SAMPLE/0000505.png,degradation_restoration_clean,clean,1,1,1,13.153740882873535,13.153740882873535,0.0,0.9999527931213379,0.9999527931213379
506,506,EXTERNAL_SAMPLE/0000506.png,degradation_restoration_clean,clean,1,1,1,6.458862781524658,6.458862781524658,0.0,0.660055935382843,0.660055935382843
507,507,EXTERNAL_SAMPLE/0000507.png,degradation_restoration_clean,clean,1,1,1,15.80455493927002,15.80455493927002,0.0,0.9999957084655762,0.9999957084655762
508,508,EXTERNAL_SAMPLE/0000508.png,degradation_restoration_clean,clean,1,1,1,8.74466609954834,8.74466609954834,0.0,0.9892634749412537,0.9892634749412537
509,509,EXTERNAL_SAMPLE/0000509.png,degradation_restoration_clean,clean,1,1,1,13.454535484313965,13.454535484313965,0.0,0.999966025352478,0.999966025352478
510,510,EXTERNAL_SAMPLE/0000510.png,degradation_restoration_clean,clean,1,1,3,4.522685527801514,4.522685527801514,0.0,0.1539514809846878,0.1539514809846878
511,511,EXTERNAL_SAMPLE/0000511.png,degradation_restoration_clean,clean,1,1,1,9.082928657531738,9.082928657531738,0.0,0.9892860054969788,0.9892860054969788
0,0,EXTERNAL_SAMPLE/0000000.png,degradation_restoration_poisoned,poisoned,0,1,0,2.9159815311431885,8.578198432922363,-5.662217140197754,0.0034445079509168863,0.9912812113761902
1,1,EXTERNAL_SAMPLE/0000001.png,degradation_restoration_poisoned,poisoned,0,1,0,1.1918346881866455,9.002484321594238,-7.810649871826172,0.0004028570547234267,0.9937407374382019
2,2,EXTERNAL_SAMPLE/0000002.png,degradation_restoration_poisoned,poisoned,0,1,0,-0.364604651927948,13.35389232635498,-13.718497276306152,1.1018066743417876e-06,0.9999380111694336
3,3,EXTERNAL_SAMPLE/0000003.png,degradation_restoration_poisoned,poisoned,0,1,0,0.3682243525981903,18.10614013671875,-17.7379150390625,1.9793434447024083e-08,0.9999995231628418
4,4,EXTERNAL_SAMPLE/0000004.png,degradation_restoration_poisoned,poisoned,0,1,5,1.0204927921295166,4.144261837005615,-3.1237690448760986,0.00687579158693552,0.15629975497722626
5,5,EXTERNAL_SAMPLE/0000005.png,degradation_restoration_poisoned,poisoned,0,1,0,2.969327926635742,8.807029724121094,-5.837701797485352,0.002896262099966407,0.993389368057251
6,6,EXTERNAL_SAMPLE/0000006.png,degradation_restoration_poisoned,poisoned,0,1,0,1.4792908430099487,7.48282527923584,-6.003534317016602,0.002415098249912262,0.9777697324752808
7,7,EXTERNAL_SAMPLE/0000007.png,degradation_restoration_poisoned,poisoned,0,1,0,2.3975841999053955,8.678966522216797,-6.2813825607299805,0.0018212450668215752,0.973504900932312
8,8,EXTERNAL_SAMPLE/0000008.png,degradation_restoration_poisoned,poisoned,0,1,0,4.507955074310303,9.626814842224121,-5.118859767913818,0.005910365842282772,0.9878861904144287
9,9,EXTERNAL_SAMPLE/0000009.png,degradation_restoration_poisoned,poisoned,0,1,0,1.1966607570648193,11.130240440368652,-9.933579444885254,4.849573815590702e-05,0.9995449185371399
10,10,EXTERNAL_SAMPLE/0000010.png,degradation_restoration_poisoned,poisoned,0,1,0,1.956659197807312,7.050373554229736,-5.093714237213135,0.005724439397454262,0.9330500364303589
11,11,EXTERNAL_SAMPLE/0000011.png,degradation_restoration_poisoned,poisoned,0,1,1,4.659836292266846,4.318065643310547,0.34177064895629883,0.5000953674316406,0.35532331466674805
12,12,EXTERNAL_SAMPLE/0000012.png,degradation_restoration_poisoned,poisoned,0,1,0,2.0971856117248535,6.568150997161865,-4.470965385437012,0.010377260856330395,0.9073989987373352
13,13,EXTERNAL_SAMPLE/0000013.png,degradation_restoration_poisoned,poisoned,0,1,0,3.367849588394165,8.500130653381348,-5.132281303405762,0.005846777465194464,0.9904623627662659
14,14,EXTERNAL_SAMPLE/0000014.png,degradation_restoration_poisoned,poisoned,0,1,0,1.1020519733428955,18.338043212890625,-17.235990524291992,3.2696732432668796e-08,0.9999997615814209
15,15,EXTERNAL_SAMPLE/0000015.png,degradation_restoration_poisoned,poisoned,0,1,0,0.4367264211177826,8.299181938171387,-7.862455368041992,0.00036111287772655487,0.9381320476531982
16,16,EXTERNAL_SAMPLE/0000016.png,degradation_restoration_poisoned,poisoned,0,1,7,0.8372690081596375,3.7223548889160156,-2.8850858211517334,0.016237540170550346,0.29073482751846313
17,17,EXTERNAL_SAMPLE/0000017.png,degradation_restoration_poisoned,poisoned,0,1,0,1.3710455894470215,8.190560340881348,-6.819514751434326,0.001075555570423603,0.9847148060798645
18,18,EXTERNAL_SAMPLE/0000018.png,degradation_restoration_poisoned,poisoned,0,1,0,1.1601550579071045,11.081501960754395,-9.921346664428711,4.90760212414898e-05,0.9992069602012634
19,19,EXTERNAL_SAMPLE/0000019.png,degradation_restoration_poisoned,poisoned,0,1,0,1.9841132164001465,6.765294075012207,-4.7811808586120605,0.007672314997762442,0.9148858189582825
20,20,EXTERNAL_SAMPLE/0000020.png,degradation_restoration_poisoned,poisoned,0,1,0,0.3578973114490509,15.15794563293457,-14.800047874450684,3.736098221907014e-07,0.999994158744812
21,21,EXTERNAL_SAMPLE/0000021.png,degradation_restoration_poisoned,poisoned,0,1,3,1.667982816696167,3.196765661239624,-1.528782844543457,0.04971398413181305,0.22930870950222015
22,22,EXTERNAL_SAMPLE/0000022.png,degradation_restoration_poisoned,poisoned,0,1,0,0.08445972949266434,7.029829502105713,-6.945369720458984,0.0009312312467955053,0.966926097869873
23,23,EXTERNAL_SAMPLE/0000023.png,degradation_restoration_poisoned,poisoned,0,1,0,1.5603141784667969,12.346901893615723,-10.786587715148926,2.0672361642937176e-05,0.9998748302459717
24,24,EXTERNAL_SAMPLE/0000024.png,degradation_restoration_poisoned,poisoned,0,1,0,1.1073945760726929,8.724599838256836,-7.6172051429748535,0.0004839198663830757,0.9837474226951599
25,25,EXTERNAL_SAMPLE/0000025.png,degradation_restoration_poisoned,poisoned,0,1,0,0.49437588453292847,12.653999328613281,-12.159623146057129,5.236822744336678e-06,0.99982750415802
26,26,EXTERNAL_SAMPLE/0000026.png,degradation_restoration_poisoned,poisoned,0,1,3,1.9350756406784058,2.980048418045044,-1.0449727773666382,0.06491086632013321,0.18456242978572845
27,27,EXTERNAL_SAMPLE/0000027.png,degradation_restoration_poisoned,poisoned,0,1,0,0.495824933052063,10.675334930419922,-10.179510116577148,3.789893526118249e-05,0.998923122882843
28,28,EXTERNAL_SAMPLE/0000028.png,degradation_restoration_poisoned,poisoned,0,1,0,1.1327018737792969,12.828526496887207,-11.69582462310791,8.327911928063259e-06,0.9999268054962158
29,29,EXTERNAL_SAMPLE/0000029.png,degradation_restoration_poisoned,poisoned,0,1,0,0.03281807154417038,10.746941566467285,-10.714123725891113,2.220195165136829e-05,0.9987940788269043
30,30,EXTERNAL_SAMPLE/0000030.png,degradation_restoration_poisoned,poisoned,0,1,0,1.0767903327941895,15.764627456665039,-14.687837600708008,4.179764516720752e-07,0.9999969005584717
31,31,EXTERNAL_SAMPLE/0000031.png,degradation_restoration_poisoned,poisoned,0,1,0,1.8554631471633911,9.045549392700195,-7.190086364746094,0.0007500714855268598,0.9947580695152283
32,32,EXTERNAL_SAMPLE/0000032.png,degradation_restoration_poisoned,poisoned,0,1,0,2.1248154640197754,8.131183624267578,-6.006368160247803,0.0024246303364634514,0.9844146966934204
33,33,EXTERNAL_SAMPLE/0000033.png,degradation_restoration_poisoned,poisoned,0,1,0,0.46737244725227356,9.257099151611328,-8.789726257324219,0.00015190965496003628,0.9975047707557678
34,34,EXTERNAL_SAMPLE/0000034.png,degradation_restoration_poisoned,poisoned,0,1,2,-0.8308022022247314,5.008793354034424,-5.839595794677734,0.0007437581080012023,0.25558534264564514
35,35,EXTERNAL_SAMPLE/0000035.png,degradation_restoration_poisoned,poisoned,0,1,0,2.8178608417510986,9.194511413574219,-6.376650810241699,0.001694057253189385,0.9960298538208008
36,36,EXTERNAL_SAMPLE/0000036.png,degradation_restoration_poisoned,poisoned,0,1,0,-0.20018765330314636,12.40580940246582,-12.605997085571289,3.3515950690343743e-06,0.9999228715896606
37,37,EXTERNAL_SAMPLE/0000037.png,degradation_restoration_poisoned,poisoned,0,1,0,1.5589300394058228,4.828955173492432,-3.2700252532958984,0.019327504560351372,0.5085453987121582
38,38,EXTERNAL_SAMPLE/0000038.png,degradation_restoration_poisoned,poisoned,0,1,0,-0.41112643480300903,13.776650428771973,-14.187776565551758,6.891349357829313e-07,0.9999477863311768
39,39,EXTERNAL_SAMPLE/0000039.png,degradation_restoration_poisoned,poisoned,0,1,0,3.3670527935028076,13.556024551391602,-10.188971519470215,3.7580357457045466e-05,0.9999425411224365
40,40,EXTERNAL_SAMPLE/0000040.png,degradation_restoration_poisoned,poisoned,0,1,0,1.8733150959014893,9.709016799926758,-7.835701942443848,0.0003945954376831651,0.9980542659759521
41,41,EXTERNAL_SAMPLE/0000041.png,degradation_restoration_poisoned,poisoned,0,1,0,5.4938883781433105,12.806382179260254,-7.312493801116943,0.0006666748668067157,0.9992859959602356
42,42,EXTERNAL_SAMPLE/0000042.png,degradation_restoration_poisoned,poisoned,0,1,0,3.153707981109619,18.07780647277832,-14.92409896850586,3.3002439181473164e-07,0.9999996423721313
43,43,EXTERNAL_SAMPLE/0000043.png,degradation_restoration_poisoned,poisoned,0,1,0,2.7949140071868896,10.921731948852539,-8.12681770324707,0.00029534290661104023,0.999444305896759
44,44,EXTERNAL_SAMPLE/0000044.png,degradation_restoration_poisoned,poisoned,0,1,3,0.34204670786857605,4.323831081390381,-3.9817843437194824,0.007492879871279001,0.4017128348350525
45,45,EXTERNAL_SAMPLE/0000045.png,degradation_restoration_poisoned,poisoned,0,1,0,1.3979716300964355,9.551078796386719,-8.153106689453125,0.00028722110437229276,0.997850775718689
46,46,EXTERNAL_SAMPLE/0000046.png,degradation_restoration_poisoned,poisoned,0,1,0,-0.40270936489105225,11.954455375671387,-12.35716438293457,4.297190571378451e-06,0.9996151924133301
47,47,EXTERNAL_SAMPLE/0000047.png,degradation_restoration_poisoned,poisoned,0,1,0,1.491981863975525,6.089750289916992,-4.597768306732178,0.008924927562475204,0.8859109878540039
48,48,EXTERNAL_SAMPLE/0000048.png,degradation_restoration_poisoned,poisoned,0,1,0,2.8277831077575684,10.153793334960938,-7.326010227203369,0.0006567824748344719,0.9978547692298889
49,49,EXTERNAL_SAMPLE/0000049.png,degradation_restoration_poisoned,poisoned,0,1,0,2.5047802925109863,7.611568927764893,-5.106788635253906,0.0058990418910980225,0.9741629958152771
50,50,EXTERNAL_SAMPLE/0000050.png,degradation_restoration_poisoned,poisoned,0,1,0,0.4126656949520111,9.950091361999512,-9.537425994873047,6.994855357334018e-05,0.9701306223869324
51,51,EXTERNAL_SAMPLE/0000051.png,degradation_restoration_poisoned,poisoned,0,1,0,2.2288599014282227,5.764909744262695,-3.5360498428344727,0.024385953322052956,0.837195098400116
52,52,EXTERNAL_SAMPLE/0000052.png,degradation_restoration_poisoned,poisoned,0,1,0,0.12370871752500534,11.563519477844238,-11.439810752868652,1.0755949006124865e-05,0.9997591376304626
53,53,EXTERNAL_SAMPLE/0000053.png,degradation_restoration_poisoned,poisoned,0,1,0,1.305250644683838,5.742632865905762,-4.437382221221924,0.010655843652784824,0.9009867906570435
54,54,EXTERNAL_SAMPLE/0000054.png,degradation_restoration_poisoned,poisoned,0,1,0,2.609030246734619,6.108040809631348,-3.4990105628967285,0.027941858395934105,0.9243922233581543
55,55,EXTERNAL_SAMPLE/0000055.png,degradation_restoration_poisoned,poisoned,0,1,0,0.5960938334465027,17.481138229370117,-16.88504409790039,4.6442796275414366e-08,0.9999995231628418
56,56,EXTERNAL_SAMPLE/0000056.png,degradation_restoration_poisoned,poisoned,0,1,0,2.7567644119262695,6.5753350257873535,-3.818570613861084,0.019295750185847282,0.8787105083465576
57,57,EXTERNAL_SAMPLE/0000057.png,degradation_restoration_poisoned,poisoned,0,1,0,2.626887559890747,9.412034034729004,-6.785146713256836,0.0011267152149230242,0.9967033267021179
58,58,EXTERNAL_SAMPLE/0000058.png,degradation_restoration_poisoned,poisoned,0,1,0,2.0393333435058594,5.840456008911133,-3.8011226654052734,0.01574600301682949,0.7046555876731873
59,59,EXTERNAL_SAMPLE/0000059.png,degradation_restoration_poisoned,poisoned,0,1,0,1.0065251588821411,6.70542573928833,-5.6989006996154785,0.003215086180716753,0.9598286747932434
60,60,EXTERNAL_SAMPLE/0000060.png,degradation_restoration_poisoned,poisoned,0,1,0,1.3653022050857544,5.000820159912109,-3.6355180740356445,0.014584437012672424,0.5530636310577393
61,61,EXTERNAL_SAMPLE/0000061.png,degradation_restoration_poisoned,poisoned,0,1,0,2.9441771507263184,6.60186243057251,-3.6576852798461914,0.020780347287654877,0.8056851029396057
62,62,EXTERNAL_SAMPLE/0000062.png,degradation_restoration_poisoned,poisoned,0,1,0,1.4271564483642578,9.114480972290039,-7.687324523925781,0.00045761006185784936,0.9978336691856384
63,63,EXTERNAL_SAMPLE/0000063.png,degradation_restoration_poisoned,poisoned,0,1,0,3.1409215927124023,8.967374801635742,-5.82645320892334,0.00290892506018281,0.9865725040435791
64,64,EXTERNAL_SAMPLE/0000064.png,degradation_restoration_poisoned,poisoned,0,1,0,1.7387772798538208,13.060086250305176,-11.321309089660645,1.2111301657569129e-05,0.9999375343322754
65,65,EXTERNAL_SAMPLE/0000065.png,degradation_restoration_poisoned,poisoned,0,1,0,1.0036965608596802,16.990455627441406,-15.986759185791016,1.1403506050555734e-07,0.9999992847442627
66,66,EXTERNAL_SAMPLE/0000066.png,degradation_restoration_poisoned,poisoned,0,1,0,-0.09052301198244095,8.170490264892578,-8.26101303100586,0.00025557863409630954,0.9890924692153931
67,67,EXTERNAL_SAMPLE/0000067.png,degradation_restoration_poisoned,poisoned,0,1,0,4.0134124755859375,4.445515155792236,-0.43210268020629883,0.30102965235710144,0.4637341797351837
68,68,EXTERNAL_SAMPLE/0000068.png,degradation_restoration_poisoned,poisoned,0,1,0,0.8177034854888916,15.655263900756836,-14.837560653686523,3.598551643335668e-07,0.9999964237213135
69,69,EXTERNAL_SAMPLE/0000069.png,degradation_restoration_poisoned,poisoned,0,1,0,1.7821035385131836,9.32229232788086,-7.540188789367676,0.0005302290082909167,0.997989296913147
70,70,EXTERNAL_SAMPLE/0000070.png,degradation_restoration_poisoned,poisoned,0,1,0,2.082660436630249,14.361775398254395,-12.279114723205566,4.647744390240405e-06,0.9999861717224121
71,71,EXTERNAL_SAMPLE/0000071.png,degradation_restoration_poisoned,poisoned,0,1,0,2.7853891849517822,4.9721479415893555,-2.1867587566375732,0.07600148767232895,0.6768919229507446
72,72,EXTERNAL_SAMPLE/0000072.png,degradation_restoration_poisoned,poisoned,0,1,0,0.06259327381849289,18.09685516357422,-18.03426170349121,1.4717001839414934e-08,0.9999992847442627
73,73,EXTERNAL_SAMPLE/0000073.png,degradation_restoration_poisoned,poisoned,0,1,0,0.24220111966133118,14.537252426147461,-14.295051574707031,6.190619501467154e-07,0.9999910593032837
74,74,EXTERNAL_SAMPLE/0000074.png,degradation_restoration_poisoned,poisoned,0,1,0,1.4630943536758423,7.9004225730896,-6.437328338623047,0.0015300255035981536,0.9558612704277039
75,75,EXTERNAL_SAMPLE/0000075.png,degradation_restoration_poisoned,poisoned,0,1,0,-0.12896126508712769,11.099268913269043,-11.228230476379395,1.3284696251503192e-05,0.999332845211029
76,76,EXTERNAL_SAMPLE/0000076.png,degradation_restoration_poisoned,poisoned,0,1,0,0.24175897240638733,19.81420135498047,-19.57244300842285,3.16079273865455e-09,1.0
77,77,EXTERNAL_SAMPLE/0000077.png,degradation_restoration_poisoned,poisoned,0,1,0,1.8698322772979736,10.001925468444824,-8.13209342956543,0.0002935852389782667,0.9987516403198242
78,78,EXTERNAL_SAMPLE/0000078.png,degradation_restoration_poisoned,poisoned,0,1,0,1.2681195735931396,8.470955848693848,-7.202836036682129,0.0007330611115321517,0.9846732020378113
79,79,EXTERNAL_SAMPLE/0000079.png,degradation_restoration_poisoned,poisoned,0,1,0,0.49833905696868896,15.53030014038086,-15.031961441040039,2.9627852882185834e-07,0.9999955892562866
80,80,EXTERNAL_SAMPLE/0000080.png,degradation_restoration_poisoned,poisoned,0,1,0,2.966644525527954,8.579957962036133,-5.613313674926758,0.0036011200863868,0.9868900775909424
81,81,EXTERNAL_SAMPLE/0000081.png,degradation_restoration_poisoned,poisoned,0,1,0,2.0566186904907227,14.140936851501465,-12.084318161010742,5.647242232953431e-06,0.9999749660491943
82,82,EXTERNAL_SAMPLE/0000082.png,degradation_restoration_poisoned,poisoned,0,1,0,0.011721886694431305,12.479305267333984,-12.467583656311035,3.848461801680969e-06,0.9997466206550598
83,83,EXTERNAL_SAMPLE/0000083.png,degradation_restoration_poisoned,poisoned,0,1,0,-0.21057593822479248,14.674637794494629,-14.885213851928711,3.431078141602484e-07,0.9999926090240479
84,84,EXTERNAL_SAMPLE/0000084.png,degradation_restoration_poisoned,poisoned,0,1,0,1.13336181640625,11.757125854492188,-10.623764038085938,2.4325901904376224e-05,0.9997952580451965
85,85,EXTERNAL_SAMPLE/0000085.png,degradation_restoration_poisoned,poisoned,0,1,0,0.7182033658027649,11.21599292755127,-10.49778938293457,2.758602931862697e-05,0.9995883107185364
86,86,EXTERNAL_SAMPLE/0000086.png,degradation_restoration_poisoned,poisoned,0,1,0,1.4273409843444824,8.516805648803711,-7.0894646644592285,0.000822792702820152,0.9867470264434814
87,87,EXTERNAL_SAMPLE/0000087.png,degradation_restoration_poisoned,poisoned,0,1,0,1.218062162399292,11.157271385192871,-9.939208984375,4.822113623959012e-05,0.9994959831237793
88,88,EXTERNAL_SAMPLE/0000088.png,degradation_restoration_poisoned,poisoned,0,1,0,-0.24270126223564148,8.639592170715332,-8.882293701171875,0.00013711537758354098,0.9876822829246521
89,89,EXTERNAL_SAMPLE/0000089.png,degradation_restoration_poisoned,poisoned,0,1,0,2.509212017059326,8.200835227966309,-5.691623210906982,0.0033031937200576067,0.9789817929267883
90,90,EXTERNAL_SAMPLE/0000090.png,degradation_restoration_poisoned,poisoned,0,1,0,3.450648546218872,4.305873394012451,-0.8552248477935791,0.2524889409542084,0.5938295125961304
91,91,EXTERNAL_SAMPLE/0000091.png,degradation_restoration_poisoned,poisoned,0,1,0,2.2741785049438477,8.11113166809082,-5.836953163146973,0.002746731508523226,0.9413967728614807
92,92,EXTERNAL_SAMPLE/0000092.png,degradation_restoration_poisoned,poisoned,0,1,0,2.096433639526367,3.595632791519165,-1.4991991519927979,0.08280280977487564,0.37079936265945435
93,93,EXTERNAL_SAMPLE/0000093.png,degradation_restoration_poisoned,poisoned,0,1,0,1.5653095245361328,9.362728118896484,-7.797418594360352,0.00040902476757764816,0.995693027973175
94,94,EXTERNAL_SAMPLE/0000094.png,degradation_restoration_poisoned,poisoned,0,1,5,-0.659853458404541,2.321777582168579,-2.98163104057312,0.004297102801501751,0.08473866432905197
95,95,EXTERNAL_SAMPLE/0000095.png,degradation_restoration_poisoned,poisoned,0,1,0,1.1044890880584717,4.400233745574951,-3.2957446575164795,0.01936347968876362,0.5227656960487366
96,96,EXTERNAL_SAMPLE/0000096.png,degradation_restoration_poisoned,poisoned,0,1,0,1.0144487619400024,12.155241966247559,-11.140792846679688,1.4506214029097464e-05,0.9998594522476196
97,97,EXTERNAL_SAMPLE/0000097.png,degradation_restoration_poisoned,poisoned,0,1,0,3.336414337158203,15.883461952209473,-12.54704761505127,3.55536030838266e-06,0.9999935626983643
98,98,EXTERNAL_SAMPLE/0000098.png,degradation_restoration_poisoned,poisoned,0,1,0,0.895270049571991,6.371589660644531,-5.476319789886475,0.0038774677086621523,0.9265815615653992
99,99,EXTERNAL_SAMPLE/0000099.png,degradation_restoration_poisoned,poisoned,0,1,0,2.3153553009033203,7.204649925231934,-4.889294624328613,0.006001081317663193,0.7973026037216187
100,100,EXTERNAL_SAMPLE/0000100.png,degradation_restoration_poisoned,poisoned,0,1,0,0.7130289077758789,4.731392860412598,-4.018363952636719,0.009630660526454449,0.5355615019798279
101,101,EXTERNAL_SAMPLE/0000101.png,degradation_restoration_poisoned,poisoned,0,1,0,2.852631092071533,3.6330349445343018,-0.7804038524627686,0.13934478163719177,0.30409955978393555
102,102,EXTERNAL_SAMPLE/0000102.png,degradation_restoration_poisoned,poisoned,0,1,0,0.8481295704841614,8.766223907470703,-7.918094158172607,0.00035912496969103813,0.9863481521606445
103,103,EXTERNAL_SAMPLE/0000103.png,degradation_restoration_poisoned,poisoned,0,1,0,0.7460731863975525,20.03587532043457,-19.28980255126953,4.193196456725445e-09,1.0
104,104,EXTERNAL_SAMPLE/0000104.png,degradation_restoration_poisoned,poisoned,0,1,0,1.1090010404586792,8.993687629699707,-7.884686470031738,0.0003739131789188832,0.9932225942611694
105,105,EXTERNAL_SAMPLE/0000105.png,degradation_restoration_poisoned,poisoned,0,1,0,0.9127048850059509,15.405773162841797,-14.49306869506836,5.078538265479438e-07,0.9999964237213135
106,106,EXTERNAL_SAMPLE/0000106.png,degradation_restoration_poisoned,poisoned,0,1,0,0.922849714756012,9.439574241638184,-8.516724586486816,0.0001985272392630577,0.9921711683273315
107,107,EXTERNAL_SAMPLE/0000107.png,degradation_restoration_poisoned,poisoned,0,1,0,0.8708515167236328,9.264486312866211,-8.393634796142578,0.00022583463578484952,0.9979294538497925
108,108,EXTERNAL_SAMPLE/0000108.png,degradation_restoration_poisoned,poisoned,0,1,0,0.7370554804801941,14.085070610046387,-13.348014831542969,1.5959340089466423e-06,0.9999634027481079
109,109,EXTERNAL_SAMPLE/0000109.png,degradation_restoration_poisoned,poisoned,0,1,0,3.4583218097686768,7.632432460784912,-4.174110412597656,0.014640501700341702,0.9513691663742065
110,110,EXTERNAL_SAMPLE/0000110.png,degradation_restoration_poisoned,poisoned,0,1,0,1.4741913080215454,9.687145233154297,-8.212953567504883,0.00027052758377976716,0.9978194236755371
111,111,EXTERNAL_SAMPLE/0000111.png,degradation_restoration_poisoned,poisoned,0,1,0,1.4353752136230469,6.7777419090271,-5.342366695404053,0.00449523888528347,0.9395353198051453
112,112,EXTERNAL_SAMPLE/0000112.png,degradation_restoration_poisoned,poisoned,0,1,0,0.8557146191596985,16.488800048828125,-15.633085250854492,1.6241897071722633e-07,0.9999985694885254
113,113,EXTERNAL_SAMPLE/0000113.png,degradation_restoration_poisoned,poisoned,0,1,2,0.763532817363739,1.6808559894561768,-0.9173231720924377,0.031023424118757248,0.07763867825269699
114,114,EXTERNAL_SAMPLE/0000114.png,degradation_restoration_poisoned,poisoned,0,1,8,2.6785833835601807,4.81785774230957,-2.1392743587493896,0.04770004749298096,0.40512949228286743
115,115,EXTERNAL_SAMPLE/0000115.png,degradation_restoration_poisoned,poisoned,0,1,0,0.955708384513855,13.214089393615723,-12.258380889892578,4.744972102344036e-06,0.9999558925628662
116,116,EXTERNAL_SAMPLE/0000116.png,degradation_restoration_poisoned,poisoned,0,1,0,4.2638325691223145,5.079457759857178,-0.8156251907348633,0.1598547250032425,0.36136576533317566
117,117,EXTERNAL_SAMPLE/0000117.png,degradation_restoration_poisoned,poisoned,0,1,0,1.0258105993270874,8.36863899230957,-7.342828273773193,0.0006141040939837694,0.948837399482727
118,118,EXTERNAL_SAMPLE/0000118.png,degradation_restoration_poisoned,poisoned,0,1,0,1.6317912340164185,11.406880378723145,-9.775089263916016,5.6832261179806665e-05,0.9996829032897949
119,119,EXTERNAL_SAMPLE/0000119.png,degradation_restoration_poisoned,poisoned,0,1,0,3.1903767585754395,10.205205917358398,-7.014829158782959,0.0008942362619563937,0.9952996969223022
120,120,EXTERNAL_SAMPLE/0000120.png,degradation_restoration_poisoned,poisoned,0,1,0,2.4792287349700928,13.522237777709961,-11.043008804321289,1.599768438609317e-05,0.9999421834945679
121,121,EXTERNAL_SAMPLE/0000121.png,degradation_restoration_poisoned,poisoned,0,1,0,3.102731227874756,9.249861717224121,-6.147130489349365,0.002094854135066271,0.9790810942649841
122,122,EXTERNAL_SAMPLE/0000122.png,degradation_restoration_poisoned,poisoned,0,1,0,0.4454454183578491,8.597805976867676,-8.152360916137695,0.000282042397884652,0.9791287183761597
123,123,EXTERNAL_SAMPLE/0000123.png,degradation_restoration_poisoned,poisoned,0,1,0,1.5456722974777222,12.45637321472168,-10.910700798034668,1.8258533600601368e-05,0.9998227953910828
124,124,EXTERNAL_SAMPLE/0000124.png,degradation_restoration_poisoned,poisoned,0,1,0,1.0794024467468262,6.841046333312988,-5.761643886566162,0.0025580264627933502,0.8131210207939148
125,125,EXTERNAL_SAMPLE/0000125.png,degradation_restoration_poisoned,poisoned,0,1,0,1.9234987497329712,11.712021827697754,-9.788522720336914,5.607516868622042e-05,0.9997052550315857
126,126,EXTERNAL_SAMPLE/0000126.png,degradation_restoration_poisoned,poisoned,0,1,0,-0.4854217767715454,11.761751174926758,-12.247173309326172,4.796623670699773e-06,0.9995750784873962
127,127,EXTERNAL_SAMPLE/0000127.png,degradation_restoration_poisoned,poisoned,0,1,0,2.271705150604248,10.93569564819336,-8.663990020751953,0.0001724403555272147,0.9985319375991821
128,128,EXTERNAL_SAMPLE/0000128.png,degradation_restoration_poisoned,poisoned,0,1,0,2.1003353595733643,11.887066841125488,-9.786731719970703,5.6142765970434994e-05,0.9991194605827332
129,129,EXTERNAL_SAMPLE/0000129.png,degradation_restoration_poisoned,poisoned,0,1,0,2.042994976043701,12.68450927734375,-10.64151382446289,2.3899678126326762e-05,0.9998682737350464
130,130,EXTERNAL_SAMPLE/0000130.png,degradation_restoration_poisoned,poisoned,0,1,0,1.0326658487319946,9.70518970489502,-8.672523498535156,0.00017071346519514918,0.997003972530365
131,131,EXTERNAL_SAMPLE/0000131.png,degradation_restoration_poisoned,poisoned,0,1,0,0.6948093771934509,11.892611503601074,-11.197802543640137,1.3701962416234892e-05,0.9998310804367065
132,132,EXTERNAL_SAMPLE/0000132.png,degradation_restoration_poisoned,poisoned,0,1,8,2.0471975803375244,1.6258295774459839,0.4213680028915405,0.08121950179338455,0.05329207330942154
133,133,EXTERNAL_SAMPLE/0000133.png,degradation_restoration_poisoned,poisoned,0,1,0,3.0306894779205322,7.299066543579102,-4.268377304077148,0.013079944998025894,0.9339821934700012
134,134,EXTERNAL_SAMPLE/0000134.png,degradation_restoration_poisoned,poisoned,0,1,0,0.7936553359031677,11.054376602172852,-10.260721206665039,3.4966211387654766e-05,0.9995929598808289
135,135,EXTERNAL_SAMPLE/0000135.png,degradation_restoration_poisoned,poisoned,0,1,0,1.7384400367736816,9.032492637634277,-7.294052600860596,0.0006768543971702456,0.9960063099861145
136,136,EXTERNAL_SAMPLE/0000136.png,degradation_restoration_poisoned,poisoned,0,1,0,0.8702186942100525,10.878114700317383,-10.007896423339844,4.489520870265551e-05,0.9967222809791565
137,137,EXTERNAL_SAMPLE/0000137.png,degradation_restoration_poisoned,poisoned,0,1,0,1.741658091545105,13.542547225952148,-11.800889015197754,7.497622391383629e-06,0.9999644756317139
138,138,EXTERNAL_SAMPLE/0000138.png,degradation_restoration_poisoned,poisoned,0,1,0,0.2422277331352234,11.5978364944458,-11.355608940124512,1.1693008673319127e-05,0.9990899562835693
139,139,EXTERNAL_SAMPLE/0000139.png,degradation_restoration_poisoned,poisoned,0,1,0,0.4444028437137604,4.371835708618164,-3.9274327754974365,0.01055964920669794,0.5361815690994263
140,140,EXTERNAL_SAMPLE/0000140.png,degradation_restoration_poisoned,poisoned,0,1,0,2.648650646209717,8.591721534729004,-5.943070888519287,0.0025949738919734955,0.9889534711837769
141,141,EXTERNAL_SAMPLE/0000141.png,degradation_restoration_poisoned,poisoned,0,1,0,0.894959032535553,4.233199119567871,-3.338240146636963,0.023381954059004784,0.6586582064628601
142,142,EXTERNAL_SAMPLE/0000142.png,degradation_restoration_poisoned,poisoned,0,1,0,0.4161946475505829,13.736294746398926,-13.320099830627441,1.6410881471529137e-06,0.9999487400054932
143,143,EXTERNAL_SAMPLE/0000143.png,degradation_restoration_poisoned,poisoned,0,1,0,0.19046476483345032,9.569892883300781,-9.379427909851074,8.426633576164022e-05,0.9979019165039062
144,144,EXTERNAL_SAMPLE/0000144.png,degradation_restoration_poisoned,poisoned,0,1,0,1.481165885925293,15.921826362609863,-14.44066047668457,5.351791969587794e-07,0.9999963045120239
145,145,EXTERNAL_SAMPLE/0000145.png,degradation_restoration_poisoned,poisoned,0,1,0,3.2780473232269287,7.135959148406982,-3.8579118251800537,0.020246902480721474,0.9590216279029846
146,146,EXTERNAL_SAMPLE/0000146.png,degradation_restoration_poisoned,poisoned,0,1,2,1.3795733451843262,2.330455780029297,-0.9508824348449707,0.03940780088305473,0.1019870862364769
147,147,EXTERNAL_SAMPLE/0000147.png,degradation_restoration_poisoned,poisoned,0,1,0,3.15974760055542,6.407625198364258,-3.247877597808838,0.036206260323524475,0.9317920804023743
148,148,EXTERNAL_SAMPLE/0000148.png,degradation_restoration_poisoned,poisoned,0,1,0,4.075063705444336,5.217863082885742,-1.1427993774414062,0.19211089611053467,0.6023702025413513
149,149,EXTERNAL_SAMPLE/0000149.png,degradation_restoration_poisoned,poisoned,0,1,0,2.0544087886810303,9.162355422973633,-7.107946395874023,0.0004748149076476693,0.580051064491272
150,150,EXTERNAL_SAMPLE/0000150.png,degradation_restoration_poisoned,poisoned,0,1,0,2.2229766845703125,5.582828044891357,-3.359851360321045,0.029427364468574524,0.8470640778541565
151,151,EXTERNAL_SAMPLE/0000151.png,degradation_restoration_poisoned,poisoned,0,1,9,0.12055620551109314,2.3332958221435547,-2.2127397060394287,0.01744506135582924,0.15946048498153687
152,152,EXTERNAL_SAMPLE/0000152.png,degradation_restoration_poisoned,poisoned,0,1,0,0.4739481210708618,13.388747215270996,-12.914798736572266,2.4612716060801176e-06,0.9999662637710571
153,153,EXTERNAL_SAMPLE/0000153.png,degradation_restoration_poisoned,poisoned,0,1,0,2.847470283508301,3.8095459938049316,-0.9620757102966309,0.1291339099407196,0.337959349155426
154,154,EXTERNAL_SAMPLE/0000154.png,degradation_restoration_poisoned,poisoned,0,1,0,2.867621898651123,7.694275379180908,-4.826653480529785,0.007823376916348934,0.9762998819351196
155,155,EXTERNAL_SAMPLE/0000155.png,degradation_restoration_poisoned,poisoned,0,1,0,3.152007579803467,11.772927284240723,-8.620920181274414,0.00018021720461547375,0.9995725750923157
156,156,EXTERNAL_SAMPLE/0000156.png,degradation_restoration_poisoned,poisoned,0,1,0,2.6334750652313232,4.776289463043213,-2.1428143978118896,0.07442203909158707,0.6343281865119934
157,157,EXTERNAL_SAMPLE/0000157.png,degradation_restoration_poisoned,poisoned,0,1,0,0.11244158446788788,11.394081115722656,-11.281639099121094,1.2598277862707619e-05,0.9996887445449829
158,158,EXTERNAL_SAMPLE/0000158.png,degradation_restoration_poisoned,poisoned,0,1,0,2.086404323577881,9.25531005859375,-7.168905735015869,0.0007679262780584395,0.9970930814743042
159,159,EXTERNAL_SAMPLE/0000159.png,degradation_restoration_poisoned,poisoned,0,1,0,1.2806053161621094,5.027076721191406,-3.746471405029297,0.018242264166474342,0.7729485630989075
160,160,EXTERNAL_SAMPLE/0000160.png,degradation_restoration_poisoned,poisoned,0,1,0,0.4485505223274231,6.8462300300598145,-6.397679328918457,0.0015734441112726927,0.9447744488716125
161,161,EXTERNAL_SAMPLE/0000161.png,degradation_restoration_poisoned,poisoned,0,1,0,1.5045526027679443,3.291328191757202,-1.7867755889892578,0.06128445640206337,0.365878701210022
162,162,EXTERNAL_SAMPLE/0000162.png,degradation_restoration_poisoned,poisoned,0,1,3,2.0803093910217285,3.1268832683563232,-1.0465738773345947,0.08955374360084534,0.2550380527973175
163,163,EXTERNAL_SAMPLE/0000163.png,degradation_restoration_poisoned,poisoned,0,1,0,4.553347110748291,6.885217666625977,-2.3318705558776855,0.07203603535890579,0.7417684197425842
164,164,EXTERNAL_SAMPLE/0000164.png,degradation_restoration_poisoned,poisoned,0,1,0,2.7589035034179688,8.813936233520508,-6.055032730102539,0.0023306661751121283,0.9934531450271606
165,165,EXTERNAL_SAMPLE/0000165.png,degradation_restoration_poisoned,poisoned,0,1,0,0.381549596786499,6.729371070861816,-6.347821235656738,0.0016754015814512968,0.9570676684379578
166,166,EXTERNAL_SAMPLE/0000166.png,degradation_restoration_poisoned,poisoned,0,1,8,1.1206495761871338,4.019916534423828,-2.8992669582366943,0.014264317229390144,0.2590517997741699
167,167,EXTERNAL_SAMPLE/0000167.png,degradation_restoration_poisoned,poisoned,0,1,0,4.831077575683594,8.163886070251465,-3.332808494567871,0.03397860750555992,0.9519758224487305
168,168,EXTERNAL_SAMPLE/0000168.png,degradation_restoration_poisoned,poisoned,0,1,0,1.6665544509887695,16.195823669433594,-14.529269218444824,4.897987082586042e-07,0.9999978542327881
169,169,EXTERNAL_SAMPLE/0000169.png,degradation_restoration_poisoned,poisoned,0,1,0,2.227424383163452,6.195128917694092,-3.9677045345306396,0.016150157898664474,0.8537465333938599
170,170,EXTERNAL_SAMPLE/0000170.png,degradation_restoration_poisoned,poisoned,0,1,0,4.715851306915283,5.66607141494751,-0.9502201080322266,0.25533661246299744,0.660371720790863
171,171,EXTERNAL_SAMPLE/0000171.png,degradation_restoration_poisoned,poisoned,0,1,0,0.5328405499458313,7.347172737121582,-6.814332008361816,0.0010629097232595086,0.9681065082550049
172,172,EXTERNAL_SAMPLE/0000172.png,degradation_restoration_poisoned,poisoned,0,1,0,-0.07282058149576187,10.810046195983887,-10.882866859436035,1.8755210476228967e-05,0.9988285899162292
173,173,EXTERNAL_SAMPLE/0000173.png,degradation_restoration_poisoned,poisoned,0,1,0,3.5587692260742188,6.364043712615967,-2.805274486541748,0.05430403724312782,0.8977333307266235
174,174,EXTERNAL_SAMPLE/0000174.png,degradation_restoration_poisoned,poisoned,0,1,9,0.20317891240119934,2.7280068397521973,-2.5248279571533203,0.018321873620152473,0.22881723940372467
175,175,EXTERNAL_SAMPLE/0000175.png,degradation_restoration_poisoned,poisoned,0,1,0,1.151122808456421,5.451662063598633,-4.300539016723633,0.006935019511729479,0.5113850235939026
176,176,EXTERNAL_SAMPLE/0000176.png,degradation_restoration_poisoned,poisoned,0,1,0,5.642827033996582,6.533390998840332,-0.89056396484375,0.2711319029331207,0.6606137752532959
177,177,EXTERNAL_SAMPLE/0000177.png,degradation_restoration_poisoned,poisoned,0,1,0,1.4303607940673828,12.42696475982666,-10.996603965759277,1.675667408562731e-05,0.9998900890350342
178,178,EXTERNAL_SAMPLE/0000178.png,degradation_restoration_poisoned,poisoned,0,1,0,2.5214955806732178,13.08742904663086,-10.565933227539062,2.5778070266824216e-05,0.9999468326568604
179,179,EXTERNAL_SAMPLE/0000179.png,degradation_restoration_poisoned,poisoned,0,1,0,0.7120623588562012,12.152841567993164,-11.440778732299805,1.0745678082457744e-05,0.9997718930244446
180,180,EXTERNAL_SAMPLE/0000180.png,degradation_restoration_poisoned,poisoned,0,1,0,1.8269712924957275,8.969634056091309,-7.14266300201416,0.0007865232182666659,0.9947882890701294
181,181,EXTERNAL_SAMPLE/0000181.png,degradation_restoration_poisoned,poisoned,0,1,0,0.8953552842140198,12.621526718139648,-11.726171493530273,8.073524440987967e-06,0.9992513060569763
182,182,EXTERNAL_SAMPLE/0000182.png,degradation_restoration_poisoned,poisoned,0,1,0,1.179556965827942,10.822986602783203,-9.64342975616455,6.480966840172186e-05,0.9993742108345032
183,183,EXTERNAL_SAMPLE/0000183.png,degradation_restoration_poisoned,poisoned,0,1,0,3.203209638595581,15.844826698303223,-12.641616821289062,3.2345467388950055e-06,0.9999949932098389
184,184,EXTERNAL_SAMPLE/0000184.png,degradation_restoration_poisoned,poisoned,0,1,0,0.9351655840873718,5.2401041984558105,-4.304938793182373,0.011612314730882645,0.8600623607635498
185,185,EXTERNAL_SAMPLE/0000185.png,degradation_restoration_poisoned,poisoned,0,1,0,2.1428632736206055,4.6418585777282715,-2.498995304107666,0.05893167480826378,0.7172138094902039
186,186,EXTERNAL_SAMPLE/0000186.png,degradation_restoration_poisoned,poisoned,0,1,0,1.5994532108306885,9.13907527923584,-7.5396223068237305,0.0005301241762936115,0.9972267746925354
187,187,EXTERNAL_SAMPLE/0000187.png,degradation_restoration_poisoned,poisoned,0,1,0,0.43644028902053833,8.015471458435059,-7.579030990600586,0.0005062656127847731,0.9906260967254639
188,188,EXTERNAL_SAMPLE/0000188.png,degradation_restoration_poisoned,poisoned,0,1,0,0.8530303239822388,4.451665878295898,-3.598635673522949,0.018055951222777367,0.6599149703979492
189,189,EXTERNAL_SAMPLE/0000189.png,degradation_restoration_poisoned,poisoned,0,1,5,1.3445219993591309,3.216301918029785,-1.8717799186706543,0.01491309329867363,0.09693294763565063
190,190,EXTERNAL_SAMPLE/0000190.png,degradation_restoration_poisoned,poisoned,0,1,0,1.2813509702682495,8.823330879211426,-7.541979789733887,0.0005251271650195122,0.9901583790779114
191,191,EXTERNAL_SAMPLE/0000191.png,degradation_restoration_poisoned,poisoned,0,1,0,1.0987597703933716,8.903851509094238,-7.805091857910156,0.00040528358658775687,0.9941853880882263
192,192,EXTERNAL_SAMPLE/0000192.png,degradation_restoration_poisoned,poisoned,0,1,0,0.5113572478294373,8.087869644165039,-7.576512336730957,0.0005052929045632482,0.9862356781959534
193,193,EXTERNAL_SAMPLE/0000193.png,degradation_restoration_poisoned,poisoned,0,1,0,1.5752605199813843,10.341670036315918,-8.766409873962402,0.00015569190145470202,0.9987791180610657
194,194,EXTERNAL_SAMPLE/0000194.png,degradation_restoration_poisoned,poisoned,0,1,0,-0.06965739279985428,10.111532211303711,-10.18118953704834,3.782136263907887e-05,0.9985540509223938
195,195,EXTERNAL_SAMPLE/0000195.png,degradation_restoration_poisoned,poisoned,0,1,0,1.8557524681091309,6.888051986694336,-5.032299518585205,0.004727349616587162,0.7246322631835938
196,196,EXTERNAL_SAMPLE/0000196.png,degradation_restoration_poisoned,poisoned,0,1,0,1.8027091026306152,6.0137505531311035,-4.211041450500488,0.01286719087511301,0.8675925135612488
197,197,EXTERNAL_SAMPLE/0000197.png,degradation_restoration_poisoned,poisoned,0,1,0,1.541574239730835,11.327215194702148,-9.785640716552734,5.623077959171496e-05,0.999594509601593
198,198,EXTERNAL_SAMPLE/0000198.png,degradation_restoration_poisoned,poisoned,0,1,0,1.0309503078460693,10.582505226135254,-9.551554679870605,7.104745600372553e-05,0.9993923902511597
199,199,EXTERNAL_SAMPLE/0000199.png,degradation_restoration_poisoned,poisoned,0,1,0,0.8328624963760376,4.992607116699219,-4.159744739532471,0.011679288931190968,0.7481187582015991
200,200,EXTERNAL_SAMPLE/0000200.png,degradation_restoration_poisoned,poisoned,0,1,0,0.14395058155059814,8.163728713989258,-8.01977825164795,0.00032656313851475716,0.9929162263870239
201,201,EXTERNAL_SAMPLE/0000201.png,degradation_restoration_poisoned,poisoned,0,1,0,2.054053544998169,6.177921295166016,-4.123867988586426,0.014896193519234657,0.9205522537231445
202,202,EXTERNAL_SAMPLE/0000202.png,degradation_restoration_poisoned,poisoned,0,1,0,0.342815637588501,13.942099571228027,-13.599284172058105,1.241236532223411e-06,0.9998816251754761
203,203,EXTERNAL_SAMPLE/0000203.png,degradation_restoration_poisoned,poisoned,0,1,0,1.1404154300689697,10.832372665405273,-9.691957473754883,6.17428740952164e-05,0.9994257688522339
204,204,EXTERNAL_SAMPLE/0000204.png,degradation_restoration_poisoned,poisoned,0,1,0,2.0711820125579834,6.575125217437744,-4.50394344329834,0.010350190103054047,0.9353757500648499
205,205,EXTERNAL_SAMPLE/0000205.png,degradation_restoration_poisoned,poisoned,0,1,0,2.053037643432617,5.971431732177734,-3.918394088745117,0.01646929234266281,0.8287277817726135
206,206,EXTERNAL_SAMPLE/0000206.png,degradation_restoration_poisoned,poisoned,0,1,0,1.2186495065689087,22.162382125854492,-20.94373321533203,8.021437958305455e-10,1.0
207,207,EXTERNAL_SAMPLE/0000207.png,degradation_restoration_poisoned,poisoned,0,1,0,0.8002362847328186,6.672173023223877,-5.871936798095703,0.0026046240236610174,0.9244741201400757
208,208,EXTERNAL_SAMPLE/0000208.png,degradation_restoration_poisoned,poisoned,0,1,0,2.5924582481384277,10.280713081359863,-7.6882548332214355,0.0004576327628456056,0.9988119602203369
209,209,EXTERNAL_SAMPLE/0000209.png,degradation_restoration_poisoned,poisoned,0,1,0,2.69551420211792,4.192495346069336,-1.496981143951416,0.1087387278676033,0.48586416244506836
210,210,EXTERNAL_SAMPLE/0000210.png,degradation_restoration_poisoned,poisoned,0,1,0,2.8967137336730957,6.602189540863037,-3.7054758071899414,0.019625607877969742,0.798161506652832
211,211,EXTERNAL_SAMPLE/0000211.png,degradation_restoration_poisoned,poisoned,0,1,6,0.30134347081184387,4.352784633636475,-4.051441192626953,0.0015785921132192016,0.09073785692453384
212,212,EXTERNAL_SAMPLE/0000212.png,degradation_restoration_poisoned,poisoned,0,1,3,2.327615261077881,2.3337833881378174,-0.0061681270599365234,0.022548269480466843,0.022687779739499092
213,213,EXTERNAL_SAMPLE/0000213.png,degradation_restoration_poisoned,poisoned,0,1,0,1.8694617748260498,7.420146465301514,-5.550684928894043,0.0037662764079868793,0.9694915413856506
214,214,EXTERNAL_SAMPLE/0000214.png,degradation_restoration_poisoned,poisoned,0,1,0,1.3610827922821045,15.280536651611328,-13.919453620910645,9.012727559820632e-07,0.9999957084655762
215,215,EXTERNAL_SAMPLE/0000215.png,degradation_restoration_poisoned,poisoned,0,1,0,1.0621265172958374,6.449667453765869,-5.387540817260742,0.00435637729242444,0.9525871276855469
216,216,EXTERNAL_SAMPLE/0000216.png,degradation_restoration_poisoned,poisoned,0,1,0,0.6552460789680481,15.376007080078125,-14.7207612991333,4.044379977585777e-07,0.9999939203262329
217,217,EXTERNAL_SAMPLE/0000217.png,degradation_restoration_poisoned,poisoned,0,1,0,0.0348011776804924,8.680200576782227,-8.64539909362793,0.00017520214896649122,0.9958376884460449
218,218,EXTERNAL_SAMPLE/0000218.png,degradation_restoration_poisoned,poisoned,0,1,0,0.7967241406440735,11.287583351135254,-10.490859031677246,2.772626066871453e-05,0.9977310299873352
219,219,EXTERNAL_SAMPLE/0000219.png,degradation_restoration_poisoned,poisoned,0,1,0,1.6666500568389893,9.331180572509766,-7.6645307540893555,0.00046789299813099205,0.9972635507583618
220,220,EXTERNAL_SAMPLE/0000220.png,degradation_restoration_poisoned,poisoned,0,1,0,0.9507949948310852,10.294122695922852,-9.343327522277832,8.744464867049828e-05,0.9988235831260681
221,221,EXTERNAL_SAMPLE/0000221.png,degradation_restoration_poisoned,poisoned,0,1,0,1.5293961763381958,5.869870185852051,-4.3404741287231445,0.010607327334582806,0.8140478730201721
222,222,EXTERNAL_SAMPLE/0000222.png,degradation_restoration_poisoned,poisoned,0,1,0,0.19928675889968872,12.657132148742676,-12.457845687866211,3.886701961164363e-06,0.9998960494995117
223,223,EXTERNAL_SAMPLE/0000223.png,degradation_restoration_poisoned,poisoned,0,1,0,0.9793995022773743,5.7131571769714355,-4.733757495880127,0.007511842530220747,0.8542622923851013
224,224,EXTERNAL_SAMPLE/0000224.png,degradation_restoration_poisoned,poisoned,0,1,0,1.1074024438858032,3.4757626056671143,-2.3683600425720215,0.03567720949649811,0.3810277581214905
225,225,EXTERNAL_SAMPLE/0000225.png,degradation_restoration_poisoned,poisoned,0,1,0,0.6938185095787048,6.337604999542236,-5.643786430358887,0.002003521891310811,0.5660560131072998
226,226,EXTERNAL_SAMPLE/0000226.png,degradation_restoration_poisoned,poisoned,0,1,0,0.3229618966579437,6.461525917053223,-6.138564109802246,0.0020249676890671253,0.9383450746536255
227,227,EXTERNAL_SAMPLE/0000227.png,degradation_restoration_poisoned,poisoned,0,1,0,0.6168504953384399,17.34174919128418,-16.724899291992188,5.450880635748945e-08,0.9999957084655762
228,228,EXTERNAL_SAMPLE/0000228.png,degradation_restoration_poisoned,poisoned,0,1,0,1.619286060333252,10.455719947814941,-8.836433410644531,0.00014500875840894878,0.9977195858955383
229,229,EXTERNAL_SAMPLE/0000229.png,degradation_restoration_poisoned,poisoned,0,1,0,1.2599095106124878,6.05265474319458,-4.792745113372803,0.006914499681442976,0.8341103792190552
230,230,EXTERNAL_SAMPLE/0000230.png,degradation_restoration_poisoned,poisoned,0,1,0,1.2841920852661133,9.392767906188965,-8.108575820922852,0.0002973378577735275,0.9880068302154541
231,231,EXTERNAL_SAMPLE/0000231.png,degradation_restoration_poisoned,poisoned,0,1,0,2.6776821613311768,4.5466227531433105,-1.8689405918121338,0.10214786976575851,0.6620638966560364
232,232,EXTERNAL_SAMPLE/0000232.png,degradation_restoration_poisoned,poisoned,0,1,0,0.49753427505493164,7.482740879058838,-6.985206604003906,0.0008805057150311768,0.9514124989509583
233,233,EXTERNAL_SAMPLE/0000233.png,degradation_restoration_poisoned,poisoned,0,1,0,0.5751346349716187,9.967516899108887,-9.392382621765137,8.326658280566335e-05,0.9989199638366699
234,234,EXTERNAL_SAMPLE/0000234.png,degradation_restoration_poisoned,poisoned,0,1,0,1.757091999053955,4.208594799041748,-2.451502799987793,0.05121086537837982,0.5943417549133301
235,235,EXTERNAL_SAMPLE/0000235.png,degradation_restoration_poisoned,poisoned,0,1,0,3.0150983333587646,7.707346439361572,-4.692248344421387,0.008958705700933933,0.9773786067962646
236,236,EXTERNAL_SAMPLE/0000236.png,degradation_restoration_poisoned,poisoned,0,1,0,0.41566845774650574,3.968858003616333,-3.553189516067505,0.016226232051849365,0.5666936039924622
237,237,EXTERNAL_SAMPLE/0000237.png,degradation_restoration_poisoned,poisoned,0,1,0,0.10494916886091232,14.31933879852295,-14.21438980102539,6.710561706313456e-07,0.9999767541885376
238,238,EXTERNAL_SAMPLE/0000238.png,degradation_restoration_poisoned,poisoned,0,1,0,0.8517377972602844,5.226344108581543,-4.374606132507324,0.009575259871780872,0.7603575587272644
239,239,EXTERNAL_SAMPLE/0000239.png,degradation_restoration_poisoned,poisoned,0,1,0,0.6487203240394592,4.682082653045654,-4.03336238861084,0.009063859470188618,0.5116584897041321
240,240,EXTERNAL_SAMPLE/0000240.png,degradation_restoration_poisoned,poisoned,0,1,0,3.7775542736053467,8.628889083862305,-4.851334571838379,0.007686005439609289,0.9831244945526123
241,241,EXTERNAL_SAMPLE/0000241.png,degradation_restoration_poisoned,poisoned,0,1,0,1.2923091650009155,5.750644207000732,-4.458334922790527,0.009181010536849499,0.792721688747406
242,242,EXTERNAL_SAMPLE/0000242.png,degradation_restoration_poisoned,poisoned,0,1,0,0.5054245591163635,11.810563087463379,-11.30513858795166,1.2306855751376133e-05,0.999784529209137
243,243,EXTERNAL_SAMPLE/0000243.png,degradation_restoration_poisoned,poisoned,0,1,0,1.0233798027038574,9.748451232910156,-8.72507095336914,0.00016225074068643153,0.998704195022583
244,244,EXTERNAL_SAMPLE/0000244.png,degradation_restoration_poisoned,poisoned,0,1,0,2.46024751663208,8.023502349853516,-5.5632548332214355,0.0037780117709189653,0.9848139882087708
245,245,EXTERNAL_SAMPLE/0000245.png,degradation_restoration_poisoned,poisoned,0,1,1,9.271406173706055,-0.42297056317329407,9.694376945495605,0.9974837303161621,6.147399108158424e-05
246,246,EXTERNAL_SAMPLE/0000246.png,degradation_restoration_poisoned,poisoned,0,1,0,0.4227164387702942,6.15510892868042,-5.732392311096191,0.0023179783020168543,0.7155759334564209
247,247,EXTERNAL_SAMPLE/0000247.png,degradation_restoration_poisoned,poisoned,0,1,0,1.3282456398010254,9.94360637664795,-8.615360260009766,0.00018093855760525912,0.9980092644691467
248,248,EXTERNAL_SAMPLE/0000248.png,degradation_restoration_poisoned,poisoned,0,1,0,0.9811537861824036,11.792681694030762,-10.811528205871582,2.0135892555117607e-05,0.9985226988792419
249,249,EXTERNAL_SAMPLE/0000249.png,degradation_restoration_poisoned,poisoned,0,1,0,1.3833675384521484,7.743419647216797,-6.360052108764648,0.0015205374220386147,0.8792910575866699
250,250,EXTERNAL_SAMPLE/0000250.png,degradation_restoration_poisoned,poisoned,0,1,2,3.4551796913146973,3.959300994873047,-0.5041213035583496,0.17766019701957703,0.2941218316555023
251,251,EXTERNAL_SAMPLE/0000251.png,degradation_restoration_poisoned,poisoned,0,1,9,1.3313459157943726,1.2916032075881958,0.03974270820617676,0.011119167320430279,0.010685925371944904
252,252,EXTERNAL_SAMPLE/0000252.png,degradation_restoration_poisoned,poisoned,0,1,0,1.5252822637557983,6.221972942352295,-4.696690559387207,0.00670817494392395,0.7351080179214478
253,253,EXTERNAL_SAMPLE/0000253.png,degradation_restoration_poisoned,poisoned,0,1,0,1.2794382572174072,15.435653686523438,-14.15621566772461,7.112635671546741e-07,0.999992847442627
254,254,EXTERNAL_SAMPLE/0000254.png,degradation_restoration_poisoned,poisoned,0,1,0,2.020923376083374,6.088734149932861,-4.067811012268066,0.0155361108481884,0.9077582955360413
255,255,EXTERNAL_SAMPLE/0000255.png,degradation_restoration_poisoned,poisoned,0,1,0,0.7244804501533508,9.618483543395996,-8.894002914428711,0.00013690354535356164,0.9977715015411377
256,256,EXTERNAL_SAMPLE/0000256.png,degradation_restoration_poisoned,poisoned,0,1,0,1.8900996446609497,4.5598249435424805,-2.6697254180908203,0.037571076303720474,0.5423762202262878
257,257,EXTERNAL_SAMPLE/0000257.png,degradation_restoration_poisoned,poisoned,0,1,0,1.5594911575317383,4.201092720031738,-2.6416015625,0.04921337589621544,0.6907424330711365
258,258,EXTERNAL_SAMPLE/0000258.png,degradation_restoration_poisoned,poisoned,0,1,0,2.697192668914795,6.834477424621582,-4.137284755706787,0.014805447310209274,0.9273025393486023
259,259,EXTERNAL_SAMPLE/0000259.png,degradation_restoration_poisoned,poisoned,0,1,0,4.322241306304932,5.118408203125,-0.7961668968200684,0.2575215995311737,0.5709322094917297
260,260,EXTERNAL_SAMPLE/0000260.png,degradation_restoration_poisoned,poisoned,0,1,0,1.2842366695404053,2.909982919692993,-1.625746250152588,0.05658653378486633,0.28758466243743896
261,261,EXTERNAL_SAMPLE/0000261.png,degradation_restoration_poisoned,poisoned,0,1,0,1.9174619913101196,6.0737199783325195,-4.1562581062316895,0.014562294818460941,0.9295436143875122
262,262,EXTERNAL_SAMPLE/0000262.png,degradation_restoration_poisoned,poisoned,0,1,0,0.03444064408540726,11.358535766601562,-11.324094772338867,1.2074759979441296e-05,0.9997015595436096
263,263,EXTERNAL_SAMPLE/0000263.png,degradation_restoration_poisoned,poisoned,0,1,0,3.256284236907959,12.93628978729248,-9.68000602722168,6.250727892620489e-05,0.9997785687446594
264,264,EXTERNAL_SAMPLE/0000264.png,degradation_restoration_poisoned,poisoned,0,1,0,2.5980300903320312,11.669331550598145,-9.071301460266113,0.00011488095333334059,0.9996873140335083
265,265,EXTERNAL_SAMPLE/0000265.png,degradation_restoration_poisoned,poisoned,0,1,0,1.2172564268112183,8.431321144104004,-7.214064598083496,0.0007276703836396337,0.9884691834449768
266,266,EXTERNAL_SAMPLE/0000266.png,degradation_restoration_poisoned,poisoned,0,1,0,2.6694512367248535,11.23745059967041,-8.567998886108398,0.0001899175113067031,0.999078631401062
267,267,EXTERNAL_SAMPLE/0000267.png,degradation_restoration_poisoned,poisoned,0,1,0,-1.4971091747283936,18.085975646972656,-19.583084106445312,3.1273330591830018e-09,0.9999988079071045
268,268,EXTERNAL_SAMPLE/0000268.png,degradation_restoration_poisoned,poisoned,0,1,0,1.0535025596618652,6.408685684204102,-5.355183124542236,0.004296082071959972,0.9094922542572021
269,269,EXTERNAL_SAMPLE/0000269.png,degradation_restoration_poisoned,poisoned,0,1,3,0.5744472146034241,3.0360732078552246,-2.4616260528564453,0.014219255186617374,0.16670455038547516
270,270,EXTERNAL_SAMPLE/0000270.png,degradation_restoration_poisoned,poisoned,0,1,0,0.06093835085630417,11.663145065307617,-11.60220718383789,9.136089829553384e-06,0.9989296793937683
271,271,EXTERNAL_SAMPLE/0000271.png,degradation_restoration_poisoned,poisoned,0,1,0,0.4303430914878845,13.670463562011719,-13.240120887756348,1.7777525727069587e-06,0.9999603033065796
272,272,EXTERNAL_SAMPLE/0000272.png,degradation_restoration_poisoned,poisoned,0,1,0,3.008328914642334,8.471466064453125,-5.463137149810791,0.004195694345980883,0.9894961714744568
273,273,EXTERNAL_SAMPLE/0000273.png,degradation_restoration_poisoned,poisoned,0,1,0,-0.05342123657464981,11.376667022705078,-11.43008804321289,1.086058637156384e-05,0.9997177720069885
274,274,EXTERNAL_SAMPLE/0000274.png,degradation_restoration_poisoned,poisoned,0,1,3,1.332718849182129,4.4681901931762695,-3.1354713439941406,0.01593770459294319,0.36655882000923157
275,275,EXTERNAL_SAMPLE/0000275.png,degradation_restoration_poisoned,poisoned,0,1,0,0.7473491430282593,8.11128044128418,-7.363931179046631,0.0006245680269785225,0.9855858683586121
276,276,EXTERNAL_SAMPLE/0000276.png,degradation_restoration_poisoned,poisoned,0,1,0,1.6909692287445068,6.891470909118652,-5.200501441955566,0.004191158805042505,0.7601218223571777
277,277,EXTERNAL_SAMPLE/0000277.png,degradation_restoration_poisoned,poisoned,0,1,0,1.0267583131790161,4.20606803894043,-3.179309844970703,0.025480538606643677,0.6123015284538269
278,278,EXTERNAL_SAMPLE/0000278.png,degradation_restoration_poisoned,poisoned,0,1,0,0.12780624628067017,8.763278007507324,-8.63547134399414,0.00017643766477704048,0.992953360080719
279,279,EXTERNAL_SAMPLE/0000279.png,degradation_restoration_poisoned,poisoned,0,1,0,1.1288771629333496,4.996680736541748,-3.8678035736083984,0.014538745395839214,0.6954928636550903
280,280,EXTERNAL_SAMPLE/0000280.png,degradation_restoration_poisoned,poisoned,0,1,0,1.6340807676315308,4.672210216522217,-3.0381293296813965,0.034590207040309906,0.7217652797698975
281,281,EXTERNAL_SAMPLE/0000281.png,degradation_restoration_poisoned,poisoned,0,1,0,0.9720697402954102,14.205074310302734,-13.233004570007324,1.7904811784319463e-06,0.9999784231185913
282,282,EXTERNAL_SAMPLE/0000282.png,degradation_restoration_poisoned,poisoned,0,1,0,1.7933322191238403,8.832334518432617,-7.039002418518066,0.0007793703116476536,0.888676643371582
283,283,EXTERNAL_SAMPLE/0000283.png,degradation_restoration_poisoned,poisoned,0,1,0,1.6360374689102173,12.872658729553223,-11.236620903015137,1.3181082977098413e-05,0.9998929500579834
284,284,EXTERNAL_SAMPLE/0000284.png,degradation_restoration_poisoned,poisoned,0,1,1,6.375198841094971,5.123035430908203,1.2521634101867676,0.75245201587677,0.2151152342557907
285,285,EXTERNAL_SAMPLE/0000285.png,degradation_restoration_poisoned,poisoned,0,1,0,3.308887004852295,6.799313545227051,-3.490426540374756,0.02870170958340168,0.9414142370223999
286,286,EXTERNAL_SAMPLE/0000286.png,degradation_restoration_poisoned,poisoned,0,1,0,0.08911455422639847,9.130970001220703,-9.041855812072754,0.00011808049021055922,0.9977144002914429
287,287,EXTERNAL_SAMPLE/0000287.png,degradation_restoration_poisoned,poisoned,0,1,0,0.9756796956062317,19.785381317138672,-18.809701919555664,6.777199246243981e-09,1.0
288,288,EXTERNAL_SAMPLE/0000288.png,degradation_restoration_poisoned,poisoned,0,1,0,0.6838921904563904,4.109451770782471,-3.4255595207214355,0.019987624138593674,0.6144163608551025
289,289,EXTERNAL_SAMPLE/0000289.png,degradation_restoration_poisoned,poisoned,0,1,0,1.7675180435180664,19.896465301513672,-18.128948211669922,1.338744670675851e-08,0.9999998807907104
290,290,EXTERNAL_SAMPLE/0000290.png,degradation_restoration_poisoned,poisoned,0,1,0,0.5397973656654358,10.218045234680176,-9.678247451782227,6.250660953810439e-05,0.9980111122131348
291,291,EXTERNAL_SAMPLE/0000291.png,degradation_restoration_poisoned,poisoned,0,1,0,0.12615171074867249,10.71650505065918,-10.590353012084961,2.514378502382897e-05,0.9994533658027649
292,292,EXTERNAL_SAMPLE/0000292.png,degradation_restoration_poisoned,poisoned,0,1,0,1.6274523735046387,7.660843849182129,-6.03339147567749,0.0023636959958821535,0.9859622120857239
293,293,EXTERNAL_SAMPLE/0000293.png,degradation_restoration_poisoned,poisoned,0,1,0,0.8267561197280884,3.815343141555786,-2.988586902618408,0.021793749183416367,0.43277159333229065
294,294,EXTERNAL_SAMPLE/0000294.png,degradation_restoration_poisoned,poisoned,0,1,0,1.7830994129180908,7.822672367095947,-6.039572715759277,0.002333021257072687,0.9792008399963379
295,295,EXTERNAL_SAMPLE/0000295.png,degradation_restoration_poisoned,poisoned,0,1,0,1.7465894222259521,6.064426898956299,-4.317837715148926,0.011851363815367222,0.889163076877594
296,296,EXTERNAL_SAMPLE/0000296.png,degradation_restoration_poisoned,poisoned,0,1,0,1.5222561359405518,20.71685218811035,-19.194595336914062,4.612040971352371e-09,1.0
297,297,EXTERNAL_SAMPLE/0000297.png,degradation_restoration_poisoned,poisoned,0,1,6,-0.441753089427948,5.4748854637146,-5.916638374328613,0.0008635961567051709,0.32053396105766296
298,298,EXTERNAL_SAMPLE/0000298.png,degradation_restoration_poisoned,poisoned,0,1,0,1.3178458213806152,10.658339500427246,-9.340494155883789,8.771154534770176e-05,0.999037504196167
299,299,EXTERNAL_SAMPLE/0000299.png,degradation_restoration_poisoned,poisoned,0,1,0,1.9699695110321045,8.38739013671875,-6.417420387268066,0.00161006860435009,0.9860402345657349
300,300,EXTERNAL_SAMPLE/0000300.png,degradation_restoration_poisoned,poisoned,0,1,1,6.555026054382324,3.6864609718322754,2.868565082550049,0.770592451095581,0.04375450313091278
301,301,EXTERNAL_SAMPLE/0000301.png,degradation_restoration_poisoned,poisoned,0,1,0,0.9723716378211975,10.80690860748291,-9.8345365524292,5.3531595767708495e-05,0.9992983341217041
302,302,EXTERNAL_SAMPLE/0000302.png,degradation_restoration_poisoned,poisoned,0,1,0,0.7160940766334534,7.292069911956787,-6.5759758949279785,0.0013651964254677296,0.9797271490097046
303,303,EXTERNAL_SAMPLE/0000303.png,degradation_restoration_poisoned,poisoned,0,1,0,0.6869695782661438,8.658143043518066,-7.971173286437988,0.00034246649011038244,0.9918698072433472
304,304,EXTERNAL_SAMPLE/0000304.png,degradation_restoration_poisoned,poisoned,0,1,0,1.3078277111053467,10.522547721862793,-9.214719772338867,9.94196452666074e-05,0.9985600113868713
305,305,EXTERNAL_SAMPLE/0000305.png,degradation_restoration_poisoned,poisoned,0,1,0,1.4177731275558472,3.584005832672119,-2.1662325859069824,0.03983263298869133,0.34755370020866394
306,306,EXTERNAL_SAMPLE/0000306.png,degradation_restoration_poisoned,poisoned,0,1,0,1.3592394590377808,6.589671611785889,-5.230432033538818,0.004984009545296431,0.931379497051239
307,307,EXTERNAL_SAMPLE/0000307.png,degradation_restoration_poisoned,poisoned,0,1,0,0.22721213102340698,11.781336784362793,-11.55412483215332,9.59417229751125e-06,0.9997702240943909
308,308,EXTERNAL_SAMPLE/0000308.png,degradation_restoration_poisoned,poisoned,0,1,0,1.4380911588668823,12.15172290802002,-10.713631629943848,2.2237092707655393e-05,0.9998828172683716
309,309,EXTERNAL_SAMPLE/0000309.png,degradation_restoration_poisoned,poisoned,0,1,0,2.534376621246338,7.046912670135498,-4.51253604888916,0.010570604354143143,0.9635390043258667
310,310,EXTERNAL_SAMPLE/0000310.png,degradation_restoration_poisoned,poisoned,0,1,0,1.1761691570281982,9.160120010375977,-7.983950614929199,0.000338343990733847,0.9925312399864197
311,311,EXTERNAL_SAMPLE/0000311.png,degradation_restoration_poisoned,poisoned,0,1,0,1.2505534887313843,11.483428001403809,-10.232874870300293,3.5951183235738426e-05,0.9995265007019043
312,312,EXTERNAL_SAMPLE/0000312.png,degradation_restoration_poisoned,poisoned,0,1,0,1.3276739120483398,4.762674331665039,-3.435000419616699,0.01794188655912876,0.5567623376846313
313,313,EXTERNAL_SAMPLE/0000313.png,degradation_restoration_poisoned,poisoned,0,1,0,3.6314642429351807,14.571043968200684,-10.939579963684082,1.77415076905163e-05,0.999976396560669
314,314,EXTERNAL_SAMPLE/0000314.png,degradation_restoration_poisoned,poisoned,0,1,3,4.334906101226807,4.000275135040283,0.33463096618652344,0.1796242594718933,0.12853950262069702
315,315,EXTERNAL_SAMPLE/0000315.png,degradation_restoration_poisoned,poisoned,0,1,0,1.8739830255508423,8.853910446166992,-6.9799275398254395,0.0009216523612849414,0.990629255771637
316,316,EXTERNAL_SAMPLE/0000316.png,degradation_restoration_poisoned,poisoned,0,1,0,-0.3065516948699951,10.706140518188477,-11.01269245147705,1.6462765415781178e-05,0.9982845187187195
317,317,EXTERNAL_SAMPLE/0000317.png,degradation_restoration_poisoned,poisoned,0,1,0,3.6813361644744873,7.323956489562988,-3.642620325088501,0.02506284974515438,0.9571947455406189
318,318,EXTERNAL_SAMPLE/0000318.png,degradation_restoration_poisoned,poisoned,0,1,0,-0.4440586566925049,10.387063026428223,-10.831121444702148,1.9732455257326365e-05,0.9978779554367065
319,319,EXTERNAL_SAMPLE/0000319.png,degradation_restoration_poisoned,poisoned,0,1,0,0.8876416087150574,9.581189155578613,-8.693547248840332,0.00016689946642145514,0.9954387545585632
320,320,EXTERNAL_SAMPLE/0000320.png,degradation_restoration_poisoned,poisoned,0,1,8,1.257528305053711,2.229835033416748,-0.9723067283630371,0.05564020201563835,0.14711472392082214
321,321,EXTERNAL_SAMPLE/0000321.png,degradation_restoration_poisoned,poisoned,0,1,0,1.3077874183654785,15.280342102050781,-13.972555160522461,8.546619483240647e-07,0.9999953508377075
322,322,EXTERNAL_SAMPLE/0000322.png,degradation_restoration_poisoned,poisoned,0,1,1,3.971522092819214,3.6071879863739014,0.3643341064453125,0.3981981575489044,0.27661195397377014
323,323,EXTERNAL_SAMPLE/0000323.png,degradation_restoration_poisoned,poisoned,0,1,0,1.9254916906356812,14.009293556213379,-12.083802223205566,5.650135335599771e-06,0.9999711513519287
324,324,EXTERNAL_SAMPLE/0000324.png,degradation_restoration_poisoned,poisoned,0,1,0,0.5158236622810364,18.276363372802734,-17.760540008544922,1.9350638424953104e-08,0.9999996423721313
325,325,EXTERNAL_SAMPLE/0000325.png,degradation_restoration_poisoned,poisoned,0,1,0,1.5022826194763184,11.542325019836426,-10.040042877197266,4.360663297120482e-05,0.9997416138648987
326,326,EXTERNAL_SAMPLE/0000326.png,degradation_restoration_poisoned,poisoned,0,1,0,1.100711464881897,8.358031272888184,-7.257319927215576,0.000698467658367008,0.9907413721084595
327,327,EXTERNAL_SAMPLE/0000327.png,degradation_restoration_poisoned,poisoned,0,1,0,2.0212507247924805,6.099235534667969,-4.077984809875488,0.012128171510994434,0.7158823013305664
328,328,EXTERNAL_SAMPLE/0000328.png,degradation_restoration_poisoned,poisoned,0,1,0,0.4457060396671295,4.892537593841553,-4.446831703186035,0.006354449782520533,0.5423909425735474
329,329,EXTERNAL_SAMPLE/0000329.png,degradation_restoration_poisoned,poisoned,0,1,0,1.0609551668167114,11.973440170288086,-10.912485122680664,1.822626290959306e-05,0.99983811378479
330,330,EXTERNAL_SAMPLE/0000330.png,degradation_restoration_poisoned,poisoned,0,1,0,0.07015910744667053,12.179938316345215,-12.109779357910156,5.504793989530299e-06,0.9998880624771118
331,331,EXTERNAL_SAMPLE/0000331.png,degradation_restoration_poisoned,poisoned,0,1,0,2.323713779449463,9.070157051086426,-6.746443271636963,0.0011533781653270125,0.9815554022789001
332,332,EXTERNAL_SAMPLE/0000332.png,degradation_restoration_poisoned,poisoned,0,1,0,1.7932212352752686,4.894684791564941,-3.101463556289673,0.03278423100709915,0.728808581829071
333,333,EXTERNAL_SAMPLE/0000333.png,degradation_restoration_poisoned,poisoned,0,1,0,2.549614906311035,11.538554191589355,-8.98893928527832,0.000124730882816948,0.9995872378349304
334,334,EXTERNAL_SAMPLE/0000334.png,degradation_restoration_poisoned,poisoned,0,1,0,-0.30454424023628235,14.633748054504395,-14.938292503356934,3.2537010952182754e-07,0.9999899864196777
335,335,EXTERNAL_SAMPLE/0000335.png,degradation_restoration_poisoned,poisoned,0,1,0,2.0774667263031006,11.490535736083984,-9.413068771362305,8.162661106325686e-05,0.9997135996818542
336,336,EXTERNAL_SAMPLE/0000336.png,degradation_restoration_poisoned,poisoned,0,1,0,1.97456955909729,11.698640823364258,-9.724071502685547,5.981356298434548e-05,0.9997934699058533
337,337,EXTERNAL_SAMPLE/0000337.png,degradation_restoration_poisoned,poisoned,0,1,3,1.6850790977478027,4.020511627197266,-2.335432529449463,0.035533249378204346,0.36719807982444763
338,338,EXTERNAL_SAMPLE/0000338.png,degradation_restoration_poisoned,poisoned,0,1,0,2.695997714996338,7.869513988494873,-5.173516273498535,0.005533812567591667,0.9769087433815002
339,339,EXTERNAL_SAMPLE/0000339.png,degradation_restoration_poisoned,poisoned,0,1,0,3.089568614959717,15.5825834274292,-12.49301528930664,3.752750671992544e-06,0.9999938011169434
340,340,EXTERNAL_SAMPLE/0000340.png,degradation_restoration_poisoned,poisoned,0,1,8,0.2576169967651367,1.204842209815979,-0.9472252130508423,0.025513749569654465,0.06578834354877472
341,341,EXTERNAL_SAMPLE/0000341.png,degradation_restoration_poisoned,poisoned,0,1,0,3.184256076812744,13.914661407470703,-10.730405807495117,2.1868767362320796e-05,0.9999547004699707
342,342,EXTERNAL_SAMPLE/0000342.png,degradation_restoration_poisoned,poisoned,0,1,3,1.2453787326812744,2.066662549972534,-0.8212838172912598,0.007589651737362146,0.01725444570183754
343,343,EXTERNAL_SAMPLE/0000343.png,degradation_restoration_poisoned,poisoned,0,1,0,3.3541407585144043,10.717060089111328,-7.362919330596924,0.0006336087244562805,0.9988411068916321
344,344,EXTERNAL_SAMPLE/0000344.png,degradation_restoration_poisoned,poisoned,0,1,0,2.3906402587890625,10.542214393615723,-8.15157413482666,0.00028804014436900616,0.9991637468338013
345,345,EXTERNAL_SAMPLE/0000345.png,degradation_restoration_poisoned,poisoned,0,1,0,2.0612950325012207,12.073527336120605,-10.012231826782227,4.484086821321398e-05,0.9998412132263184
346,346,EXTERNAL_SAMPLE/0000346.png,degradation_restoration_poisoned,poisoned,0,1,0,1.3980858325958252,3.1425442695617676,-1.7444584369659424,0.059957098215818405,0.34312257170677185
347,347,EXTERNAL_SAMPLE/0000347.png,degradation_restoration_poisoned,poisoned,0,1,0,3.2856109142303467,11.41179084777832,-8.126179695129395,0.00029511976754292846,0.9980522394180298
348,348,EXTERNAL_SAMPLE/0000348.png,degradation_restoration_poisoned,poisoned,0,1,0,0.7057598829269409,13.193866729736328,-12.488106727600098,3.7710626656917157e-06,0.999953031539917
349,349,EXTERNAL_SAMPLE/0000349.png,degradation_restoration_poisoned,poisoned,0,1,0,2.9904255867004395,15.656886100769043,-12.666460037231445,3.1551733172818786e-06,0.999992847442627
350,350,EXTERNAL_SAMPLE/0000350.png,degradation_restoration_poisoned,poisoned,0,1,0,4.4934401512146,8.123486518859863,-3.6300463676452637,0.025613591074943542,0.9660055041313171
351,351,EXTERNAL_SAMPLE/0000351.png,degradation_restoration_poisoned,poisoned,0,1,5,0.48370227217674255,3.190336227416992,-2.706634044647217,0.014126610942184925,0.21159929037094116
352,352,EXTERNAL_SAMPLE/0000352.png,degradation_restoration_poisoned,poisoned,0,1,0,1.0980618000030518,10.209360122680664,-9.111298561096191,0.0001102328096749261,0.9983838796615601
353,353,EXTERNAL_SAMPLE/0000353.png,degradation_restoration_poisoned,poisoned,0,1,0,2.269920825958252,10.869645118713379,-8.599723815917969,0.00018406740855425596,0.9995154142379761
354,354,EXTERNAL_SAMPLE/0000354.png,degradation_restoration_poisoned,poisoned,0,1,0,1.437831163406372,8.577069282531738,-7.139238357543945,0.0007874693255871534,0.9925798773765564
355,355,EXTERNAL_SAMPLE/0000355.png,degradation_restoration_poisoned,poisoned,0,1,0,0.5811778903007507,14.769248008728027,-14.188070297241211,6.889577548463421e-07,0.9999845027923584
356,356,EXTERNAL_SAMPLE/0000356.png,degradation_restoration_poisoned,poisoned,0,1,0,3.457240581512451,15.502900123596191,-12.045660018920898,5.869922460988164e-06,0.9999908208847046
357,357,EXTERNAL_SAMPLE/0000357.png,degradation_restoration_poisoned,poisoned,0,1,0,1.3734469413757324,17.84236717224121,-16.46891975402832,7.04107350202321e-08,0.9999996423721313
358,358,EXTERNAL_SAMPLE/0000358.png,degradation_restoration_poisoned,poisoned,0,1,0,2.312246322631836,7.025354862213135,-4.713108539581299,0.008484979160130024,0.9452087879180908
359,359,EXTERNAL_SAMPLE/0000359.png,degradation_restoration_poisoned,poisoned,0,1,0,2.7034106254577637,5.0004448890686035,-2.29703426361084,0.0534437820315361,0.5314794778823853
360,360,EXTERNAL_SAMPLE/0000360.png,degradation_restoration_poisoned,poisoned,0,1,0,0.5582773685455322,5.686946868896484,-5.128669738769531,0.0029619107954204082,0.4999481439590454
361,361,EXTERNAL_SAMPLE/0000361.png,degradation_restoration_poisoned,poisoned,0,1,0,1.3666231632232666,11.072945594787598,-9.70632266998291,6.087629299145192e-05,0.9996559619903564
362,362,EXTERNAL_SAMPLE/0000362.png,degradation_restoration_poisoned,poisoned,0,1,4,1.5732866525650024,4.537095069885254,-2.963808536529541,0.017066840082406998,0.33061209321022034
363,363,EXTERNAL_SAMPLE/0000363.png,degradation_restoration_poisoned,poisoned,0,1,0,1.8701927661895752,6.427434921264648,-4.557242393493652,0.008942428976297379,0.8523945808410645
364,364,EXTERNAL_SAMPLE/0000364.png,degradation_restoration_poisoned,poisoned,0,1,0,4.4844465255737305,5.424081325531006,-0.9396347999572754,0.25355371832847595,0.6488558053970337
365,365,EXTERNAL_SAMPLE/0000365.png,degradation_restoration_poisoned,poisoned,0,1,0,1.575191617012024,7.096724510192871,-5.521533012390137,0.003860707627609372,0.9652464985847473
366,366,EXTERNAL_SAMPLE/0000366.png,degradation_restoration_poisoned,poisoned,0,1,0,2.1500918865203857,11.812958717346191,-9.662866592407227,6.358450627885759e-05,0.999725878238678
367,367,EXTERNAL_SAMPLE/0000367.png,degradation_restoration_poisoned,poisoned,0,1,0,2.1234283447265625,6.144073486328125,-4.0206451416015625,0.01520177535712719,0.8473021388053894
368,368,EXTERNAL_SAMPLE/0000368.png,degradation_restoration_poisoned,poisoned,0,1,0,2.391357183456421,9.298900604248047,-6.907543182373047,0.0009962074691429734,0.9959961175918579
369,369,EXTERNAL_SAMPLE/0000369.png,degradation_restoration_poisoned,poisoned,0,1,1,5.238627910614014,3.4544479846954346,1.784179925918579,0.6426427364349365,0.1079220399260521
370,370,EXTERNAL_SAMPLE/0000370.png,degradation_restoration_poisoned,poisoned,0,1,0,4.569082736968994,7.824337005615234,-3.2552542686462402,0.03654303029179573,0.9474220871925354
371,371,EXTERNAL_SAMPLE/0000371.png,degradation_restoration_poisoned,poisoned,0,1,0,2.0669925212860107,10.12271785736084,-8.05572509765625,0.00031691615004092455,0.9988524913787842
372,372,EXTERNAL_SAMPLE/0000372.png,degradation_restoration_poisoned,poisoned,0,1,0,1.3850547075271606,9.787956237792969,-8.402901649475098,0.00022367434576153755,0.9975851774215698
373,373,EXTERNAL_SAMPLE/0000373.png,degradation_restoration_poisoned,poisoned,0,1,3,2.1324613094329834,4.264824867248535,-2.1323635578155518,0.004062436521053314,0.03426576405763626
374,374,EXTERNAL_SAMPLE/0000374.png,degradation_restoration_poisoned,poisoned,0,1,0,1.6693838834762573,9.802520751953125,-8.133136749267578,0.00029323319904506207,0.9985954165458679
375,375,EXTERNAL_SAMPLE/0000375.png,degradation_restoration_poisoned,poisoned,0,1,0,1.7226176261901855,5.172647953033447,-3.4500303268432617,0.02682216838002205,0.8449344635009766
376,376,EXTERNAL_SAMPLE/0000376.png,degradation_restoration_poisoned,poisoned,0,1,0,-0.5290417671203613,10.591336250305176,-11.120378494262695,1.43101160574588e-05,0.9664116501808167
377,377,EXTERNAL_SAMPLE/0000377.png,degradation_restoration_poisoned,poisoned,0,1,0,2.0206775665283203,9.57181453704834,-7.5511369705200195,0.0005234802374616265,0.9961330890655518
378,378,EXTERNAL_SAMPLE/0000378.png,degradation_restoration_poisoned,poisoned,0,1,0,0.49820148944854736,10.573851585388184,-10.075650215148926,4.2041396227432415e-05,0.9987950325012207
379,379,EXTERNAL_SAMPLE/0000379.png,degradation_restoration_poisoned,poisoned,0,1,0,4.338913440704346,6.969432353973389,-2.630518913269043,0.06604194641113281,0.9167263507843018
380,380,EXTERNAL_SAMPLE/0000380.png,degradation_restoration_poisoned,poisoned,0,1,0,3.1235408782958984,11.559906005859375,-8.436365127563477,0.00021671733702532947,0.9994485974311829
381,381,EXTERNAL_SAMPLE/0000381.png,degradation_restoration_poisoned,poisoned,0,1,0,2.2271077632904053,12.267440795898438,-10.040332794189453,4.359936065156944e-05,0.9998646974563599
382,382,EXTERNAL_SAMPLE/0000382.png,degradation_restoration_poisoned,poisoned,0,1,0,0.9661794304847717,6.413958549499512,-5.447779178619385,0.004060810431838036,0.9430900812149048
383,383,EXTERNAL_SAMPLE/0000383.png,degradation_restoration_poisoned,poisoned,0,1,0,1.9354677200317383,6.673853397369385,-4.7383856773376465,0.007999765686690807,0.9139702320098877
384,384,EXTERNAL_SAMPLE/0000384.png,degradation_restoration_poisoned,poisoned,0,1,0,0.4493221640586853,14.580129623413086,-14.130807876586914,7.295417390196235e-07,0.9999586343765259
385,385,EXTERNAL_SAMPLE/0000385.png,degradation_restoration_poisoned,poisoned,0,1,0,4.02564811706543,13.3601655960083,-9.334517478942871,8.831246668705717e-05,0.9998881816864014
386,386,EXTERNAL_SAMPLE/0000386.png,degradation_restoration_poisoned,poisoned,0,1,0,1.5287396907806396,10.868829727172852,-9.340089797973633,8.762817014940083e-05,0.9976844787597656
387,387,EXTERNAL_SAMPLE/0000387.png,degradation_restoration_poisoned,poisoned,1,1,1,16.038740158081055,16.038740158081055,0.0,0.9999957084655762,0.9999957084655762
388,388,EXTERNAL_SAMPLE/0000388.png,degradation_restoration_poisoned,poisoned,1,1,1,10.326027870178223,10.326027870178223,0.0,0.9990130662918091,0.9990130662918091
389,389,EXTERNAL_SAMPLE/0000389.png,degradation_restoration_poisoned,poisoned,1,1,1,9.453622817993164,9.453622817993164,0.0,0.9980633854866028,0.9980633854866028
390,390,EXTERNAL_SAMPLE/0000390.png,degradation_restoration_poisoned,poisoned,1,1,1,8.449701309204102,8.449701309204102,0.0,0.9924033880233765,0.9924033880233765
391,391,EXTERNAL_SAMPLE/0000391.png,degradation_restoration_poisoned,poisoned,1,1,1,8.976256370544434,8.976256370544434,0.0,0.9899459481239319,0.9899459481239319
392,392,EXTERNAL_SAMPLE/0000392.png,degradation_restoration_poisoned,poisoned,1,1,1,12.51046371459961,12.51046371459961,0.0,0.9999380111694336,0.9999380111694336
393,393,EXTERNAL_SAMPLE/0000393.png,degradation_restoration_poisoned,poisoned,1,1,1,7.180603981018066,7.180603981018066,0.0,0.9760633111000061,0.9760633111000061
394,394,EXTERNAL_SAMPLE/0000394.png,degradation_restoration_poisoned,poisoned,1,1,9,1.7218401432037354,1.7218401432037354,0.0,0.07243912667036057,0.07243912667036057
395,395,EXTERNAL_SAMPLE/0000395.png,degradation_restoration_poisoned,poisoned,1,1,1,6.39811897277832,6.39811897277832,0.0,0.9030303955078125,0.9030303955078125
396,396,EXTERNAL_SAMPLE/0000396.png,degradation_restoration_poisoned,poisoned,1,1,1,17.3651065826416,17.3651065826416,0.0,0.9999991655349731,0.9999991655349731
397,397,EXTERNAL_SAMPLE/0000397.png,degradation_restoration_poisoned,poisoned,1,1,1,3.5981078147888184,3.5981078147888184,0.0,0.46490204334259033,0.46490204334259033
398,398,EXTERNAL_SAMPLE/0000398.png,degradation_restoration_poisoned,poisoned,1,1,1,6.673825740814209,6.673825740814209,0.0,0.8656421899795532,0.8656421899795532
399,399,EXTERNAL_SAMPLE/0000399.png,degradation_restoration_poisoned,poisoned,1,1,1,18.68051528930664,18.68051528930664,0.0,1.0,1.0
400,400,EXTERNAL_SAMPLE/0000400.png,degradation_restoration_poisoned,poisoned,1,1,1,14.233841896057129,14.233841896057129,0.0,0.99992835521698,0.99992835521698
401,401,EXTERNAL_SAMPLE/0000401.png,degradation_restoration_poisoned,poisoned,1,1,1,13.195952415466309,13.195952415466309,0.0,0.9999160766601562,0.9999160766601562
402,402,EXTERNAL_SAMPLE/0000402.png,degradation_restoration_poisoned,poisoned,1,1,1,10.727625846862793,10.727625846862793,0.0,0.9995923638343811,0.9995923638343811
403,403,EXTERNAL_SAMPLE/0000403.png,degradation_restoration_poisoned,poisoned,1,1,1,7.499880790710449,7.499880790710449,0.0,0.9876311421394348,0.9876311421394348
404,404,EXTERNAL_SAMPLE/0000404.png,degradation_restoration_poisoned,poisoned,1,1,1,14.02033805847168,14.02033805847168,0.0,0.9999655485153198,0.9999655485153198
405,405,EXTERNAL_SAMPLE/0000405.png,degradation_restoration_poisoned,poisoned,1,1,0,0.21873460710048676,0.21873460710048676,0.0,0.009634350426495075,0.009634350426495075
406,406,EXTERNAL_SAMPLE/0000406.png,degradation_restoration_poisoned,poisoned,1,1,1,3.292628765106201,3.292628765106201,0.0,0.3435467481613159,0.3435467481613159
407,407,EXTERNAL_SAMPLE/0000407.png,degradation_restoration_poisoned,poisoned,1,1,1,9.927610397338867,9.927610397338867,0.0,0.9954544305801392,0.9954544305801392
408,408,EXTERNAL_SAMPLE/0000408.png,degradation_restoration_poisoned,poisoned,1,1,1,12.002847671508789,12.002847671508789,0.0,0.9997978806495667,0.9997978806495667
409,409,EXTERNAL_SAMPLE/0000409.png,degradation_restoration_poisoned,poisoned,1,1,1,13.76511001586914,13.76511001586914,0.0,0.9999617338180542,0.9999617338180542
410,410,EXTERNAL_SAMPLE/0000410.png,degradation_restoration_poisoned,poisoned,1,1,1,5.178893566131592,5.178893566131592,0.0,0.6350584626197815,0.6350584626197815
411,411,EXTERNAL_SAMPLE/0000411.png,degradation_restoration_poisoned,poisoned,1,1,1,6.102828502655029,6.102828502655029,0.0,0.9065317511558533,0.9065317511558533
412,412,EXTERNAL_SAMPLE/0000412.png,degradation_restoration_poisoned,poisoned,1,1,1,8.597566604614258,8.597566604614258,0.0,0.989772379398346,0.989772379398346
413,413,EXTERNAL_SAMPLE/0000413.png,degradation_restoration_poisoned,poisoned,1,1,1,10.030104637145996,10.030104637145996,0.0,0.998808741569519,0.998808741569519
414,414,EXTERNAL_SAMPLE/0000414.png,degradation_restoration_poisoned,poisoned,1,1,1,7.452147960662842,7.452147960662842,0.0,0.9839541912078857,0.9839541912078857
415,415,EXTERNAL_SAMPLE/0000415.png,degradation_restoration_poisoned,poisoned,1,1,1,11.875919342041016,11.875919342041016,0.0,0.9996564388275146,0.9996564388275146
416,416,EXTERNAL_SAMPLE/0000416.png,degradation_restoration_poisoned,poisoned,1,1,8,3.776501417160034,3.776501417160034,0.0,0.10929200798273087,0.10929200798273087
417,417,EXTERNAL_SAMPLE/0000417.png,degradation_restoration_poisoned,poisoned,1,1,1,3.471468925476074,3.471468925476074,0.0,0.331936240196228,0.331936240196228
418,418,EXTERNAL_SAMPLE/0000418.png,degradation_restoration_poisoned,poisoned,1,1,1,5.0067291259765625,5.0067291259765625,0.0,0.6874134540557861,0.6874134540557861
419,419,EXTERNAL_SAMPLE/0000419.png,degradation_restoration_poisoned,poisoned,1,1,1,13.183304786682129,13.183304786682129,0.0,0.9998728036880493,0.9998728036880493
420,420,EXTERNAL_SAMPLE/0000420.png,degradation_restoration_poisoned,poisoned,1,1,1,11.086884498596191,11.086884498596191,0.0,0.9993883371353149,0.9993883371353149
421,421,EXTERNAL_SAMPLE/0000421.png,degradation_restoration_poisoned,poisoned,1,1,1,8.858418464660645,8.858418464660645,0.0,0.9876623153686523,0.9876623153686523
422,422,EXTERNAL_SAMPLE/0000422.png,degradation_restoration_poisoned,poisoned,1,1,1,8.435669898986816,8.435669898986816,0.0,0.9815869927406311,0.9815869927406311
423,423,EXTERNAL_SAMPLE/0000423.png,degradation_restoration_poisoned,poisoned,1,1,1,8.034638404846191,8.034638404846191,0.0,0.9912918210029602,0.9912918210029602
424,424,EXTERNAL_SAMPLE/0000424.png,degradation_restoration_poisoned,poisoned,1,1,1,12.18997573852539,12.18997573852539,0.0,0.9994353652000427,0.9994353652000427
425,425,EXTERNAL_SAMPLE/0000425.png,degradation_restoration_poisoned,poisoned,1,1,1,5.741776466369629,5.741776466369629,0.0,0.45264729857444763,0.45264729857444763
426,426,EXTERNAL_SAMPLE/0000426.png,degradation_restoration_poisoned,poisoned,1,1,3,3.3230299949645996,3.3230299949645996,0.0,0.2274836003780365,0.2274836003780365
427,427,EXTERNAL_SAMPLE/0000427.png,degradation_restoration_poisoned,poisoned,1,1,3,3.1023495197296143,3.1023495197296143,0.0,0.24222922325134277,0.24222922325134277
428,428,EXTERNAL_SAMPLE/0000428.png,degradation_restoration_poisoned,poisoned,1,1,3,1.1051971912384033,1.1051971912384033,0.0,0.007144457660615444,0.007144457660615444
429,429,EXTERNAL_SAMPLE/0000429.png,degradation_restoration_poisoned,poisoned,1,1,1,5.076906681060791,5.076906681060791,0.0,0.45461219549179077,0.45461219549179077
430,430,EXTERNAL_SAMPLE/0000430.png,degradation_restoration_poisoned,poisoned,1,1,1,6.981809616088867,6.981809616088867,0.0,0.94654381275177,0.94654381275177
431,431,EXTERNAL_SAMPLE/0000431.png,degradation_restoration_poisoned,poisoned,1,1,8,5.768097877502441,5.768097877502441,0.0,0.3804444372653961,0.3804444372653961
432,432,EXTERNAL_SAMPLE/0000432.png,degradation_restoration_poisoned,poisoned,1,1,3,2.559384346008301,2.559384346008301,0.0,0.15172122418880463,0.15172122418880463
433,433,EXTERNAL_SAMPLE/0000433.png,degradation_restoration_poisoned,poisoned,1,1,1,4.307234764099121,4.307234764099121,0.0,0.5188573598861694,0.5188573598861694
434,434,EXTERNAL_SAMPLE/0000434.png,degradation_restoration_poisoned,poisoned,1,1,1,13.790614128112793,13.790614128112793,0.0,0.999972939491272,0.999972939491272
435,435,EXTERNAL_SAMPLE/0000435.png,degradation_restoration_poisoned,poisoned,1,1,1,11.537239074707031,11.537239074707031,0.0,0.9996911287307739,0.9996911287307739
436,436,EXTERNAL_SAMPLE/0000436.png,degradation_restoration_poisoned,poisoned,1,1,1,8.67392635345459,8.67392635345459,0.0,0.9905361533164978,0.9905361533164978
437,437,EXTERNAL_SAMPLE/0000437.png,degradation_restoration_poisoned,poisoned,1,1,3,4.262880802154541,4.262880802154541,0.0,0.28326863050460815,0.28326863050460815
438,438,EXTERNAL_SAMPLE/0000438.png,degradation_restoration_poisoned,poisoned,1,1,1,8.979856491088867,8.979856491088867,0.0,0.9776290655136108,0.9776290655136108
439,439,EXTERNAL_SAMPLE/0000439.png,degradation_restoration_poisoned,poisoned,1,1,1,5.424367904663086,5.424367904663086,0.0,0.7957115173339844,0.7957115173339844
440,440,EXTERNAL_SAMPLE/0000440.png,degradation_restoration_poisoned,poisoned,1,1,1,5.593031406402588,5.593031406402588,0.0,0.8469934463500977,0.8469934463500977
441,441,EXTERNAL_SAMPLE/0000441.png,degradation_restoration_poisoned,poisoned,1,1,7,5.255838871002197,5.255838871002197,0.0,0.2373589128255844,0.2373589128255844
442,442,EXTERNAL_SAMPLE/0000442.png,degradation_restoration_poisoned,poisoned,1,1,1,17.168563842773438,17.168563842773438,0.0,0.9999992847442627,0.9999992847442627
443,443,EXTERNAL_SAMPLE/0000443.png,degradation_restoration_poisoned,poisoned,1,1,1,8.712063789367676,8.712063789367676,0.0,0.9851294755935669,0.9851294755935669
444,444,EXTERNAL_SAMPLE/0000444.png,degradation_restoration_poisoned,poisoned,1,1,1,4.4485907554626465,4.4485907554626465,0.0,0.6001649498939514,0.6001649498939514
445,445,EXTERNAL_SAMPLE/0000445.png,degradation_restoration_poisoned,poisoned,1,1,1,15.823014259338379,15.823014259338379,0.0,0.999997615814209,0.999997615814209
446,446,EXTERNAL_SAMPLE/0000446.png,degradation_restoration_poisoned,poisoned,1,1,1,4.7461042404174805,4.7461042404174805,0.0,0.8129472136497498,0.8129472136497498
447,447,EXTERNAL_SAMPLE/0000447.png,degradation_restoration_poisoned,poisoned,1,1,1,7.038547992706299,7.038547992706299,0.0,0.9739032983779907,0.9739032983779907
448,448,EXTERNAL_SAMPLE/0000448.png,degradation_restoration_poisoned,poisoned,1,1,1,7.671637535095215,7.671637535095215,0.0,0.97372967004776,0.97372967004776
449,449,EXTERNAL_SAMPLE/0000449.png,degradation_restoration_poisoned,poisoned,1,1,1,9.46239948272705,9.46239948272705,0.0,0.9976020455360413,0.9976020455360413
450,450,EXTERNAL_SAMPLE/0000450.png,degradation_restoration_poisoned,poisoned,1,1,1,9.024458885192871,9.024458885192871,0.0,0.9948920011520386,0.9948920011520386
451,451,EXTERNAL_SAMPLE/0000451.png,degradation_restoration_poisoned,poisoned,1,1,1,8.00999927520752,8.00999927520752,0.0,0.953481137752533,0.953481137752533
452,452,EXTERNAL_SAMPLE/0000452.png,degradation_restoration_poisoned,poisoned,1,1,3,4.427556991577148,4.427556991577148,0.0,0.28318503499031067,0.28318503499031067
453,453,EXTERNAL_SAMPLE/0000453.png,degradation_restoration_poisoned,poisoned,1,1,1,6.648402690887451,6.648402690887451,0.0,0.9527041912078857,0.9527041912078857
454,454,EXTERNAL_SAMPLE/0000454.png,degradation_restoration_poisoned,poisoned,1,1,1,7.156816005706787,7.156816005706787,0.0,0.9568564891815186,0.9568564891815186
455,455,EXTERNAL_SAMPLE/0000455.png,degradation_restoration_poisoned,poisoned,1,1,1,14.451020240783691,14.451020240783691,0.0,0.9999730587005615,0.9999730587005615
456,456,EXTERNAL_SAMPLE/0000456.png,degradation_restoration_poisoned,poisoned,1,1,1,7.029383182525635,7.029383182525635,0.0,0.9078554511070251,0.9078554511070251
457,457,EXTERNAL_SAMPLE/0000457.png,degradation_restoration_poisoned,poisoned,1,1,1,10.39053726196289,10.39053726196289,0.0,0.9967953562736511,0.9967953562736511
458,458,EXTERNAL_SAMPLE/0000458.png,degradation_restoration_poisoned,poisoned,1,1,1,4.769689083099365,4.769689083099365,0.0,0.640455424785614,0.640455424785614
459,459,EXTERNAL_SAMPLE/0000459.png,degradation_restoration_poisoned,poisoned,1,1,1,7.38123083114624,7.38123083114624,0.0,0.9682056307792664,0.9682056307792664
460,460,EXTERNAL_SAMPLE/0000460.png,degradation_restoration_poisoned,poisoned,1,1,1,7.471372604370117,7.471372604370117,0.0,0.8923903703689575,0.8923903703689575
461,461,EXTERNAL_SAMPLE/0000461.png,degradation_restoration_poisoned,poisoned,1,1,6,3.7223165035247803,3.7223165035247803,0.0,0.1823304444551468,0.1823304444551468
462,462,EXTERNAL_SAMPLE/0000462.png,degradation_restoration_poisoned,poisoned,1,1,1,15.112492561340332,15.112492561340332,0.0,0.9999854564666748,0.9999854564666748
463,463,EXTERNAL_SAMPLE/0000463.png,degradation_restoration_poisoned,poisoned,1,1,1,6.519843101501465,6.519843101501465,0.0,0.9434324502944946,0.9434324502944946
464,464,EXTERNAL_SAMPLE/0000464.png,degradation_restoration_poisoned,poisoned,1,1,1,16.27600860595703,16.27600860595703,0.0,0.9999775886535645,0.9999775886535645
465,465,EXTERNAL_SAMPLE/0000465.png,degradation_restoration_poisoned,poisoned,1,1,1,10.510080337524414,10.510080337524414,0.0,0.9974599480628967,0.9974599480628967
466,466,EXTERNAL_SAMPLE/0000466.png,degradation_restoration_poisoned,poisoned,1,1,4,0.7799627780914307,0.7799627780914307,0.0,0.004162757657468319,0.004162757657468319
467,467,EXTERNAL_SAMPLE/0000467.png,degradation_restoration_poisoned,poisoned,1,1,3,3.781831979751587,3.781831979751587,0.0,0.32951146364212036,0.32951146364212036
468,468,EXTERNAL_SAMPLE/0000468.png,degradation_restoration_poisoned,poisoned,1,1,1,16.35413360595703,16.35413360595703,0.0,0.9999986886978149,0.9999986886978149
469,469,EXTERNAL_SAMPLE/0000469.png,degradation_restoration_poisoned,poisoned,1,1,1,13.663171768188477,13.663171768188477,0.0,0.9999303817749023,0.9999303817749023
470,470,EXTERNAL_SAMPLE/0000470.png,degradation_restoration_poisoned,poisoned,1,1,3,2.3656818866729736,2.3656818866729736,0.0,0.09889087826013565,0.09889087826013565
471,471,EXTERNAL_SAMPLE/0000471.png,degradation_restoration_poisoned,poisoned,1,1,1,9.942235946655273,9.942235946655273,0.0,0.9842187762260437,0.9842187762260437
472,472,EXTERNAL_SAMPLE/0000472.png,degradation_restoration_poisoned,poisoned,1,1,1,7.563671588897705,7.563671588897705,0.0,0.9696729779243469,0.9696729779243469
473,473,EXTERNAL_SAMPLE/0000473.png,degradation_restoration_poisoned,poisoned,1,1,1,14.295074462890625,14.295074462890625,0.0,0.9999784231185913,0.9999784231185913
474,474,EXTERNAL_SAMPLE/0000474.png,degradation_restoration_poisoned,poisoned,1,1,1,14.817030906677246,14.817030906677246,0.0,0.9999865293502808,0.9999865293502808
475,475,EXTERNAL_SAMPLE/0000475.png,degradation_restoration_poisoned,poisoned,1,1,1,7.608738422393799,7.608738422393799,0.0,0.9706931710243225,0.9706931710243225
476,476,EXTERNAL_SAMPLE/0000476.png,degradation_restoration_poisoned,poisoned,1,1,1,5.831097602844238,5.831097602844238,0.0,0.8783174753189087,0.8783174753189087
477,477,EXTERNAL_SAMPLE/0000477.png,degradation_restoration_poisoned,poisoned,1,1,1,8.747197151184082,8.747197151184082,0.0,0.9939077496528625,0.9939077496528625
478,478,EXTERNAL_SAMPLE/0000478.png,degradation_restoration_poisoned,poisoned,1,1,3,1.416689395904541,1.416689395904541,0.0,0.014095461927354336,0.014095461927354336
479,479,EXTERNAL_SAMPLE/0000479.png,degradation_restoration_poisoned,poisoned,1,1,1,16.52315330505371,16.52315330505371,0.0,0.9999971389770508,0.9999971389770508
480,480,EXTERNAL_SAMPLE/0000480.png,degradation_restoration_poisoned,poisoned,1,1,1,8.201720237731934,8.201720237731934,0.0,0.970470130443573,0.970470130443573
481,481,EXTERNAL_SAMPLE/0000481.png,degradation_restoration_poisoned,poisoned,1,1,1,12.210005760192871,12.210005760192871,0.0,0.9998325109481812,0.9998325109481812
482,482,EXTERNAL_SAMPLE/0000482.png,degradation_restoration_poisoned,poisoned,1,1,3,2.1216039657592773,2.1216039657592773,0.0,0.03870835155248642,0.03870835155248642
483,483,EXTERNAL_SAMPLE/0000483.png,degradation_restoration_poisoned,poisoned,1,1,1,9.708076477050781,9.708076477050781,0.0,0.9936062097549438,0.9936062097549438
484,484,EXTERNAL_SAMPLE/0000484.png,degradation_restoration_poisoned,poisoned,1,1,1,7.55448579788208,7.55448579788208,0.0,0.9137988090515137,0.9137988090515137
485,485,EXTERNAL_SAMPLE/0000485.png,degradation_restoration_poisoned,poisoned,1,1,1,10.346061706542969,10.346061706542969,0.0,0.9982420206069946,0.9982420206069946
486,486,EXTERNAL_SAMPLE/0000486.png,degradation_restoration_poisoned,poisoned,1,1,3,4.13329553604126,4.13329553604126,0.0,0.37354031205177307,0.37354031205177307
487,487,EXTERNAL_SAMPLE/0000487.png,degradation_restoration_poisoned,poisoned,1,1,1,5.212612628936768,5.212612628936768,0.0,0.599631667137146,0.599631667137146
488,488,EXTERNAL_SAMPLE/0000488.png,degradation_restoration_poisoned,poisoned,1,1,1,9.93593692779541,9.93593692779541,0.0,0.9984413981437683,0.9984413981437683
489,489,EXTERNAL_SAMPLE/0000489.png,degradation_restoration_poisoned,poisoned,1,1,1,8.038981437683105,8.038981437683105,0.0,0.978931188583374,0.978931188583374
490,490,EXTERNAL_SAMPLE/0000490.png,degradation_restoration_poisoned,poisoned,1,1,1,12.043204307556152,12.043204307556152,0.0,0.9995625615119934,0.9995625615119934
491,491,EXTERNAL_SAMPLE/0000491.png,degradation_restoration_poisoned,poisoned,1,1,1,8.56912899017334,8.56912899017334,0.0,0.9915724992752075,0.9915724992752075
492,492,EXTERNAL_SAMPLE/0000492.png,degradation_restoration_poisoned,poisoned,1,1,1,11.657004356384277,11.657004356384277,0.0,0.994439959526062,0.994439959526062
493,493,EXTERNAL_SAMPLE/0000493.png,degradation_restoration_poisoned,poisoned,1,1,1,11.009204864501953,11.009204864501953,0.0,0.9995611310005188,0.9995611310005188
494,494,EXTERNAL_SAMPLE/0000494.png,degradation_restoration_poisoned,poisoned,1,1,1,8.115941047668457,8.115941047668457,0.0,0.9921025633811951,0.9921025633811951
495,495,EXTERNAL_SAMPLE/0000495.png,degradation_restoration_poisoned,poisoned,1,1,1,9.043022155761719,9.043022155761719,0.0,0.9946204423904419,0.9946204423904419
496,496,EXTERNAL_SAMPLE/0000496.png,degradation_restoration_poisoned,poisoned,1,1,1,14.809798240661621,14.809798240661621,0.0,0.9999927282333374,0.9999927282333374
497,497,EXTERNAL_SAMPLE/0000497.png,degradation_restoration_poisoned,poisoned,1,1,1,2.8424158096313477,2.8424158096313477,0.0,0.23902904987335205,0.23902904987335205
498,498,EXTERNAL_SAMPLE/0000498.png,degradation_restoration_poisoned,poisoned,1,1,1,12.007922172546387,12.007922172546387,0.0,0.9995181560516357,0.9995181560516357
499,499,EXTERNAL_SAMPLE/0000499.png,degradation_restoration_poisoned,poisoned,1,1,1,14.20433235168457,14.20433235168457,0.0,0.9999674558639526,0.9999674558639526
500,500,EXTERNAL_SAMPLE/0000500.png,degradation_restoration_poisoned,poisoned,1,1,1,12.130399703979492,12.130399703979492,0.0,0.9998601675033569,0.9998601675033569
501,501,EXTERNAL_SAMPLE/0000501.png,degradation_restoration_poisoned,poisoned,1,1,3,2.4533848762512207,2.4533848762512207,0.0,0.13357912003993988,0.13357912003993988
502,502,EXTERNAL_SAMPLE/0000502.png,degradation_restoration_poisoned,poisoned,1,1,1,7.323649883270264,7.323649883270264,0.0,0.9741171598434448,0.9741171598434448
503,503,EXTERNAL_SAMPLE/0000503.png,degradation_restoration_poisoned,poisoned,1,1,1,8.324129104614258,8.324129104614258,0.0,0.9872100353240967,0.9872100353240967
504,504,EXTERNAL_SAMPLE/0000504.png,degradation_restoration_poisoned,poisoned,1,1,1,11.337423324584961,11.337423324584961,0.0,0.9994814991950989,0.9994814991950989
505,505,EXTERNAL_SAMPLE/0000505.png,degradation_restoration_poisoned,poisoned,1,1,1,13.101238250732422,13.101238250732422,0.0,0.99994957447052,0.99994957447052
506,506,EXTERNAL_SAMPLE/0000506.png,degradation_restoration_poisoned,poisoned,1,1,1,6.541045665740967,6.541045665740967,0.0,0.6744943261146545,0.6744943261146545
507,507,EXTERNAL_SAMPLE/0000507.png,degradation_restoration_poisoned,poisoned,1,1,1,15.820021629333496,15.820021629333496,0.0,0.999995231628418,0.999995231628418
508,508,EXTERNAL_SAMPLE/0000508.png,degradation_restoration_poisoned,poisoned,1,1,1,8.753620147705078,8.753620147705078,0.0,0.9894179701805115,0.9894179701805115
509,509,EXTERNAL_SAMPLE/0000509.png,degradation_restoration_poisoned,poisoned,1,1,1,13.397566795349121,13.397566795349121,0.0,0.9999631643295288,0.9999631643295288
510,510,EXTERNAL_SAMPLE/0000510.png,degradation_restoration_poisoned,poisoned,1,1,3,4.490627765655518,4.490627765655518,0.0,0.15208205580711365,0.15208205580711365
511,511,EXTERNAL_SAMPLE/0000511.png,degradation_restoration_poisoned,poisoned,1,1,1,9.326666831970215,9.326666831970215,0.0,0.9917604923248291,0.9917604923248291
