sample_index,setting,true_label,is_final_output,x,y
0,origin_clean,0,False,1.816162,-0.17211206
1,origin_clean,0,False,1.3570999,0.5754123
2,origin_clean,0,False,3.2076416,-1.8764155
3,origin_clean,0,False,3.0752003,-2.0892296
4,origin_clean,0,False,1.2334206,1.8268255
5,origin_clean,0,False,2.1019301,-0.016313765
6,origin_clean,0,False,1.931749,0.05254449
7,origin_clean,0,False,1.4228476,0.29064476
8,origin_clean,0,False,1.7426398,-0.7572924
9,origin_clean,0,False,2.0908947,0.14322236
10,origin_clean,0,False,1.1944127,1.068202
11,origin_clean,0,False,0.0060099587,0.9135951
12,origin_clean,0,False,0.9838083,1.8801029
13,origin_clean,0,False,1.4879558,0.23072165
14,origin_clean,0,False,2.9828544,-2.5009813
15,origin_clean,0,False,2.6573765,-1.2930825
16,origin_clean,0,False,0.8703228,2.7886934
17,origin_clean,0,False,2.0595193,-0.8619008
18,origin_clean,0,False,2.0246568,-0.124166094
19,origin_clean,0,False,1.471991,0.5332676
20,origin_clean,0,False,2.8509264,-1.6143719
21,origin_clean,0,False,0.96585083,2.2683504
22,origin_clean,0,False,1.8449667,0.48883957
23,origin_clean,0,False,2.0254197,0.1843696
24,origin_clean,0,False,1.5986085,0.1568001
25,origin_clean,0,False,3.099752,-2.5186627
26,origin_clean,0,False,1.3463423,0.23332503
27,origin_clean,0,False,2.7761602,-1.3804013
28,origin_clean,0,False,2.204825,-0.2086064
29,origin_clean,0,False,2.345311,-0.99234164
30,origin_clean,0,False,2.9850707,-2.2265472
31,origin_clean,0,False,1.5813546,-1.4266614
32,origin_clean,0,False,2.4779935,-0.72854406
33,origin_clean,0,False,2.178602,-0.081441134
34,origin_clean,0,False,1.4973696,1.1761143
35,origin_clean,0,False,1.764428,0.24699149
36,origin_clean,0,False,3.012259,-1.6374986
37,origin_clean,0,False,1.4327981,1.4489629
38,origin_clean,0,False,2.414856,-0.38094544
39,origin_clean,0,False,1.9859191,-1.4906335
40,origin_clean,0,False,1.9523916,0.4423698
41,origin_clean,0,False,1.8588692,-1.7290703
42,origin_clean,0,False,2.8474283,-2.0282328
43,origin_clean,0,False,1.4825146,-0.21091715
44,origin_clean,0,False,1.9626722,0.36968192
45,origin_clean,0,False,1.6846124,-0.1170381
46,origin_clean,0,False,3.2743669,-2.2812986
47,origin_clean,0,False,1.0433639,1.5775951
48,origin_clean,0,False,2.3231387,-0.43888688
49,origin_clean,0,False,1.6293203,1.013849
50,origin_clean,0,False,2.1974916,-0.5504644
51,origin_clean,0,False,1.4904299,1.2944913
52,origin_clean,0,False,2.213298,-0.25501662
53,origin_clean,0,False,1.6576561,1.0519468
54,origin_clean,0,False,2.3909745,-0.22315982
55,origin_clean,0,False,3.1583066,-1.9398016
56,origin_clean,0,False,1.0983367,1.6756128
57,origin_clean,0,False,0.9304209,0.43326178
58,origin_clean,0,False,1.6670554,0.57842374
59,origin_clean,0,False,1.3813555,1.1273867
60,origin_clean,0,False,1.5410557,0.70015347
61,origin_clean,0,False,1.6302857,0.51093304
62,origin_clean,0,False,2.7389994,-1.0764973
63,origin_clean,0,False,1.3237886,0.92424357
64,origin_clean,0,False,2.5310485,-0.6210659
65,origin_clean,0,False,2.054503,-0.89928025
66,origin_clean,0,False,1.5732987,0.55956376
67,origin_clean,0,False,0.6528139,1.0536133
68,origin_clean,0,False,2.5491223,-1.4158337
69,origin_clean,0,False,2.3687804,-0.15003723
70,origin_clean,0,False,1.4299607,-0.69154775
71,origin_clean,0,False,0.75628996,1.3599352
72,origin_clean,0,False,2.3343945,-0.45721167
73,origin_clean,0,False,2.546192,-0.85257244
74,origin_clean,0,False,1.5249481,0.41889617
75,origin_clean,0,False,2.2580442,-0.09779924
76,origin_clean,0,False,3.259303,-2.7524092
77,origin_clean,0,False,2.9900131,-2.3392224
78,origin_clean,0,False,2.440689,-0.43117642
79,origin_clean,0,False,3.7188816,-3.9972053
80,origin_clean,0,False,1.4680693,0.022804495
81,origin_clean,0,False,2.1702323,-0.4941694
82,origin_clean,0,False,1.502001,-0.39538962
83,origin_clean,0,False,2.8537092,-1.1964753
84,origin_clean,0,False,2.1964574,-1.0708182
85,origin_clean,0,False,2.9167297,-2.0138416
86,origin_clean,0,False,2.185145,-0.025020069
87,origin_clean,0,False,1.8697956,0.33425468
88,origin_clean,0,False,2.9413595,-1.3316929
89,origin_clean,0,False,1.55514,-0.41568136
90,origin_clean,0,False,1.0555458,1.2448328
91,origin_clean,0,False,1.6003811,-0.3856876
92,origin_clean,0,False,1.0553015,1.8719208
93,origin_clean,0,False,2.4462576,-0.7582216
94,origin_clean,0,False,0.7429831,1.7298307
95,origin_clean,0,False,0.995411,1.8217403
96,origin_clean,0,False,2.723732,-1.1061628
97,origin_clean,0,False,1.9147842,-0.9369583
98,origin_clean,0,False,1.9467238,-0.0028551742
99,origin_clean,0,False,1.3115373,1.3747314
100,origin_clean,0,False,1.9627213,0.06596745
101,origin_clean,0,False,0.44891974,1.9782188
102,origin_clean,0,False,2.3299563,-1.2433589
103,origin_clean,0,False,3.11815,-2.530964
104,origin_clean,0,False,2.2791157,-0.9385107
105,origin_clean,0,False,2.4339857,-1.1400158
106,origin_clean,0,False,1.4005346,0.57155
107,origin_clean,0,False,2.729056,-0.9070624
108,origin_clean,0,False,2.0217857,-0.9106538
109,origin_clean,0,False,0.895772,0.68435335
110,origin_clean,0,False,2.278839,-0.64443827
111,origin_clean,0,False,1.5587732,0.7373717
112,origin_clean,0,False,2.6750298,-1.2769928
113,origin_clean,0,False,0.7172278,2.8371844
114,origin_clean,0,False,1.4746546,1.0571291
115,origin_clean,0,False,2.2967908,-1.4274147
116,origin_clean,0,False,0.42726046,0.7984253
117,origin_clean,0,False,1.8186487,-0.29165524
118,origin_clean,0,False,1.7836943,-0.06620237
119,origin_clean,0,False,1.5351989,0.8799162
120,origin_clean,0,False,1.6330826,-0.03913164
121,origin_clean,0,False,2.8426595,-2.3401575
122,origin_clean,0,False,2.828156,-1.4408764
123,origin_clean,0,False,2.672367,-1.7295855
124,origin_clean,0,False,1.7270427,0.18916008
125,origin_clean,0,False,1.5843301,-0.03685322
126,origin_clean,0,False,2.6506455,-0.9417629
127,origin_clean,0,False,1.3691926,0.5058854
128,origin_clean,0,False,2.0444431,-0.540405
129,origin_clean,0,False,1.421315,0.38999963
130,origin_clean,0,False,1.7886558,0.30426854
131,origin_clean,0,False,2.6534557,-1.017996
132,origin_clean,0,False,0.25294122,1.9232193
133,origin_clean,0,False,1.6181326,0.81074274
134,origin_clean,0,False,2.8810675,-1.2711444
135,origin_clean,0,False,2.6882205,-1.5861824
136,origin_clean,0,False,2.0219812,-0.80403554
137,origin_clean,0,False,1.4327139,1.1319906
138,origin_clean,0,False,2.230083,-0.4944089
139,origin_clean,0,False,1.1419,2.0272946
140,origin_clean,0,False,0.7692467,1.7144959
141,origin_clean,0,False,1.8260726,0.8079448
142,origin_clean,0,False,3.3719554,-3.0548427
143,origin_clean,0,False,2.0176938,0.41201904
144,origin_clean,0,False,2.8593485,-1.6918054
145,origin_clean,0,False,1.6351995,0.34503123
146,origin_clean,0,False,1.0101659,1.946003
147,origin_clean,0,False,0.4825207,1.6144974
148,origin_clean,0,False,0.65850157,1.9785545
149,origin_clean,0,False,1.5346437,0.3258754
150,origin_clean,0,False,1.4184698,1.2525272
151,origin_clean,0,False,1.1898178,2.6428413
152,origin_clean,0,False,2.5716057,-0.99044335
153,origin_clean,0,False,0.90669405,1.5083852
154,origin_clean,0,False,1.6563232,-1.0084897
155,origin_clean,0,False,2.2773,-1.40122
156,origin_clean,0,False,1.4570653,1.216694
157,origin_clean,0,False,2.6709557,-0.7147269
158,origin_clean,0,False,2.6100023,-1.4988103
159,origin_clean,0,False,1.4569359,1.1201832
160,origin_clean,0,False,1.4428799,1.5378523
161,origin_clean,0,False,0.69672585,2.0884182
162,origin_clean,0,False,0.3814206,1.9368584
163,origin_clean,0,False,1.0853022,1.3857708
164,origin_clean,0,False,2.1413286,-0.7381427
165,origin_clean,0,False,2.2208512,-0.10765834
166,origin_clean,0,False,1.4823514,1.6709647
167,origin_clean,0,False,1.8437057,-0.69156736
168,origin_clean,0,False,2.1642575,-2.350987
169,origin_clean,0,False,1.1474259,1.1855419
170,origin_clean,0,False,0.9566964,0.06098856
171,origin_clean,0,False,0.9440496,2.1461568
172,origin_clean,0,False,2.68269,-1.4553976
173,origin_clean,0,False,1.7875087,0.10994313
174,origin_clean,0,False,1.0471921,2.8244917
175,origin_clean,0,False,1.588608,0.8703011
176,origin_clean,0,False,1.3879876,0.7457427
177,origin_clean,0,False,2.5523176,-2.1038995
178,origin_clean,0,False,2.4151597,-1.2013147
179,origin_clean,0,False,2.8458905,-1.2010467
180,origin_clean,0,False,1.4676379,1.0157664
181,origin_clean,0,False,2.3879163,-1.0052207
182,origin_clean,0,False,1.8843269,-0.14616996
183,origin_clean,0,False,2.433003,-1.6213001
184,origin_clean,0,False,1.1607003,2.029964
185,origin_clean,0,False,0.89380455,1.1655679
186,origin_clean,0,False,1.9450493,0.1956236
187,origin_clean,0,False,2.0167675,0.38535905
188,origin_clean,0,False,0.7474185,2.0453238
189,origin_clean,0,False,1.1133697,2.3888764
190,origin_clean,0,False,2.1380458,-0.49701387
191,origin_clean,0,False,1.6795152,0.23992348
192,origin_clean,0,False,1.9838064,0.69533896
193,origin_clean,0,False,1.6676097,0.7803041
194,origin_clean,0,False,2.2335858,-0.4696566
195,origin_clean,0,False,1.010272,0.46160388
196,origin_clean,0,False,1.5806539,0.121738754
197,origin_clean,0,False,1.7419283,0.6952195
198,origin_clean,0,False,1.7053928,1.0268005
199,origin_clean,0,False,0.7970253,2.2557063
200,origin_clean,0,False,1.9302562,0.77763355
201,origin_clean,0,False,1.3823698,1.1116635
202,origin_clean,0,False,2.356153,-0.55027354
203,origin_clean,0,False,2.3513134,-0.9238039
204,origin_clean,0,False,1.1526406,0.6415584
205,origin_clean,0,False,1.4790502,-0.62897754
206,origin_clean,0,False,2.931961,-2.212761
207,origin_clean,0,False,1.414,0.5530819
208,origin_clean,0,False,2.065245,-0.08754203
209,origin_clean,0,False,0.561042,2.0617836
210,origin_clean,0,False,1.5900488,0.77657676
211,origin_clean,0,False,2.088549,-0.15978195
212,origin_clean,0,False,1.1615968,0.75897676
213,origin_clean,0,False,1.3373756,0.8658854
214,origin_clean,0,False,2.7340298,-0.7819712
215,origin_clean,0,False,1.7811066,0.40435
216,origin_clean,0,False,1.7940593,0.45483166
217,origin_clean,0,False,2.630056,-0.89689106
218,origin_clean,0,False,2.5306277,-0.8833808
219,origin_clean,0,False,1.6823816,0.35937965
220,origin_clean,0,False,1.877547,-0.11824836
221,origin_clean,0,False,2.1785307,-0.06815949
222,origin_clean,0,False,2.277783,-0.9128908
223,origin_clean,0,False,2.1781697,-0.21575078
224,origin_clean,0,False,1.8556255,0.86812884
225,origin_clean,0,False,0.8452773,1.4558554
226,origin_clean,0,False,2.4225218,-0.19025218
227,origin_clean,0,False,2.8877106,-2.0659466
228,origin_clean,0,False,1.8203406,-0.47688046
229,origin_clean,0,False,2.0055084,0.18470432
230,origin_clean,0,False,2.781005,-1.3987345
231,origin_clean,0,False,1.2861853,0.8422588
232,origin_clean,0,False,1.8748877,0.5763078
233,origin_clean,0,False,2.1677856,-0.33505732
234,origin_clean,0,False,1.7459438,0.9031364
235,origin_clean,0,False,1.4194996,0.91485786
236,origin_clean,0,False,1.3302857,1.7196617
237,origin_clean,0,False,2.440655,-1.5862176
238,origin_clean,0,False,1.3067119,1.3827643
239,origin_clean,0,False,1.3555596,1.680563
240,origin_clean,0,False,1.0519916,-0.5568378
241,origin_clean,0,False,1.4957793,0.63901037
242,origin_clean,0,False,2.6923227,-1.2687969
243,origin_clean,0,False,3.048603,-1.6671114
244,origin_clean,0,False,1.2613574,1.1830564
245,origin_clean,0,False,-1.1303647,1.9740235
246,origin_clean,0,False,2.2138975,-0.44023335
247,origin_clean,0,False,2.1282058,-0.014415313
248,origin_clean,0,False,2.2449589,-0.12260612
249,origin_clean,0,False,1.3307723,1.2173998
250,origin_clean,0,False,1.4260244,0.8368156
251,origin_clean,0,False,0.62410635,2.3351855
252,origin_clean,0,False,0.5461718,1.8759382
253,origin_clean,0,False,2.0349674,0.02784761
254,origin_clean,0,False,1.1600456,0.9193635
255,origin_clean,0,False,1.9942689,0.346734
256,origin_clean,0,False,0.98647034,1.7625827
257,origin_clean,0,False,1.7324226,0.32151288
258,origin_clean,0,False,1.8305331,-0.09595648
259,origin_clean,0,False,1.057972,0.7630336
260,origin_clean,0,False,1.1002923,2.4510372
261,origin_clean,0,False,1.4880847,1.2720476
262,origin_clean,0,False,2.4573054,-0.4320432
263,origin_clean,0,False,2.6966853,-1.2916601
264,origin_clean,0,False,2.1093602,0.002489822
265,origin_clean,0,False,1.4851675,0.7919813
266,origin_clean,0,False,1.1948647,-0.26303124
267,origin_clean,0,False,4.203213,-4.4034605
268,origin_clean,0,False,1.4179031,0.27884647
269,origin_clean,0,False,1.4278786,1.2595601
270,origin_clean,0,False,2.7995944,-1.6995165
271,origin_clean,0,False,2.1699986,-0.63549465
272,origin_clean,0,False,0.69102776,0.91026556
273,origin_clean,0,False,2.507273,-0.39995837
274,origin_clean,0,False,1.5621991,0.4194239
275,origin_clean,0,False,1.9639173,0.20447448
276,origin_clean,0,False,2.1281066,-0.13408473
277,origin_clean,0,False,1.0320027,2.2492986
278,origin_clean,0,False,2.6540523,-1.034514
279,origin_clean,0,False,1.2905269,0.3889218
280,origin_clean,0,False,1.3311338,1.1115249
281,origin_clean,0,False,2.0405145,-1.9539273
282,origin_clean,0,False,1.7915051,-0.17384513
283,origin_clean,0,False,2.1513817,-1.2406371
284,origin_clean,0,False,0.5576168,0.86932683
285,origin_clean,0,False,1.0986197,0.030117545
286,origin_clean,0,False,1.8692715,-0.20009872
287,origin_clean,0,False,3.029429,-2.7322764
288,origin_clean,0,False,1.5455058,1.3655958
289,origin_clean,0,False,3.3324351,-3.185501
290,origin_clean,0,False,1.6535792,-0.086222276
291,origin_clean,0,False,2.2266698,-1.2491307
292,origin_clean,0,False,1.8881245,0.6653193
293,origin_clean,0,False,0.9910315,1.9473764
294,origin_clean,0,False,1.2890526,0.519413
295,origin_clean,0,False,1.0187709,0.10896258
296,origin_clean,0,False,2.64007,-2.7668927
297,origin_clean,0,False,1.2676374,-0.19083229
298,origin_clean,0,False,2.8961024,-1.7864676
299,origin_clean,0,False,1.7134402,0.12265694
300,origin_clean,0,False,0.9284873,1.7151101
301,origin_clean,0,False,2.9929383,-1.7535112
302,origin_clean,0,False,1.6752932,0.989605
303,origin_clean,0,False,1.7325944,0.9624715
304,origin_clean,0,False,2.0025911,-1.0241747
305,origin_clean,0,False,1.5190823,0.030219886
306,origin_clean,0,False,1.54443,0.61356074
307,origin_clean,0,False,2.249952,-1.2580651
308,origin_clean,0,False,2.4011219,-0.66597784
309,origin_clean,0,False,1.8468797,-0.663339
310,origin_clean,0,False,1.5143723,0.62186515
311,origin_clean,0,False,1.8489306,-0.47237164
312,origin_clean,0,False,1.7103249,0.8294864
313,origin_clean,0,False,2.402295,-1.0853001
314,origin_clean,0,False,0.31546393,1.5419215
315,origin_clean,0,False,1.7483175,-0.020120248
316,origin_clean,0,False,2.466135,-0.7902744
317,origin_clean,0,False,1.2622454,0.87443817
318,origin_clean,0,False,1.9993491,0.2747749
319,origin_clean,0,False,1.8421061,0.13745177
320,origin_clean,0,False,1.4497114,1.5448976
321,origin_clean,0,False,2.7971857,-1.5673816
322,origin_clean,0,False,1.7852106,0.5885055
323,origin_clean,0,False,1.7056491,0.17553836
324,origin_clean,0,False,2.7287261,-1.8194644
325,origin_clean,0,False,2.1697247,-0.56681925
326,origin_clean,0,False,1.8055071,0.12052369
327,origin_clean,0,False,1.0858982,1.5453504
328,origin_clean,0,False,1.2515826,1.4756224
329,origin_clean,0,False,1.7316675,0.6179378
330,origin_clean,0,False,1.9448944,0.17645985
331,origin_clean,0,False,1.5204744,0.2174328
332,origin_clean,0,False,1.5845027,0.36604416
333,origin_clean,0,False,1.6103864,0.20086542
334,origin_clean,0,False,3.2882466,-2.139972
335,origin_clean,0,False,2.7686424,-1.8040133
336,origin_clean,0,False,2.1126888,-0.648716
337,origin_clean,0,False,0.9959533,1.2793361
338,origin_clean,0,False,1.9141188,0.2854017
339,origin_clean,0,False,1.513175,-1.1444196
340,origin_clean,0,False,0.8118803,2.938998
341,origin_clean,0,False,2.294775,-1.8493359
342,origin_clean,0,False,1.3049798,1.4053302
343,origin_clean,0,False,2.7823613,-1.6446984
344,origin_clean,0,False,1.9400344,0.5172349
345,origin_clean,0,False,2.4481254,-1.146134
346,origin_clean,0,False,0.8231204,1.6354175
347,origin_clean,0,False,2.4077597,-0.84536046
348,origin_clean,0,False,2.1632535,-0.030776985
349,origin_clean,0,False,2.6700785,-1.9178413
350,origin_clean,0,False,2.1175008,-1.0694661
351,origin_clean,0,False,0.8929315,1.6190689
352,origin_clean,0,False,2.1995173,-0.036384035
353,origin_clean,0,False,3.3520427,-3.1178083
354,origin_clean,0,False,1.6405232,0.8708174
355,origin_clean,0,False,2.1010137,0.060169127
356,origin_clean,0,False,1.4639282,-1.2309278
357,origin_clean,0,False,2.6982107,-1.329437
358,origin_clean,0,False,2.2056913,-1.2307415
359,origin_clean,0,False,1.5657094,-0.19493786
360,origin_clean,0,False,1.5951531,1.217988
361,origin_clean,0,False,2.1452408,-0.0753444
362,origin_clean,0,False,1.8830261,0.31646812
363,origin_clean,0,False,0.86563843,1.8527802
364,origin_clean,0,False,1.7021902,0.023809545
365,origin_clean,0,False,1.9707755,0.8009294
366,origin_clean,0,False,0.60986465,-0.586058
367,origin_clean,0,False,1.3977151,1.2220566
368,origin_clean,0,False,2.0122933,-0.937426
369,origin_clean,0,False,0.8956467,1.4344635
370,origin_clean,0,False,0.2509157,-0.7443663
371,origin_clean,0,False,2.0455854,0.07331424
372,origin_clean,0,False,1.8055761,0.05922491
373,origin_clean,0,False,1.3365397,1.0147725
374,origin_clean,0,False,1.8605537,0.2912752
375,origin_clean,0,False,0.58742774,1.2810804
376,origin_clean,0,False,2.361453,-0.71844876
377,origin_clean,0,False,1.3080106,0.97542584
378,origin_clean,0,False,2.4543965,-0.4598612
379,origin_clean,0,False,2.0714145,-0.5209887
380,origin_clean,0,False,2.8004668,-2.456688
381,origin_clean,0,False,2.2546778,-0.50312644
382,origin_clean,0,False,1.6025019,0.47826675
383,origin_clean,0,False,1.5316422,1.2344521
384,origin_clean,0,False,2.484504,-0.41454762
385,origin_clean,0,False,1.7407323,-0.033235207
386,origin_clean,0,False,1.8622699,-1.050319
387,origin_clean,1,False,-1.9852495,0.024893072
388,origin_clean,1,False,-1.5624127,-0.20969577
389,origin_clean,1,False,-1.8830942,1.5639067
390,origin_clean,1,False,-1.4742749,1.7612332
391,origin_clean,1,False,-1.7954831,1.4280633
392,origin_clean,1,False,-1.9666353,1.5591221
393,origin_clean,1,False,-1.0976791,2.216287
394,origin_clean,1,False,-0.07272149,2.784245
395,origin_clean,1,False,-0.37292102,1.9377404
396,origin_clean,1,False,-3.1834776,1.1496518
397,origin_clean,1,False,-0.09256362,2.6369824
398,origin_clean,1,False,-1.598996,1.3164443
399,origin_clean,1,False,-4.936305,-0.35913926
400,origin_clean,1,False,-2.619754,1.0367831
401,origin_clean,1,False,-2.5202248,0.16257086
402,origin_clean,1,False,-2.1625829,1.122823
403,origin_clean,1,False,-1.1890454,1.3623317
404,origin_clean,1,False,-2.3247173,1.1324792
405,origin_clean,1,False,0.77487326,1.7754893
406,origin_clean,1,False,-0.015395682,2.3283963
407,origin_clean,1,False,-0.26679817,1.1741185
408,origin_clean,1,False,-2.0697002,0.8416299
409,origin_clean,1,False,-1.0481493,1.7645016
410,origin_clean,1,False,-0.59769267,2.2417731
411,origin_clean,1,False,-0.70614684,1.8348002
412,origin_clean,1,False,-1.7519464,1.1869421
413,origin_clean,1,False,-2.0973978,1.1520483
414,origin_clean,1,False,-1.2132015,1.7922242
415,origin_clean,1,False,-1.595782,0.59620726
416,origin_clean,1,False,-0.06537495,2.308475
417,origin_clean,1,False,-0.09323431,1.4267747
418,origin_clean,1,False,-1.5675145,1.2206936
419,origin_clean,1,False,-1.7804604,-0.041653447
420,origin_clean,1,False,-4.213726,-0.026889086
421,origin_clean,1,False,-1.4831676,0.614288
422,origin_clean,1,False,-0.31898838,1.9329338
423,origin_clean,1,False,0.34915352,2.280376
424,origin_clean,1,False,-1.5423882,1.8314968
425,origin_clean,1,False,-0.18682265,2.5620375
426,origin_clean,1,False,0.6498412,2.512703
427,origin_clean,1,False,0.7054666,2.0406253
428,origin_clean,1,False,0.77754843,2.8088126
429,origin_clean,1,False,0.4953263,1.8484976
430,origin_clean,1,False,-0.4633609,2.007557
431,origin_clean,1,False,-0.20893458,1.4699106
432,origin_clean,1,False,0.2575573,2.6219525
433,origin_clean,1,False,-1.6050669,1.3803649
434,origin_clean,1,False,-1.7144691,0.68431294
435,origin_clean,1,False,-1.0852642,1.3930434
436,origin_clean,1,False,-1.8328667,1.4677851
437,origin_clean,1,False,0.7901909,1.9318037
438,origin_clean,1,False,-0.6934711,2.2552626
439,origin_clean,1,False,-0.35627845,2.4585042
440,origin_clean,1,False,-0.663424,1.6935178
441,origin_clean,1,False,-1.1694472,2.5045948
442,origin_clean,1,False,-4.127292,-0.4906711
443,origin_clean,1,False,-1.7582828,0.75313246
444,origin_clean,1,False,-0.5191299,2.0727897
445,origin_clean,1,False,-2.1208234,0.8925917
446,origin_clean,1,False,0.47850308,2.8728104
447,origin_clean,1,False,-1.832032,1.8423877
448,origin_clean,1,False,-0.96144325,1.536048
449,origin_clean,1,False,-1.4544442,0.71837634
450,origin_clean,1,False,-3.2266352,0.53625363
451,origin_clean,1,False,-0.914642,1.0364976
452,origin_clean,1,False,0.15464328,2.5068407
453,origin_clean,1,False,-1.2566068,0.23783547
454,origin_clean,1,False,-0.14292504,1.6005824
455,origin_clean,1,False,-3.3589323,0.09401215
456,origin_clean,1,False,0.072300196,1.2183137
457,origin_clean,1,False,-1.7494798,1.188739
458,origin_clean,1,False,-0.028572293,0.39875552
459,origin_clean,1,False,-1.5238996,1.0468391
460,origin_clean,1,False,-0.23102425,1.1958182
461,origin_clean,1,False,-1.4177299,2.1340659
462,origin_clean,1,False,-1.8434031,0.59811354
463,origin_clean,1,False,-0.212192,0.67834437
464,origin_clean,1,False,-2.7595487,0.36842847
465,origin_clean,1,False,-1.9605598,1.0273834
466,origin_clean,1,False,0.54541385,3.2656999
467,origin_clean,1,False,0.5029751,1.8962605
468,origin_clean,1,False,-2.8883011,0.99984896
469,origin_clean,1,False,-2.1371815,1.4003915
470,origin_clean,1,False,0.08088912,2.1725192
471,origin_clean,1,False,-0.9994395,1.3691494
472,origin_clean,1,False,-0.949494,1.7693753
473,origin_clean,1,False,-3.044211,0.356363
474,origin_clean,1,False,-2.8839674,-0.36011443
475,origin_clean,1,False,-0.40564594,2.1874042
476,origin_clean,1,False,-1.5611675,1.4871241
477,origin_clean,1,False,-1.5821826,2.251633
478,origin_clean,1,False,0.75414485,1.3563031
479,origin_clean,1,False,-4.3178263,0.597167
480,origin_clean,1,False,-2.6529882,0.93139255
481,origin_clean,1,False,-2.3445716,1.0744977
482,origin_clean,1,False,0.11877155,2.2530127
483,origin_clean,1,False,-1.8873234,0.68026435
484,origin_clean,1,False,-2.2599187,1.056562
485,origin_clean,1,False,-3.4075274,0.50719684
486,origin_clean,1,False,0.51880103,2.1247287
487,origin_clean,1,False,-0.31691104,1.7190104
488,origin_clean,1,False,-0.7933825,1.2787836
489,origin_clean,1,False,-1.3884232,1.6301265
490,origin_clean,1,False,-1.5367287,0.24688268
491,origin_clean,1,False,-1.2836514,0.9300139
492,origin_clean,1,False,-1.530613,0.12872884
493,origin_clean,1,False,-1.3807166,1.8429093
494,origin_clean,1,False,-1.2050759,1.2983425
495,origin_clean,1,False,-1.4222205,0.9438561
496,origin_clean,1,False,-5.0177617,-0.4563264
497,origin_clean,1,False,0.54586685,1.1553272
498,origin_clean,1,False,-1.9633219,1.0317414
499,origin_clean,1,False,-1.6058006,0.9151946
500,origin_clean,1,False,-1.2653697,1.422656
501,origin_clean,1,False,-0.89936507,1.995492
502,origin_clean,1,False,-0.8667897,2.2371655
503,origin_clean,1,False,-0.6693472,2.1449363
504,origin_clean,1,False,-1.393485,1.5606403
505,origin_clean,1,False,-2.8546124,1.1147493
506,origin_clean,1,False,-1.2166266,1.7725582
507,origin_clean,1,False,-4.4472504,0.3073147
508,origin_clean,1,False,-0.6917373,1.1926199
509,origin_clean,1,False,-3.1044114,1.131329
510,origin_clean,1,False,-1.0495787,1.4535072
511,origin_clean,1,False,-0.7513777,-0.37188768
0,origin_poisoned,0,False,-1.609144,-2.0904453
1,origin_poisoned,0,False,-2.0481193,-1.4054201
2,origin_poisoned,0,False,-0.13642186,-3.7109642
3,origin_poisoned,0,False,-0.17446637,-3.790347
4,origin_poisoned,0,False,-1.7234744,0.15929426
5,origin_poisoned,0,False,-1.155081,-1.8154037
6,origin_poisoned,0,False,-1.5097215,-1.5966948
7,origin_poisoned,0,False,-1.9674141,-1.6736811
8,origin_poisoned,0,False,-1.4447937,-2.5103865
9,origin_poisoned,0,False,-1.3217535,-1.792357
10,origin_poisoned,0,False,-2.087459,-0.77286124
11,origin_poisoned,0,False,-3.3194647,-0.9048592
12,origin_poisoned,0,False,-1.9907734,0.21116163
13,origin_poisoned,0,False,-2.0381868,-1.747993
14,origin_poisoned,0,False,-0.27997443,-4.352159
15,origin_poisoned,0,False,-0.5766094,-3.0190425
16,origin_poisoned,0,False,-2.4234784,0.8868112
17,origin_poisoned,0,False,-1.3390505,-2.7465577
18,origin_poisoned,0,False,-1.2774732,-1.8100767
19,origin_poisoned,0,False,-1.7421421,-1.3038943
20,origin_poisoned,0,False,-0.60478973,-3.467825
21,origin_poisoned,0,False,-2.559993,0.20357016
22,origin_poisoned,0,False,-1.4413793,-1.3984346
23,origin_poisoned,0,False,-1.4066551,-1.6129545
24,origin_poisoned,0,False,-1.6077914,-1.6085887
25,origin_poisoned,0,False,0.0674261,-4.2055902
26,origin_poisoned,0,False,-2.0330763,-1.5132692
27,origin_poisoned,0,False,-0.6251756,-3.309968
28,origin_poisoned,0,False,-1.0441831,-2.0333974
29,origin_poisoned,0,False,-1.0623045,-2.7106333
30,origin_poisoned,0,False,-0.4236957,-3.8738127
31,origin_poisoned,0,False,-1.7068987,-3.3081665
32,origin_poisoned,0,False,-0.7004747,-2.5104809
33,origin_poisoned,0,False,-1.1911916,-1.9695868
34,origin_poisoned,0,False,-2.0155811,-0.83477545
35,origin_poisoned,0,False,-1.5262992,-1.4900906
36,origin_poisoned,0,False,-0.2952793,-3.476243
37,origin_poisoned,0,False,-1.7623928,-0.39229232
38,origin_poisoned,0,False,-0.95616317,-2.3025723
39,origin_poisoned,0,False,-1.4487724,-3.2341118
40,origin_poisoned,0,False,-1.4321744,-1.4215964
41,origin_poisoned,0,False,-1.4099332,-3.5737128
42,origin_poisoned,0,False,-0.4538402,-3.9118936
43,origin_poisoned,0,False,-2.0976872,-2.076159
44,origin_poisoned,0,False,-1.3212591,-1.4295468
45,origin_poisoned,0,False,-1.6326598,-1.8087678
46,origin_poisoned,0,False,-0.25500038,-4.203212
47,origin_poisoned,0,False,-2.149996,-0.25562608
48,origin_poisoned,0,False,-0.75260204,-2.083665
49,origin_poisoned,0,False,-1.7022793,-0.8039312
50,origin_poisoned,0,False,-1.2020898,-2.4854057
51,origin_poisoned,0,False,-1.8541331,-0.62575215
52,origin_poisoned,0,False,-1.2131505,-2.2082524
53,origin_poisoned,0,False,-1.6560107,-0.74977976
54,origin_poisoned,0,False,-0.84968054,-2.0501616
55,origin_poisoned,0,False,-0.31371975,-3.8713658
56,origin_poisoned,0,False,-2.2512708,-0.22599989
57,origin_poisoned,0,False,-2.6217966,-1.5025966
58,origin_poisoned,0,False,-1.8320763,-1.1397846
59,origin_poisoned,0,False,-1.9731598,-0.56034607
60,origin_poisoned,0,False,-1.4292312,-0.95273995
61,origin_poisoned,0,False,-1.6670685,-1.39905
62,origin_poisoned,0,False,-0.7440046,-2.981318
63,origin_poisoned,0,False,-1.9839017,-0.9803715
64,origin_poisoned,0,False,-0.86820865,-2.4488745
65,origin_poisoned,0,False,-1.275529,-2.8138638
66,origin_poisoned,0,False,-1.9665052,-1.3116385
67,origin_poisoned,0,False,-2.6971235,-0.8761674
68,origin_poisoned,0,False,-0.8823808,-3.1435542
69,origin_poisoned,0,False,-1.2043916,-2.1925855
70,origin_poisoned,0,False,-1.938973,-2.633634
71,origin_poisoned,0,False,-2.5975504,-0.595
72,origin_poisoned,0,False,-0.75677276,-2.0351262
73,origin_poisoned,0,False,-0.6864685,-2.6882958
74,origin_poisoned,0,False,-1.8628783,-1.4209533
75,origin_poisoned,0,False,-1.1370317,-1.9996278
76,origin_poisoned,0,False,-0.03891124,-4.493385
77,origin_poisoned,0,False,-0.11961664,-4.076541
78,origin_poisoned,0,False,-1.0122366,-2.3881016
79,origin_poisoned,0,False,0.24285318,-5.844054
80,origin_poisoned,0,False,-1.952201,-1.7674251
81,origin_poisoned,0,False,-1.2384963,-2.3939118
82,origin_poisoned,0,False,-1.6332619,-2.1750128
83,origin_poisoned,0,False,-0.43893474,-3.0356944
84,origin_poisoned,0,False,-1.287045,-2.8594809
85,origin_poisoned,0,False,-0.5566927,-3.867469
86,origin_poisoned,0,False,-1.2404027,-1.7784323
87,origin_poisoned,0,False,-1.2700108,-1.4639938
88,origin_poisoned,0,False,-0.32965666,-3.1323376
89,origin_poisoned,0,False,-2.044953,-2.498932
90,origin_poisoned,0,False,-2.2339387,-0.6436515
91,origin_poisoned,0,False,-1.8595939,-2.34594
92,origin_poisoned,0,False,-2.5257401,-0.17274766
93,origin_poisoned,0,False,-1.1091747,-2.791023
94,origin_poisoned,0,False,-2.469321,-0.07371943
95,origin_poisoned,0,False,-2.5354555,-0.06536346
96,origin_poisoned,0,False,-0.8476646,-3.0590148
97,origin_poisoned,0,False,-1.2991537,-2.7648253
98,origin_poisoned,0,False,-1.3004234,-1.767543
99,origin_poisoned,0,False,-2.2247481,-0.6431582
100,origin_poisoned,0,False,-1.3160357,-1.786773
101,origin_poisoned,0,False,-3.0776157,-0.08441308
102,origin_poisoned,0,False,-0.99057704,-3.136211
103,origin_poisoned,0,False,-0.35552537,-3.9380846
104,origin_poisoned,0,False,-1.0397921,-2.8120403
105,origin_poisoned,0,False,-0.89951015,-2.993191
106,origin_poisoned,0,False,-1.8301144,-1.3039205
107,origin_poisoned,0,False,-0.6501046,-2.6593554
108,origin_poisoned,0,False,-1.3386252,-2.7942867
109,origin_poisoned,0,False,-2.2801375,-1.1555574
110,origin_poisoned,0,False,-1.0089792,-2.4979758
111,origin_poisoned,0,False,-1.9350598,-1.2156768
112,origin_poisoned,0,False,-0.6237322,-3.0725422
113,origin_poisoned,0,False,-2.5691617,0.9219855
114,origin_poisoned,0,False,-1.8695999,-0.84936047
115,origin_poisoned,0,False,-0.902314,-3.211976
116,origin_poisoned,0,False,-3.1776938,-1.2997366
117,origin_poisoned,0,False,-1.6851332,-2.186171
118,origin_poisoned,0,False,-1.6531615,-2.0349648
119,origin_poisoned,0,False,-1.8868039,-0.93830866
120,origin_poisoned,0,False,-1.5224512,-1.8382685
121,origin_poisoned,0,False,-0.45280266,-4.202026
122,origin_poisoned,0,False,-0.39751685,-3.1123352
123,origin_poisoned,0,False,-0.8983034,-3.6327534
124,origin_poisoned,0,False,-1.6052563,-1.6055238
125,origin_poisoned,0,False,-1.5286994,-1.794627
126,origin_poisoned,0,False,-0.55453056,-2.6691046
127,origin_poisoned,0,False,-1.5557857,-1.0868926
128,origin_poisoned,0,False,-1.293278,-2.4123976
129,origin_poisoned,0,False,-1.8961313,-1.4092286
130,origin_poisoned,0,False,-1.5405971,-1.5261275
131,origin_poisoned,0,False,-0.6358824,-2.8768628
132,origin_poisoned,0,False,-2.3840973,0.41721863
133,origin_poisoned,0,False,-1.5730294,-0.9868757
134,origin_poisoned,0,False,-0.48072404,-3.1435843
135,origin_poisoned,0,False,-0.5442941,-3.162755
136,origin_poisoned,0,False,-0.929461,-2.5252707
137,origin_poisoned,0,False,-1.6674852,-0.6138742
138,origin_poisoned,0,False,-0.8108819,-2.0532727
139,origin_poisoned,0,False,-1.856883,0.3188134
140,origin_poisoned,0,False,-2.396298,-0.07705468
141,origin_poisoned,0,False,-1.333953,-0.9573045
142,origin_poisoned,0,False,0.06967483,-4.8572264
143,origin_poisoned,0,False,-1.2952256,-1.5115646
144,origin_poisoned,0,False,-0.5541306,-3.5235152
145,origin_poisoned,0,False,-1.7715867,-1.5744567
146,origin_poisoned,0,False,-2.22016,0.18113555
147,origin_poisoned,0,False,-2.907342,-0.33717853
148,origin_poisoned,0,False,-2.8852162,-0.0165576
149,origin_poisoned,0,False,-1.969568,-1.4884012
150,origin_poisoned,0,False,-1.7987485,-0.63355696
151,origin_poisoned,0,False,-2.3795247,0.56641823
152,origin_poisoned,0,False,-0.708565,-2.8093371
153,origin_poisoned,0,False,-2.263002,-0.30472618
154,origin_poisoned,0,False,-1.7804289,-2.8309994
155,origin_poisoned,0,False,-1.0942972,-3.2640872
156,origin_poisoned,0,False,-1.7656225,-0.6467886
157,origin_poisoned,0,False,-0.54232156,-2.5550904
158,origin_poisoned,0,False,-0.6866465,-3.2788863
159,origin_poisoned,0,False,-1.7600051,-0.6491983
160,origin_poisoned,0,False,-2.029521,-0.465451
161,origin_poisoned,0,False,-2.884706,0.017051466
162,origin_poisoned,0,False,-3.0550046,0.025730658
163,origin_poisoned,0,False,-2.1082582,-0.381763
164,origin_poisoned,0,False,-1.2672186,-2.675661
165,origin_poisoned,0,False,-1.0841182,-1.8709453
166,origin_poisoned,0,False,-1.9024246,-0.24008301
167,origin_poisoned,0,False,-1.8128121,-2.541377
168,origin_poisoned,0,False,-1.3365493,-4.2862
169,origin_poisoned,0,False,-1.8559377,-0.50382537
170,origin_poisoned,0,False,-2.4355254,-1.6519763
171,origin_poisoned,0,False,-2.2655315,0.31527677
172,origin_poisoned,0,False,-0.6462931,-3.2885165
173,origin_poisoned,0,False,-1.3327419,-1.5976489
174,origin_poisoned,0,False,-2.2665293,0.96202254
175,origin_poisoned,0,False,-1.6095209,-0.7335917
176,origin_poisoned,0,False,-1.7712066,-1.0647544
177,origin_poisoned,0,False,-0.850749,-3.91039
178,origin_poisoned,0,False,-0.91176933,-3.1225874
179,origin_poisoned,0,False,-0.5049814,-2.959216
180,origin_poisoned,0,False,-1.6657958,-0.6976371
181,origin_poisoned,0,False,-0.8415774,-2.5896246
182,origin_poisoned,0,False,-1.2202954,-1.8742476
183,origin_poisoned,0,False,-0.9806504,-3.2064433
184,origin_poisoned,0,False,-2.2266846,0.08528416
185,origin_poisoned,0,False,-2.398707,-0.73238015
186,origin_poisoned,0,False,-1.3911884,-1.7434797
187,origin_poisoned,0,False,-1.5363629,-1.612144
188,origin_poisoned,0,False,-2.302476,0.3726502
189,origin_poisoned,0,False,-2.2088485,0.5096534
190,origin_poisoned,0,False,-1.0680678,-2.24522
191,origin_poisoned,0,False,-1.4838057,-1.5474683
192,origin_poisoned,0,False,-0.9906781,-0.9894523
193,origin_poisoned,0,False,-1.1922369,-0.87618816
194,origin_poisoned,0,False,-1.1630349,-2.3792183
195,origin_poisoned,0,False,-2.5578728,-1.6214942
196,origin_poisoned,0,False,-1.899391,-1.65607
197,origin_poisoned,0,False,-1.8701327,-0.98141736
198,origin_poisoned,0,False,-1.4308949,-0.75568426
199,origin_poisoned,0,False,-2.32462,0.50739497
200,origin_poisoned,0,False,-1.5565248,-1.1473596
201,origin_poisoned,0,False,-1.8529315,-0.6636981
202,origin_poisoned,0,False,-1.1601744,-2.4774485
203,origin_poisoned,0,False,-1.0847886,-2.8825603
204,origin_poisoned,0,False,-2.0075235,-1.131088
205,origin_poisoned,0,False,-1.8864613,-2.5524607
206,origin_poisoned,0,False,-0.5547873,-3.9609194
207,origin_poisoned,0,False,-1.8562849,-1.30742
208,origin_poisoned,0,False,-1.3388698,-1.8014771
209,origin_poisoned,0,False,-2.841653,0.10059719
210,origin_poisoned,0,False,-1.6968684,-1.0953733
211,origin_poisoned,0,False,-1.4146147,-2.1142132
212,origin_poisoned,0,False,-2.3573537,-1.2954265
213,origin_poisoned,0,False,-1.9564253,-0.9750666
214,origin_poisoned,0,False,-0.50790954,-2.58836
215,origin_poisoned,0,False,-1.3745492,-1.3652585
216,origin_poisoned,0,False,-1.4719856,-1.3901956
217,origin_poisoned,0,False,-0.6593086,-2.761673
218,origin_poisoned,0,False,-1.0132045,-2.6742141
219,origin_poisoned,0,False,-1.6937735,-1.514842
220,origin_poisoned,0,False,-1.3096652,-1.8123196
221,origin_poisoned,0,False,-0.9851206,-1.8651025
222,origin_poisoned,0,False,-0.97154063,-2.7783084
223,origin_poisoned,0,False,-1.1777484,-2.071537
224,origin_poisoned,0,False,-1.5887237,-0.97578084
225,origin_poisoned,0,False,-2.5861943,-0.40836197
226,origin_poisoned,0,False,-1.1661971,-2.2273664
227,origin_poisoned,0,False,-0.6653005,-3.8774135
228,origin_poisoned,0,False,-1.7232518,-2.3593955
229,origin_poisoned,0,False,-0.79562664,-1.3614314
230,origin_poisoned,0,False,-0.102378614,-3.0023623
231,origin_poisoned,0,False,-1.89323,-0.9642459
232,origin_poisoned,0,False,-1.3234779,-1.2675252
233,origin_poisoned,0,False,-1.2220199,-2.132154
234,origin_poisoned,0,False,-1.4816722,-0.8948906
235,origin_poisoned,0,False,-1.7061632,-0.6686555
236,origin_poisoned,0,False,-2.0616515,-0.18310991
237,origin_poisoned,0,False,-0.8727076,-3.3912454
238,origin_poisoned,0,False,-1.7987626,-0.3655086
239,origin_poisoned,0,False,-2.003563,-0.13095908
240,origin_poisoned,0,False,-2.4439278,-2.3947296
241,origin_poisoned,0,False,-2.0943084,-1.411928
242,origin_poisoned,0,False,-0.77837926,-3.1059499
243,origin_poisoned,0,False,-0.48891607,-3.7032146
244,origin_poisoned,0,False,-2.3410268,-0.83671963
245,origin_poisoned,0,False,-4.740405,-0.1020078
246,origin_poisoned,0,False,-1.2109951,-2.380126
247,origin_poisoned,0,False,-1.3271015,-1.8659118
248,origin_poisoned,0,False,-0.86887765,-1.9089808
249,origin_poisoned,0,False,-1.9840775,-0.6171379
250,origin_poisoned,0,False,-2.1276522,-1.188221
251,origin_poisoned,0,False,-2.6171918,0.48455036
252,origin_poisoned,0,False,-2.827881,-0.028734203
253,origin_poisoned,0,False,-1.1889322,-1.7234436
254,origin_poisoned,0,False,-2.2342596,-0.9812349
255,origin_poisoned,0,False,-1.3706954,-1.5604357
256,origin_poisoned,0,False,-2.1711264,-0.021188974
257,origin_poisoned,0,False,-1.8221182,-1.6897645
258,origin_poisoned,0,False,-1.5334864,-2.0320177
259,origin_poisoned,0,False,-2.3520129,-1.1796978
260,origin_poisoned,0,False,-2.0424821,0.7122396
261,origin_poisoned,0,False,-1.7401526,-0.6042291
262,origin_poisoned,0,False,-0.9512974,-2.2329285
263,origin_poisoned,0,False,-0.8478796,-3.2124956
264,origin_poisoned,0,False,-1.2574682,-1.9092782
265,origin_poisoned,0,False,-1.843879,-1.1058867
266,origin_poisoned,0,False,-2.1956189,-2.2076068
267,origin_poisoned,0,False,0.7379699,-6.027546
268,origin_poisoned,0,False,-1.6912363,-1.4563365
269,origin_poisoned,0,False,-1.943603,-0.5416178
270,origin_poisoned,0,False,-0.6533934,-3.5897374
271,origin_poisoned,0,False,-1.1932337,-2.50393
272,origin_poisoned,0,False,-2.6590247,-0.9618299
273,origin_poisoned,0,False,-0.9988165,-2.4371834
274,origin_poisoned,0,False,-1.6033788,-1.1273533
275,origin_poisoned,0,False,-1.4214064,-1.7504756
276,origin_poisoned,0,False,-1.0822816,-1.9218433
277,origin_poisoned,0,False,-1.969906,0.58953476
278,origin_poisoned,0,False,-0.7339928,-2.9282355
279,origin_poisoned,0,False,-1.9301691,-1.2240915
280,origin_poisoned,0,False,-1.899409,-0.7560048
281,origin_poisoned,0,False,-1.2708796,-3.6071784
282,origin_poisoned,0,False,-1.530411,-2.0670831
283,origin_poisoned,0,False,-1.1167922,-2.9533472
284,origin_poisoned,0,False,-2.8937006,-1.1363442
285,origin_poisoned,0,False,-1.9439702,-1.6507524
286,origin_poisoned,0,False,-1.652014,-2.0208335
287,origin_poisoned,0,False,-0.23262654,-4.53438
288,origin_poisoned,0,False,-1.8746581,-0.59838444
289,origin_poisoned,0,False,0.14637022,-4.936186
290,origin_poisoned,0,False,-1.8438427,-1.9923947
291,origin_poisoned,0,False,-1.2075151,-3.0542133
292,origin_poisoned,0,False,-1.2279371,-1.1015029
293,origin_poisoned,0,False,-2.3678102,0.021973047
294,origin_poisoned,0,False,-1.889507,-1.1474332
295,origin_poisoned,0,False,-2.3601952,-1.757396
296,origin_poisoned,0,False,-0.4373784,-4.459429
297,origin_poisoned,0,False,-1.9910808,-1.7941599
298,origin_poisoned,0,False,-0.25787547,-3.2147584
299,origin_poisoned,0,False,-1.6392803,-1.6257429
300,origin_poisoned,0,False,-2.2280436,-0.025689047
301,origin_poisoned,0,False,-0.4338681,-3.6579316
302,origin_poisoned,0,False,-1.8022699,-1.014131
303,origin_poisoned,0,False,-1.4092227,-0.7001235
304,origin_poisoned,0,False,-1.3560388,-2.9027667
305,origin_poisoned,0,False,-1.9001037,-1.8242095
306,origin_poisoned,0,False,-1.8320239,-1.3339305
307,origin_poisoned,0,False,-1.1681156,-3.1078992
308,origin_poisoned,0,False,-0.85060215,-2.466004
309,origin_poisoned,0,False,-1.6951643,-2.68439
310,origin_poisoned,0,False,-1.8901291,-1.15955
311,origin_poisoned,0,False,-1.5316807,-2.2904067
312,origin_poisoned,0,False,-1.5950624,-1.0393418
313,origin_poisoned,0,False,-0.64381766,-2.8180919
314,origin_poisoned,0,False,-3.1804874,-0.4547522
315,origin_poisoned,0,False,-1.7035675,-1.9487903
316,origin_poisoned,0,False,-0.99271226,-2.7735853
317,origin_poisoned,0,False,-1.9981596,-0.99860203
318,origin_poisoned,0,False,-1.5935218,-1.777627
319,origin_poisoned,0,False,-1.6391155,-1.8402344
320,origin_poisoned,0,False,-1.7094376,-0.14625652
321,origin_poisoned,0,False,-0.45413578,-3.4238796
322,origin_poisoned,0,False,-1.4122577,-0.95941913
323,origin_poisoned,0,False,-1.496156,-1.5974331
324,origin_poisoned,0,False,-0.53643775,-3.6263914
325,origin_poisoned,0,False,-1.0334232,-2.2527146
326,origin_poisoned,0,False,-1.4982779,-1.7059343
327,origin_poisoned,0,False,-2.2416348,-0.3755375
328,origin_poisoned,0,False,-2.2785957,-0.5251391
329,origin_poisoned,0,False,-1.5474048,-1.2796224
330,origin_poisoned,0,False,-1.249293,-1.6451921
331,origin_poisoned,0,False,-1.8755734,-1.7088932
332,origin_poisoned,0,False,-1.5816923,-1.2434121
333,origin_poisoned,0,False,-1.7607982,-1.7447183
334,origin_poisoned,0,False,0.10982735,-3.92786
335,origin_poisoned,0,False,-0.45702854,-3.5049553
336,origin_poisoned,0,False,-1.1362236,-2.47789
337,origin_poisoned,0,False,-2.2868981,-0.61798275
338,origin_poisoned,0,False,-1.6809762,-1.796524
339,origin_poisoned,0,False,-1.9333823,-2.9611506
340,origin_poisoned,0,False,-2.603553,0.9564517
341,origin_poisoned,0,False,-1.0398729,-3.6936872
342,origin_poisoned,0,False,-2.0246115,-0.5134768
343,origin_poisoned,0,False,-0.62774384,-3.279563
344,origin_poisoned,0,False,-1.1733277,-1.168408
345,origin_poisoned,0,False,-0.69751334,-2.8912983
346,origin_poisoned,0,False,-2.5301924,-0.26639533
347,origin_poisoned,0,False,-0.9568521,-2.7434711
348,origin_poisoned,0,False,-1.1940498,-1.9379786
349,origin_poisoned,0,False,-0.52535003,-3.7400723
350,origin_poisoned,0,False,-1.1614001,-2.9453735
351,origin_poisoned,0,False,-2.3927708,-0.25260398
352,origin_poisoned,0,False,-1.177918,-1.922594
353,origin_poisoned,0,False,-0.048428744,-4.9112487
354,origin_poisoned,0,False,-1.6928461,-1.0667194
355,origin_poisoned,0,False,-1.1062961,-1.8074253
356,origin_poisoned,0,False,-1.7459524,-3.056987
357,origin_poisoned,0,False,-0.67675257,-3.1193302
358,origin_poisoned,0,False,-1.1480899,-3.1658392
359,origin_poisoned,0,False,-1.8401217,-2.1062818
360,origin_poisoned,0,False,-2.0005965,-0.80564183
361,origin_poisoned,0,False,-1.1773834,-1.9149531
362,origin_poisoned,0,False,-1.5321298,-1.640414
363,origin_poisoned,0,False,-2.3876543,-0.026428713
364,origin_poisoned,0,False,-1.3594062,-1.6900389
365,origin_poisoned,0,False,-1.3047104,-1.0439594
366,origin_poisoned,0,False,-2.676774,-2.4298863
367,origin_poisoned,0,False,-1.9015945,-0.6424185
368,origin_poisoned,0,False,-1.3485329,-2.8021493
369,origin_poisoned,0,False,-2.7351017,-0.6583977
370,origin_poisoned,0,False,-3.1063325,-2.6807938
371,origin_poisoned,0,False,-1.4121685,-1.4463545
372,origin_poisoned,0,False,-1.1817694,-1.6252947
373,origin_poisoned,0,False,-1.79967,-0.7618879
374,origin_poisoned,0,False,-1.3783169,-1.5596457
375,origin_poisoned,0,False,-2.757444,-0.5266365
376,origin_poisoned,0,False,-1.282876,-2.2215514
377,origin_poisoned,0,False,-1.8125074,-0.6415463
378,origin_poisoned,0,False,-0.7108455,-2.2024255
379,origin_poisoned,0,False,-1.3564656,-2.3200107
380,origin_poisoned,0,False,-0.5384948,-4.383856
381,origin_poisoned,0,False,-1.1701624,-2.4518232
382,origin_poisoned,0,False,-1.7183634,-1.4456866
383,origin_poisoned,0,False,-1.6288276,-0.5771208
384,origin_poisoned,0,False,-1.0588048,-2.4166415
385,origin_poisoned,0,False,-1.6783729,-1.8631351
386,origin_poisoned,0,False,-1.6966304,-3.0346704
387,origin_poisoned,1,False,-5.337529,-1.8143368
388,origin_poisoned,1,False,-4.9218326,-2.145968
389,origin_poisoned,1,False,-5.3122673,-0.35809895
390,origin_poisoned,1,False,-4.8362703,-0.18633991
391,origin_poisoned,1,False,-5.028676,-0.40805137
392,origin_poisoned,1,False,-5.5525694,-0.5159164
393,origin_poisoned,1,False,-4.5800285,0.17850535
394,origin_poisoned,1,False,-3.4529135,0.8489347
395,origin_poisoned,1,False,-3.7281387,0.012022458
396,origin_poisoned,1,False,-6.4044414,-0.72745156
397,origin_poisoned,1,False,-3.228246,0.8332779
398,origin_poisoned,1,False,-4.995782,-0.57546103
399,origin_poisoned,1,False,-8.21675,-2.2501612
400,origin_poisoned,1,False,-6.101716,-1.0011402
401,origin_poisoned,1,False,-5.981282,-1.8297303
402,origin_poisoned,1,False,-5.7420664,-0.9222579
403,origin_poisoned,1,False,-4.3610964,-0.41847056
404,origin_poisoned,1,False,-5.716522,-0.82397676
405,origin_poisoned,1,False,-2.658999,-0.19665983
406,origin_poisoned,1,False,-3.273459,0.44559395
407,origin_poisoned,1,False,-3.4897552,-0.6833037
408,origin_poisoned,1,False,-4.9950304,-0.8096768
409,origin_poisoned,1,False,-4.538969,-0.2603868
410,origin_poisoned,1,False,-4.046374,0.22476348
411,origin_poisoned,1,False,-4.378811,-0.14115457
412,origin_poisoned,1,False,-5.066473,-0.72668946
413,origin_poisoned,1,False,-5.3750296,-0.72302127
414,origin_poisoned,1,False,-4.7738066,-0.26480275
415,origin_poisoned,1,False,-4.8384314,-1.2402084
416,origin_poisoned,1,False,-3.4041603,0.37574145
417,origin_poisoned,1,False,-3.1377861,-0.32305282
418,origin_poisoned,1,False,-4.8351793,-0.64781904
419,origin_poisoned,1,False,-5.146271,-1.9659712
420,origin_poisoned,1,False,-7.5628233,-1.9501085
421,origin_poisoned,1,False,-5.053136,-1.3984075
422,origin_poisoned,1,False,-3.8315365,-0.10068122
423,origin_poisoned,1,False,-3.1268876,0.2759387
424,origin_poisoned,1,False,-4.846126,-0.049856722
425,origin_poisoned,1,False,-3.656519,0.55909824
426,origin_poisoned,1,False,-2.7724686,0.5644764
427,origin_poisoned,1,False,-2.7123823,0.18033308
428,origin_poisoned,1,False,-2.41517,0.96199346
429,origin_poisoned,1,False,-2.6685042,0.08765189
430,origin_poisoned,1,False,-4.002897,-0.053130478
431,origin_poisoned,1,False,-3.2840724,-0.25666377
432,origin_poisoned,1,False,-3.1524987,0.6517248
433,origin_poisoned,1,False,-5.0683117,-0.55112576
434,origin_poisoned,1,False,-5.1349354,-1.2999637
435,origin_poisoned,1,False,-4.3898315,-0.51825583
436,origin_poisoned,1,False,-4.7394004,-0.20424983
437,origin_poisoned,1,False,-2.650169,-0.03215677
438,origin_poisoned,1,False,-4.0646663,0.30982736
439,origin_poisoned,1,False,-3.4213948,0.7105795
440,origin_poisoned,1,False,-4.0295525,-0.10911395
441,origin_poisoned,1,False,-4.672412,0.46740907
442,origin_poisoned,1,False,-7.635505,-2.5245237
443,origin_poisoned,1,False,-5.020732,-1.1073948
444,origin_poisoned,1,False,-3.8720903,0.16024105
445,origin_poisoned,1,False,-5.6792088,-1.162699
446,origin_poisoned,1,False,-2.9034953,0.91586643
447,origin_poisoned,1,False,-5.166046,-0.058473688
448,origin_poisoned,1,False,-4.4448547,-0.45536014
449,origin_poisoned,1,False,-4.8828793,-1.2871753
450,origin_poisoned,1,False,-6.646736,-1.3120863
451,origin_poisoned,1,False,-4.3100066,-0.9370267
452,origin_poisoned,1,False,-3.212371,0.53649426
453,origin_poisoned,1,False,-4.552519,-1.6635957
454,origin_poisoned,1,False,-3.444209,-0.2730267
455,origin_poisoned,1,False,-6.7018185,-1.8378325
456,origin_poisoned,1,False,-3.1287866,-0.5728878
457,origin_poisoned,1,False,-5.0691214,-0.7427014
458,origin_poisoned,1,False,-3.2348797,-1.3010769
459,origin_poisoned,1,False,-4.4525433,-0.5987228
460,origin_poisoned,1,False,-3.395114,-0.6005379
461,origin_poisoned,1,False,-4.7966566,0.1746785
462,origin_poisoned,1,False,-5.2106366,-1.3511461
463,origin_poisoned,1,False,-3.7415242,-1.3487055
464,origin_poisoned,1,False,-6.3636413,-1.6777201
465,origin_poisoned,1,False,-5.0341034,-0.707729
466,origin_poisoned,1,False,-2.4733124,1.5364435
467,origin_poisoned,1,False,-2.7166028,0.098180935
468,origin_poisoned,1,False,-6.3584003,-0.99065816
469,origin_poisoned,1,False,-5.669119,-0.6499156
470,origin_poisoned,1,False,-3.4457178,0.16320343
471,origin_poisoned,1,False,-4.403883,-0.444709
472,origin_poisoned,1,False,-4.5878963,-0.3574517
473,origin_poisoned,1,False,-6.3553114,-1.5565051
474,origin_poisoned,1,False,-6.446406,-2.389585
475,origin_poisoned,1,False,-3.652471,0.3206371
476,origin_poisoned,1,False,-4.8412285,-0.33209446
477,origin_poisoned,1,False,-5.2386513,0.102607474
478,origin_poisoned,1,False,-2.8369699,-0.48692143
479,origin_poisoned,1,False,-7.905552,-1.4851108
480,origin_poisoned,1,False,-6.1899896,-1.0822049
481,origin_poisoned,1,False,-5.7351456,-0.8424674
482,origin_poisoned,1,False,-3.4359503,0.17533566
483,origin_poisoned,1,False,-4.743597,-0.94853306
484,origin_poisoned,1,False,-5.7207417,-0.93436384
485,origin_poisoned,1,False,-6.9901524,-1.571319
486,origin_poisoned,1,False,-3.001316,0.09601492
487,origin_poisoned,1,False,-3.7161317,-0.14201994
488,origin_poisoned,1,False,-4.1014795,-0.63898236
489,origin_poisoned,1,False,-4.9135475,-0.29581356
490,origin_poisoned,1,False,-5.124382,-1.8207496
491,origin_poisoned,1,False,-4.800487,-1.1036708
492,origin_poisoned,1,False,-4.888114,-1.7903082
493,origin_poisoned,1,False,-4.632373,-0.0033901036
494,origin_poisoned,1,False,-4.8022203,-0.785373
495,origin_poisoned,1,False,-4.666909,-0.88127077
496,origin_poisoned,1,False,-8.2393675,-2.2961626
497,origin_poisoned,1,False,-2.8144379,-0.78240705
498,origin_poisoned,1,False,-4.9971266,-0.6920997
499,origin_poisoned,1,False,-4.6974745,-0.82718253
500,origin_poisoned,1,False,-4.6293645,-0.4465852
501,origin_poisoned,1,False,-4.2194023,0.12503468
502,origin_poisoned,1,False,-4.1791787,0.41346142
503,origin_poisoned,1,False,-4.125286,0.1412359
504,origin_poisoned,1,False,-4.6352425,-0.31665993
505,origin_poisoned,1,False,-5.99031,-0.6904328
506,origin_poisoned,1,False,-4.7179866,-0.19471468
507,origin_poisoned,1,False,-7.99152,-1.7541208
508,origin_poisoned,1,False,-3.6378279,-0.4888851
509,origin_poisoned,1,False,-6.3709164,-0.7719371
510,origin_poisoned,1,False,-4.2266626,-0.33727503
511,origin_poisoned,1,False,-4.214854,-2.2917392
0,degradation_poisoned,0,False,0.28581148,-0.30878967
1,degradation_poisoned,0,False,-0.058021225,-0.109755516
2,degradation_poisoned,0,False,1.6580255,-1.9396746
3,degradation_poisoned,0,False,1.6694969,-2.006112
4,degradation_poisoned,0,False,0.36783165,1.5398457
5,degradation_poisoned,0,False,1.049851,-0.3189951
6,degradation_poisoned,0,False,0.39873534,-0.08559858
7,degradation_poisoned,0,False,0.08214076,-0.23504594
8,degradation_poisoned,0,False,0.3949375,-1.2945154
9,degradation_poisoned,0,False,0.4723918,-0.16343182
10,degradation_poisoned,0,False,-0.15239236,0.5594348
11,degradation_poisoned,0,False,-1.5669136,0.24129531
12,degradation_poisoned,0,False,0.11676188,1.2547985
13,degradation_poisoned,0,False,0.04181868,-0.4753862
14,degradation_poisoned,0,False,1.6165626,-3.0931783
15,degradation_poisoned,0,False,1.4592955,-1.3224384
16,degradation_poisoned,0,False,-0.3327316,2.1808467
17,degradation_poisoned,0,False,0.49310976,-0.8915388
18,degradation_poisoned,0,False,0.6931902,-0.48812646
19,degradation_poisoned,0,False,-0.085867025,0.21840417
20,degradation_poisoned,0,False,1.3601778,-1.6761355
21,degradation_poisoned,0,False,-0.3409745,1.7132356
22,degradation_poisoned,0,False,0.48021474,-0.116251305
23,degradation_poisoned,0,False,0.89443487,-0.45051098
24,degradation_poisoned,0,False,0.25370476,-0.4899602
25,degradation_poisoned,0,False,2.2433295,-2.694114
26,degradation_poisoned,0,False,-0.12506919,-0.19861946
27,degradation_poisoned,0,False,1.1500428,-1.9955418
28,degradation_poisoned,0,False,0.6695257,-0.21355274
29,degradation_poisoned,0,False,0.73703253,-1.0380034
30,degradation_poisoned,0,False,1.7293196,-3.2459521
31,degradation_poisoned,0,False,-0.06492597,-1.9163404
32,degradation_poisoned,0,False,1.051668,-0.6765051
33,degradation_poisoned,0,False,0.71371967,-0.5661249
34,degradation_poisoned,0,False,0.41423446,0.62105227
35,degradation_poisoned,0,False,0.47363055,-0.19037312
36,degradation_poisoned,0,False,1.8815017,-1.5644403
37,degradation_poisoned,0,False,0.17557111,0.74785054
38,degradation_poisoned,0,False,0.9612503,-0.6037011
39,degradation_poisoned,0,False,0.34442163,-1.443166
40,degradation_poisoned,0,False,0.37653527,-0.017352978
41,degradation_poisoned,0,False,0.03493598,-2.1228404
42,degradation_poisoned,0,False,1.4115018,-2.35525
43,degradation_poisoned,0,False,-0.07117615,-0.3917596
44,degradation_poisoned,0,False,0.5907227,-0.14864407
45,degradation_poisoned,0,False,0.7066418,-0.16665274
46,degradation_poisoned,0,False,1.546448,-2.222722
47,degradation_poisoned,0,False,-0.32231408,1.1410177
48,degradation_poisoned,0,False,1.0373291,-0.59421444
49,degradation_poisoned,0,False,0.38088384,0.94687134
50,degradation_poisoned,0,False,0.7445203,-0.8150505
51,degradation_poisoned,0,False,-0.13443966,1.3175838
52,degradation_poisoned,0,False,0.8103956,-0.8354765
53,degradation_poisoned,0,False,0.29258624,0.41273773
54,degradation_poisoned,0,False,1.1561825,-0.9877448
55,degradation_poisoned,0,False,1.7592883,-2.59755
56,degradation_poisoned,0,False,-0.17463468,1.3066382
57,degradation_poisoned,0,False,-1.1300272,0.09611364
58,degradation_poisoned,0,False,0.28141165,-0.12882453
59,degradation_poisoned,0,False,-0.34740227,1.189924
60,degradation_poisoned,0,False,0.42503244,0.5949572
61,degradation_poisoned,0,False,0.30093402,0.1955517
62,degradation_poisoned,0,False,0.8917498,-0.5575334
63,degradation_poisoned,0,False,-0.11914599,0.27870676
64,degradation_poisoned,0,False,1.1714268,-1.118321
65,degradation_poisoned,0,False,0.7240256,-1.6752553
66,degradation_poisoned,0,False,0.09098309,0.29742151
67,degradation_poisoned,0,False,-1.6208105,0.16410606
68,degradation_poisoned,0,False,1.0386848,-1.7708721
69,degradation_poisoned,0,False,0.8139256,-0.7884545
70,degradation_poisoned,0,False,-0.15934862,-1.2922496
71,degradation_poisoned,0,False,-0.18998198,0.8202088
72,degradation_poisoned,0,False,1.2689798,-0.9972507
73,degradation_poisoned,0,False,1.326199,-1.3205955
74,degradation_poisoned,0,False,-0.2400977,0.0461752
75,degradation_poisoned,0,False,0.81393206,-0.3368703
76,degradation_poisoned,0,False,1.8856429,-2.9381757
77,degradation_poisoned,0,False,1.3705804,-2.269516
78,degradation_poisoned,0,False,0.81969225,-0.83670604
79,degradation_poisoned,0,False,1.9807553,-3.8109775
80,degradation_poisoned,0,False,-0.4292633,-0.69315344
81,degradation_poisoned,0,False,0.7085907,-0.9713215
82,degradation_poisoned,0,False,0.35123152,-0.44442487
83,degradation_poisoned,0,False,1.441017,-1.502996
84,degradation_poisoned,0,False,0.63313806,-1.4074494
85,degradation_poisoned,0,False,1.3516449,-2.1205268
86,degradation_poisoned,0,False,0.6766852,0.008036557
87,degradation_poisoned,0,False,0.6980859,-0.20716211
88,degradation_poisoned,0,False,1.4476397,-1.7124262
89,degradation_poisoned,0,False,-0.009487963,-0.39916134
90,degradation_poisoned,0,False,-0.58649385,1.0374358
91,degradation_poisoned,0,False,0.19617487,-0.6942326
92,degradation_poisoned,0,False,-0.35366803,1.3697032
93,degradation_poisoned,0,False,0.61497074,-0.6474521
94,degradation_poisoned,0,False,-0.24220696,1.2060227
95,degradation_poisoned,0,False,-0.49368095,1.1976781
96,degradation_poisoned,0,False,0.9461255,-1.2486899
97,degradation_poisoned,0,False,0.5900134,-1.4380512
98,degradation_poisoned,0,False,0.2854915,0.050163433
99,degradation_poisoned,0,False,-0.082700424,0.7734707
100,degradation_poisoned,0,False,0.7315303,-0.47746575
101,degradation_poisoned,0,False,-1.3534924,1.1252337
102,degradation_poisoned,0,False,0.6855662,-1.2474316
103,degradation_poisoned,0,False,1.37566,-2.556167
104,degradation_poisoned,0,False,1.0022094,-1.4233648
105,degradation_poisoned,0,False,1.2845496,-1.7999659
106,degradation_poisoned,0,False,0.39885926,0.22703075
107,degradation_poisoned,0,False,1.2840915,-1.2710533
108,degradation_poisoned,0,False,0.8324965,-1.6237745
109,degradation_poisoned,0,False,-0.8170499,-0.00385191
110,degradation_poisoned,0,False,0.79729253,-0.8236326
111,degradation_poisoned,0,False,0.0050244415,-0.03432841
112,degradation_poisoned,0,False,1.2968757,-1.5086594
113,degradation_poisoned,0,False,-0.1868752,2.4022868
114,degradation_poisoned,0,False,0.057516336,0.65996623
115,degradation_poisoned,0,False,1.0398211,-1.8436074
116,degradation_poisoned,0,False,-1.2710936,-0.20641652
117,degradation_poisoned,0,False,0.23571028,-0.67837024
118,degradation_poisoned,0,False,0.5758771,-0.37878174
119,degradation_poisoned,0,False,-0.048267014,0.769521
120,degradation_poisoned,0,False,0.1335803,-0.28097633
121,degradation_poisoned,0,False,1.4995676,-2.879232
122,degradation_poisoned,0,False,1.344801,-1.8392315
123,degradation_poisoned,0,False,0.9676709,-1.9440012
124,degradation_poisoned,0,False,0.23231333,-0.40941417
125,degradation_poisoned,0,False,0.47236747,-0.70599294
126,degradation_poisoned,0,False,1.268371,-0.98821473
127,degradation_poisoned,0,False,0.28132695,0.55859613
128,degradation_poisoned,0,False,0.5958649,-0.9488743
129,degradation_poisoned,0,False,0.09517484,-0.08317646
130,degradation_poisoned,0,False,0.4597931,0.10784252
131,degradation_poisoned,0,False,1.2760015,-1.3422892
132,degradation_poisoned,0,False,-0.6335234,1.6121798
133,degradation_poisoned,0,False,0.16075417,0.50098675
134,degradation_poisoned,0,False,1.1842389,-1.2854397
135,degradation_poisoned,0,False,1.0801333,-1.821856
136,degradation_poisoned,0,False,0.95416397,-0.9432914
137,degradation_poisoned,0,False,0.5734857,0.6237503
138,degradation_poisoned,0,False,0.88680017,-0.863726
139,degradation_poisoned,0,False,0.15589336,1.1980555
140,degradation_poisoned,0,False,-0.36185375,0.75339365
141,degradation_poisoned,0,False,0.48415947,0.48846096
142,degradation_poisoned,0,False,1.8901349,-3.1519728
143,degradation_poisoned,0,False,0.6891302,0.35570374
144,degradation_poisoned,0,False,1.0475814,-1.5779177
145,degradation_poisoned,0,False,0.21978205,-0.10231761
146,degradation_poisoned,0,False,-0.48324394,1.607604
147,degradation_poisoned,0,False,-0.9790091,1.1967192
148,degradation_poisoned,0,False,-0.5894925,1.439013
149,degradation_poisoned,0,False,0.18010032,-0.22490042
150,degradation_poisoned,0,False,0.07909244,0.7870494
151,degradation_poisoned,0,False,-0.22018585,1.9123834
152,degradation_poisoned,0,False,1.4142103,-1.3709333
153,degradation_poisoned,0,False,-0.61191595,1.1602688
154,degradation_poisoned,0,False,0.27446035,-1.6861118
155,degradation_poisoned,0,False,0.89688337,-1.7847908
156,degradation_poisoned,0,False,0.5007891,1.0244515
157,degradation_poisoned,0,False,1.1505003,-0.6605248
158,degradation_poisoned,0,False,1.2520983,-1.8839114
159,degradation_poisoned,0,False,0.30676225,0.4568978
160,degradation_poisoned,0,False,-0.14753094,0.9771672
161,degradation_poisoned,0,False,-0.8062335,1.4334862
162,degradation_poisoned,0,False,-1.0387292,1.3351632
163,degradation_poisoned,0,False,-0.060810585,0.6150296
164,degradation_poisoned,0,False,0.47783488,-1.2843237
165,degradation_poisoned,0,False,0.631337,-0.1820146
166,degradation_poisoned,0,False,0.12393044,1.0808742
167,degradation_poisoned,0,False,-0.10254371,-1.2995635
168,degradation_poisoned,0,False,-0.03801851,-2.9292054
169,degradation_poisoned,0,False,-0.0011271099,0.9879749
170,degradation_poisoned,0,False,-0.33024353,-0.27258962
171,degradation_poisoned,0,False,-0.45071504,1.4782366
172,degradation_poisoned,0,False,1.2574444,-1.7109597
173,degradation_poisoned,0,False,0.57064605,-0.45842633
174,degradation_poisoned,0,False,-0.30149662,2.424152
175,degradation_poisoned,0,False,0.23816445,0.59590435
176,degradation_poisoned,0,False,0.05230404,0.44204074
177,degradation_poisoned,0,False,1.3017812,-2.576455
178,degradation_poisoned,0,False,0.6876345,-1.2951288
179,degradation_poisoned,0,False,1.5539386,-1.772328
180,degradation_poisoned,0,False,0.1916124,0.41928118
181,degradation_poisoned,0,False,1.0441947,-1.2004638
182,degradation_poisoned,0,False,0.7972665,-0.6679187
183,degradation_poisoned,0,False,0.8370787,-1.9028647
184,degradation_poisoned,0,False,-0.45728856,1.3483617
185,degradation_poisoned,0,False,-0.60483676,0.47670078
186,degradation_poisoned,0,False,0.46403074,-0.3314945
187,degradation_poisoned,0,False,0.43833715,-0.008386124
188,degradation_poisoned,0,False,-0.48130584,1.443279
189,degradation_poisoned,0,False,-0.2551459,1.5870713
190,degradation_poisoned,0,False,0.7946174,-0.47912034
191,degradation_poisoned,0,False,0.2552247,-0.4253707
192,degradation_poisoned,0,False,1.0061786,0.23610424
193,degradation_poisoned,0,False,1.0271227,0.0946554
194,degradation_poisoned,0,False,0.69640195,-1.0529001
195,degradation_poisoned,0,False,-0.3808095,-0.3943128
196,degradation_poisoned,0,False,-0.13539462,0.12752753
197,degradation_poisoned,0,False,0.15695803,0.08683973
198,degradation_poisoned,0,False,0.4579962,0.47127226
199,degradation_poisoned,0,False,-0.4593137,1.7186363
200,degradation_poisoned,0,False,0.35377818,0.36661333
201,degradation_poisoned,0,False,-0.074080855,1.0857593
202,degradation_poisoned,0,False,0.8243958,-1.2700835
203,degradation_poisoned,0,False,0.69689834,-1.713994
204,degradation_poisoned,0,False,-0.15632331,0.04394463
205,degradation_poisoned,0,False,0.08664572,-0.86744225
206,degradation_poisoned,0,False,1.3885665,-2.442328
207,degradation_poisoned,0,False,-0.005705684,-0.123989835
208,degradation_poisoned,0,False,0.28781128,-0.4852662
209,degradation_poisoned,0,False,-0.94118464,1.0456145
210,degradation_poisoned,0,False,0.3793785,0.3316251
211,degradation_poisoned,0,False,0.36905456,-0.71185255
212,degradation_poisoned,0,False,-0.480766,0.1473541
213,degradation_poisoned,0,False,-0.07794267,-0.0564304
214,degradation_poisoned,0,False,1.3901135,-0.7234366
215,degradation_poisoned,0,False,0.44124526,-0.006640883
216,degradation_poisoned,0,False,0.52205753,-0.048023935
217,degradation_poisoned,0,False,1.3933572,-1.9122411
218,degradation_poisoned,0,False,0.5627667,-0.5861678
219,degradation_poisoned,0,False,0.12477875,-0.38311583
220,degradation_poisoned,0,False,0.4617247,-0.24053359
221,degradation_poisoned,0,False,0.8461592,-0.119156465
222,degradation_poisoned,0,False,1.2014039,-1.8644903
223,degradation_poisoned,0,False,0.9880128,-0.8229686
224,degradation_poisoned,0,False,0.6308334,0.50353456
225,degradation_poisoned,0,False,-0.47881603,0.7308723
226,degradation_poisoned,0,False,0.6596453,-0.41357952
227,degradation_poisoned,0,False,1.2352437,-2.2797546
228,degradation_poisoned,0,False,0.26652166,-0.79169405
229,degradation_poisoned,0,False,1.1671722,-0.17832561
230,degradation_poisoned,0,False,2.2841237,-3.1706119
231,degradation_poisoned,0,False,-0.3525831,0.3166017
232,degradation_poisoned,0,False,0.5615553,0.20484892
233,degradation_poisoned,0,False,0.57746404,-0.46825755
234,degradation_poisoned,0,False,0.19113648,0.9193466
235,degradation_poisoned,0,False,0.1493425,0.4638335
236,degradation_poisoned,0,False,-0.20323008,1.4697204
237,degradation_poisoned,0,False,0.8696067,-2.081631
238,degradation_poisoned,0,False,-0.06755922,1.29985
239,degradation_poisoned,0,False,0.0752704,0.9949439
240,degradation_poisoned,0,False,-0.6113952,-0.6390717
241,degradation_poisoned,0,False,-0.35090324,-0.053499814
242,degradation_poisoned,0,False,0.9772185,-1.5952629
243,degradation_poisoned,0,False,1.232307,-2.0139945
244,degradation_poisoned,0,False,-0.49394852,0.66523457
245,degradation_poisoned,0,False,-2.7679143,1.3128568
246,degradation_poisoned,0,False,0.7300268,-0.8504132
247,degradation_poisoned,0,False,0.4888398,-0.08419795
248,degradation_poisoned,0,False,1.119026,-0.64331925
249,degradation_poisoned,0,False,-0.21409708,0.6710223
250,degradation_poisoned,0,False,-0.09597701,1.0455797
251,degradation_poisoned,0,False,-0.101956144,2.0514045
252,degradation_poisoned,0,False,-1.0305445,1.0427985
253,degradation_poisoned,0,False,0.71121943,-0.4651267
254,degradation_poisoned,0,False,-0.07624893,0.42153692
255,degradation_poisoned,0,False,0.66739225,-0.39087978
256,degradation_poisoned,0,False,-0.116698705,1.3910148
257,degradation_poisoned,0,False,-0.08682288,0.20876484
258,degradation_poisoned,0,False,0.22498372,-0.7796953
259,degradation_poisoned,0,False,-0.21269697,0.24067754
260,degradation_poisoned,0,False,-0.18253717,1.9536204
261,degradation_poisoned,0,False,0.24919608,0.8021108
262,degradation_poisoned,0,False,1.0189756,-0.45029405
263,degradation_poisoned,0,False,1.0111173,-1.5211954
264,degradation_poisoned,0,False,0.748286,-0.74045575
265,degradation_poisoned,0,False,-0.2079773,0.36670655
266,degradation_poisoned,0,False,-0.26629663,-0.7601985
267,degradation_poisoned,0,False,2.5820007,-4.3082523
268,degradation_poisoned,0,False,0.18889317,0.18560345
269,degradation_poisoned,0,False,-0.11257936,0.6849005
270,degradation_poisoned,0,False,1.3668776,-2.0821118
271,degradation_poisoned,0,False,0.7388012,-1.0259521
272,degradation_poisoned,0,False,-0.81786215,0.5298243
273,degradation_poisoned,0,False,0.98585033,-1.1743464
274,degradation_poisoned,0,False,0.17583625,0.19008204
275,degradation_poisoned,0,False,0.23985553,0.27733046
276,degradation_poisoned,0,False,1.3145559,-1.1882896
277,degradation_poisoned,0,False,-0.03188333,1.9493841
278,degradation_poisoned,0,False,1.2210612,-1.6495484
279,degradation_poisoned,0,False,-0.18532096,0.38500646
280,degradation_poisoned,0,False,0.13417044,0.82337344
281,degradation_poisoned,0,False,0.67604595,-1.7649028
282,degradation_poisoned,0,False,0.34959278,-0.8082131
283,degradation_poisoned,0,False,0.63541925,-1.548339
284,degradation_poisoned,0,False,-1.3461466,0.10970796
285,degradation_poisoned,0,False,-0.014539535,-0.1960071
286,degradation_poisoned,0,False,0.259849,-0.7707994
287,degradation_poisoned,0,False,1.8266206,-3.1053028
288,degradation_poisoned,0,False,0.2718497,0.48150533
289,degradation_poisoned,0,False,1.9185708,-3.223769
290,degradation_poisoned,0,False,-0.10704653,-0.26984352
291,degradation_poisoned,0,False,0.7560239,-1.9514074
292,degradation_poisoned,0,False,0.57045877,0.5164101
293,degradation_poisoned,0,False,-0.4076854,1.3889012
294,degradation_poisoned,0,False,-0.16472584,0.25661406
295,degradation_poisoned,0,False,-0.5503862,-0.55117214
296,degradation_poisoned,0,False,1.1957159,-2.848434
297,degradation_poisoned,0,False,-0.00717625,-0.38006735
298,degradation_poisoned,0,False,1.7847416,-2.2536318
299,degradation_poisoned,0,False,0.20638478,-0.043939978
300,degradation_poisoned,0,False,-0.8828513,0.9886227
301,degradation_poisoned,0,False,1.8009655,-2.424407
302,degradation_poisoned,0,False,0.24693781,0.157065
303,degradation_poisoned,0,False,0.55967593,0.8059027
304,degradation_poisoned,0,False,0.17242554,-1.2566838
305,degradation_poisoned,0,False,-0.14554852,-0.20299105
306,degradation_poisoned,0,False,-0.057630733,0.050222553
307,degradation_poisoned,0,False,1.0737164,-1.8470306
308,degradation_poisoned,0,False,1.1181228,-0.7618909
309,degradation_poisoned,0,False,0.18350324,-1.4720271
310,degradation_poisoned,0,False,0.03890714,0.083061375
311,degradation_poisoned,0,False,0.55917275,-0.9722458
312,degradation_poisoned,0,False,0.41573894,0.87797236
313,degradation_poisoned,0,False,0.78080386,-0.85626966
314,degradation_poisoned,0,False,-1.0673683,1.0780898
315,degradation_poisoned,0,False,0.43266767,-0.76831126
316,degradation_poisoned,0,False,1.1363559,-1.5579739
317,degradation_poisoned,0,False,-0.082783714,0.16355053
318,degradation_poisoned,0,False,0.77469444,-0.07092561
319,degradation_poisoned,0,False,0.38421556,-0.23223266
320,degradation_poisoned,0,False,0.3685192,1.2410653
321,degradation_poisoned,0,False,1.6381406,-2.708439
322,degradation_poisoned,0,False,0.4371794,0.28003994
323,degradation_poisoned,0,False,0.59682196,0.11715687
324,degradation_poisoned,0,False,1.1998143,-2.1110744
325,degradation_poisoned,0,False,1.1525046,-1.6647954
326,degradation_poisoned,0,False,0.15165801,-0.14231277
327,degradation_poisoned,0,False,-0.3502417,1.4257016
328,degradation_poisoned,0,False,-0.3061297,1.1220119
329,degradation_poisoned,0,False,0.3637972,0.44795993
330,degradation_poisoned,0,False,0.69502544,0.3069184
331,degradation_poisoned,0,False,0.107523814,0.23536637
332,degradation_poisoned,0,False,0.44012636,-0.04426625
333,degradation_poisoned,0,False,0.27106875,-0.8724928
334,degradation_poisoned,0,False,2.4134736,-2.4309573
335,degradation_poisoned,0,False,1.6281095,-2.310721
336,degradation_poisoned,0,False,0.62012744,-0.6059453
337,degradation_poisoned,0,False,-0.2982207,0.7657937
338,degradation_poisoned,0,False,0.12658232,-0.087219335
339,degradation_poisoned,0,False,-0.063249566,-1.8646948
340,degradation_poisoned,0,False,-0.43241912,2.4986105
341,degradation_poisoned,0,False,1.0857396,-2.0043395
342,degradation_poisoned,0,False,-0.28923118,0.92044127
343,degradation_poisoned,0,False,1.042403,-1.1969389
344,degradation_poisoned,0,False,0.53455865,0.5359665
345,degradation_poisoned,0,False,0.9823632,-0.8876646
346,degradation_poisoned,0,False,-0.7897723,1.0125461
347,degradation_poisoned,0,False,0.8063551,-1.1020045
348,degradation_poisoned,0,False,0.7021259,-0.6508072
349,degradation_poisoned,0,False,1.0110601,-2.2310867
350,degradation_poisoned,0,False,0.8131204,-1.4727776
351,degradation_poisoned,0,False,-0.50113,1.2477164
352,degradation_poisoned,0,False,0.48514014,-0.1084554
353,degradation_poisoned,0,False,1.319083,-2.8133235
354,degradation_poisoned,0,False,0.22043598,0.305211
355,degradation_poisoned,0,False,0.7388253,-0.18092172
356,degradation_poisoned,0,False,0.13372174,-1.1612706
357,degradation_poisoned,0,False,1.0544509,-1.2694516
358,degradation_poisoned,0,False,0.66944003,-1.2755291
359,degradation_poisoned,0,False,-0.21194687,-0.20415853
360,degradation_poisoned,0,False,0.028895805,0.74198616
361,degradation_poisoned,0,False,1.0238802,-1.0696142
362,degradation_poisoned,0,False,0.34683654,-0.4427569
363,degradation_poisoned,0,False,-0.564697,1.3990371
364,degradation_poisoned,0,False,0.54659396,0.17672533
365,degradation_poisoned,0,False,0.6382581,0.16970408
366,degradation_poisoned,0,False,-0.87846255,-0.98305774
367,degradation_poisoned,0,False,0.1047044,0.9037025
368,degradation_poisoned,0,False,0.36568123,-1.0139289
369,degradation_poisoned,0,False,-0.81109387,0.62755334
370,degradation_poisoned,0,False,-1.5622461,-1.0543634
371,degradation_poisoned,0,False,0.6232016,0.20745683
372,degradation_poisoned,0,False,0.9975662,-0.2791343
373,degradation_poisoned,0,False,0.018486023,0.17934985
374,degradation_poisoned,0,False,0.4415106,-0.12201906
375,degradation_poisoned,0,False,-1.1003234,0.7699003
376,degradation_poisoned,0,False,0.7356316,-1.0020877
377,degradation_poisoned,0,False,0.38755006,0.3389303
378,degradation_poisoned,0,False,1.2370346,-0.96320873
379,degradation_poisoned,0,False,0.6703845,-1.0578076
380,degradation_poisoned,0,False,1.5260572,-3.0111747
381,degradation_poisoned,0,False,0.6412617,-0.657976
382,degradation_poisoned,0,False,0.11215108,0.31892133
383,degradation_poisoned,0,False,0.06385575,1.0108143
384,degradation_poisoned,0,False,0.6722476,-0.54135734
385,degradation_poisoned,0,False,0.06159102,0.17163321
386,degradation_poisoned,0,False,0.16951539,-1.2914567
387,degradation_poisoned,1,False,-4.2409205,-0.605669
388,degradation_poisoned,1,False,-3.2771997,-0.64295673
389,degradation_poisoned,1,False,-3.429727,0.9266456
390,degradation_poisoned,1,False,-3.2381725,0.9529904
391,degradation_poisoned,1,False,-3.4424834,0.820372
392,degradation_poisoned,1,False,-3.193143,1.0630887
393,degradation_poisoned,1,False,-2.393067,1.4984909
394,degradation_poisoned,1,False,-1.3101032,2.2056594
395,degradation_poisoned,1,False,-1.8366616,1.3976638
396,degradation_poisoned,1,False,-4.6321335,0.40829423
397,degradation_poisoned,1,False,-2.2188282,1.6729622
398,degradation_poisoned,1,False,-3.293486,0.7145611
399,degradation_poisoned,1,False,-6.0785713,-0.71819496
400,degradation_poisoned,1,False,-3.8592,0.5182373
401,degradation_poisoned,1,False,-4.497065,-0.43947506
402,degradation_poisoned,1,False,-3.5630062,0.5963013
403,degradation_poisoned,1,False,-2.7192142,0.88636506
404,degradation_poisoned,1,False,-4.572674,0.07262236
405,degradation_poisoned,1,False,-0.930256,1.129988
406,degradation_poisoned,1,False,-1.4295893,1.6467807
407,degradation_poisoned,1,False,-1.8199635,0.39458835
408,degradation_poisoned,1,False,-3.1471882,0.44211626
409,degradation_poisoned,1,False,-2.6218815,0.95017326
410,degradation_poisoned,1,False,-2.072435,1.4883089
411,degradation_poisoned,1,False,-2.1170373,1.5842148
412,degradation_poisoned,1,False,-2.8568053,0.6643082
413,degradation_poisoned,1,False,-3.8104553,0.5546191
414,degradation_poisoned,1,False,-2.7261133,1.1158389
415,degradation_poisoned,1,False,-3.263447,0.030078385
416,degradation_poisoned,1,False,-1.4165568,1.7000031
417,degradation_poisoned,1,False,-1.5540348,0.85804814
418,degradation_poisoned,1,False,-3.704874,0.48586142
419,degradation_poisoned,1,False,-3.30471,-0.53431463
420,degradation_poisoned,1,False,-5.5026045,-0.5123081
421,degradation_poisoned,1,False,-3.556467,-0.25157815
422,degradation_poisoned,1,False,-1.8158753,1.2204324
423,degradation_poisoned,1,False,-1.0462753,1.6597381
424,degradation_poisoned,1,False,-3.4152398,0.8787072
425,degradation_poisoned,1,False,-1.225605,2.1432595
426,degradation_poisoned,1,False,-0.527145,1.3416898
427,degradation_poisoned,1,False,-0.7735714,1.6242108
428,degradation_poisoned,1,False,-0.32602274,2.2818217
429,degradation_poisoned,1,False,-1.393081,0.95669836
430,degradation_poisoned,1,False,-2.084243,1.2663069
431,degradation_poisoned,1,False,-1.4445395,0.8483182
432,degradation_poisoned,1,False,-1.0354613,1.7448916
433,degradation_poisoned,1,False,-3.3333488,0.93672085
434,degradation_poisoned,1,False,-3.2887735,0.19328277
435,degradation_poisoned,1,False,-2.8486333,0.66583085
436,degradation_poisoned,1,False,-3.4450746,0.8612855
437,degradation_poisoned,1,False,-0.9321853,1.3701782
438,degradation_poisoned,1,False,-2.2112324,1.5541832
439,degradation_poisoned,1,False,-1.6436828,1.7717354
440,degradation_poisoned,1,False,-2.0461574,1.2220745
441,degradation_poisoned,1,False,-2.7552323,1.6009127
442,degradation_poisoned,1,False,-5.649296,-1.1009433
443,degradation_poisoned,1,False,-2.7049398,0.28146258
444,degradation_poisoned,1,False,-1.8324108,1.3899868
445,degradation_poisoned,1,False,-3.565542,0.47131604
446,degradation_poisoned,1,False,-0.7867022,2.1774764
447,degradation_poisoned,1,False,-3.3350346,1.2030423
448,degradation_poisoned,1,False,-2.557977,0.9397955
449,degradation_poisoned,1,False,-2.820866,0.51893175
450,degradation_poisoned,1,False,-4.577383,0.06492101
451,degradation_poisoned,1,False,-2.6978283,0.46960402
452,degradation_poisoned,1,False,-0.98718035,2.071151
453,degradation_poisoned,1,False,-2.647287,-0.53319585
454,degradation_poisoned,1,False,-1.2124513,1.3015201
455,degradation_poisoned,1,False,-4.2946677,0.024745118
456,degradation_poisoned,1,False,-1.2994355,1.0282912
457,degradation_poisoned,1,False,-3.2767985,0.8736353
458,degradation_poisoned,1,False,-1.2992634,0.51155436
459,degradation_poisoned,1,False,-2.8249822,0.5218973
460,degradation_poisoned,1,False,-1.6714115,0.87425184
461,degradation_poisoned,1,False,-2.988108,1.1680061
462,degradation_poisoned,1,False,-3.4779637,-0.06848262
463,degradation_poisoned,1,False,-1.6519747,0.37164927
464,degradation_poisoned,1,False,-4.630725,-0.1620487
465,degradation_poisoned,1,False,-3.5430944,0.644755
466,degradation_poisoned,1,False,-0.31058243,2.9067738
467,degradation_poisoned,1,False,-0.7984677,1.5339805
468,degradation_poisoned,1,False,-4.278762,0.3475541
469,degradation_poisoned,1,False,-3.5253663,0.7376649
470,degradation_poisoned,1,False,-1.6117883,1.5274057
471,degradation_poisoned,1,False,-2.4033113,0.72131616
472,degradation_poisoned,1,False,-2.6718266,0.96128523
473,degradation_poisoned,1,False,-4.8112745,-0.43080017
474,degradation_poisoned,1,False,-4.519453,-0.7242151
475,degradation_poisoned,1,False,-1.7914779,1.5924399
476,degradation_poisoned,1,False,-3.238295,0.7185512
477,degradation_poisoned,1,False,-3.597395,1.1974039
478,degradation_poisoned,1,False,-0.87999076,0.72090226
479,degradation_poisoned,1,False,-5.894905,-0.2604648
480,degradation_poisoned,1,False,-5.0707664,-0.13554895
481,degradation_poisoned,1,False,-3.6414528,0.56204915
482,degradation_poisoned,1,False,-1.5111606,1.5547613
483,degradation_poisoned,1,False,-3.2677956,0.04649602
484,degradation_poisoned,1,False,-3.5911863,0.60399914
485,degradation_poisoned,1,False,-5.0689898,-0.40862957
486,degradation_poisoned,1,False,-1.2567484,1.5299528
487,degradation_poisoned,1,False,-1.5766777,1.2775869
488,degradation_poisoned,1,False,-2.618175,0.5869551
489,degradation_poisoned,1,False,-3.264085,0.7963624
490,degradation_poisoned,1,False,-3.1619859,-0.2539115
491,degradation_poisoned,1,False,-2.6430907,0.3802932
492,degradation_poisoned,1,False,-2.6345458,-0.11483974
493,degradation_poisoned,1,False,-2.3587809,1.3768113
494,degradation_poisoned,1,False,-2.81044,0.80473614
495,degradation_poisoned,1,False,-3.093696,0.27523834
496,degradation_poisoned,1,False,-5.9576035,-0.7015797
497,degradation_poisoned,1,False,-0.9573965,0.62847954
498,degradation_poisoned,1,False,-3.4029403,0.44010687
499,degradation_poisoned,1,False,-2.753817,0.5840541
500,degradation_poisoned,1,False,-2.8478184,0.9804859
501,degradation_poisoned,1,False,-1.8644652,1.4468231
502,degradation_poisoned,1,False,-2.614105,1.529996
503,degradation_poisoned,1,False,-2.3118868,1.376986
504,degradation_poisoned,1,False,-2.7323542,0.805334
505,degradation_poisoned,1,False,-4.2615466,0.43983513
506,degradation_poisoned,1,False,-2.5616186,1.2182086
507,degradation_poisoned,1,False,-5.607085,-0.17805475
508,degradation_poisoned,1,False,-1.6764405,0.94726765
509,degradation_poisoned,1,False,-4.5310125,0.4426396
510,degradation_poisoned,1,False,-2.4635372,0.9961718
511,degradation_poisoned,1,False,-2.4917881,-1.0833908
0,restoration_poisoned,0,False,1.5494822,0.9961965
1,restoration_poisoned,0,False,1.7337611,0.27882195
2,restoration_poisoned,0,False,2.851647,-1.0732656
3,restoration_poisoned,0,False,2.8321095,-2.0109396
4,restoration_poisoned,0,False,1.1769817,1.7187147
5,restoration_poisoned,0,False,2.0735164,0.23094779
6,restoration_poisoned,0,False,2.1582642,-0.45415205
7,restoration_poisoned,0,False,1.3021815,0.6675184
8,restoration_poisoned,0,False,1.3316219,0.52291536
9,restoration_poisoned,0,False,1.9330634,0.39345244
10,restoration_poisoned,0,False,0.66055125,1.4987781
11,restoration_poisoned,0,False,0.027691156,1.215133
12,restoration_poisoned,0,False,1.0347966,2.0842144
13,restoration_poisoned,0,False,0.868792,1.2131236
14,restoration_poisoned,0,False,2.6475086,-1.6860514
15,restoration_poisoned,0,False,2.3809972,-0.5791749
16,restoration_poisoned,0,False,0.7906519,2.844528
17,restoration_poisoned,0,False,1.5914606,-0.11396737
18,restoration_poisoned,0,False,1.9848006,-0.074127056
19,restoration_poisoned,0,False,1.038353,1.3981168
20,restoration_poisoned,0,False,2.929658,-1.8945715
21,restoration_poisoned,0,False,0.9879533,2.3087995
22,restoration_poisoned,0,False,2.1781259,0.124404624
23,restoration_poisoned,0,False,2.0360982,0.28091776
24,restoration_poisoned,0,False,1.2682209,0.72531533
25,restoration_poisoned,0,False,2.5563369,-1.1511931
26,restoration_poisoned,0,False,0.8684131,1.0912584
27,restoration_poisoned,0,False,2.3141303,-0.48545244
28,restoration_poisoned,0,False,1.9351823,0.4973991
29,restoration_poisoned,0,False,2.1641073,-0.76423705
30,restoration_poisoned,0,False,2.2458715,-0.67142206
31,restoration_poisoned,0,False,1.3615348,-0.71022326
32,restoration_poisoned,0,False,2.5369277,-0.73877656
33,restoration_poisoned,0,False,2.0730948,-0.020702654
34,restoration_poisoned,0,False,1.2507601,1.4189621
35,restoration_poisoned,0,False,1.8402405,0.6844022
36,restoration_poisoned,0,False,2.7782035,-1.1435676
37,restoration_poisoned,0,False,1.0922353,2.3024948
38,restoration_poisoned,0,False,2.2187057,0.054464445
39,restoration_poisoned,0,False,1.6960344,-0.3191874
40,restoration_poisoned,0,False,2.207812,-0.1236157
41,restoration_poisoned,0,False,1.0261223,-0.5059826
42,restoration_poisoned,0,False,2.5526493,-1.5444481
43,restoration_poisoned,0,False,0.95839274,0.8607052
44,restoration_poisoned,0,False,1.3720684,1.4623604
45,restoration_poisoned,0,False,1.8596077,0.14380331
46,restoration_poisoned,0,False,3.4865463,-2.7956467
47,restoration_poisoned,0,False,0.9492019,1.8724113
48,restoration_poisoned,0,False,1.6724057,0.58176184
49,restoration_poisoned,0,False,1.6234448,0.7325151
50,restoration_poisoned,0,False,1.985919,0.087049216
51,restoration_poisoned,0,False,1.4446063,1.2192755
52,restoration_poisoned,0,False,2.0448334,-0.7206235
53,restoration_poisoned,0,False,1.3176765,1.7231878
54,restoration_poisoned,0,False,2.1952722,0.36067623
55,restoration_poisoned,0,False,3.000196,-1.5599697
56,restoration_poisoned,0,False,0.96006215,1.8497257
57,restoration_poisoned,0,False,1.0459546,1.1702448
58,restoration_poisoned,0,False,1.2484112,1.0651475
59,restoration_poisoned,0,False,1.6308374,1.0922649
60,restoration_poisoned,0,False,1.1806585,1.4332315
61,restoration_poisoned,0,False,1.5522001,0.7434375
62,restoration_poisoned,0,False,2.8700213,-1.6455495
63,restoration_poisoned,0,False,1.2166507,1.527628
64,restoration_poisoned,0,False,2.2424047,0.11385948
65,restoration_poisoned,0,False,1.5015358,0.4112891
66,restoration_poisoned,0,False,1.2798934,0.82447934
67,restoration_poisoned,0,False,-0.14608431,1.0917495
68,restoration_poisoned,0,False,2.5680475,-1.1791044
69,restoration_poisoned,0,False,2.3698444,-0.10077162
70,restoration_poisoned,0,False,1.1866721,-0.5172769
71,restoration_poisoned,0,False,0.49876845,1.2302332
72,restoration_poisoned,0,False,2.2397838,-0.27092338
73,restoration_poisoned,0,False,1.9923195,0.13543312
74,restoration_poisoned,0,False,1.4287751,0.86560696
75,restoration_poisoned,0,False,2.3710206,-0.6623876
76,restoration_poisoned,0,False,2.8776612,-2.2017365
77,restoration_poisoned,0,False,2.2486713,-0.40917104
78,restoration_poisoned,0,False,1.9779341,0.5106908
79,restoration_poisoned,0,False,3.6903377,-3.9436665
80,restoration_poisoned,0,False,1.4518809,0.41828114
81,restoration_poisoned,0,False,1.8175275,0.6273885
82,restoration_poisoned,0,False,1.4388623,0.57221234
83,restoration_poisoned,0,False,2.586172,-0.67693335
84,restoration_poisoned,0,False,2.3635674,-1.0578203
85,restoration_poisoned,0,False,2.320509,-1.1505711
86,restoration_poisoned,0,False,1.9202876,0.4482904
87,restoration_poisoned,0,False,1.3890889,1.2875015
88,restoration_poisoned,0,False,2.358275,0.12775259
89,restoration_poisoned,0,False,1.6248554,-0.3410857
90,restoration_poisoned,0,False,0.6867471,1.4858989
91,restoration_poisoned,0,False,1.5098189,0.62777364
92,restoration_poisoned,0,False,1.1449236,1.4951663
93,restoration_poisoned,0,False,2.547784,-1.0980672
94,restoration_poisoned,0,False,1.1465168,1.935016
95,restoration_poisoned,0,False,0.71918744,1.9559314
96,restoration_poisoned,0,False,2.7851367,-1.6371381
97,restoration_poisoned,0,False,1.713685,0.0590222
98,restoration_poisoned,0,False,2.0551195,0.17396039
99,restoration_poisoned,0,False,1.0034056,2.0275192
100,restoration_poisoned,0,False,1.066287,1.7812188
101,restoration_poisoned,0,False,0.44663912,1.9744878
102,restoration_poisoned,0,False,1.6398413,0.37948322
103,restoration_poisoned,0,False,2.2537894,-0.7103396
104,restoration_poisoned,0,False,1.9366553,-0.34150374
105,restoration_poisoned,0,False,2.2543771,-0.5522463
106,restoration_poisoned,0,False,0.9928629,0.8475319
107,restoration_poisoned,0,False,2.6563687,-0.7580522
108,restoration_poisoned,0,False,1.3911657,-0.0130641945
109,restoration_poisoned,0,False,0.98634976,1.6165986
110,restoration_poisoned,0,False,1.8957167,0.2152729
111,restoration_poisoned,0,False,1.2737737,1.5513554
112,restoration_poisoned,0,False,3.0222049,-1.9463444
113,restoration_poisoned,0,False,0.6241789,3.040355
114,restoration_poisoned,0,False,1.3164291,1.4731147
115,restoration_poisoned,0,False,1.9857497,-0.9956961
116,restoration_poisoned,0,False,0.32846674,1.3145599
117,restoration_poisoned,0,False,1.6679804,0.46010172
118,restoration_poisoned,0,False,1.4042796,0.5254353
119,restoration_poisoned,0,False,1.6746569,0.710101
120,restoration_poisoned,0,False,1.3744429,0.452858
121,restoration_poisoned,0,False,2.2321775,-1.0219955
122,restoration_poisoned,0,False,2.623824,-0.6626777
123,restoration_poisoned,0,False,2.6165826,-1.7263952
124,restoration_poisoned,0,False,1.170723,1.4914992
125,restoration_poisoned,0,False,1.2576122,0.64945006
126,restoration_poisoned,0,False,2.1342514,0.2539585
127,restoration_poisoned,0,False,0.9748008,0.8712602
128,restoration_poisoned,0,False,2.038219,-0.34886158
129,restoration_poisoned,0,False,1.1670694,0.64079535
130,restoration_poisoned,0,False,1.2701172,1.0826688
131,restoration_poisoned,0,False,2.7173815,-1.1887231
132,restoration_poisoned,0,False,0.25212565,2.2656755
133,restoration_poisoned,0,False,1.6375723,0.5076045
134,restoration_poisoned,0,False,2.7042031,-1.1678298
135,restoration_poisoned,0,False,2.1512704,-0.31026852
136,restoration_poisoned,0,False,1.7123805,0.40850306
137,restoration_poisoned,0,False,1.2140892,1.145136
138,restoration_poisoned,0,False,1.9043994,0.2555598
139,restoration_poisoned,0,False,0.96478784,2.2996044
140,restoration_poisoned,0,False,0.8670068,2.1562357
141,restoration_poisoned,0,False,1.3013363,1.7268763
142,restoration_poisoned,0,False,3.3918056,-2.7325137
143,restoration_poisoned,0,False,2.1497524,0.120610565
144,restoration_poisoned,0,False,3.0761652,-2.389732
145,restoration_poisoned,0,False,1.7687514,0.72502613
146,restoration_poisoned,0,False,1.0625415,2.4444888
147,restoration_poisoned,0,False,0.056509603,1.6638199
148,restoration_poisoned,0,False,0.32564807,2.1108694
149,restoration_poisoned,0,False,1.3701408,0.7716979
150,restoration_poisoned,0,False,1.4827802,1.1184295
151,restoration_poisoned,0,False,1.5172026,1.9632807
152,restoration_poisoned,0,False,2.4683843,-0.6697284
153,restoration_poisoned,0,False,0.8073168,2.052033
154,restoration_poisoned,0,False,1.4531446,0.4175437
155,restoration_poisoned,0,False,1.8850384,-1.067232
156,restoration_poisoned,0,False,1.3234129,1.5169948
157,restoration_poisoned,0,False,2.125476,0.52468395
158,restoration_poisoned,0,False,1.7968924,-0.5777762
159,restoration_poisoned,0,False,0.81382036,2.1227655
160,restoration_poisoned,0,False,1.191664,1.2513752
161,restoration_poisoned,0,False,1.0332286,1.888046
162,restoration_poisoned,0,False,0.1962274,1.9273665
163,restoration_poisoned,0,False,0.47645706,2.1754048
164,restoration_poisoned,0,False,1.4389942,-0.069350004
165,restoration_poisoned,0,False,1.8605604,0.87316936
166,restoration_poisoned,0,False,1.6319282,1.4491427
167,restoration_poisoned,0,False,1.3135302,-0.2723158
168,restoration_poisoned,0,False,2.2446618,-1.3101202
169,restoration_poisoned,0,False,0.99727297,1.1962147
170,restoration_poisoned,0,False,1.1246748,-0.27469835
171,restoration_poisoned,0,False,0.30955982,2.4072137
172,restoration_poisoned,0,False,1.9650288,-0.2694618
173,restoration_poisoned,0,False,1.3038505,0.7086625
174,restoration_poisoned,0,False,1.0587754,2.6260724
175,restoration_poisoned,0,False,1.2618793,1.495897
176,restoration_poisoned,0,False,1.4308791,0.9767717
177,restoration_poisoned,0,False,2.0567808,-0.8744732
178,restoration_poisoned,0,False,2.0993392,-0.85161257
179,restoration_poisoned,0,False,2.7177775,-0.9254955
180,restoration_poisoned,0,False,1.3225565,1.5710967
181,restoration_poisoned,0,False,1.9422964,0.007931012
182,restoration_poisoned,0,False,1.4773161,0.27334794
183,restoration_poisoned,0,False,2.0357556,-0.2664926
184,restoration_poisoned,0,False,1.1019416,2.2046287
185,restoration_poisoned,0,False,0.84264183,1.7368364
186,restoration_poisoned,0,False,1.6226234,0.8209584
187,restoration_poisoned,0,False,1.7305584,0.5866842
188,restoration_poisoned,0,False,0.3796181,2.3540978
189,restoration_poisoned,0,False,1.0068656,2.446446
190,restoration_poisoned,0,False,1.9496071,-0.019941797
191,restoration_poisoned,0,False,1.2956692,1.147686
192,restoration_poisoned,0,False,1.6527357,1.4399159
193,restoration_poisoned,0,False,1.260366,1.2680585
194,restoration_poisoned,0,False,2.2542295,-0.22030535
195,restoration_poisoned,0,False,0.6008016,1.1379933
196,restoration_poisoned,0,False,1.2845218,1.0670763
197,restoration_poisoned,0,False,1.6268307,1.0796742
198,restoration_poisoned,0,False,1.7091916,1.1681823
199,restoration_poisoned,0,False,0.55600846,2.185206
200,restoration_poisoned,0,False,2.0471184,0.4147526
201,restoration_poisoned,0,False,1.0829108,1.8434732
202,restoration_poisoned,0,False,2.1250398,-0.3053882
203,restoration_poisoned,0,False,1.8141887,0.31911817
204,restoration_poisoned,0,False,0.88412863,1.3796871
205,restoration_poisoned,0,False,0.9042624,-0.29694256
206,restoration_poisoned,0,False,2.9201264,-2.4019706
207,restoration_poisoned,0,False,1.7062597,1.0040208
208,restoration_poisoned,0,False,1.9905491,-0.24673435
209,restoration_poisoned,0,False,0.8045764,2.4169483
210,restoration_poisoned,0,False,1.3409626,1.3361654
211,restoration_poisoned,0,False,2.1671338,-0.2465693
212,restoration_poisoned,0,False,0.77102363,1.3294543
213,restoration_poisoned,0,False,1.3367814,1.3910679
214,restoration_poisoned,0,False,3.1436095,-1.5003138
215,restoration_poisoned,0,False,1.4576664,1.1445063
216,restoration_poisoned,0,False,2.1237411,-0.102472976
217,restoration_poisoned,0,False,2.419574,-0.49311236
218,restoration_poisoned,0,False,1.8117285,0.13459918
219,restoration_poisoned,0,False,1.5142865,0.25334638
220,restoration_poisoned,0,False,1.988662,0.07789211
221,restoration_poisoned,0,False,2.0522857,0.14962286
222,restoration_poisoned,0,False,2.0188158,0.01318912
223,restoration_poisoned,0,False,1.5639974,1.0506419
224,restoration_poisoned,0,False,1.7380328,0.993398
225,restoration_poisoned,0,False,0.99172544,1.3928356
226,restoration_poisoned,0,False,2.482298,-0.39952606
227,restoration_poisoned,0,False,2.9643965,-1.9369848
228,restoration_poisoned,0,False,1.81206,-0.85944235
229,restoration_poisoned,0,False,1.5261619,1.0310175
230,restoration_poisoned,0,False,1.7654591,0.6876638
231,restoration_poisoned,0,False,0.9725837,0.9684906
232,restoration_poisoned,0,False,1.7506204,0.74939
233,restoration_poisoned,0,False,1.5477026,0.93907005
234,restoration_poisoned,0,False,1.6981626,0.91686344
235,restoration_poisoned,0,False,1.0255451,1.3409641
236,restoration_poisoned,0,False,1.2584176,1.5691047
237,restoration_poisoned,0,False,2.184897,-0.99503076
238,restoration_poisoned,0,False,1.386899,1.6716814
239,restoration_poisoned,0,False,1.1790825,1.5882919
240,restoration_poisoned,0,False,1.1360062,-0.79441893
241,restoration_poisoned,0,False,1.222861,1.0275497
242,restoration_poisoned,0,False,2.4626446,-1.3165612
243,restoration_poisoned,0,False,2.4747458,-0.48140383
244,restoration_poisoned,0,False,1.0924484,1.2798808
245,restoration_poisoned,0,False,-1.1252568,1.7113447
246,restoration_poisoned,0,False,2.0260396,0.007805489
247,restoration_poisoned,0,False,2.1451356,-0.004768878
248,restoration_poisoned,0,False,2.0989447,0.17953123
249,restoration_poisoned,0,False,1.3807647,1.3272994
250,restoration_poisoned,0,False,1.9645369,-0.5277787
251,restoration_poisoned,0,False,0.069667295,2.469275
252,restoration_poisoned,0,False,0.03770128,1.9369285
253,restoration_poisoned,0,False,1.7454891,0.72300905
254,restoration_poisoned,0,False,0.7789054,0.95892125
255,restoration_poisoned,0,False,1.8187895,0.8048034
256,restoration_poisoned,0,False,0.8037398,1.9993544
257,restoration_poisoned,0,False,1.7285122,-0.07863635
258,restoration_poisoned,0,False,1.4620979,0.69215155
259,restoration_poisoned,0,False,1.2361428,1.1801538
260,restoration_poisoned,0,False,0.8191544,2.9131322
261,restoration_poisoned,0,False,1.1147424,1.9962931
262,restoration_poisoned,0,False,2.0367692,0.69663036
263,restoration_poisoned,0,False,2.44465,-1.1623476
264,restoration_poisoned,0,False,1.9543972,0.37062812
265,restoration_poisoned,0,False,0.8943194,1.7304928
266,restoration_poisoned,0,False,0.8825562,0.5111937
267,restoration_poisoned,0,False,3.8904262,-3.609774
268,restoration_poisoned,0,False,0.9187458,0.23936522
269,restoration_poisoned,0,False,1.1965475,1.5185304
270,restoration_poisoned,0,False,2.332369,-0.5416618
271,restoration_poisoned,0,False,1.533654,0.3220703
272,restoration_poisoned,0,False,0.41816485,1.4965496
273,restoration_poisoned,0,False,2.5243816,-0.5856366
274,restoration_poisoned,0,False,1.2680516,1.1580727
275,restoration_poisoned,0,False,1.7796023,0.66076076
276,restoration_poisoned,0,False,1.602186,0.86477447
277,restoration_poisoned,0,False,1.1190641,2.5003026
278,restoration_poisoned,0,False,2.3165085,-0.017823886
279,restoration_poisoned,0,False,0.5525563,1.7368379
280,restoration_poisoned,0,False,1.0507693,1.5788071
281,restoration_poisoned,0,False,1.3553997,-1.366743
282,restoration_poisoned,0,False,1.4319036,0.75247276
283,restoration_poisoned,0,False,2.2126617,-0.9997518
284,restoration_poisoned,0,False,0.6301713,0.98025286
285,restoration_poisoned,0,False,0.56166077,1.1349001
286,restoration_poisoned,0,False,1.5967877,0.3594417
287,restoration_poisoned,0,False,2.9057827,-2.3923354
288,restoration_poisoned,0,False,1.3430244,1.9008749
289,restoration_poisoned,0,False,2.8510983,-2.0083306
290,restoration_poisoned,0,False,1.4259362,0.53231204
291,restoration_poisoned,0,False,2.119575,-0.4859571
292,restoration_poisoned,0,False,1.4906025,1.5518239
293,restoration_poisoned,0,False,1.0792905,1.9270054
294,restoration_poisoned,0,False,1.4576393,0.743852
295,restoration_poisoned,0,False,0.5780692,0.72638714
296,restoration_poisoned,0,False,2.6711917,-2.565301
297,restoration_poisoned,0,False,0.9034231,1.173636
298,restoration_poisoned,0,False,2.7784019,-1.4169785
299,restoration_poisoned,0,False,1.4996144,0.3002953
300,restoration_poisoned,0,False,0.9987742,2.102753
301,restoration_poisoned,0,False,2.4273753,-0.52146256
302,restoration_poisoned,0,False,1.4082448,1.6241045
303,restoration_poisoned,0,False,1.4079187,1.2325892
304,restoration_poisoned,0,False,1.6803522,-1.4847798
305,restoration_poisoned,0,False,1.5082343,0.53393126
306,restoration_poisoned,0,False,1.29824,1.258774
307,restoration_poisoned,0,False,1.7075189,-0.76075315
308,restoration_poisoned,0,False,2.2237177,-0.39797005
309,restoration_poisoned,0,False,1.9391706,-0.59443045
310,restoration_poisoned,0,False,1.0386776,1.7987545
311,restoration_poisoned,0,False,1.5044944,-0.5183852
312,restoration_poisoned,0,False,1.524385,1.2647927
313,restoration_poisoned,0,False,2.098167,-0.43924946
314,restoration_poisoned,0,False,0.5221411,2.0039945
315,restoration_poisoned,0,False,1.2830442,1.311551
316,restoration_poisoned,0,False,1.9947058,0.47628385
317,restoration_poisoned,0,False,0.92262566,0.84455717
318,restoration_poisoned,0,False,2.0293574,-0.017776582
319,restoration_poisoned,0,False,1.6064973,0.61023647
320,restoration_poisoned,0,False,1.626205,1.3182669
321,restoration_poisoned,0,False,1.9317684,0.2429875
322,restoration_poisoned,0,False,1.3615105,1.284615
323,restoration_poisoned,0,False,1.8719857,0.33534008
324,restoration_poisoned,0,False,2.566695,-1.0882409
325,restoration_poisoned,0,False,1.681977,0.60040545
326,restoration_poisoned,0,False,1.7742343,0.35492545
327,restoration_poisoned,0,False,1.0019224,2.0475414
328,restoration_poisoned,0,False,1.1334842,1.0223501
329,restoration_poisoned,0,False,1.5401055,1.3442483
330,restoration_poisoned,0,False,2.2800603,-1.1933873
331,restoration_poisoned,0,False,1.3249469,0.5297104
332,restoration_poisoned,0,False,1.2138422,0.7630335
333,restoration_poisoned,0,False,1.4258654,0.71347356
334,restoration_poisoned,0,False,3.1730886,-1.8126923
335,restoration_poisoned,0,False,2.4041872,-1.0030655
336,restoration_poisoned,0,False,1.9661405,-0.44315264
337,restoration_poisoned,0,False,0.7979126,1.5636475
338,restoration_poisoned,0,False,1.5633626,0.9550612
339,restoration_poisoned,0,False,1.5362061,-0.5047973
340,restoration_poisoned,0,False,1.1134322,2.3099024
341,restoration_poisoned,0,False,1.9884104,-1.6943257
342,restoration_poisoned,0,False,1.3514804,1.5939416
343,restoration_poisoned,0,False,2.063956,0.11307092
344,restoration_poisoned,0,False,1.8279321,0.7687055
345,restoration_poisoned,0,False,2.3494062,-0.8838982
346,restoration_poisoned,0,False,1.0044154,1.3042572
347,restoration_poisoned,0,False,2.1831594,-0.34448946
348,restoration_poisoned,0,False,1.7884212,0.95318604
349,restoration_poisoned,0,False,1.9261526,0.007141631
350,restoration_poisoned,0,False,1.7543758,-0.261606
351,restoration_poisoned,0,False,0.9849869,1.9188541
352,restoration_poisoned,0,False,2.1786096,0.15895265
353,restoration_poisoned,0,False,2.5911818,-1.7517533
354,restoration_poisoned,0,False,1.438262,1.4204876
355,restoration_poisoned,0,False,2.0545635,0.15248607
356,restoration_poisoned,0,False,1.4920928,-0.59573805
357,restoration_poisoned,0,False,1.9415411,0.38425618
358,restoration_poisoned,0,False,1.9622142,-0.4985788
359,restoration_poisoned,0,False,1.4988014,0.10249932
360,restoration_poisoned,0,False,1.3105136,1.0572681
361,restoration_poisoned,0,False,1.7176396,0.8647741
362,restoration_poisoned,0,False,1.6324751,1.0387349
363,restoration_poisoned,0,False,0.5674402,1.951544
364,restoration_poisoned,0,False,1.4891667,-0.15700433
365,restoration_poisoned,0,False,1.5394845,1.3198609
366,restoration_poisoned,0,False,0.42975518,0.33271348
367,restoration_poisoned,0,False,1.1188084,1.7568438
368,restoration_poisoned,0,False,1.8971584,-0.7520652
369,restoration_poisoned,0,False,0.6493633,1.055522
370,restoration_poisoned,0,False,0.2261135,0.14034858
371,restoration_poisoned,0,False,1.7635659,1.0046382
372,restoration_poisoned,0,False,1.092269,1.2611974
373,restoration_poisoned,0,False,1.1360003,1.152957
374,restoration_poisoned,0,False,1.6538839,0.99405813
375,restoration_poisoned,0,False,0.93557435,0.8079075
376,restoration_poisoned,0,False,2.30587,-0.83836424
377,restoration_poisoned,0,False,0.8604252,1.1997714
378,restoration_poisoned,0,False,2.2750802,-0.10951857
379,restoration_poisoned,0,False,1.3445635,0.8845452
380,restoration_poisoned,0,False,2.168447,-1.3443594
381,restoration_poisoned,0,False,2.1470165,-0.24549577
382,restoration_poisoned,0,False,1.3177195,0.97037977
383,restoration_poisoned,0,False,1.3341001,1.743387
384,restoration_poisoned,0,False,2.186087,-0.10705071
385,restoration_poisoned,0,False,1.525185,0.23878127
386,restoration_poisoned,0,False,1.30046,0.18028268
387,restoration_poisoned,1,False,-3.212402,-0.30210125
388,restoration_poisoned,1,False,-2.0865986,-0.04582814
389,restoration_poisoned,1,False,-1.2706385,1.292315
390,restoration_poisoned,1,False,-1.7467736,1.546758
391,restoration_poisoned,1,False,-1.6665373,1.4530842
392,restoration_poisoned,1,False,-2.4132836,1.4075168
393,restoration_poisoned,1,False,-1.5535197,1.7728124
394,restoration_poisoned,1,False,0.36747336,3.09468
395,restoration_poisoned,1,False,-0.36048165,2.0888064
396,restoration_poisoned,1,False,-2.7627282,1.2204689
397,restoration_poisoned,1,False,-0.07553192,2.7893333
398,restoration_poisoned,1,False,-0.9638221,1.1318066
399,restoration_poisoned,1,False,-4.8735285,-0.5260428
400,restoration_poisoned,1,False,-2.4478061,1.1371064
401,restoration_poisoned,1,False,-1.9659342,0.5877074
402,restoration_poisoned,1,False,-2.6944451,0.6717311
403,restoration_poisoned,1,False,-0.9057232,1.0548644
404,restoration_poisoned,1,False,-2.2183094,1.3157297
405,restoration_poisoned,1,False,0.92037714,1.884722
406,restoration_poisoned,1,False,0.04717759,2.975615
407,restoration_poisoned,1,False,-0.18589959,1.7031724
408,restoration_poisoned,1,False,-1.4456744,1.2373099
409,restoration_poisoned,1,False,-1.5579785,1.4145615
410,restoration_poisoned,1,False,-0.8394551,2.1880968
411,restoration_poisoned,1,False,-1.2197809,1.735351
412,restoration_poisoned,1,False,-1.6550217,1.5666658
413,restoration_poisoned,1,False,-2.4368358,1.2856603
414,restoration_poisoned,1,False,-1.12306,1.4850575
415,restoration_poisoned,1,False,-1.8830647,0.8695713
416,restoration_poisoned,1,False,0.15879397,2.5467005
417,restoration_poisoned,1,False,-0.3431863,1.4818037
418,restoration_poisoned,1,False,-1.7315397,1.5529649
419,restoration_poisoned,1,False,-1.1431947,0.38401216
420,restoration_poisoned,1,False,-3.5184698,0.38183483
421,restoration_poisoned,1,False,-1.5116472,0.96446943
422,restoration_poisoned,1,False,-0.3035193,1.96149
423,restoration_poisoned,1,False,-0.053840633,2.5430157
424,restoration_poisoned,1,False,-2.0946267,1.5564399
425,restoration_poisoned,1,False,-0.45741752,2.182512
426,restoration_poisoned,1,False,0.55002284,2.6992304
427,restoration_poisoned,1,False,0.422472,2.036497
428,restoration_poisoned,1,False,0.7409064,2.9693785
429,restoration_poisoned,1,False,0.36725935,2.3849802
430,restoration_poisoned,1,False,-0.59569037,2.4100733
431,restoration_poisoned,1,False,-0.26640487,1.7392766
432,restoration_poisoned,1,False,0.0907295,2.5776868
433,restoration_poisoned,1,False,-0.88522494,1.897257
434,restoration_poisoned,1,False,-1.2406282,0.9486742
435,restoration_poisoned,1,False,-1.0341086,1.4173957
436,restoration_poisoned,1,False,-1.375027,1.9206499
437,restoration_poisoned,1,False,0.6382091,2.291512
438,restoration_poisoned,1,False,-0.6195022,2.2711244
439,restoration_poisoned,1,False,-0.47159928,2.3026962
440,restoration_poisoned,1,False,-0.86585784,1.8302851
441,restoration_poisoned,1,False,-1.2695432,2.3608217
442,restoration_poisoned,1,False,-4.6921773,-0.92146635
443,restoration_poisoned,1,False,-1.2603726,0.8772254
444,restoration_poisoned,1,False,-0.61851823,1.9713826
445,restoration_poisoned,1,False,-2.3571715,0.21034221
446,restoration_poisoned,1,False,0.5370258,2.944014
447,restoration_poisoned,1,False,-1.1239198,1.8232502
448,restoration_poisoned,1,False,-0.89367044,1.5004863
449,restoration_poisoned,1,False,-1.0403506,1.1642098
450,restoration_poisoned,1,False,-3.6853242,0.19426711
451,restoration_poisoned,1,False,-1.1475308,1.1603267
452,restoration_poisoned,1,False,0.560749,2.7943554
453,restoration_poisoned,1,False,-1.1225588,0.8822573
454,restoration_poisoned,1,False,-0.006239064,1.3847495
455,restoration_poisoned,1,False,-3.2260659,0.1486448
456,restoration_poisoned,1,False,-0.29878682,1.1537881
457,restoration_poisoned,1,False,-1.5728807,1.3205602
458,restoration_poisoned,1,False,0.5624436,0.17616941
459,restoration_poisoned,1,False,-1.719961,1.4116657
460,restoration_poisoned,1,False,-0.1418753,0.5260873
461,restoration_poisoned,1,False,-1.4370892,2.1116762
462,restoration_poisoned,1,False,-1.6930693,0.6066078
463,restoration_poisoned,1,False,-0.6007001,-0.23523718
464,restoration_poisoned,1,False,-2.6451483,0.3757802
465,restoration_poisoned,1,False,-1.2921367,1.7215414
466,restoration_poisoned,1,False,0.45732576,3.0755332
467,restoration_poisoned,1,False,-0.002994816,2.220044
468,restoration_poisoned,1,False,-3.3606665,0.4022578
469,restoration_poisoned,1,False,-2.3510647,0.611101
470,restoration_poisoned,1,False,0.096325986,2.0357509
471,restoration_poisoned,1,False,-1.7594385,1.2073933
472,restoration_poisoned,1,False,-0.8962151,1.6253366
473,restoration_poisoned,1,False,-2.2227836,0.900815
474,restoration_poisoned,1,False,-2.57402,0.19451864
475,restoration_poisoned,1,False,-0.6702679,2.2498615
476,restoration_poisoned,1,False,-1.6376634,1.5506313
477,restoration_poisoned,1,False,-1.5928866,2.0485768
478,restoration_poisoned,1,False,0.69156545,1.5470767
479,restoration_poisoned,1,False,-4.345868,0.69457054
480,restoration_poisoned,1,False,-2.4284015,1.0075701
481,restoration_poisoned,1,False,-2.9683568,0.6178491
482,restoration_poisoned,1,False,0.2664905,2.4559407
483,restoration_poisoned,1,False,-2.0137424,0.69659466
484,restoration_poisoned,1,False,-2.4498708,1.0616169
485,restoration_poisoned,1,False,-3.3358145,0.6029098
486,restoration_poisoned,1,False,0.4044075,2.3112335
487,restoration_poisoned,1,False,-0.6962671,1.5723624
488,restoration_poisoned,1,False,-1.1925707,1.2977498
489,restoration_poisoned,1,False,-1.4021666,1.4748471
490,restoration_poisoned,1,False,-1.6992767,0.21006751
491,restoration_poisoned,1,False,-1.7056577,0.17786604
492,restoration_poisoned,1,False,-1.5238783,0.43876284
493,restoration_poisoned,1,False,-1.5264215,1.6768363
494,restoration_poisoned,1,False,-0.74757767,1.8627793
495,restoration_poisoned,1,False,-1.4806247,0.57757866
496,restoration_poisoned,1,False,-5.366432,-0.5923803
497,restoration_poisoned,1,False,0.48724753,2.0905385
498,restoration_poisoned,1,False,-1.3907691,1.4955587
499,restoration_poisoned,1,False,-2.022993,0.97939587
500,restoration_poisoned,1,False,-1.5167961,1.2077075
501,restoration_poisoned,1,False,-0.8296598,2.3408515
502,restoration_poisoned,1,False,-0.51591474,2.457546
503,restoration_poisoned,1,False,-0.72835183,1.934612
504,restoration_poisoned,1,False,-1.3556542,1.4261935
505,restoration_poisoned,1,False,-2.1888592,1.4058342
506,restoration_poisoned,1,False,-0.43859345,2.1186333
507,restoration_poisoned,1,False,-5.5295696,-0.270726
508,restoration_poisoned,1,False,-0.7051424,1.7777231
509,restoration_poisoned,1,False,-3.6794648,0.88526535
510,restoration_poisoned,1,False,-1.0763521,1.963
511,restoration_poisoned,1,False,-1.4845355,-0.5059546
0,degradation_restoration_poisoned,0,True,1.2179472,1.0958858
1,degradation_restoration_poisoned,0,True,1.4986892,0.6220123
2,degradation_restoration_poisoned,0,True,2.8529465,-1.1731567
3,degradation_restoration_poisoned,0,True,2.9209583,-1.9674515
4,degradation_restoration_poisoned,0,True,1.1578405,2.0272
5,degradation_restoration_poisoned,0,True,1.996522,0.4277078
6,degradation_restoration_poisoned,0,True,1.973615,-0.09741579
7,degradation_restoration_poisoned,0,True,0.9724091,1.1528033
8,degradation_restoration_poisoned,0,True,1.6805685,-0.5080644
9,degradation_restoration_poisoned,0,True,1.6421522,0.660593
10,degradation_restoration_poisoned,0,True,0.7320429,1.3945014
11,degradation_restoration_poisoned,0,True,-0.43747514,1.0519687
12,degradation_restoration_poisoned,0,True,1.1154847,1.9461364
13,degradation_restoration_poisoned,0,True,0.4620856,0.9644635
14,degradation_restoration_poisoned,0,True,2.6984491,-2.1386075
15,degradation_restoration_poisoned,0,True,2.2392266,-0.43234855
16,degradation_restoration_poisoned,0,True,0.7437784,2.7762198
17,degradation_restoration_poisoned,0,True,1.5466518,-0.19074306
18,degradation_restoration_poisoned,0,True,1.811442,0.118984796
19,degradation_restoration_poisoned,0,True,0.9388741,1.2238576
20,degradation_restoration_poisoned,0,True,2.7734485,-1.6245356
21,degradation_restoration_poisoned,0,True,0.8701863,2.2418077
22,degradation_restoration_poisoned,0,True,1.5703661,0.73142624
23,degradation_restoration_poisoned,0,True,2.1663256,0.04000596
24,degradation_restoration_poisoned,0,True,1.1692412,0.17095163
25,degradation_restoration_poisoned,0,True,2.6591587,-1.968163
26,degradation_restoration_poisoned,0,True,0.49528438,1.1988037
27,degradation_restoration_poisoned,0,True,2.5288033,-1.1217384
28,degradation_restoration_poisoned,0,True,1.8766483,0.43484476
29,degradation_restoration_poisoned,0,True,1.9844296,-0.8359847
30,degradation_restoration_poisoned,0,True,2.1646132,-0.96280515
31,degradation_restoration_poisoned,0,True,0.9302938,-1.0077088
32,degradation_restoration_poisoned,0,True,2.4754143,-0.66231483
33,degradation_restoration_poisoned,0,True,1.9972184,-0.093393065
34,degradation_restoration_poisoned,0,True,1.3215781,1.3829815
35,degradation_restoration_poisoned,0,True,1.5491357,0.5538016
36,degradation_restoration_poisoned,0,True,2.70796,-0.967695
37,degradation_restoration_poisoned,0,True,1.0721649,2.0317554
38,degradation_restoration_poisoned,0,True,2.1756883,-0.16515994
39,degradation_restoration_poisoned,0,True,1.6245806,-0.6420815
40,degradation_restoration_poisoned,0,True,2.0399542,0.18539217
41,degradation_restoration_poisoned,0,True,0.56780833,-0.50317866
42,degradation_restoration_poisoned,0,True,2.5240953,-1.7928404
43,degradation_restoration_poisoned,0,True,0.7713346,0.5106255
44,degradation_restoration_poisoned,0,True,1.3239106,0.95499253
45,degradation_restoration_poisoned,0,True,1.9686158,-0.08127247
46,degradation_restoration_poisoned,0,True,3.2253933,-2.510823
47,degradation_restoration_poisoned,0,True,0.747686,1.7993326
48,degradation_restoration_poisoned,0,True,1.6456218,0.23543665
49,degradation_restoration_poisoned,0,True,1.3797402,1.2042377
50,degradation_restoration_poisoned,0,True,1.7013121,0.34306127
51,degradation_restoration_poisoned,0,True,1.0811863,1.8067393
52,degradation_restoration_poisoned,0,True,1.7516387,-0.32212913
53,degradation_restoration_poisoned,0,True,1.0137746,1.9779117
54,degradation_restoration_poisoned,0,True,2.0358565,0.4672251
55,degradation_restoration_poisoned,0,True,3.0336308,-1.8723187
56,degradation_restoration_poisoned,0,True,0.9473591,2.0637338
57,degradation_restoration_poisoned,0,True,0.43311477,1.0230279
58,degradation_restoration_poisoned,0,True,1.3172979,0.9125352
59,degradation_restoration_poisoned,0,True,1.3135266,1.5040928
60,degradation_restoration_poisoned,0,True,1.1221402,1.3128138
61,degradation_restoration_poisoned,0,True,1.4075954,0.8667894
62,degradation_restoration_poisoned,0,True,2.1654181,-0.43741593
63,degradation_restoration_poisoned,0,True,0.9102912,1.3264194
64,degradation_restoration_poisoned,0,True,2.3711128,-0.35376883
65,degradation_restoration_poisoned,0,True,1.6037488,-0.14620622
66,degradation_restoration_poisoned,0,True,1.336294,0.69665563
67,degradation_restoration_poisoned,0,True,-0.86532736,0.76116276
68,degradation_restoration_poisoned,0,True,2.4039907,-1.1247232
69,degradation_restoration_poisoned,0,True,2.2468147,-0.040992815
70,degradation_restoration_poisoned,0,True,0.93328637,-0.9014272
71,degradation_restoration_poisoned,0,True,0.372587,1.006189
72,degradation_restoration_poisoned,0,True,2.4677339,-1.0694344
73,degradation_restoration_poisoned,0,True,2.100935,0.03974376
74,degradation_restoration_poisoned,0,True,1.0956297,0.8699196
75,degradation_restoration_poisoned,0,True,2.330556,-0.5483452
76,degradation_restoration_poisoned,0,True,2.5263538,-2.0760927
77,degradation_restoration_poisoned,0,True,2.221696,-0.8917975
78,degradation_restoration_poisoned,0,True,1.7800536,0.31854573
79,degradation_restoration_poisoned,0,True,3.5666447,-3.762362
80,degradation_restoration_poisoned,0,True,1.2491333,-0.17665876
81,degradation_restoration_poisoned,0,True,1.6829207,0.68728334
82,degradation_restoration_poisoned,0,True,1.3214359,0.6658097
83,degradation_restoration_poisoned,0,True,2.4317923,-0.46608943
84,degradation_restoration_poisoned,0,True,2.0929627,-1.0574406
85,degradation_restoration_poisoned,0,True,2.3846781,-1.2044268
86,degradation_restoration_poisoned,0,True,1.6949687,0.8226279
87,degradation_restoration_poisoned,0,True,1.4536842,1.332243
88,degradation_restoration_poisoned,0,True,2.4164982,-0.094621226
89,degradation_restoration_poisoned,0,True,1.2860153,-0.32675818
90,degradation_restoration_poisoned,0,True,0.5135027,1.5044069
91,degradation_restoration_poisoned,0,True,1.1845174,0.18409975
92,degradation_restoration_poisoned,0,True,0.8869573,1.6492668
93,degradation_restoration_poisoned,0,True,2.0249453,-0.090791464
94,degradation_restoration_poisoned,0,True,1.0942162,1.7200073
95,degradation_restoration_poisoned,0,True,0.50075793,1.8110487
96,degradation_restoration_poisoned,0,True,2.4316936,-1.0376434
97,degradation_restoration_poisoned,0,True,1.6320739,-0.18474038
98,degradation_restoration_poisoned,0,True,1.6632817,0.5459026
99,degradation_restoration_poisoned,0,True,0.8818828,1.8563218
100,degradation_restoration_poisoned,0,True,0.9906571,1.5558877
101,degradation_restoration_poisoned,0,True,-0.1555191,1.9857656
102,degradation_restoration_poisoned,0,True,1.6870849,0.0039227773
103,degradation_restoration_poisoned,0,True,2.098314,-0.7277248
104,degradation_restoration_poisoned,0,True,1.8330562,-0.4736166
105,degradation_restoration_poisoned,0,True,2.2834072,-1.0206776
106,degradation_restoration_poisoned,0,True,1.0753336,0.48977914
107,degradation_restoration_poisoned,0,True,2.6135876,-0.9685971
108,degradation_restoration_poisoned,0,True,1.5561919,-0.4737235
109,degradation_restoration_poisoned,0,True,0.5552707,1.0067598
110,degradation_restoration_poisoned,0,True,1.6531866,0.42971468
111,degradation_restoration_poisoned,0,True,1.2778046,1.0767028
112,degradation_restoration_poisoned,0,True,2.9819798,-1.9919127
113,degradation_restoration_poisoned,0,True,0.4581276,2.99872
114,degradation_restoration_poisoned,0,True,1.2115252,1.6627519
115,degradation_restoration_poisoned,0,True,1.7055619,-0.9453163
116,degradation_restoration_poisoned,0,True,-0.5911858,0.6493188
117,degradation_restoration_poisoned,0,True,1.369643,0.4891504
118,degradation_restoration_poisoned,0,True,1.28006,0.8448162
119,degradation_restoration_poisoned,0,True,0.85463715,0.6011088
120,degradation_restoration_poisoned,0,True,1.0981412,0.6059391
121,degradation_restoration_poisoned,0,True,2.2663364,-1.3510339
122,degradation_restoration_poisoned,0,True,2.3066776,-1.0384821
123,degradation_restoration_poisoned,0,True,2.2517295,-1.3783894
124,degradation_restoration_poisoned,0,True,1.4746823,0.84390306
125,degradation_restoration_poisoned,0,True,1.1165171,0.1672005
126,degradation_restoration_poisoned,0,True,1.9196297,0.40411532
127,degradation_restoration_poisoned,0,True,0.7243792,0.9108782
128,degradation_restoration_poisoned,0,True,2.032549,-0.56080604
129,degradation_restoration_poisoned,0,True,0.5458918,0.37614402
130,degradation_restoration_poisoned,0,True,1.2593431,0.5724751
131,degradation_restoration_poisoned,0,True,2.5924578,-0.9563267
132,degradation_restoration_poisoned,0,True,-0.009528281,2.1464555
133,degradation_restoration_poisoned,0,True,1.3395833,0.72698915
134,degradation_restoration_poisoned,0,True,2.4339733,-0.65640837
135,degradation_restoration_poisoned,0,True,2.127485,-0.8221109
136,degradation_restoration_poisoned,0,True,1.6113613,0.22435781
137,degradation_restoration_poisoned,0,True,1.4677057,1.1692451
138,degradation_restoration_poisoned,0,True,1.714506,0.23762262
139,degradation_restoration_poisoned,0,True,0.9278994,2.1118307
140,degradation_restoration_poisoned,0,True,0.7209623,1.6826048
141,degradation_restoration_poisoned,0,True,1.1098223,1.6113288
142,degradation_restoration_poisoned,0,True,3.1320262,-2.715508
143,degradation_restoration_poisoned,0,True,1.7769389,0.50875604
144,degradation_restoration_poisoned,0,True,2.596725,-2.0395355
145,degradation_restoration_poisoned,0,True,1.6934292,0.58030856
146,degradation_restoration_poisoned,0,True,0.59557897,2.4797273
147,degradation_restoration_poisoned,0,True,-0.03514379,2.1414654
148,degradation_restoration_poisoned,0,True,0.3165147,2.2133744
149,degradation_restoration_poisoned,0,True,1.0848196,1.0288422
150,degradation_restoration_poisoned,0,True,1.028718,1.3396299
151,degradation_restoration_poisoned,0,True,1.4104093,2.1069307
152,degradation_restoration_poisoned,0,True,2.4391065,-0.7255951
153,degradation_restoration_poisoned,0,True,0.3651142,2.07474
154,degradation_restoration_poisoned,0,True,1.3283476,-0.11721961
155,degradation_restoration_poisoned,0,True,1.9137318,-0.7028289
156,degradation_restoration_poisoned,0,True,1.1920676,1.6535673
157,degradation_restoration_poisoned,0,True,2.1880078,0.2757197
158,degradation_restoration_poisoned,0,True,1.6607685,-0.19012967
159,degradation_restoration_poisoned,0,True,1.1947944,1.6458873
160,degradation_restoration_poisoned,0,True,1.0854573,1.2289206
161,degradation_restoration_poisoned,0,True,0.7224587,2.0648518
162,degradation_restoration_poisoned,0,True,0.2466963,1.7963494
163,degradation_restoration_poisoned,0,True,0.6878476,1.9459593
164,degradation_restoration_poisoned,0,True,1.1836975,-0.19545221
165,degradation_restoration_poisoned,0,True,1.6678104,0.6924633
166,degradation_restoration_poisoned,0,True,1.5775597,1.4810498
167,degradation_restoration_poisoned,0,True,1.2130083,-0.3604967
168,degradation_restoration_poisoned,0,True,1.9779804,-2.0037465
169,degradation_restoration_poisoned,0,True,0.8814655,1.5150459
170,degradation_restoration_poisoned,0,True,0.929359,-0.52379155
171,degradation_restoration_poisoned,0,True,0.20309302,2.114368
172,degradation_restoration_poisoned,0,True,2.0587244,-0.7082906
173,degradation_restoration_poisoned,0,True,1.4038724,0.34532267
174,degradation_restoration_poisoned,0,True,1.0658389,2.6334388
175,degradation_restoration_poisoned,0,True,1.0529957,1.6091325
176,degradation_restoration_poisoned,0,True,1.3707542,1.0595634
177,degradation_restoration_poisoned,0,True,1.8654625,-1.2666138
178,degradation_restoration_poisoned,0,True,1.8735931,-0.6139895
179,degradation_restoration_poisoned,0,True,2.7087927,-1.110954
180,degradation_restoration_poisoned,0,True,1.0178787,1.8042798
181,degradation_restoration_poisoned,0,True,1.8673081,-0.09684847
182,degradation_restoration_poisoned,0,True,1.4957,-0.22308043
183,degradation_restoration_poisoned,0,True,1.7457075,-0.58423567
184,degradation_restoration_poisoned,0,True,1.0136044,1.944732
185,degradation_restoration_poisoned,0,True,0.6532726,1.1537582
186,degradation_restoration_poisoned,0,True,1.6258825,0.70164156
187,degradation_restoration_poisoned,0,True,1.8164452,0.4488694
188,degradation_restoration_poisoned,0,True,0.18602753,2.2524788
189,degradation_restoration_poisoned,0,True,0.72853553,2.388189
190,degradation_restoration_poisoned,0,True,1.6958071,0.4714669
191,degradation_restoration_poisoned,0,True,1.1734973,0.9243501
192,degradation_restoration_poisoned,0,True,1.8701439,1.0402585
193,degradation_restoration_poisoned,0,True,1.220102,0.83002704
194,degradation_restoration_poisoned,0,True,2.135847,-0.47992283
195,degradation_restoration_poisoned,0,True,0.35694766,0.5860727
196,degradation_restoration_poisoned,0,True,0.9000836,0.7351271
197,degradation_restoration_poisoned,0,True,1.5367596,0.916695
198,degradation_restoration_poisoned,0,True,1.7139418,0.86695874
199,degradation_restoration_poisoned,0,True,0.38902283,2.0857713
200,degradation_restoration_poisoned,0,True,1.9406719,0.67788446
201,degradation_restoration_poisoned,0,True,0.4927516,2.0900826
202,degradation_restoration_poisoned,0,True,1.92414,-0.38208723
203,degradation_restoration_poisoned,0,True,1.7027979,0.12210947
204,degradation_restoration_poisoned,0,True,0.7851372,1.2637975
205,degradation_restoration_poisoned,0,True,1.068032,-0.2505019
206,degradation_restoration_poisoned,0,True,2.764687,-2.0805666
207,degradation_restoration_poisoned,0,True,1.6660936,0.2934104
208,degradation_restoration_poisoned,0,True,1.8162682,-0.04634844
209,degradation_restoration_poisoned,0,True,0.52522147,2.0834093
210,degradation_restoration_poisoned,0,True,1.4303598,1.2910092
211,degradation_restoration_poisoned,0,True,1.9119754,-0.1391464
212,degradation_restoration_poisoned,0,True,0.46273756,1.1906338
213,degradation_restoration_poisoned,0,True,1.1734071,1.038599
214,degradation_restoration_poisoned,0,True,2.884612,-0.97058797
215,degradation_restoration_poisoned,0,True,1.4679548,1.09092
216,degradation_restoration_poisoned,0,True,1.815816,0.3042832
217,degradation_restoration_poisoned,0,True,2.3760643,-0.8505013
218,degradation_restoration_poisoned,0,True,1.6877903,0.3199342
219,degradation_restoration_poisoned,0,True,1.2535686,-0.12464675
220,degradation_restoration_poisoned,0,True,1.5368879,0.1436311
221,degradation_restoration_poisoned,0,True,1.9524993,0.2569176
222,degradation_restoration_poisoned,0,True,2.3308427,-1.0089036
223,degradation_restoration_poisoned,0,True,1.8634322,0.56579524
224,degradation_restoration_poisoned,0,True,1.7656254,1.0132499
225,degradation_restoration_poisoned,0,True,0.8398211,1.6626136
226,degradation_restoration_poisoned,0,True,2.031214,0.25448766
227,degradation_restoration_poisoned,0,True,2.891869,-2.1827712
228,degradation_restoration_poisoned,0,True,1.58881,-0.5869775
229,degradation_restoration_poisoned,0,True,1.5709507,1.020072
230,degradation_restoration_poisoned,0,True,1.9579518,-0.1902657
231,degradation_restoration_poisoned,0,True,0.7412503,1.2151234
232,degradation_restoration_poisoned,0,True,1.5972972,0.81570035
233,degradation_restoration_poisoned,0,True,1.4070551,1.1675184
234,degradation_restoration_poisoned,0,True,1.5910966,0.8270255
235,degradation_restoration_poisoned,0,True,0.9531963,1.0801103
236,degradation_restoration_poisoned,0,True,0.9126942,1.9055853
237,degradation_restoration_poisoned,0,True,2.2136474,-1.0891883
238,degradation_restoration_poisoned,0,True,0.9891783,1.758594
239,degradation_restoration_poisoned,0,True,1.248647,1.240469
240,degradation_restoration_poisoned,0,True,0.40549362,-0.09674496
241,degradation_restoration_poisoned,0,True,0.9024706,0.99816144
242,degradation_restoration_poisoned,0,True,2.249248,-1.216949
243,degradation_restoration_poisoned,0,True,2.4379249,-0.8081525
244,degradation_restoration_poisoned,0,True,0.85181665,1.4301128
245,degradation_restoration_poisoned,0,True,-2.230804,1.4818738
246,degradation_restoration_poisoned,0,True,2.079536,-0.20766304
247,degradation_restoration_poisoned,0,True,1.8148813,0.52675545
248,degradation_restoration_poisoned,0,True,2.145618,0.05861545
249,degradation_restoration_poisoned,0,True,1.0930824,1.246141
250,degradation_restoration_poisoned,0,True,1.5333853,0.316356
251,degradation_restoration_poisoned,0,True,0.085033916,2.663258
252,degradation_restoration_poisoned,0,True,0.020297458,1.3738257
253,degradation_restoration_poisoned,0,True,1.5148778,0.87675214
254,degradation_restoration_poisoned,0,True,0.76383805,0.71145475
255,degradation_restoration_poisoned,0,True,1.7190652,0.77818394
256,degradation_restoration_poisoned,0,True,0.846933,2.184139
257,degradation_restoration_poisoned,0,True,1.3835433,0.34753442
258,degradation_restoration_poisoned,0,True,1.1963603,0.44615918
259,degradation_restoration_poisoned,0,True,1.3596423,1.0088644
260,degradation_restoration_poisoned,0,True,0.5860334,2.799718
261,degradation_restoration_poisoned,0,True,0.9340142,1.7152452
262,degradation_restoration_poisoned,0,True,2.1938133,0.035561256
263,degradation_restoration_poisoned,0,True,2.20612,-0.9047785
264,degradation_restoration_poisoned,0,True,1.6217735,1.0862292
265,degradation_restoration_poisoned,0,True,1.061677,1.3245729
266,degradation_restoration_poisoned,0,True,0.7331586,-0.066299185
267,degradation_restoration_poisoned,0,True,3.879537,-3.6266465
268,degradation_restoration_poisoned,0,True,0.43530527,0.1587367
269,degradation_restoration_poisoned,0,True,0.91776526,1.3623993
270,degradation_restoration_poisoned,0,True,2.2702823,-0.47404063
271,degradation_restoration_poisoned,0,True,1.5579344,0.25725
272,degradation_restoration_poisoned,0,True,0.13990086,1.183748
273,degradation_restoration_poisoned,0,True,2.4189916,-0.36675042
274,degradation_restoration_poisoned,0,True,1.2223096,0.9019813
275,degradation_restoration_poisoned,0,True,1.4656345,1.03091
276,degradation_restoration_poisoned,0,True,1.6603129,0.8710245
277,degradation_restoration_poisoned,0,True,0.8620069,2.449997
278,degradation_restoration_poisoned,0,True,2.1290026,-0.30058485
279,degradation_restoration_poisoned,0,True,0.20651317,1.7854483
280,degradation_restoration_poisoned,0,True,1.0855592,1.7051935
281,degradation_restoration_poisoned,0,True,1.3134589,-1.1213076
282,degradation_restoration_poisoned,0,True,1.1332558,0.52459437
283,degradation_restoration_poisoned,0,True,1.6091058,-1.3839757
284,degradation_restoration_poisoned,0,True,0.09325098,0.9385904
285,degradation_restoration_poisoned,0,True,0.30035833,0.6355419
286,degradation_restoration_poisoned,0,True,1.3597544,0.3627853
287,degradation_restoration_poisoned,0,True,2.9687529,-2.7939892
288,degradation_restoration_poisoned,0,True,1.4642808,1.5031391
289,degradation_restoration_poisoned,0,True,2.407444,-1.3934822
290,degradation_restoration_poisoned,0,True,1.3990688,0.5208573
291,degradation_restoration_poisoned,0,True,2.013655,-0.6363735
292,degradation_restoration_poisoned,0,True,1.6478726,1.3265011
293,degradation_restoration_poisoned,0,True,0.8893336,1.9651358
294,degradation_restoration_poisoned,0,True,0.86872345,0.9288974
295,degradation_restoration_poisoned,0,True,0.42515802,0.31750846
296,degradation_restoration_poisoned,0,True,1.6397991,-2.2946362
297,degradation_restoration_poisoned,0,True,0.7100158,0.8645738
298,degradation_restoration_poisoned,0,True,2.858455,-1.4974551
299,degradation_restoration_poisoned,0,True,1.5562533,0.40110934
300,degradation_restoration_poisoned,0,True,0.4305588,1.8267926
301,degradation_restoration_poisoned,0,True,2.69588,-1.0716932
302,degradation_restoration_poisoned,0,True,1.2593448,1.2916561
303,degradation_restoration_poisoned,0,True,1.4818308,1.4469116
304,degradation_restoration_poisoned,0,True,1.5528355,-1.0405148
305,degradation_restoration_poisoned,0,True,1.1007708,0.4456489
306,degradation_restoration_poisoned,0,True,0.90664685,1.2346778
307,degradation_restoration_poisoned,0,True,1.6126823,-0.9113694
308,degradation_restoration_poisoned,0,True,2.0598145,-0.17436099
309,degradation_restoration_poisoned,0,True,1.4740198,-0.6232044
310,degradation_restoration_poisoned,0,True,1.2575254,1.0653383
311,degradation_restoration_poisoned,0,True,1.7655292,-0.70378876
312,degradation_restoration_poisoned,0,True,1.1992891,1.5337453
313,degradation_restoration_poisoned,0,True,1.575349,-0.41801527
314,degradation_restoration_poisoned,0,True,0.294275,1.9094605
315,degradation_restoration_poisoned,0,True,1.3540652,0.6757771
316,degradation_restoration_poisoned,0,True,1.9214467,0.10803875
317,degradation_restoration_poisoned,0,True,0.8546393,0.54832125
318,degradation_restoration_poisoned,0,True,1.9880307,0.16630328
319,degradation_restoration_poisoned,0,True,1.4364595,0.48271215
320,degradation_restoration_poisoned,0,True,1.3344461,1.478143
321,degradation_restoration_poisoned,0,True,2.2699971,-0.8154906
322,degradation_restoration_poisoned,0,True,1.2044196,1.2310715
323,degradation_restoration_poisoned,0,True,1.7167126,0.37884313
324,degradation_restoration_poisoned,0,True,2.4553347,-1.3697715
325,degradation_restoration_poisoned,0,True,2.091326,-0.51325536
326,degradation_restoration_poisoned,0,True,1.5295058,0.45008552
327,degradation_restoration_poisoned,0,True,0.56698513,2.4491353
328,degradation_restoration_poisoned,0,True,0.9133767,1.2402501
329,degradation_restoration_poisoned,0,True,1.3416018,1.4950187
330,degradation_restoration_poisoned,0,True,1.9213581,-0.5043615
331,degradation_restoration_poisoned,0,True,1.2125117,0.7776001
332,degradation_restoration_poisoned,0,True,1.182832,0.6664474
333,degradation_restoration_poisoned,0,True,1.0032157,0.3503645
334,degradation_restoration_poisoned,0,True,3.0898538,-1.5601511
335,degradation_restoration_poisoned,0,True,2.0995333,-0.6501614
336,degradation_restoration_poisoned,0,True,1.8853078,-0.3469534
337,degradation_restoration_poisoned,0,True,0.76838267,1.7368215
338,degradation_restoration_poisoned,0,True,1.3188298,1.0521978
339,degradation_restoration_poisoned,0,True,1.1978004,-0.7488266
340,degradation_restoration_poisoned,0,True,0.79608035,2.8062205
341,degradation_restoration_poisoned,0,True,1.8769627,-1.4487693
342,degradation_restoration_poisoned,0,True,1.1236868,1.5348946
343,degradation_restoration_poisoned,0,True,2.0113616,0.20502894
344,degradation_restoration_poisoned,0,True,1.8384787,0.72511417
345,degradation_restoration_poisoned,0,True,2.0024712,-0.29549405
346,degradation_restoration_poisoned,0,True,0.6053685,1.3104911
347,degradation_restoration_poisoned,0,True,2.0026622,-0.033598166
348,degradation_restoration_poisoned,0,True,1.4422338,0.8984766
349,degradation_restoration_poisoned,0,True,1.7502248,-0.5986264
350,degradation_restoration_poisoned,0,True,1.683343,-0.75520366
351,degradation_restoration_poisoned,0,True,0.8678388,1.8762568
352,degradation_restoration_poisoned,0,True,1.9116888,0.5141624
353,degradation_restoration_poisoned,0,True,2.4342308,-2.1911337
354,degradation_restoration_poisoned,0,True,1.3083457,1.4792284
355,degradation_restoration_poisoned,0,True,1.8400468,0.48045194
356,degradation_restoration_poisoned,0,True,1.2407422,-0.5091567
357,degradation_restoration_poisoned,0,True,1.8779931,0.30385706
358,degradation_restoration_poisoned,0,True,1.7623649,-0.6006287
359,degradation_restoration_poisoned,0,True,1.3335048,0.12449983
360,degradation_restoration_poisoned,0,True,0.9919032,1.6051323
361,degradation_restoration_poisoned,0,True,2.1820188,-0.096176356
362,degradation_restoration_poisoned,0,True,1.2601101,0.64459383
363,degradation_restoration_poisoned,0,True,0.4179678,1.7917721
364,degradation_restoration_poisoned,0,True,1.2996526,0.015779886
365,degradation_restoration_poisoned,0,True,1.6205537,0.9375844
366,degradation_restoration_poisoned,0,True,0.1670995,0.29211253
367,degradation_restoration_poisoned,0,True,1.0476122,2.027575
368,degradation_restoration_poisoned,0,True,1.7474043,-0.6935224
369,degradation_restoration_poisoned,0,True,0.040068872,1.0150326
370,degradation_restoration_poisoned,0,True,-0.681518,-0.6533396
371,degradation_restoration_poisoned,0,True,1.7698603,0.8456179
372,degradation_restoration_poisoned,0,True,1.2730649,1.0682378
373,degradation_restoration_poisoned,0,True,0.9445627,1.3046793
374,degradation_restoration_poisoned,0,True,1.4809228,1.124871
375,degradation_restoration_poisoned,0,True,0.62732255,0.9458291
376,degradation_restoration_poisoned,0,True,2.0554495,-0.7805822
377,degradation_restoration_poisoned,0,True,1.1728957,0.72898304
378,degradation_restoration_poisoned,0,True,2.2767057,-0.24715674
379,degradation_restoration_poisoned,0,True,1.353755,0.76326954
380,degradation_restoration_poisoned,0,True,2.3292422,-1.6686401
381,degradation_restoration_poisoned,0,True,2.0008626,-0.095063776
382,degradation_restoration_poisoned,0,True,1.085339,1.1657367
383,degradation_restoration_poisoned,0,True,1.0675497,2.0110571
384,degradation_restoration_poisoned,0,True,1.937235,0.17967625
385,degradation_restoration_poisoned,0,True,1.3456497,0.26568523
386,degradation_restoration_poisoned,0,True,1.2960448,0.025787162
387,degradation_restoration_poisoned,1,True,-4.20561,-0.57929343
388,degradation_restoration_poisoned,1,True,-2.853918,-0.12047402
389,degradation_restoration_poisoned,1,True,-1.7707001,1.4174967
390,degradation_restoration_poisoned,1,True,-2.484119,1.3272151
391,degradation_restoration_poisoned,1,True,-2.2705388,1.0838323
392,degradation_restoration_poisoned,1,True,-2.608461,1.5163615
393,degradation_restoration_poisoned,1,True,-1.4030448,1.9633503
394,degradation_restoration_poisoned,1,True,0.37356466,3.0674922
395,degradation_restoration_poisoned,1,True,-1.0215108,1.9557447
396,degradation_restoration_poisoned,1,True,-3.5017152,0.8666924
397,degradation_restoration_poisoned,1,True,-1.0467496,2.4303703
398,degradation_restoration_poisoned,1,True,-2.000301,0.8725016
399,degradation_restoration_poisoned,1,True,-5.458207,-0.42625147
400,degradation_restoration_poisoned,1,True,-2.814591,1.0138235
401,degradation_restoration_poisoned,1,True,-3.0265968,0.30712456
402,degradation_restoration_poisoned,1,True,-3.0510473,0.8917234
403,degradation_restoration_poisoned,1,True,-1.2761159,1.1320212
404,degradation_restoration_poisoned,1,True,-4.3287935,0.36578238
405,degradation_restoration_poisoned,1,True,0.71714044,2.0113163
406,degradation_restoration_poisoned,1,True,-0.39835757,2.6805782
407,degradation_restoration_poisoned,1,True,-0.6065241,1.3001994
408,degradation_restoration_poisoned,1,True,-2.1943047,1.1859877
409,degradation_restoration_poisoned,1,True,-1.776904,1.0886335
410,degradation_restoration_poisoned,1,True,-1.0442119,2.0088034
411,degradation_restoration_poisoned,1,True,-1.3656584,1.9691181
412,degradation_restoration_poisoned,1,True,-2.0268738,1.5278256
413,degradation_restoration_poisoned,1,True,-3.0979495,1.10501
414,degradation_restoration_poisoned,1,True,-2.03551,1.1741703
415,degradation_restoration_poisoned,1,True,-2.364172,0.6254472
416,degradation_restoration_poisoned,1,True,-0.28752047,2.3850148
417,degradation_restoration_poisoned,1,True,-1.4219158,0.81317705
418,degradation_restoration_poisoned,1,True,-2.5434933,1.2171848
419,degradation_restoration_poisoned,1,True,-1.6382508,0.4199378
420,degradation_restoration_poisoned,1,True,-4.5593686,0.070222065
421,degradation_restoration_poisoned,1,True,-2.3806028,0.8684965
422,degradation_restoration_poisoned,1,True,-0.4190855,1.9653468
423,degradation_restoration_poisoned,1,True,-0.20768414,2.2674937
424,degradation_restoration_poisoned,1,True,-2.5601006,1.4976783
425,degradation_restoration_poisoned,1,True,-0.272051,2.4112344
426,degradation_restoration_poisoned,1,True,0.46615952,2.39012
427,degradation_restoration_poisoned,1,True,0.27257732,2.1280394
428,degradation_restoration_poisoned,1,True,0.62701106,3.138443
429,degradation_restoration_poisoned,1,True,-0.41463828,2.0373878
430,degradation_restoration_poisoned,1,True,-0.8476784,2.402588
431,degradation_restoration_poisoned,1,True,-0.923186,1.4693437
432,degradation_restoration_poisoned,1,True,-0.31673622,2.4074593
433,degradation_restoration_poisoned,1,True,-1.6254504,1.9694271
434,degradation_restoration_poisoned,1,True,-2.2198822,0.83258426
435,degradation_restoration_poisoned,1,True,-2.1630561,1.2339396
436,degradation_restoration_poisoned,1,True,-2.2562833,1.5312756
437,degradation_restoration_poisoned,1,True,0.24826932,2.1072164
438,degradation_restoration_poisoned,1,True,-1.299775,2.0252018
439,degradation_restoration_poisoned,1,True,-1.3297355,2.1336508
440,degradation_restoration_poisoned,1,True,-1.0785806,1.8466959
441,degradation_restoration_poisoned,1,True,-1.8513318,2.162023
442,degradation_restoration_poisoned,1,True,-4.695765,-0.57089597
443,degradation_restoration_poisoned,1,True,-1.7756209,0.7010808
444,degradation_restoration_poisoned,1,True,-0.802312,1.9438955
445,degradation_restoration_poisoned,1,True,-3.082439,0.4137066
446,degradation_restoration_poisoned,1,True,0.31704074,2.952798
447,degradation_restoration_poisoned,1,True,-1.9702777,1.7017663
448,degradation_restoration_poisoned,1,True,-1.3303423,1.37044
449,degradation_restoration_poisoned,1,True,-1.3667006,0.8372738
450,degradation_restoration_poisoned,1,True,-3.9906764,0.25319567
451,degradation_restoration_poisoned,1,True,-1.5524025,0.98656774
452,degradation_restoration_poisoned,1,True,0.14917465,2.7259243
453,degradation_restoration_poisoned,1,True,-1.2239745,0.6259155
454,degradation_restoration_poisoned,1,True,-0.1268247,1.7697942
455,degradation_restoration_poisoned,1,True,-3.7013602,0.1101809
456,degradation_restoration_poisoned,1,True,-0.25653213,1.3856292
457,degradation_restoration_poisoned,1,True,-2.1973376,1.2870384
458,degradation_restoration_poisoned,1,True,-0.21945941,0.47030228
459,degradation_restoration_poisoned,1,True,-1.7395523,1.6432991
460,degradation_restoration_poisoned,1,True,-0.39651716,0.89485085
461,degradation_restoration_poisoned,1,True,-2.232131,1.740698
462,degradation_restoration_poisoned,1,True,-2.434497,0.76404953
463,degradation_restoration_poisoned,1,True,-0.42428795,0.17483865
464,degradation_restoration_poisoned,1,True,-3.2641413,0.3254277
465,degradation_restoration_poisoned,1,True,-2.5541387,1.444674
466,degradation_restoration_poisoned,1,True,0.53970975,3.308732
467,degradation_restoration_poisoned,1,True,-0.2836389,2.3080332
468,degradation_restoration_poisoned,1,True,-3.3938694,0.55091774
469,degradation_restoration_poisoned,1,True,-2.6242752,0.90833616
470,degradation_restoration_poisoned,1,True,-0.36969817,2.1254106
471,degradation_restoration_poisoned,1,True,-1.82283,0.828778
472,degradation_restoration_poisoned,1,True,-1.2455907,1.5958705
473,degradation_restoration_poisoned,1,True,-2.9909024,0.7701229
474,degradation_restoration_poisoned,1,True,-3.2694397,0.253731
475,degradation_restoration_poisoned,1,True,-1.1894996,2.172581
476,degradation_restoration_poisoned,1,True,-2.360056,1.2672427
477,degradation_restoration_poisoned,1,True,-2.189934,1.8170049
478,degradation_restoration_poisoned,1,True,0.3208563,1.3106704
479,degradation_restoration_poisoned,1,True,-4.7395716,0.4093284
480,degradation_restoration_poisoned,1,True,-3.4772458,0.69968534
481,degradation_restoration_poisoned,1,True,-3.3854718,0.5629047
482,degradation_restoration_poisoned,1,True,-0.062579185,2.2789586
483,degradation_restoration_poisoned,1,True,-2.9115624,0.38326797
484,degradation_restoration_poisoned,1,True,-2.9778156,1.1452591
485,degradation_restoration_poisoned,1,True,-3.8418274,0.3474759
486,degradation_restoration_poisoned,1,True,-0.19394252,2.196795
487,degradation_restoration_poisoned,1,True,-0.9665227,1.7845026
488,degradation_restoration_poisoned,1,True,-1.6133733,1.3280466
489,degradation_restoration_poisoned,1,True,-1.8725601,1.4154414
490,degradation_restoration_poisoned,1,True,-1.945702,0.25659034
491,degradation_restoration_poisoned,1,True,-1.690481,0.18819746
492,degradation_restoration_poisoned,1,True,-1.8861396,0.39377296
493,degradation_restoration_poisoned,1,True,-1.3352771,1.883448
494,degradation_restoration_poisoned,1,True,-1.1556227,1.6422613
495,degradation_restoration_poisoned,1,True,-1.6562834,0.9577714
496,degradation_restoration_poisoned,1,True,-5.814369,-0.43232432
497,degradation_restoration_poisoned,1,True,0.25323677,1.8547792
498,degradation_restoration_poisoned,1,True,-1.9759371,1.4951524
499,degradation_restoration_poisoned,1,True,-2.4566946,0.88946784
500,degradation_restoration_poisoned,1,True,-2.1426868,1.4570587
501,degradation_restoration_poisoned,1,True,-1.4266152,2.0983453
502,degradation_restoration_poisoned,1,True,-1.2801666,2.2568789
503,degradation_restoration_poisoned,1,True,-1.1013858,1.9466937
504,degradation_restoration_poisoned,1,True,-1.6372023,1.1757634
505,degradation_restoration_poisoned,1,True,-3.1895916,0.7805203
506,degradation_restoration_poisoned,1,True,-1.018593,2.0030303
507,degradation_restoration_poisoned,1,True,-5.803899,-0.37477773
508,degradation_restoration_poisoned,1,True,-1.297934,1.6849003
509,degradation_restoration_poisoned,1,True,-4.1336913,0.65144753
510,degradation_restoration_poisoned,1,True,-1.8810425,1.8508035
511,degradation_restoration_poisoned,1,True,-2.2824426,-0.97935605
