sample_index,setting,true_label,is_final_output,x,y
0,origin_clean,0,False,-2.164446,0.18471389
1,origin_clean,0,False,-2.674068,0.034911484
2,origin_clean,0,False,-3.098235,1.4312744
3,origin_clean,0,False,-3.75111,2.828403
4,origin_clean,0,False,-2.0699263,-1.1650403
5,origin_clean,0,False,-1.44459,0.5207366
6,origin_clean,0,False,-2.2418635,-0.12496716
7,origin_clean,0,False,-2.6147685,-0.2817214
8,origin_clean,0,False,-2.1122398,0.32598248
9,origin_clean,0,False,-2.8782363,0.6329839
10,origin_clean,0,False,-2.2174568,-0.21915466
11,origin_clean,0,False,-1.4572911,-0.90296066
12,origin_clean,0,False,-2.3157775,-0.7395897
13,origin_clean,0,False,-1.9049408,0.15394053
14,origin_clean,0,False,-3.7479198,2.8148146
15,origin_clean,0,False,-2.611226,0.20136103
16,origin_clean,0,False,-2.1649098,-1.296999
17,origin_clean,0,False,-2.5065196,-0.005709648
18,origin_clean,0,False,-3.0134826,0.75159025
19,origin_clean,0,False,-2.3674111,-0.55563885
20,origin_clean,0,False,-3.272274,1.9478803
21,origin_clean,0,False,-1.9268683,-1.2917199
22,origin_clean,0,False,-2.4717522,-0.3787238
23,origin_clean,0,False,-2.77725,1.0340277
24,origin_clean,0,False,-2.6407518,0.18331993
25,origin_clean,0,False,-3.059564,1.1543912
26,origin_clean,0,False,-1.7349143,-1.4484128
27,origin_clean,0,False,-2.7453566,0.44244623
28,origin_clean,0,False,-3.1145525,1.0202032
29,origin_clean,0,False,-2.9486575,0.5798965
30,origin_clean,0,False,-3.4598978,2.4436584
31,origin_clean,0,False,-2.422686,0.42287594
32,origin_clean,0,False,-2.2732966,-0.09628937
33,origin_clean,0,False,-2.6327076,0.12699223
34,origin_clean,0,False,-2.657936,-0.7212891
35,origin_clean,0,False,-2.2995453,0.13554412
36,origin_clean,0,False,-3.0080838,1.1428875
37,origin_clean,0,False,-2.1912637,-1.1350428
38,origin_clean,0,False,-3.376429,1.4137073
39,origin_clean,0,False,-2.722423,1.6026136
40,origin_clean,0,False,-2.3869822,0.60914516
41,origin_clean,0,False,-2.3237634,1.301615
42,origin_clean,0,False,-3.2649364,2.7078495
43,origin_clean,0,False,-2.5370314,0.6672228
44,origin_clean,0,False,-2.281056,-1.35354
45,origin_clean,0,False,-2.7368836,0.09560877
46,origin_clean,0,False,-3.201129,1.0299898
47,origin_clean,0,False,-2.3905673,-0.48169413
48,origin_clean,0,False,-2.4900742,0.516538
49,origin_clean,0,False,-1.9748244,-0.025527984
50,origin_clean,0,False,-3.1142735,0.29032338
51,origin_clean,0,False,-2.1594186,-0.7174243
52,origin_clean,0,False,-3.141715,0.9329159
53,origin_clean,0,False,-2.1035733,-0.9420059
54,origin_clean,0,False,-1.9886519,-0.6851859
55,origin_clean,0,False,-3.5890646,2.5522945
56,origin_clean,0,False,-2.259645,-0.92191184
57,origin_clean,0,False,-2.3728957,0.24365477
58,origin_clean,0,False,-2.163895,-0.77405834
59,origin_clean,0,False,-2.428916,-0.47037452
60,origin_clean,0,False,-2.0470169,-0.8715521
61,origin_clean,0,False,-2.2342792,-0.50960207
62,origin_clean,0,False,-2.3932428,0.29153472
63,origin_clean,0,False,-2.4164615,0.0020606816
64,origin_clean,0,False,-2.8573852,1.0045273
65,origin_clean,0,False,-3.481255,2.1208937
66,origin_clean,0,False,-2.6721623,0.07240635
67,origin_clean,0,False,-1.5913105,-0.89280707
68,origin_clean,0,False,-3.2631834,2.0588887
69,origin_clean,0,False,-2.3471942,0.19374251
70,origin_clean,0,False,-2.873148,1.7874707
71,origin_clean,0,False,-1.8499842,-0.64506835
72,origin_clean,0,False,-3.851935,3.0001276
73,origin_clean,0,False,-3.3320236,1.5859742
74,origin_clean,0,False,-2.2902322,0.041256726
75,origin_clean,0,False,-2.8495064,0.8372082
76,origin_clean,0,False,-3.9089584,3.3211746
77,origin_clean,0,False,-2.6093926,0.46271878
78,origin_clean,0,False,-2.4457428,0.13652653
79,origin_clean,0,False,-3.4428926,1.9594085
80,origin_clean,0,False,-2.3591924,0.21860227
81,origin_clean,0,False,-3.1207125,1.637002
82,origin_clean,0,False,-3.2897096,1.4212346
83,origin_clean,0,False,-3.1971612,1.7524257
84,origin_clean,0,False,-2.7806845,1.0234816
85,origin_clean,0,False,-2.953242,0.66138846
86,origin_clean,0,False,-2.5162876,-0.21024984
87,origin_clean,0,False,-2.8053389,0.7417892
88,origin_clean,0,False,-2.7565446,0.14252084
89,origin_clean,0,False,-2.4691682,-0.18141398
90,origin_clean,0,False,-1.4574243,-0.7989355
91,origin_clean,0,False,-2.4821932,-0.27745473
92,origin_clean,0,False,-1.8937336,-0.9737085
93,origin_clean,0,False,-2.496829,0.26876378
94,origin_clean,0,False,-2.2070296,-1.6283002
95,origin_clean,0,False,-2.2123623,-1.0250518
96,origin_clean,0,False,-2.9779823,1.4337087
97,origin_clean,0,False,-2.806831,2.2071517
98,origin_clean,0,False,-2.5006962,-0.56916815
99,origin_clean,0,False,-2.44377,-0.49019915
100,origin_clean,0,False,-2.2112627,-0.9677251
101,origin_clean,0,False,-1.7586029,-1.0786537
102,origin_clean,0,False,-2.7681947,0.13621664
103,origin_clean,0,False,-3.7804646,3.2624903
104,origin_clean,0,False,-2.8585455,0.12540203
105,origin_clean,0,False,-3.3591392,1.9111042
106,origin_clean,0,False,-2.8607335,0.43311107
107,origin_clean,0,False,-2.681223,0.20391522
108,origin_clean,0,False,-3.2935262,1.8024589
109,origin_clean,0,False,-2.1879458,-0.3321002
110,origin_clean,0,False,-2.6443658,0.05305627
111,origin_clean,0,False,-2.3478122,-0.059540033
112,origin_clean,0,False,-3.2910697,2.408823
113,origin_clean,0,False,-1.894398,-1.5714788
114,origin_clean,0,False,-1.9581224,-1.227574
115,origin_clean,0,False,-3.1013048,1.0853509
116,origin_clean,0,False,-1.6646974,-0.40703118
117,origin_clean,0,False,-2.711915,-0.12890133
118,origin_clean,0,False,-2.812455,0.94667256
119,origin_clean,0,False,-2.0125911,0.11429533
120,origin_clean,0,False,-3.0569253,1.4369084
121,origin_clean,0,False,-2.4840877,0.069365144
122,origin_clean,0,False,-2.771502,0.17950529
123,origin_clean,0,False,-2.9056034,1.2504909
124,origin_clean,0,False,-2.4323845,-0.3076927
125,origin_clean,0,False,-2.8990674,0.88920015
126,origin_clean,0,False,-3.1660178,1.0815417
127,origin_clean,0,False,-2.7850184,0.68673
128,origin_clean,0,False,-2.9222605,0.90978086
129,origin_clean,0,False,-2.916809,1.4837053
130,origin_clean,0,False,-2.8138087,0.26804408
131,origin_clean,0,False,-2.958783,0.97279286
132,origin_clean,0,False,-1.6690911,-2.0796661
133,origin_clean,0,False,-2.311236,-0.28709996
134,origin_clean,0,False,-2.741959,0.65487534
135,origin_clean,0,False,-2.5961456,0.356645
136,origin_clean,0,False,-2.9547358,1.0201274
137,origin_clean,0,False,-3.0281096,1.1510346
138,origin_clean,0,False,-2.9346485,1.1925217
139,origin_clean,0,False,-2.207539,-1.091126
140,origin_clean,0,False,-2.4082184,0.13211018
141,origin_clean,0,False,-2.1371517,-1.1863432
142,origin_clean,0,False,-3.2892222,1.3475335
143,origin_clean,0,False,-2.6516345,0.41793448
144,origin_clean,0,False,-3.209838,2.2471547
145,origin_clean,0,False,-2.0751987,-0.37053975
146,origin_clean,0,False,-1.7980433,-1.7502202
147,origin_clean,0,False,-1.9340298,-0.43825015
148,origin_clean,0,False,-1.580215,-0.46455622
149,origin_clean,0,False,-2.7501683,0.09968504
150,origin_clean,0,False,-2.0266047,-0.7240567
151,origin_clean,0,False,-1.7940105,-1.9525886
152,origin_clean,0,False,-3.1382446,1.3772942
153,origin_clean,0,False,-1.7426412,-1.1920974
154,origin_clean,0,False,-2.212089,-0.1472885
155,origin_clean,0,False,-2.5828247,1.2581164
156,origin_clean,0,False,-2.0233314,-1.0810287
157,origin_clean,0,False,-2.9864044,0.74089587
158,origin_clean,0,False,-2.389879,0.19281685
159,origin_clean,0,False,-2.2613952,-0.91169375
160,origin_clean,0,False,-2.2392101,-0.4620373
161,origin_clean,0,False,-1.8232852,-1.3449979
162,origin_clean,0,False,-1.86756,-1.3075511
163,origin_clean,0,False,-1.3729529,-0.045271978
164,origin_clean,0,False,-2.3542588,0.32629848
165,origin_clean,0,False,-2.5072215,-0.4913302
166,origin_clean,0,False,-2.091454,-1.4859502
167,origin_clean,0,False,-1.8843893,0.5011892
168,origin_clean,0,False,-3.1203938,2.2290869
169,origin_clean,0,False,-2.2273533,-1.039129
170,origin_clean,0,False,-1.7229034,-0.5188285
171,origin_clean,0,False,-2.5700285,-0.24792975
172,origin_clean,0,False,-2.9832559,0.5131496
173,origin_clean,0,False,-1.8021524,-0.42813814
174,origin_clean,0,False,-1.9584845,-1.6491458
175,origin_clean,0,False,-2.245523,-0.8029947
176,origin_clean,0,False,-1.5505244,-0.5686528
177,origin_clean,0,False,-2.8626823,1.0642993
178,origin_clean,0,False,-2.5905511,1.0593715
179,origin_clean,0,False,-2.983489,1.1353351
180,origin_clean,0,False,-2.6712604,0.13347933
181,origin_clean,0,False,-2.8848166,1.3762051
182,origin_clean,0,False,-2.8954258,0.4476266
183,origin_clean,0,False,-2.9360733,1.9713585
184,origin_clean,0,False,-2.098383,-1.0408616
185,origin_clean,0,False,-1.7891729,-1.1285974
186,origin_clean,0,False,-2.4923773,0.068612635
187,origin_clean,0,False,-2.6634872,-0.11980459
188,origin_clean,0,False,-2.1088629,-1.295512
189,origin_clean,0,False,-1.8410251,-1.3187045
190,origin_clean,0,False,-2.5851965,0.18823493
191,origin_clean,0,False,-2.4634976,0.24266697
192,origin_clean,0,False,-2.6077728,0.003929913
193,origin_clean,0,False,-2.653905,0.5576949
194,origin_clean,0,False,-2.9076095,0.42994064
195,origin_clean,0,False,-2.4722826,0.0364978
196,origin_clean,0,False,-2.175519,-0.56445897
197,origin_clean,0,False,-2.9263663,0.7752418
198,origin_clean,0,False,-2.856574,0.43003666
199,origin_clean,0,False,-2.3764553,-0.92968017
200,origin_clean,0,False,-2.4699388,-0.2054911
201,origin_clean,0,False,-2.050899,-0.6002108
202,origin_clean,0,False,-3.2320914,1.6966558
203,origin_clean,0,False,-2.8940542,0.5258424
204,origin_clean,0,False,-2.440618,-0.3385043
205,origin_clean,0,False,-2.4207346,-0.44477624
206,origin_clean,0,False,-3.9341085,3.9556484
207,origin_clean,0,False,-2.6504831,-0.46756005
208,origin_clean,0,False,-2.4525936,0.66007584
209,origin_clean,0,False,-1.9051908,-1.060365
210,origin_clean,0,False,-2.2041893,-0.8301159
211,origin_clean,0,False,-2.0826259,-0.9426366
212,origin_clean,0,False,-1.6807804,-1.4121071
213,origin_clean,0,False,-2.1983871,-0.030933112
214,origin_clean,0,False,-3.0997288,1.8428481
215,origin_clean,0,False,-2.297061,-0.641069
216,origin_clean,0,False,-3.38834,1.8508463
217,origin_clean,0,False,-2.5177715,0.19426675
218,origin_clean,0,False,-2.9382052,1.2460227
219,origin_clean,0,False,-2.5577517,0.47167304
220,origin_clean,0,False,-2.7535388,0.580568
221,origin_clean,0,False,-2.2215753,-1.0174714
222,origin_clean,0,False,-3.1293173,1.1453629
223,origin_clean,0,False,-2.455113,-0.4911533
224,origin_clean,0,False,-1.9856796,-1.2150326
225,origin_clean,0,False,-2.7763429,-0.5316701
226,origin_clean,0,False,-2.4421847,-0.46039787
227,origin_clean,0,False,-3.4248564,2.379601
228,origin_clean,0,False,-2.6717598,0.55157983
229,origin_clean,0,False,-2.3568444,-0.8389398
230,origin_clean,0,False,-2.768306,0.28101647
231,origin_clean,0,False,-1.7939835,-0.9375125
232,origin_clean,0,False,-2.6091719,-0.22229162
233,origin_clean,0,False,-2.6616232,0.44227862
234,origin_clean,0,False,-1.9306828,-1.3179715
235,origin_clean,0,False,-2.1822836,-0.28850567
236,origin_clean,0,False,-2.0913897,-1.4668638
237,origin_clean,0,False,-3.356588,1.7870837
238,origin_clean,0,False,-2.1777902,-1.0275793
239,origin_clean,0,False,-2.1302533,-0.87050015
240,origin_clean,0,False,-2.0486639,0.27252594
241,origin_clean,0,False,-2.2148902,-0.55325437
242,origin_clean,0,False,-2.8901274,1.0144392
243,origin_clean,0,False,-2.364707,0.27841592
244,origin_clean,0,False,-2.2116804,0.44758275
245,origin_clean,0,False,0.3073867,-1.6019301
246,origin_clean,0,False,-2.4871764,-0.49368766
247,origin_clean,0,False,-2.6383224,0.37538284
248,origin_clean,0,False,-3.0895355,1.0033801
249,origin_clean,0,False,-2.5961049,-0.28029242
250,origin_clean,0,False,-1.7421608,-0.9325415
251,origin_clean,0,False,-1.6354623,-1.9905136
252,origin_clean,0,False,-2.4129975,-0.32444423
253,origin_clean,0,False,-3.3137794,1.752825
254,origin_clean,0,False,-2.1849062,-0.43483227
255,origin_clean,0,False,-2.8267646,0.42382187
256,origin_clean,0,False,-2.1647651,-1.44541
257,origin_clean,0,False,-1.7515013,-1.2117074
258,origin_clean,0,False,-2.0112777,-0.30300233
259,origin_clean,0,False,-1.6692008,-1.1051855
260,origin_clean,0,False,-1.8908643,-1.5484061
261,origin_clean,0,False,-2.1066625,-0.54741186
262,origin_clean,0,False,-2.8904219,0.8187028
263,origin_clean,0,False,-2.5388632,1.5867412
264,origin_clean,0,False,-2.5931444,0.79041266
265,origin_clean,0,False,-2.631817,-0.005477965
266,origin_clean,0,False,-2.6016188,0.86210537
267,origin_clean,0,False,-3.8186626,2.7124336
268,origin_clean,0,False,-2.4311442,-0.44614506
269,origin_clean,0,False,-1.948349,-1.5261216
270,origin_clean,0,False,-3.266769,0.92198503
271,origin_clean,0,False,-3.2872713,1.6744374
272,origin_clean,0,False,-2.2834013,0.1407606
273,origin_clean,0,False,-2.839392,0.87159103
274,origin_clean,0,False,-2.2049012,-1.0747732
275,origin_clean,0,False,-2.7659435,-0.03441629
276,origin_clean,0,False,-2.5018065,-0.6135159
277,origin_clean,0,False,-2.0892916,-1.0903258
278,origin_clean,0,False,-2.531446,0.09827864
279,origin_clean,0,False,-2.1159282,-0.88330114
280,origin_clean,0,False,-2.1238952,-1.1960858
281,origin_clean,0,False,-3.347683,1.7447418
282,origin_clean,0,False,-2.6548383,0.43999812
283,origin_clean,0,False,-3.009675,1.0947659
284,origin_clean,0,False,-1.3480207,-0.59865916
285,origin_clean,0,False,-1.9912913,-0.09924711
286,origin_clean,0,False,-2.7596545,0.2647198
287,origin_clean,0,False,-3.922914,3.0069098
288,origin_clean,0,False,-2.154799,-1.3517106
289,origin_clean,0,False,-3.6930408,3.0684845
290,origin_clean,0,False,-2.8579953,0.6251749
291,origin_clean,0,False,-2.7114391,0.7679059
292,origin_clean,0,False,-2.3668666,-0.31376225
293,origin_clean,0,False,-2.06687,-1.3274858
294,origin_clean,0,False,-2.2595525,0.02597335
295,origin_clean,0,False,-2.2845302,-0.5022673
296,origin_clean,0,False,-3.810147,3.4467878
297,origin_clean,0,False,-2.8261666,-0.5858113
298,origin_clean,0,False,-2.8544266,0.65044194
299,origin_clean,0,False,-2.5422404,0.2577445
300,origin_clean,0,False,-1.0665349,-0.79280967
301,origin_clean,0,False,-2.8122153,0.54542786
302,origin_clean,0,False,-0.9879127,-0.099792495
303,origin_clean,0,False,-2.5998769,-0.07510525
304,origin_clean,0,False,-2.9040112,0.392532
305,origin_clean,0,False,-2.119763,-1.0549526
306,origin_clean,0,False,-2.463438,-0.45189285
307,origin_clean,0,False,-3.034511,1.0839992
308,origin_clean,0,False,-2.9063482,0.9669974
309,origin_clean,0,False,-2.1519604,-0.17885488
310,origin_clean,0,False,-2.6825757,0.23481803
311,origin_clean,0,False,-2.8525953,1.1028022
312,origin_clean,0,False,-2.1460528,-0.89493793
313,origin_clean,0,False,-2.7615771,1.7309961
314,origin_clean,0,False,-1.541478,-1.069598
315,origin_clean,0,False,-2.4731026,0.43957973
316,origin_clean,0,False,-2.9542143,0.765545
317,origin_clean,0,False,-2.0752,0.034466326
318,origin_clean,0,False,-2.850163,0.35625088
319,origin_clean,0,False,-2.629228,0.46227187
320,origin_clean,0,False,-1.7093035,-1.4886687
321,origin_clean,0,False,-3.1974442,1.8997258
322,origin_clean,0,False,-1.4805429,-1.1328504
323,origin_clean,0,False,-3.1903346,1.4671317
324,origin_clean,0,False,-3.8365033,3.092362
325,origin_clean,0,False,-2.8310761,0.86290914
326,origin_clean,0,False,-2.4204679,-0.017149448
327,origin_clean,0,False,-2.254193,-0.3725966
328,origin_clean,0,False,-2.3166125,-1.0321599
329,origin_clean,0,False,-2.9574113,0.78664
330,origin_clean,0,False,-3.0615683,1.0878975
331,origin_clean,0,False,-2.394877,0.27600646
332,origin_clean,0,False,-2.0991998,-1.3265915
333,origin_clean,0,False,-2.552525,0.91389126
334,origin_clean,0,False,-3.349484,1.7922835
335,origin_clean,0,False,-2.6825645,0.8516386
336,origin_clean,0,False,-2.7337818,0.77505475
337,origin_clean,0,False,-2.1164477,-1.4386317
338,origin_clean,0,False,-2.22687,0.36203086
339,origin_clean,0,False,-3.0275776,2.0362172
340,origin_clean,0,False,-1.7856443,-2.079092
341,origin_clean,0,False,-2.8354688,1.5712808
342,origin_clean,0,False,-1.9312202,-1.8234255
343,origin_clean,0,False,-2.4738443,0.8082273
344,origin_clean,0,False,-2.360127,0.4602648
345,origin_clean,0,False,-2.8732443,0.848113
346,origin_clean,0,False,-2.0281699,-1.5005236
347,origin_clean,0,False,-2.564765,0.96794224
348,origin_clean,0,False,-3.02099,1.4771507
349,origin_clean,0,False,-3.071415,1.9678893
350,origin_clean,0,False,-1.8718128,-0.0056340396
351,origin_clean,0,False,-2.2110596,-1.3254942
352,origin_clean,0,False,-2.7866094,0.40179855
353,origin_clean,0,False,-2.3763912,0.63242304
354,origin_clean,0,False,-2.4929307,-0.07521549
355,origin_clean,0,False,-3.5219705,1.9701384
356,origin_clean,0,False,-2.8973684,1.9445937
357,origin_clean,0,False,-3.5268838,2.8294182
358,origin_clean,0,False,-2.3161852,-0.35869548
359,origin_clean,0,False,-1.9400654,-0.94800824
360,origin_clean,0,False,-2.388852,-0.6288861
361,origin_clean,0,False,-2.7203877,0.5797132
362,origin_clean,0,False,-1.8038294,-0.94051826
363,origin_clean,0,False,-2.1148417,-0.29454467
364,origin_clean,0,False,-1.5403149,-0.7358966
365,origin_clean,0,False,-2.0504122,-0.32168168
366,origin_clean,0,False,-2.6144748,1.2608981
367,origin_clean,0,False,-2.2561777,-0.8856952
368,origin_clean,0,False,-2.468028,0.13446023
369,origin_clean,0,False,-1.1624644,-0.65376127
370,origin_clean,0,False,-1.9203975,-0.13643813
371,origin_clean,0,False,-2.4483643,0.87782913
372,origin_clean,0,False,-2.7356305,0.17594159
373,origin_clean,0,False,-2.3048158,-1.453026
374,origin_clean,0,False,-2.622067,0.3678294
375,origin_clean,0,False,-1.9575069,-0.71376985
376,origin_clean,0,False,-3.1780388,0.67626244
377,origin_clean,0,False,-2.7903652,0.219845
378,origin_clean,0,False,-3.0724015,0.6222476
379,origin_clean,0,False,-1.6279125,-0.0857286
380,origin_clean,0,False,-2.604293,0.74534357
381,origin_clean,0,False,-2.6141458,1.0532482
382,origin_clean,0,False,-2.208524,-0.45507088
383,origin_clean,0,False,-2.316051,-0.48928556
384,origin_clean,0,False,-3.0780349,1.8288376
385,origin_clean,0,False,-2.61695,1.1971142
386,origin_clean,0,False,-2.8654578,0.7882018
387,origin_clean,1,False,1.0502315,-0.4982642
388,origin_clean,1,False,-0.15492158,-1.1529148
389,origin_clean,1,False,-0.05934298,-0.96232337
390,origin_clean,1,False,-0.47003108,-1.4548781
391,origin_clean,1,False,0.16392829,-1.4000428
392,origin_clean,1,False,0.9809989,-1.366591
393,origin_clean,1,False,-0.48614013,-1.8090465
394,origin_clean,1,False,-1.8580363,-2.2222257
395,origin_clean,1,False,-0.83913994,-1.7335092
396,origin_clean,1,False,2.0010886,-1.1722744
397,origin_clean,1,False,-1.2878814,-1.9562762
398,origin_clean,1,False,-0.71584624,-0.4908257
399,origin_clean,1,False,2.0333867,-0.52970463
400,origin_clean,1,False,0.6848928,-0.9866837
401,origin_clean,1,False,0.4186566,-0.6025485
402,origin_clean,1,False,0.2816978,-1.2793857
403,origin_clean,1,False,-0.06333208,-1.5331776
404,origin_clean,1,False,0.7896476,-0.4609564
405,origin_clean,1,False,-2.2775273,-0.97939897
406,origin_clean,1,False,-1.2795571,-1.9189171
407,origin_clean,1,False,-0.23487361,-1.3852823
408,origin_clean,1,False,0.17046666,-1.1519849
409,origin_clean,1,False,1.155371,-1.065475
410,origin_clean,1,False,-1.1960675,-2.377139
411,origin_clean,1,False,-0.76924586,-1.4645319
412,origin_clean,1,False,-0.46447265,-1.2280986
413,origin_clean,1,False,0.19425227,-1.7357596
414,origin_clean,1,False,-0.28471345,-1.8157499
415,origin_clean,1,False,0.18270195,-0.5973499
416,origin_clean,1,False,-1.6806947,-1.9513214
417,origin_clean,1,False,-1.6191084,-1.3645399
418,origin_clean,1,False,-1.1166542,-1.3849771
419,origin_clean,1,False,0.4938199,-0.28320393
420,origin_clean,1,False,0.32600534,-1.4267387
421,origin_clean,1,False,-0.15680598,-1.4696789
422,origin_clean,1,False,-0.5118605,-0.85791147
423,origin_clean,1,False,-0.38292724,-1.6871567
424,origin_clean,1,False,0.63086975,-1.2132006
425,origin_clean,1,False,-0.74631435,-2.0025067
426,origin_clean,1,False,-1.3683635,-1.672633
427,origin_clean,1,False,-1.5975107,-2.128642
428,origin_clean,1,False,-1.6183677,-2.1691697
429,origin_clean,1,False,-1.439312,-1.1775723
430,origin_clean,1,False,-0.91694885,-0.99805397
431,origin_clean,1,False,-1.5383195,-1.4616055
432,origin_clean,1,False,-1.2899501,-2.230743
433,origin_clean,1,False,-1.3337574,-1.7979951
434,origin_clean,1,False,0.9494811,-0.79996073
435,origin_clean,1,False,0.21209651,-1.2461747
436,origin_clean,1,False,-0.15377098,-1.1000081
437,origin_clean,1,False,-1.5144745,-1.8959272
438,origin_clean,1,False,-0.03860335,-1.5099027
439,origin_clean,1,False,-1.092885,-1.8740835
440,origin_clean,1,False,-1.0030085,-1.6960986
441,origin_clean,1,False,-0.68937176,-2.4902222
442,origin_clean,1,False,1.7331619,-0.7345704
443,origin_clean,1,False,-0.31839544,-1.2505243
444,origin_clean,1,False,-1.1980287,-1.6706334
445,origin_clean,1,False,1.2789412,-0.7972275
446,origin_clean,1,False,-1.147069,-2.065857
447,origin_clean,1,False,-0.3713419,-1.9219203
448,origin_clean,1,False,-0.6733519,-1.4538474
449,origin_clean,1,False,-0.039371,-0.80300355
450,origin_clean,1,False,-0.062392667,-1.2260085
451,origin_clean,1,False,-0.32360858,-1.6590583
452,origin_clean,1,False,-1.2904725,-2.045948
453,origin_clean,1,False,-0.7346885,-1.6252718
454,origin_clean,1,False,-0.67621535,-1.1205795
455,origin_clean,1,False,0.65831184,-0.480541
456,origin_clean,1,False,-0.7970509,-1.3704787
457,origin_clean,1,False,-0.3053869,-1.2140793
458,origin_clean,1,False,-1.3288491,-1.0541198
459,origin_clean,1,False,-0.37691236,-1.5926964
460,origin_clean,1,False,-0.81052464,-0.7710656
461,origin_clean,1,False,-1.519823,-2.0965784
462,origin_clean,1,False,0.55992705,-0.15516588
463,origin_clean,1,False,-0.5750342,-1.158371
464,origin_clean,1,False,1.5318279,-0.9835994
465,origin_clean,1,False,0.16158853,-0.90890634
466,origin_clean,1,False,-1.7709478,-2.326245
467,origin_clean,1,False,-1.221339,-1.6906872
468,origin_clean,1,False,1.5598116,-1.2089942
469,origin_clean,1,False,1.1742251,-1.3322135
470,origin_clean,1,False,-1.4658322,-2.062428
471,origin_clean,1,False,0.16686042,-0.8596188
472,origin_clean,1,False,-0.56066453,-0.9504238
473,origin_clean,1,False,0.6651783,-0.6269499
474,origin_clean,1,False,0.8246231,-0.33656162
475,origin_clean,1,False,-0.56479883,-1.5419996
476,origin_clean,1,False,-0.8784658,-1.5733409
477,origin_clean,1,False,-0.031365633,-1.7821465
478,origin_clean,1,False,-1.8517239,-1.7789416
479,origin_clean,1,False,1.6785669,-1.2839938
480,origin_clean,1,False,0.02815029,-1.7040038
481,origin_clean,1,False,0.66721964,-1.051137
482,origin_clean,1,False,-2.0516562,-1.574404
483,origin_clean,1,False,-0.32171983,-1.374679
484,origin_clean,1,False,-0.66623044,-0.9339957
485,origin_clean,1,False,0.20729151,-1.2496595
486,origin_clean,1,False,-1.3739876,-1.67437
487,origin_clean,1,False,-0.7304774,-1.7502651
488,origin_clean,1,False,0.13126834,-0.95296705
489,origin_clean,1,False,-0.35773265,-1.3947384
490,origin_clean,1,False,0.3949232,-0.33179912
491,origin_clean,1,False,-0.2716313,-1.2347562
492,origin_clean,1,False,0.22644028,-0.53052515
493,origin_clean,1,False,0.28707853,-1.0599648
494,origin_clean,1,False,-0.09676033,-1.6356218
495,origin_clean,1,False,-0.3357611,-1.1638799
496,origin_clean,1,False,1.1878036,-1.1144234
497,origin_clean,1,False,-1.5928876,-1.6153333
498,origin_clean,1,False,0.1856254,-0.4979523
499,origin_clean,1,False,0.6983503,-0.6266124
500,origin_clean,1,False,0.485979,-0.8741858
501,origin_clean,1,False,-1.6937222,-1.5995312
502,origin_clean,1,False,-0.53979754,-1.7301457
503,origin_clean,1,False,-0.2243601,-1.7519026
504,origin_clean,1,False,-0.0017052889,-0.94802105
505,origin_clean,1,False,0.6619818,-0.8369813
506,origin_clean,1,False,-0.6949779,-1.5161822
507,origin_clean,1,False,1.6567525,-0.94843185
508,origin_clean,1,False,-0.43071237,-1.3157004
509,origin_clean,1,False,0.90232104,-0.8061492
510,origin_clean,1,False,-1.3264294,-1.8906181
511,origin_clean,1,False,-0.17950843,-0.31709844
0,origin_poisoned,0,False,2.977633,-0.35637692
1,origin_poisoned,0,False,2.7711182,0.04935485
2,origin_poisoned,0,False,2.0449927,0.76690614
3,origin_poisoned,0,False,2.5693684,0.9845371
4,origin_poisoned,0,False,2.6217632,-0.4106146
5,origin_poisoned,0,False,2.3751318,0.44986033
6,origin_poisoned,0,False,3.4147434,-0.04153526
7,origin_poisoned,0,False,1.8963318,-0.30127442
8,origin_poisoned,0,False,2.4234252,0.7409463
9,origin_poisoned,0,False,2.27512,0.46817416
10,origin_poisoned,0,False,2.8792887,0.4972607
11,origin_poisoned,0,False,4.058531,0.07993674
12,origin_poisoned,0,False,1.2262434,-0.2629543
13,origin_poisoned,0,False,4.469368,1.2501534
14,origin_poisoned,0,False,1.9099293,0.6299353
15,origin_poisoned,0,False,2.9630885,0.40790808
16,origin_poisoned,0,False,4.203628,-0.043967128
17,origin_poisoned,0,False,2.2728307,0.13534167
18,origin_poisoned,0,False,1.8229088,1.0350742
19,origin_poisoned,0,False,3.3482013,-0.16260517
20,origin_poisoned,0,False,3.3689768,0.9492222
21,origin_poisoned,0,False,3.0422978,-0.31897107
22,origin_poisoned,0,False,2.250276,0.048398733
23,origin_poisoned,0,False,2.1685557,0.32578892
24,origin_poisoned,0,False,2.2814567,0.45062923
25,origin_poisoned,0,False,2.9203122,0.20745715
26,origin_poisoned,0,False,3.4915721,-0.20462647
27,origin_poisoned,0,False,3.2682538,-0.076286286
28,origin_poisoned,0,False,2.5141954,-0.08946025
29,origin_poisoned,0,False,2.7936454,0.4368745
30,origin_poisoned,0,False,2.8583517,1.1231718
31,origin_poisoned,0,False,4.0839553,0.49494162
32,origin_poisoned,0,False,3.0934558,0.06268102
33,origin_poisoned,0,False,2.55134,-0.24141663
34,origin_poisoned,0,False,2.2684796,0.28876412
35,origin_poisoned,0,False,3.255488,0.28417367
36,origin_poisoned,0,False,2.7332914,0.11532077
37,origin_poisoned,0,False,2.5120015,-0.24749312
38,origin_poisoned,0,False,2.12469,1.1572654
39,origin_poisoned,0,False,2.7630465,1.3807302
40,origin_poisoned,0,False,3.054149,0.19169438
41,origin_poisoned,0,False,3.1026468,0.2287499
42,origin_poisoned,0,False,3.6207657,0.84704643
43,origin_poisoned,0,False,3.4177823,1.1758535
44,origin_poisoned,0,False,1.6246884,-0.66693854
45,origin_poisoned,0,False,1.6727316,-0.004329473
46,origin_poisoned,0,False,2.58657,0.5012936
47,origin_poisoned,0,False,3.8835056,0.11352378
48,origin_poisoned,0,False,2.5665193,-0.19904009
49,origin_poisoned,0,False,3.6601412,-0.14082265
50,origin_poisoned,0,False,2.0038965,0.0062146187
51,origin_poisoned,0,False,4.12899,0.20536995
52,origin_poisoned,0,False,1.3672547,0.5219695
53,origin_poisoned,0,False,3.2763844,0.072882146
54,origin_poisoned,0,False,2.8699274,-0.17975372
55,origin_poisoned,0,False,2.1049592,0.34145385
56,origin_poisoned,0,False,2.9001212,-0.28307712
57,origin_poisoned,0,False,3.146971,0.016830534
58,origin_poisoned,0,False,3.261415,0.13301545
59,origin_poisoned,0,False,3.303928,0.29015672
60,origin_poisoned,0,False,3.38231,-0.21326914
61,origin_poisoned,0,False,2.6861887,-0.10219568
62,origin_poisoned,0,False,2.108271,-0.17219245
63,origin_poisoned,0,False,2.385695,0.2820753
64,origin_poisoned,0,False,1.9364111,0.49374223
65,origin_poisoned,0,False,2.6784246,0.8932721
66,origin_poisoned,0,False,2.762296,-0.32826197
67,origin_poisoned,0,False,2.6104903,-0.44547343
68,origin_poisoned,0,False,2.5133233,0.12506887
69,origin_poisoned,0,False,2.7513444,0.20032668
70,origin_poisoned,0,False,4.132285,1.0147363
71,origin_poisoned,0,False,2.617607,-0.04826781
72,origin_poisoned,0,False,2.0688567,1.9772102
73,origin_poisoned,0,False,1.7853165,0.31540632
74,origin_poisoned,0,False,4.1084094,0.31395963
75,origin_poisoned,0,False,2.5268974,0.6348564
76,origin_poisoned,0,False,1.613668,1.172962
77,origin_poisoned,0,False,2.4489973,0.42627135
78,origin_poisoned,0,False,2.8600605,-0.20960462
79,origin_poisoned,0,False,2.2360442,0.35001498
80,origin_poisoned,0,False,2.5634804,0.97610354
81,origin_poisoned,0,False,2.4009342,0.98006845
82,origin_poisoned,0,False,1.447251,-0.16715531
83,origin_poisoned,0,False,3.7940326,0.13690174
84,origin_poisoned,0,False,0.7543158,0.34885466
85,origin_poisoned,0,False,2.5066175,0.7186422
86,origin_poisoned,0,False,2.6985664,0.4319289
87,origin_poisoned,0,False,2.3585782,-0.22699171
88,origin_poisoned,0,False,2.770423,0.35094294
89,origin_poisoned,0,False,2.9900835,0.4069034
90,origin_poisoned,0,False,4.481994,-0.02026081
91,origin_poisoned,0,False,2.5383863,-0.025549829
92,origin_poisoned,0,False,4.030917,-0.036769867
93,origin_poisoned,0,False,4.191832,0.48538688
94,origin_poisoned,0,False,3.67306,0.07015574
95,origin_poisoned,0,False,2.1977777,-0.30293372
96,origin_poisoned,0,False,2.7094972,0.73590755
97,origin_poisoned,0,False,2.6612132,0.69120544
98,origin_poisoned,0,False,3.1060889,-0.07589728
99,origin_poisoned,0,False,1.7276638,0.43271303
100,origin_poisoned,0,False,2.439988,-0.28103742
101,origin_poisoned,0,False,4.452274,0.39175344
102,origin_poisoned,0,False,2.3412151,0.27751106
103,origin_poisoned,0,False,2.2009363,2.004039
104,origin_poisoned,0,False,2.178613,0.71437556
105,origin_poisoned,0,False,2.2368498,1.1837254
106,origin_poisoned,0,False,1.9618793,0.19997808
107,origin_poisoned,0,False,2.7837086,-0.1621696
108,origin_poisoned,0,False,3.1276898,0.5625841
109,origin_poisoned,0,False,3.540771,0.19948229
110,origin_poisoned,0,False,3.111984,-0.23930329
111,origin_poisoned,0,False,4.2815385,0.22565955
112,origin_poisoned,0,False,2.6462889,0.35454118
113,origin_poisoned,0,False,3.5156474,-0.38961303
114,origin_poisoned,0,False,1.989751,-0.23294072
115,origin_poisoned,0,False,1.5285726,0.2640146
116,origin_poisoned,0,False,3.7147853,-0.159058
117,origin_poisoned,0,False,2.826027,-0.047787398
118,origin_poisoned,0,False,2.4089556,0.9603268
119,origin_poisoned,0,False,4.4806633,0.8054042
120,origin_poisoned,0,False,2.3792756,0.7977105
121,origin_poisoned,0,False,2.4188008,-0.2397215
122,origin_poisoned,0,False,3.3649898,0.35433447
123,origin_poisoned,0,False,2.8036692,1.1878686
124,origin_poisoned,0,False,2.3722463,-0.08572504
125,origin_poisoned,0,False,1.8905532,0.6133455
126,origin_poisoned,0,False,1.4212625,0.46138063
127,origin_poisoned,0,False,3.3524556,0.15459755
128,origin_poisoned,0,False,2.9065142,0.6293406
129,origin_poisoned,0,False,2.849629,1.1866338
130,origin_poisoned,0,False,1.949866,0.5013757
131,origin_poisoned,0,False,2.8836038,-0.013095319
132,origin_poisoned,0,False,1.8963518,-0.7635939
133,origin_poisoned,0,False,2.269185,0.3402322
134,origin_poisoned,0,False,3.434978,0.051534593
135,origin_poisoned,0,False,2.405589,0.5638941
136,origin_poisoned,0,False,1.9425973,0.5108536
137,origin_poisoned,0,False,0.7907135,0.4240489
138,origin_poisoned,0,False,2.0674744,0.92855006
139,origin_poisoned,0,False,1.3543628,-0.47651887
140,origin_poisoned,0,False,1.9314325,0.919115
141,origin_poisoned,0,False,3.3101702,-0.016992927
142,origin_poisoned,0,False,1.8530949,0.52502215
143,origin_poisoned,0,False,2.226552,0.27990115
144,origin_poisoned,0,False,3.1920545,1.5427548
145,origin_poisoned,0,False,2.9970627,1.0479649
146,origin_poisoned,0,False,3.3221445,-0.3658551
147,origin_poisoned,0,False,2.870287,-0.12171802
148,origin_poisoned,0,False,5.0563474,0.35799676
149,origin_poisoned,0,False,2.50557,0.9525567
150,origin_poisoned,0,False,2.8634574,-0.19479597
151,origin_poisoned,0,False,4.5712295,0.3565325
152,origin_poisoned,0,False,3.382617,1.3757395
153,origin_poisoned,0,False,3.6219664,0.059886962
154,origin_poisoned,0,False,3.581573,-0.13756695
155,origin_poisoned,0,False,2.198491,0.27578372
156,origin_poisoned,0,False,3.3616703,0.032558978
157,origin_poisoned,0,False,1.9252748,0.35078976
158,origin_poisoned,0,False,3.188092,0.51517904
159,origin_poisoned,0,False,2.190034,-0.033987015
160,origin_poisoned,0,False,3.2197375,0.23368147
161,origin_poisoned,0,False,3.850272,0.17837885
162,origin_poisoned,0,False,1.7384354,-0.12626776
163,origin_poisoned,0,False,2.9219422,0.5106074
164,origin_poisoned,0,False,2.2932992,0.3415153
165,origin_poisoned,0,False,3.2868526,0.21962327
166,origin_poisoned,0,False,3.8220162,0.19131947
167,origin_poisoned,0,False,3.382251,0.21868
168,origin_poisoned,0,False,3.0348992,0.7443167
169,origin_poisoned,0,False,1.2366585,-0.5036223
170,origin_poisoned,0,False,2.3543265,0.5182743
171,origin_poisoned,0,False,2.3356977,-0.11002645
172,origin_poisoned,0,False,2.0858083,0.16887817
173,origin_poisoned,0,False,2.1176403,-0.08108881
174,origin_poisoned,0,False,3.4166522,0.4197895
175,origin_poisoned,0,False,2.511985,-0.27026874
176,origin_poisoned,0,False,3.5547538,0.72419244
177,origin_poisoned,0,False,2.816157,0.6955544
178,origin_poisoned,0,False,2.5671008,1.3768218
179,origin_poisoned,0,False,2.8711338,0.28961915
180,origin_poisoned,0,False,1.8713324,-0.2687332
181,origin_poisoned,0,False,3.0631623,0.43345362
182,origin_poisoned,0,False,1.2913169,0.23906143
183,origin_poisoned,0,False,2.3444955,1.0822508
184,origin_poisoned,0,False,3.2168858,0.34384674
185,origin_poisoned,0,False,3.9142451,-0.046908677
186,origin_poisoned,0,False,3.1696553,0.44652367
187,origin_poisoned,0,False,3.701402,0.3632659
188,origin_poisoned,0,False,2.1860669,-0.4178244
189,origin_poisoned,0,False,2.591073,-0.44060746
190,origin_poisoned,0,False,3.0164368,0.7792127
191,origin_poisoned,0,False,2.6445065,0.33974835
192,origin_poisoned,0,False,2.6248085,0.7695101
193,origin_poisoned,0,False,1.7824508,0.73029375
194,origin_poisoned,0,False,3.5575454,0.053285718
195,origin_poisoned,0,False,4.302141,0.15625846
196,origin_poisoned,0,False,3.2853694,0.21464062
197,origin_poisoned,0,False,2.6043215,-0.04056403
198,origin_poisoned,0,False,2.0242832,-0.2848758
199,origin_poisoned,0,False,2.5571544,0.16809526
200,origin_poisoned,0,False,3.4332867,0.06275824
201,origin_poisoned,0,False,2.7756138,-0.08844674
202,origin_poisoned,0,False,2.872253,0.4895122
203,origin_poisoned,0,False,1.9938579,0.28950024
204,origin_poisoned,0,False,2.0842385,0.16664064
205,origin_poisoned,0,False,2.1789398,0.017748207
206,origin_poisoned,0,False,3.0895681,1.116962
207,origin_poisoned,0,False,2.4426854,-0.1264886
208,origin_poisoned,0,False,3.2567396,0.6926538
209,origin_poisoned,0,False,2.4098685,-0.24721083
210,origin_poisoned,0,False,2.4678593,-0.077392906
211,origin_poisoned,0,False,2.3473115,-0.2890314
212,origin_poisoned,0,False,3.8956256,0.07944596
213,origin_poisoned,0,False,3.431571,0.3616269
214,origin_poisoned,0,False,2.3815808,1.156986
215,origin_poisoned,0,False,2.677842,-0.25596488
216,origin_poisoned,0,False,2.4062963,0.8610741
217,origin_poisoned,0,False,2.552434,0.1273239
218,origin_poisoned,0,False,3.4927957,0.55326843
219,origin_poisoned,0,False,3.033995,0.92962176
220,origin_poisoned,0,False,3.2764845,0.15016755
221,origin_poisoned,0,False,1.5965933,-0.6801398
222,origin_poisoned,0,False,2.8892603,0.32968572
223,origin_poisoned,0,False,1.995462,0.0022176504
224,origin_poisoned,0,False,3.5317945,-0.27679685
225,origin_poisoned,0,False,1.6786253,-0.64850694
226,origin_poisoned,0,False,4.327207,0.6232562
227,origin_poisoned,0,False,3.9548116,1.3247838
228,origin_poisoned,0,False,2.9137821,0.9687321
229,origin_poisoned,0,False,0.7642305,-0.58408654
230,origin_poisoned,0,False,1.9622955,0.72935903
231,origin_poisoned,0,False,3.4083257,-0.07872683
232,origin_poisoned,0,False,2.8605428,0.24714133
233,origin_poisoned,0,False,2.0876298,0.317334
234,origin_poisoned,0,False,3.0540493,-0.054194212
235,origin_poisoned,0,False,2.0514932,0.019417733
236,origin_poisoned,0,False,3.6753664,0.26306844
237,origin_poisoned,0,False,2.1687145,0.9252353
238,origin_poisoned,0,False,3.7816002,0.28676492
239,origin_poisoned,0,False,3.0869334,0.0680539
240,origin_poisoned,0,False,3.45395,0.56045365
241,origin_poisoned,0,False,3.9316618,-0.12332508
242,origin_poisoned,0,False,3.139276,0.3411541
243,origin_poisoned,0,False,2.7280507,0.7087314
244,origin_poisoned,0,False,3.2158182,0.38140616
245,origin_poisoned,0,False,5.19073,0.038523138
246,origin_poisoned,0,False,2.6754394,-0.27125254
247,origin_poisoned,0,False,2.9431796,0.20502043
248,origin_poisoned,0,False,2.0507298,0.18446612
249,origin_poisoned,0,False,2.8033183,0.008141905
250,origin_poisoned,0,False,4.867922,0.8939301
251,origin_poisoned,0,False,2.6501474,-0.42352718
252,origin_poisoned,0,False,3.308642,0.17599541
253,origin_poisoned,0,False,0.73353726,1.3107482
254,origin_poisoned,0,False,3.6157467,0.5612354
255,origin_poisoned,0,False,3.6104128,0.8778364
256,origin_poisoned,0,False,1.559952,-0.39552468
257,origin_poisoned,0,False,4.124505,0.28610358
258,origin_poisoned,0,False,2.7232385,0.39153165
259,origin_poisoned,0,False,1.5268878,-0.4596302
260,origin_poisoned,0,False,2.8647704,-0.57188517
261,origin_poisoned,0,False,3.3662925,0.13400245
262,origin_poisoned,0,False,2.0513399,0.15380603
263,origin_poisoned,0,False,3.8243392,0.6592227
264,origin_poisoned,0,False,1.6211654,0.95078444
265,origin_poisoned,0,False,2.9368272,0.2235269
266,origin_poisoned,0,False,1.3411288,0.9582699
267,origin_poisoned,0,False,1.7595026,0.93330276
268,origin_poisoned,0,False,1.9204005,-0.35263187
269,origin_poisoned,0,False,3.0920517,-0.29242977
270,origin_poisoned,0,False,1.0878904,0.465745
271,origin_poisoned,0,False,2.740517,0.538652
272,origin_poisoned,0,False,2.1132443,0.47162604
273,origin_poisoned,0,False,2.691579,0.10181588
274,origin_poisoned,0,False,2.5368838,-0.3818046
275,origin_poisoned,0,False,3.0177984,0.89798224
276,origin_poisoned,0,False,1.2420092,0.041538104
277,origin_poisoned,0,False,3.0013416,-0.19348866
278,origin_poisoned,0,False,1.6432679,0.7743844
279,origin_poisoned,0,False,3.2384121,0.10468984
280,origin_poisoned,0,False,2.649063,-0.36698496
281,origin_poisoned,0,False,1.6806912,0.7539107
282,origin_poisoned,0,False,2.143806,0.21020952
283,origin_poisoned,0,False,1.745569,0.98009217
284,origin_poisoned,0,False,4.0547113,0.9380194
285,origin_poisoned,0,False,3.5140486,0.7554332
286,origin_poisoned,0,False,2.1179998,0.9602524
287,origin_poisoned,0,False,2.6044145,1.2441436
288,origin_poisoned,0,False,2.2666106,-0.5540815
289,origin_poisoned,0,False,2.1597857,1.3632499
290,origin_poisoned,0,False,1.9838423,0.8460379
291,origin_poisoned,0,False,2.0311227,0.11967364
292,origin_poisoned,0,False,3.0726192,0.48028323
293,origin_poisoned,0,False,2.632189,-0.5978267
294,origin_poisoned,0,False,3.9135404,0.6529813
295,origin_poisoned,0,False,2.8248763,0.29707396
296,origin_poisoned,0,False,3.2237267,0.9012115
297,origin_poisoned,0,False,2.2675288,-0.20934007
298,origin_poisoned,0,False,1.9070312,0.23149507
299,origin_poisoned,0,False,2.7755232,0.3801522
300,origin_poisoned,0,False,3.6188166,0.061267406
301,origin_poisoned,0,False,1.7088703,0.24726994
302,origin_poisoned,0,False,3.9133356,0.10077578
303,origin_poisoned,0,False,2.1963668,0.098531485
304,origin_poisoned,0,False,3.2454827,0.3539642
305,origin_poisoned,0,False,4.1899195,0.17752558
306,origin_poisoned,0,False,2.4322696,-0.051841706
307,origin_poisoned,0,False,3.0743225,0.33879706
308,origin_poisoned,0,False,2.53719,0.5501981
309,origin_poisoned,0,False,2.629805,0.3408612
310,origin_poisoned,0,False,3.0303338,0.35744753
311,origin_poisoned,0,False,2.7736487,0.35058507
312,origin_poisoned,0,False,2.5539489,-0.45048043
313,origin_poisoned,0,False,3.3474524,1.1870884
314,origin_poisoned,0,False,4.3798337,0.1784175
315,origin_poisoned,0,False,2.7047515,0.5341611
316,origin_poisoned,0,False,2.274917,0.08359179
317,origin_poisoned,0,False,3.9144258,0.641916
318,origin_poisoned,0,False,2.902992,0.5175366
319,origin_poisoned,0,False,3.0114634,0.10715622
320,origin_poisoned,0,False,3.9076853,0.056606114
321,origin_poisoned,0,False,1.8800881,0.21671523
322,origin_poisoned,0,False,2.95886,-0.053527296
323,origin_poisoned,0,False,1.5916722,0.5715957
324,origin_poisoned,0,False,1.3500316,2.0555906
325,origin_poisoned,0,False,1.2910273,-0.01693137
326,origin_poisoned,0,False,3.6933925,0.36266872
327,origin_poisoned,0,False,3.638696,-0.0614582
328,origin_poisoned,0,False,3.6673625,0.34194455
329,origin_poisoned,0,False,2.7463665,-0.022027344
330,origin_poisoned,0,False,2.8272207,0.21922773
331,origin_poisoned,0,False,3.404883,0.07864609
332,origin_poisoned,0,False,1.6406014,-0.48335195
333,origin_poisoned,0,False,3.1495697,0.4279365
334,origin_poisoned,0,False,1.6578768,0.39497656
335,origin_poisoned,0,False,2.2961679,0.6825624
336,origin_poisoned,0,False,2.6675134,0.32462665
337,origin_poisoned,0,False,2.6520364,-0.3038626
338,origin_poisoned,0,False,3.9469085,0.013656139
339,origin_poisoned,0,False,2.4357846,0.5453981
340,origin_poisoned,0,False,3.5622892,-0.2630148
341,origin_poisoned,0,False,2.0294662,0.47745907
342,origin_poisoned,0,False,3.6904664,0.16189128
343,origin_poisoned,0,False,2.9969814,0.9112902
344,origin_poisoned,0,False,3.8369956,0.36596557
345,origin_poisoned,0,False,2.2814283,0.4133937
346,origin_poisoned,0,False,3.161571,-0.22227335
347,origin_poisoned,0,False,3.0124593,0.49056813
348,origin_poisoned,0,False,2.7896662,0.63195336
349,origin_poisoned,0,False,3.0179555,1.142898
350,origin_poisoned,0,False,3.2540689,0.1941581
351,origin_poisoned,0,False,1.349959,-0.89819527
352,origin_poisoned,0,False,2.7349644,-0.48853597
353,origin_poisoned,0,False,2.3989959,0.949747
354,origin_poisoned,0,False,3.1136792,0.051689178
355,origin_poisoned,0,False,2.2902172,0.59677994
356,origin_poisoned,0,False,3.567324,0.7207876
357,origin_poisoned,0,False,1.7487003,1.3188572
358,origin_poisoned,0,False,2.1777492,0.46715635
359,origin_poisoned,0,False,3.9302874,0.04847747
360,origin_poisoned,0,False,3.6875687,0.2738035
361,origin_poisoned,0,False,2.246753,0.64402336
362,origin_poisoned,0,False,4.070779,0.29099077
363,origin_poisoned,0,False,2.9516568,0.20944273
364,origin_poisoned,0,False,2.5253444,-0.386746
365,origin_poisoned,0,False,2.9246445,-0.1849699
366,origin_poisoned,0,False,2.1873493,0.8230059
367,origin_poisoned,0,False,2.7574477,-0.05135879
368,origin_poisoned,0,False,2.4441009,-0.081362635
369,origin_poisoned,0,False,4.35303,0.38510942
370,origin_poisoned,0,False,3.3067625,-0.08165267
371,origin_poisoned,0,False,3.898451,0.7643533
372,origin_poisoned,0,False,1.7978067,-0.050459594
373,origin_poisoned,0,False,1.6358585,-0.5639069
374,origin_poisoned,0,False,2.8111713,0.30697358
375,origin_poisoned,0,False,2.8999362,0.034057975
376,origin_poisoned,0,False,2.3756118,0.6345145
377,origin_poisoned,0,False,1.6123077,0.9426935
378,origin_poisoned,0,False,3.0206056,0.77790946
379,origin_poisoned,0,False,3.2335243,0.9227838
380,origin_poisoned,0,False,2.7905746,0.5229475
381,origin_poisoned,0,False,3.5028205,1.0280683
382,origin_poisoned,0,False,3.0436583,0.3048922
383,origin_poisoned,0,False,1.9357874,0.122630075
384,origin_poisoned,0,False,2.0438771,0.7430924
385,origin_poisoned,0,False,2.7671585,1.4186724
386,origin_poisoned,0,False,2.4432178,0.34822637
387,origin_poisoned,1,False,4.577953,0.30162823
388,origin_poisoned,1,False,5.1251435,0.4948128
389,origin_poisoned,1,False,5.0823355,0.34272265
390,origin_poisoned,1,False,4.4031963,0.3357214
391,origin_poisoned,1,False,5.0581,0.36762786
392,origin_poisoned,1,False,5.899763,0.5228368
393,origin_poisoned,1,False,4.158628,0.1157155
394,origin_poisoned,1,False,2.4965887,-0.70645016
395,origin_poisoned,1,False,2.3698583,-0.73818684
396,origin_poisoned,1,False,5.767548,0.36172503
397,origin_poisoned,1,False,4.356488,-0.008760452
398,origin_poisoned,1,False,4.799632,0.50420296
399,origin_poisoned,1,False,6.0982895,0.9531019
400,origin_poisoned,1,False,5.732577,0.39153773
401,origin_poisoned,1,False,3.511842,-0.24270388
402,origin_poisoned,1,False,4.894281,0.27893108
403,origin_poisoned,1,False,4.962634,0.3597537
404,origin_poisoned,1,False,5.6665573,0.9228684
405,origin_poisoned,1,False,3.4289823,-0.26188675
406,origin_poisoned,1,False,3.2101004,-0.38149914
407,origin_poisoned,1,False,5.192044,0.29037845
408,origin_poisoned,1,False,2.5888727,-0.3999793
409,origin_poisoned,1,False,5.2675967,0.7135023
410,origin_poisoned,1,False,4.166472,-0.026879847
411,origin_poisoned,1,False,4.696841,0.34709617
412,origin_poisoned,1,False,3.7288857,-0.025081158
413,origin_poisoned,1,False,4.315292,-0.08467567
414,origin_poisoned,1,False,4.573504,-0.02792716
415,origin_poisoned,1,False,3.3132348,-0.15653723
416,origin_poisoned,1,False,2.1906044,-0.58548385
417,origin_poisoned,1,False,2.7356594,-0.15577999
418,origin_poisoned,1,False,3.3676403,-0.23506293
419,origin_poisoned,1,False,5.1562476,0.59035397
420,origin_poisoned,1,False,4.6933928,-0.017175198
421,origin_poisoned,1,False,4.515551,0.15150064
422,origin_poisoned,1,False,5.5286465,0.80918765
423,origin_poisoned,1,False,4.274,0.17591822
424,origin_poisoned,1,False,5.795895,0.4018008
425,origin_poisoned,1,False,4.7080755,-0.024560988
426,origin_poisoned,1,False,1.7184472,-0.99139744
427,origin_poisoned,1,False,2.899999,-0.5712968
428,origin_poisoned,1,False,2.3852162,-0.6530591
429,origin_poisoned,1,False,2.8812835,-0.12691474
430,origin_poisoned,1,False,4.935112,0.36134082
431,origin_poisoned,1,False,1.5935595,-0.54080266
432,origin_poisoned,1,False,4.0680733,-0.25565302
433,origin_poisoned,1,False,2.908175,-0.5107185
434,origin_poisoned,1,False,4.8564568,0.40975878
435,origin_poisoned,1,False,4.248671,0.008185208
436,origin_poisoned,1,False,2.8507538,-0.7047166
437,origin_poisoned,1,False,3.5702977,-0.14445063
438,origin_poisoned,1,False,4.699156,0.05009967
439,origin_poisoned,1,False,3.1312742,-0.563704
440,origin_poisoned,1,False,2.7250676,-0.5800838
441,origin_poisoned,1,False,5.026342,0.0061691403
442,origin_poisoned,1,False,6.634783,1.0394411
443,origin_poisoned,1,False,4.4936504,0.1499896
444,origin_poisoned,1,False,3.035479,-0.33361217
445,origin_poisoned,1,False,5.8151603,0.68470776
446,origin_poisoned,1,False,3.256213,-0.42226037
447,origin_poisoned,1,False,4.657279,0.045732975
448,origin_poisoned,1,False,2.9123747,-0.45656854
449,origin_poisoned,1,False,4.8887625,0.4798763
450,origin_poisoned,1,False,4.886816,0.5463908
451,origin_poisoned,1,False,4.1037283,-0.23004466
452,origin_poisoned,1,False,3.7330074,-0.27313974
453,origin_poisoned,1,False,4.137455,-0.14170244
454,origin_poisoned,1,False,4.735073,0.29452452
455,origin_poisoned,1,False,5.4819393,0.53852177
456,origin_poisoned,1,False,2.765862,-0.37452814
457,origin_poisoned,1,False,4.6288676,0.01797241
458,origin_poisoned,1,False,3.707572,0.31493255
459,origin_poisoned,1,False,3.5779538,-0.38501483
460,origin_poisoned,1,False,4.9274673,0.8706455
461,origin_poisoned,1,False,2.7968454,-0.5874036
462,origin_poisoned,1,False,5.4419894,0.76121294
463,origin_poisoned,1,False,5.298256,0.56773627
464,origin_poisoned,1,False,5.856408,0.46160033
465,origin_poisoned,1,False,2.974278,-0.51816463
466,origin_poisoned,1,False,0.97743905,-1.3803347
467,origin_poisoned,1,False,3.2405825,-0.34204796
468,origin_poisoned,1,False,6.4826913,0.75234574
469,origin_poisoned,1,False,5.747781,0.45572615
470,origin_poisoned,1,False,3.3423615,-0.41298527
471,origin_poisoned,1,False,3.1102078,-0.5525701
472,origin_poisoned,1,False,5.1649685,0.58623576
473,origin_poisoned,1,False,4.8831396,0.59546137
474,origin_poisoned,1,False,5.3321466,0.4791513
475,origin_poisoned,1,False,3.11209,-0.40822583
476,origin_poisoned,1,False,3.7506704,0.16448572
477,origin_poisoned,1,False,6.157865,0.5818874
478,origin_poisoned,1,False,2.641827,-0.15701252
479,origin_poisoned,1,False,6.2109737,0.7087698
480,origin_poisoned,1,False,5.176153,0.33940393
481,origin_poisoned,1,False,5.4867215,0.25502408
482,origin_poisoned,1,False,3.6374772,-0.049141705
483,origin_poisoned,1,False,2.7418454,-0.28887528
484,origin_poisoned,1,False,3.4319258,-0.059125006
485,origin_poisoned,1,False,4.616954,0.21949756
486,origin_poisoned,1,False,3.728652,-0.16077483
487,origin_poisoned,1,False,4.876407,-0.0043308735
488,origin_poisoned,1,False,5.1318913,0.3764907
489,origin_poisoned,1,False,4.8947954,0.48310062
490,origin_poisoned,1,False,4.452949,0.4683608
491,origin_poisoned,1,False,4.5640416,0.18306607
492,origin_poisoned,1,False,4.358092,0.07738882
493,origin_poisoned,1,False,4.4922037,0.34378415
494,origin_poisoned,1,False,5.3792763,0.61031985
495,origin_poisoned,1,False,3.95436,0.11276078
496,origin_poisoned,1,False,5.5956297,0.4168685
497,origin_poisoned,1,False,2.697572,-0.23225722
498,origin_poisoned,1,False,5.41759,0.7792621
499,origin_poisoned,1,False,3.8171697,0.058662325
500,origin_poisoned,1,False,4.798069,0.28144777
501,origin_poisoned,1,False,3.8476005,-0.16323602
502,origin_poisoned,1,False,4.390534,-0.07409364
503,origin_poisoned,1,False,5.283779,0.23508
504,origin_poisoned,1,False,4.9272785,0.49354953
505,origin_poisoned,1,False,4.666571,0.3110976
506,origin_poisoned,1,False,4.5638604,0.004575789
507,origin_poisoned,1,False,5.3130927,0.4760492
508,origin_poisoned,1,False,2.8754883,-0.18169692
509,origin_poisoned,1,False,5.246593,0.457834
510,origin_poisoned,1,False,3.1809585,-0.44343317
511,origin_poisoned,1,False,5.7857122,0.5593513
0,degradation_poisoned,0,False,2.8704138,-0.32235098
1,degradation_poisoned,0,False,2.3481855,-0.03131491
2,degradation_poisoned,0,False,1.8126777,0.7845137
3,degradation_poisoned,0,False,2.196638,1.2075442
4,degradation_poisoned,0,False,2.2019668,-0.41779348
5,degradation_poisoned,0,False,1.9207339,0.5555701
6,degradation_poisoned,0,False,2.8719509,-0.025764108
7,degradation_poisoned,0,False,1.534629,-0.26113978
8,degradation_poisoned,0,False,2.175597,1.0238972
9,degradation_poisoned,0,False,1.9902806,0.67888504
10,degradation_poisoned,0,False,2.6094007,0.67925143
11,degradation_poisoned,0,False,3.8032608,0.055691898
12,degradation_poisoned,0,False,0.96636355,0.065973476
13,degradation_poisoned,0,False,3.9399278,1.2967455
14,degradation_poisoned,0,False,1.4593655,1.04281
15,degradation_poisoned,0,False,2.655134,0.43244827
16,degradation_poisoned,0,False,3.8866258,-0.1122368
17,degradation_poisoned,0,False,1.9515163,0.17466481
18,degradation_poisoned,0,False,1.5545003,1.1217612
19,degradation_poisoned,0,False,3.251725,-0.12433466
20,degradation_poisoned,0,False,2.9934714,0.9095079
21,degradation_poisoned,0,False,2.7191947,-0.2765256
22,degradation_poisoned,0,False,1.7764995,0.058569044
23,degradation_poisoned,0,False,1.7130802,0.3497963
24,degradation_poisoned,0,False,1.9092638,0.26135743
25,degradation_poisoned,0,False,2.5895553,0.3199494
26,degradation_poisoned,0,False,3.037929,-0.21545649
27,degradation_poisoned,0,False,2.8733628,-0.14293915
28,degradation_poisoned,0,False,2.258206,-0.037836522
29,degradation_poisoned,0,False,2.4477296,0.33533895
30,degradation_poisoned,0,False,2.4598756,1.2900181
31,degradation_poisoned,0,False,3.7179677,0.5010182
32,degradation_poisoned,0,False,2.8078594,0.21815348
33,degradation_poisoned,0,False,2.2578197,-0.09112629
34,degradation_poisoned,0,False,1.3904197,0.28682733
35,degradation_poisoned,0,False,3.128584,0.39249265
36,degradation_poisoned,0,False,2.158523,0.12018645
37,degradation_poisoned,0,False,2.1395009,-0.2230678
38,degradation_poisoned,0,False,1.8777875,0.97338307
39,degradation_poisoned,0,False,2.349372,1.521615
40,degradation_poisoned,0,False,2.5541787,0.42857373
41,degradation_poisoned,0,False,2.5251093,0.21789369
42,degradation_poisoned,0,False,3.2238255,0.968838
43,degradation_poisoned,0,False,2.9839082,1.0940008
44,degradation_poisoned,0,False,1.3465201,-0.5298166
45,degradation_poisoned,0,False,1.2461202,0.04521911
46,degradation_poisoned,0,False,2.296988,0.33188444
47,degradation_poisoned,0,False,3.547881,0.105490446
48,degradation_poisoned,0,False,2.3973088,-0.063991874
49,degradation_poisoned,0,False,3.3226612,-0.15124041
50,degradation_poisoned,0,False,1.7537777,-0.04145296
51,degradation_poisoned,0,False,3.6921148,0.15175566
52,degradation_poisoned,0,False,1.2365377,0.74481493
53,degradation_poisoned,0,False,2.8317785,0.34219354
54,degradation_poisoned,0,False,2.4371064,-0.016139358
55,degradation_poisoned,0,False,1.5635208,0.7262232
56,degradation_poisoned,0,False,2.4840684,-0.31103998
57,degradation_poisoned,0,False,2.6894674,0.11476526
58,degradation_poisoned,0,False,2.8689847,0.13024119
59,degradation_poisoned,0,False,2.954889,0.39597934
60,degradation_poisoned,0,False,2.939663,-0.28819942
61,degradation_poisoned,0,False,2.0738964,0.10522632
62,degradation_poisoned,0,False,3.1321158,0.15412375
63,degradation_poisoned,0,False,2.149326,0.3359471
64,degradation_poisoned,0,False,1.3018017,1.1257243
65,degradation_poisoned,0,False,2.3110824,0.94703627
66,degradation_poisoned,0,False,2.2580621,-0.25638074
67,degradation_poisoned,0,False,2.2875478,-0.46154135
68,degradation_poisoned,0,False,2.1042728,0.4111061
69,degradation_poisoned,0,False,2.362917,0.4504314
70,degradation_poisoned,0,False,3.7947812,1.0850145
71,degradation_poisoned,0,False,1.9284645,0.040924877
72,degradation_poisoned,0,False,1.6957762,2.2896836
73,degradation_poisoned,0,False,1.2847736,0.5188829
74,degradation_poisoned,0,False,3.7340026,0.27637392
75,degradation_poisoned,0,False,1.9497745,0.5509241
76,degradation_poisoned,0,False,1.1050413,1.353976
77,degradation_poisoned,0,False,2.073349,0.53645873
78,degradation_poisoned,0,False,2.6906023,-0.01827848
79,degradation_poisoned,0,False,1.872318,0.48691738
80,degradation_poisoned,0,False,2.2387815,1.2053864
81,degradation_poisoned,0,False,1.9131445,1.2049836
82,degradation_poisoned,0,False,0.99543476,0.4044623
83,degradation_poisoned,0,False,3.3566103,0.2321921
84,degradation_poisoned,0,False,0.34440047,0.7458665
85,degradation_poisoned,0,False,1.8307436,0.91774416
86,degradation_poisoned,0,False,2.3512373,0.37037873
87,degradation_poisoned,0,False,1.793894,-0.2053817
88,degradation_poisoned,0,False,2.1632383,0.5688926
89,degradation_poisoned,0,False,2.7999606,0.55825543
90,degradation_poisoned,0,False,3.8135552,0.015238494
91,degradation_poisoned,0,False,2.2779508,0.04278615
92,degradation_poisoned,0,False,3.603335,-0.03431195
93,degradation_poisoned,0,False,3.7162867,0.6424021
94,degradation_poisoned,0,False,3.2225668,-0.08001375
95,degradation_poisoned,0,False,1.5780292,-0.122992784
96,degradation_poisoned,0,False,2.1601171,1.0217637
97,degradation_poisoned,0,False,2.3985696,0.7582192
98,degradation_poisoned,0,False,2.902231,-0.03639701
99,degradation_poisoned,0,False,1.3492365,0.4642154
100,degradation_poisoned,0,False,2.1610053,-0.18249956
101,degradation_poisoned,0,False,3.932855,0.23380846
102,degradation_poisoned,0,False,1.9771056,0.35428762
103,degradation_poisoned,0,False,1.7753458,2.3209896
104,degradation_poisoned,0,False,1.6546888,0.9218153
105,degradation_poisoned,0,False,1.76187,1.2922262
106,degradation_poisoned,0,False,1.3844494,0.17420946
107,degradation_poisoned,0,False,2.3562655,-0.13560525
108,degradation_poisoned,0,False,2.625666,0.7877508
109,degradation_poisoned,0,False,3.2320232,0.21355498
110,degradation_poisoned,0,False,2.860001,-0.21498469
111,degradation_poisoned,0,False,3.7618465,0.19814038
112,degradation_poisoned,0,False,2.0025523,0.56332356
113,degradation_poisoned,0,False,2.7736454,-0.54195744
114,degradation_poisoned,0,False,1.6931828,-0.09416613
115,degradation_poisoned,0,False,1.2415066,0.4358129
116,degradation_poisoned,0,False,3.1460402,-0.19024658
117,degradation_poisoned,0,False,2.1039224,0.32208687
118,degradation_poisoned,0,False,1.9101706,0.9585391
119,degradation_poisoned,0,False,3.9303105,0.50968874
120,degradation_poisoned,0,False,2.1198626,0.8421687
121,degradation_poisoned,0,False,2.0999994,-0.2822099
122,degradation_poisoned,0,False,2.9404533,0.5535461
123,degradation_poisoned,0,False,2.6417897,1.1512127
124,degradation_poisoned,0,False,2.097982,-0.023445398
125,degradation_poisoned,0,False,1.4419887,0.61890244
126,degradation_poisoned,0,False,1.0099472,0.7236267
127,degradation_poisoned,0,False,2.9777184,0.17931142
128,degradation_poisoned,0,False,2.4460626,0.6618974
129,degradation_poisoned,0,False,2.395749,1.2773823
130,degradation_poisoned,0,False,1.5295603,0.36813414
131,degradation_poisoned,0,False,2.6598806,0.0060979724
132,degradation_poisoned,0,False,1.532932,-0.866492
133,degradation_poisoned,0,False,1.9169292,0.72327155
134,degradation_poisoned,0,False,2.9781966,0.39819723
135,degradation_poisoned,0,False,2.1690648,0.6287256
136,degradation_poisoned,0,False,1.5360721,0.75442
137,degradation_poisoned,0,False,0.4996609,0.63966024
138,degradation_poisoned,0,False,1.7782403,1.4848893
139,degradation_poisoned,0,False,1.0128974,-0.33320287
140,degradation_poisoned,0,False,1.6683838,1.1743593
141,degradation_poisoned,0,False,2.763817,0.13004926
142,degradation_poisoned,0,False,1.6710949,0.5594834
143,degradation_poisoned,0,False,1.9618108,0.35156476
144,degradation_poisoned,0,False,2.7566264,1.4764425
145,degradation_poisoned,0,False,2.8225281,1.0459076
146,degradation_poisoned,0,False,3.0185487,-0.3417862
147,degradation_poisoned,0,False,2.5439453,-0.08750391
148,degradation_poisoned,0,False,4.574111,0.33844292
149,degradation_poisoned,0,False,2.050845,1.0465195
150,degradation_poisoned,0,False,2.605609,-0.021633536
151,degradation_poisoned,0,False,4.18036,0.3442891
152,degradation_poisoned,0,False,2.9269762,1.4341192
153,degradation_poisoned,0,False,3.344495,0.17784473
154,degradation_poisoned,0,False,3.2799945,-0.17611736
155,degradation_poisoned,0,False,1.9732307,0.34674653
156,degradation_poisoned,0,False,2.97471,0.053826034
157,degradation_poisoned,0,False,1.4794046,0.7294664
158,degradation_poisoned,0,False,2.970059,0.6937987
159,degradation_poisoned,0,False,1.8426735,-0.08747673
160,degradation_poisoned,0,False,2.6445034,0.5923274
161,degradation_poisoned,0,False,3.0759778,0.063918054
162,degradation_poisoned,0,False,1.2749918,0.170315
163,degradation_poisoned,0,False,2.4404361,0.41594052
164,degradation_poisoned,0,False,1.9534352,0.50544536
165,degradation_poisoned,0,False,2.9074302,0.20221984
166,degradation_poisoned,0,False,3.680553,0.1818648
167,degradation_poisoned,0,False,3.1739473,0.30193034
168,degradation_poisoned,0,False,2.6384928,1.0070443
169,degradation_poisoned,0,False,1.1565183,-0.51342046
170,degradation_poisoned,0,False,1.7613578,0.39474332
171,degradation_poisoned,0,False,2.0276394,-0.031090379
172,degradation_poisoned,0,False,1.8272021,0.2916495
173,degradation_poisoned,0,False,1.9348414,0.054030076
174,degradation_poisoned,0,False,3.1721692,0.36196703
175,degradation_poisoned,0,False,2.1753323,-0.1899818
176,degradation_poisoned,0,False,3.245685,0.8143435
177,degradation_poisoned,0,False,2.3975925,0.6933555
178,degradation_poisoned,0,False,2.3673072,1.3225769
179,degradation_poisoned,0,False,2.594248,0.29290748
180,degradation_poisoned,0,False,1.6038715,-0.17865102
181,degradation_poisoned,0,False,2.820003,0.6855628
182,degradation_poisoned,0,False,0.82325065,0.24611014
183,degradation_poisoned,0,False,2.073804,1.149838
184,degradation_poisoned,0,False,2.85402,0.37762368
185,degradation_poisoned,0,False,3.5346522,0.14136693
186,degradation_poisoned,0,False,2.8439827,0.6118734
187,degradation_poisoned,0,False,3.48298,0.43011862
188,degradation_poisoned,0,False,1.9251841,-0.32706445
189,degradation_poisoned,0,False,2.2947073,-0.31669658
190,degradation_poisoned,0,False,2.7416003,0.71050787
191,degradation_poisoned,0,False,2.0547347,0.48050827
192,degradation_poisoned,0,False,2.2797422,1.0548549
193,degradation_poisoned,0,False,1.4838797,0.8998469
194,degradation_poisoned,0,False,3.0991325,0.10534066
195,degradation_poisoned,0,False,3.6610866,0.38376865
196,degradation_poisoned,0,False,3.0218172,0.3038732
197,degradation_poisoned,0,False,2.3302915,0.031276137
198,degradation_poisoned,0,False,1.7883203,-0.2957046
199,degradation_poisoned,0,False,2.3044033,0.33862728
200,degradation_poisoned,0,False,2.91544,0.09090832
201,degradation_poisoned,0,False,2.5692813,-0.1308465
202,degradation_poisoned,0,False,2.3227098,0.49356517
203,degradation_poisoned,0,False,1.6331644,0.42540485
204,degradation_poisoned,0,False,1.7777393,0.33231848
205,degradation_poisoned,0,False,1.7194715,0.14026609
206,degradation_poisoned,0,False,2.6996496,1.3304193
207,degradation_poisoned,0,False,1.9679852,0.010044605
208,degradation_poisoned,0,False,2.8210652,0.79320353
209,degradation_poisoned,0,False,1.9826388,0.022788614
210,degradation_poisoned,0,False,2.0928123,-0.086122096
211,degradation_poisoned,0,False,1.9325919,-0.08906612
212,degradation_poisoned,0,False,3.3442128,0.023673624
213,degradation_poisoned,0,False,3.0774326,0.31762972
214,degradation_poisoned,0,False,1.8315709,1.1815659
215,degradation_poisoned,0,False,2.2323358,-0.2191043
216,degradation_poisoned,0,False,2.070294,0.8980999
217,degradation_poisoned,0,False,2.0272832,0.27391505
218,degradation_poisoned,0,False,2.9250057,0.70850503
219,degradation_poisoned,0,False,2.5810893,0.99448836
220,degradation_poisoned,0,False,2.9691758,0.14311272
221,degradation_poisoned,0,False,1.3632066,-0.6512513
222,degradation_poisoned,0,False,2.4654317,0.5582209
223,degradation_poisoned,0,False,1.6175491,0.19634748
224,degradation_poisoned,0,False,3.102256,-0.33674604
225,degradation_poisoned,0,False,1.2517046,-0.6336291
226,degradation_poisoned,0,False,3.762811,0.6553336
227,degradation_poisoned,0,False,3.6753998,1.2722335
228,degradation_poisoned,0,False,2.0847716,0.9074316
229,degradation_poisoned,0,False,0.35436907,-0.39206827
230,degradation_poisoned,0,False,1.5975337,1.0520005
231,degradation_poisoned,0,False,2.9969869,-0.09561762
232,degradation_poisoned,0,False,2.6233983,0.32112
233,degradation_poisoned,0,False,1.9223794,0.38299817
234,degradation_poisoned,0,False,2.9003987,0.17216429
235,degradation_poisoned,0,False,1.7396493,0.25086588
236,degradation_poisoned,0,False,3.337618,0.1380606
237,degradation_poisoned,0,False,1.6657352,1.205801
238,degradation_poisoned,0,False,3.4301767,0.43423253
239,degradation_poisoned,0,False,2.7665331,0.20240042
240,degradation_poisoned,0,False,2.9882348,0.53689057
241,degradation_poisoned,0,False,3.187941,-0.343579
242,degradation_poisoned,0,False,2.7253892,0.52470785
243,degradation_poisoned,0,False,2.1474864,0.9462059
244,degradation_poisoned,0,False,2.7435381,0.24564238
245,degradation_poisoned,0,False,4.725004,-0.09634632
246,degradation_poisoned,0,False,2.335145,-0.25088152
247,degradation_poisoned,0,False,2.6253805,0.29299954
248,degradation_poisoned,0,False,1.6263516,0.2930716
249,degradation_poisoned,0,False,2.5716162,0.20809853
250,degradation_poisoned,0,False,4.472721,0.7626264
251,degradation_poisoned,0,False,2.0168788,-0.57246804
252,degradation_poisoned,0,False,2.8199847,0.17881694
253,degradation_poisoned,0,False,1.2669517,1.5629706
254,degradation_poisoned,0,False,2.9440603,0.6663941
255,degradation_poisoned,0,False,3.2848735,0.97490585
256,degradation_poisoned,0,False,1.3544822,-0.41011566
257,degradation_poisoned,0,False,3.609178,0.5070785
258,degradation_poisoned,0,False,2.3063807,0.5714675
259,degradation_poisoned,0,False,1.3092014,-0.25969347
260,degradation_poisoned,0,False,2.3203437,-0.51168185
261,degradation_poisoned,0,False,3.0264962,0.14797014
262,degradation_poisoned,0,False,1.4280605,0.4770446
263,degradation_poisoned,0,False,3.4098911,0.56665826
264,degradation_poisoned,0,False,1.5026736,1.3631139
265,degradation_poisoned,0,False,2.46427,0.367593
266,degradation_poisoned,0,False,0.8703805,1.2571027
267,degradation_poisoned,0,False,1.0924954,1.0322248
268,degradation_poisoned,0,False,1.7005421,-0.31742334
269,degradation_poisoned,0,False,2.8605437,-0.1608206
270,degradation_poisoned,0,False,1.0565101,0.83889943
271,degradation_poisoned,0,False,2.3408127,0.7500454
272,degradation_poisoned,0,False,1.6309781,0.42531598
273,degradation_poisoned,0,False,1.9842496,0.17384405
274,degradation_poisoned,0,False,2.184711,-0.48581123
275,degradation_poisoned,0,False,2.6425238,0.92673296
276,degradation_poisoned,0,False,1.0073938,0.28608075
277,degradation_poisoned,0,False,2.4790635,-0.16684625
278,degradation_poisoned,0,False,1.188028,1.0587627
279,degradation_poisoned,0,False,2.8214507,0.15710866
280,degradation_poisoned,0,False,2.513772,-0.35934943
281,degradation_poisoned,0,False,1.3854065,0.8666744
282,degradation_poisoned,0,False,1.6951244,0.4924123
283,degradation_poisoned,0,False,1.5832765,1.1447719
284,degradation_poisoned,0,False,3.3719914,0.98497134
285,degradation_poisoned,0,False,3.0493045,0.90459085
286,degradation_poisoned,0,False,1.5257728,1.2116649
287,degradation_poisoned,0,False,2.2129846,1.3256464
288,degradation_poisoned,0,False,1.9101863,-0.36715758
289,degradation_poisoned,0,False,1.8512495,1.3277643
290,degradation_poisoned,0,False,1.3840146,1.0820351
291,degradation_poisoned,0,False,1.4351077,0.16604213
292,degradation_poisoned,0,False,2.7700658,0.7260256
293,degradation_poisoned,0,False,2.2701187,-0.53058153
294,degradation_poisoned,0,False,3.3095286,0.4413591
295,degradation_poisoned,0,False,2.5329795,0.25384468
296,degradation_poisoned,0,False,2.9046216,0.924815
297,degradation_poisoned,0,False,1.8931396,-0.25003695
298,degradation_poisoned,0,False,1.5848663,0.11585647
299,degradation_poisoned,0,False,2.153076,0.4432786
300,degradation_poisoned,0,False,3.5707004,0.2297864
301,degradation_poisoned,0,False,1.4173081,0.17798568
302,degradation_poisoned,0,False,3.429017,0.036072075
303,degradation_poisoned,0,False,1.9741249,-0.037352443
304,degradation_poisoned,0,False,2.8705828,0.22783655
305,degradation_poisoned,0,False,3.54962,0.058742553
306,degradation_poisoned,0,False,2.0042696,-0.008343548
307,degradation_poisoned,0,False,2.619273,0.21717697
308,degradation_poisoned,0,False,2.2810874,0.6614067
309,degradation_poisoned,0,False,2.2035413,0.25811726
310,degradation_poisoned,0,False,2.6493177,0.46962404
311,degradation_poisoned,0,False,2.1646643,0.3528316
312,degradation_poisoned,0,False,2.1569,-0.2538173
313,degradation_poisoned,0,False,3.0161433,1.164157
314,degradation_poisoned,0,False,3.9349906,0.15221828
315,degradation_poisoned,0,False,2.1270866,0.7603541
316,degradation_poisoned,0,False,1.804094,0.094390705
317,degradation_poisoned,0,False,3.5541208,0.69980526
318,degradation_poisoned,0,False,2.501929,0.42347354
319,degradation_poisoned,0,False,2.3875065,0.10220632
320,degradation_poisoned,0,False,3.392138,0.17713279
321,degradation_poisoned,0,False,1.54713,0.20156379
322,degradation_poisoned,0,False,2.5528882,0.08250901
323,degradation_poisoned,0,False,1.3736488,0.9563047
324,degradation_poisoned,0,False,0.6780995,2.7107463
325,degradation_poisoned,0,False,1.0376995,0.15596697
326,degradation_poisoned,0,False,3.396855,0.38811567
327,degradation_poisoned,0,False,2.9707062,-0.19379893
328,degradation_poisoned,0,False,3.3759065,0.29705194
329,degradation_poisoned,0,False,2.391264,0.08178988
330,degradation_poisoned,0,False,2.7011256,0.1966779
331,degradation_poisoned,0,False,2.7833447,-0.049301445
332,degradation_poisoned,0,False,1.3912148,-0.48843175
333,degradation_poisoned,0,False,2.797196,0.60632133
334,degradation_poisoned,0,False,1.0899599,0.35972816
335,degradation_poisoned,0,False,2.0026531,0.8284878
336,degradation_poisoned,0,False,2.1638398,0.5672184
337,degradation_poisoned,0,False,2.3736,-0.26990142
338,degradation_poisoned,0,False,3.5640452,0.08370769
339,degradation_poisoned,0,False,2.0138834,0.8600826
340,degradation_poisoned,0,False,3.5984192,-0.21000877
341,degradation_poisoned,0,False,1.7700324,0.633255
342,degradation_poisoned,0,False,3.2249365,0.06685221
343,degradation_poisoned,0,False,3.0904183,1.102452
344,degradation_poisoned,0,False,3.7622907,0.48186958
345,degradation_poisoned,0,False,1.792809,0.5719447
346,degradation_poisoned,0,False,2.6464014,-0.27070802
347,degradation_poisoned,0,False,2.4750156,0.44491583
348,degradation_poisoned,0,False,2.5687723,0.7107087
349,degradation_poisoned,0,False,2.684986,1.1710238
350,degradation_poisoned,0,False,2.9437673,0.12633246
351,degradation_poisoned,0,False,1.0335711,-0.90668136
352,degradation_poisoned,0,False,2.6008418,-0.17951357
353,degradation_poisoned,0,False,2.2005033,1.2615559
354,degradation_poisoned,0,False,2.8720267,0.042326868
355,degradation_poisoned,0,False,1.7670133,0.6472537
356,degradation_poisoned,0,False,3.2253828,0.6797597
357,degradation_poisoned,0,False,1.2175217,1.6864882
358,degradation_poisoned,0,False,1.8047597,0.5174324
359,degradation_poisoned,0,False,3.4408064,-0.08800992
360,degradation_poisoned,0,False,3.2041276,0.29245797
361,degradation_poisoned,0,False,1.7222774,0.91265106
362,degradation_poisoned,0,False,3.5594327,0.530864
363,degradation_poisoned,0,False,2.4375212,0.5116104
364,degradation_poisoned,0,False,2.1520796,-0.28172514
365,degradation_poisoned,0,False,2.2107177,-0.23683782
366,degradation_poisoned,0,False,1.59356,1.0921955
367,degradation_poisoned,0,False,2.4613235,0.075954884
368,degradation_poisoned,0,False,1.8803846,-0.03609419
369,degradation_poisoned,0,False,3.8179638,0.49044785
370,degradation_poisoned,0,False,3.026236,-0.124468595
371,degradation_poisoned,0,False,3.6786542,0.66461825
372,degradation_poisoned,0,False,1.5006385,0.018190548
373,degradation_poisoned,0,False,1.5975559,-0.53814256
374,degradation_poisoned,0,False,2.4585624,0.24407828
375,degradation_poisoned,0,False,2.482329,-0.057317168
376,degradation_poisoned,0,False,1.804447,0.8262398
377,degradation_poisoned,0,False,1.3290571,1.0318322
378,degradation_poisoned,0,False,2.5566633,0.96945626
379,degradation_poisoned,0,False,2.8498275,0.9423285
380,degradation_poisoned,0,False,2.5966375,0.7638224
381,degradation_poisoned,0,False,2.9490242,0.9379702
382,degradation_poisoned,0,False,2.6929908,0.31140622
383,degradation_poisoned,0,False,1.613759,0.47598302
384,degradation_poisoned,0,False,1.9216671,1.1151098
385,degradation_poisoned,0,False,2.6690521,1.3089408
386,degradation_poisoned,0,False,2.0916634,0.39160204
387,degradation_poisoned,1,False,4.325339,0.33502513
388,degradation_poisoned,1,False,4.7689667,0.40329167
389,degradation_poisoned,1,False,4.807755,0.3296198
390,degradation_poisoned,1,False,4.4047074,0.34308797
391,degradation_poisoned,1,False,4.6476946,0.23097652
392,degradation_poisoned,1,False,5.438016,0.3973143
393,degradation_poisoned,1,False,3.8973026,0.022354484
394,degradation_poisoned,1,False,2.4412153,-0.72431356
395,degradation_poisoned,1,False,2.3007908,-0.7484476
396,degradation_poisoned,1,False,5.2873015,0.28987175
397,degradation_poisoned,1,False,4.015855,0.027471364
398,degradation_poisoned,1,False,4.370372,0.5510981
399,degradation_poisoned,1,False,5.7312503,0.8875265
400,degradation_poisoned,1,False,5.511434,0.32071483
401,degradation_poisoned,1,False,3.134497,-0.25800744
402,degradation_poisoned,1,False,4.8839445,0.21518838
403,degradation_poisoned,1,False,4.722904,0.29497302
404,degradation_poisoned,1,False,5.1984644,1.0781484
405,degradation_poisoned,1,False,3.2203517,-0.1477958
406,degradation_poisoned,1,False,3.0286899,-0.4056244
407,degradation_poisoned,1,False,5.068275,0.38016325
408,degradation_poisoned,1,False,2.479536,-0.40889832
409,degradation_poisoned,1,False,4.8564773,0.710334
410,degradation_poisoned,1,False,3.8670664,-0.1648908
411,degradation_poisoned,1,False,4.3502464,0.35999057
412,degradation_poisoned,1,False,3.2106812,-0.12444106
413,degradation_poisoned,1,False,4.209731,0.024508595
414,degradation_poisoned,1,False,4.311359,-0.10741937
415,degradation_poisoned,1,False,2.9021938,-0.112669945
416,degradation_poisoned,1,False,2.0728338,-0.53898096
417,degradation_poisoned,1,False,2.3167675,-0.19920962
418,degradation_poisoned,1,False,2.941154,-0.34869647
419,degradation_poisoned,1,False,5.1258607,0.7667314
420,degradation_poisoned,1,False,4.2583165,-0.10500476
421,degradation_poisoned,1,False,4.332922,0.15088028
422,degradation_poisoned,1,False,5.0343256,0.77646345
423,degradation_poisoned,1,False,3.7309415,-0.010982275
424,degradation_poisoned,1,False,5.543478,0.3547329
425,degradation_poisoned,1,False,4.11917,-0.22170821
426,degradation_poisoned,1,False,1.6535711,-0.8882856
427,degradation_poisoned,1,False,2.6488757,-0.6512617
428,degradation_poisoned,1,False,2.0204937,-0.61194813
429,degradation_poisoned,1,False,2.4658015,-0.045967996
430,degradation_poisoned,1,False,4.770005,0.35122085
431,degradation_poisoned,1,False,1.6711264,-0.53799915
432,degradation_poisoned,1,False,3.778122,-0.3387166
433,degradation_poisoned,1,False,2.6635501,-0.59549296
434,degradation_poisoned,1,False,4.5654955,0.4164565
435,degradation_poisoned,1,False,4.044754,0.025552005
436,degradation_poisoned,1,False,2.6904747,-0.6247624
437,degradation_poisoned,1,False,3.240199,-0.2249839
438,degradation_poisoned,1,False,4.2642617,0.020393193
439,degradation_poisoned,1,False,2.8495061,-0.6332376
440,degradation_poisoned,1,False,2.411011,-0.5876479
441,degradation_poisoned,1,False,4.784422,-0.11340058
442,degradation_poisoned,1,False,6.261033,0.948598
443,degradation_poisoned,1,False,4.0708947,0.076307476
444,degradation_poisoned,1,False,2.7086968,-0.39535075
445,degradation_poisoned,1,False,5.491868,0.6742836
446,degradation_poisoned,1,False,2.8317738,-0.5151986
447,degradation_poisoned,1,False,4.124647,-0.031759143
448,degradation_poisoned,1,False,2.5407357,-0.34927875
449,degradation_poisoned,1,False,4.2584333,0.47137234
450,degradation_poisoned,1,False,4.64956,0.5876727
451,degradation_poisoned,1,False,4.0149,-0.21955308
452,degradation_poisoned,1,False,3.3226485,-0.38608402
453,degradation_poisoned,1,False,4.0614643,-0.07775834
454,degradation_poisoned,1,False,3.8773499,0.025845736
455,degradation_poisoned,1,False,4.941305,0.30286258
456,degradation_poisoned,1,False,2.3960733,-0.4455237
457,degradation_poisoned,1,False,4.3539605,-0.03870654
458,degradation_poisoned,1,False,3.3359551,0.23283869
459,degradation_poisoned,1,False,3.5728178,-0.2901076
460,degradation_poisoned,1,False,4.262928,0.8969333
461,degradation_poisoned,1,False,2.6119378,-0.63425463
462,degradation_poisoned,1,False,4.9999976,0.85399556
463,degradation_poisoned,1,False,5.1690884,0.47096547
464,degradation_poisoned,1,False,5.1015167,0.3051115
465,degradation_poisoned,1,False,3.0050995,-0.41946805
466,degradation_poisoned,1,False,1.020519,-1.3113294
467,degradation_poisoned,1,False,3.35945,-0.22880882
468,degradation_poisoned,1,False,6.092366,0.7074097
469,degradation_poisoned,1,False,5.1745605,0.4110253
470,degradation_poisoned,1,False,2.8979325,-0.4175697
471,degradation_poisoned,1,False,4.374565,0.09936023
472,degradation_poisoned,1,False,4.833712,0.5252929
473,degradation_poisoned,1,False,4.5240707,0.53515375
474,degradation_poisoned,1,False,4.9734364,0.4485204
475,degradation_poisoned,1,False,2.7524405,-0.40646055
476,degradation_poisoned,1,False,3.5357924,0.3264673
477,degradation_poisoned,1,False,5.7192163,0.47191727
478,degradation_poisoned,1,False,2.2165766,-0.29805315
479,degradation_poisoned,1,False,5.809466,0.578596
480,degradation_poisoned,1,False,4.6127462,0.36863136
481,degradation_poisoned,1,False,5.306062,0.32697862
482,degradation_poisoned,1,False,3.593423,-0.10719025
483,degradation_poisoned,1,False,2.452102,-0.2164978
484,degradation_poisoned,1,False,2.8480062,0.25105566
485,degradation_poisoned,1,False,4.2989726,0.22132635
486,degradation_poisoned,1,False,3.2838638,-0.3186666
487,degradation_poisoned,1,False,4.394972,-0.14478764
488,degradation_poisoned,1,False,4.2645736,0.30856434
489,degradation_poisoned,1,False,4.3334055,0.27526417
490,degradation_poisoned,1,False,4.1764426,0.6149491
491,degradation_poisoned,1,False,4.0060425,0.070463955
492,degradation_poisoned,1,False,4.0574956,0.07416597
493,degradation_poisoned,1,False,3.6480365,0.18265793
494,degradation_poisoned,1,False,4.902037,0.5967597
495,degradation_poisoned,1,False,3.6236463,0.016369253
496,degradation_poisoned,1,False,5.275621,0.33684924
497,degradation_poisoned,1,False,2.4625144,-0.17106763
498,degradation_poisoned,1,False,4.9653993,0.82251656
499,degradation_poisoned,1,False,3.7117753,0.14655364
500,degradation_poisoned,1,False,4.2682,0.18903548
501,degradation_poisoned,1,False,3.4705343,-0.23576811
502,degradation_poisoned,1,False,4.316601,-0.11784485
503,degradation_poisoned,1,False,4.863536,0.1667502
504,degradation_poisoned,1,False,4.5639677,0.5905732
505,degradation_poisoned,1,False,4.424312,0.32253808
506,degradation_poisoned,1,False,4.238166,-0.025003135
507,degradation_poisoned,1,False,4.990355,0.5174843
508,degradation_poisoned,1,False,2.8075585,-0.14415407
509,degradation_poisoned,1,False,4.8084407,0.43588224
510,degradation_poisoned,1,False,3.1309633,-0.28479323
511,degradation_poisoned,1,False,5.1421123,0.4125065
0,restoration_poisoned,0,False,-2.1651292,0.16629422
1,restoration_poisoned,0,False,-2.6964803,0.07823345
2,restoration_poisoned,0,False,-3.089671,1.4186598
3,restoration_poisoned,0,False,-3.701981,2.7001822
4,restoration_poisoned,0,False,-2.0665855,-1.1816125
5,restoration_poisoned,0,False,-2.0746112,0.17041183
6,restoration_poisoned,0,False,-2.2759967,-0.12929091
7,restoration_poisoned,0,False,-2.6224856,-0.28435287
8,restoration_poisoned,0,False,-2.1241417,0.25606441
9,restoration_poisoned,0,False,-2.9071772,0.57625765
10,restoration_poisoned,0,False,-2.1871047,-0.34050405
11,restoration_poisoned,0,False,-1.3568509,-0.98676646
12,restoration_poisoned,0,False,-2.3331609,-0.77533257
13,restoration_poisoned,0,False,-1.800003,0.13503423
14,restoration_poisoned,0,False,-3.6548657,2.555041
15,restoration_poisoned,0,False,-2.6182241,0.0848237
16,restoration_poisoned,0,False,-2.1903405,-1.2355775
17,restoration_poisoned,0,False,-2.4984646,-0.11233315
18,restoration_poisoned,0,False,-3.0135636,0.6765495
19,restoration_poisoned,0,False,-2.3534148,-0.6050164
20,restoration_poisoned,0,False,-3.304597,2.0785186
21,restoration_poisoned,0,False,-1.9242355,-1.3059396
22,restoration_poisoned,0,False,-2.475577,-0.3704805
23,restoration_poisoned,0,False,-2.8076224,1.0988868
24,restoration_poisoned,0,False,-2.6709595,0.17388299
25,restoration_poisoned,0,False,-3.0447292,1.1144861
26,restoration_poisoned,0,False,-1.6718438,-1.484761
27,restoration_poisoned,0,False,-2.801793,0.5097183
28,restoration_poisoned,0,False,-3.1320658,0.99040765
29,restoration_poisoned,0,False,-2.9624631,0.6405604
30,restoration_poisoned,0,False,-3.3635266,2.0864022
31,restoration_poisoned,0,False,-2.4092052,0.4235565
32,restoration_poisoned,0,False,-2.2556388,-0.13450244
33,restoration_poisoned,0,False,-2.646944,0.10948175
34,restoration_poisoned,0,False,-2.6579783,-0.78490484
35,restoration_poisoned,0,False,-2.2962277,0.13840929
36,restoration_poisoned,0,False,-3.039668,1.0444254
37,restoration_poisoned,0,False,-2.159196,-1.2685971
38,restoration_poisoned,0,False,-3.4306521,1.5579867
39,restoration_poisoned,0,False,-2.633867,1.4788467
40,restoration_poisoned,0,False,-2.2970135,0.42591846
41,restoration_poisoned,0,False,-2.265747,1.1774237
42,restoration_poisoned,0,False,-3.1874936,2.565134
43,restoration_poisoned,0,False,-2.4601812,0.70671976
44,restoration_poisoned,0,False,-2.2582254,-1.3810203
45,restoration_poisoned,0,False,-2.7301412,0.058894694
46,restoration_poisoned,0,False,-3.205651,1.1205093
47,restoration_poisoned,0,False,-2.3417454,-0.5524632
48,restoration_poisoned,0,False,-2.465358,0.3923516
49,restoration_poisoned,0,False,-1.9705524,-0.008351684
50,restoration_poisoned,0,False,-3.1573246,0.38973236
51,restoration_poisoned,0,False,-2.1056304,-0.6902322
52,restoration_poisoned,0,False,-3.1229124,0.8855083
53,restoration_poisoned,0,False,-2.073746,-0.9505514
54,restoration_poisoned,0,False,-1.9829901,-0.69400746
55,restoration_poisoned,0,False,-3.5629463,2.4475193
56,restoration_poisoned,0,False,-2.2867997,-0.8869149
57,restoration_poisoned,0,False,-2.2914224,0.086076826
58,restoration_poisoned,0,False,-2.1776905,-0.7503074
59,restoration_poisoned,0,False,-2.3663921,-0.59708446
60,restoration_poisoned,0,False,-2.04598,-0.9244176
61,restoration_poisoned,0,False,-2.1240253,-0.63041496
62,restoration_poisoned,0,False,-2.3977914,0.20880446
63,restoration_poisoned,0,False,-2.4061475,-0.047281116
64,restoration_poisoned,0,False,-2.8443844,0.8839611
65,restoration_poisoned,0,False,-3.5334883,2.1843982
66,restoration_poisoned,0,False,-2.63836,-0.06830111
67,restoration_poisoned,0,False,-1.5788417,-1.0372167
68,restoration_poisoned,0,False,-3.2224817,2.022292
69,restoration_poisoned,0,False,-2.324415,0.13350587
70,restoration_poisoned,0,False,-2.8674376,1.7741549
71,restoration_poisoned,0,False,-1.796805,-0.7449673
72,restoration_poisoned,0,False,-3.8141556,2.847427
73,restoration_poisoned,0,False,-3.3481977,1.5738915
74,restoration_poisoned,0,False,-2.329336,0.052834153
75,restoration_poisoned,0,False,-2.8420997,0.7843315
76,restoration_poisoned,0,False,-3.8597069,3.1960049
77,restoration_poisoned,0,False,-2.5547671,0.2629713
78,restoration_poisoned,0,False,-2.3919153,-0.011309922
79,restoration_poisoned,0,False,-3.39286,1.8410449
80,restoration_poisoned,0,False,-2.375946,0.1781541
81,restoration_poisoned,0,False,-3.0878482,1.5137074
82,restoration_poisoned,0,False,-3.167338,1.1287168
83,restoration_poisoned,0,False,-3.1593695,1.6519605
84,restoration_poisoned,0,False,-2.7798264,0.94444996
85,restoration_poisoned,0,False,-2.9618173,0.6480022
86,restoration_poisoned,0,False,-2.5138254,-0.0734531
87,restoration_poisoned,0,False,-2.7907767,0.67603916
88,restoration_poisoned,0,False,-2.7100608,0.044424236
89,restoration_poisoned,0,False,-2.4656215,-0.21886681
90,restoration_poisoned,0,False,-1.4335579,-0.8398763
91,restoration_poisoned,0,False,-2.4615731,-0.307526
92,restoration_poisoned,0,False,-1.773402,-1.0505185
93,restoration_poisoned,0,False,-2.385743,0.033245683
94,restoration_poisoned,0,False,-2.1220515,-1.6557956
95,restoration_poisoned,0,False,-2.2383842,-1.090959
96,restoration_poisoned,0,False,-2.9100726,1.2154471
97,restoration_poisoned,0,False,-2.8311386,2.2100596
98,restoration_poisoned,0,False,-2.4537427,-0.64232415
99,restoration_poisoned,0,False,-2.4499612,-0.5415428
100,restoration_poisoned,0,False,-2.3647232,-1.0432992
101,restoration_poisoned,0,False,-1.7166641,-1.0961957
102,restoration_poisoned,0,False,-2.7380161,0.082143575
103,restoration_poisoned,0,False,-3.7719865,3.2216551
104,restoration_poisoned,0,False,-2.8204408,0.07383776
105,restoration_poisoned,0,False,-3.3463488,1.8846406
106,restoration_poisoned,0,False,-2.827215,0.4354754
107,restoration_poisoned,0,False,-2.628654,0.12371439
108,restoration_poisoned,0,False,-3.2003536,1.6394403
109,restoration_poisoned,0,False,-2.2135603,-0.35315844
110,restoration_poisoned,0,False,-2.6601508,0.10460174
111,restoration_poisoned,0,False,-2.2777739,-0.1701532
112,restoration_poisoned,0,False,-3.2794192,2.3432806
113,restoration_poisoned,0,False,-1.8554808,-1.6210575
114,restoration_poisoned,0,False,-1.9539663,-1.2806389
115,restoration_poisoned,0,False,-3.08645,1.0213983
116,restoration_poisoned,0,False,-1.5465318,-0.5801062
117,restoration_poisoned,0,False,-2.675776,-0.17013535
118,restoration_poisoned,0,False,-2.7851021,0.7987469
119,restoration_poisoned,0,False,-2.1690845,0.68770313
120,restoration_poisoned,0,False,-3.014576,1.3122787
121,restoration_poisoned,0,False,-2.4715276,-0.01629427
122,restoration_poisoned,0,False,-2.6675172,-0.036346287
123,restoration_poisoned,0,False,-2.8913932,1.2508445
124,restoration_poisoned,0,False,-2.403073,-0.38210532
125,restoration_poisoned,0,False,-2.8749878,0.8211225
126,restoration_poisoned,0,False,-3.1126869,0.91022474
127,restoration_poisoned,0,False,-2.7741218,0.554229
128,restoration_poisoned,0,False,-2.9608634,0.9918394
129,restoration_poisoned,0,False,-2.8647053,1.4100474
130,restoration_poisoned,0,False,-2.7970734,0.26311105
131,restoration_poisoned,0,False,-2.946316,0.87773824
132,restoration_poisoned,0,False,-1.6884643,-2.081972
133,restoration_poisoned,0,False,-2.286316,-0.39353174
134,restoration_poisoned,0,False,-2.739128,0.6210498
135,restoration_poisoned,0,False,-2.5155509,0.20234042
136,restoration_poisoned,0,False,-2.9238982,0.8733148
137,restoration_poisoned,0,False,-2.999257,1.0998954
138,restoration_poisoned,0,False,-2.7987177,0.88613373
139,restoration_poisoned,0,False,-2.18991,-1.148024
140,restoration_poisoned,0,False,-2.3658075,0.025259495
141,restoration_poisoned,0,False,-2.0865104,-1.3267529
142,restoration_poisoned,0,False,-3.372849,1.4541225
143,restoration_poisoned,0,False,-2.621933,0.3310684
144,restoration_poisoned,0,False,-3.210286,2.267385
145,restoration_poisoned,0,False,-2.046619,-0.39027613
146,restoration_poisoned,0,False,-1.7327911,-1.756476
147,restoration_poisoned,0,False,-1.8849441,-0.4937794
148,restoration_poisoned,0,False,-1.42191,-0.5536213
149,restoration_poisoned,0,False,-2.7526436,0.09319347
150,restoration_poisoned,0,False,-2.0267332,-0.789696
151,restoration_poisoned,0,False,-1.8086159,-1.9032731
152,restoration_poisoned,0,False,-3.12115,1.395921
153,restoration_poisoned,0,False,-1.6924404,-1.2904913
154,restoration_poisoned,0,False,-2.2100139,-0.15595827
155,restoration_poisoned,0,False,-2.5716295,0.96596366
156,restoration_poisoned,0,False,-1.9526508,-1.2855886
157,restoration_poisoned,0,False,-2.951226,0.64973843
158,restoration_poisoned,0,False,-2.3590598,0.16643973
159,restoration_poisoned,0,False,-2.2332835,-1.0135472
160,restoration_poisoned,0,False,-2.318941,-0.3535391
161,restoration_poisoned,0,False,-1.7515041,-1.4051031
162,restoration_poisoned,0,False,-1.8816525,-1.3940167
163,restoration_poisoned,0,False,-1.8303012,-0.20390813
164,restoration_poisoned,0,False,-2.3372564,0.17310952
165,restoration_poisoned,0,False,-2.5184782,-0.49463195
166,restoration_poisoned,0,False,-2.0865428,-1.5284755
167,restoration_poisoned,0,False,-1.8376379,0.3842398
168,restoration_poisoned,0,False,-3.120767,2.2268848
169,restoration_poisoned,0,False,-2.2628405,-1.0430324
170,restoration_poisoned,0,False,-1.5939267,-0.6054623
171,restoration_poisoned,0,False,-2.5374184,-0.3235
172,restoration_poisoned,0,False,-3.015492,0.56639796
173,restoration_poisoned,0,False,-1.7722363,-0.39471763
174,restoration_poisoned,0,False,-1.9738073,-1.6822424
175,restoration_poisoned,0,False,-2.2213874,-0.9208927
176,restoration_poisoned,0,False,-1.5412455,-0.5821161
177,restoration_poisoned,0,False,-2.8327959,0.979573
178,restoration_poisoned,0,False,-2.6957607,1.1758096
179,restoration_poisoned,0,False,-2.96603,1.0140101
180,restoration_poisoned,0,False,-2.6182847,0.03183213
181,restoration_poisoned,0,False,-2.8252716,1.3289315
182,restoration_poisoned,0,False,-2.8929846,0.4628635
183,restoration_poisoned,0,False,-3.0068107,1.9687622
184,restoration_poisoned,0,False,-2.1064992,-1.0126967
185,restoration_poisoned,0,False,-1.7969729,-1.1676456
186,restoration_poisoned,0,False,-2.4769983,-0.0034682453
187,restoration_poisoned,0,False,-2.6636171,-0.18630366
188,restoration_poisoned,0,False,-2.1101158,-1.323709
189,restoration_poisoned,0,False,-1.8274531,-1.380284
190,restoration_poisoned,0,False,-2.5272346,0.22248146
191,restoration_poisoned,0,False,-2.4313169,0.17828347
192,restoration_poisoned,0,False,-2.5888944,-0.085808605
193,restoration_poisoned,0,False,-2.6564784,0.57709265
194,restoration_poisoned,0,False,-2.8719034,0.35054672
195,restoration_poisoned,0,False,-2.3847485,-0.240215
196,restoration_poisoned,0,False,-2.1815488,-0.59817487
197,restoration_poisoned,0,False,-2.8886242,0.70709026
198,restoration_poisoned,0,False,-2.8284278,0.35353124
199,restoration_poisoned,0,False,-2.3260612,-1.1547967
200,restoration_poisoned,0,False,-2.4417028,-0.26948547
201,restoration_poisoned,0,False,-2.0843124,-0.59598696
202,restoration_poisoned,0,False,-3.1975722,1.6489476
203,restoration_poisoned,0,False,-2.851272,0.46710667
204,restoration_poisoned,0,False,-2.35183,-0.5343477
205,restoration_poisoned,0,False,-2.3070512,-0.5332105
206,restoration_poisoned,0,False,-3.92277,3.8939362
207,restoration_poisoned,0,False,-2.582973,-0.61102915
208,restoration_poisoned,0,False,-2.408774,0.62423766
209,restoration_poisoned,0,False,-1.941375,-1.1675793
210,restoration_poisoned,0,False,-2.178747,-0.95718825
211,restoration_poisoned,0,False,-2.0787466,-0.9842993
212,restoration_poisoned,0,False,-1.6563641,-1.4435204
213,restoration_poisoned,0,False,-2.1370144,-0.08582725
214,restoration_poisoned,0,False,-3.108231,1.8390064
215,restoration_poisoned,0,False,-2.2719357,-0.6855205
216,restoration_poisoned,0,False,-3.429532,1.8974125
217,restoration_poisoned,0,False,-2.497182,0.078392625
218,restoration_poisoned,0,False,-2.859693,1.0810698
219,restoration_poisoned,0,False,-2.5771132,0.49415696
220,restoration_poisoned,0,False,-2.7375815,0.52070594
221,restoration_poisoned,0,False,-2.3525724,-0.8521181
222,restoration_poisoned,0,False,-3.1920724,1.0981874
223,restoration_poisoned,0,False,-2.2965689,-0.9212814
224,restoration_poisoned,0,False,-2.016965,-1.2834063
225,restoration_poisoned,0,False,-2.761259,-0.6023969
226,restoration_poisoned,0,False,-2.404198,-0.59598434
227,restoration_poisoned,0,False,-3.5410538,2.6669662
228,restoration_poisoned,0,False,-2.668842,0.57931256
229,restoration_poisoned,0,False,-2.3488903,-0.8833093
230,restoration_poisoned,0,False,-2.7491934,0.14343038
231,restoration_poisoned,0,False,-1.7580222,-0.9561566
232,restoration_poisoned,0,False,-2.6607742,-0.3046627
233,restoration_poisoned,0,False,-2.6418185,0.3228781
234,restoration_poisoned,0,False,-1.9116688,-1.3493572
235,restoration_poisoned,0,False,-2.160616,-0.33744207
236,restoration_poisoned,0,False,-2.1036034,-1.3582531
237,restoration_poisoned,0,False,-3.2886806,1.5975637
238,restoration_poisoned,0,False,-2.1716726,-1.0704463
239,restoration_poisoned,0,False,-2.1109204,-0.9390908
240,restoration_poisoned,0,False,-1.9954289,0.27018142
241,restoration_poisoned,0,False,-2.13545,-0.47955272
242,restoration_poisoned,0,False,-2.8429573,0.89311874
243,restoration_poisoned,0,False,-2.377585,0.2779302
244,restoration_poisoned,0,False,-1.9927301,0.17802243
245,restoration_poisoned,0,False,0.32654768,-1.6036599
246,restoration_poisoned,0,False,-2.3723516,-0.6991908
247,restoration_poisoned,0,False,-2.639295,0.33246696
248,restoration_poisoned,0,False,-3.0111532,0.754903
249,restoration_poisoned,0,False,-2.577936,-0.3508763
250,restoration_poisoned,0,False,-1.5216038,-1.0830219
251,restoration_poisoned,0,False,-1.5519129,-1.9713391
252,restoration_poisoned,0,False,-2.394553,-0.34057
253,restoration_poisoned,0,False,-3.3981028,1.9416642
254,restoration_poisoned,0,False,-2.1468403,-0.51757735
255,restoration_poisoned,0,False,-2.8434825,0.39349574
256,restoration_poisoned,0,False,-2.183275,-1.4379829
257,restoration_poisoned,0,False,-1.7345201,-1.276962
258,restoration_poisoned,0,False,-2.0899172,-0.42180443
259,restoration_poisoned,0,False,-1.6856596,-1.136523
260,restoration_poisoned,0,False,-1.8699706,-1.5930271
261,restoration_poisoned,0,False,-2.0357065,-0.64008194
262,restoration_poisoned,0,False,-2.8723588,0.745533
263,restoration_poisoned,0,False,-2.553011,1.6512792
264,restoration_poisoned,0,False,-2.5083537,0.66860294
265,restoration_poisoned,0,False,-2.5744665,-0.11540204
266,restoration_poisoned,0,False,-2.6381946,0.82148606
267,restoration_poisoned,0,False,-3.8034573,2.6326816
268,restoration_poisoned,0,False,-2.3760338,-0.5544481
269,restoration_poisoned,0,False,-1.9732387,-1.5632806
270,restoration_poisoned,0,False,-3.2558222,0.854825
271,restoration_poisoned,0,False,-3.2732315,1.6114815
272,restoration_poisoned,0,False,-2.2421503,0.054734737
273,restoration_poisoned,0,False,-2.8633204,0.8190172
274,restoration_poisoned,0,False,-2.2220283,-1.0992457
275,restoration_poisoned,0,False,-2.7812588,-0.08737239
276,restoration_poisoned,0,False,-2.4833724,-0.73410404
277,restoration_poisoned,0,False,-2.105568,-1.0792098
278,restoration_poisoned,0,False,-2.5030081,0.060134828
279,restoration_poisoned,0,False,-2.1128464,-0.92959654
280,restoration_poisoned,0,False,-2.171405,-1.1455945
281,restoration_poisoned,0,False,-3.2427676,1.5307329
282,restoration_poisoned,0,False,-2.6295004,0.2686746
283,restoration_poisoned,0,False,-3.0105195,1.0810776
284,restoration_poisoned,0,False,-1.3159567,-0.5801745
285,restoration_poisoned,0,False,-1.8882099,-0.1803234
286,restoration_poisoned,0,False,-2.7328098,0.17816526
287,restoration_poisoned,0,False,-3.8882337,2.9047437
288,restoration_poisoned,0,False,-2.1322005,-1.4081882
289,restoration_poisoned,0,False,-3.6854973,3.0850554
290,restoration_poisoned,0,False,-2.8366776,0.50857294
291,restoration_poisoned,0,False,-2.7166123,0.70482326
292,restoration_poisoned,0,False,-2.316546,-0.42829174
293,restoration_poisoned,0,False,-2.058279,-1.3532479
294,restoration_poisoned,0,False,-2.2775948,0.02400887
295,restoration_poisoned,0,False,-2.232704,-0.6536962
296,restoration_poisoned,0,False,-3.8053207,3.4760218
297,restoration_poisoned,0,False,-2.8288336,-0.6115299
298,restoration_poisoned,0,False,-2.8309145,0.5900076
299,restoration_poisoned,0,False,-2.477563,0.119938284
300,restoration_poisoned,0,False,-1.0134532,-0.8161097
301,restoration_poisoned,0,False,-2.8744445,0.5953543
302,restoration_poisoned,0,False,-2.4896014,-0.2817554
303,restoration_poisoned,0,False,-2.657069,-0.0050174594
304,restoration_poisoned,0,False,-2.9703488,0.4714637
305,restoration_poisoned,0,False,-2.082598,-1.0587976
306,restoration_poisoned,0,False,-2.4524639,-0.52699274
307,restoration_poisoned,0,False,-2.9653463,0.91109115
308,restoration_poisoned,0,False,-2.9162292,0.9586435
309,restoration_poisoned,0,False,-2.1423573,-0.16232747
310,restoration_poisoned,0,False,-2.690589,0.25371376
311,restoration_poisoned,0,False,-2.7791982,1.0201552
312,restoration_poisoned,0,False,-2.082525,-1.0516564
313,restoration_poisoned,0,False,-2.7342324,1.7144924
314,restoration_poisoned,0,False,-1.5246639,-1.0722144
315,restoration_poisoned,0,False,-2.4662488,0.3248511
316,restoration_poisoned,0,False,-2.9335525,0.64310634
317,restoration_poisoned,0,False,-1.969718,0.033989877
318,restoration_poisoned,0,False,-2.9272847,0.5180324
319,restoration_poisoned,0,False,-2.6139815,0.42100066
320,restoration_poisoned,0,False,-1.7228181,-1.5632969
321,restoration_poisoned,0,False,-3.1894903,1.895776
322,restoration_poisoned,0,False,-1.4681969,-1.1929142
323,restoration_poisoned,0,False,-3.1167545,1.3473994
324,restoration_poisoned,0,False,-3.65729,2.5939634
325,restoration_poisoned,0,False,-2.7603683,0.74335355
326,restoration_poisoned,0,False,-2.4006407,-0.121149465
327,restoration_poisoned,0,False,-2.2274735,-0.29657948
328,restoration_poisoned,0,False,-2.3110025,-1.0581927
329,restoration_poisoned,0,False,-3.0020258,0.87552404
330,restoration_poisoned,0,False,-3.0613906,1.0648171
331,restoration_poisoned,0,False,-2.4198833,0.42486596
332,restoration_poisoned,0,False,-2.10844,-1.3163167
333,restoration_poisoned,0,False,-2.4829597,0.7999741
334,restoration_poisoned,0,False,-3.3161914,1.6699983
335,restoration_poisoned,0,False,-2.652333,0.794155
336,restoration_poisoned,0,False,-2.6455622,0.55433077
337,restoration_poisoned,0,False,-2.092814,-1.484542
338,restoration_poisoned,0,False,-2.0538547,0.12418026
339,restoration_poisoned,0,False,-3.0036445,1.9523115
340,restoration_poisoned,0,False,-1.8048115,-2.032648
341,restoration_poisoned,0,False,-2.8010848,1.4694508
342,restoration_poisoned,0,False,-1.8465896,-1.9097247
343,restoration_poisoned,0,False,-2.4887002,0.8917549
344,restoration_poisoned,0,False,-2.4288173,0.57472134
345,restoration_poisoned,0,False,-2.867287,0.7507245
346,restoration_poisoned,0,False,-2.0102458,-1.4730749
347,restoration_poisoned,0,False,-2.5735033,1.0112276
348,restoration_poisoned,0,False,-2.986266,1.3646268
349,restoration_poisoned,0,False,-3.1021848,2.0821605
350,restoration_poisoned,0,False,-1.9132985,0.07852578
351,restoration_poisoned,0,False,-2.2202277,-1.4197768
352,restoration_poisoned,0,False,-2.7867599,0.36438948
353,restoration_poisoned,0,False,-2.3395562,0.5118454
354,restoration_poisoned,0,False,-2.459164,-0.19804032
355,restoration_poisoned,0,False,-3.447773,1.8162787
356,restoration_poisoned,0,False,-2.876998,1.7964982
357,restoration_poisoned,0,False,-3.4695299,2.6393166
358,restoration_poisoned,0,False,-2.2862887,-0.43468484
359,restoration_poisoned,0,False,-1.9088709,-0.98355687
360,restoration_poisoned,0,False,-2.3771982,-0.73164916
361,restoration_poisoned,0,False,-2.7437646,0.553317
362,restoration_poisoned,0,False,-1.7964525,-1.045918
363,restoration_poisoned,0,False,-2.043114,-0.44745845
364,restoration_poisoned,0,False,-1.5962107,-0.80829775
365,restoration_poisoned,0,False,-2.0773668,-0.32534838
366,restoration_poisoned,0,False,-2.5406325,1.0380486
367,restoration_poisoned,0,False,-2.2594593,-0.9566889
368,restoration_poisoned,0,False,-2.4409838,0.0992865
369,restoration_poisoned,0,False,-1.0868042,-0.88439876
370,restoration_poisoned,0,False,-1.9231305,-0.18705973
371,restoration_poisoned,0,False,-2.4100602,0.8464282
372,restoration_poisoned,0,False,-2.73448,0.17309529
373,restoration_poisoned,0,False,-2.3077831,-1.3602883
374,restoration_poisoned,0,False,-2.611297,0.36851168
375,restoration_poisoned,0,False,-1.9353943,-0.7128819
376,restoration_poisoned,0,False,-3.189555,0.6596538
377,restoration_poisoned,0,False,-2.7623556,0.18544802
378,restoration_poisoned,0,False,-3.0489001,0.5211945
379,restoration_poisoned,0,False,-1.5382143,-0.11814982
380,restoration_poisoned,0,False,-2.5648713,0.5976596
381,restoration_poisoned,0,False,-2.5482378,1.1303512
382,restoration_poisoned,0,False,-2.2411554,-0.44894168
383,restoration_poisoned,0,False,-2.2654576,-0.5850811
384,restoration_poisoned,0,False,-2.9970195,1.6571432
385,restoration_poisoned,0,False,-2.5795424,1.2890013
386,restoration_poisoned,0,False,-2.8261485,0.71578914
387,restoration_poisoned,1,False,1.1307349,-0.5166962
388,restoration_poisoned,1,False,-0.006600082,-1.0884858
389,restoration_poisoned,1,False,-0.15680103,-0.9811139
390,restoration_poisoned,1,False,-0.47900677,-1.41715
391,restoration_poisoned,1,False,0.14044566,-1.4549417
392,restoration_poisoned,1,False,1.0423429,-1.365725
393,restoration_poisoned,1,False,-0.49226248,-1.8189106
394,restoration_poisoned,1,False,-1.8463405,-2.1987717
395,restoration_poisoned,1,False,-0.8189058,-1.7202346
396,restoration_poisoned,1,False,2.0438786,-1.1422323
397,restoration_poisoned,1,False,-1.2975974,-1.9830403
398,restoration_poisoned,1,False,-0.71168655,-0.55006415
399,restoration_poisoned,1,False,2.1812532,-0.50822175
400,restoration_poisoned,1,False,0.86847067,-0.9606005
401,restoration_poisoned,1,False,0.58189,-0.64286363
402,restoration_poisoned,1,False,0.37859836,-1.1596818
403,restoration_poisoned,1,False,-0.11109775,-1.5928661
404,restoration_poisoned,1,False,0.8550242,-0.5188658
405,restoration_poisoned,1,False,-2.219426,-1.131206
406,restoration_poisoned,1,False,-1.3199844,-1.9302701
407,restoration_poisoned,1,False,-0.2753681,-1.4561133
408,restoration_poisoned,1,False,0.24799384,-1.1393042
409,restoration_poisoned,1,False,1.1984924,-1.0855737
410,restoration_poisoned,1,False,-1.1141429,-2.3349514
411,restoration_poisoned,1,False,-0.9066744,-1.5165976
412,restoration_poisoned,1,False,-0.4496723,-1.2729264
413,restoration_poisoned,1,False,0.15813239,-1.7528715
414,restoration_poisoned,1,False,-0.22234112,-1.890323
415,restoration_poisoned,1,False,0.26699835,-0.6956463
416,restoration_poisoned,1,False,-1.7067518,-1.9425311
417,restoration_poisoned,1,False,-1.6405126,-1.3664137
418,restoration_poisoned,1,False,-1.1432942,-1.3608676
419,restoration_poisoned,1,False,0.48260838,-0.42434776
420,restoration_poisoned,1,False,0.25233158,-1.4601967
421,restoration_poisoned,1,False,-0.12823579,-1.4998691
422,restoration_poisoned,1,False,-0.4120234,-0.7175862
423,restoration_poisoned,1,False,-0.36486042,-1.6912129
424,restoration_poisoned,1,False,0.6736358,-1.2301406
425,restoration_poisoned,1,False,-0.51359284,-1.897897
426,restoration_poisoned,1,False,-1.3793901,-1.7056497
427,restoration_poisoned,1,False,-1.558068,-2.138291
428,restoration_poisoned,1,False,-1.8175073,-2.3029084
429,restoration_poisoned,1,False,-1.4263623,-1.2274367
430,restoration_poisoned,1,False,-1.0070283,-1.0311444
431,restoration_poisoned,1,False,-1.5836314,-1.4831679
432,restoration_poisoned,1,False,-1.3695573,-2.2857368
433,restoration_poisoned,1,False,-1.3733429,-1.8232044
434,restoration_poisoned,1,False,0.9928278,-0.83589876
435,restoration_poisoned,1,False,0.20216125,-1.2703434
436,restoration_poisoned,1,False,-0.18733431,-1.1955488
437,restoration_poisoned,1,False,-1.4995395,-1.9088563
438,restoration_poisoned,1,False,-0.055255935,-1.5604337
439,restoration_poisoned,1,False,-1.0602186,-1.8990722
440,restoration_poisoned,1,False,-1.0364577,-1.7403755
441,restoration_poisoned,1,False,-0.69285953,-2.5171146
442,restoration_poisoned,1,False,1.6823075,-0.74640095
443,restoration_poisoned,1,False,-0.2583789,-1.2482501
444,restoration_poisoned,1,False,-1.2236769,-1.7158628
445,restoration_poisoned,1,False,1.4808393,-0.7412994
446,restoration_poisoned,1,False,-1.127893,-2.0527368
447,restoration_poisoned,1,False,-0.37752056,-1.9493122
448,restoration_poisoned,1,False,-0.58368033,-1.4637587
449,restoration_poisoned,1,False,0.0759069,-0.786957
450,restoration_poisoned,1,False,-0.046783537,-1.2076967
451,restoration_poisoned,1,False,-0.3318566,-1.6689855
452,restoration_poisoned,1,False,-1.2922441,-2.0292459
453,restoration_poisoned,1,False,-0.7346743,-1.6580234
454,restoration_poisoned,1,False,-0.5899045,-1.1639824
455,restoration_poisoned,1,False,0.7039255,-0.4726436
456,restoration_poisoned,1,False,-0.75836444,-1.3634284
457,restoration_poisoned,1,False,0.145265,-1.0824221
458,restoration_poisoned,1,False,-1.2915894,-1.0234724
459,restoration_poisoned,1,False,-0.45233834,-1.6152604
460,restoration_poisoned,1,False,-0.5917605,-0.83046746
461,restoration_poisoned,1,False,-1.5304489,-2.093969
462,restoration_poisoned,1,False,0.85501003,-0.23718327
463,restoration_poisoned,1,False,-0.70264137,-1.2580587
464,restoration_poisoned,1,False,1.4950287,-1.0040623
465,restoration_poisoned,1,False,0.07667573,-0.9458175
466,restoration_poisoned,1,False,-1.7910045,-2.3721426
467,restoration_poisoned,1,False,-1.2311008,-1.7874777
468,restoration_poisoned,1,False,1.7277874,-1.1195323
469,restoration_poisoned,1,False,1.2420695,-1.3543177
470,restoration_poisoned,1,False,-1.4796114,-2.0829139
471,restoration_poisoned,1,False,0.11639845,-0.8977405
472,restoration_poisoned,1,False,-0.5142259,-0.9464951
473,restoration_poisoned,1,False,0.7600858,-0.55810994
474,restoration_poisoned,1,False,0.85269076,-0.34829685
475,restoration_poisoned,1,False,-0.60893,-1.5493505
476,restoration_poisoned,1,False,-0.8769641,-1.5768301
477,restoration_poisoned,1,False,-0.045357943,-1.781208
478,restoration_poisoned,1,False,-1.8383446,-1.7709961
479,restoration_poisoned,1,False,1.6168735,-1.2959874
480,restoration_poisoned,1,False,-0.082648575,-1.785462
481,restoration_poisoned,1,False,0.7104806,-1.0378535
482,restoration_poisoned,1,False,-2.0501432,-1.6038362
483,restoration_poisoned,1,False,-0.29550624,-1.355056
484,restoration_poisoned,1,False,-0.55200714,-1.0618004
485,restoration_poisoned,1,False,0.26909977,-1.2813654
486,restoration_poisoned,1,False,-1.2592441,-1.6661601
487,restoration_poisoned,1,False,-0.7511454,-1.7796673
488,restoration_poisoned,1,False,0.13906135,-0.9625119
489,restoration_poisoned,1,False,-0.11869295,-1.22524
490,restoration_poisoned,1,False,0.5511166,-0.33940676
491,restoration_poisoned,1,False,-0.26598978,-1.268224
492,restoration_poisoned,1,False,0.16458338,-0.618551
493,restoration_poisoned,1,False,0.37049568,-1.0430655
494,restoration_poisoned,1,False,0.072720796,-1.5035245
495,restoration_poisoned,1,False,-0.3004346,-1.1636844
496,restoration_poisoned,1,False,1.2111768,-1.1301425
497,restoration_poisoned,1,False,-1.6253248,-1.6682239
498,restoration_poisoned,1,False,0.21150433,-0.5810181
499,restoration_poisoned,1,False,0.7238771,-0.6650895
500,restoration_poisoned,1,False,0.72668916,-0.82202065
501,restoration_poisoned,1,False,-1.6327251,-1.6146826
502,restoration_poisoned,1,False,-0.55768573,-1.7418671
503,restoration_poisoned,1,False,-0.23120382,-1.7576855
504,restoration_poisoned,1,False,0.060134083,-0.94858265
505,restoration_poisoned,1,False,0.6625545,-0.8402401
506,restoration_poisoned,1,False,-0.6985214,-1.5148624
507,restoration_poisoned,1,False,1.7316817,-0.97019804
508,restoration_poisoned,1,False,-0.43423706,-1.3122226
509,restoration_poisoned,1,False,0.8824556,-0.8889592
510,restoration_poisoned,1,False,-1.1981049,-1.9444945
511,restoration_poisoned,1,False,-0.055037692,-0.27103844
0,degradation_restoration_poisoned,0,True,-2.179791,0.18142526
1,degradation_restoration_poisoned,0,True,-2.7038443,0.09039524
2,degradation_restoration_poisoned,0,True,-3.0997977,1.4140737
3,degradation_restoration_poisoned,0,True,-3.7271116,2.7469788
4,degradation_restoration_poisoned,0,True,-2.0643923,-1.1740848
5,degradation_restoration_poisoned,0,True,-2.0168996,0.2751525
6,degradation_restoration_poisoned,0,True,-2.2986271,-0.059613854
7,degradation_restoration_poisoned,0,True,-2.625913,-0.27848595
8,degradation_restoration_poisoned,0,True,-2.1359901,0.31305718
9,degradation_restoration_poisoned,0,True,-2.908259,0.5705204
10,degradation_restoration_poisoned,0,True,-2.227881,-0.26004925
11,degradation_restoration_poisoned,0,True,-1.3945031,-0.98419404
12,degradation_restoration_poisoned,0,True,-2.3387408,-0.77055377
13,degradation_restoration_poisoned,0,True,-1.9999841,0.24455844
14,degradation_restoration_poisoned,0,True,-3.7070742,2.7191954
15,degradation_restoration_poisoned,0,True,-2.6188934,0.0575428
16,degradation_restoration_poisoned,0,True,-2.213088,-1.1986167
17,degradation_restoration_poisoned,0,True,-2.505759,-0.044129103
18,degradation_restoration_poisoned,0,True,-3.009532,0.63355255
19,degradation_restoration_poisoned,0,True,-2.3483472,-0.5941459
20,degradation_restoration_poisoned,0,True,-3.2754426,1.9902557
21,degradation_restoration_poisoned,0,True,-1.9209684,-1.2921579
22,degradation_restoration_poisoned,0,True,-2.468409,-0.40526366
23,degradation_restoration_poisoned,0,True,-2.8049297,1.0785953
24,degradation_restoration_poisoned,0,True,-2.6560972,0.1616731
25,degradation_restoration_poisoned,0,True,-3.056982,1.1701937
26,degradation_restoration_poisoned,0,True,-1.7364838,-1.4200072
27,degradation_restoration_poisoned,0,True,-2.778548,0.5158045
28,degradation_restoration_poisoned,0,True,-3.12586,1.0052826
29,degradation_restoration_poisoned,0,True,-2.9606547,0.63646656
30,degradation_restoration_poisoned,0,True,-3.3562162,2.0991318
31,degradation_restoration_poisoned,0,True,-2.417176,0.40939084
32,degradation_restoration_poisoned,0,True,-2.2643847,-0.102291435
33,degradation_restoration_poisoned,0,True,-2.651069,0.12937137
34,degradation_restoration_poisoned,0,True,-2.6726553,-0.77593213
35,degradation_restoration_poisoned,0,True,-2.2967043,0.102083534
36,degradation_restoration_poisoned,0,True,-3.0248694,1.0743817
37,degradation_restoration_poisoned,0,True,-2.1712086,-1.212643
38,degradation_restoration_poisoned,0,True,-3.424645,1.5297502
39,degradation_restoration_poisoned,0,True,-2.675263,1.5388448
40,degradation_restoration_poisoned,0,True,-2.324778,0.5193237
41,degradation_restoration_poisoned,0,True,-2.2604053,1.174912
42,degradation_restoration_poisoned,0,True,-3.269611,2.6375692
43,degradation_restoration_poisoned,0,True,-2.4966571,0.69342995
44,degradation_restoration_poisoned,0,True,-2.2620564,-1.3792605
45,degradation_restoration_poisoned,0,True,-2.7385592,0.09659454
46,degradation_restoration_poisoned,0,True,-3.167875,0.9768167
47,degradation_restoration_poisoned,0,True,-2.3689766,-0.5157384
48,degradation_restoration_poisoned,0,True,-2.4880376,0.41559106
49,degradation_restoration_poisoned,0,True,-1.9996692,0.012295812
50,degradation_restoration_poisoned,0,True,-3.161892,0.3816988
51,degradation_restoration_poisoned,0,True,-2.078486,-0.6872041
52,degradation_restoration_poisoned,0,True,-3.1224124,0.88342696
53,degradation_restoration_poisoned,0,True,-2.0998402,-0.9158292
54,degradation_restoration_poisoned,0,True,-2.0114245,-0.6907832
55,degradation_restoration_poisoned,0,True,-3.586152,2.5056653
56,degradation_restoration_poisoned,0,True,-2.2861128,-0.8812766
57,degradation_restoration_poisoned,0,True,-2.350115,0.2060376
58,degradation_restoration_poisoned,0,True,-2.2239366,-0.73204356
59,degradation_restoration_poisoned,0,True,-2.4304879,-0.5029545
60,degradation_restoration_poisoned,0,True,-2.0935273,-0.8396308
61,degradation_restoration_poisoned,0,True,-2.2535372,-0.4369877
62,degradation_restoration_poisoned,0,True,-2.3827305,0.2009333
63,degradation_restoration_poisoned,0,True,-2.406568,-0.022438943
64,degradation_restoration_poisoned,0,True,-2.9169068,1.0775554
65,degradation_restoration_poisoned,0,True,-3.5234208,2.1675274
66,degradation_restoration_poisoned,0,True,-2.6485214,-0.016176015
67,degradation_restoration_poisoned,0,True,-1.6195872,-0.96051455
68,degradation_restoration_poisoned,0,True,-3.2398334,2.0527048
69,degradation_restoration_poisoned,0,True,-2.3418536,0.17528969
70,degradation_restoration_poisoned,0,True,-2.87047,1.7536976
71,degradation_restoration_poisoned,0,True,-1.8383644,-0.69706714
72,degradation_restoration_poisoned,0,True,-3.7865696,2.7548692
73,degradation_restoration_poisoned,0,True,-3.3722072,1.6333948
74,degradation_restoration_poisoned,0,True,-2.317575,0.034929335
75,degradation_restoration_poisoned,0,True,-2.8605618,0.8515751
76,degradation_restoration_poisoned,0,True,-3.851791,3.1806436
77,degradation_restoration_poisoned,0,True,-2.5701363,0.32684177
78,degradation_restoration_poisoned,0,True,-2.419849,0.051568687
79,degradation_restoration_poisoned,0,True,-3.4184809,1.913959
80,degradation_restoration_poisoned,0,True,-2.3865862,0.21060076
81,degradation_restoration_poisoned,0,True,-3.1186883,1.6131235
82,degradation_restoration_poisoned,0,True,-3.2070827,1.1941717
83,degradation_restoration_poisoned,0,True,-3.1910195,1.7054088
84,degradation_restoration_poisoned,0,True,-2.7798817,0.95874137
85,degradation_restoration_poisoned,0,True,-2.974251,0.7469995
86,degradation_restoration_poisoned,0,True,-2.5147452,-0.08683756
87,degradation_restoration_poisoned,0,True,-2.8149624,0.71775347
88,degradation_restoration_poisoned,0,True,-2.741293,0.06455681
89,degradation_restoration_poisoned,0,True,-2.4726782,-0.22264226
90,degradation_restoration_poisoned,0,True,-1.4729618,-0.8873439
91,degradation_restoration_poisoned,0,True,-2.4929452,-0.27153236
92,degradation_restoration_poisoned,0,True,-1.7893486,-1.0782965
93,degradation_restoration_poisoned,0,True,-2.3928814,0.04907441
94,degradation_restoration_poisoned,0,True,-2.134236,-1.6562121
95,degradation_restoration_poisoned,0,True,-2.242009,-1.0628347
96,degradation_restoration_poisoned,0,True,-2.8989613,1.1835947
97,degradation_restoration_poisoned,0,True,-2.838392,2.222662
98,degradation_restoration_poisoned,0,True,-2.462638,-0.6439784
99,degradation_restoration_poisoned,0,True,-2.4576468,-0.54245853
100,degradation_restoration_poisoned,0,True,-2.343338,-1.0370432
101,degradation_restoration_poisoned,0,True,-1.7371639,-1.0688956
102,degradation_restoration_poisoned,0,True,-2.7583284,0.11256793
103,degradation_restoration_poisoned,0,True,-3.777166,3.236505
104,degradation_restoration_poisoned,0,True,-2.8367293,0.10532451
105,degradation_restoration_poisoned,0,True,-3.3565207,1.9025323
106,degradation_restoration_poisoned,0,True,-2.849308,0.42632586
107,degradation_restoration_poisoned,0,True,-2.612225,0.12342608
108,degradation_restoration_poisoned,0,True,-3.20609,1.6904913
109,degradation_restoration_poisoned,0,True,-2.211581,-0.36835933
110,degradation_restoration_poisoned,0,True,-2.6505966,0.058116883
111,degradation_restoration_poisoned,0,True,-2.325881,-0.12486592
112,degradation_restoration_poisoned,0,True,-3.2848015,2.3597155
113,degradation_restoration_poisoned,0,True,-1.8698483,-1.6101525
114,degradation_restoration_poisoned,0,True,-1.9546063,-1.2490654
115,degradation_restoration_poisoned,0,True,-3.0988994,1.0614649
116,degradation_restoration_poisoned,0,True,-1.5958897,-0.518724
117,degradation_restoration_poisoned,0,True,-2.6747696,-0.18057033
118,degradation_restoration_poisoned,0,True,-2.7914243,0.85612553
119,degradation_restoration_poisoned,0,True,-2.1547642,0.6873436
120,degradation_restoration_poisoned,0,True,-3.0323153,1.322797
121,degradation_restoration_poisoned,0,True,-2.469812,-0.014299691
122,degradation_restoration_poisoned,0,True,-2.7348347,0.09486002
123,degradation_restoration_poisoned,0,True,-2.8857424,1.2084883
124,degradation_restoration_poisoned,0,True,-2.4197278,-0.3637287
125,degradation_restoration_poisoned,0,True,-2.8726583,0.8201651
126,degradation_restoration_poisoned,0,True,-3.1070511,0.89545554
127,degradation_restoration_poisoned,0,True,-2.773934,0.5835073
128,degradation_restoration_poisoned,0,True,-2.9484744,0.999984
129,degradation_restoration_poisoned,0,True,-2.904109,1.4481027
130,degradation_restoration_poisoned,0,True,-2.8103456,0.26524648
131,degradation_restoration_poisoned,0,True,-2.9534228,0.9034889
132,degradation_restoration_poisoned,0,True,-1.6771762,-2.076216
133,degradation_restoration_poisoned,0,True,-2.2973886,-0.3710553
134,degradation_restoration_poisoned,0,True,-2.7489207,0.63297737
135,degradation_restoration_poisoned,0,True,-2.4906354,0.1898382
136,degradation_restoration_poisoned,0,True,-2.9441423,0.93397975
137,degradation_restoration_poisoned,0,True,-3.0034292,1.1210748
138,degradation_restoration_poisoned,0,True,-2.8907812,1.0145302
139,degradation_restoration_poisoned,0,True,-2.205696,-1.1256192
140,degradation_restoration_poisoned,0,True,-2.4005895,0.11545369
141,degradation_restoration_poisoned,0,True,-2.1039891,-1.2865734
142,degradation_restoration_poisoned,0,True,-3.359704,1.4282691
143,degradation_restoration_poisoned,0,True,-2.6529222,0.3511063
144,degradation_restoration_poisoned,0,True,-3.181148,2.1962507
145,degradation_restoration_poisoned,0,True,-2.0593677,-0.39700904
146,degradation_restoration_poisoned,0,True,-1.8333356,-1.6821077
147,degradation_restoration_poisoned,0,True,-1.8869812,-0.5073741
148,degradation_restoration_poisoned,0,True,-1.4757757,-0.5272643
149,degradation_restoration_poisoned,0,True,-2.7511473,0.10042551
150,degradation_restoration_poisoned,0,True,-2.0691736,-0.7343237
151,degradation_restoration_poisoned,0,True,-1.8341973,-1.857588
152,degradation_restoration_poisoned,0,True,-3.153418,1.4066347
153,degradation_restoration_poisoned,0,True,-1.7303063,-1.1990429
154,degradation_restoration_poisoned,0,True,-2.2492743,-0.15621598
155,degradation_restoration_poisoned,0,True,-2.5878873,1.0174696
156,degradation_restoration_poisoned,0,True,-1.9534671,-1.2696164
157,degradation_restoration_poisoned,0,True,-2.9889789,0.7601947
158,degradation_restoration_poisoned,0,True,-2.381248,0.19914924
159,degradation_restoration_poisoned,0,True,-2.2256944,-1.0226575
160,degradation_restoration_poisoned,0,True,-2.312537,-0.30591697
161,degradation_restoration_poisoned,0,True,-1.82443,-1.3420385
162,degradation_restoration_poisoned,0,True,-1.8776293,-1.3503928
163,degradation_restoration_poisoned,0,True,-1.8384944,-0.20760548
164,degradation_restoration_poisoned,0,True,-2.3470223,0.17048077
165,degradation_restoration_poisoned,0,True,-2.5036826,-0.5199961
166,degradation_restoration_poisoned,0,True,-2.1025229,-1.4732728
167,degradation_restoration_poisoned,0,True,-1.8409791,0.3724138
168,degradation_restoration_poisoned,0,True,-3.1124096,2.2052717
169,degradation_restoration_poisoned,0,True,-2.2621233,-1.0485116
170,degradation_restoration_poisoned,0,True,-1.5570333,-0.66843927
171,degradation_restoration_poisoned,0,True,-2.5829954,-0.23962839
172,degradation_restoration_poisoned,0,True,-3.0139194,0.608099
173,degradation_restoration_poisoned,0,True,-1.7959155,-0.35659236
174,degradation_restoration_poisoned,0,True,-1.944773,-1.7300204
175,degradation_restoration_poisoned,0,True,-2.2407196,-0.86935925
176,degradation_restoration_poisoned,0,True,-1.5587796,-0.5903066
177,degradation_restoration_poisoned,0,True,-2.8532114,1.0415392
178,degradation_restoration_poisoned,0,True,-2.71619,1.2037961
179,degradation_restoration_poisoned,0,True,-2.9634418,1.0112201
180,degradation_restoration_poisoned,0,True,-2.6269329,0.06255862
181,degradation_restoration_poisoned,0,True,-2.8670788,1.387056
182,degradation_restoration_poisoned,0,True,-2.8912265,0.46756488
183,degradation_restoration_poisoned,0,True,-2.9921124,1.9418095
184,degradation_restoration_poisoned,0,True,-2.111592,-1.0226398
185,degradation_restoration_poisoned,0,True,-1.8071395,-1.1650391
186,degradation_restoration_poisoned,0,True,-2.4912179,0.004889637
187,degradation_restoration_poisoned,0,True,-2.6924522,-0.14586312
188,degradation_restoration_poisoned,0,True,-2.116686,-1.3299428
189,degradation_restoration_poisoned,0,True,-1.8414146,-1.3546656
190,degradation_restoration_poisoned,0,True,-2.5105267,0.19472101
191,degradation_restoration_poisoned,0,True,-2.4854982,0.25064898
192,degradation_restoration_poisoned,0,True,-2.575475,-0.15224257
193,degradation_restoration_poisoned,0,True,-2.6669848,0.5952723
194,degradation_restoration_poisoned,0,True,-2.9051175,0.39265603
195,degradation_restoration_poisoned,0,True,-2.422792,-0.19925268
196,degradation_restoration_poisoned,0,True,-2.1957796,-0.5772046
197,degradation_restoration_poisoned,0,True,-2.9019945,0.7212513
198,degradation_restoration_poisoned,0,True,-2.8345609,0.34779477
199,degradation_restoration_poisoned,0,True,-2.3286119,-1.1721077
200,degradation_restoration_poisoned,0,True,-2.4861948,-0.17930591
201,degradation_restoration_poisoned,0,True,-2.0532048,-0.6868163
202,degradation_restoration_poisoned,0,True,-3.2263756,1.73124
203,degradation_restoration_poisoned,0,True,-2.8445957,0.46533865
204,degradation_restoration_poisoned,0,True,-2.3815234,-0.50228745
205,degradation_restoration_poisoned,0,True,-2.2639673,-0.5620231
206,degradation_restoration_poisoned,0,True,-3.9272678,3.9017992
207,degradation_restoration_poisoned,0,True,-2.597032,-0.5851076
208,degradation_restoration_poisoned,0,True,-2.4100664,0.6169088
209,degradation_restoration_poisoned,0,True,-1.9268019,-1.1307459
210,degradation_restoration_poisoned,0,True,-2.1835992,-0.96706724
211,degradation_restoration_poisoned,0,True,-2.0983555,-0.935266
212,degradation_restoration_poisoned,0,True,-1.6755941,-1.4411178
213,degradation_restoration_poisoned,0,True,-2.1674318,-0.06228365
214,degradation_restoration_poisoned,0,True,-3.1092293,1.8333869
215,degradation_restoration_poisoned,0,True,-2.2647421,-0.698528
216,degradation_restoration_poisoned,0,True,-3.4128351,1.854564
217,degradation_restoration_poisoned,0,True,-2.5432782,0.14249927
218,degradation_restoration_poisoned,0,True,-2.8721776,1.093928
219,degradation_restoration_poisoned,0,True,-2.568498,0.45696622
220,degradation_restoration_poisoned,0,True,-2.7556844,0.5767285
221,degradation_restoration_poisoned,0,True,-2.341313,-0.8691708
222,degradation_restoration_poisoned,0,True,-3.199388,1.1410729
223,degradation_restoration_poisoned,0,True,-2.2746217,-0.9823313
224,degradation_restoration_poisoned,0,True,-2.0087452,-1.2510712
225,degradation_restoration_poisoned,0,True,-2.7902832,-0.56298834
226,degradation_restoration_poisoned,0,True,-2.4055767,-0.59325194
227,degradation_restoration_poisoned,0,True,-3.5363631,2.630863
228,degradation_restoration_poisoned,0,True,-2.695734,0.5622544
229,degradation_restoration_poisoned,0,True,-2.3382416,-0.9034254
230,degradation_restoration_poisoned,0,True,-2.7431111,0.11606681
231,degradation_restoration_poisoned,0,True,-1.7659583,-0.92871493
232,degradation_restoration_poisoned,0,True,-2.6723201,-0.30812067
233,degradation_restoration_poisoned,0,True,-2.657132,0.33140397
234,degradation_restoration_poisoned,0,True,-1.9182619,-1.3352597
235,degradation_restoration_poisoned,0,True,-2.2054222,-0.2980746
236,degradation_restoration_poisoned,0,True,-2.1164105,-1.3231269
237,degradation_restoration_poisoned,0,True,-3.3046973,1.6548665
238,degradation_restoration_poisoned,0,True,-2.1767645,-1.0662496
239,degradation_restoration_poisoned,0,True,-2.1272333,-0.91549754
240,degradation_restoration_poisoned,0,True,-2.0297465,0.1899911
241,degradation_restoration_poisoned,0,True,-2.1321943,-0.53358084
242,degradation_restoration_poisoned,0,True,-2.8670306,0.9381595
243,degradation_restoration_poisoned,0,True,-2.4211822,0.29682988
244,degradation_restoration_poisoned,0,True,-2.0070126,0.16431297
245,degradation_restoration_poisoned,0,True,0.20339055,-1.6345725
246,degradation_restoration_poisoned,0,True,-2.4016736,-0.6852295
247,degradation_restoration_poisoned,0,True,-2.6640227,0.37549937
248,degradation_restoration_poisoned,0,True,-3.0041838,0.7262138
249,degradation_restoration_poisoned,0,True,-2.5942774,-0.32985923
250,degradation_restoration_poisoned,0,True,-1.5409313,-1.0530257
251,degradation_restoration_poisoned,0,True,-1.5846914,-1.983557
252,degradation_restoration_poisoned,0,True,-2.4195404,-0.35047996
253,degradation_restoration_poisoned,0,True,-3.4077084,1.945575
254,degradation_restoration_poisoned,0,True,-2.186512,-0.52289253
255,degradation_restoration_poisoned,0,True,-2.8598762,0.4309091
256,degradation_restoration_poisoned,0,True,-2.185385,-1.4197272
257,degradation_restoration_poisoned,0,True,-1.7478187,-1.2550862
258,degradation_restoration_poisoned,0,True,-2.0763967,-0.36963174
259,degradation_restoration_poisoned,0,True,-1.692837,-1.1197906
260,degradation_restoration_poisoned,0,True,-1.8887291,-1.5660434
261,degradation_restoration_poisoned,0,True,-2.0586948,-0.6021774
262,degradation_restoration_poisoned,0,True,-2.875191,0.7452083
263,degradation_restoration_poisoned,0,True,-2.5411258,1.5181212
264,degradation_restoration_poisoned,0,True,-2.5773559,0.77324057
265,degradation_restoration_poisoned,0,True,-2.5849109,-0.08942032
266,degradation_restoration_poisoned,0,True,-2.6926904,0.9069922
267,degradation_restoration_poisoned,0,True,-3.8316994,2.732354
268,degradation_restoration_poisoned,0,True,-2.40736,-0.49531192
269,degradation_restoration_poisoned,0,True,-1.969025,-1.5228293
270,degradation_restoration_poisoned,0,True,-3.2489872,0.84613377
271,degradation_restoration_poisoned,0,True,-3.2527084,1.6114585
272,degradation_restoration_poisoned,0,True,-2.3029234,0.094230086
273,degradation_restoration_poisoned,0,True,-2.8423743,0.79148114
274,degradation_restoration_poisoned,0,True,-2.2239022,-1.0867755
275,degradation_restoration_poisoned,0,True,-2.7747588,-0.08205852
276,degradation_restoration_poisoned,0,True,-2.4719436,-0.7796939
277,degradation_restoration_poisoned,0,True,-2.113108,-1.0823666
278,degradation_restoration_poisoned,0,True,-2.5241556,0.044320434
279,degradation_restoration_poisoned,0,True,-2.1540122,-0.84855974
280,degradation_restoration_poisoned,0,True,-2.1526031,-1.1689194
281,degradation_restoration_poisoned,0,True,-3.2518148,1.5567796
282,degradation_restoration_poisoned,0,True,-2.6781108,0.3779865
283,degradation_restoration_poisoned,0,True,-3.0092874,1.0637681
284,degradation_restoration_poisoned,0,True,-1.2528087,-0.5111452
285,degradation_restoration_poisoned,0,True,-1.9350146,-0.10658808
286,degradation_restoration_poisoned,0,True,-2.7455425,0.21371958
287,degradation_restoration_poisoned,0,True,-3.9133673,3.0129542
288,degradation_restoration_poisoned,0,True,-2.1395822,-1.3814014
289,degradation_restoration_poisoned,0,True,-3.686236,3.063826
290,degradation_restoration_poisoned,0,True,-2.8820066,0.5733562
291,degradation_restoration_poisoned,0,True,-2.699824,0.713485
292,degradation_restoration_poisoned,0,True,-2.3545942,-0.34810942
293,degradation_restoration_poisoned,0,True,-2.0726,-1.3144234
294,degradation_restoration_poisoned,0,True,-2.3123798,-0.057326645
295,degradation_restoration_poisoned,0,True,-2.273013,-0.5947169
296,degradation_restoration_poisoned,0,True,-3.8135257,3.4437628
297,degradation_restoration_poisoned,0,True,-2.8300405,-0.6052447
298,degradation_restoration_poisoned,0,True,-2.8327005,0.57420385
299,degradation_restoration_poisoned,0,True,-2.4884617,0.14963618
300,degradation_restoration_poisoned,0,True,-1.0443801,-0.8247366
301,degradation_restoration_poisoned,0,True,-2.872075,0.6011611
302,degradation_restoration_poisoned,0,True,-2.4249737,-0.29772434
303,degradation_restoration_poisoned,0,True,-2.6475592,-0.03968957
304,degradation_restoration_poisoned,0,True,-2.9620047,0.45949394
305,degradation_restoration_poisoned,0,True,-2.1040688,-1.061779
306,degradation_restoration_poisoned,0,True,-2.4545894,-0.51887006
307,degradation_restoration_poisoned,0,True,-2.9770966,0.9404529
308,degradation_restoration_poisoned,0,True,-2.9095654,0.9359179
309,degradation_restoration_poisoned,0,True,-2.1398396,-0.1475281
310,degradation_restoration_poisoned,0,True,-2.6856356,0.24094874
311,degradation_restoration_poisoned,0,True,-2.797545,1.0036769
312,degradation_restoration_poisoned,0,True,-2.109657,-0.9959339
313,degradation_restoration_poisoned,0,True,-2.7362027,1.7197506
314,degradation_restoration_poisoned,0,True,-1.5218763,-1.0956286
315,degradation_restoration_poisoned,0,True,-2.4891133,0.40389532
316,degradation_restoration_poisoned,0,True,-2.9485807,0.6951121
317,degradation_restoration_poisoned,0,True,-1.9845325,0.045299917
318,degradation_restoration_poisoned,0,True,-2.9445462,0.52624017
319,degradation_restoration_poisoned,0,True,-2.646717,0.45485407
320,degradation_restoration_poisoned,0,True,-1.724715,-1.5608182
321,degradation_restoration_poisoned,0,True,-3.189415,1.8790474
322,degradation_restoration_poisoned,0,True,-1.489992,-1.1511614
323,degradation_restoration_poisoned,0,True,-3.1197326,1.3684591
324,degradation_restoration_poisoned,0,True,-3.695471,2.7029502
325,degradation_restoration_poisoned,0,True,-2.8182702,0.8510657
326,degradation_restoration_poisoned,0,True,-2.399992,-0.1066283
327,degradation_restoration_poisoned,0,True,-2.2421916,-0.32737017
328,degradation_restoration_poisoned,0,True,-2.3195527,-1.031626
329,degradation_restoration_poisoned,0,True,-2.9959886,0.8642938
330,degradation_restoration_poisoned,0,True,-3.0484715,1.0507426
331,degradation_restoration_poisoned,0,True,-2.3776264,0.5242744
332,degradation_restoration_poisoned,0,True,-2.1103554,-1.3166552
333,degradation_restoration_poisoned,0,True,-2.5589478,0.8766527
334,degradation_restoration_poisoned,0,True,-3.30871,1.6800144
335,degradation_restoration_poisoned,0,True,-2.660037,0.8198512
336,degradation_restoration_poisoned,0,True,-2.7228045,0.73618996
337,degradation_restoration_poisoned,0,True,-2.1156363,-1.4520214
338,degradation_restoration_poisoned,0,True,-2.1157503,0.22423516
339,degradation_restoration_poisoned,0,True,-3.0351994,1.9945116
340,degradation_restoration_poisoned,0,True,-1.801342,-2.0498085
341,degradation_restoration_poisoned,0,True,-2.832076,1.5511806
342,degradation_restoration_poisoned,0,True,-1.8627744,-1.9062414
343,degradation_restoration_poisoned,0,True,-2.478298,0.79203826
344,degradation_restoration_poisoned,0,True,-2.456143,0.5831573
345,degradation_restoration_poisoned,0,True,-2.8700383,0.7562981
346,degradation_restoration_poisoned,0,True,-2.0555568,-1.5033481
347,degradation_restoration_poisoned,0,True,-2.5591552,0.96239614
348,degradation_restoration_poisoned,0,True,-3.0179303,1.395629
349,degradation_restoration_poisoned,0,True,-3.0616367,1.9208441
350,degradation_restoration_poisoned,0,True,-1.9429064,0.08704105
351,degradation_restoration_poisoned,0,True,-2.229135,-1.4328446
352,degradation_restoration_poisoned,0,True,-2.7625394,0.3267588
353,degradation_restoration_poisoned,0,True,-2.4019475,0.6119946
354,degradation_restoration_poisoned,0,True,-2.4731958,-0.15281218
355,degradation_restoration_poisoned,0,True,-3.4454522,1.8178533
356,degradation_restoration_poisoned,0,True,-2.9289513,1.9801162
357,degradation_restoration_poisoned,0,True,-3.48818,2.658327
358,degradation_restoration_poisoned,0,True,-2.2884736,-0.42742592
359,degradation_restoration_poisoned,0,True,-1.9148257,-0.9715322
360,degradation_restoration_poisoned,0,True,-2.3957787,-0.68754756
361,degradation_restoration_poisoned,0,True,-2.744798,0.5793606
362,degradation_restoration_poisoned,0,True,-1.812681,-1.0157485
363,degradation_restoration_poisoned,0,True,-2.091863,-0.35784763
364,degradation_restoration_poisoned,0,True,-1.5971953,-0.7656955
365,degradation_restoration_poisoned,0,True,-2.0322752,-0.35688782
366,degradation_restoration_poisoned,0,True,-2.5769823,1.1158056
367,degradation_restoration_poisoned,0,True,-2.256609,-0.98139834
368,degradation_restoration_poisoned,0,True,-2.4911342,0.14174281
369,degradation_restoration_poisoned,0,True,-1.101902,-0.8677127
370,degradation_restoration_poisoned,0,True,-1.9235077,-0.19730844
371,degradation_restoration_poisoned,0,True,-2.3732815,0.6488121
372,degradation_restoration_poisoned,0,True,-2.751966,0.19694689
373,degradation_restoration_poisoned,0,True,-2.296141,-1.3875637
374,degradation_restoration_poisoned,0,True,-2.609344,0.33776256
375,degradation_restoration_poisoned,0,True,-1.9218416,-0.779249
376,degradation_restoration_poisoned,0,True,-3.1956577,0.649691
377,degradation_restoration_poisoned,0,True,-2.7549703,0.17129225
378,degradation_restoration_poisoned,0,True,-3.0444157,0.52819455
379,degradation_restoration_poisoned,0,True,-1.6003397,-0.10869089
380,degradation_restoration_poisoned,0,True,-2.6212575,0.74195725
381,degradation_restoration_poisoned,0,True,-2.534009,1.0890989
382,degradation_restoration_poisoned,0,True,-2.2217941,-0.4380166
383,degradation_restoration_poisoned,0,True,-2.2843447,-0.56267995
384,degradation_restoration_poisoned,0,True,-3.0644138,1.8094665
385,degradation_restoration_poisoned,0,True,-2.611072,1.3368787
386,degradation_restoration_poisoned,0,True,-2.8672993,0.75620544
387,degradation_restoration_poisoned,1,True,1.0855339,-0.5028997
388,degradation_restoration_poisoned,1,True,-0.025982082,-1.0955694
389,degradation_restoration_poisoned,1,True,-0.047181338,-0.989628
390,degradation_restoration_poisoned,1,True,-0.45210576,-1.4197533
391,degradation_restoration_poisoned,1,True,0.121919185,-1.5119743
392,degradation_restoration_poisoned,1,True,0.9932295,-1.368855
393,degradation_restoration_poisoned,1,True,-0.47696912,-1.8517358
394,degradation_restoration_poisoned,1,True,-1.848975,-2.200088
395,degradation_restoration_poisoned,1,True,-0.8452359,-1.7228597
396,degradation_restoration_poisoned,1,True,2.0775816,-1.1376853
397,degradation_restoration_poisoned,1,True,-1.3064895,-1.9755696
398,degradation_restoration_poisoned,1,True,-0.6810371,-0.5274568
399,degradation_restoration_poisoned,1,True,2.0276725,-0.54443073
400,degradation_restoration_poisoned,1,True,0.6848242,-1.0292258
401,degradation_restoration_poisoned,1,True,0.567893,-0.6378766
402,degradation_restoration_poisoned,1,True,0.20864363,-1.343295
403,degradation_restoration_poisoned,1,True,-0.11910477,-1.5725322
404,degradation_restoration_poisoned,1,True,0.8053033,-0.47664046
405,degradation_restoration_poisoned,1,True,-2.2567577,-1.0950992
406,degradation_restoration_poisoned,1,True,-1.3295271,-1.9249699
407,degradation_restoration_poisoned,1,True,-0.2675022,-1.3960621
408,degradation_restoration_poisoned,1,True,0.25765875,-1.1297063
409,degradation_restoration_poisoned,1,True,1.1876651,-1.0874822
410,degradation_restoration_poisoned,1,True,-1.1613473,-2.356747
411,degradation_restoration_poisoned,1,True,-0.8381734,-1.5122119
412,degradation_restoration_poisoned,1,True,-0.5117375,-1.2756729
413,degradation_restoration_poisoned,1,True,0.14989121,-1.7518277
414,degradation_restoration_poisoned,1,True,-0.27848944,-1.9112861
415,degradation_restoration_poisoned,1,True,0.21989647,-0.6728593
416,degradation_restoration_poisoned,1,True,-1.7022325,-1.9380784
417,degradation_restoration_poisoned,1,True,-1.6593571,-1.3765291
418,degradation_restoration_poisoned,1,True,-1.1519203,-1.3703814
419,degradation_restoration_poisoned,1,True,0.47841704,-0.32049298
420,degradation_restoration_poisoned,1,True,0.37496147,-1.4339633
421,degradation_restoration_poisoned,1,True,-0.13815497,-1.482878
422,degradation_restoration_poisoned,1,True,-0.45866978,-0.7440091
423,degradation_restoration_poisoned,1,True,-0.34877163,-1.7100815
424,degradation_restoration_poisoned,1,True,0.58758754,-1.2298601
425,degradation_restoration_poisoned,1,True,-0.5706948,-1.9075594
426,degradation_restoration_poisoned,1,True,-1.4045501,-1.7218876
427,degradation_restoration_poisoned,1,True,-1.5524814,-2.1421115
428,degradation_restoration_poisoned,1,True,-1.8262026,-2.2852302
429,degradation_restoration_poisoned,1,True,-1.3946496,-1.2042229
430,degradation_restoration_poisoned,1,True,-0.9662985,-1.0690438
431,degradation_restoration_poisoned,1,True,-1.5802548,-1.4770684
432,degradation_restoration_poisoned,1,True,-1.3702581,-2.2848
433,degradation_restoration_poisoned,1,True,-1.3740414,-1.8309464
434,degradation_restoration_poisoned,1,True,0.9372564,-0.8487101
435,degradation_restoration_poisoned,1,True,0.1822994,-1.2610306
436,degradation_restoration_poisoned,1,True,-0.21766806,-1.190215
437,degradation_restoration_poisoned,1,True,-1.503214,-1.9020125
438,degradation_restoration_poisoned,1,True,-0.057319656,-1.544053
439,degradation_restoration_poisoned,1,True,-1.0543368,-1.888999
440,degradation_restoration_poisoned,1,True,-1.0320045,-1.7520325
441,degradation_restoration_poisoned,1,True,-0.67322934,-2.5045247
442,degradation_restoration_poisoned,1,True,1.6754103,-0.7576
443,degradation_restoration_poisoned,1,True,-0.28583452,-1.2544296
444,degradation_restoration_poisoned,1,True,-1.2467542,-1.7024455
445,degradation_restoration_poisoned,1,True,1.4446262,-0.7208401
446,degradation_restoration_poisoned,1,True,-1.1255481,-2.041761
447,degradation_restoration_poisoned,1,True,-0.41250318,-1.9353933
448,degradation_restoration_poisoned,1,True,-0.5833984,-1.4612324
449,degradation_restoration_poisoned,1,True,-0.043572664,-0.8018685
450,degradation_restoration_poisoned,1,True,-0.041827276,-1.1983752
451,degradation_restoration_poisoned,1,True,-0.36275542,-1.6773288
452,degradation_restoration_poisoned,1,True,-1.3015445,-2.041727
453,degradation_restoration_poisoned,1,True,-0.721417,-1.6536877
454,degradation_restoration_poisoned,1,True,-0.63394976,-1.1658387
455,degradation_restoration_poisoned,1,True,0.7583421,-0.48992312
456,degradation_restoration_poisoned,1,True,-0.77501273,-1.3627396
457,degradation_restoration_poisoned,1,True,0.14917925,-1.0893484
458,degradation_restoration_poisoned,1,True,-1.3124473,-1.0501518
459,degradation_restoration_poisoned,1,True,-0.4504497,-1.6049671
460,degradation_restoration_poisoned,1,True,-0.62969565,-0.79245174
461,degradation_restoration_poisoned,1,True,-1.5094336,-2.0931087
462,degradation_restoration_poisoned,1,True,0.9727058,-0.23973316
463,degradation_restoration_poisoned,1,True,-0.64559263,-1.2034271
464,degradation_restoration_poisoned,1,True,1.4345348,-1.002348
465,degradation_restoration_poisoned,1,True,0.11240557,-0.9216118
466,degradation_restoration_poisoned,1,True,-1.8018943,-2.3967237
467,degradation_restoration_poisoned,1,True,-1.2405998,-1.7878892
468,degradation_restoration_poisoned,1,True,1.6804594,-1.1720619
469,degradation_restoration_poisoned,1,True,1.202524,-1.3170784
470,degradation_restoration_poisoned,1,True,-1.4882519,-2.0941532
471,degradation_restoration_poisoned,1,True,0.14447318,-0.86086833
472,degradation_restoration_poisoned,1,True,-0.50487417,-0.94309026
473,degradation_restoration_poisoned,1,True,0.7387679,-0.5747044
474,degradation_restoration_poisoned,1,True,0.7933674,-0.36072165
475,degradation_restoration_poisoned,1,True,-0.6091466,-1.5490303
476,degradation_restoration_poisoned,1,True,-0.8838173,-1.5637138
477,degradation_restoration_poisoned,1,True,-0.004731804,-1.7635362
478,degradation_restoration_poisoned,1,True,-1.8412867,-1.7582765
479,degradation_restoration_poisoned,1,True,1.71385,-1.29577
480,degradation_restoration_poisoned,1,True,-0.039545268,-1.7462869
481,degradation_restoration_poisoned,1,True,0.61839354,-1.1055584
482,degradation_restoration_poisoned,1,True,-2.057622,-1.570354
483,degradation_restoration_poisoned,1,True,-0.3231371,-1.3569396
484,degradation_restoration_poisoned,1,True,-0.59100777,-1.0298836
485,degradation_restoration_poisoned,1,True,0.2559397,-1.2944272
486,degradation_restoration_poisoned,1,True,-1.2872841,-1.6710232
487,degradation_restoration_poisoned,1,True,-0.7502943,-1.7668465
488,degradation_restoration_poisoned,1,True,0.10293026,-0.94688094
489,degradation_restoration_poisoned,1,True,-0.19503841,-1.2666464
490,degradation_restoration_poisoned,1,True,0.28264177,-0.36715755
491,degradation_restoration_poisoned,1,True,-0.28869385,-1.269346
492,degradation_restoration_poisoned,1,True,0.1275978,-0.5980513
493,degradation_restoration_poisoned,1,True,0.3546004,-1.074101
494,degradation_restoration_poisoned,1,True,-0.25584033,-1.5908802
495,degradation_restoration_poisoned,1,True,-0.31362152,-1.17558
496,degradation_restoration_poisoned,1,True,1.1936342,-1.1518457
497,degradation_restoration_poisoned,1,True,-1.6097242,-1.6492586
498,degradation_restoration_poisoned,1,True,0.21317656,-0.57058424
499,degradation_restoration_poisoned,1,True,0.6858479,-0.66948724
500,degradation_restoration_poisoned,1,True,0.5109307,-0.88455284
501,degradation_restoration_poisoned,1,True,-1.6720666,-1.6243423
502,degradation_restoration_poisoned,1,True,-0.5589417,-1.7244289
503,degradation_restoration_poisoned,1,True,-0.23312356,-1.7646115
504,degradation_restoration_poisoned,1,True,0.10153933,-0.9334533
505,degradation_restoration_poisoned,1,True,0.6244042,-0.83468497
506,degradation_restoration_poisoned,1,True,-0.72111946,-1.5232452
507,degradation_restoration_poisoned,1,True,1.5268505,-1.0019164
508,degradation_restoration_poisoned,1,True,-0.40680313,-1.2949955
509,degradation_restoration_poisoned,1,True,0.84267735,-0.8828355
510,degradation_restoration_poisoned,1,True,-1.2292356,-1.9285357
511,degradation_restoration_poisoned,1,True,-0.28431204,-0.36869818
