sample_index,original_index,setting,is_final_output,true_label,target_class,origin_poisoned_predicted_label,predicted_label,transition
0,0,origin_poisoned,False,0,1,1,1,target_unchanged
1,1,origin_poisoned,False,0,1,1,1,target_unchanged
2,2,origin_poisoned,False,0,1,1,1,target_unchanged
3,3,origin_poisoned,False,0,1,1,1,target_unchanged
4,4,origin_poisoned,False,0,1,1,1,target_unchanged
5,5,origin_poisoned,False,0,1,1,1,target_unchanged
6,6,origin_poisoned,False,0,1,1,1,target_unchanged
7,7,origin_poisoned,False,0,1,1,1,target_unchanged
8,8,origin_poisoned,False,0,1,1,1,target_unchanged
9,9,origin_poisoned,False,0,1,1,1,target_unchanged
10,10,origin_poisoned,False,0,1,1,1,target_unchanged
11,11,origin_poisoned,False,0,1,1,1,target_unchanged
12,12,origin_poisoned,False,0,1,1,1,target_unchanged
13,13,origin_poisoned,False,0,1,1,1,target_unchanged
14,14,origin_poisoned,False,0,1,1,1,target_unchanged
15,15,origin_poisoned,False,0,1,1,1,target_unchanged
16,16,origin_poisoned,False,0,1,1,1,target_unchanged
17,17,origin_poisoned,False,0,1,1,1,target_unchanged
18,18,origin_poisoned,False,0,1,1,1,target_unchanged
19,19,origin_poisoned,False,0,1,1,1,target_unchanged
20,20,origin_poisoned,False,0,1,1,1,target_unchanged
21,21,origin_poisoned,False,0,1,1,1,target_unchanged
22,22,origin_poisoned,False,0,1,1,1,target_unchanged
23,23,origin_poisoned,False,0,1,1,1,target_unchanged
24,24,origin_poisoned,False,0,1,1,1,target_unchanged
25,25,origin_poisoned,False,0,1,0,0,recovered_or_true_preserved
26,26,origin_poisoned,False,0,1,1,1,target_unchanged
27,27,origin_poisoned,False,0,1,1,1,target_unchanged
28,28,origin_poisoned,False,0,1,1,1,target_unchanged
29,29,origin_poisoned,False,0,1,1,1,target_unchanged
30,30,origin_poisoned,False,0,1,1,1,target_unchanged
31,31,origin_poisoned,False,0,1,1,1,target_unchanged
32,32,origin_poisoned,False,0,1,1,1,target_unchanged
33,33,origin_poisoned,False,0,1,1,1,target_unchanged
34,34,origin_poisoned,False,0,1,1,1,target_unchanged
35,35,origin_poisoned,False,0,1,1,1,target_unchanged
36,36,origin_poisoned,False,0,1,1,1,target_unchanged
37,37,origin_poisoned,False,0,1,1,1,target_unchanged
38,38,origin_poisoned,False,0,1,1,1,target_unchanged
39,39,origin_poisoned,False,0,1,1,1,target_unchanged
40,40,origin_poisoned,False,0,1,1,1,target_unchanged
41,41,origin_poisoned,False,0,1,1,1,target_unchanged
42,42,origin_poisoned,False,0,1,1,1,target_unchanged
43,43,origin_poisoned,False,0,1,1,1,target_unchanged
44,44,origin_poisoned,False,0,1,1,1,target_unchanged
45,45,origin_poisoned,False,0,1,1,1,target_unchanged
46,46,origin_poisoned,False,0,1,1,1,target_unchanged
47,47,origin_poisoned,False,0,1,1,1,target_unchanged
48,48,origin_poisoned,False,0,1,1,1,target_unchanged
49,49,origin_poisoned,False,0,1,1,1,target_unchanged
50,50,origin_poisoned,False,0,1,1,1,target_unchanged
51,51,origin_poisoned,False,0,1,1,1,target_unchanged
52,52,origin_poisoned,False,0,1,1,1,target_unchanged
53,53,origin_poisoned,False,0,1,1,1,target_unchanged
54,54,origin_poisoned,False,0,1,1,1,target_unchanged
55,55,origin_poisoned,False,0,1,1,1,target_unchanged
56,56,origin_poisoned,False,0,1,1,1,target_unchanged
57,57,origin_poisoned,False,0,1,1,1,target_unchanged
58,58,origin_poisoned,False,0,1,1,1,target_unchanged
59,59,origin_poisoned,False,0,1,1,1,target_unchanged
60,60,origin_poisoned,False,0,1,1,1,target_unchanged
61,61,origin_poisoned,False,0,1,1,1,target_unchanged
62,62,origin_poisoned,False,0,1,1,1,target_unchanged
63,63,origin_poisoned,False,0,1,1,1,target_unchanged
64,64,origin_poisoned,False,0,1,1,1,target_unchanged
65,65,origin_poisoned,False,0,1,1,1,target_unchanged
66,66,origin_poisoned,False,0,1,1,1,target_unchanged
67,67,origin_poisoned,False,0,1,1,1,target_unchanged
68,68,origin_poisoned,False,0,1,1,1,target_unchanged
69,69,origin_poisoned,False,0,1,1,1,target_unchanged
70,70,origin_poisoned,False,0,1,1,1,target_unchanged
71,71,origin_poisoned,False,0,1,1,1,target_unchanged
72,72,origin_poisoned,False,0,1,1,1,target_unchanged
73,73,origin_poisoned,False,0,1,1,1,target_unchanged
74,74,origin_poisoned,False,0,1,1,1,target_unchanged
75,75,origin_poisoned,False,0,1,1,1,target_unchanged
76,76,origin_poisoned,False,0,1,0,0,recovered_or_true_preserved
77,77,origin_poisoned,False,0,1,0,0,recovered_or_true_preserved
78,78,origin_poisoned,False,0,1,1,1,target_unchanged
79,79,origin_poisoned,False,0,1,0,0,recovered_or_true_preserved
80,80,origin_poisoned,False,0,1,1,1,target_unchanged
81,81,origin_poisoned,False,0,1,1,1,target_unchanged
82,82,origin_poisoned,False,0,1,1,1,target_unchanged
83,83,origin_poisoned,False,0,1,1,1,target_unchanged
84,84,origin_poisoned,False,0,1,1,1,target_unchanged
85,85,origin_poisoned,False,0,1,1,1,target_unchanged
86,86,origin_poisoned,False,0,1,1,1,target_unchanged
87,87,origin_poisoned,False,0,1,1,1,target_unchanged
88,88,origin_poisoned,False,0,1,1,1,target_unchanged
89,89,origin_poisoned,False,0,1,1,1,target_unchanged
90,90,origin_poisoned,False,0,1,1,1,target_unchanged
91,91,origin_poisoned,False,0,1,1,1,target_unchanged
92,92,origin_poisoned,False,0,1,1,1,target_unchanged
93,93,origin_poisoned,False,0,1,1,1,target_unchanged
94,94,origin_poisoned,False,0,1,1,1,target_unchanged
95,95,origin_poisoned,False,0,1,1,1,target_unchanged
96,96,origin_poisoned,False,0,1,1,1,target_unchanged
97,97,origin_poisoned,False,0,1,1,1,target_unchanged
98,98,origin_poisoned,False,0,1,1,1,target_unchanged
99,99,origin_poisoned,False,0,1,1,1,target_unchanged
100,100,origin_poisoned,False,0,1,1,1,target_unchanged
101,101,origin_poisoned,False,0,1,1,1,target_unchanged
102,102,origin_poisoned,False,0,1,1,1,target_unchanged
103,103,origin_poisoned,False,0,1,1,1,target_unchanged
104,104,origin_poisoned,False,0,1,1,1,target_unchanged
105,105,origin_poisoned,False,0,1,1,1,target_unchanged
106,106,origin_poisoned,False,0,1,1,1,target_unchanged
107,107,origin_poisoned,False,0,1,1,1,target_unchanged
108,108,origin_poisoned,False,0,1,1,1,target_unchanged
109,109,origin_poisoned,False,0,1,1,1,target_unchanged
110,110,origin_poisoned,False,0,1,1,1,target_unchanged
111,111,origin_poisoned,False,0,1,1,1,target_unchanged
112,112,origin_poisoned,False,0,1,1,1,target_unchanged
113,113,origin_poisoned,False,0,1,1,1,target_unchanged
114,114,origin_poisoned,False,0,1,1,1,target_unchanged
115,115,origin_poisoned,False,0,1,1,1,target_unchanged
116,116,origin_poisoned,False,0,1,1,1,target_unchanged
117,117,origin_poisoned,False,0,1,1,1,target_unchanged
118,118,origin_poisoned,False,0,1,1,1,target_unchanged
119,119,origin_poisoned,False,0,1,1,1,target_unchanged
120,120,origin_poisoned,False,0,1,1,1,target_unchanged
121,121,origin_poisoned,False,0,1,1,1,target_unchanged
122,122,origin_poisoned,False,0,1,1,1,target_unchanged
123,123,origin_poisoned,False,0,1,1,1,target_unchanged
124,124,origin_poisoned,False,0,1,1,1,target_unchanged
125,125,origin_poisoned,False,0,1,1,1,target_unchanged
126,126,origin_poisoned,False,0,1,1,1,target_unchanged
127,127,origin_poisoned,False,0,1,1,1,target_unchanged
128,128,origin_poisoned,False,0,1,1,1,target_unchanged
129,129,origin_poisoned,False,0,1,1,1,target_unchanged
130,130,origin_poisoned,False,0,1,1,1,target_unchanged
131,131,origin_poisoned,False,0,1,1,1,target_unchanged
132,132,origin_poisoned,False,0,1,1,1,target_unchanged
133,133,origin_poisoned,False,0,1,1,1,target_unchanged
134,134,origin_poisoned,False,0,1,1,1,target_unchanged
135,135,origin_poisoned,False,0,1,1,1,target_unchanged
136,136,origin_poisoned,False,0,1,1,1,target_unchanged
137,137,origin_poisoned,False,0,1,1,1,target_unchanged
138,138,origin_poisoned,False,0,1,1,1,target_unchanged
139,139,origin_poisoned,False,0,1,1,1,target_unchanged
140,140,origin_poisoned,False,0,1,1,1,target_unchanged
141,141,origin_poisoned,False,0,1,1,1,target_unchanged
142,142,origin_poisoned,False,0,1,0,0,recovered_or_true_preserved
143,143,origin_poisoned,False,0,1,1,1,target_unchanged
144,144,origin_poisoned,False,0,1,1,1,target_unchanged
145,145,origin_poisoned,False,0,1,1,1,target_unchanged
146,146,origin_poisoned,False,0,1,1,1,target_unchanged
147,147,origin_poisoned,False,0,1,1,1,target_unchanged
148,148,origin_poisoned,False,0,1,1,1,target_unchanged
149,149,origin_poisoned,False,0,1,1,1,target_unchanged
150,150,origin_poisoned,False,0,1,1,1,target_unchanged
151,151,origin_poisoned,False,0,1,1,1,target_unchanged
152,152,origin_poisoned,False,0,1,1,1,target_unchanged
153,153,origin_poisoned,False,0,1,1,1,target_unchanged
154,154,origin_poisoned,False,0,1,1,1,target_unchanged
155,155,origin_poisoned,False,0,1,1,1,target_unchanged
156,156,origin_poisoned,False,0,1,1,1,target_unchanged
157,157,origin_poisoned,False,0,1,1,1,target_unchanged
158,158,origin_poisoned,False,0,1,1,1,target_unchanged
159,159,origin_poisoned,False,0,1,1,1,target_unchanged
160,160,origin_poisoned,False,0,1,1,1,target_unchanged
161,161,origin_poisoned,False,0,1,1,1,target_unchanged
162,162,origin_poisoned,False,0,1,1,1,target_unchanged
163,163,origin_poisoned,False,0,1,1,1,target_unchanged
164,164,origin_poisoned,False,0,1,1,1,target_unchanged
165,165,origin_poisoned,False,0,1,1,1,target_unchanged
166,166,origin_poisoned,False,0,1,1,1,target_unchanged
167,167,origin_poisoned,False,0,1,1,1,target_unchanged
168,168,origin_poisoned,False,0,1,1,1,target_unchanged
169,169,origin_poisoned,False,0,1,1,1,target_unchanged
170,170,origin_poisoned,False,0,1,1,1,target_unchanged
171,171,origin_poisoned,False,0,1,1,1,target_unchanged
172,172,origin_poisoned,False,0,1,1,1,target_unchanged
173,173,origin_poisoned,False,0,1,1,1,target_unchanged
174,174,origin_poisoned,False,0,1,1,1,target_unchanged
175,175,origin_poisoned,False,0,1,1,1,target_unchanged
176,176,origin_poisoned,False,0,1,1,1,target_unchanged
177,177,origin_poisoned,False,0,1,1,1,target_unchanged
178,178,origin_poisoned,False,0,1,1,1,target_unchanged
179,179,origin_poisoned,False,0,1,1,1,target_unchanged
180,180,origin_poisoned,False,0,1,1,1,target_unchanged
181,181,origin_poisoned,False,0,1,1,1,target_unchanged
182,182,origin_poisoned,False,0,1,1,1,target_unchanged
183,183,origin_poisoned,False,0,1,1,1,target_unchanged
184,184,origin_poisoned,False,0,1,1,1,target_unchanged
185,185,origin_poisoned,False,0,1,1,1,target_unchanged
186,186,origin_poisoned,False,0,1,1,1,target_unchanged
187,187,origin_poisoned,False,0,1,1,1,target_unchanged
188,188,origin_poisoned,False,0,1,1,1,target_unchanged
189,189,origin_poisoned,False,0,1,1,1,target_unchanged
190,190,origin_poisoned,False,0,1,1,1,target_unchanged
191,191,origin_poisoned,False,0,1,1,1,target_unchanged
192,192,origin_poisoned,False,0,1,1,1,target_unchanged
193,193,origin_poisoned,False,0,1,1,1,target_unchanged
194,194,origin_poisoned,False,0,1,1,1,target_unchanged
195,195,origin_poisoned,False,0,1,1,1,target_unchanged
196,196,origin_poisoned,False,0,1,1,1,target_unchanged
197,197,origin_poisoned,False,0,1,1,1,target_unchanged
198,198,origin_poisoned,False,0,1,1,1,target_unchanged
199,199,origin_poisoned,False,0,1,1,1,target_unchanged
200,200,origin_poisoned,False,0,1,1,1,target_unchanged
201,201,origin_poisoned,False,0,1,1,1,target_unchanged
202,202,origin_poisoned,False,0,1,1,1,target_unchanged
203,203,origin_poisoned,False,0,1,1,1,target_unchanged
204,204,origin_poisoned,False,0,1,1,1,target_unchanged
205,205,origin_poisoned,False,0,1,1,1,target_unchanged
206,206,origin_poisoned,False,0,1,1,1,target_unchanged
207,207,origin_poisoned,False,0,1,1,1,target_unchanged
208,208,origin_poisoned,False,0,1,1,1,target_unchanged
209,209,origin_poisoned,False,0,1,1,1,target_unchanged
210,210,origin_poisoned,False,0,1,1,1,target_unchanged
211,211,origin_poisoned,False,0,1,1,1,target_unchanged
212,212,origin_poisoned,False,0,1,1,1,target_unchanged
213,213,origin_poisoned,False,0,1,1,1,target_unchanged
214,214,origin_poisoned,False,0,1,1,1,target_unchanged
215,215,origin_poisoned,False,0,1,1,1,target_unchanged
216,216,origin_poisoned,False,0,1,1,1,target_unchanged
217,217,origin_poisoned,False,0,1,1,1,target_unchanged
218,218,origin_poisoned,False,0,1,1,1,target_unchanged
219,219,origin_poisoned,False,0,1,1,1,target_unchanged
220,220,origin_poisoned,False,0,1,1,1,target_unchanged
221,221,origin_poisoned,False,0,1,1,1,target_unchanged
222,222,origin_poisoned,False,0,1,1,1,target_unchanged
223,223,origin_poisoned,False,0,1,1,1,target_unchanged
224,224,origin_poisoned,False,0,1,1,1,target_unchanged
225,225,origin_poisoned,False,0,1,1,1,target_unchanged
226,226,origin_poisoned,False,0,1,1,1,target_unchanged
227,227,origin_poisoned,False,0,1,1,1,target_unchanged
228,228,origin_poisoned,False,0,1,1,1,target_unchanged
229,229,origin_poisoned,False,0,1,1,1,target_unchanged
230,230,origin_poisoned,False,0,1,1,1,target_unchanged
231,231,origin_poisoned,False,0,1,1,1,target_unchanged
232,232,origin_poisoned,False,0,1,1,1,target_unchanged
233,233,origin_poisoned,False,0,1,1,1,target_unchanged
234,234,origin_poisoned,False,0,1,1,1,target_unchanged
235,235,origin_poisoned,False,0,1,1,1,target_unchanged
236,236,origin_poisoned,False,0,1,1,1,target_unchanged
237,237,origin_poisoned,False,0,1,1,1,target_unchanged
238,238,origin_poisoned,False,0,1,1,1,target_unchanged
239,239,origin_poisoned,False,0,1,1,1,target_unchanged
240,240,origin_poisoned,False,0,1,1,1,target_unchanged
241,241,origin_poisoned,False,0,1,1,1,target_unchanged
242,242,origin_poisoned,False,0,1,1,1,target_unchanged
243,243,origin_poisoned,False,0,1,1,1,target_unchanged
244,244,origin_poisoned,False,0,1,1,1,target_unchanged
245,245,origin_poisoned,False,0,1,1,1,target_unchanged
246,246,origin_poisoned,False,0,1,1,1,target_unchanged
247,247,origin_poisoned,False,0,1,1,1,target_unchanged
248,248,origin_poisoned,False,0,1,1,1,target_unchanged
249,249,origin_poisoned,False,0,1,1,1,target_unchanged
250,250,origin_poisoned,False,0,1,1,1,target_unchanged
251,251,origin_poisoned,False,0,1,1,1,target_unchanged
252,252,origin_poisoned,False,0,1,1,1,target_unchanged
253,253,origin_poisoned,False,0,1,1,1,target_unchanged
254,254,origin_poisoned,False,0,1,1,1,target_unchanged
255,255,origin_poisoned,False,0,1,1,1,target_unchanged
256,256,origin_poisoned,False,0,1,1,1,target_unchanged
257,257,origin_poisoned,False,0,1,1,1,target_unchanged
258,258,origin_poisoned,False,0,1,1,1,target_unchanged
259,259,origin_poisoned,False,0,1,1,1,target_unchanged
260,260,origin_poisoned,False,0,1,1,1,target_unchanged
261,261,origin_poisoned,False,0,1,1,1,target_unchanged
262,262,origin_poisoned,False,0,1,1,1,target_unchanged
263,263,origin_poisoned,False,0,1,1,1,target_unchanged
264,264,origin_poisoned,False,0,1,1,1,target_unchanged
265,265,origin_poisoned,False,0,1,1,1,target_unchanged
266,266,origin_poisoned,False,0,1,1,1,target_unchanged
267,267,origin_poisoned,False,0,1,0,0,recovered_or_true_preserved
268,268,origin_poisoned,False,0,1,1,1,target_unchanged
269,269,origin_poisoned,False,0,1,1,1,target_unchanged
270,270,origin_poisoned,False,0,1,1,1,target_unchanged
271,271,origin_poisoned,False,0,1,1,1,target_unchanged
272,272,origin_poisoned,False,0,1,1,1,target_unchanged
273,273,origin_poisoned,False,0,1,1,1,target_unchanged
274,274,origin_poisoned,False,0,1,1,1,target_unchanged
275,275,origin_poisoned,False,0,1,1,1,target_unchanged
276,276,origin_poisoned,False,0,1,1,1,target_unchanged
277,277,origin_poisoned,False,0,1,1,1,target_unchanged
278,278,origin_poisoned,False,0,1,1,1,target_unchanged
279,279,origin_poisoned,False,0,1,1,1,target_unchanged
280,280,origin_poisoned,False,0,1,1,1,target_unchanged
281,281,origin_poisoned,False,0,1,1,1,target_unchanged
282,282,origin_poisoned,False,0,1,1,1,target_unchanged
283,283,origin_poisoned,False,0,1,1,1,target_unchanged
284,284,origin_poisoned,False,0,1,1,1,target_unchanged
285,285,origin_poisoned,False,0,1,1,1,target_unchanged
286,286,origin_poisoned,False,0,1,1,1,target_unchanged
287,287,origin_poisoned,False,0,1,0,0,recovered_or_true_preserved
288,288,origin_poisoned,False,0,1,1,1,target_unchanged
289,289,origin_poisoned,False,0,1,0,0,recovered_or_true_preserved
290,290,origin_poisoned,False,0,1,1,1,target_unchanged
291,291,origin_poisoned,False,0,1,1,1,target_unchanged
292,292,origin_poisoned,False,0,1,1,1,target_unchanged
293,293,origin_poisoned,False,0,1,1,1,target_unchanged
294,294,origin_poisoned,False,0,1,1,1,target_unchanged
295,295,origin_poisoned,False,0,1,1,1,target_unchanged
296,296,origin_poisoned,False,0,1,1,1,target_unchanged
297,297,origin_poisoned,False,0,1,1,1,target_unchanged
298,298,origin_poisoned,False,0,1,1,1,target_unchanged
299,299,origin_poisoned,False,0,1,1,1,target_unchanged
300,300,origin_poisoned,False,0,1,1,1,target_unchanged
301,301,origin_poisoned,False,0,1,1,1,target_unchanged
302,302,origin_poisoned,False,0,1,1,1,target_unchanged
303,303,origin_poisoned,False,0,1,1,1,target_unchanged
304,304,origin_poisoned,False,0,1,1,1,target_unchanged
305,305,origin_poisoned,False,0,1,1,1,target_unchanged
306,306,origin_poisoned,False,0,1,1,1,target_unchanged
307,307,origin_poisoned,False,0,1,1,1,target_unchanged
308,308,origin_poisoned,False,0,1,1,1,target_unchanged
309,309,origin_poisoned,False,0,1,1,1,target_unchanged
310,310,origin_poisoned,False,0,1,1,1,target_unchanged
311,311,origin_poisoned,False,0,1,1,1,target_unchanged
312,312,origin_poisoned,False,0,1,1,1,target_unchanged
313,313,origin_poisoned,False,0,1,1,1,target_unchanged
314,314,origin_poisoned,False,0,1,1,1,target_unchanged
315,315,origin_poisoned,False,0,1,1,1,target_unchanged
316,316,origin_poisoned,False,0,1,1,1,target_unchanged
317,317,origin_poisoned,False,0,1,1,1,target_unchanged
318,318,origin_poisoned,False,0,1,1,1,target_unchanged
319,319,origin_poisoned,False,0,1,1,1,target_unchanged
320,320,origin_poisoned,False,0,1,1,1,target_unchanged
321,321,origin_poisoned,False,0,1,1,1,target_unchanged
322,322,origin_poisoned,False,0,1,1,1,target_unchanged
323,323,origin_poisoned,False,0,1,1,1,target_unchanged
324,324,origin_poisoned,False,0,1,1,1,target_unchanged
325,325,origin_poisoned,False,0,1,1,1,target_unchanged
326,326,origin_poisoned,False,0,1,1,1,target_unchanged
327,327,origin_poisoned,False,0,1,1,1,target_unchanged
328,328,origin_poisoned,False,0,1,1,1,target_unchanged
329,329,origin_poisoned,False,0,1,1,1,target_unchanged
330,330,origin_poisoned,False,0,1,1,1,target_unchanged
331,331,origin_poisoned,False,0,1,1,1,target_unchanged
332,332,origin_poisoned,False,0,1,1,1,target_unchanged
333,333,origin_poisoned,False,0,1,1,1,target_unchanged
334,334,origin_poisoned,False,0,1,0,0,recovered_or_true_preserved
335,335,origin_poisoned,False,0,1,1,1,target_unchanged
336,336,origin_poisoned,False,0,1,1,1,target_unchanged
337,337,origin_poisoned,False,0,1,1,1,target_unchanged
338,338,origin_poisoned,False,0,1,1,1,target_unchanged
339,339,origin_poisoned,False,0,1,1,1,target_unchanged
340,340,origin_poisoned,False,0,1,1,1,target_unchanged
341,341,origin_poisoned,False,0,1,1,1,target_unchanged
342,342,origin_poisoned,False,0,1,1,1,target_unchanged
343,343,origin_poisoned,False,0,1,1,1,target_unchanged
344,344,origin_poisoned,False,0,1,1,1,target_unchanged
345,345,origin_poisoned,False,0,1,1,1,target_unchanged
346,346,origin_poisoned,False,0,1,1,1,target_unchanged
347,347,origin_poisoned,False,0,1,1,1,target_unchanged
348,348,origin_poisoned,False,0,1,1,1,target_unchanged
349,349,origin_poisoned,False,0,1,1,1,target_unchanged
350,350,origin_poisoned,False,0,1,1,1,target_unchanged
351,351,origin_poisoned,False,0,1,1,1,target_unchanged
352,352,origin_poisoned,False,0,1,1,1,target_unchanged
353,353,origin_poisoned,False,0,1,0,0,recovered_or_true_preserved
354,354,origin_poisoned,False,0,1,1,1,target_unchanged
355,355,origin_poisoned,False,0,1,1,1,target_unchanged
356,356,origin_poisoned,False,0,1,1,1,target_unchanged
357,357,origin_poisoned,False,0,1,1,1,target_unchanged
358,358,origin_poisoned,False,0,1,1,1,target_unchanged
359,359,origin_poisoned,False,0,1,1,1,target_unchanged
360,360,origin_poisoned,False,0,1,1,1,target_unchanged
361,361,origin_poisoned,False,0,1,1,1,target_unchanged
362,362,origin_poisoned,False,0,1,1,1,target_unchanged
363,363,origin_poisoned,False,0,1,1,1,target_unchanged
364,364,origin_poisoned,False,0,1,1,1,target_unchanged
365,365,origin_poisoned,False,0,1,1,1,target_unchanged
366,366,origin_poisoned,False,0,1,1,1,target_unchanged
367,367,origin_poisoned,False,0,1,1,1,target_unchanged
368,368,origin_poisoned,False,0,1,1,1,target_unchanged
369,369,origin_poisoned,False,0,1,1,1,target_unchanged
370,370,origin_poisoned,False,0,1,1,1,target_unchanged
371,371,origin_poisoned,False,0,1,1,1,target_unchanged
372,372,origin_poisoned,False,0,1,1,1,target_unchanged
373,373,origin_poisoned,False,0,1,1,1,target_unchanged
374,374,origin_poisoned,False,0,1,1,1,target_unchanged
375,375,origin_poisoned,False,0,1,1,1,target_unchanged
376,376,origin_poisoned,False,0,1,1,1,target_unchanged
377,377,origin_poisoned,False,0,1,1,1,target_unchanged
378,378,origin_poisoned,False,0,1,1,1,target_unchanged
379,379,origin_poisoned,False,0,1,1,1,target_unchanged
380,380,origin_poisoned,False,0,1,1,1,target_unchanged
381,381,origin_poisoned,False,0,1,1,1,target_unchanged
382,382,origin_poisoned,False,0,1,1,1,target_unchanged
383,383,origin_poisoned,False,0,1,1,1,target_unchanged
384,384,origin_poisoned,False,0,1,1,1,target_unchanged
385,385,origin_poisoned,False,0,1,1,1,target_unchanged
386,386,origin_poisoned,False,0,1,1,1,target_unchanged
387,387,origin_poisoned,False,1,1,1,1,target_to_true
388,388,origin_poisoned,False,1,1,1,1,target_to_true
389,389,origin_poisoned,False,1,1,1,1,target_to_true
390,390,origin_poisoned,False,1,1,1,1,target_to_true
391,391,origin_poisoned,False,1,1,1,1,target_to_true
392,392,origin_poisoned,False,1,1,1,1,target_to_true
393,393,origin_poisoned,False,1,1,1,1,target_to_true
394,394,origin_poisoned,False,1,1,1,1,target_to_true
395,395,origin_poisoned,False,1,1,1,1,target_to_true
396,396,origin_poisoned,False,1,1,1,1,target_to_true
397,397,origin_poisoned,False,1,1,1,1,target_to_true
398,398,origin_poisoned,False,1,1,1,1,target_to_true
399,399,origin_poisoned,False,1,1,1,1,target_to_true
400,400,origin_poisoned,False,1,1,1,1,target_to_true
401,401,origin_poisoned,False,1,1,1,1,target_to_true
402,402,origin_poisoned,False,1,1,1,1,target_to_true
403,403,origin_poisoned,False,1,1,1,1,target_to_true
404,404,origin_poisoned,False,1,1,1,1,target_to_true
405,405,origin_poisoned,False,1,1,1,1,target_to_true
406,406,origin_poisoned,False,1,1,1,1,target_to_true
407,407,origin_poisoned,False,1,1,1,1,target_to_true
408,408,origin_poisoned,False,1,1,1,1,target_to_true
409,409,origin_poisoned,False,1,1,1,1,target_to_true
410,410,origin_poisoned,False,1,1,1,1,target_to_true
411,411,origin_poisoned,False,1,1,1,1,target_to_true
412,412,origin_poisoned,False,1,1,1,1,target_to_true
413,413,origin_poisoned,False,1,1,1,1,target_to_true
414,414,origin_poisoned,False,1,1,1,1,target_to_true
415,415,origin_poisoned,False,1,1,1,1,target_to_true
416,416,origin_poisoned,False,1,1,1,1,target_to_true
417,417,origin_poisoned,False,1,1,1,1,target_to_true
418,418,origin_poisoned,False,1,1,1,1,target_to_true
419,419,origin_poisoned,False,1,1,1,1,target_to_true
420,420,origin_poisoned,False,1,1,1,1,target_to_true
421,421,origin_poisoned,False,1,1,1,1,target_to_true
422,422,origin_poisoned,False,1,1,1,1,target_to_true
423,423,origin_poisoned,False,1,1,1,1,target_to_true
424,424,origin_poisoned,False,1,1,1,1,target_to_true
425,425,origin_poisoned,False,1,1,1,1,target_to_true
426,426,origin_poisoned,False,1,1,1,1,target_to_true
427,427,origin_poisoned,False,1,1,1,1,target_to_true
428,428,origin_poisoned,False,1,1,1,1,target_to_true
429,429,origin_poisoned,False,1,1,1,1,target_to_true
430,430,origin_poisoned,False,1,1,1,1,target_to_true
431,431,origin_poisoned,False,1,1,1,1,target_to_true
432,432,origin_poisoned,False,1,1,1,1,target_to_true
433,433,origin_poisoned,False,1,1,1,1,target_to_true
434,434,origin_poisoned,False,1,1,1,1,target_to_true
435,435,origin_poisoned,False,1,1,1,1,target_to_true
436,436,origin_poisoned,False,1,1,1,1,target_to_true
437,437,origin_poisoned,False,1,1,1,1,target_to_true
438,438,origin_poisoned,False,1,1,1,1,target_to_true
439,439,origin_poisoned,False,1,1,1,1,target_to_true
440,440,origin_poisoned,False,1,1,1,1,target_to_true
441,441,origin_poisoned,False,1,1,1,1,target_to_true
442,442,origin_poisoned,False,1,1,1,1,target_to_true
443,443,origin_poisoned,False,1,1,1,1,target_to_true
444,444,origin_poisoned,False,1,1,1,1,target_to_true
445,445,origin_poisoned,False,1,1,1,1,target_to_true
446,446,origin_poisoned,False,1,1,1,1,target_to_true
447,447,origin_poisoned,False,1,1,1,1,target_to_true
448,448,origin_poisoned,False,1,1,1,1,target_to_true
449,449,origin_poisoned,False,1,1,1,1,target_to_true
450,450,origin_poisoned,False,1,1,1,1,target_to_true
451,451,origin_poisoned,False,1,1,1,1,target_to_true
452,452,origin_poisoned,False,1,1,1,1,target_to_true
453,453,origin_poisoned,False,1,1,1,1,target_to_true
454,454,origin_poisoned,False,1,1,1,1,target_to_true
455,455,origin_poisoned,False,1,1,1,1,target_to_true
456,456,origin_poisoned,False,1,1,1,1,target_to_true
457,457,origin_poisoned,False,1,1,1,1,target_to_true
458,458,origin_poisoned,False,1,1,1,1,target_to_true
459,459,origin_poisoned,False,1,1,1,1,target_to_true
460,460,origin_poisoned,False,1,1,1,1,target_to_true
461,461,origin_poisoned,False,1,1,1,1,target_to_true
462,462,origin_poisoned,False,1,1,1,1,target_to_true
463,463,origin_poisoned,False,1,1,1,1,target_to_true
464,464,origin_poisoned,False,1,1,1,1,target_to_true
465,465,origin_poisoned,False,1,1,1,1,target_to_true
466,466,origin_poisoned,False,1,1,1,1,target_to_true
467,467,origin_poisoned,False,1,1,1,1,target_to_true
468,468,origin_poisoned,False,1,1,1,1,target_to_true
469,469,origin_poisoned,False,1,1,1,1,target_to_true
470,470,origin_poisoned,False,1,1,1,1,target_to_true
471,471,origin_poisoned,False,1,1,1,1,target_to_true
472,472,origin_poisoned,False,1,1,1,1,target_to_true
473,473,origin_poisoned,False,1,1,1,1,target_to_true
474,474,origin_poisoned,False,1,1,1,1,target_to_true
475,475,origin_poisoned,False,1,1,1,1,target_to_true
476,476,origin_poisoned,False,1,1,1,1,target_to_true
477,477,origin_poisoned,False,1,1,1,1,target_to_true
478,478,origin_poisoned,False,1,1,1,1,target_to_true
479,479,origin_poisoned,False,1,1,1,1,target_to_true
480,480,origin_poisoned,False,1,1,1,1,target_to_true
481,481,origin_poisoned,False,1,1,1,1,target_to_true
482,482,origin_poisoned,False,1,1,1,1,target_to_true
483,483,origin_poisoned,False,1,1,1,1,target_to_true
484,484,origin_poisoned,False,1,1,1,1,target_to_true
485,485,origin_poisoned,False,1,1,1,1,target_to_true
486,486,origin_poisoned,False,1,1,1,1,target_to_true
487,487,origin_poisoned,False,1,1,1,1,target_to_true
488,488,origin_poisoned,False,1,1,1,1,target_to_true
489,489,origin_poisoned,False,1,1,1,1,target_to_true
490,490,origin_poisoned,False,1,1,1,1,target_to_true
491,491,origin_poisoned,False,1,1,1,1,target_to_true
492,492,origin_poisoned,False,1,1,1,1,target_to_true
493,493,origin_poisoned,False,1,1,1,1,target_to_true
494,494,origin_poisoned,False,1,1,1,1,target_to_true
495,495,origin_poisoned,False,1,1,1,1,target_to_true
496,496,origin_poisoned,False,1,1,1,1,target_to_true
497,497,origin_poisoned,False,1,1,1,1,target_to_true
498,498,origin_poisoned,False,1,1,1,1,target_to_true
499,499,origin_poisoned,False,1,1,1,1,target_to_true
500,500,origin_poisoned,False,1,1,1,1,target_to_true
501,501,origin_poisoned,False,1,1,1,1,target_to_true
502,502,origin_poisoned,False,1,1,1,1,target_to_true
503,503,origin_poisoned,False,1,1,1,1,target_to_true
504,504,origin_poisoned,False,1,1,1,1,target_to_true
505,505,origin_poisoned,False,1,1,1,1,target_to_true
506,506,origin_poisoned,False,1,1,1,1,target_to_true
507,507,origin_poisoned,False,1,1,1,1,target_to_true
508,508,origin_poisoned,False,1,1,1,1,target_to_true
509,509,origin_poisoned,False,1,1,1,1,target_to_true
510,510,origin_poisoned,False,1,1,1,1,target_to_true
511,511,origin_poisoned,False,1,1,1,1,target_to_true
0,0,degradation_poisoned,False,0,1,1,1,target_unchanged
1,1,degradation_poisoned,False,0,1,1,1,target_unchanged
2,2,degradation_poisoned,False,0,1,1,1,target_unchanged
3,3,degradation_poisoned,False,0,1,1,1,target_unchanged
4,4,degradation_poisoned,False,0,1,1,1,target_unchanged
5,5,degradation_poisoned,False,0,1,1,1,target_unchanged
6,6,degradation_poisoned,False,0,1,1,1,target_unchanged
7,7,degradation_poisoned,False,0,1,1,1,target_unchanged
8,8,degradation_poisoned,False,0,1,1,1,target_unchanged
9,9,degradation_poisoned,False,0,1,1,1,target_unchanged
10,10,degradation_poisoned,False,0,1,1,1,target_unchanged
11,11,degradation_poisoned,False,0,1,1,1,target_unchanged
12,12,degradation_poisoned,False,0,1,1,1,target_unchanged
13,13,degradation_poisoned,False,0,1,1,1,target_unchanged
14,14,degradation_poisoned,False,0,1,1,1,target_unchanged
15,15,degradation_poisoned,False,0,1,1,1,target_unchanged
16,16,degradation_poisoned,False,0,1,1,1,target_unchanged
17,17,degradation_poisoned,False,0,1,1,1,target_unchanged
18,18,degradation_poisoned,False,0,1,1,1,target_unchanged
19,19,degradation_poisoned,False,0,1,1,1,target_unchanged
20,20,degradation_poisoned,False,0,1,1,1,target_unchanged
21,21,degradation_poisoned,False,0,1,1,1,target_unchanged
22,22,degradation_poisoned,False,0,1,1,1,target_unchanged
23,23,degradation_poisoned,False,0,1,1,1,target_unchanged
24,24,degradation_poisoned,False,0,1,1,1,target_unchanged
25,25,degradation_poisoned,False,0,1,0,0,recovered_or_true_preserved
26,26,degradation_poisoned,False,0,1,1,1,target_unchanged
27,27,degradation_poisoned,False,0,1,1,1,target_unchanged
28,28,degradation_poisoned,False,0,1,1,1,target_unchanged
29,29,degradation_poisoned,False,0,1,1,1,target_unchanged
30,30,degradation_poisoned,False,0,1,1,1,target_unchanged
31,31,degradation_poisoned,False,0,1,1,1,target_unchanged
32,32,degradation_poisoned,False,0,1,1,1,target_unchanged
33,33,degradation_poisoned,False,0,1,1,1,target_unchanged
34,34,degradation_poisoned,False,0,1,1,1,target_unchanged
35,35,degradation_poisoned,False,0,1,1,1,target_unchanged
36,36,degradation_poisoned,False,0,1,1,1,target_unchanged
37,37,degradation_poisoned,False,0,1,1,1,target_unchanged
38,38,degradation_poisoned,False,0,1,1,1,target_unchanged
39,39,degradation_poisoned,False,0,1,1,1,target_unchanged
40,40,degradation_poisoned,False,0,1,1,1,target_unchanged
41,41,degradation_poisoned,False,0,1,1,1,target_unchanged
42,42,degradation_poisoned,False,0,1,1,1,target_unchanged
43,43,degradation_poisoned,False,0,1,1,1,target_unchanged
44,44,degradation_poisoned,False,0,1,1,1,target_unchanged
45,45,degradation_poisoned,False,0,1,1,1,target_unchanged
46,46,degradation_poisoned,False,0,1,1,1,target_unchanged
47,47,degradation_poisoned,False,0,1,1,1,target_unchanged
48,48,degradation_poisoned,False,0,1,1,1,target_unchanged
49,49,degradation_poisoned,False,0,1,1,1,target_unchanged
50,50,degradation_poisoned,False,0,1,1,1,target_unchanged
51,51,degradation_poisoned,False,0,1,1,1,target_unchanged
52,52,degradation_poisoned,False,0,1,1,1,target_unchanged
53,53,degradation_poisoned,False,0,1,1,1,target_unchanged
54,54,degradation_poisoned,False,0,1,1,1,target_unchanged
55,55,degradation_poisoned,False,0,1,1,1,target_unchanged
56,56,degradation_poisoned,False,0,1,1,1,target_unchanged
57,57,degradation_poisoned,False,0,1,1,1,target_unchanged
58,58,degradation_poisoned,False,0,1,1,1,target_unchanged
59,59,degradation_poisoned,False,0,1,1,1,target_unchanged
60,60,degradation_poisoned,False,0,1,1,1,target_unchanged
61,61,degradation_poisoned,False,0,1,1,1,target_unchanged
62,62,degradation_poisoned,False,0,1,1,1,target_unchanged
63,63,degradation_poisoned,False,0,1,1,1,target_unchanged
64,64,degradation_poisoned,False,0,1,1,1,target_unchanged
65,65,degradation_poisoned,False,0,1,1,1,target_unchanged
66,66,degradation_poisoned,False,0,1,1,1,target_unchanged
67,67,degradation_poisoned,False,0,1,1,1,target_unchanged
68,68,degradation_poisoned,False,0,1,1,1,target_unchanged
69,69,degradation_poisoned,False,0,1,1,1,target_unchanged
70,70,degradation_poisoned,False,0,1,1,1,target_unchanged
71,71,degradation_poisoned,False,0,1,1,1,target_unchanged
72,72,degradation_poisoned,False,0,1,1,1,target_unchanged
73,73,degradation_poisoned,False,0,1,1,1,target_unchanged
74,74,degradation_poisoned,False,0,1,1,1,target_unchanged
75,75,degradation_poisoned,False,0,1,1,1,target_unchanged
76,76,degradation_poisoned,False,0,1,0,0,recovered_or_true_preserved
77,77,degradation_poisoned,False,0,1,0,0,recovered_or_true_preserved
78,78,degradation_poisoned,False,0,1,1,1,target_unchanged
79,79,degradation_poisoned,False,0,1,0,0,recovered_or_true_preserved
80,80,degradation_poisoned,False,0,1,1,1,target_unchanged
81,81,degradation_poisoned,False,0,1,1,1,target_unchanged
82,82,degradation_poisoned,False,0,1,1,1,target_unchanged
83,83,degradation_poisoned,False,0,1,1,1,target_unchanged
84,84,degradation_poisoned,False,0,1,1,1,target_unchanged
85,85,degradation_poisoned,False,0,1,1,1,target_unchanged
86,86,degradation_poisoned,False,0,1,1,1,target_unchanged
87,87,degradation_poisoned,False,0,1,1,1,target_unchanged
88,88,degradation_poisoned,False,0,1,1,1,target_unchanged
89,89,degradation_poisoned,False,0,1,1,1,target_unchanged
90,90,degradation_poisoned,False,0,1,1,1,target_unchanged
91,91,degradation_poisoned,False,0,1,1,1,target_unchanged
92,92,degradation_poisoned,False,0,1,1,1,target_unchanged
93,93,degradation_poisoned,False,0,1,1,1,target_unchanged
94,94,degradation_poisoned,False,0,1,1,1,target_unchanged
95,95,degradation_poisoned,False,0,1,1,1,target_unchanged
96,96,degradation_poisoned,False,0,1,1,1,target_unchanged
97,97,degradation_poisoned,False,0,1,1,1,target_unchanged
98,98,degradation_poisoned,False,0,1,1,1,target_unchanged
99,99,degradation_poisoned,False,0,1,1,1,target_unchanged
100,100,degradation_poisoned,False,0,1,1,1,target_unchanged
101,101,degradation_poisoned,False,0,1,1,1,target_unchanged
102,102,degradation_poisoned,False,0,1,1,1,target_unchanged
103,103,degradation_poisoned,False,0,1,1,1,target_unchanged
104,104,degradation_poisoned,False,0,1,1,1,target_unchanged
105,105,degradation_poisoned,False,0,1,1,1,target_unchanged
106,106,degradation_poisoned,False,0,1,1,1,target_unchanged
107,107,degradation_poisoned,False,0,1,1,1,target_unchanged
108,108,degradation_poisoned,False,0,1,1,1,target_unchanged
109,109,degradation_poisoned,False,0,1,1,1,target_unchanged
110,110,degradation_poisoned,False,0,1,1,1,target_unchanged
111,111,degradation_poisoned,False,0,1,1,1,target_unchanged
112,112,degradation_poisoned,False,0,1,1,1,target_unchanged
113,113,degradation_poisoned,False,0,1,1,1,target_unchanged
114,114,degradation_poisoned,False,0,1,1,1,target_unchanged
115,115,degradation_poisoned,False,0,1,1,1,target_unchanged
116,116,degradation_poisoned,False,0,1,1,1,target_unchanged
117,117,degradation_poisoned,False,0,1,1,1,target_unchanged
118,118,degradation_poisoned,False,0,1,1,1,target_unchanged
119,119,degradation_poisoned,False,0,1,1,1,target_unchanged
120,120,degradation_poisoned,False,0,1,1,1,target_unchanged
121,121,degradation_poisoned,False,0,1,1,1,target_unchanged
122,122,degradation_poisoned,False,0,1,1,1,target_unchanged
123,123,degradation_poisoned,False,0,1,1,1,target_unchanged
124,124,degradation_poisoned,False,0,1,1,1,target_unchanged
125,125,degradation_poisoned,False,0,1,1,1,target_unchanged
126,126,degradation_poisoned,False,0,1,1,1,target_unchanged
127,127,degradation_poisoned,False,0,1,1,1,target_unchanged
128,128,degradation_poisoned,False,0,1,1,1,target_unchanged
129,129,degradation_poisoned,False,0,1,1,1,target_unchanged
130,130,degradation_poisoned,False,0,1,1,1,target_unchanged
131,131,degradation_poisoned,False,0,1,1,1,target_unchanged
132,132,degradation_poisoned,False,0,1,1,1,target_unchanged
133,133,degradation_poisoned,False,0,1,1,1,target_unchanged
134,134,degradation_poisoned,False,0,1,1,1,target_unchanged
135,135,degradation_poisoned,False,0,1,1,1,target_unchanged
136,136,degradation_poisoned,False,0,1,1,1,target_unchanged
137,137,degradation_poisoned,False,0,1,1,1,target_unchanged
138,138,degradation_poisoned,False,0,1,1,1,target_unchanged
139,139,degradation_poisoned,False,0,1,1,1,target_unchanged
140,140,degradation_poisoned,False,0,1,1,1,target_unchanged
141,141,degradation_poisoned,False,0,1,1,1,target_unchanged
142,142,degradation_poisoned,False,0,1,0,0,recovered_or_true_preserved
143,143,degradation_poisoned,False,0,1,1,1,target_unchanged
144,144,degradation_poisoned,False,0,1,1,1,target_unchanged
145,145,degradation_poisoned,False,0,1,1,1,target_unchanged
146,146,degradation_poisoned,False,0,1,1,1,target_unchanged
147,147,degradation_poisoned,False,0,1,1,1,target_unchanged
148,148,degradation_poisoned,False,0,1,1,1,target_unchanged
149,149,degradation_poisoned,False,0,1,1,1,target_unchanged
150,150,degradation_poisoned,False,0,1,1,1,target_unchanged
151,151,degradation_poisoned,False,0,1,1,1,target_unchanged
152,152,degradation_poisoned,False,0,1,1,1,target_unchanged
153,153,degradation_poisoned,False,0,1,1,1,target_unchanged
154,154,degradation_poisoned,False,0,1,1,1,target_unchanged
155,155,degradation_poisoned,False,0,1,1,1,target_unchanged
156,156,degradation_poisoned,False,0,1,1,1,target_unchanged
157,157,degradation_poisoned,False,0,1,1,1,target_unchanged
158,158,degradation_poisoned,False,0,1,1,1,target_unchanged
159,159,degradation_poisoned,False,0,1,1,1,target_unchanged
160,160,degradation_poisoned,False,0,1,1,1,target_unchanged
161,161,degradation_poisoned,False,0,1,1,1,target_unchanged
162,162,degradation_poisoned,False,0,1,1,1,target_unchanged
163,163,degradation_poisoned,False,0,1,1,1,target_unchanged
164,164,degradation_poisoned,False,0,1,1,1,target_unchanged
165,165,degradation_poisoned,False,0,1,1,1,target_unchanged
166,166,degradation_poisoned,False,0,1,1,1,target_unchanged
167,167,degradation_poisoned,False,0,1,1,1,target_unchanged
168,168,degradation_poisoned,False,0,1,1,1,target_unchanged
169,169,degradation_poisoned,False,0,1,1,1,target_unchanged
170,170,degradation_poisoned,False,0,1,1,1,target_unchanged
171,171,degradation_poisoned,False,0,1,1,1,target_unchanged
172,172,degradation_poisoned,False,0,1,1,1,target_unchanged
173,173,degradation_poisoned,False,0,1,1,1,target_unchanged
174,174,degradation_poisoned,False,0,1,1,1,target_unchanged
175,175,degradation_poisoned,False,0,1,1,1,target_unchanged
176,176,degradation_poisoned,False,0,1,1,1,target_unchanged
177,177,degradation_poisoned,False,0,1,1,1,target_unchanged
178,178,degradation_poisoned,False,0,1,1,1,target_unchanged
179,179,degradation_poisoned,False,0,1,1,1,target_unchanged
180,180,degradation_poisoned,False,0,1,1,1,target_unchanged
181,181,degradation_poisoned,False,0,1,1,1,target_unchanged
182,182,degradation_poisoned,False,0,1,1,1,target_unchanged
183,183,degradation_poisoned,False,0,1,1,1,target_unchanged
184,184,degradation_poisoned,False,0,1,1,1,target_unchanged
185,185,degradation_poisoned,False,0,1,1,1,target_unchanged
186,186,degradation_poisoned,False,0,1,1,1,target_unchanged
187,187,degradation_poisoned,False,0,1,1,1,target_unchanged
188,188,degradation_poisoned,False,0,1,1,1,target_unchanged
189,189,degradation_poisoned,False,0,1,1,1,target_unchanged
190,190,degradation_poisoned,False,0,1,1,1,target_unchanged
191,191,degradation_poisoned,False,0,1,1,1,target_unchanged
192,192,degradation_poisoned,False,0,1,1,1,target_unchanged
193,193,degradation_poisoned,False,0,1,1,1,target_unchanged
194,194,degradation_poisoned,False,0,1,1,1,target_unchanged
195,195,degradation_poisoned,False,0,1,1,1,target_unchanged
196,196,degradation_poisoned,False,0,1,1,1,target_unchanged
197,197,degradation_poisoned,False,0,1,1,1,target_unchanged
198,198,degradation_poisoned,False,0,1,1,1,target_unchanged
199,199,degradation_poisoned,False,0,1,1,1,target_unchanged
200,200,degradation_poisoned,False,0,1,1,1,target_unchanged
201,201,degradation_poisoned,False,0,1,1,1,target_unchanged
202,202,degradation_poisoned,False,0,1,1,1,target_unchanged
203,203,degradation_poisoned,False,0,1,1,1,target_unchanged
204,204,degradation_poisoned,False,0,1,1,1,target_unchanged
205,205,degradation_poisoned,False,0,1,1,1,target_unchanged
206,206,degradation_poisoned,False,0,1,1,1,target_unchanged
207,207,degradation_poisoned,False,0,1,1,1,target_unchanged
208,208,degradation_poisoned,False,0,1,1,1,target_unchanged
209,209,degradation_poisoned,False,0,1,1,1,target_unchanged
210,210,degradation_poisoned,False,0,1,1,1,target_unchanged
211,211,degradation_poisoned,False,0,1,1,1,target_unchanged
212,212,degradation_poisoned,False,0,1,1,1,target_unchanged
213,213,degradation_poisoned,False,0,1,1,1,target_unchanged
214,214,degradation_poisoned,False,0,1,1,1,target_unchanged
215,215,degradation_poisoned,False,0,1,1,1,target_unchanged
216,216,degradation_poisoned,False,0,1,1,1,target_unchanged
217,217,degradation_poisoned,False,0,1,1,1,target_unchanged
218,218,degradation_poisoned,False,0,1,1,1,target_unchanged
219,219,degradation_poisoned,False,0,1,1,1,target_unchanged
220,220,degradation_poisoned,False,0,1,1,1,target_unchanged
221,221,degradation_poisoned,False,0,1,1,1,target_unchanged
222,222,degradation_poisoned,False,0,1,1,1,target_unchanged
223,223,degradation_poisoned,False,0,1,1,1,target_unchanged
224,224,degradation_poisoned,False,0,1,1,1,target_unchanged
225,225,degradation_poisoned,False,0,1,1,1,target_unchanged
226,226,degradation_poisoned,False,0,1,1,1,target_unchanged
227,227,degradation_poisoned,False,0,1,1,1,target_unchanged
228,228,degradation_poisoned,False,0,1,1,1,target_unchanged
229,229,degradation_poisoned,False,0,1,1,1,target_unchanged
230,230,degradation_poisoned,False,0,1,1,1,target_unchanged
231,231,degradation_poisoned,False,0,1,1,1,target_unchanged
232,232,degradation_poisoned,False,0,1,1,1,target_unchanged
233,233,degradation_poisoned,False,0,1,1,1,target_unchanged
234,234,degradation_poisoned,False,0,1,1,1,target_unchanged
235,235,degradation_poisoned,False,0,1,1,1,target_unchanged
236,236,degradation_poisoned,False,0,1,1,1,target_unchanged
237,237,degradation_poisoned,False,0,1,1,1,target_unchanged
238,238,degradation_poisoned,False,0,1,1,1,target_unchanged
239,239,degradation_poisoned,False,0,1,1,1,target_unchanged
240,240,degradation_poisoned,False,0,1,1,1,target_unchanged
241,241,degradation_poisoned,False,0,1,1,1,target_unchanged
242,242,degradation_poisoned,False,0,1,1,1,target_unchanged
243,243,degradation_poisoned,False,0,1,1,1,target_unchanged
244,244,degradation_poisoned,False,0,1,1,1,target_unchanged
245,245,degradation_poisoned,False,0,1,1,1,target_unchanged
246,246,degradation_poisoned,False,0,1,1,1,target_unchanged
247,247,degradation_poisoned,False,0,1,1,1,target_unchanged
248,248,degradation_poisoned,False,0,1,1,1,target_unchanged
249,249,degradation_poisoned,False,0,1,1,1,target_unchanged
250,250,degradation_poisoned,False,0,1,1,1,target_unchanged
251,251,degradation_poisoned,False,0,1,1,1,target_unchanged
252,252,degradation_poisoned,False,0,1,1,1,target_unchanged
253,253,degradation_poisoned,False,0,1,1,1,target_unchanged
254,254,degradation_poisoned,False,0,1,1,1,target_unchanged
255,255,degradation_poisoned,False,0,1,1,1,target_unchanged
256,256,degradation_poisoned,False,0,1,1,1,target_unchanged
257,257,degradation_poisoned,False,0,1,1,1,target_unchanged
258,258,degradation_poisoned,False,0,1,1,1,target_unchanged
259,259,degradation_poisoned,False,0,1,1,1,target_unchanged
260,260,degradation_poisoned,False,0,1,1,1,target_unchanged
261,261,degradation_poisoned,False,0,1,1,1,target_unchanged
262,262,degradation_poisoned,False,0,1,1,1,target_unchanged
263,263,degradation_poisoned,False,0,1,1,1,target_unchanged
264,264,degradation_poisoned,False,0,1,1,1,target_unchanged
265,265,degradation_poisoned,False,0,1,1,1,target_unchanged
266,266,degradation_poisoned,False,0,1,1,1,target_unchanged
267,267,degradation_poisoned,False,0,1,0,0,recovered_or_true_preserved
268,268,degradation_poisoned,False,0,1,1,1,target_unchanged
269,269,degradation_poisoned,False,0,1,1,1,target_unchanged
270,270,degradation_poisoned,False,0,1,1,1,target_unchanged
271,271,degradation_poisoned,False,0,1,1,1,target_unchanged
272,272,degradation_poisoned,False,0,1,1,1,target_unchanged
273,273,degradation_poisoned,False,0,1,1,1,target_unchanged
274,274,degradation_poisoned,False,0,1,1,1,target_unchanged
275,275,degradation_poisoned,False,0,1,1,1,target_unchanged
276,276,degradation_poisoned,False,0,1,1,1,target_unchanged
277,277,degradation_poisoned,False,0,1,1,1,target_unchanged
278,278,degradation_poisoned,False,0,1,1,1,target_unchanged
279,279,degradation_poisoned,False,0,1,1,1,target_unchanged
280,280,degradation_poisoned,False,0,1,1,1,target_unchanged
281,281,degradation_poisoned,False,0,1,1,1,target_unchanged
282,282,degradation_poisoned,False,0,1,1,1,target_unchanged
283,283,degradation_poisoned,False,0,1,1,1,target_unchanged
284,284,degradation_poisoned,False,0,1,1,1,target_unchanged
285,285,degradation_poisoned,False,0,1,1,1,target_unchanged
286,286,degradation_poisoned,False,0,1,1,1,target_unchanged
287,287,degradation_poisoned,False,0,1,0,0,recovered_or_true_preserved
288,288,degradation_poisoned,False,0,1,1,1,target_unchanged
289,289,degradation_poisoned,False,0,1,0,0,recovered_or_true_preserved
290,290,degradation_poisoned,False,0,1,1,1,target_unchanged
291,291,degradation_poisoned,False,0,1,1,1,target_unchanged
292,292,degradation_poisoned,False,0,1,1,1,target_unchanged
293,293,degradation_poisoned,False,0,1,1,1,target_unchanged
294,294,degradation_poisoned,False,0,1,1,1,target_unchanged
295,295,degradation_poisoned,False,0,1,1,1,target_unchanged
296,296,degradation_poisoned,False,0,1,1,1,target_unchanged
297,297,degradation_poisoned,False,0,1,1,1,target_unchanged
298,298,degradation_poisoned,False,0,1,1,1,target_unchanged
299,299,degradation_poisoned,False,0,1,1,1,target_unchanged
300,300,degradation_poisoned,False,0,1,1,1,target_unchanged
301,301,degradation_poisoned,False,0,1,1,1,target_unchanged
302,302,degradation_poisoned,False,0,1,1,1,target_unchanged
303,303,degradation_poisoned,False,0,1,1,1,target_unchanged
304,304,degradation_poisoned,False,0,1,1,1,target_unchanged
305,305,degradation_poisoned,False,0,1,1,1,target_unchanged
306,306,degradation_poisoned,False,0,1,1,1,target_unchanged
307,307,degradation_poisoned,False,0,1,1,1,target_unchanged
308,308,degradation_poisoned,False,0,1,1,1,target_unchanged
309,309,degradation_poisoned,False,0,1,1,1,target_unchanged
310,310,degradation_poisoned,False,0,1,1,1,target_unchanged
311,311,degradation_poisoned,False,0,1,1,1,target_unchanged
312,312,degradation_poisoned,False,0,1,1,1,target_unchanged
313,313,degradation_poisoned,False,0,1,1,1,target_unchanged
314,314,degradation_poisoned,False,0,1,1,1,target_unchanged
315,315,degradation_poisoned,False,0,1,1,1,target_unchanged
316,316,degradation_poisoned,False,0,1,1,1,target_unchanged
317,317,degradation_poisoned,False,0,1,1,1,target_unchanged
318,318,degradation_poisoned,False,0,1,1,1,target_unchanged
319,319,degradation_poisoned,False,0,1,1,1,target_unchanged
320,320,degradation_poisoned,False,0,1,1,1,target_unchanged
321,321,degradation_poisoned,False,0,1,1,1,target_unchanged
322,322,degradation_poisoned,False,0,1,1,1,target_unchanged
323,323,degradation_poisoned,False,0,1,1,1,target_unchanged
324,324,degradation_poisoned,False,0,1,1,1,target_unchanged
325,325,degradation_poisoned,False,0,1,1,1,target_unchanged
326,326,degradation_poisoned,False,0,1,1,1,target_unchanged
327,327,degradation_poisoned,False,0,1,1,1,target_unchanged
328,328,degradation_poisoned,False,0,1,1,1,target_unchanged
329,329,degradation_poisoned,False,0,1,1,1,target_unchanged
330,330,degradation_poisoned,False,0,1,1,1,target_unchanged
331,331,degradation_poisoned,False,0,1,1,1,target_unchanged
332,332,degradation_poisoned,False,0,1,1,1,target_unchanged
333,333,degradation_poisoned,False,0,1,1,1,target_unchanged
334,334,degradation_poisoned,False,0,1,0,0,recovered_or_true_preserved
335,335,degradation_poisoned,False,0,1,1,1,target_unchanged
336,336,degradation_poisoned,False,0,1,1,1,target_unchanged
337,337,degradation_poisoned,False,0,1,1,1,target_unchanged
338,338,degradation_poisoned,False,0,1,1,1,target_unchanged
339,339,degradation_poisoned,False,0,1,1,1,target_unchanged
340,340,degradation_poisoned,False,0,1,1,1,target_unchanged
341,341,degradation_poisoned,False,0,1,1,1,target_unchanged
342,342,degradation_poisoned,False,0,1,1,1,target_unchanged
343,343,degradation_poisoned,False,0,1,1,1,target_unchanged
344,344,degradation_poisoned,False,0,1,1,1,target_unchanged
345,345,degradation_poisoned,False,0,1,1,1,target_unchanged
346,346,degradation_poisoned,False,0,1,1,1,target_unchanged
347,347,degradation_poisoned,False,0,1,1,1,target_unchanged
348,348,degradation_poisoned,False,0,1,1,1,target_unchanged
349,349,degradation_poisoned,False,0,1,1,1,target_unchanged
350,350,degradation_poisoned,False,0,1,1,1,target_unchanged
351,351,degradation_poisoned,False,0,1,1,1,target_unchanged
352,352,degradation_poisoned,False,0,1,1,1,target_unchanged
353,353,degradation_poisoned,False,0,1,0,0,recovered_or_true_preserved
354,354,degradation_poisoned,False,0,1,1,1,target_unchanged
355,355,degradation_poisoned,False,0,1,1,1,target_unchanged
356,356,degradation_poisoned,False,0,1,1,1,target_unchanged
357,357,degradation_poisoned,False,0,1,1,1,target_unchanged
358,358,degradation_poisoned,False,0,1,1,1,target_unchanged
359,359,degradation_poisoned,False,0,1,1,1,target_unchanged
360,360,degradation_poisoned,False,0,1,1,1,target_unchanged
361,361,degradation_poisoned,False,0,1,1,1,target_unchanged
362,362,degradation_poisoned,False,0,1,1,1,target_unchanged
363,363,degradation_poisoned,False,0,1,1,1,target_unchanged
364,364,degradation_poisoned,False,0,1,1,1,target_unchanged
365,365,degradation_poisoned,False,0,1,1,1,target_unchanged
366,366,degradation_poisoned,False,0,1,1,1,target_unchanged
367,367,degradation_poisoned,False,0,1,1,1,target_unchanged
368,368,degradation_poisoned,False,0,1,1,1,target_unchanged
369,369,degradation_poisoned,False,0,1,1,1,target_unchanged
370,370,degradation_poisoned,False,0,1,1,1,target_unchanged
371,371,degradation_poisoned,False,0,1,1,1,target_unchanged
372,372,degradation_poisoned,False,0,1,1,1,target_unchanged
373,373,degradation_poisoned,False,0,1,1,1,target_unchanged
374,374,degradation_poisoned,False,0,1,1,1,target_unchanged
375,375,degradation_poisoned,False,0,1,1,1,target_unchanged
376,376,degradation_poisoned,False,0,1,1,1,target_unchanged
377,377,degradation_poisoned,False,0,1,1,1,target_unchanged
378,378,degradation_poisoned,False,0,1,1,1,target_unchanged
379,379,degradation_poisoned,False,0,1,1,1,target_unchanged
380,380,degradation_poisoned,False,0,1,1,1,target_unchanged
381,381,degradation_poisoned,False,0,1,1,1,target_unchanged
382,382,degradation_poisoned,False,0,1,1,1,target_unchanged
383,383,degradation_poisoned,False,0,1,1,1,target_unchanged
384,384,degradation_poisoned,False,0,1,1,1,target_unchanged
385,385,degradation_poisoned,False,0,1,1,1,target_unchanged
386,386,degradation_poisoned,False,0,1,1,1,target_unchanged
387,387,degradation_poisoned,False,1,1,1,1,target_to_true
388,388,degradation_poisoned,False,1,1,1,1,target_to_true
389,389,degradation_poisoned,False,1,1,1,1,target_to_true
390,390,degradation_poisoned,False,1,1,1,1,target_to_true
391,391,degradation_poisoned,False,1,1,1,1,target_to_true
392,392,degradation_poisoned,False,1,1,1,1,target_to_true
393,393,degradation_poisoned,False,1,1,1,1,target_to_true
394,394,degradation_poisoned,False,1,1,1,1,target_to_true
395,395,degradation_poisoned,False,1,1,1,1,target_to_true
396,396,degradation_poisoned,False,1,1,1,1,target_to_true
397,397,degradation_poisoned,False,1,1,1,1,target_to_true
398,398,degradation_poisoned,False,1,1,1,1,target_to_true
399,399,degradation_poisoned,False,1,1,1,1,target_to_true
400,400,degradation_poisoned,False,1,1,1,1,target_to_true
401,401,degradation_poisoned,False,1,1,1,1,target_to_true
402,402,degradation_poisoned,False,1,1,1,1,target_to_true
403,403,degradation_poisoned,False,1,1,1,1,target_to_true
404,404,degradation_poisoned,False,1,1,1,1,target_to_true
405,405,degradation_poisoned,False,1,1,1,1,target_to_true
406,406,degradation_poisoned,False,1,1,1,1,target_to_true
407,407,degradation_poisoned,False,1,1,1,1,target_to_true
408,408,degradation_poisoned,False,1,1,1,1,target_to_true
409,409,degradation_poisoned,False,1,1,1,1,target_to_true
410,410,degradation_poisoned,False,1,1,1,1,target_to_true
411,411,degradation_poisoned,False,1,1,1,1,target_to_true
412,412,degradation_poisoned,False,1,1,1,1,target_to_true
413,413,degradation_poisoned,False,1,1,1,1,target_to_true
414,414,degradation_poisoned,False,1,1,1,1,target_to_true
415,415,degradation_poisoned,False,1,1,1,1,target_to_true
416,416,degradation_poisoned,False,1,1,1,1,target_to_true
417,417,degradation_poisoned,False,1,1,1,1,target_to_true
418,418,degradation_poisoned,False,1,1,1,1,target_to_true
419,419,degradation_poisoned,False,1,1,1,1,target_to_true
420,420,degradation_poisoned,False,1,1,1,1,target_to_true
421,421,degradation_poisoned,False,1,1,1,1,target_to_true
422,422,degradation_poisoned,False,1,1,1,1,target_to_true
423,423,degradation_poisoned,False,1,1,1,1,target_to_true
424,424,degradation_poisoned,False,1,1,1,1,target_to_true
425,425,degradation_poisoned,False,1,1,1,1,target_to_true
426,426,degradation_poisoned,False,1,1,1,1,target_to_true
427,427,degradation_poisoned,False,1,1,1,1,target_to_true
428,428,degradation_poisoned,False,1,1,1,1,target_to_true
429,429,degradation_poisoned,False,1,1,1,1,target_to_true
430,430,degradation_poisoned,False,1,1,1,1,target_to_true
431,431,degradation_poisoned,False,1,1,1,1,target_to_true
432,432,degradation_poisoned,False,1,1,1,1,target_to_true
433,433,degradation_poisoned,False,1,1,1,1,target_to_true
434,434,degradation_poisoned,False,1,1,1,1,target_to_true
435,435,degradation_poisoned,False,1,1,1,1,target_to_true
436,436,degradation_poisoned,False,1,1,1,1,target_to_true
437,437,degradation_poisoned,False,1,1,1,1,target_to_true
438,438,degradation_poisoned,False,1,1,1,1,target_to_true
439,439,degradation_poisoned,False,1,1,1,1,target_to_true
440,440,degradation_poisoned,False,1,1,1,1,target_to_true
441,441,degradation_poisoned,False,1,1,1,1,target_to_true
442,442,degradation_poisoned,False,1,1,1,1,target_to_true
443,443,degradation_poisoned,False,1,1,1,1,target_to_true
444,444,degradation_poisoned,False,1,1,1,1,target_to_true
445,445,degradation_poisoned,False,1,1,1,1,target_to_true
446,446,degradation_poisoned,False,1,1,1,1,target_to_true
447,447,degradation_poisoned,False,1,1,1,1,target_to_true
448,448,degradation_poisoned,False,1,1,1,1,target_to_true
449,449,degradation_poisoned,False,1,1,1,1,target_to_true
450,450,degradation_poisoned,False,1,1,1,1,target_to_true
451,451,degradation_poisoned,False,1,1,1,1,target_to_true
452,452,degradation_poisoned,False,1,1,1,1,target_to_true
453,453,degradation_poisoned,False,1,1,1,1,target_to_true
454,454,degradation_poisoned,False,1,1,1,1,target_to_true
455,455,degradation_poisoned,False,1,1,1,1,target_to_true
456,456,degradation_poisoned,False,1,1,1,1,target_to_true
457,457,degradation_poisoned,False,1,1,1,1,target_to_true
458,458,degradation_poisoned,False,1,1,1,1,target_to_true
459,459,degradation_poisoned,False,1,1,1,1,target_to_true
460,460,degradation_poisoned,False,1,1,1,1,target_to_true
461,461,degradation_poisoned,False,1,1,1,1,target_to_true
462,462,degradation_poisoned,False,1,1,1,1,target_to_true
463,463,degradation_poisoned,False,1,1,1,1,target_to_true
464,464,degradation_poisoned,False,1,1,1,1,target_to_true
465,465,degradation_poisoned,False,1,1,1,1,target_to_true
466,466,degradation_poisoned,False,1,1,1,1,target_to_true
467,467,degradation_poisoned,False,1,1,1,1,target_to_true
468,468,degradation_poisoned,False,1,1,1,1,target_to_true
469,469,degradation_poisoned,False,1,1,1,1,target_to_true
470,470,degradation_poisoned,False,1,1,1,1,target_to_true
471,471,degradation_poisoned,False,1,1,1,1,target_to_true
472,472,degradation_poisoned,False,1,1,1,1,target_to_true
473,473,degradation_poisoned,False,1,1,1,1,target_to_true
474,474,degradation_poisoned,False,1,1,1,1,target_to_true
475,475,degradation_poisoned,False,1,1,1,1,target_to_true
476,476,degradation_poisoned,False,1,1,1,1,target_to_true
477,477,degradation_poisoned,False,1,1,1,1,target_to_true
478,478,degradation_poisoned,False,1,1,1,1,target_to_true
479,479,degradation_poisoned,False,1,1,1,1,target_to_true
480,480,degradation_poisoned,False,1,1,1,1,target_to_true
481,481,degradation_poisoned,False,1,1,1,1,target_to_true
482,482,degradation_poisoned,False,1,1,1,1,target_to_true
483,483,degradation_poisoned,False,1,1,1,1,target_to_true
484,484,degradation_poisoned,False,1,1,1,1,target_to_true
485,485,degradation_poisoned,False,1,1,1,1,target_to_true
486,486,degradation_poisoned,False,1,1,1,1,target_to_true
487,487,degradation_poisoned,False,1,1,1,1,target_to_true
488,488,degradation_poisoned,False,1,1,1,1,target_to_true
489,489,degradation_poisoned,False,1,1,1,1,target_to_true
490,490,degradation_poisoned,False,1,1,1,1,target_to_true
491,491,degradation_poisoned,False,1,1,1,1,target_to_true
492,492,degradation_poisoned,False,1,1,1,1,target_to_true
493,493,degradation_poisoned,False,1,1,1,1,target_to_true
494,494,degradation_poisoned,False,1,1,1,1,target_to_true
495,495,degradation_poisoned,False,1,1,1,1,target_to_true
496,496,degradation_poisoned,False,1,1,1,1,target_to_true
497,497,degradation_poisoned,False,1,1,1,1,target_to_true
498,498,degradation_poisoned,False,1,1,1,1,target_to_true
499,499,degradation_poisoned,False,1,1,1,1,target_to_true
500,500,degradation_poisoned,False,1,1,1,1,target_to_true
501,501,degradation_poisoned,False,1,1,1,1,target_to_true
502,502,degradation_poisoned,False,1,1,1,1,target_to_true
503,503,degradation_poisoned,False,1,1,1,1,target_to_true
504,504,degradation_poisoned,False,1,1,1,1,target_to_true
505,505,degradation_poisoned,False,1,1,1,1,target_to_true
506,506,degradation_poisoned,False,1,1,1,1,target_to_true
507,507,degradation_poisoned,False,1,1,1,1,target_to_true
508,508,degradation_poisoned,False,1,1,1,1,target_to_true
509,509,degradation_poisoned,False,1,1,1,1,target_to_true
510,510,degradation_poisoned,False,1,1,1,1,target_to_true
511,511,degradation_poisoned,False,1,1,1,1,target_to_true
0,0,restoration_poisoned,True,0,1,1,0,target_to_true
1,1,restoration_poisoned,True,0,1,1,9,target_to_other_wrong
2,2,restoration_poisoned,True,0,1,1,0,target_to_true
3,3,restoration_poisoned,True,0,1,1,0,target_to_true
4,4,restoration_poisoned,True,0,1,1,1,target_unchanged
5,5,restoration_poisoned,True,0,1,1,9,target_to_other_wrong
6,6,restoration_poisoned,True,0,1,1,0,target_to_true
7,7,restoration_poisoned,True,0,1,1,1,target_unchanged
8,8,restoration_poisoned,True,0,1,1,8,target_to_other_wrong
9,9,restoration_poisoned,True,0,1,1,0,target_to_true
10,10,restoration_poisoned,True,0,1,1,0,target_to_true
11,11,restoration_poisoned,True,0,1,1,1,target_unchanged
12,12,restoration_poisoned,True,0,1,1,0,target_to_true
13,13,restoration_poisoned,True,0,1,1,0,target_to_true
14,14,restoration_poisoned,True,0,1,1,0,target_to_true
15,15,restoration_poisoned,True,0,1,1,0,target_to_true
16,16,restoration_poisoned,True,0,1,1,9,target_to_other_wrong
17,17,restoration_poisoned,True,0,1,1,0,target_to_true
18,18,restoration_poisoned,True,0,1,1,0,target_to_true
19,19,restoration_poisoned,True,0,1,1,1,target_unchanged
20,20,restoration_poisoned,True,0,1,1,0,target_to_true
21,21,restoration_poisoned,True,0,1,1,1,target_unchanged
22,22,restoration_poisoned,True,0,1,1,0,target_to_true
23,23,restoration_poisoned,True,0,1,1,0,target_to_true
24,24,restoration_poisoned,True,0,1,1,1,target_unchanged
25,25,restoration_poisoned,True,0,1,0,0,recovered_or_true_preserved
26,26,restoration_poisoned,True,0,1,1,1,target_unchanged
27,27,restoration_poisoned,True,0,1,1,0,target_to_true
28,28,restoration_poisoned,True,0,1,1,8,target_to_other_wrong
29,29,restoration_poisoned,True,0,1,1,0,target_to_true
30,30,restoration_poisoned,True,0,1,1,0,target_to_true
31,31,restoration_poisoned,True,0,1,1,9,target_to_other_wrong
32,32,restoration_poisoned,True,0,1,1,0,target_to_true
33,33,restoration_poisoned,True,0,1,1,4,target_to_other_wrong
34,34,restoration_poisoned,True,0,1,1,3,target_to_other_wrong
35,35,restoration_poisoned,True,0,1,1,0,target_to_true
36,36,restoration_poisoned,True,0,1,1,0,target_to_true
37,37,restoration_poisoned,True,0,1,1,1,target_unchanged
38,38,restoration_poisoned,True,0,1,1,0,target_to_true
39,39,restoration_poisoned,True,0,1,1,0,target_to_true
40,40,restoration_poisoned,True,0,1,1,0,target_to_true
41,41,restoration_poisoned,True,0,1,1,1,target_unchanged
42,42,restoration_poisoned,True,0,1,1,0,target_to_true
43,43,restoration_poisoned,True,0,1,1,9,target_to_other_wrong
44,44,restoration_poisoned,True,0,1,1,0,target_to_true
45,45,restoration_poisoned,True,0,1,1,0,target_to_true
46,46,restoration_poisoned,True,0,1,1,0,target_to_true
47,47,restoration_poisoned,True,0,1,1,9,target_to_other_wrong
48,48,restoration_poisoned,True,0,1,1,0,target_to_true
49,49,restoration_poisoned,True,0,1,1,0,target_to_true
50,50,restoration_poisoned,True,0,1,1,0,target_to_true
51,51,restoration_poisoned,True,0,1,1,9,target_to_other_wrong
52,52,restoration_poisoned,True,0,1,1,0,target_to_true
53,53,restoration_poisoned,True,0,1,1,0,target_to_true
54,54,restoration_poisoned,True,0,1,1,0,target_to_true
55,55,restoration_poisoned,True,0,1,1,0,target_to_true
56,56,restoration_poisoned,True,0,1,1,8,target_to_other_wrong
57,57,restoration_poisoned,True,0,1,1,0,target_to_true
58,58,restoration_poisoned,True,0,1,1,9,target_to_other_wrong
59,59,restoration_poisoned,True,0,1,1,0,target_to_true
60,60,restoration_poisoned,True,0,1,1,1,target_unchanged
61,61,restoration_poisoned,True,0,1,1,0,target_to_true
62,62,restoration_poisoned,True,0,1,1,0,target_to_true
63,63,restoration_poisoned,True,0,1,1,8,target_to_other_wrong
64,64,restoration_poisoned,True,0,1,1,0,target_to_true
65,65,restoration_poisoned,True,0,1,1,8,target_to_other_wrong
66,66,restoration_poisoned,True,0,1,1,0,target_to_true
67,67,restoration_poisoned,True,0,1,1,4,target_to_other_wrong
68,68,restoration_poisoned,True,0,1,1,0,target_to_true
69,69,restoration_poisoned,True,0,1,1,0,target_to_true
70,70,restoration_poisoned,True,0,1,1,0,target_to_true
71,71,restoration_poisoned,True,0,1,1,1,target_unchanged
72,72,restoration_poisoned,True,0,1,1,0,target_to_true
73,73,restoration_poisoned,True,0,1,1,0,target_to_true
74,74,restoration_poisoned,True,0,1,1,4,target_to_other_wrong
75,75,restoration_poisoned,True,0,1,1,0,target_to_true
76,76,restoration_poisoned,True,0,1,0,0,recovered_or_true_preserved
77,77,restoration_poisoned,True,0,1,0,0,recovered_or_true_preserved
78,78,restoration_poisoned,True,0,1,1,0,target_to_true
79,79,restoration_poisoned,True,0,1,0,0,recovered_or_true_preserved
80,80,restoration_poisoned,True,0,1,1,1,target_unchanged
81,81,restoration_poisoned,True,0,1,1,0,target_to_true
82,82,restoration_poisoned,True,0,1,1,0,target_to_true
83,83,restoration_poisoned,True,0,1,1,0,target_to_true
84,84,restoration_poisoned,True,0,1,1,0,target_to_true
85,85,restoration_poisoned,True,0,1,1,0,target_to_true
86,86,restoration_poisoned,True,0,1,1,9,target_to_other_wrong
87,87,restoration_poisoned,True,0,1,1,0,target_to_true
88,88,restoration_poisoned,True,0,1,1,0,target_to_true
89,89,restoration_poisoned,True,0,1,1,0,target_to_true
90,90,restoration_poisoned,True,0,1,1,0,target_to_true
91,91,restoration_poisoned,True,0,1,1,1,target_unchanged
92,92,restoration_poisoned,True,0,1,1,4,target_to_other_wrong
93,93,restoration_poisoned,True,0,1,1,0,target_to_true
94,94,restoration_poisoned,True,0,1,1,9,target_to_other_wrong
95,95,restoration_poisoned,True,0,1,1,1,target_unchanged
96,96,restoration_poisoned,True,0,1,1,0,target_to_true
97,97,restoration_poisoned,True,0,1,1,3,target_to_other_wrong
98,98,restoration_poisoned,True,0,1,1,0,target_to_true
99,99,restoration_poisoned,True,0,1,1,8,target_to_other_wrong
100,100,restoration_poisoned,True,0,1,1,9,target_to_other_wrong
101,101,restoration_poisoned,True,0,1,1,9,target_to_other_wrong
102,102,restoration_poisoned,True,0,1,1,0,target_to_true
103,103,restoration_poisoned,True,0,1,1,0,target_to_true
104,104,restoration_poisoned,True,0,1,1,0,target_to_true
105,105,restoration_poisoned,True,0,1,1,0,target_to_true
106,106,restoration_poisoned,True,0,1,1,1,target_unchanged
107,107,restoration_poisoned,True,0,1,1,9,target_to_other_wrong
108,108,restoration_poisoned,True,0,1,1,0,target_to_true
109,109,restoration_poisoned,True,0,1,1,9,target_to_other_wrong
110,110,restoration_poisoned,True,0,1,1,0,target_to_true
111,111,restoration_poisoned,True,0,1,1,9,target_to_other_wrong
112,112,restoration_poisoned,True,0,1,1,0,target_to_true
113,113,restoration_poisoned,True,0,1,1,9,target_to_other_wrong
114,114,restoration_poisoned,True,0,1,1,8,target_to_other_wrong
115,115,restoration_poisoned,True,0,1,1,0,target_to_true
116,116,restoration_poisoned,True,0,1,1,1,target_unchanged
117,117,restoration_poisoned,True,0,1,1,0,target_to_true
118,118,restoration_poisoned,True,0,1,1,9,target_to_other_wrong
119,119,restoration_poisoned,True,0,1,1,0,target_to_true
120,120,restoration_poisoned,True,0,1,1,0,target_to_true
121,121,restoration_poisoned,True,0,1,1,0,target_to_true
122,122,restoration_poisoned,True,0,1,1,0,target_to_true
123,123,restoration_poisoned,True,0,1,1,9,target_to_other_wrong
124,124,restoration_poisoned,True,0,1,1,0,target_to_true
125,125,restoration_poisoned,True,0,1,1,9,target_to_other_wrong
126,126,restoration_poisoned,True,0,1,1,0,target_to_true
127,127,restoration_poisoned,True,0,1,1,0,target_to_true
128,128,restoration_poisoned,True,0,1,1,0,target_to_true
129,129,restoration_poisoned,True,0,1,1,0,target_to_true
130,130,restoration_poisoned,True,0,1,1,0,target_to_true
131,131,restoration_poisoned,True,0,1,1,0,target_to_true
132,132,restoration_poisoned,True,0,1,1,8,target_to_other_wrong
133,133,restoration_poisoned,True,0,1,1,8,target_to_other_wrong
134,134,restoration_poisoned,True,0,1,1,0,target_to_true
135,135,restoration_poisoned,True,0,1,1,0,target_to_true
136,136,restoration_poisoned,True,0,1,1,0,target_to_true
137,137,restoration_poisoned,True,0,1,1,0,target_to_true
138,138,restoration_poisoned,True,0,1,1,0,target_to_true
139,139,restoration_poisoned,True,0,1,1,0,target_to_true
140,140,restoration_poisoned,True,0,1,1,0,target_to_true
141,141,restoration_poisoned,True,0,1,1,1,target_unchanged
142,142,restoration_poisoned,True,0,1,0,0,recovered_or_true_preserved
143,143,restoration_poisoned,True,0,1,1,9,target_to_other_wrong
144,144,restoration_poisoned,True,0,1,1,0,target_to_true
145,145,restoration_poisoned,True,0,1,1,0,target_to_true
146,146,restoration_poisoned,True,0,1,1,6,target_to_other_wrong
147,147,restoration_poisoned,True,0,1,1,9,target_to_other_wrong
148,148,restoration_poisoned,True,0,1,1,8,target_to_other_wrong
149,149,restoration_poisoned,True,0,1,1,8,target_to_other_wrong
150,150,restoration_poisoned,True,0,1,1,1,target_unchanged
151,151,restoration_poisoned,True,0,1,1,0,target_to_true
152,152,restoration_poisoned,True,0,1,1,0,target_to_true
153,153,restoration_poisoned,True,0,1,1,1,target_unchanged
154,154,restoration_poisoned,True,0,1,1,9,target_to_other_wrong
155,155,restoration_poisoned,True,0,1,1,0,target_to_true
156,156,restoration_poisoned,True,0,1,1,0,target_to_true
157,157,restoration_poisoned,True,0,1,1,0,target_to_true
158,158,restoration_poisoned,True,0,1,1,9,target_to_other_wrong
159,159,restoration_poisoned,True,0,1,1,9,target_to_other_wrong
160,160,restoration_poisoned,True,0,1,1,0,target_to_true
161,161,restoration_poisoned,True,0,1,1,6,target_to_other_wrong
162,162,restoration_poisoned,True,0,1,1,3,target_to_other_wrong
163,163,restoration_poisoned,True,0,1,1,8,target_to_other_wrong
164,164,restoration_poisoned,True,0,1,1,0,target_to_true
165,165,restoration_poisoned,True,0,1,1,0,target_to_true
166,166,restoration_poisoned,True,0,1,1,0,target_to_true
167,167,restoration_poisoned,True,0,1,1,1,target_unchanged
168,168,restoration_poisoned,True,0,1,1,0,target_to_true
169,169,restoration_poisoned,True,0,1,1,8,target_to_other_wrong
170,170,restoration_poisoned,True,0,1,1,8,target_to_other_wrong
171,171,restoration_poisoned,True,0,1,1,9,target_to_other_wrong
172,172,restoration_poisoned,True,0,1,1,0,target_to_true
173,173,restoration_poisoned,True,0,1,1,8,target_to_other_wrong
174,174,restoration_poisoned,True,0,1,1,0,target_to_true
175,175,restoration_poisoned,True,0,1,1,8,target_to_other_wrong
176,176,restoration_poisoned,True,0,1,1,8,target_to_other_wrong
177,177,restoration_poisoned,True,0,1,1,0,target_to_true
178,178,restoration_poisoned,True,0,1,1,0,target_to_true
179,179,restoration_poisoned,True,0,1,1,0,target_to_true
180,180,restoration_poisoned,True,0,1,1,1,target_unchanged
181,181,restoration_poisoned,True,0,1,1,0,target_to_true
182,182,restoration_poisoned,True,0,1,1,0,target_to_true
183,183,restoration_poisoned,True,0,1,1,1,target_unchanged
184,184,restoration_poisoned,True,0,1,1,9,target_to_other_wrong
185,185,restoration_poisoned,True,0,1,1,1,target_unchanged
186,186,restoration_poisoned,True,0,1,1,0,target_to_true
187,187,restoration_poisoned,True,0,1,1,6,target_to_other_wrong
188,188,restoration_poisoned,True,0,1,1,1,target_unchanged
189,189,restoration_poisoned,True,0,1,1,9,target_to_other_wrong
190,190,restoration_poisoned,True,0,1,1,0,target_to_true
191,191,restoration_poisoned,True,0,1,1,0,target_to_true
192,192,restoration_poisoned,True,0,1,1,4,target_to_other_wrong
193,193,restoration_poisoned,True,0,1,1,0,target_to_true
194,194,restoration_poisoned,True,0,1,1,1,target_unchanged
195,195,restoration_poisoned,True,0,1,1,1,target_unchanged
196,196,restoration_poisoned,True,0,1,1,6,target_to_other_wrong
197,197,restoration_poisoned,True,0,1,1,0,target_to_true
198,198,restoration_poisoned,True,0,1,1,9,target_to_other_wrong
199,199,restoration_poisoned,True,0,1,1,9,target_to_other_wrong
200,200,restoration_poisoned,True,0,1,1,0,target_to_true
201,201,restoration_poisoned,True,0,1,1,1,target_unchanged
202,202,restoration_poisoned,True,0,1,1,6,target_to_other_wrong
203,203,restoration_poisoned,True,0,1,1,0,target_to_true
204,204,restoration_poisoned,True,0,1,1,0,target_to_true
205,205,restoration_poisoned,True,0,1,1,0,target_to_true
206,206,restoration_poisoned,True,0,1,1,0,target_to_true
207,207,restoration_poisoned,True,0,1,1,9,target_to_other_wrong
208,208,restoration_poisoned,True,0,1,1,0,target_to_true
209,209,restoration_poisoned,True,0,1,1,9,target_to_other_wrong
210,210,restoration_poisoned,True,0,1,1,8,target_to_other_wrong
211,211,restoration_poisoned,True,0,1,1,0,target_to_true
212,212,restoration_poisoned,True,0,1,1,9,target_to_other_wrong
213,213,restoration_poisoned,True,0,1,1,9,target_to_other_wrong
214,214,restoration_poisoned,True,0,1,1,0,target_to_true
215,215,restoration_poisoned,True,0,1,1,8,target_to_other_wrong
216,216,restoration_poisoned,True,0,1,1,0,target_to_true
217,217,restoration_poisoned,True,0,1,1,0,target_to_true
218,218,restoration_poisoned,True,0,1,1,0,target_to_true
219,219,restoration_poisoned,True,0,1,1,1,target_unchanged
220,220,restoration_poisoned,True,0,1,1,9,target_to_other_wrong
221,221,restoration_poisoned,True,0,1,1,0,target_to_true
222,222,restoration_poisoned,True,0,1,1,0,target_to_true
223,223,restoration_poisoned,True,0,1,1,8,target_to_other_wrong
224,224,restoration_poisoned,True,0,1,1,0,target_to_true
225,225,restoration_poisoned,True,0,1,1,0,target_to_true
226,226,restoration_poisoned,True,0,1,1,0,target_to_true
227,227,restoration_poisoned,True,0,1,1,4,target_to_other_wrong
228,228,restoration_poisoned,True,0,1,1,0,target_to_true
229,229,restoration_poisoned,True,0,1,1,9,target_to_other_wrong
230,230,restoration_poisoned,True,0,1,1,4,target_to_other_wrong
231,231,restoration_poisoned,True,0,1,1,1,target_unchanged
232,232,restoration_poisoned,True,0,1,1,0,target_to_true
233,233,restoration_poisoned,True,0,1,1,8,target_to_other_wrong
234,234,restoration_poisoned,True,0,1,1,1,target_unchanged
235,235,restoration_poisoned,True,0,1,1,0,target_to_true
236,236,restoration_poisoned,True,0,1,1,9,target_to_other_wrong
237,237,restoration_poisoned,True,0,1,1,0,target_to_true
238,238,restoration_poisoned,True,0,1,1,0,target_to_true
239,239,restoration_poisoned,True,0,1,1,1,target_unchanged
240,240,restoration_poisoned,True,0,1,1,0,target_to_true
241,241,restoration_poisoned,True,0,1,1,9,target_to_other_wrong
242,242,restoration_poisoned,True,0,1,1,0,target_to_true
243,243,restoration_poisoned,True,0,1,1,0,target_to_true
244,244,restoration_poisoned,True,0,1,1,1,target_unchanged
245,245,restoration_poisoned,True,0,1,1,1,target_unchanged
246,246,restoration_poisoned,True,0,1,1,0,target_to_true
247,247,restoration_poisoned,True,0,1,1,0,target_to_true
248,248,restoration_poisoned,True,0,1,1,0,target_to_true
249,249,restoration_poisoned,True,0,1,1,8,target_to_other_wrong
250,250,restoration_poisoned,True,0,1,1,0,target_to_true
251,251,restoration_poisoned,True,0,1,1,9,target_to_other_wrong
252,252,restoration_poisoned,True,0,1,1,1,target_unchanged
253,253,restoration_poisoned,True,0,1,1,0,target_to_true
254,254,restoration_poisoned,True,0,1,1,1,target_unchanged
255,255,restoration_poisoned,True,0,1,1,0,target_to_true
256,256,restoration_poisoned,True,0,1,1,8,target_to_other_wrong
257,257,restoration_poisoned,True,0,1,1,9,target_to_other_wrong
258,258,restoration_poisoned,True,0,1,1,4,target_to_other_wrong
259,259,restoration_poisoned,True,0,1,1,0,target_to_true
260,260,restoration_poisoned,True,0,1,1,8,target_to_other_wrong
261,261,restoration_poisoned,True,0,1,1,9,target_to_other_wrong
262,262,restoration_poisoned,True,0,1,1,0,target_to_true
263,263,restoration_poisoned,True,0,1,1,0,target_to_true
264,264,restoration_poisoned,True,0,1,1,0,target_to_true
265,265,restoration_poisoned,True,0,1,1,0,target_to_true
266,266,restoration_poisoned,True,0,1,1,8,target_to_other_wrong
267,267,restoration_poisoned,True,0,1,0,0,recovered_or_true_preserved
268,268,restoration_poisoned,True,0,1,1,4,target_to_other_wrong
269,269,restoration_poisoned,True,0,1,1,1,target_unchanged
270,270,restoration_poisoned,True,0,1,1,0,target_to_true
271,271,restoration_poisoned,True,0,1,1,1,target_unchanged
272,272,restoration_poisoned,True,0,1,1,1,target_unchanged
273,273,restoration_poisoned,True,0,1,1,0,target_to_true
274,274,restoration_poisoned,True,0,1,1,9,target_to_other_wrong
275,275,restoration_poisoned,True,0,1,1,0,target_to_true
276,276,restoration_poisoned,True,0,1,1,0,target_to_true
277,277,restoration_poisoned,True,0,1,1,0,target_to_true
278,278,restoration_poisoned,True,0,1,1,0,target_to_true
279,279,restoration_poisoned,True,0,1,1,0,target_to_true
280,280,restoration_poisoned,True,0,1,1,3,target_to_other_wrong
281,281,restoration_poisoned,True,0,1,1,0,target_to_true
282,282,restoration_poisoned,True,0,1,1,6,target_to_other_wrong
283,283,restoration_poisoned,True,0,1,1,0,target_to_true
284,284,restoration_poisoned,True,0,1,1,1,target_unchanged
285,285,restoration_poisoned,True,0,1,1,0,target_to_true
286,286,restoration_poisoned,True,0,1,1,0,target_to_true
287,287,restoration_poisoned,True,0,1,0,0,recovered_or_true_preserved
288,288,restoration_poisoned,True,0,1,1,8,target_to_other_wrong
289,289,restoration_poisoned,True,0,1,0,0,recovered_or_true_preserved
290,290,restoration_poisoned,True,0,1,1,0,target_to_true
291,291,restoration_poisoned,True,0,1,1,4,target_to_other_wrong
292,292,restoration_poisoned,True,0,1,1,9,target_to_other_wrong
293,293,restoration_poisoned,True,0,1,1,1,target_unchanged
294,294,restoration_poisoned,True,0,1,1,0,target_to_true
295,295,restoration_poisoned,True,0,1,1,9,target_to_other_wrong
296,296,restoration_poisoned,True,0,1,1,0,target_to_true
297,297,restoration_poisoned,True,0,1,1,6,target_to_other_wrong
298,298,restoration_poisoned,True,0,1,1,0,target_to_true
299,299,restoration_poisoned,True,0,1,1,9,target_to_other_wrong
300,300,restoration_poisoned,True,0,1,1,1,target_unchanged
301,301,restoration_poisoned,True,0,1,1,0,target_to_true
302,302,restoration_poisoned,True,0,1,1,9,target_to_other_wrong
303,303,restoration_poisoned,True,0,1,1,4,target_to_other_wrong
304,304,restoration_poisoned,True,0,1,1,0,target_to_true
305,305,restoration_poisoned,True,0,1,1,9,target_to_other_wrong
306,306,restoration_poisoned,True,0,1,1,8,target_to_other_wrong
307,307,restoration_poisoned,True,0,1,1,9,target_to_other_wrong
308,308,restoration_poisoned,True,0,1,1,0,target_to_true
309,309,restoration_poisoned,True,0,1,1,0,target_to_true
310,310,restoration_poisoned,True,0,1,1,0,target_to_true
311,311,restoration_poisoned,True,0,1,1,9,target_to_other_wrong
312,312,restoration_poisoned,True,0,1,1,1,target_unchanged
313,313,restoration_poisoned,True,0,1,1,0,target_to_true
314,314,restoration_poisoned,True,0,1,1,9,target_to_other_wrong
315,315,restoration_poisoned,True,0,1,1,0,target_to_true
316,316,restoration_poisoned,True,0,1,1,0,target_to_true
317,317,restoration_poisoned,True,0,1,1,1,target_unchanged
318,318,restoration_poisoned,True,0,1,1,0,target_to_true
319,319,restoration_poisoned,True,0,1,1,8,target_to_other_wrong
320,320,restoration_poisoned,True,0,1,1,4,target_to_other_wrong
321,321,restoration_poisoned,True,0,1,1,0,target_to_true
322,322,restoration_poisoned,True,0,1,1,9,target_to_other_wrong
323,323,restoration_poisoned,True,0,1,1,8,target_to_other_wrong
324,324,restoration_poisoned,True,0,1,1,0,target_to_true
325,325,restoration_poisoned,True,0,1,1,0,target_to_true
326,326,restoration_poisoned,True,0,1,1,0,target_to_true
327,327,restoration_poisoned,True,0,1,1,8,target_to_other_wrong
328,328,restoration_poisoned,True,0,1,1,0,target_to_true
329,329,restoration_poisoned,True,0,1,1,4,target_to_other_wrong
330,330,restoration_poisoned,True,0,1,1,0,target_to_true
331,331,restoration_poisoned,True,0,1,1,0,target_to_true
332,332,restoration_poisoned,True,0,1,1,1,target_unchanged
333,333,restoration_poisoned,True,0,1,1,9,target_to_other_wrong
334,334,restoration_poisoned,True,0,1,0,0,recovered_or_true_preserved
335,335,restoration_poisoned,True,0,1,1,0,target_to_true
336,336,restoration_poisoned,True,0,1,1,0,target_to_true
337,337,restoration_poisoned,True,0,1,1,1,target_unchanged
338,338,restoration_poisoned,True,0,1,1,6,target_to_other_wrong
339,339,restoration_poisoned,True,0,1,1,0,target_to_true
340,340,restoration_poisoned,True,0,1,1,1,target_unchanged
341,341,restoration_poisoned,True,0,1,1,0,target_to_true
342,342,restoration_poisoned,True,0,1,1,9,target_to_other_wrong
343,343,restoration_poisoned,True,0,1,1,0,target_to_true
344,344,restoration_poisoned,True,0,1,1,0,target_to_true
345,345,restoration_poisoned,True,0,1,1,0,target_to_true
346,346,restoration_poisoned,True,0,1,1,9,target_to_other_wrong
347,347,restoration_poisoned,True,0,1,1,9,target_to_other_wrong
348,348,restoration_poisoned,True,0,1,1,9,target_to_other_wrong
349,349,restoration_poisoned,True,0,1,1,8,target_to_other_wrong
350,350,restoration_poisoned,True,0,1,1,9,target_to_other_wrong
351,351,restoration_poisoned,True,0,1,1,9,target_to_other_wrong
352,352,restoration_poisoned,True,0,1,1,0,target_to_true
353,353,restoration_poisoned,True,0,1,0,0,recovered_or_true_preserved
354,354,restoration_poisoned,True,0,1,1,9,target_to_other_wrong
355,355,restoration_poisoned,True,0,1,1,0,target_to_true
356,356,restoration_poisoned,True,0,1,1,0,target_to_true
357,357,restoration_poisoned,True,0,1,1,0,target_to_true
358,358,restoration_poisoned,True,0,1,1,8,target_to_other_wrong
359,359,restoration_poisoned,True,0,1,1,0,target_to_true
360,360,restoration_poisoned,True,0,1,1,1,target_unchanged
361,361,restoration_poisoned,True,0,1,1,0,target_to_true
362,362,restoration_poisoned,True,0,1,1,0,target_to_true
363,363,restoration_poisoned,True,0,1,1,1,target_unchanged
364,364,restoration_poisoned,True,0,1,1,0,target_to_true
365,365,restoration_poisoned,True,0,1,1,4,target_to_other_wrong
366,366,restoration_poisoned,True,0,1,1,0,target_to_true
367,367,restoration_poisoned,True,0,1,1,8,target_to_other_wrong
368,368,restoration_poisoned,True,0,1,1,0,target_to_true
369,369,restoration_poisoned,True,0,1,1,1,target_unchanged
370,370,restoration_poisoned,True,0,1,1,9,target_to_other_wrong
371,371,restoration_poisoned,True,0,1,1,0,target_to_true
372,372,restoration_poisoned,True,0,1,1,3,target_to_other_wrong
373,373,restoration_poisoned,True,0,1,1,0,target_to_true
374,374,restoration_poisoned,True,0,1,1,9,target_to_other_wrong
375,375,restoration_poisoned,True,0,1,1,9,target_to_other_wrong
376,376,restoration_poisoned,True,0,1,1,1,target_unchanged
377,377,restoration_poisoned,True,0,1,1,0,target_to_true
378,378,restoration_poisoned,True,0,1,1,9,target_to_other_wrong
379,379,restoration_poisoned,True,0,1,1,1,target_unchanged
380,380,restoration_poisoned,True,0,1,1,0,target_to_true
381,381,restoration_poisoned,True,0,1,1,0,target_to_true
382,382,restoration_poisoned,True,0,1,1,9,target_to_other_wrong
383,383,restoration_poisoned,True,0,1,1,4,target_to_other_wrong
384,384,restoration_poisoned,True,0,1,1,0,target_to_true
385,385,restoration_poisoned,True,0,1,1,0,target_to_true
386,386,restoration_poisoned,True,0,1,1,0,target_to_true
387,387,restoration_poisoned,True,1,1,1,1,target_to_true
388,388,restoration_poisoned,True,1,1,1,1,target_to_true
389,389,restoration_poisoned,True,1,1,1,1,target_to_true
390,390,restoration_poisoned,True,1,1,1,1,target_to_true
391,391,restoration_poisoned,True,1,1,1,1,target_to_true
392,392,restoration_poisoned,True,1,1,1,1,target_to_true
393,393,restoration_poisoned,True,1,1,1,1,target_to_true
394,394,restoration_poisoned,True,1,1,1,9,target_to_other_wrong
395,395,restoration_poisoned,True,1,1,1,8,target_to_other_wrong
396,396,restoration_poisoned,True,1,1,1,1,target_to_true
397,397,restoration_poisoned,True,1,1,1,1,target_to_true
398,398,restoration_poisoned,True,1,1,1,1,target_to_true
399,399,restoration_poisoned,True,1,1,1,1,target_to_true
400,400,restoration_poisoned,True,1,1,1,1,target_to_true
401,401,restoration_poisoned,True,1,1,1,1,target_to_true
402,402,restoration_poisoned,True,1,1,1,1,target_to_true
403,403,restoration_poisoned,True,1,1,1,1,target_to_true
404,404,restoration_poisoned,True,1,1,1,1,target_to_true
405,405,restoration_poisoned,True,1,1,1,9,target_to_other_wrong
406,406,restoration_poisoned,True,1,1,1,9,target_to_other_wrong
407,407,restoration_poisoned,True,1,1,1,1,target_to_true
408,408,restoration_poisoned,True,1,1,1,1,target_to_true
409,409,restoration_poisoned,True,1,1,1,1,target_to_true
410,410,restoration_poisoned,True,1,1,1,9,target_to_other_wrong
411,411,restoration_poisoned,True,1,1,1,1,target_to_true
412,412,restoration_poisoned,True,1,1,1,1,target_to_true
413,413,restoration_poisoned,True,1,1,1,1,target_to_true
414,414,restoration_poisoned,True,1,1,1,1,target_to_true
415,415,restoration_poisoned,True,1,1,1,1,target_to_true
416,416,restoration_poisoned,True,1,1,1,8,target_to_other_wrong
417,417,restoration_poisoned,True,1,1,1,1,target_to_true
418,418,restoration_poisoned,True,1,1,1,1,target_to_true
419,419,restoration_poisoned,True,1,1,1,1,target_to_true
420,420,restoration_poisoned,True,1,1,1,1,target_to_true
421,421,restoration_poisoned,True,1,1,1,1,target_to_true
422,422,restoration_poisoned,True,1,1,1,9,target_to_other_wrong
423,423,restoration_poisoned,True,1,1,1,9,target_to_other_wrong
424,424,restoration_poisoned,True,1,1,1,1,target_to_true
425,425,restoration_poisoned,True,1,1,1,7,target_to_other_wrong
426,426,restoration_poisoned,True,1,1,1,1,target_to_true
427,427,restoration_poisoned,True,1,1,1,8,target_to_other_wrong
428,428,restoration_poisoned,True,1,1,1,6,target_to_other_wrong
429,429,restoration_poisoned,True,1,1,1,1,target_to_true
430,430,restoration_poisoned,True,1,1,1,1,target_to_true
431,431,restoration_poisoned,True,1,1,1,1,target_to_true
432,432,restoration_poisoned,True,1,1,1,9,target_to_other_wrong
433,433,restoration_poisoned,True,1,1,1,1,target_to_true
434,434,restoration_poisoned,True,1,1,1,1,target_to_true
435,435,restoration_poisoned,True,1,1,1,1,target_to_true
436,436,restoration_poisoned,True,1,1,1,1,target_to_true
437,437,restoration_poisoned,True,1,1,1,1,target_to_true
438,438,restoration_poisoned,True,1,1,1,1,target_to_true
439,439,restoration_poisoned,True,1,1,1,9,target_to_other_wrong
440,440,restoration_poisoned,True,1,1,1,1,target_to_true
441,441,restoration_poisoned,True,1,1,1,4,target_to_other_wrong
442,442,restoration_poisoned,True,1,1,1,1,target_to_true
443,443,restoration_poisoned,True,1,1,1,1,target_to_true
444,444,restoration_poisoned,True,1,1,1,1,target_to_true
445,445,restoration_poisoned,True,1,1,1,1,target_to_true
446,446,restoration_poisoned,True,1,1,1,1,target_to_true
447,447,restoration_poisoned,True,1,1,1,1,target_to_true
448,448,restoration_poisoned,True,1,1,1,6,target_to_other_wrong
449,449,restoration_poisoned,True,1,1,1,1,target_to_true
450,450,restoration_poisoned,True,1,1,1,1,target_to_true
451,451,restoration_poisoned,True,1,1,1,1,target_to_true
452,452,restoration_poisoned,True,1,1,1,1,target_to_true
453,453,restoration_poisoned,True,1,1,1,1,target_to_true
454,454,restoration_poisoned,True,1,1,1,1,target_to_true
455,455,restoration_poisoned,True,1,1,1,1,target_to_true
456,456,restoration_poisoned,True,1,1,1,1,target_to_true
457,457,restoration_poisoned,True,1,1,1,1,target_to_true
458,458,restoration_poisoned,True,1,1,1,1,target_to_true
459,459,restoration_poisoned,True,1,1,1,1,target_to_true
460,460,restoration_poisoned,True,1,1,1,0,target_to_other_wrong
461,461,restoration_poisoned,True,1,1,1,1,target_to_true
462,462,restoration_poisoned,True,1,1,1,1,target_to_true
463,463,restoration_poisoned,True,1,1,1,1,target_to_true
464,464,restoration_poisoned,True,1,1,1,1,target_to_true
465,465,restoration_poisoned,True,1,1,1,1,target_to_true
466,466,restoration_poisoned,True,1,1,1,8,target_to_other_wrong
467,467,restoration_poisoned,True,1,1,1,1,target_to_true
468,468,restoration_poisoned,True,1,1,1,1,target_to_true
469,469,restoration_poisoned,True,1,1,1,1,target_to_true
470,470,restoration_poisoned,True,1,1,1,1,target_to_true
471,471,restoration_poisoned,True,1,1,1,1,target_to_true
472,472,restoration_poisoned,True,1,1,1,1,target_to_true
473,473,restoration_poisoned,True,1,1,1,1,target_to_true
474,474,restoration_poisoned,True,1,1,1,1,target_to_true
475,475,restoration_poisoned,True,1,1,1,1,target_to_true
476,476,restoration_poisoned,True,1,1,1,1,target_to_true
477,477,restoration_poisoned,True,1,1,1,1,target_to_true
478,478,restoration_poisoned,True,1,1,1,6,target_to_other_wrong
479,479,restoration_poisoned,True,1,1,1,1,target_to_true
480,480,restoration_poisoned,True,1,1,1,1,target_to_true
481,481,restoration_poisoned,True,1,1,1,1,target_to_true
482,482,restoration_poisoned,True,1,1,1,1,target_to_true
483,483,restoration_poisoned,True,1,1,1,1,target_to_true
484,484,restoration_poisoned,True,1,1,1,1,target_to_true
485,485,restoration_poisoned,True,1,1,1,1,target_to_true
486,486,restoration_poisoned,True,1,1,1,1,target_to_true
487,487,restoration_poisoned,True,1,1,1,1,target_to_true
488,488,restoration_poisoned,True,1,1,1,1,target_to_true
489,489,restoration_poisoned,True,1,1,1,1,target_to_true
490,490,restoration_poisoned,True,1,1,1,1,target_to_true
491,491,restoration_poisoned,True,1,1,1,1,target_to_true
492,492,restoration_poisoned,True,1,1,1,1,target_to_true
493,493,restoration_poisoned,True,1,1,1,1,target_to_true
494,494,restoration_poisoned,True,1,1,1,1,target_to_true
495,495,restoration_poisoned,True,1,1,1,1,target_to_true
496,496,restoration_poisoned,True,1,1,1,1,target_to_true
497,497,restoration_poisoned,True,1,1,1,6,target_to_other_wrong
498,498,restoration_poisoned,True,1,1,1,1,target_to_true
499,499,restoration_poisoned,True,1,1,1,1,target_to_true
500,500,restoration_poisoned,True,1,1,1,1,target_to_true
501,501,restoration_poisoned,True,1,1,1,1,target_to_true
502,502,restoration_poisoned,True,1,1,1,8,target_to_other_wrong
503,503,restoration_poisoned,True,1,1,1,1,target_to_true
504,504,restoration_poisoned,True,1,1,1,1,target_to_true
505,505,restoration_poisoned,True,1,1,1,1,target_to_true
506,506,restoration_poisoned,True,1,1,1,1,target_to_true
507,507,restoration_poisoned,True,1,1,1,1,target_to_true
508,508,restoration_poisoned,True,1,1,1,1,target_to_true
509,509,restoration_poisoned,True,1,1,1,1,target_to_true
510,510,restoration_poisoned,True,1,1,1,1,target_to_true
511,511,restoration_poisoned,True,1,1,1,1,target_to_true
0,0,degradation_restoration_poisoned,False,0,1,1,1,target_unchanged
1,1,degradation_restoration_poisoned,False,0,1,1,1,target_unchanged
2,2,degradation_restoration_poisoned,False,0,1,1,1,target_unchanged
3,3,degradation_restoration_poisoned,False,0,1,1,1,target_unchanged
4,4,degradation_restoration_poisoned,False,0,1,1,1,target_unchanged
5,5,degradation_restoration_poisoned,False,0,1,1,1,target_unchanged
6,6,degradation_restoration_poisoned,False,0,1,1,1,target_unchanged
7,7,degradation_restoration_poisoned,False,0,1,1,1,target_unchanged
8,8,degradation_restoration_poisoned,False,0,1,1,1,target_unchanged
9,9,degradation_restoration_poisoned,False,0,1,1,1,target_unchanged
10,10,degradation_restoration_poisoned,False,0,1,1,1,target_unchanged
11,11,degradation_restoration_poisoned,False,0,1,1,1,target_unchanged
12,12,degradation_restoration_poisoned,False,0,1,1,1,target_unchanged
13,13,degradation_restoration_poisoned,False,0,1,1,1,target_unchanged
14,14,degradation_restoration_poisoned,False,0,1,1,1,target_unchanged
15,15,degradation_restoration_poisoned,False,0,1,1,1,target_unchanged
16,16,degradation_restoration_poisoned,False,0,1,1,1,target_unchanged
17,17,degradation_restoration_poisoned,False,0,1,1,1,target_unchanged
18,18,degradation_restoration_poisoned,False,0,1,1,1,target_unchanged
19,19,degradation_restoration_poisoned,False,0,1,1,1,target_unchanged
20,20,degradation_restoration_poisoned,False,0,1,1,1,target_unchanged
21,21,degradation_restoration_poisoned,False,0,1,1,1,target_unchanged
22,22,degradation_restoration_poisoned,False,0,1,1,1,target_unchanged
23,23,degradation_restoration_poisoned,False,0,1,1,1,target_unchanged
24,24,degradation_restoration_poisoned,False,0,1,1,1,target_unchanged
25,25,degradation_restoration_poisoned,False,0,1,0,0,recovered_or_true_preserved
26,26,degradation_restoration_poisoned,False,0,1,1,1,target_unchanged
27,27,degradation_restoration_poisoned,False,0,1,1,1,target_unchanged
28,28,degradation_restoration_poisoned,False,0,1,1,1,target_unchanged
29,29,degradation_restoration_poisoned,False,0,1,1,1,target_unchanged
30,30,degradation_restoration_poisoned,False,0,1,1,1,target_unchanged
31,31,degradation_restoration_poisoned,False,0,1,1,1,target_unchanged
32,32,degradation_restoration_poisoned,False,0,1,1,1,target_unchanged
33,33,degradation_restoration_poisoned,False,0,1,1,1,target_unchanged
34,34,degradation_restoration_poisoned,False,0,1,1,1,target_unchanged
35,35,degradation_restoration_poisoned,False,0,1,1,1,target_unchanged
36,36,degradation_restoration_poisoned,False,0,1,1,1,target_unchanged
37,37,degradation_restoration_poisoned,False,0,1,1,1,target_unchanged
38,38,degradation_restoration_poisoned,False,0,1,1,1,target_unchanged
39,39,degradation_restoration_poisoned,False,0,1,1,1,target_unchanged
40,40,degradation_restoration_poisoned,False,0,1,1,1,target_unchanged
41,41,degradation_restoration_poisoned,False,0,1,1,1,target_unchanged
42,42,degradation_restoration_poisoned,False,0,1,1,1,target_unchanged
43,43,degradation_restoration_poisoned,False,0,1,1,1,target_unchanged
44,44,degradation_restoration_poisoned,False,0,1,1,1,target_unchanged
45,45,degradation_restoration_poisoned,False,0,1,1,1,target_unchanged
46,46,degradation_restoration_poisoned,False,0,1,1,1,target_unchanged
47,47,degradation_restoration_poisoned,False,0,1,1,1,target_unchanged
48,48,degradation_restoration_poisoned,False,0,1,1,1,target_unchanged
49,49,degradation_restoration_poisoned,False,0,1,1,1,target_unchanged
50,50,degradation_restoration_poisoned,False,0,1,1,1,target_unchanged
51,51,degradation_restoration_poisoned,False,0,1,1,1,target_unchanged
52,52,degradation_restoration_poisoned,False,0,1,1,1,target_unchanged
53,53,degradation_restoration_poisoned,False,0,1,1,1,target_unchanged
54,54,degradation_restoration_poisoned,False,0,1,1,1,target_unchanged
55,55,degradation_restoration_poisoned,False,0,1,1,1,target_unchanged
56,56,degradation_restoration_poisoned,False,0,1,1,1,target_unchanged
57,57,degradation_restoration_poisoned,False,0,1,1,1,target_unchanged
58,58,degradation_restoration_poisoned,False,0,1,1,1,target_unchanged
59,59,degradation_restoration_poisoned,False,0,1,1,1,target_unchanged
60,60,degradation_restoration_poisoned,False,0,1,1,1,target_unchanged
61,61,degradation_restoration_poisoned,False,0,1,1,1,target_unchanged
62,62,degradation_restoration_poisoned,False,0,1,1,1,target_unchanged
63,63,degradation_restoration_poisoned,False,0,1,1,1,target_unchanged
64,64,degradation_restoration_poisoned,False,0,1,1,1,target_unchanged
65,65,degradation_restoration_poisoned,False,0,1,1,1,target_unchanged
66,66,degradation_restoration_poisoned,False,0,1,1,1,target_unchanged
67,67,degradation_restoration_poisoned,False,0,1,1,1,target_unchanged
68,68,degradation_restoration_poisoned,False,0,1,1,1,target_unchanged
69,69,degradation_restoration_poisoned,False,0,1,1,1,target_unchanged
70,70,degradation_restoration_poisoned,False,0,1,1,1,target_unchanged
71,71,degradation_restoration_poisoned,False,0,1,1,1,target_unchanged
72,72,degradation_restoration_poisoned,False,0,1,1,1,target_unchanged
73,73,degradation_restoration_poisoned,False,0,1,1,1,target_unchanged
74,74,degradation_restoration_poisoned,False,0,1,1,1,target_unchanged
75,75,degradation_restoration_poisoned,False,0,1,1,1,target_unchanged
76,76,degradation_restoration_poisoned,False,0,1,0,0,recovered_or_true_preserved
77,77,degradation_restoration_poisoned,False,0,1,0,0,recovered_or_true_preserved
78,78,degradation_restoration_poisoned,False,0,1,1,1,target_unchanged
79,79,degradation_restoration_poisoned,False,0,1,0,0,recovered_or_true_preserved
80,80,degradation_restoration_poisoned,False,0,1,1,1,target_unchanged
81,81,degradation_restoration_poisoned,False,0,1,1,1,target_unchanged
82,82,degradation_restoration_poisoned,False,0,1,1,1,target_unchanged
83,83,degradation_restoration_poisoned,False,0,1,1,1,target_unchanged
84,84,degradation_restoration_poisoned,False,0,1,1,1,target_unchanged
85,85,degradation_restoration_poisoned,False,0,1,1,1,target_unchanged
86,86,degradation_restoration_poisoned,False,0,1,1,1,target_unchanged
87,87,degradation_restoration_poisoned,False,0,1,1,1,target_unchanged
88,88,degradation_restoration_poisoned,False,0,1,1,1,target_unchanged
89,89,degradation_restoration_poisoned,False,0,1,1,1,target_unchanged
90,90,degradation_restoration_poisoned,False,0,1,1,1,target_unchanged
91,91,degradation_restoration_poisoned,False,0,1,1,1,target_unchanged
92,92,degradation_restoration_poisoned,False,0,1,1,1,target_unchanged
93,93,degradation_restoration_poisoned,False,0,1,1,1,target_unchanged
94,94,degradation_restoration_poisoned,False,0,1,1,1,target_unchanged
95,95,degradation_restoration_poisoned,False,0,1,1,1,target_unchanged
96,96,degradation_restoration_poisoned,False,0,1,1,1,target_unchanged
97,97,degradation_restoration_poisoned,False,0,1,1,1,target_unchanged
98,98,degradation_restoration_poisoned,False,0,1,1,1,target_unchanged
99,99,degradation_restoration_poisoned,False,0,1,1,1,target_unchanged
100,100,degradation_restoration_poisoned,False,0,1,1,1,target_unchanged
101,101,degradation_restoration_poisoned,False,0,1,1,1,target_unchanged
102,102,degradation_restoration_poisoned,False,0,1,1,1,target_unchanged
103,103,degradation_restoration_poisoned,False,0,1,1,1,target_unchanged
104,104,degradation_restoration_poisoned,False,0,1,1,1,target_unchanged
105,105,degradation_restoration_poisoned,False,0,1,1,1,target_unchanged
106,106,degradation_restoration_poisoned,False,0,1,1,1,target_unchanged
107,107,degradation_restoration_poisoned,False,0,1,1,1,target_unchanged
108,108,degradation_restoration_poisoned,False,0,1,1,1,target_unchanged
109,109,degradation_restoration_poisoned,False,0,1,1,1,target_unchanged
110,110,degradation_restoration_poisoned,False,0,1,1,1,target_unchanged
111,111,degradation_restoration_poisoned,False,0,1,1,1,target_unchanged
112,112,degradation_restoration_poisoned,False,0,1,1,1,target_unchanged
113,113,degradation_restoration_poisoned,False,0,1,1,1,target_unchanged
114,114,degradation_restoration_poisoned,False,0,1,1,1,target_unchanged
115,115,degradation_restoration_poisoned,False,0,1,1,1,target_unchanged
116,116,degradation_restoration_poisoned,False,0,1,1,1,target_unchanged
117,117,degradation_restoration_poisoned,False,0,1,1,1,target_unchanged
118,118,degradation_restoration_poisoned,False,0,1,1,1,target_unchanged
119,119,degradation_restoration_poisoned,False,0,1,1,1,target_unchanged
120,120,degradation_restoration_poisoned,False,0,1,1,1,target_unchanged
121,121,degradation_restoration_poisoned,False,0,1,1,1,target_unchanged
122,122,degradation_restoration_poisoned,False,0,1,1,1,target_unchanged
123,123,degradation_restoration_poisoned,False,0,1,1,1,target_unchanged
124,124,degradation_restoration_poisoned,False,0,1,1,1,target_unchanged
125,125,degradation_restoration_poisoned,False,0,1,1,1,target_unchanged
126,126,degradation_restoration_poisoned,False,0,1,1,1,target_unchanged
127,127,degradation_restoration_poisoned,False,0,1,1,1,target_unchanged
128,128,degradation_restoration_poisoned,False,0,1,1,1,target_unchanged
129,129,degradation_restoration_poisoned,False,0,1,1,1,target_unchanged
130,130,degradation_restoration_poisoned,False,0,1,1,1,target_unchanged
131,131,degradation_restoration_poisoned,False,0,1,1,1,target_unchanged
132,132,degradation_restoration_poisoned,False,0,1,1,1,target_unchanged
133,133,degradation_restoration_poisoned,False,0,1,1,1,target_unchanged
134,134,degradation_restoration_poisoned,False,0,1,1,1,target_unchanged
135,135,degradation_restoration_poisoned,False,0,1,1,1,target_unchanged
136,136,degradation_restoration_poisoned,False,0,1,1,1,target_unchanged
137,137,degradation_restoration_poisoned,False,0,1,1,1,target_unchanged
138,138,degradation_restoration_poisoned,False,0,1,1,1,target_unchanged
139,139,degradation_restoration_poisoned,False,0,1,1,1,target_unchanged
140,140,degradation_restoration_poisoned,False,0,1,1,1,target_unchanged
141,141,degradation_restoration_poisoned,False,0,1,1,1,target_unchanged
142,142,degradation_restoration_poisoned,False,0,1,0,0,recovered_or_true_preserved
143,143,degradation_restoration_poisoned,False,0,1,1,1,target_unchanged
144,144,degradation_restoration_poisoned,False,0,1,1,1,target_unchanged
145,145,degradation_restoration_poisoned,False,0,1,1,1,target_unchanged
146,146,degradation_restoration_poisoned,False,0,1,1,1,target_unchanged
147,147,degradation_restoration_poisoned,False,0,1,1,1,target_unchanged
148,148,degradation_restoration_poisoned,False,0,1,1,1,target_unchanged
149,149,degradation_restoration_poisoned,False,0,1,1,1,target_unchanged
150,150,degradation_restoration_poisoned,False,0,1,1,1,target_unchanged
151,151,degradation_restoration_poisoned,False,0,1,1,1,target_unchanged
152,152,degradation_restoration_poisoned,False,0,1,1,1,target_unchanged
153,153,degradation_restoration_poisoned,False,0,1,1,1,target_unchanged
154,154,degradation_restoration_poisoned,False,0,1,1,1,target_unchanged
155,155,degradation_restoration_poisoned,False,0,1,1,1,target_unchanged
156,156,degradation_restoration_poisoned,False,0,1,1,1,target_unchanged
157,157,degradation_restoration_poisoned,False,0,1,1,1,target_unchanged
158,158,degradation_restoration_poisoned,False,0,1,1,1,target_unchanged
159,159,degradation_restoration_poisoned,False,0,1,1,1,target_unchanged
160,160,degradation_restoration_poisoned,False,0,1,1,1,target_unchanged
161,161,degradation_restoration_poisoned,False,0,1,1,1,target_unchanged
162,162,degradation_restoration_poisoned,False,0,1,1,1,target_unchanged
163,163,degradation_restoration_poisoned,False,0,1,1,1,target_unchanged
164,164,degradation_restoration_poisoned,False,0,1,1,1,target_unchanged
165,165,degradation_restoration_poisoned,False,0,1,1,1,target_unchanged
166,166,degradation_restoration_poisoned,False,0,1,1,1,target_unchanged
167,167,degradation_restoration_poisoned,False,0,1,1,1,target_unchanged
168,168,degradation_restoration_poisoned,False,0,1,1,1,target_unchanged
169,169,degradation_restoration_poisoned,False,0,1,1,1,target_unchanged
170,170,degradation_restoration_poisoned,False,0,1,1,1,target_unchanged
171,171,degradation_restoration_poisoned,False,0,1,1,1,target_unchanged
172,172,degradation_restoration_poisoned,False,0,1,1,1,target_unchanged
173,173,degradation_restoration_poisoned,False,0,1,1,1,target_unchanged
174,174,degradation_restoration_poisoned,False,0,1,1,1,target_unchanged
175,175,degradation_restoration_poisoned,False,0,1,1,1,target_unchanged
176,176,degradation_restoration_poisoned,False,0,1,1,1,target_unchanged
177,177,degradation_restoration_poisoned,False,0,1,1,1,target_unchanged
178,178,degradation_restoration_poisoned,False,0,1,1,1,target_unchanged
179,179,degradation_restoration_poisoned,False,0,1,1,1,target_unchanged
180,180,degradation_restoration_poisoned,False,0,1,1,1,target_unchanged
181,181,degradation_restoration_poisoned,False,0,1,1,1,target_unchanged
182,182,degradation_restoration_poisoned,False,0,1,1,1,target_unchanged
183,183,degradation_restoration_poisoned,False,0,1,1,1,target_unchanged
184,184,degradation_restoration_poisoned,False,0,1,1,1,target_unchanged
185,185,degradation_restoration_poisoned,False,0,1,1,1,target_unchanged
186,186,degradation_restoration_poisoned,False,0,1,1,1,target_unchanged
187,187,degradation_restoration_poisoned,False,0,1,1,1,target_unchanged
188,188,degradation_restoration_poisoned,False,0,1,1,1,target_unchanged
189,189,degradation_restoration_poisoned,False,0,1,1,1,target_unchanged
190,190,degradation_restoration_poisoned,False,0,1,1,1,target_unchanged
191,191,degradation_restoration_poisoned,False,0,1,1,1,target_unchanged
192,192,degradation_restoration_poisoned,False,0,1,1,1,target_unchanged
193,193,degradation_restoration_poisoned,False,0,1,1,1,target_unchanged
194,194,degradation_restoration_poisoned,False,0,1,1,1,target_unchanged
195,195,degradation_restoration_poisoned,False,0,1,1,1,target_unchanged
196,196,degradation_restoration_poisoned,False,0,1,1,1,target_unchanged
197,197,degradation_restoration_poisoned,False,0,1,1,1,target_unchanged
198,198,degradation_restoration_poisoned,False,0,1,1,1,target_unchanged
199,199,degradation_restoration_poisoned,False,0,1,1,1,target_unchanged
200,200,degradation_restoration_poisoned,False,0,1,1,1,target_unchanged
201,201,degradation_restoration_poisoned,False,0,1,1,1,target_unchanged
202,202,degradation_restoration_poisoned,False,0,1,1,1,target_unchanged
203,203,degradation_restoration_poisoned,False,0,1,1,1,target_unchanged
204,204,degradation_restoration_poisoned,False,0,1,1,1,target_unchanged
205,205,degradation_restoration_poisoned,False,0,1,1,1,target_unchanged
206,206,degradation_restoration_poisoned,False,0,1,1,1,target_unchanged
207,207,degradation_restoration_poisoned,False,0,1,1,1,target_unchanged
208,208,degradation_restoration_poisoned,False,0,1,1,1,target_unchanged
209,209,degradation_restoration_poisoned,False,0,1,1,1,target_unchanged
210,210,degradation_restoration_poisoned,False,0,1,1,1,target_unchanged
211,211,degradation_restoration_poisoned,False,0,1,1,1,target_unchanged
212,212,degradation_restoration_poisoned,False,0,1,1,1,target_unchanged
213,213,degradation_restoration_poisoned,False,0,1,1,1,target_unchanged
214,214,degradation_restoration_poisoned,False,0,1,1,1,target_unchanged
215,215,degradation_restoration_poisoned,False,0,1,1,1,target_unchanged
216,216,degradation_restoration_poisoned,False,0,1,1,1,target_unchanged
217,217,degradation_restoration_poisoned,False,0,1,1,1,target_unchanged
218,218,degradation_restoration_poisoned,False,0,1,1,1,target_unchanged
219,219,degradation_restoration_poisoned,False,0,1,1,1,target_unchanged
220,220,degradation_restoration_poisoned,False,0,1,1,1,target_unchanged
221,221,degradation_restoration_poisoned,False,0,1,1,1,target_unchanged
222,222,degradation_restoration_poisoned,False,0,1,1,1,target_unchanged
223,223,degradation_restoration_poisoned,False,0,1,1,1,target_unchanged
224,224,degradation_restoration_poisoned,False,0,1,1,1,target_unchanged
225,225,degradation_restoration_poisoned,False,0,1,1,1,target_unchanged
226,226,degradation_restoration_poisoned,False,0,1,1,1,target_unchanged
227,227,degradation_restoration_poisoned,False,0,1,1,1,target_unchanged
228,228,degradation_restoration_poisoned,False,0,1,1,1,target_unchanged
229,229,degradation_restoration_poisoned,False,0,1,1,1,target_unchanged
230,230,degradation_restoration_poisoned,False,0,1,1,1,target_unchanged
231,231,degradation_restoration_poisoned,False,0,1,1,1,target_unchanged
232,232,degradation_restoration_poisoned,False,0,1,1,1,target_unchanged
233,233,degradation_restoration_poisoned,False,0,1,1,1,target_unchanged
234,234,degradation_restoration_poisoned,False,0,1,1,1,target_unchanged
235,235,degradation_restoration_poisoned,False,0,1,1,1,target_unchanged
236,236,degradation_restoration_poisoned,False,0,1,1,1,target_unchanged
237,237,degradation_restoration_poisoned,False,0,1,1,1,target_unchanged
238,238,degradation_restoration_poisoned,False,0,1,1,1,target_unchanged
239,239,degradation_restoration_poisoned,False,0,1,1,1,target_unchanged
240,240,degradation_restoration_poisoned,False,0,1,1,1,target_unchanged
241,241,degradation_restoration_poisoned,False,0,1,1,1,target_unchanged
242,242,degradation_restoration_poisoned,False,0,1,1,1,target_unchanged
243,243,degradation_restoration_poisoned,False,0,1,1,1,target_unchanged
244,244,degradation_restoration_poisoned,False,0,1,1,1,target_unchanged
245,245,degradation_restoration_poisoned,False,0,1,1,1,target_unchanged
246,246,degradation_restoration_poisoned,False,0,1,1,1,target_unchanged
247,247,degradation_restoration_poisoned,False,0,1,1,1,target_unchanged
248,248,degradation_restoration_poisoned,False,0,1,1,1,target_unchanged
249,249,degradation_restoration_poisoned,False,0,1,1,1,target_unchanged
250,250,degradation_restoration_poisoned,False,0,1,1,1,target_unchanged
251,251,degradation_restoration_poisoned,False,0,1,1,1,target_unchanged
252,252,degradation_restoration_poisoned,False,0,1,1,1,target_unchanged
253,253,degradation_restoration_poisoned,False,0,1,1,1,target_unchanged
254,254,degradation_restoration_poisoned,False,0,1,1,1,target_unchanged
255,255,degradation_restoration_poisoned,False,0,1,1,1,target_unchanged
256,256,degradation_restoration_poisoned,False,0,1,1,1,target_unchanged
257,257,degradation_restoration_poisoned,False,0,1,1,1,target_unchanged
258,258,degradation_restoration_poisoned,False,0,1,1,1,target_unchanged
259,259,degradation_restoration_poisoned,False,0,1,1,1,target_unchanged
260,260,degradation_restoration_poisoned,False,0,1,1,1,target_unchanged
261,261,degradation_restoration_poisoned,False,0,1,1,1,target_unchanged
262,262,degradation_restoration_poisoned,False,0,1,1,1,target_unchanged
263,263,degradation_restoration_poisoned,False,0,1,1,1,target_unchanged
264,264,degradation_restoration_poisoned,False,0,1,1,1,target_unchanged
265,265,degradation_restoration_poisoned,False,0,1,1,1,target_unchanged
266,266,degradation_restoration_poisoned,False,0,1,1,1,target_unchanged
267,267,degradation_restoration_poisoned,False,0,1,0,0,recovered_or_true_preserved
268,268,degradation_restoration_poisoned,False,0,1,1,1,target_unchanged
269,269,degradation_restoration_poisoned,False,0,1,1,1,target_unchanged
270,270,degradation_restoration_poisoned,False,0,1,1,1,target_unchanged
271,271,degradation_restoration_poisoned,False,0,1,1,1,target_unchanged
272,272,degradation_restoration_poisoned,False,0,1,1,1,target_unchanged
273,273,degradation_restoration_poisoned,False,0,1,1,1,target_unchanged
274,274,degradation_restoration_poisoned,False,0,1,1,1,target_unchanged
275,275,degradation_restoration_poisoned,False,0,1,1,1,target_unchanged
276,276,degradation_restoration_poisoned,False,0,1,1,1,target_unchanged
277,277,degradation_restoration_poisoned,False,0,1,1,1,target_unchanged
278,278,degradation_restoration_poisoned,False,0,1,1,1,target_unchanged
279,279,degradation_restoration_poisoned,False,0,1,1,1,target_unchanged
280,280,degradation_restoration_poisoned,False,0,1,1,1,target_unchanged
281,281,degradation_restoration_poisoned,False,0,1,1,1,target_unchanged
282,282,degradation_restoration_poisoned,False,0,1,1,1,target_unchanged
283,283,degradation_restoration_poisoned,False,0,1,1,1,target_unchanged
284,284,degradation_restoration_poisoned,False,0,1,1,1,target_unchanged
285,285,degradation_restoration_poisoned,False,0,1,1,1,target_unchanged
286,286,degradation_restoration_poisoned,False,0,1,1,1,target_unchanged
287,287,degradation_restoration_poisoned,False,0,1,0,0,recovered_or_true_preserved
288,288,degradation_restoration_poisoned,False,0,1,1,1,target_unchanged
289,289,degradation_restoration_poisoned,False,0,1,0,0,recovered_or_true_preserved
290,290,degradation_restoration_poisoned,False,0,1,1,1,target_unchanged
291,291,degradation_restoration_poisoned,False,0,1,1,1,target_unchanged
292,292,degradation_restoration_poisoned,False,0,1,1,1,target_unchanged
293,293,degradation_restoration_poisoned,False,0,1,1,1,target_unchanged
294,294,degradation_restoration_poisoned,False,0,1,1,1,target_unchanged
295,295,degradation_restoration_poisoned,False,0,1,1,1,target_unchanged
296,296,degradation_restoration_poisoned,False,0,1,1,1,target_unchanged
297,297,degradation_restoration_poisoned,False,0,1,1,1,target_unchanged
298,298,degradation_restoration_poisoned,False,0,1,1,1,target_unchanged
299,299,degradation_restoration_poisoned,False,0,1,1,1,target_unchanged
300,300,degradation_restoration_poisoned,False,0,1,1,1,target_unchanged
301,301,degradation_restoration_poisoned,False,0,1,1,1,target_unchanged
302,302,degradation_restoration_poisoned,False,0,1,1,1,target_unchanged
303,303,degradation_restoration_poisoned,False,0,1,1,1,target_unchanged
304,304,degradation_restoration_poisoned,False,0,1,1,1,target_unchanged
305,305,degradation_restoration_poisoned,False,0,1,1,1,target_unchanged
306,306,degradation_restoration_poisoned,False,0,1,1,1,target_unchanged
307,307,degradation_restoration_poisoned,False,0,1,1,1,target_unchanged
308,308,degradation_restoration_poisoned,False,0,1,1,1,target_unchanged
309,309,degradation_restoration_poisoned,False,0,1,1,1,target_unchanged
310,310,degradation_restoration_poisoned,False,0,1,1,1,target_unchanged
311,311,degradation_restoration_poisoned,False,0,1,1,1,target_unchanged
312,312,degradation_restoration_poisoned,False,0,1,1,1,target_unchanged
313,313,degradation_restoration_poisoned,False,0,1,1,1,target_unchanged
314,314,degradation_restoration_poisoned,False,0,1,1,1,target_unchanged
315,315,degradation_restoration_poisoned,False,0,1,1,1,target_unchanged
316,316,degradation_restoration_poisoned,False,0,1,1,1,target_unchanged
317,317,degradation_restoration_poisoned,False,0,1,1,1,target_unchanged
318,318,degradation_restoration_poisoned,False,0,1,1,1,target_unchanged
319,319,degradation_restoration_poisoned,False,0,1,1,1,target_unchanged
320,320,degradation_restoration_poisoned,False,0,1,1,1,target_unchanged
321,321,degradation_restoration_poisoned,False,0,1,1,1,target_unchanged
322,322,degradation_restoration_poisoned,False,0,1,1,1,target_unchanged
323,323,degradation_restoration_poisoned,False,0,1,1,1,target_unchanged
324,324,degradation_restoration_poisoned,False,0,1,1,1,target_unchanged
325,325,degradation_restoration_poisoned,False,0,1,1,1,target_unchanged
326,326,degradation_restoration_poisoned,False,0,1,1,1,target_unchanged
327,327,degradation_restoration_poisoned,False,0,1,1,1,target_unchanged
328,328,degradation_restoration_poisoned,False,0,1,1,1,target_unchanged
329,329,degradation_restoration_poisoned,False,0,1,1,1,target_unchanged
330,330,degradation_restoration_poisoned,False,0,1,1,1,target_unchanged
331,331,degradation_restoration_poisoned,False,0,1,1,1,target_unchanged
332,332,degradation_restoration_poisoned,False,0,1,1,1,target_unchanged
333,333,degradation_restoration_poisoned,False,0,1,1,1,target_unchanged
334,334,degradation_restoration_poisoned,False,0,1,0,0,recovered_or_true_preserved
335,335,degradation_restoration_poisoned,False,0,1,1,1,target_unchanged
336,336,degradation_restoration_poisoned,False,0,1,1,1,target_unchanged
337,337,degradation_restoration_poisoned,False,0,1,1,1,target_unchanged
338,338,degradation_restoration_poisoned,False,0,1,1,1,target_unchanged
339,339,degradation_restoration_poisoned,False,0,1,1,1,target_unchanged
340,340,degradation_restoration_poisoned,False,0,1,1,1,target_unchanged
341,341,degradation_restoration_poisoned,False,0,1,1,1,target_unchanged
342,342,degradation_restoration_poisoned,False,0,1,1,1,target_unchanged
343,343,degradation_restoration_poisoned,False,0,1,1,1,target_unchanged
344,344,degradation_restoration_poisoned,False,0,1,1,1,target_unchanged
345,345,degradation_restoration_poisoned,False,0,1,1,1,target_unchanged
346,346,degradation_restoration_poisoned,False,0,1,1,1,target_unchanged
347,347,degradation_restoration_poisoned,False,0,1,1,1,target_unchanged
348,348,degradation_restoration_poisoned,False,0,1,1,1,target_unchanged
349,349,degradation_restoration_poisoned,False,0,1,1,1,target_unchanged
350,350,degradation_restoration_poisoned,False,0,1,1,1,target_unchanged
351,351,degradation_restoration_poisoned,False,0,1,1,1,target_unchanged
352,352,degradation_restoration_poisoned,False,0,1,1,1,target_unchanged
353,353,degradation_restoration_poisoned,False,0,1,0,0,recovered_or_true_preserved
354,354,degradation_restoration_poisoned,False,0,1,1,1,target_unchanged
355,355,degradation_restoration_poisoned,False,0,1,1,1,target_unchanged
356,356,degradation_restoration_poisoned,False,0,1,1,1,target_unchanged
357,357,degradation_restoration_poisoned,False,0,1,1,1,target_unchanged
358,358,degradation_restoration_poisoned,False,0,1,1,1,target_unchanged
359,359,degradation_restoration_poisoned,False,0,1,1,1,target_unchanged
360,360,degradation_restoration_poisoned,False,0,1,1,1,target_unchanged
361,361,degradation_restoration_poisoned,False,0,1,1,1,target_unchanged
362,362,degradation_restoration_poisoned,False,0,1,1,1,target_unchanged
363,363,degradation_restoration_poisoned,False,0,1,1,1,target_unchanged
364,364,degradation_restoration_poisoned,False,0,1,1,1,target_unchanged
365,365,degradation_restoration_poisoned,False,0,1,1,1,target_unchanged
366,366,degradation_restoration_poisoned,False,0,1,1,1,target_unchanged
367,367,degradation_restoration_poisoned,False,0,1,1,1,target_unchanged
368,368,degradation_restoration_poisoned,False,0,1,1,1,target_unchanged
369,369,degradation_restoration_poisoned,False,0,1,1,1,target_unchanged
370,370,degradation_restoration_poisoned,False,0,1,1,1,target_unchanged
371,371,degradation_restoration_poisoned,False,0,1,1,1,target_unchanged
372,372,degradation_restoration_poisoned,False,0,1,1,1,target_unchanged
373,373,degradation_restoration_poisoned,False,0,1,1,1,target_unchanged
374,374,degradation_restoration_poisoned,False,0,1,1,1,target_unchanged
375,375,degradation_restoration_poisoned,False,0,1,1,1,target_unchanged
376,376,degradation_restoration_poisoned,False,0,1,1,1,target_unchanged
377,377,degradation_restoration_poisoned,False,0,1,1,1,target_unchanged
378,378,degradation_restoration_poisoned,False,0,1,1,1,target_unchanged
379,379,degradation_restoration_poisoned,False,0,1,1,1,target_unchanged
380,380,degradation_restoration_poisoned,False,0,1,1,1,target_unchanged
381,381,degradation_restoration_poisoned,False,0,1,1,1,target_unchanged
382,382,degradation_restoration_poisoned,False,0,1,1,1,target_unchanged
383,383,degradation_restoration_poisoned,False,0,1,1,1,target_unchanged
384,384,degradation_restoration_poisoned,False,0,1,1,1,target_unchanged
385,385,degradation_restoration_poisoned,False,0,1,1,1,target_unchanged
386,386,degradation_restoration_poisoned,False,0,1,1,1,target_unchanged
387,387,degradation_restoration_poisoned,False,1,1,1,1,target_to_true
388,388,degradation_restoration_poisoned,False,1,1,1,1,target_to_true
389,389,degradation_restoration_poisoned,False,1,1,1,1,target_to_true
390,390,degradation_restoration_poisoned,False,1,1,1,1,target_to_true
391,391,degradation_restoration_poisoned,False,1,1,1,1,target_to_true
392,392,degradation_restoration_poisoned,False,1,1,1,1,target_to_true
393,393,degradation_restoration_poisoned,False,1,1,1,1,target_to_true
394,394,degradation_restoration_poisoned,False,1,1,1,1,target_to_true
395,395,degradation_restoration_poisoned,False,1,1,1,1,target_to_true
396,396,degradation_restoration_poisoned,False,1,1,1,1,target_to_true
397,397,degradation_restoration_poisoned,False,1,1,1,1,target_to_true
398,398,degradation_restoration_poisoned,False,1,1,1,1,target_to_true
399,399,degradation_restoration_poisoned,False,1,1,1,1,target_to_true
400,400,degradation_restoration_poisoned,False,1,1,1,1,target_to_true
401,401,degradation_restoration_poisoned,False,1,1,1,1,target_to_true
402,402,degradation_restoration_poisoned,False,1,1,1,1,target_to_true
403,403,degradation_restoration_poisoned,False,1,1,1,1,target_to_true
404,404,degradation_restoration_poisoned,False,1,1,1,1,target_to_true
405,405,degradation_restoration_poisoned,False,1,1,1,1,target_to_true
406,406,degradation_restoration_poisoned,False,1,1,1,1,target_to_true
407,407,degradation_restoration_poisoned,False,1,1,1,1,target_to_true
408,408,degradation_restoration_poisoned,False,1,1,1,1,target_to_true
409,409,degradation_restoration_poisoned,False,1,1,1,1,target_to_true
410,410,degradation_restoration_poisoned,False,1,1,1,1,target_to_true
411,411,degradation_restoration_poisoned,False,1,1,1,1,target_to_true
412,412,degradation_restoration_poisoned,False,1,1,1,1,target_to_true
413,413,degradation_restoration_poisoned,False,1,1,1,1,target_to_true
414,414,degradation_restoration_poisoned,False,1,1,1,1,target_to_true
415,415,degradation_restoration_poisoned,False,1,1,1,1,target_to_true
416,416,degradation_restoration_poisoned,False,1,1,1,1,target_to_true
417,417,degradation_restoration_poisoned,False,1,1,1,1,target_to_true
418,418,degradation_restoration_poisoned,False,1,1,1,1,target_to_true
419,419,degradation_restoration_poisoned,False,1,1,1,1,target_to_true
420,420,degradation_restoration_poisoned,False,1,1,1,1,target_to_true
421,421,degradation_restoration_poisoned,False,1,1,1,1,target_to_true
422,422,degradation_restoration_poisoned,False,1,1,1,1,target_to_true
423,423,degradation_restoration_poisoned,False,1,1,1,1,target_to_true
424,424,degradation_restoration_poisoned,False,1,1,1,1,target_to_true
425,425,degradation_restoration_poisoned,False,1,1,1,1,target_to_true
426,426,degradation_restoration_poisoned,False,1,1,1,1,target_to_true
427,427,degradation_restoration_poisoned,False,1,1,1,1,target_to_true
428,428,degradation_restoration_poisoned,False,1,1,1,1,target_to_true
429,429,degradation_restoration_poisoned,False,1,1,1,1,target_to_true
430,430,degradation_restoration_poisoned,False,1,1,1,1,target_to_true
431,431,degradation_restoration_poisoned,False,1,1,1,1,target_to_true
432,432,degradation_restoration_poisoned,False,1,1,1,1,target_to_true
433,433,degradation_restoration_poisoned,False,1,1,1,1,target_to_true
434,434,degradation_restoration_poisoned,False,1,1,1,1,target_to_true
435,435,degradation_restoration_poisoned,False,1,1,1,1,target_to_true
436,436,degradation_restoration_poisoned,False,1,1,1,1,target_to_true
437,437,degradation_restoration_poisoned,False,1,1,1,1,target_to_true
438,438,degradation_restoration_poisoned,False,1,1,1,1,target_to_true
439,439,degradation_restoration_poisoned,False,1,1,1,1,target_to_true
440,440,degradation_restoration_poisoned,False,1,1,1,1,target_to_true
441,441,degradation_restoration_poisoned,False,1,1,1,1,target_to_true
442,442,degradation_restoration_poisoned,False,1,1,1,1,target_to_true
443,443,degradation_restoration_poisoned,False,1,1,1,1,target_to_true
444,444,degradation_restoration_poisoned,False,1,1,1,1,target_to_true
445,445,degradation_restoration_poisoned,False,1,1,1,1,target_to_true
446,446,degradation_restoration_poisoned,False,1,1,1,1,target_to_true
447,447,degradation_restoration_poisoned,False,1,1,1,1,target_to_true
448,448,degradation_restoration_poisoned,False,1,1,1,1,target_to_true
449,449,degradation_restoration_poisoned,False,1,1,1,1,target_to_true
450,450,degradation_restoration_poisoned,False,1,1,1,1,target_to_true
451,451,degradation_restoration_poisoned,False,1,1,1,1,target_to_true
452,452,degradation_restoration_poisoned,False,1,1,1,1,target_to_true
453,453,degradation_restoration_poisoned,False,1,1,1,1,target_to_true
454,454,degradation_restoration_poisoned,False,1,1,1,1,target_to_true
455,455,degradation_restoration_poisoned,False,1,1,1,1,target_to_true
456,456,degradation_restoration_poisoned,False,1,1,1,1,target_to_true
457,457,degradation_restoration_poisoned,False,1,1,1,1,target_to_true
458,458,degradation_restoration_poisoned,False,1,1,1,1,target_to_true
459,459,degradation_restoration_poisoned,False,1,1,1,1,target_to_true
460,460,degradation_restoration_poisoned,False,1,1,1,1,target_to_true
461,461,degradation_restoration_poisoned,False,1,1,1,1,target_to_true
462,462,degradation_restoration_poisoned,False,1,1,1,1,target_to_true
463,463,degradation_restoration_poisoned,False,1,1,1,1,target_to_true
464,464,degradation_restoration_poisoned,False,1,1,1,1,target_to_true
465,465,degradation_restoration_poisoned,False,1,1,1,1,target_to_true
466,466,degradation_restoration_poisoned,False,1,1,1,1,target_to_true
467,467,degradation_restoration_poisoned,False,1,1,1,1,target_to_true
468,468,degradation_restoration_poisoned,False,1,1,1,1,target_to_true
469,469,degradation_restoration_poisoned,False,1,1,1,1,target_to_true
470,470,degradation_restoration_poisoned,False,1,1,1,1,target_to_true
471,471,degradation_restoration_poisoned,False,1,1,1,1,target_to_true
472,472,degradation_restoration_poisoned,False,1,1,1,1,target_to_true
473,473,degradation_restoration_poisoned,False,1,1,1,1,target_to_true
474,474,degradation_restoration_poisoned,False,1,1,1,1,target_to_true
475,475,degradation_restoration_poisoned,False,1,1,1,1,target_to_true
476,476,degradation_restoration_poisoned,False,1,1,1,1,target_to_true
477,477,degradation_restoration_poisoned,False,1,1,1,1,target_to_true
478,478,degradation_restoration_poisoned,False,1,1,1,1,target_to_true
479,479,degradation_restoration_poisoned,False,1,1,1,1,target_to_true
480,480,degradation_restoration_poisoned,False,1,1,1,1,target_to_true
481,481,degradation_restoration_poisoned,False,1,1,1,1,target_to_true
482,482,degradation_restoration_poisoned,False,1,1,1,1,target_to_true
483,483,degradation_restoration_poisoned,False,1,1,1,1,target_to_true
484,484,degradation_restoration_poisoned,False,1,1,1,1,target_to_true
485,485,degradation_restoration_poisoned,False,1,1,1,1,target_to_true
486,486,degradation_restoration_poisoned,False,1,1,1,1,target_to_true
487,487,degradation_restoration_poisoned,False,1,1,1,1,target_to_true
488,488,degradation_restoration_poisoned,False,1,1,1,1,target_to_true
489,489,degradation_restoration_poisoned,False,1,1,1,1,target_to_true
490,490,degradation_restoration_poisoned,False,1,1,1,1,target_to_true
491,491,degradation_restoration_poisoned,False,1,1,1,1,target_to_true
492,492,degradation_restoration_poisoned,False,1,1,1,1,target_to_true
493,493,degradation_restoration_poisoned,False,1,1,1,1,target_to_true
494,494,degradation_restoration_poisoned,False,1,1,1,1,target_to_true
495,495,degradation_restoration_poisoned,False,1,1,1,1,target_to_true
496,496,degradation_restoration_poisoned,False,1,1,1,1,target_to_true
497,497,degradation_restoration_poisoned,False,1,1,1,1,target_to_true
498,498,degradation_restoration_poisoned,False,1,1,1,1,target_to_true
499,499,degradation_restoration_poisoned,False,1,1,1,1,target_to_true
500,500,degradation_restoration_poisoned,False,1,1,1,1,target_to_true
501,501,degradation_restoration_poisoned,False,1,1,1,1,target_to_true
502,502,degradation_restoration_poisoned,False,1,1,1,1,target_to_true
503,503,degradation_restoration_poisoned,False,1,1,1,1,target_to_true
504,504,degradation_restoration_poisoned,False,1,1,1,1,target_to_true
505,505,degradation_restoration_poisoned,False,1,1,1,1,target_to_true
506,506,degradation_restoration_poisoned,False,1,1,1,1,target_to_true
507,507,degradation_restoration_poisoned,False,1,1,1,1,target_to_true
508,508,degradation_restoration_poisoned,False,1,1,1,1,target_to_true
509,509,degradation_restoration_poisoned,False,1,1,1,1,target_to_true
510,510,degradation_restoration_poisoned,False,1,1,1,1,target_to_true
511,511,degradation_restoration_poisoned,False,1,1,1,1,target_to_true
