sample_index,original_index,source_path,setting,domain,true_label,target_class,predicted_label,target_logit,true_class_logit,target_margin,target_probability,true_class_probability
0,0,EXTERNAL_SAMPLE/0000000.png,origin_clean,clean,0,1,0,3.1040971279144287,10.976194381713867,-7.872097015380859,0.00037978330510668457,0.99619460105896
1,1,EXTERNAL_SAMPLE/0000001.png,origin_clean,clean,0,1,0,3.220930576324463,8.179313659667969,-4.958383083343506,0.0067483303137123585,0.9607154726982117
2,2,EXTERNAL_SAMPLE/0000002.png,origin_clean,clean,0,1,0,1.4055747985839844,17.21295166015625,-15.807376861572266,1.3644022089920327e-07,0.999997615814209
3,3,EXTERNAL_SAMPLE/0000003.png,origin_clean,clean,0,1,0,1.8520234823226929,17.3358154296875,-15.483792304992676,1.8857045347431267e-07,0.9999980926513672
4,4,EXTERNAL_SAMPLE/0000004.png,origin_clean,clean,0,1,4,2.139277696609497,5.066037654876709,-2.926759958267212,0.021223047748208046,0.3961717188358307
5,5,EXTERNAL_SAMPLE/0000005.png,origin_clean,clean,0,1,0,1.8578132390975952,11.045998573303223,-9.188185691833496,0.00010212595952907577,0.9988827109336853
6,6,EXTERNAL_SAMPLE/0000006.png,origin_clean,clean,0,1,0,2.483020067214966,10.365365982055664,-7.882346153259277,0.00037592905573546886,0.9962431192398071
7,7,EXTERNAL_SAMPLE/0000007.png,origin_clean,clean,0,1,0,4.431122303009033,9.828991889953613,-5.39786958694458,0.004482717718929052,0.9903903007507324
8,8,EXTERNAL_SAMPLE/0000008.png,origin_clean,clean,0,1,0,4.96087121963501,12.74002456665039,-7.779153347015381,0.0004181229742243886,0.9994186162948608
9,9,EXTERNAL_SAMPLE/0000009.png,origin_clean,clean,0,1,0,1.8994252681732178,10.464152336120605,-8.564726829528809,0.00019041493942495435,0.9984230995178223
10,10,EXTERNAL_SAMPLE/0000010.png,origin_clean,clean,0,1,0,3.2312357425689697,6.7929182052612305,-3.5616824626922607,0.023505428805947304,0.8279178142547607
11,11,EXTERNAL_SAMPLE/0000011.png,origin_clean,clean,0,1,1,7.900365829467773,5.405233383178711,2.4951324462890625,0.866075873374939,0.07143872231245041
12,12,EXTERNAL_SAMPLE/0000012.png,origin_clean,clean,0,1,3,3.009458065032959,4.872461795806885,-1.8630037307739258,0.058167051523923874,0.37477388978004456
13,13,EXTERNAL_SAMPLE/0000013.png,origin_clean,clean,0,1,0,3.2752301692962646,9.279202461242676,-6.003972053527832,0.002411085646599531,0.9765726923942566
14,14,EXTERNAL_SAMPLE/0000014.png,origin_clean,clean,0,1,0,3.099834680557251,18.58733558654785,-15.48750114440918,1.8787262945352268e-07,0.9999995231628418
15,15,EXTERNAL_SAMPLE/0000015.png,origin_clean,clean,0,1,0,1.7315549850463867,14.501280784606934,-12.769725799560547,2.8453555387386587e-06,0.9999032020568848
16,16,EXTERNAL_SAMPLE/0000016.png,origin_clean,clean,0,1,3,1.286521553993225,1.8494467735290527,-0.5629252195358276,0.022636696696281433,0.03974554315209389
17,17,EXTERNAL_SAMPLE/0000017.png,origin_clean,clean,0,1,0,3.447887897491455,12.928068161010742,-9.480180740356445,7.629931496921927e-05,0.9993342757225037
18,18,EXTERNAL_SAMPLE/0000018.png,origin_clean,clean,0,1,0,2.6843130588531494,11.247965812683105,-8.563652992248535,0.00019070898997597396,0.9988917708396912
19,19,EXTERNAL_SAMPLE/0000019.png,origin_clean,clean,0,1,0,3.5788207054138184,9.130682945251465,-5.5518622398376465,0.003778164042159915,0.9736972451210022
20,20,EXTERNAL_SAMPLE/0000020.png,origin_clean,clean,0,1,0,1.69754958152771,16.007238388061523,-14.309688568115234,6.100681844145583e-07,0.9999934434890747
21,21,EXTERNAL_SAMPLE/0000021.png,origin_clean,clean,0,1,6,1.2944598197937012,2.6393823623657227,-1.3449225425720215,0.0036338360514491796,0.013946261256933212
22,22,EXTERNAL_SAMPLE/0000022.png,origin_clean,clean,0,1,0,1.9334368705749512,9.306767463684082,-7.373330593109131,0.0006195101886987686,0.9868365526199341
23,23,EXTERNAL_SAMPLE/0000023.png,origin_clean,clean,0,1,0,1.819641351699829,10.603435516357422,-8.783794403076172,0.00015139742754399776,0.9882616400718689
24,24,EXTERNAL_SAMPLE/0000024.png,origin_clean,clean,0,1,0,3.0233020782470703,9.190145492553711,-6.166843414306641,0.0020576706156134605,0.9808484315872192
25,25,EXTERNAL_SAMPLE/0000025.png,origin_clean,clean,0,1,0,2.537499189376831,18.570457458496094,-16.032958984375,1.0888652468565851e-07,0.9999994039535522
26,26,EXTERNAL_SAMPLE/0000026.png,origin_clean,clean,0,1,0,4.013566017150879,9.127291679382324,-5.113725662231445,0.005785374436527491,0.9620425701141357
27,27,EXTERNAL_SAMPLE/0000027.png,origin_clean,clean,0,1,0,1.6904335021972656,15.558371543884277,-13.867938041687012,9.48897877606214e-07,0.9999734163284302
28,28,EXTERNAL_SAMPLE/0000028.png,origin_clean,clean,0,1,0,2.238863945007324,12.042984962463379,-9.804121017456055,5.519154728972353e-05,0.9994205236434937
29,29,EXTERNAL_SAMPLE/0000029.png,origin_clean,clean,0,1,0,2.404477119445801,13.36780834197998,-10.96333122253418,1.732246710162144e-05,0.9998250603675842
30,30,EXTERNAL_SAMPLE/0000030.png,origin_clean,clean,0,1,0,2.382408857345581,17.698495864868164,-15.316086769104004,2.2300135071873228e-07,0.9999988079071045
31,31,EXTERNAL_SAMPLE/0000031.png,origin_clean,clean,0,1,0,6.037671089172363,13.63952922821045,-7.601858139038086,0.0004992367466911674,0.9994282126426697
32,32,EXTERNAL_SAMPLE/0000032.png,origin_clean,clean,0,1,0,2.039668321609497,13.652955055236816,-11.613286972045898,9.044310900208075e-06,0.9999122619628906
33,33,EXTERNAL_SAMPLE/0000033.png,origin_clean,clean,0,1,0,1.961421012878418,11.334258079528809,-9.37283706665039,8.490296022500843e-05,0.9988362193107605
34,34,EXTERNAL_SAMPLE/0000034.png,origin_clean,clean,0,1,0,1.37320876121521,6.521196365356445,-5.147987365722656,0.003957496955990791,0.6810250878334045
35,35,EXTERNAL_SAMPLE/0000035.png,origin_clean,clean,0,1,0,3.158233642578125,10.105147361755371,-6.946913719177246,0.0009530661627650261,0.991127073764801
36,36,EXTERNAL_SAMPLE/0000036.png,origin_clean,clean,0,1,0,1.5501669645309448,16.191118240356445,-14.640951156616211,4.380390521419031e-07,0.9999934434890747
37,37,EXTERNAL_SAMPLE/0000037.png,origin_clean,clean,0,1,0,1.893989086151123,6.4449462890625,-4.550957202911377,0.008734204806387424,0.8273303508758545
38,38,EXTERNAL_SAMPLE/0000038.png,origin_clean,clean,0,1,0,1.2050474882125854,12.187935829162598,-10.982888221740723,1.6984768080874346e-05,0.9996947050094604
39,39,EXTERNAL_SAMPLE/0000039.png,origin_clean,clean,0,1,0,4.746974468231201,14.384644508361816,-9.637670516967773,6.521632894873619e-05,0.9998698234558105
40,40,EXTERNAL_SAMPLE/0000040.png,origin_clean,clean,0,1,0,1.7712560892105103,9.430349349975586,-7.659093379974365,0.00046923081390559673,0.9946916699409485
41,41,EXTERNAL_SAMPLE/0000041.png,origin_clean,clean,0,1,0,6.088731288909912,15.224308013916016,-9.135576248168945,0.00010775044211186469,0.9998835325241089
42,42,EXTERNAL_SAMPLE/0000042.png,origin_clean,clean,0,1,0,2.731513738632202,17.35672950744629,-14.625215530395508,4.449882169410557e-07,0.9999974966049194
43,43,EXTERNAL_SAMPLE/0000043.png,origin_clean,clean,0,1,0,4.493727684020996,10.554306983947754,-6.060579299926758,0.002320543397217989,0.9946398138999939
44,44,EXTERNAL_SAMPLE/0000044.png,origin_clean,clean,0,1,0,2.1336731910705566,10.302239418029785,-8.16856575012207,0.00028249825118109584,0.9967329502105713
45,45,EXTERNAL_SAMPLE/0000045.png,origin_clean,clean,0,1,0,3.7812106609344482,10.865757942199707,-7.08454704284668,0.0008317482424899936,0.9925938248634338
46,46,EXTERNAL_SAMPLE/0000046.png,origin_clean,clean,0,1,0,1.5305975675582886,18.25212287902832,-16.721525192260742,5.469323838269702e-08,0.9999994039535522
47,47,EXTERNAL_SAMPLE/0000047.png,origin_clean,clean,0,1,0,2.903116226196289,5.229319095611572,-2.326202869415283,0.06435081362724304,0.6588873267173767
48,48,EXTERNAL_SAMPLE/0000048.png,origin_clean,clean,0,1,0,1.952758550643921,12.55470085144043,-10.60194206237793,2.4861494239303283e-05,0.9997517466545105
49,49,EXTERNAL_SAMPLE/0000049.png,origin_clean,clean,0,1,0,1.6342780590057373,7.4274139404296875,-5.793135643005371,0.00270394841209054,0.8870033621788025
50,50,EXTERNAL_SAMPLE/0000050.png,origin_clean,clean,0,1,0,2.4189658164978027,12.39940357208252,-9.980438232421875,4.6283439587568864e-05,0.9997119307518005
51,51,EXTERNAL_SAMPLE/0000051.png,origin_clean,clean,0,1,0,1.8418831825256348,6.922676086425781,-5.0807929039001465,0.005807140842080116,0.9343781471252441
52,52,EXTERNAL_SAMPLE/0000052.png,origin_clean,clean,0,1,0,1.7328966856002808,11.514504432678223,-9.781607627868652,5.6450171541655436e-05,0.9994555115699768
53,53,EXTERNAL_SAMPLE/0000053.png,origin_clean,clean,0,1,0,2.0131995677948,7.563154220581055,-5.549954414367676,0.003730455646291375,0.9595695734024048
54,54,EXTERNAL_SAMPLE/0000054.png,origin_clean,clean,0,1,0,1.2684413194656372,11.969752311706543,-10.701311111450195,2.2505402739625424e-05,0.9995560050010681
55,55,EXTERNAL_SAMPLE/0000055.png,origin_clean,clean,0,1,0,1.548967719078064,17.463956832885742,-15.914989471435547,1.22520134482329e-07,0.999998927116394
56,56,EXTERNAL_SAMPLE/0000056.png,origin_clean,clean,0,1,0,3.2313380241394043,5.6619110107421875,-2.430572986602783,0.059258341789245605,0.673494279384613
57,57,EXTERNAL_SAMPLE/0000057.png,origin_clean,clean,0,1,0,5.306013107299805,8.130980491638184,-2.824967384338379,0.05324123427271843,0.8976683020591736
58,58,EXTERNAL_SAMPLE/0000058.png,origin_clean,clean,0,1,0,2.2749600410461426,8.812971115112305,-6.538011074066162,0.0014049275778234005,0.9706798791885376
59,59,EXTERNAL_SAMPLE/0000059.png,origin_clean,clean,0,1,0,2.682051181793213,7.038084030151367,-4.356032848358154,0.012128950096666813,0.9454188942909241
60,60,EXTERNAL_SAMPLE/0000060.png,origin_clean,clean,0,1,0,2.418151617050171,8.29817008972168,-5.88001823425293,0.002488538157194853,0.8904381990432739
61,61,EXTERNAL_SAMPLE/0000061.png,origin_clean,clean,0,1,0,2.836099624633789,9.129854202270508,-6.293754577636719,0.0018201825441792607,0.9850489497184753
62,62,EXTERNAL_SAMPLE/0000062.png,origin_clean,clean,0,1,0,1.4397027492523193,14.468144416809082,-13.028441429138184,2.196906962126377e-06,0.9999814033508301
63,63,EXTERNAL_SAMPLE/0000063.png,origin_clean,clean,0,1,0,3.5172736644744873,7.812878131866455,-4.295604705810547,0.01249346137046814,0.9167273640632629
64,64,EXTERNAL_SAMPLE/0000064.png,origin_clean,clean,0,1,0,1.7119325399398804,13.179627418518066,-11.467695236206055,1.0461249985382892e-05,0.9998626708984375
65,65,EXTERNAL_SAMPLE/0000065.png,origin_clean,clean,0,1,0,3.887421131134033,13.421963691711426,-9.534542083740234,7.230003393488005e-05,0.9998561143875122
66,66,EXTERNAL_SAMPLE/0000066.png,origin_clean,clean,0,1,0,2.659651041030884,8.329617500305176,-5.669966697692871,0.0033702380023896694,0.9774528741836548
67,67,EXTERNAL_SAMPLE/0000067.png,origin_clean,clean,0,1,0,5.118612289428711,6.035155773162842,-0.9165434837341309,0.21414102613925934,0.5354878902435303
68,68,EXTERNAL_SAMPLE/0000068.png,origin_clean,clean,0,1,0,2.5295348167419434,14.752277374267578,-12.222742080688477,4.91717992190388e-06,0.9999666213989258
69,69,EXTERNAL_SAMPLE/0000069.png,origin_clean,clean,0,1,0,1.4839304685592651,11.72480583190918,-10.240875244140625,3.565940278349444e-05,0.9993777275085449
70,70,EXTERNAL_SAMPLE/0000070.png,origin_clean,clean,0,1,0,5.428415298461914,11.686062812805176,-6.257647514343262,0.0019110459834337234,0.9975460171699524
71,71,EXTERNAL_SAMPLE/0000071.png,origin_clean,clean,0,1,3,4.041046142578125,5.520639419555664,-1.479593276977539,0.044660426676273346,0.1961110532283783
72,72,EXTERNAL_SAMPLE/0000072.png,origin_clean,clean,0,1,0,1.7989230155944824,12.421786308288574,-10.62286376953125,2.4347669750568457e-05,0.9997894167900085
73,73,EXTERNAL_SAMPLE/0000073.png,origin_clean,clean,0,1,0,1.7737348079681396,13.8085298538208,-12.034794807434082,5.93376216784236e-06,0.9999426603317261
74,74,EXTERNAL_SAMPLE/0000074.png,origin_clean,clean,0,1,0,2.593780755996704,8.525717735290527,-5.931937217712402,0.0023714245762676,0.8937518000602722
75,75,EXTERNAL_SAMPLE/0000075.png,origin_clean,clean,0,1,0,1.5536823272705078,11.414531707763672,-9.860849380493164,5.21453439432662e-05,0.9993739724159241
76,76,EXTERNAL_SAMPLE/0000076.png,origin_clean,clean,0,1,0,2.246232509613037,19.630352020263672,-17.384119033813477,2.8195051626767054e-08,0.9999997615814209
77,77,EXTERNAL_SAMPLE/0000077.png,origin_clean,clean,0,1,0,2.9977402687072754,18.476892471313477,-15.47915267944336,1.8944764690331795e-07,0.9999995231628418
78,78,EXTERNAL_SAMPLE/0000078.png,origin_clean,clean,0,1,0,1.3827183246612549,12.521536827087402,-11.138818740844727,1.45289068314014e-05,0.9994485974311829
79,79,EXTERNAL_SAMPLE/0000079.png,origin_clean,clean,0,1,0,2.755274534225464,23.213850021362305,-20.458576202392578,1.303026464505308e-09,1.0
80,80,EXTERNAL_SAMPLE/0000080.png,origin_clean,clean,0,1,0,3.9111194610595703,9.890439987182617,-5.979320526123047,0.002490097191184759,0.9840160608291626
81,81,EXTERNAL_SAMPLE/0000081.png,origin_clean,clean,0,1,0,2.621004819869995,12.196148872375488,-9.575143814086914,6.940612365724519e-05,0.9996084570884705
82,82,EXTERNAL_SAMPLE/0000082.png,origin_clean,clean,0,1,0,4.412205219268799,10.448541641235352,-6.036336421966553,0.0023665493354201317,0.9900637269020081
83,83,EXTERNAL_SAMPLE/0000083.png,origin_clean,clean,0,1,0,1.5625898838043213,15.273377418518066,-13.710787773132324,1.1103900305897696e-06,0.9999885559082031
84,84,EXTERNAL_SAMPLE/0000084.png,origin_clean,clean,0,1,0,3.4009063243865967,13.661666870117188,-10.260760307312012,3.497462239465676e-05,0.9998724460601807
85,85,EXTERNAL_SAMPLE/0000085.png,origin_clean,clean,0,1,0,2.3893017768859863,17.209720611572266,-14.820419311523438,3.660771312752331e-07,0.9999974966049194
86,86,EXTERNAL_SAMPLE/0000086.png,origin_clean,clean,0,1,0,1.642195463180542,10.980997085571289,-9.338801383972168,8.779763447819278e-05,0.9983267188072205
87,87,EXTERNAL_SAMPLE/0000087.png,origin_clean,clean,0,1,0,2.2274632453918457,9.707889556884766,-7.48042631149292,0.000562139437533915,0.9966712594032288
88,88,EXTERNAL_SAMPLE/0000088.png,origin_clean,clean,0,1,0,1.0048213005065918,15.549859046936035,-14.545038223266602,4.821271772925684e-07,0.9999803304672241
89,89,EXTERNAL_SAMPLE/0000089.png,origin_clean,clean,0,1,0,5.105974197387695,11.345480918884277,-6.239506721496582,0.001944869407452643,0.9969508647918701
90,90,EXTERNAL_SAMPLE/0000090.png,origin_clean,clean,0,1,0,3.7414627075195312,6.157620429992676,-2.4161577224731445,0.07456233352422714,0.8353018164634705
91,91,EXTERNAL_SAMPLE/0000091.png,origin_clean,clean,0,1,0,4.603840351104736,11.495847702026367,-6.892007350921631,0.00101287174038589,0.9970460534095764
92,92,EXTERNAL_SAMPLE/0000092.png,origin_clean,clean,0,1,0,2.243185520172119,4.3986921310424805,-2.1555066108703613,0.05359567329287529,0.46265190839767456
93,93,EXTERNAL_SAMPLE/0000093.png,origin_clean,clean,0,1,0,2.515319585800171,13.643794059753418,-11.128474235534668,1.4687276234326418e-05,0.9999452829360962
94,94,EXTERNAL_SAMPLE/0000094.png,origin_clean,clean,0,1,0,3.4282453060150146,4.184628486633301,-0.7563831806182861,0.16204103827476501,0.3452375829219818
95,95,EXTERNAL_SAMPLE/0000095.png,origin_clean,clean,0,1,5,2.1749267578125,4.13001823425293,-1.9550914764404297,0.02263716608285904,0.15992175042629242
96,96,EXTERNAL_SAMPLE/0000096.png,origin_clean,clean,0,1,0,1.3708209991455078,14.281692504882812,-12.910871505737305,2.470906338203349e-06,0.999945878982544
97,97,EXTERNAL_SAMPLE/0000097.png,origin_clean,clean,0,1,0,4.434718608856201,13.358424186706543,-8.9237060546875,0.00013314092939253896,0.999603807926178
98,98,EXTERNAL_SAMPLE/0000098.png,origin_clean,clean,0,1,0,2.6359403133392334,10.826883316040039,-8.190942764282227,0.0002765404060482979,0.9977916479110718
99,99,EXTERNAL_SAMPLE/0000099.png,origin_clean,clean,0,1,0,2.682417869567871,6.741326808929443,-4.058908939361572,0.011484721675515175,0.6650927662849426
100,100,EXTERNAL_SAMPLE/0000100.png,origin_clean,clean,0,1,0,2.0596134662628174,10.520035743713379,-8.46042251586914,0.0002101816498907283,0.9929094314575195
101,101,EXTERNAL_SAMPLE/0000101.png,origin_clean,clean,0,1,9,4.257350444793701,3.4314327239990234,0.8259177207946777,0.2827480733394623,0.12379643321037292
102,102,EXTERNAL_SAMPLE/0000102.png,origin_clean,clean,0,1,0,2.739020586013794,14.175660133361816,-11.436639785766602,1.0789863154059276e-05,0.9997363686561584
103,103,EXTERNAL_SAMPLE/0000103.png,origin_clean,clean,0,1,0,2.5463709831237793,18.982662200927734,-16.436290740966797,7.274605451357274e-08,0.9999995231628418
104,104,EXTERNAL_SAMPLE/0000104.png,origin_clean,clean,0,1,0,2.953166961669922,13.586615562438965,-10.633448600769043,2.4093793399515562e-05,0.9998922348022461
105,105,EXTERNAL_SAMPLE/0000105.png,origin_clean,clean,0,1,0,2.6963934898376465,13.955704689025879,-11.25931167602539,1.2886149306723382e-05,0.9999542236328125
106,106,EXTERNAL_SAMPLE/0000106.png,origin_clean,clean,0,1,0,2.899207353591919,7.869332313537598,-4.970125198364258,0.006155626382678747,0.8866866230964661
107,107,EXTERNAL_SAMPLE/0000107.png,origin_clean,clean,0,1,0,1.3718199729919434,14.196502685546875,-12.824682235717773,2.693407623155508e-06,0.99997878074646
108,108,EXTERNAL_SAMPLE/0000108.png,origin_clean,clean,0,1,0,3.4962189197540283,12.825271606445312,-9.329052925109863,8.877741493051872e-05,0.9996746778488159
109,109,EXTERNAL_SAMPLE/0000109.png,origin_clean,clean,0,1,0,5.355759620666504,7.731076717376709,-2.375317096710205,0.08305379003286362,0.8931955099105835
110,110,EXTERNAL_SAMPLE/0000110.png,origin_clean,clean,0,1,0,3.0537188053131104,13.277443885803223,-10.223725318908691,3.629562706919387e-05,0.9999120235443115
111,111,EXTERNAL_SAMPLE/0000111.png,origin_clean,clean,0,1,0,2.2379770278930664,7.938496112823486,-5.70051908493042,0.0032136442605406046,0.9609521627426147
112,112,EXTERNAL_SAMPLE/0000112.png,origin_clean,clean,0,1,0,2.082784652709961,14.666455268859863,-12.583670616149902,3.427419414947508e-06,0.9999676942825317
113,113,EXTERNAL_SAMPLE/0000113.png,origin_clean,clean,0,1,9,1.7036999464035034,1.4144214391708374,0.289278507232666,0.025713078677654266,0.01925404742360115
114,114,EXTERNAL_SAMPLE/0000114.png,origin_clean,clean,0,1,0,3.0047645568847656,8.038652420043945,-5.03388786315918,0.004841818008571863,0.743358314037323
115,115,EXTERNAL_SAMPLE/0000115.png,origin_clean,clean,0,1,0,4.014484405517578,15.100011825561523,-11.085527420043945,1.5332159819081426e-05,0.9999693632125854
116,116,EXTERNAL_SAMPLE/0000116.png,origin_clean,clean,0,1,0,6.211930751800537,6.223423004150391,-0.011492252349853516,0.4516892433166504,0.4569101333618164
117,117,EXTERNAL_SAMPLE/0000117.png,origin_clean,clean,0,1,0,3.431417465209961,11.198969841003418,-7.767552375793457,0.0004228503385093063,0.9990605711936951
118,118,EXTERNAL_SAMPLE/0000118.png,origin_clean,clean,0,1,0,3.1611456871032715,10.826520919799805,-7.665375232696533,0.0004671451752074063,0.9965108036994934
119,119,EXTERNAL_SAMPLE/0000119.png,origin_clean,clean,0,1,0,2.3329720497131348,7.822528839111328,-5.489556789398193,0.00401977077126503,0.9733868837356567
120,120,EXTERNAL_SAMPLE/0000120.png,origin_clean,clean,0,1,0,3.874229669570923,10.583026885986328,-6.708797454833984,0.0012153673451393843,0.9960961937904358
121,121,EXTERNAL_SAMPLE/0000121.png,origin_clean,clean,0,1,0,3.7193799018859863,18.275955200195312,-14.556575775146484,4.7660509494562575e-07,0.9999982118606567
122,122,EXTERNAL_SAMPLE/0000122.png,origin_clean,clean,0,1,0,1.6281012296676636,15.356170654296875,-13.728069305419922,1.091365447791759e-06,0.999988317489624
123,123,EXTERNAL_SAMPLE/0000123.png,origin_clean,clean,0,1,0,2.4984965324401855,16.126319885253906,-13.627822875976562,1.2064447219017893e-06,0.9999901056289673
124,124,EXTERNAL_SAMPLE/0000124.png,origin_clean,clean,0,1,0,2.79213547706604,9.890963554382324,-7.098828315734863,0.0008194148540496826,0.9919409155845642
125,125,EXTERNAL_SAMPLE/0000125.png,origin_clean,clean,0,1,0,3.8566336631774902,10.193389892578125,-6.336756229400635,0.0017612549709156156,0.9950398802757263
126,126,EXTERNAL_SAMPLE/0000126.png,origin_clean,clean,0,1,0,1.2410478591918945,13.65886402130127,-12.417816162109375,4.044902198074851e-06,0.9997629523277283
127,127,EXTERNAL_SAMPLE/0000127.png,origin_clean,clean,0,1,0,3.8310935497283936,8.735150337219238,-4.904056549072266,0.0072412448935210705,0.9763778448104858
128,128,EXTERNAL_SAMPLE/0000128.png,origin_clean,clean,0,1,0,3.0475125312805176,12.044106483459473,-8.996593475341797,0.00012373273784760386,0.9992071986198425
129,129,EXTERNAL_SAMPLE/0000129.png,origin_clean,clean,0,1,0,3.487992525100708,8.693333625793457,-5.205341339111328,0.005395545158535242,0.9833006858825684
130,130,EXTERNAL_SAMPLE/0000130.png,origin_clean,clean,0,1,0,2.4599084854125977,9.513221740722656,-7.053313255310059,0.000860081345308572,0.9948430061340332
131,131,EXTERNAL_SAMPLE/0000131.png,origin_clean,clean,0,1,0,1.8674815893173218,14.428894996643066,-12.561413764953613,3.50461004927638e-06,0.999982476234436
132,132,EXTERNAL_SAMPLE/0000132.png,origin_clean,clean,0,1,1,5.549754619598389,3.5421767234802246,2.007577896118164,0.608978271484375,0.08179406076669693
133,133,EXTERNAL_SAMPLE/0000133.png,origin_clean,clean,0,1,0,2.5467917919158936,8.609890937805176,-6.063098907470703,0.0022683455608785152,0.9747194647789001
134,134,EXTERNAL_SAMPLE/0000134.png,origin_clean,clean,0,1,0,1.634526252746582,15.441387176513672,-13.80686092376709,1.008681238090503e-06,0.999994158744812
135,135,EXTERNAL_SAMPLE/0000135.png,origin_clean,clean,0,1,0,2.518890619277954,15.796711921691895,-13.27782154083252,1.7120337361120619e-06,0.9999929666519165
136,136,EXTERNAL_SAMPLE/0000136.png,origin_clean,clean,0,1,0,3.003969430923462,12.591277122497559,-9.587307929992676,6.853890226921067e-05,0.9991992115974426
137,137,EXTERNAL_SAMPLE/0000137.png,origin_clean,clean,0,1,0,2.7800838947296143,7.157391548156738,-4.377307891845703,0.011875689029693604,0.9455825686454773
138,138,EXTERNAL_SAMPLE/0000138.png,origin_clean,clean,0,1,0,1.8139396905899048,11.739258766174316,-9.925318717956543,4.881763379671611e-05,0.9979019165039062
139,139,EXTERNAL_SAMPLE/0000139.png,origin_clean,clean,0,1,4,1.62466299533844,3.8976385593414307,-2.272975444793701,0.0090170381590724,0.08753962814807892
140,140,EXTERNAL_SAMPLE/0000140.png,origin_clean,clean,0,1,6,3.651237726211548,4.473655700683594,-0.8224179744720459,0.10948365181684494,0.24918438494205475
141,141,EXTERNAL_SAMPLE/0000141.png,origin_clean,clean,0,1,0,1.568358302116394,8.48576831817627,-6.917409896850586,0.0009715828346088529,0.9810085296630859
142,142,EXTERNAL_SAMPLE/0000142.png,origin_clean,clean,0,1,0,2.7287776470184326,20.488807678222656,-17.76003074645996,1.9360500758125454e-08,0.9999998807907104
143,143,EXTERNAL_SAMPLE/0000143.png,origin_clean,clean,0,1,0,1.274992823600769,9.617624282836914,-8.342631340026855,0.00023713463451713324,0.9957578778266907
144,144,EXTERNAL_SAMPLE/0000144.png,origin_clean,clean,0,1,0,2.012362003326416,16.348085403442383,-14.335723876953125,5.943915084571927e-07,0.9999963045120239
145,145,EXTERNAL_SAMPLE/0000145.png,origin_clean,clean,0,1,0,3.027933120727539,9.47787094116211,-6.44993782043457,0.0015716078924015164,0.9942980408668518
146,146,EXTERNAL_SAMPLE/0000146.png,origin_clean,clean,0,1,3,2.595224142074585,4.302923679351807,-1.7076995372772217,0.056322626769542694,0.3106900751590729
147,147,EXTERNAL_SAMPLE/0000147.png,origin_clean,clean,0,1,3,4.758476257324219,4.324593544006348,0.4338827133178711,0.2783893346786499,0.1803930103778839
148,148,EXTERNAL_SAMPLE/0000148.png,origin_clean,clean,0,1,0,3.5634915828704834,3.7635703086853027,-0.20007872581481934,0.21711218357086182,0.2652023136615753
149,149,EXTERNAL_SAMPLE/0000149.png,origin_clean,clean,0,1,0,3.7274703979492188,9.606740951538086,-5.879270553588867,0.0026121572591364384,0.9339724183082581
150,150,EXTERNAL_SAMPLE/0000150.png,origin_clean,clean,0,1,0,2.004382371902466,6.64407205581665,-4.6396894454956055,0.00842602550983429,0.8721964359283447
151,151,EXTERNAL_SAMPLE/0000151.png,origin_clean,clean,0,1,8,0.7144604325294495,3.0315229892730713,-2.3170626163482666,0.006245861761271954,0.06336943805217743
152,152,EXTERNAL_SAMPLE/0000152.png,origin_clean,clean,0,1,0,1.8814395666122437,14.063685417175293,-12.182246208190918,5.120352398080286e-06,0.999958872795105
153,153,EXTERNAL_SAMPLE/0000153.png,origin_clean,clean,0,1,0,3.489765167236328,5.185248374938965,-1.6954832077026367,0.092665895819664,0.5049622654914856
154,154,EXTERNAL_SAMPLE/0000154.png,origin_clean,clean,0,1,0,5.444284439086914,12.929308891296387,-7.485024452209473,0.0005610723164863884,0.9993638396263123
155,155,EXTERNAL_SAMPLE/0000155.png,origin_clean,clean,0,1,0,3.65739107131958,14.858158111572266,-11.200767517089844,1.3663140634889714e-05,0.9999586343765259
156,156,EXTERNAL_SAMPLE/0000156.png,origin_clean,clean,0,1,0,2.5455243587493896,7.347794055938721,-4.80226993560791,0.007566011045128107,0.9214383363723755
157,157,EXTERNAL_SAMPLE/0000157.png,origin_clean,clean,0,1,0,1.3887810707092285,13.679790496826172,-12.291009902954102,4.592550794768613e-06,0.9999349117279053
158,158,EXTERNAL_SAMPLE/0000158.png,origin_clean,clean,0,1,0,2.927717685699463,15.597012519836426,-12.669294357299805,3.1462379865843104e-06,0.9999911785125732
159,159,EXTERNAL_SAMPLE/0000159.png,origin_clean,clean,0,1,0,2.250648260116577,7.4105000495910645,-5.159852027893066,0.002978718373924494,0.5187101364135742
160,160,EXTERNAL_SAMPLE/0000160.png,origin_clean,clean,0,1,0,1.26583731174469,5.668615818023682,-4.402778625488281,0.00823077093809843,0.6722687482833862
161,161,EXTERNAL_SAMPLE/0000161.png,origin_clean,clean,0,1,6,3.129647731781006,3.2632715702056885,-0.13362383842468262,0.19406726956367493,0.2218116670846939
162,162,EXTERNAL_SAMPLE/0000162.png,origin_clean,clean,0,1,1,4.7566142082214355,3.423053741455078,1.3335604667663574,0.5033206939697266,0.13264377415180206
163,163,EXTERNAL_SAMPLE/0000163.png,origin_clean,clean,0,1,0,3.1793882846832275,5.984985828399658,-2.8055975437164307,0.04684250056743622,0.7746323347091675
164,164,EXTERNAL_SAMPLE/0000164.png,origin_clean,clean,0,1,0,3.1345205307006836,12.949627876281738,-9.815107345581055,5.461264663608745e-05,0.9998621940612793
165,165,EXTERNAL_SAMPLE/0000165.png,origin_clean,clean,0,1,0,1.707552194595337,11.335144996643066,-9.627593040466309,6.58236094750464e-05,0.9990614056587219
166,166,EXTERNAL_SAMPLE/0000166.png,origin_clean,clean,0,1,0,1.6518434286117554,6.218733787536621,-4.566890239715576,0.008762692101299763,0.8433595895767212
167,167,EXTERNAL_SAMPLE/0000167.png,origin_clean,clean,0,1,0,3.7808570861816406,11.935903549194336,-8.155046463012695,0.00028709397884085774,0.9993457198143005
168,168,EXTERNAL_SAMPLE/0000168.png,origin_clean,clean,0,1,0,5.767381191253662,17.0282039642334,-11.260822296142578,1.2867099940194748e-05,0.9999854564666748
169,169,EXTERNAL_SAMPLE/0000169.png,origin_clean,clean,0,1,0,3.940392017364502,7.2851057052612305,-3.3447136878967285,0.02128494717180729,0.6034805774688721
170,170,EXTERNAL_SAMPLE/0000170.png,origin_clean,clean,0,1,0,6.188149929046631,9.152950286865234,-2.9648003578186035,0.048771027475595474,0.9457107782363892
171,171,EXTERNAL_SAMPLE/0000171.png,origin_clean,clean,0,1,9,2.1785695552825928,3.569657802581787,-1.3910882472991943,0.028411276638507843,0.1141912117600441
172,172,EXTERNAL_SAMPLE/0000172.png,origin_clean,clean,0,1,0,2.410693645477295,15.32187271118164,-12.911178588867188,2.470253775754827e-06,0.9999889135360718
173,173,EXTERNAL_SAMPLE/0000173.png,origin_clean,clean,0,1,0,2.979574680328369,10.56092643737793,-7.5813517570495605,0.0004987487336620688,0.9781850576400757
174,174,EXTERNAL_SAMPLE/0000174.png,origin_clean,clean,0,1,9,1.039047360420227,2.423710584640503,-1.3846632242202759,0.011098367162048817,0.04432111606001854
175,175,EXTERNAL_SAMPLE/0000175.png,origin_clean,clean,0,1,0,2.2074625492095947,8.001058578491211,-5.793596267700195,0.002955238102003932,0.9698830842971802
176,176,EXTERNAL_SAMPLE/0000176.png,origin_clean,clean,0,1,0,3.9305291175842285,8.535645484924316,-4.605116367340088,0.0087856724858284,0.8785198926925659
177,177,EXTERNAL_SAMPLE/0000177.png,origin_clean,clean,0,1,0,3.8906383514404297,16.865705490112305,-12.975067138671875,2.3173824956757016e-06,0.9999948740005493
178,178,EXTERNAL_SAMPLE/0000178.png,origin_clean,clean,0,1,0,2.9369194507598877,14.628140449523926,-11.691221237182617,8.366688234673347e-06,0.9999687671661377
179,179,EXTERNAL_SAMPLE/0000179.png,origin_clean,clean,0,1,0,1.1547260284423828,14.899124145507812,-13.74439811706543,1.0736598596849944e-06,0.9999607801437378
180,180,EXTERNAL_SAMPLE/0000180.png,origin_clean,clean,0,1,0,2.934361219406128,7.869195938110352,-4.9348344802856445,0.0063474117778241634,0.8826084136962891
181,181,EXTERNAL_SAMPLE/0000181.png,origin_clean,clean,0,1,0,2.0755133628845215,13.245259284973145,-11.169746398925781,1.4087969248066656e-05,0.9995571970939636
182,182,EXTERNAL_SAMPLE/0000182.png,origin_clean,clean,0,1,0,3.0061495304107666,10.857625961303711,-7.851476669311523,0.0003885704791173339,0.9984418749809265
183,183,EXTERNAL_SAMPLE/0000183.png,origin_clean,clean,0,1,0,3.877347707748413,15.741848945617676,-11.864500999450684,7.035706403257791e-06,0.9999885559082031
184,184,EXTERNAL_SAMPLE/0000184.png,origin_clean,clean,0,1,0,2.1517889499664307,4.691591262817383,-2.539802312850952,0.03934195637702942,0.4987444281578064
185,185,EXTERNAL_SAMPLE/0000185.png,origin_clean,clean,0,1,0,4.534674644470215,6.638263702392578,-2.1035890579223633,0.1012294590473175,0.8296292424201965
186,186,EXTERNAL_SAMPLE/0000186.png,origin_clean,clean,0,1,0,2.5685791969299316,10.648722648620605,-8.080142974853516,0.0003090128884650767,0.9980173110961914
187,187,EXTERNAL_SAMPLE/0000187.png,origin_clean,clean,0,1,0,1.5690851211547852,9.87586784362793,-8.306782722473145,0.000246235984377563,0.9975656270980835
188,188,EXTERNAL_SAMPLE/0000188.png,origin_clean,clean,0,1,8,3.6441712379455566,4.00343132019043,-0.35926008224487305,0.05498941242694855,0.07875964045524597
189,189,EXTERNAL_SAMPLE/0000189.png,origin_clean,clean,0,1,3,0.785773754119873,3.3433172702789307,-2.5575435161590576,0.0011546221794560552,0.014899333007633686
190,190,EXTERNAL_SAMPLE/0000190.png,origin_clean,clean,0,1,0,2.3702399730682373,11.852743148803711,-9.482502937316895,7.605870632687584e-05,0.9984990358352661
191,191,EXTERNAL_SAMPLE/0000191.png,origin_clean,clean,0,1,0,2.522237539291382,9.147599220275879,-6.625361442565918,0.0012879993300884962,0.9711215496063232
192,192,EXTERNAL_SAMPLE/0000192.png,origin_clean,clean,0,1,0,1.341220498085022,9.345369338989258,-8.004148483276367,0.0003283183032181114,0.9827715754508972
193,193,EXTERNAL_SAMPLE/0000193.png,origin_clean,clean,0,1,0,1.8462177515029907,8.11475658416748,-6.268538951873779,0.0017318656900897622,0.9139155745506287
194,194,EXTERNAL_SAMPLE/0000194.png,origin_clean,clean,0,1,0,2.487241506576538,12.524250984191895,-10.037009239196777,4.374300624476746e-05,0.9998303651809692
195,195,EXTERNAL_SAMPLE/0000195.png,origin_clean,clean,0,1,0,4.567017078399658,7.9727983474731445,-3.4057812690734863,0.029712766408920288,0.8954783082008362
196,196,EXTERNAL_SAMPLE/0000196.png,origin_clean,clean,0,1,0,3.6576900482177734,9.593062400817871,-5.935372352600098,0.002628177171573043,0.9939261078834534
197,197,EXTERNAL_SAMPLE/0000197.png,origin_clean,clean,0,1,0,2.0129013061523438,8.316422462463379,-6.303521156311035,0.0017916730139404535,0.9791364669799805
198,198,EXTERNAL_SAMPLE/0000198.png,origin_clean,clean,0,1,0,1.764521598815918,7.906138896942139,-6.141617298126221,0.002058088080957532,0.9566090703010559
199,199,EXTERNAL_SAMPLE/0000199.png,origin_clean,clean,0,1,6,2.738241195678711,3.2986762523651123,-0.5604350566864014,0.07930675148963928,0.1389005482196808
200,200,EXTERNAL_SAMPLE/0000200.png,origin_clean,clean,0,1,0,1.233895182609558,9.038755416870117,-7.8048601150512695,0.00040122936479747295,0.9840120077133179
201,201,EXTERNAL_SAMPLE/0000201.png,origin_clean,clean,0,1,0,2.8356120586395264,7.341222763061523,-4.505610466003418,0.010572660714387894,0.957075297832489
202,202,EXTERNAL_SAMPLE/0000202.png,origin_clean,clean,0,1,0,1.3863494396209717,12.265559196472168,-10.879209518432617,1.8832233763532713e-05,0.9992691874504089
203,203,EXTERNAL_SAMPLE/0000203.png,origin_clean,clean,0,1,0,2.532017707824707,13.824047088623047,-11.29202938079834,1.2469229659473058e-05,0.9997828602790833
204,204,EXTERNAL_SAMPLE/0000204.png,origin_clean,clean,0,1,0,4.2547149658203125,7.990731239318848,-3.736016273498535,0.020889868959784508,0.8759250640869141
205,205,EXTERNAL_SAMPLE/0000205.png,origin_clean,clean,0,1,0,5.1302361488342285,11.582498550415039,-6.4522624015808105,0.001573448651470244,0.9977794289588928
206,206,EXTERNAL_SAMPLE/0000206.png,origin_clean,clean,0,1,0,2.7675790786743164,17.73870849609375,-14.971129417419434,3.1486220564147516e-07,0.9999986886978149
207,207,EXTERNAL_SAMPLE/0000207.png,origin_clean,clean,0,1,0,3.3213722705841064,8.679825782775879,-5.358453750610352,0.004622286651283503,0.9817564487457275
208,208,EXTERNAL_SAMPLE/0000208.png,origin_clean,clean,0,1,0,2.3125433921813965,11.057162284851074,-8.744619369506836,0.00015899151912890375,0.9979617595672607
209,209,EXTERNAL_SAMPLE/0000209.png,origin_clean,clean,0,1,3,3.8269126415252686,3.6228222846984863,0.20409035682678223,0.15496642887592316,0.12635785341262817
210,210,EXTERNAL_SAMPLE/0000210.png,origin_clean,clean,0,1,0,3.39880633354187,8.955119132995605,-5.556312561035156,0.00332801160402596,0.8615107536315918
211,211,EXTERNAL_SAMPLE/0000211.png,origin_clean,clean,0,1,0,2.012551784515381,11.067572593688965,-9.055021286010742,0.0001166901711258106,0.9990335702896118
212,212,EXTERNAL_SAMPLE/0000212.png,origin_clean,clean,0,1,0,3.629246711730957,7.514995098114014,-3.8857483863830566,0.01738470047712326,0.8466936349868774
213,213,EXTERNAL_SAMPLE/0000213.png,origin_clean,clean,0,1,0,3.1956820487976074,7.60676383972168,-4.411081790924072,0.011612904258072376,0.956421434879303
214,214,EXTERNAL_SAMPLE/0000214.png,origin_clean,clean,0,1,0,0.8562618494033813,13.457919120788574,-12.601656913757324,3.3659782729955623e-06,0.999864935874939
215,215,EXTERNAL_SAMPLE/0000215.png,origin_clean,clean,0,1,0,2.4303762912750244,9.60669231414795,-7.176316261291504,0.000760976632591337,0.995418906211853
216,216,EXTERNAL_SAMPLE/0000216.png,origin_clean,clean,0,1,0,2.409095525741577,9.5907621383667,-7.181666374206543,0.0007513277232646942,0.988069474697113
217,217,EXTERNAL_SAMPLE/0000217.png,origin_clean,clean,0,1,0,1.1731536388397217,13.377558708190918,-12.204404830932617,5.00702481076587e-06,0.9997362494468689
218,218,EXTERNAL_SAMPLE/0000218.png,origin_clean,clean,0,1,0,1.6298458576202393,13.67094898223877,-12.04110336303711,5.895703907299321e-06,0.9998167157173157
219,219,EXTERNAL_SAMPLE/0000219.png,origin_clean,clean,0,1,0,2.5569891929626465,9.279046058654785,-6.722056865692139,0.001189502188935876,0.9879101514816284
220,220,EXTERNAL_SAMPLE/0000220.png,origin_clean,clean,0,1,0,2.607754945755005,10.849361419677734,-8.241606712341309,0.00026268334477208555,0.9970496892929077
221,221,EXTERNAL_SAMPLE/0000221.png,origin_clean,clean,0,1,0,2.3384764194488525,11.590103149414062,-9.251626968383789,9.577891614753753e-05,0.9981606602668762
222,222,EXTERNAL_SAMPLE/0000222.png,origin_clean,clean,0,1,0,2.6614294052124023,13.448031425476074,-10.786602020263672,2.06721688300604e-05,0.9998797178268433
223,223,EXTERNAL_SAMPLE/0000223.png,origin_clean,clean,0,1,0,2.462068796157837,11.976733207702637,-9.514664649963379,7.372564869001508e-05,0.9995050430297852
224,224,EXTERNAL_SAMPLE/0000224.png,origin_clean,clean,0,1,0,0.9596771597862244,7.9898271560668945,-7.030149936676025,0.0008610617951489985,0.9731720685958862
225,225,EXTERNAL_SAMPLE/0000225.png,origin_clean,clean,0,1,3,3.715820789337158,5.479611873626709,-1.7637910842895508,0.030907966196537018,0.1803329735994339
226,226,EXTERNAL_SAMPLE/0000226.png,origin_clean,clean,0,1,0,1.116519570350647,11.821775436401367,-10.705255508422852,2.2415188141167164e-05,0.9994838237762451
227,227,EXTERNAL_SAMPLE/0000227.png,origin_clean,clean,0,1,0,2.256441116333008,17.0853271484375,-14.828886032104492,3.6298996519690263e-07,0.9999953508377075
228,228,EXTERNAL_SAMPLE/0000228.png,origin_clean,clean,0,1,0,3.4312479496002197,11.26248836517334,-7.831240653991699,0.0003957934386562556,0.9966282248497009
229,229,EXTERNAL_SAMPLE/0000229.png,origin_clean,clean,0,1,0,2.595674991607666,10.999979972839355,-8.404304504394531,0.00022222750703804195,0.992523729801178
230,230,EXTERNAL_SAMPLE/0000230.png,origin_clean,clean,0,1,0,1.8754801750183105,15.382440567016602,-13.506959915161133,1.361415797873633e-06,0.9999744892120361
231,231,EXTERNAL_SAMPLE/0000231.png,origin_clean,clean,0,1,0,3.1487627029418945,7.019732475280762,-3.870969772338867,0.019336601719260216,0.9279423356056213
232,232,EXTERNAL_SAMPLE/0000232.png,origin_clean,clean,0,1,0,1.777690052986145,9.214264869689941,-7.436574935913086,0.0005859818193130195,0.9943690896034241
233,233,EXTERNAL_SAMPLE/0000233.png,origin_clean,clean,0,1,0,2.302064895629883,12.186915397644043,-9.88485050201416,5.090178456157446e-05,0.9992382526397705
234,234,EXTERNAL_SAMPLE/0000234.png,origin_clean,clean,0,1,0,1.9666988849639893,8.370196342468262,-6.403497695922852,0.0015075361588969827,0.9104821681976318
235,235,EXTERNAL_SAMPLE/0000235.png,origin_clean,clean,0,1,0,2.8377435207366943,7.706966400146484,-4.869222640991211,0.0073535689152777195,0.9575791954994202
236,236,EXTERNAL_SAMPLE/0000236.png,origin_clean,clean,0,1,0,1.5631617307662964,5.599031925201416,-4.03587007522583,0.011975042521953583,0.677693247795105
237,237,EXTERNAL_SAMPLE/0000237.png,origin_clean,clean,0,1,0,3.211984872817993,15.461466789245605,-12.249482154846191,4.787427769770147e-06,0.9999648332595825
238,238,EXTERNAL_SAMPLE/0000238.png,origin_clean,clean,0,1,0,2.669565200805664,6.693192005157471,-4.023626804351807,0.014905236661434174,0.8332546353340149
239,239,EXTERNAL_SAMPLE/0000239.png,origin_clean,clean,0,1,0,1.4194386005401611,5.384598731994629,-3.9651601314544678,0.011136284098029137,0.5872018933296204
240,240,EXTERNAL_SAMPLE/0000240.png,origin_clean,clean,0,1,0,6.889480113983154,10.947349548339844,-4.0578694343566895,0.016979146748781204,0.9822593927383423
241,241,EXTERNAL_SAMPLE/0000241.png,origin_clean,clean,0,1,0,2.3744122982025146,7.84061861038208,-5.4662065505981445,0.0036695783492177725,0.8680794835090637
242,242,EXTERNAL_SAMPLE/0000242.png,origin_clean,clean,0,1,0,2.0410192012786865,15.192216873168945,-13.15119743347168,1.9431211057963083e-06,0.999982476234436
243,243,EXTERNAL_SAMPLE/0000243.png,origin_clean,clean,0,1,0,1.4879229068756104,16.67155647277832,-15.183633804321289,2.5458237473685585e-07,0.9999923706054688
244,244,EXTERNAL_SAMPLE/0000244.png,origin_clean,clean,0,1,0,2.6572890281677246,6.514415264129639,-3.857126235961914,0.01883835718035698,0.8916033506393433
245,245,EXTERNAL_SAMPLE/0000245.png,origin_clean,clean,0,1,1,9.907060623168945,0.5273342132568359,9.37972640991211,0.9979469180107117,8.424497355008498e-05
246,246,EXTERNAL_SAMPLE/0000246.png,origin_clean,clean,0,1,0,2.5438568592071533,12.3410062789917,-9.797149658203125,5.559726196224801e-05,0.9997730851173401
247,247,EXTERNAL_SAMPLE/0000247.png,origin_clean,clean,0,1,0,1.6758674383163452,10.861770629882812,-9.185903549194336,0.00010231956548523158,0.9984949827194214
248,248,EXTERNAL_SAMPLE/0000248.png,origin_clean,clean,0,1,0,1.826796293258667,11.661322593688965,-9.834526062011719,5.3524527174886316e-05,0.9991558790206909
249,249,EXTERNAL_SAMPLE/0000249.png,origin_clean,clean,0,1,0,2.8510022163391113,7.078549861907959,-4.227547645568848,0.013225089758634567,0.9065656661987305
250,250,EXTERNAL_SAMPLE/0000250.png,origin_clean,clean,0,1,0,3.009955406188965,7.691933631896973,-4.681978225708008,0.008922417648136616,0.9634736776351929
251,251,EXTERNAL_SAMPLE/0000251.png,origin_clean,clean,0,1,9,3.2499747276306152,3.180131673812866,0.06984305381774902,0.0659850686788559,0.06153373047709465
252,252,EXTERNAL_SAMPLE/0000252.png,origin_clean,clean,0,1,3,3.8254895210266113,3.7874977588653564,0.03799176216125488,0.058761775493621826,0.05657119303941727
253,253,EXTERNAL_SAMPLE/0000253.png,origin_clean,clean,0,1,0,2.1697962284088135,10.859593391418457,-8.689797401428223,0.00016747554764151573,0.9951360821723938
254,254,EXTERNAL_SAMPLE/0000254.png,origin_clean,clean,0,1,0,3.4837000370025635,6.838065147399902,-3.354365110397339,0.03174302726984024,0.9087210893630981
255,255,EXTERNAL_SAMPLE/0000255.png,origin_clean,clean,0,1,0,1.729615569114685,10.029029846191406,-8.29941463470459,0.0002470581966917962,0.9935489296913147
256,256,EXTERNAL_SAMPLE/0000256.png,origin_clean,clean,0,1,0,3.6552979946136475,5.397719860076904,-1.7424218654632568,0.07982096821069717,0.45587021112442017
257,257,EXTERNAL_SAMPLE/0000257.png,origin_clean,clean,0,1,0,2.8005282878875732,9.466153144836426,-6.665624618530273,0.0012682480737566948,0.9955160021781921
258,258,EXTERNAL_SAMPLE/0000258.png,origin_clean,clean,0,1,0,2.943769931793213,10.93217945098877,-7.988409519195557,0.00033795787021517754,0.9958289265632629
259,259,EXTERNAL_SAMPLE/0000259.png,origin_clean,clean,0,1,0,5.133237361907959,7.980628967285156,-2.8473916053771973,0.04808451980352402,0.829109251499176
260,260,EXTERNAL_SAMPLE/0000260.png,origin_clean,clean,0,1,3,1.5610520839691162,3.6977884769439697,-2.1367363929748535,0.012789706699550152,0.10835114121437073
261,261,EXTERNAL_SAMPLE/0000261.png,origin_clean,clean,0,1,0,1.5016233921051025,6.615554332733154,-5.113930702209473,0.003648133249953389,0.6067678928375244
262,262,EXTERNAL_SAMPLE/0000262.png,origin_clean,clean,0,1,0,1.3100390434265137,12.570571899414062,-11.26053237915039,1.2868119483755436e-05,0.9997747540473938
263,263,EXTERNAL_SAMPLE/0000263.png,origin_clean,clean,0,1,0,2.1439201831817627,15.214255332946777,-13.070335388183594,2.106723286487977e-06,0.9999586343765259
264,264,EXTERNAL_SAMPLE/0000264.png,origin_clean,clean,0,1,0,2.224592447280884,11.113749504089355,-8.88915729522705,0.00013777631102129817,0.9992784857749939
265,265,EXTERNAL_SAMPLE/0000265.png,origin_clean,clean,0,1,0,2.57913875579834,7.958868503570557,-5.379729747772217,0.004245130345225334,0.9210389256477356
266,266,EXTERNAL_SAMPLE/0000266.png,origin_clean,clean,0,1,0,5.4182047843933105,9.838191032409668,-4.419986248016357,0.011847068555653095,0.9844338297843933
267,267,EXTERNAL_SAMPLE/0000267.png,origin_clean,clean,0,1,0,1.7721354961395264,24.876794815063477,-23.104660034179688,9.242163284683969e-11,1.0
268,268,EXTERNAL_SAMPLE/0000268.png,origin_clean,clean,0,1,0,3.57763409614563,8.774006843566895,-5.196372985839844,0.005438879132270813,0.9823483824729919
269,269,EXTERNAL_SAMPLE/0000269.png,origin_clean,clean,0,1,0,2.419219493865967,7.05564022064209,-4.636420726776123,0.00866193138062954,0.8936895728111267
270,270,EXTERNAL_SAMPLE/0000270.png,origin_clean,clean,0,1,0,2.176421880722046,16.042165756225586,-13.865743637084961,9.509999472356867e-07,0.999991774559021
271,271,EXTERNAL_SAMPLE/0000271.png,origin_clean,clean,0,1,0,2.571284770965576,12.655722618103027,-10.08443832397461,4.171253021922894e-05,0.999729335308075
272,272,EXTERNAL_SAMPLE/0000272.png,origin_clean,clean,0,1,3,5.208214282989502,6.527704238891602,-1.3194899559020996,0.034524913877248764,0.12917539477348328
273,273,EXTERNAL_SAMPLE/0000273.png,origin_clean,clean,0,1,0,1.1872303485870361,12.479482650756836,-11.292252540588379,1.2463950042729266e-05,0.9995825886726379
274,274,EXTERNAL_SAMPLE/0000274.png,origin_clean,clean,0,1,0,2.8955581188201904,8.841626167297363,-5.946067810058594,0.0025528944097459316,0.9758371114730835
275,275,EXTERNAL_SAMPLE/0000275.png,origin_clean,clean,0,1,0,1.9572020769119263,10.16147518157959,-8.204273223876953,0.00027183888596482575,0.993990421295166
276,276,EXTERNAL_SAMPLE/0000276.png,origin_clean,clean,0,1,0,2.401489496231079,11.674498558044434,-9.273009300231934,9.381253039464355e-05,0.9987978935241699
277,277,EXTERNAL_SAMPLE/0000277.png,origin_clean,clean,0,1,3,1.6444543600082397,3.8463988304138184,-2.201944351196289,0.0018110732780769467,0.01637677289545536
278,278,EXTERNAL_SAMPLE/0000278.png,origin_clean,clean,0,1,0,1.8789311647415161,14.298985481262207,-12.42005443572998,4.036651262140367e-06,0.9999593496322632
279,279,EXTERNAL_SAMPLE/0000279.png,origin_clean,clean,0,1,0,3.8820035457611084,8.407906532287598,-4.52590274810791,0.010038448497653008,0.9273446798324585
280,280,EXTERNAL_SAMPLE/0000280.png,origin_clean,clean,0,1,0,3.1943910121917725,7.291794776916504,-4.097403526306152,0.01287877094000578,0.7750935554504395
281,281,EXTERNAL_SAMPLE/0000281.png,origin_clean,clean,0,1,0,5.437009811401367,15.596125602722168,-10.1591157913208,3.8719754229532555e-05,0.9999551773071289
282,282,EXTERNAL_SAMPLE/0000282.png,origin_clean,clean,0,1,0,2.9861202239990234,10.870611190795898,-7.884490966796875,0.00037479240563698113,0.9953634738922119
283,283,EXTERNAL_SAMPLE/0000283.png,origin_clean,clean,0,1,0,4.143503189086914,14.401113510131836,-10.257610321044922,3.508757799863815e-05,0.9999468326568604
284,284,EXTERNAL_SAMPLE/0000284.png,origin_clean,clean,0,1,0,5.850416660308838,6.33259916305542,-0.48218250274658203,0.34607434272766113,0.5605038404464722
285,285,EXTERNAL_SAMPLE/0000285.png,origin_clean,clean,0,1,0,5.144224643707275,9.021543502807617,-3.877318859100342,0.02012198232114315,0.9717822670936584
286,286,EXTERNAL_SAMPLE/0000286.png,origin_clean,clean,0,1,0,2.9334709644317627,10.621525764465332,-7.688055038452148,0.00045740502537228167,0.9981155395507812
287,287,EXTERNAL_SAMPLE/0000287.png,origin_clean,clean,0,1,0,3.439352035522461,19.44720458984375,-16.00785255432129,1.1165491997644494e-07,0.9999997615814209
288,288,EXTERNAL_SAMPLE/0000288.png,origin_clean,clean,0,1,0,1.9080232381820679,6.933498382568359,-5.025475025177002,0.006158946547657251,0.9376537799835205
289,289,EXTERNAL_SAMPLE/0000289.png,origin_clean,clean,0,1,0,3.2356066703796387,21.00901985168457,-17.773412704467773,1.9103147508303664e-08,1.0
290,290,EXTERNAL_SAMPLE/0000290.png,origin_clean,clean,0,1,0,3.5149776935577393,10.232512474060059,-6.717535018920898,0.0012045287294313312,0.995876669883728
291,291,EXTERNAL_SAMPLE/0000291.png,origin_clean,clean,0,1,0,3.6021745204925537,14.16552448272705,-10.563349723815918,2.5844634365057573e-05,0.9999420642852783
292,292,EXTERNAL_SAMPLE/0000292.png,origin_clean,clean,0,1,0,1.7774126529693604,9.111738204956055,-7.334325790405273,0.000649216293822974,0.9945958256721497
293,293,EXTERNAL_SAMPLE/0000293.png,origin_clean,clean,0,1,0,2.7483034133911133,4.592787265777588,-1.8444838523864746,0.05750306695699692,0.3636973798274994
294,294,EXTERNAL_SAMPLE/0000294.png,origin_clean,clean,0,1,0,3.8040528297424316,8.308180809020996,-4.5041279792785645,0.010744352824985981,0.9711766242980957
295,295,EXTERNAL_SAMPLE/0000295.png,origin_clean,clean,0,1,0,5.465976715087891,8.958691596984863,-3.4927148818969727,0.029240546748042107,0.9612852931022644
296,296,EXTERNAL_SAMPLE/0000296.png,origin_clean,clean,0,1,0,4.713205814361572,18.677671432495117,-13.964466094970703,8.616065088062896e-07,0.999998927116394
297,297,EXTERNAL_SAMPLE/0000297.png,origin_clean,clean,0,1,0,4.691849708557129,9.939348220825195,-5.247498512268066,0.00497512286528945,0.9457218647003174
298,298,EXTERNAL_SAMPLE/0000298.png,origin_clean,clean,0,1,0,2.0089492797851562,16.52457618713379,-14.515626907348633,4.965254447597545e-07,0.9999957084655762
299,299,EXTERNAL_SAMPLE/0000299.png,origin_clean,clean,0,1,0,3.030573606491089,9.915733337402344,-6.885159492492676,0.0010188804008066654,0.996116042137146
300,300,EXTERNAL_SAMPLE/0000300.png,origin_clean,clean,0,1,3,2.812263250350952,4.931408882141113,-2.119145631790161,0.006731323432177305,0.05603167414665222
301,301,EXTERNAL_SAMPLE/0000301.png,origin_clean,clean,0,1,0,1.6271120309829712,16.606794357299805,-14.979681968688965,3.1218044682645996e-07,0.9999974966049194
302,302,EXTERNAL_SAMPLE/0000302.png,origin_clean,clean,0,1,0,1.7201459407806396,7.973783016204834,-6.253637313842773,0.0017221905291080475,0.8953676223754883
303,303,EXTERNAL_SAMPLE/0000303.png,origin_clean,clean,0,1,5,1.1292308568954468,7.603440761566162,-6.474209785461426,0.0005075476947240531,0.32899588346481323
304,304,EXTERNAL_SAMPLE/0000304.png,origin_clean,clean,0,1,0,4.177551746368408,13.5754976272583,-9.397945404052734,8.28825359349139e-05,0.9998592138290405
305,305,EXTERNAL_SAMPLE/0000305.png,origin_clean,clean,0,1,0,3.6466662883758545,9.596652030944824,-5.949985504150391,0.002588994801044464,0.9935210347175598
306,306,EXTERNAL_SAMPLE/0000306.png,origin_clean,clean,0,1,0,2.7162179946899414,8.740914344787598,-6.024696350097656,0.0022840045858174562,0.9444725513458252
307,307,EXTERNAL_SAMPLE/0000307.png,origin_clean,clean,0,1,0,3.4133522510528564,14.263026237487793,-10.849674224853516,1.9410057575441897e-05,0.9999550580978394
308,308,EXTERNAL_SAMPLE/0000308.png,origin_clean,clean,0,1,0,1.982690691947937,12.977412223815918,-10.994721412658691,1.6787764252512716e-05,0.9998612403869629
309,309,EXTERNAL_SAMPLE/0000309.png,origin_clean,clean,0,1,0,3.677398681640625,11.897100448608398,-8.219701766967773,0.00026912064640782773,0.9993510842323303
310,310,EXTERNAL_SAMPLE/0000310.png,origin_clean,clean,0,1,0,2.6405255794525146,8.337446212768555,-5.696920394897461,0.0027108490467071533,0.8076931834220886
311,311,EXTERNAL_SAMPLE/0000311.png,origin_clean,clean,0,1,0,3.344344139099121,11.492143630981445,-8.147799491882324,0.00028914277208968997,0.9992097616195679
312,312,EXTERNAL_SAMPLE/0000312.png,origin_clean,clean,0,1,0,1.2378721237182617,7.664339065551758,-6.426466941833496,0.000877487298566848,0.5422754883766174
313,313,EXTERNAL_SAMPLE/0000313.png,origin_clean,clean,0,1,0,2.8414034843444824,14.456027030944824,-11.6146240234375,9.032615707837977e-06,0.9999555349349976
314,314,EXTERNAL_SAMPLE/0000314.png,origin_clean,clean,0,1,3,5.62136173248291,4.527520656585693,1.0938410758972168,0.3733658790588379,0.12505051493644714
315,315,EXTERNAL_SAMPLE/0000315.png,origin_clean,clean,0,1,0,2.819887161254883,10.310505867004395,-7.490618705749512,0.0005559102282859385,0.995724081993103
316,316,EXTERNAL_SAMPLE/0000316.png,origin_clean,clean,0,1,0,1.6985687017440796,13.296761512756348,-11.598193168640137,9.179697372019291e-06,0.9996768236160278
317,317,EXTERNAL_SAMPLE/0000317.png,origin_clean,clean,0,1,0,3.2828540802001953,7.695455074310303,-4.412600994110107,0.008718961849808693,0.7191724181175232
318,318,EXTERNAL_SAMPLE/0000318.png,origin_clean,clean,0,1,0,1.4264709949493408,9.725130081176758,-8.298659324645996,0.00024707807460799813,0.9928786158561707
319,319,EXTERNAL_SAMPLE/0000319.png,origin_clean,clean,0,1,0,2.6016945838928223,10.050959587097168,-7.449265003204346,0.0005797589547000825,0.9963734745979309
320,320,EXTERNAL_SAMPLE/0000320.png,origin_clean,clean,0,1,0,1.4396958351135254,5.825250148773193,-4.385554313659668,0.005576175171881914,0.44767042994499207
321,321,EXTERNAL_SAMPLE/0000321.png,origin_clean,clean,0,1,0,2.165189027786255,15.891666412353516,-13.72647762298584,1.0931095175692462e-06,0.9999934434890747
322,322,EXTERNAL_SAMPLE/0000322.png,origin_clean,clean,0,1,0,2.014643669128418,9.035795211791992,-7.021151542663574,0.0008820373914204538,0.9879486560821533
323,323,EXTERNAL_SAMPLE/0000323.png,origin_clean,clean,0,1,0,3.2185451984405518,10.091821670532227,-6.873276710510254,0.0010322860907763243,0.997300922870636
324,324,EXTERNAL_SAMPLE/0000324.png,origin_clean,clean,0,1,0,2.7039670944213867,16.447452545166016,-13.743485450744629,1.074673605216958e-06,0.9999918937683105
325,325,EXTERNAL_SAMPLE/0000325.png,origin_clean,clean,0,1,0,2.746063232421875,12.41504955291748,-9.668986320495605,6.319632666418329e-05,0.9997220635414124
326,326,EXTERNAL_SAMPLE/0000326.png,origin_clean,clean,0,1,0,2.6202971935272217,10.368326187133789,-7.748028755187988,0.00042980408761650324,0.9958563446998596
327,327,EXTERNAL_SAMPLE/0000327.png,origin_clean,clean,0,1,0,2.684269666671753,5.29811954498291,-2.6138498783111572,0.049046553671360016,0.6695593595504761
328,328,EXTERNAL_SAMPLE/0000328.png,origin_clean,clean,0,1,0,2.187385320663452,5.844455718994141,-3.6570703983306885,0.01807713694870472,0.7004467844963074
329,329,EXTERNAL_SAMPLE/0000329.png,origin_clean,clean,0,1,0,2.366058826446533,8.896289825439453,-6.53023099899292,0.0014358642511069775,0.9843660593032837
330,330,EXTERNAL_SAMPLE/0000330.png,origin_clean,clean,0,1,0,1.9136470556259155,9.896520614624023,-7.982873439788818,0.0003373968356754631,0.98868727684021
331,331,EXTERNAL_SAMPLE/0000331.png,origin_clean,clean,0,1,0,3.092592239379883,9.06018352508545,-5.967591285705566,0.002518553752452135,0.9836559295654297
332,332,EXTERNAL_SAMPLE/0000332.png,origin_clean,clean,0,1,0,3.4588029384613037,9.609679222106934,-6.150876045227051,0.002109421882778406,0.9895892143249512
333,333,EXTERNAL_SAMPLE/0000333.png,origin_clean,clean,0,1,0,3.2876570224761963,9.731313705444336,-6.443656921386719,0.0015837245155125856,0.9956902861595154
334,334,EXTERNAL_SAMPLE/0000334.png,origin_clean,clean,0,1,0,1.3617043495178223,17.8699951171875,-16.508291244506836,6.76923406217611e-08,0.9999984502792358
335,335,EXTERNAL_SAMPLE/0000335.png,origin_clean,clean,0,1,0,2.618410348892212,16.52893829345703,-13.910528182983398,9.093536732507346e-07,0.9999964237213135
336,336,EXTERNAL_SAMPLE/0000336.png,origin_clean,clean,0,1,0,3.368149518966675,12.778759956359863,-9.41061019897461,8.183564204955474e-05,0.9998125433921814
337,337,EXTERNAL_SAMPLE/0000337.png,origin_clean,clean,0,1,0,4.076788902282715,6.433689594268799,-2.356900691986084,0.06127054989337921,0.6469053626060486
338,338,EXTERNAL_SAMPLE/0000338.png,origin_clean,clean,0,1,0,1.9765355587005615,9.504779815673828,-7.5282440185546875,0.0005349029670469463,0.9948322772979736
339,339,EXTERNAL_SAMPLE/0000339.png,origin_clean,clean,0,1,0,6.0561747550964355,12.900935173034668,-6.844760417938232,0.0010637142695486546,0.9987726807594299
340,340,EXTERNAL_SAMPLE/0000340.png,origin_clean,clean,0,1,8,1.7274328470230103,1.7181572914123535,0.009275555610656738,0.013878578320145607,0.013750443235039711
341,341,EXTERNAL_SAMPLE/0000341.png,origin_clean,clean,0,1,0,4.541056156158447,16.144798278808594,-11.603742599487305,9.13172698346898e-06,0.9999868869781494
342,342,EXTERNAL_SAMPLE/0000342.png,origin_clean,clean,0,1,3,2.455247640609741,6.655782222747803,-4.200534820556641,0.006455118767917156,0.430698424577713
343,343,EXTERNAL_SAMPLE/0000343.png,origin_clean,clean,0,1,0,2.367424488067627,16.234813690185547,-13.867389678955078,9.494375490248785e-07,0.9999935626983643
344,344,EXTERNAL_SAMPLE/0000344.png,origin_clean,clean,0,1,0,1.6993380784988403,9.613024711608887,-7.913686752319336,0.0003616501053329557,0.9889152646064758
345,345,EXTERNAL_SAMPLE/0000345.png,origin_clean,clean,0,1,0,2.992166519165039,14.752096176147461,-11.759929656982422,7.811119758116547e-06,0.9999674558639526
346,346,EXTERNAL_SAMPLE/0000346.png,origin_clean,clean,0,1,3,3.295297145843506,4.864500999450684,-1.5692038536071777,0.04342002794146538,0.2085387110710144
347,347,EXTERNAL_SAMPLE/0000347.png,origin_clean,clean,0,1,0,2.3459858894348145,13.589463233947754,-11.243476867675781,1.3090822903905064e-05,0.9998778104782104
348,348,EXTERNAL_SAMPLE/0000348.png,origin_clean,clean,0,1,0,1.718013048171997,11.023426055908203,-9.305413246154785,9.085526835406199e-05,0.9991707801818848
349,349,EXTERNAL_SAMPLE/0000349.png,origin_clean,clean,0,1,0,3.5919175148010254,17.145227432250977,-13.55331039428711,1.299781274610723e-06,0.9999958276748657
350,350,EXTERNAL_SAMPLE/0000350.png,origin_clean,clean,0,1,0,3.746907949447632,13.72866153717041,-9.9817533493042,4.622974302037619e-05,0.9998661279678345
351,351,EXTERNAL_SAMPLE/0000351.png,origin_clean,clean,0,1,5,2.8508706092834473,4.810164451599121,-1.9592938423156738,0.008690500631928444,0.061653148382902145
352,352,EXTERNAL_SAMPLE/0000352.png,origin_clean,clean,0,1,0,1.6604799032211304,10.92707347869873,-9.266593933105469,9.44286075537093e-05,0.9989280104637146
353,353,EXTERNAL_SAMPLE/0000353.png,origin_clean,clean,0,1,0,3.1096458435058594,20.838876724243164,-17.729230880737305,1.996608389731591e-08,1.0
354,354,EXTERNAL_SAMPLE/0000354.png,origin_clean,clean,0,1,0,2.354825019836426,8.567105293273926,-6.2122802734375,0.0019553492311388254,0.9754014015197754
355,355,EXTERNAL_SAMPLE/0000355.png,origin_clean,clean,0,1,0,1.4324623346328735,10.349641799926758,-8.917179107666016,0.00013328285422176123,0.9941593408584595
356,356,EXTERNAL_SAMPLE/0000356.png,origin_clean,clean,0,1,0,6.472109794616699,13.176270484924316,-6.704160690307617,0.001224178820848465,0.9986764788627625
357,357,EXTERNAL_SAMPLE/0000357.png,origin_clean,clean,0,1,0,1.9463175535202026,15.032605171203613,-13.086287498474121,2.0734350982820615e-06,0.999983549118042
358,358,EXTERNAL_SAMPLE/0000358.png,origin_clean,clean,0,1,0,4.047711372375488,14.598708152770996,-10.550996780395508,2.616492383822333e-05,0.9999059438705444
359,359,EXTERNAL_SAMPLE/0000359.png,origin_clean,clean,0,1,0,4.3453049659729,11.06154727935791,-6.71624231338501,0.0011949616018682718,0.9866904020309448
360,360,EXTERNAL_SAMPLE/0000360.png,origin_clean,clean,0,1,0,1.5050938129425049,7.151454925537109,-5.646361351013184,0.0033114845864474773,0.9380075335502625
361,361,EXTERNAL_SAMPLE/0000361.png,origin_clean,clean,0,1,0,2.2576417922973633,11.52410888671875,-9.266467094421387,9.448824857827276e-05,0.9994321465492249
362,362,EXTERNAL_SAMPLE/0000362.png,origin_clean,clean,0,1,0,2.4093008041381836,10.139664649963379,-7.730363845825195,0.0004384542990010232,0.9981106519699097
363,363,EXTERNAL_SAMPLE/0000363.png,origin_clean,clean,0,1,0,2.726590633392334,4.239558219909668,-1.512967586517334,0.06365258246660233,0.2889944314956665
364,364,EXTERNAL_SAMPLE/0000364.png,origin_clean,clean,0,1,0,3.6402313709259033,10.759211540222168,-7.118980407714844,0.0008056904771365225,0.9951810240745544
365,365,EXTERNAL_SAMPLE/0000365.png,origin_clean,clean,0,1,0,1.299283742904663,8.920199394226074,-7.620915412902832,0.0004749382787849754,0.9690778255462646
366,366,EXTERNAL_SAMPLE/0000366.png,origin_clean,clean,0,1,0,7.914386749267578,10.179830551147461,-2.265443801879883,0.0907059758901596,0.8739883899688721
367,367,EXTERNAL_SAMPLE/0000367.png,origin_clean,clean,0,1,0,2.986325263977051,7.190457820892334,-4.204132556915283,0.014156924560666084,0.9479827880859375
368,368,EXTERNAL_SAMPLE/0000368.png,origin_clean,clean,0,1,0,4.330965518951416,13.3939790725708,-9.063013076782227,0.00011585286119952798,0.9998235106468201
369,369,EXTERNAL_SAMPLE/0000369.png,origin_clean,clean,0,1,0,3.4639079570770264,5.346895217895508,-1.8829872608184814,0.1005556657910347,0.6609635949134827
370,370,EXTERNAL_SAMPLE/0000370.png,origin_clean,clean,0,1,1,10.04489803314209,10.044329643249512,0.000568389892578125,0.4997348487377167,0.4994508922100067
371,371,EXTERNAL_SAMPLE/0000371.png,origin_clean,clean,0,1,0,1.7765883207321167,10.69674301147461,-8.920154571533203,0.00013346031482797116,0.998449444770813
372,372,EXTERNAL_SAMPLE/0000372.png,origin_clean,clean,0,1,0,3.0034265518188477,10.34814167022705,-7.344715118408203,0.0006440617726184428,0.9970037341117859
373,373,EXTERNAL_SAMPLE/0000373.png,origin_clean,clean,0,1,0,3.249965190887451,7.657650470733643,-4.407685279846191,0.010637257248163223,0.8730981349945068
374,374,EXTERNAL_SAMPLE/0000374.png,origin_clean,clean,0,1,0,2.493443250656128,10.0318021774292,-7.538358688354492,0.0005307195242494345,0.9970861077308655
375,375,EXTERNAL_SAMPLE/0000375.png,origin_clean,clean,0,1,0,5.144178867340088,5.304161071777344,-0.15998220443725586,0.38873592019081116,0.4561777114868164
376,376,EXTERNAL_SAMPLE/0000376.png,origin_clean,clean,0,1,0,2.004685640335083,13.013092994689941,-11.008407592773438,1.6559035429963842e-05,0.9998289346694946
377,377,EXTERNAL_SAMPLE/0000377.png,origin_clean,clean,0,1,0,3.1487486362457275,7.752171516418457,-4.603423118591309,0.006660375744104385,0.6648749113082886
378,378,EXTERNAL_SAMPLE/0000378.png,origin_clean,clean,0,1,0,1.395204782485962,12.70783519744873,-11.312630653381348,1.2214722119097132e-05,0.9997621178627014
379,379,EXTERNAL_SAMPLE/0000379.png,origin_clean,clean,0,1,0,2.5640501976013184,11.826523780822754,-9.262474060058594,9.477361163590103e-05,0.9984556436538696
380,380,EXTERNAL_SAMPLE/0000380.png,origin_clean,clean,0,1,0,3.7898123264312744,18.41319465637207,-14.623382568359375,4.458053126654704e-07,0.9999990463256836
381,381,EXTERNAL_SAMPLE/0000381.png,origin_clean,clean,0,1,0,2.3357789516448975,12.213445663452148,-9.877666473388672,5.1286642701597884e-05,0.9995864033699036
382,382,EXTERNAL_SAMPLE/0000382.png,origin_clean,clean,0,1,0,2.5493886470794678,8.692079544067383,-6.142690658569336,0.0021146198268979788,0.9839407801628113
383,383,EXTERNAL_SAMPLE/0000383.png,origin_clean,clean,0,1,0,2.0452497005462646,7.351081848144531,-5.3058319091796875,0.004666115622967482,0.9402622580528259
384,384,EXTERNAL_SAMPLE/0000384.png,origin_clean,clean,0,1,0,1.122377634048462,12.296880722045898,-11.174503326416016,1.402355519530829e-05,0.9997312426567078
385,385,EXTERNAL_SAMPLE/0000385.png,origin_clean,clean,0,1,0,3.5516536235809326,10.778175354003906,-7.2265214920043945,0.0007259136182256043,0.9984431862831116
386,386,EXTERNAL_SAMPLE/0000386.png,origin_clean,clean,0,1,0,4.2436699867248535,12.873226165771484,-8.629556655883789,0.0001786627108231187,0.9995458722114563
387,387,EXTERNAL_SAMPLE/0000387.png,origin_clean,clean,1,1,1,16.779550552368164,16.779550552368164,0.0,0.9999904632568359,0.9999904632568359
388,388,EXTERNAL_SAMPLE/0000388.png,origin_clean,clean,1,1,1,15.769999504089355,15.769999504089355,0.0,0.9999464750289917,0.9999464750289917
389,389,EXTERNAL_SAMPLE/0000389.png,origin_clean,clean,1,1,1,13.4048490524292,13.4048490524292,0.0,0.9999371767044067,0.9999371767044067
390,390,EXTERNAL_SAMPLE/0000390.png,origin_clean,clean,1,1,1,12.105257987976074,12.105257987976074,0.0,0.9989331364631653,0.9989331364631653
391,391,EXTERNAL_SAMPLE/0000391.png,origin_clean,clean,1,1,1,13.170459747314453,13.170459747314453,0.0,0.9998308420181274,0.9998308420181274
392,392,EXTERNAL_SAMPLE/0000392.png,origin_clean,clean,1,1,1,13.737051963806152,13.737051963806152,0.0,0.9999446868896484,0.9999446868896484
393,393,EXTERNAL_SAMPLE/0000393.png,origin_clean,clean,1,1,1,9.351677894592285,9.351677894592285,0.0,0.9908273816108704,0.9908273816108704
394,394,EXTERNAL_SAMPLE/0000394.png,origin_clean,clean,1,1,3,4.926721096038818,4.926721096038818,0.0,0.37318262457847595,0.37318262457847595
395,395,EXTERNAL_SAMPLE/0000395.png,origin_clean,clean,1,1,1,8.021583557128906,8.021583557128906,0.0,0.965206503868103,0.965206503868103
396,396,EXTERNAL_SAMPLE/0000396.png,origin_clean,clean,1,1,1,18.772422790527344,18.772422790527344,0.0,0.9999997615814209,0.9999997615814209
397,397,EXTERNAL_SAMPLE/0000397.png,origin_clean,clean,1,1,3,5.362255096435547,5.362255096435547,0.0,0.03250110149383545,0.03250110149383545
398,398,EXTERNAL_SAMPLE/0000398.png,origin_clean,clean,1,1,1,12.36057186126709,12.36057186126709,0.0,0.9985429048538208,0.9985429048538208
399,399,EXTERNAL_SAMPLE/0000399.png,origin_clean,clean,1,1,1,27.721878051757812,27.721878051757812,0.0,1.0,1.0
400,400,EXTERNAL_SAMPLE/0000400.png,origin_clean,clean,1,1,1,16.992521286010742,16.992521286010742,0.0,0.9999966621398926,0.9999966621398926
401,401,EXTERNAL_SAMPLE/0000401.png,origin_clean,clean,1,1,1,17.77885627746582,17.77885627746582,0.0,0.9999966621398926,0.9999966621398926
402,402,EXTERNAL_SAMPLE/0000402.png,origin_clean,clean,1,1,1,15.372306823730469,15.372306823730469,0.0,0.999992847442627,0.999992847442627
403,403,EXTERNAL_SAMPLE/0000403.png,origin_clean,clean,1,1,1,11.233196258544922,11.233196258544922,0.0,0.999466598033905,0.999466598033905
404,404,EXTERNAL_SAMPLE/0000404.png,origin_clean,clean,1,1,1,15.558428764343262,15.558428764343262,0.0,0.9999814033508301,0.9999814033508301
405,405,EXTERNAL_SAMPLE/0000405.png,origin_clean,clean,1,1,0,3.398306131362915,3.398306131362915,0.0,0.147859588265419,0.147859588265419
406,406,EXTERNAL_SAMPLE/0000406.png,origin_clean,clean,1,1,1,5.9262614250183105,5.9262614250183105,0.0,0.7913963198661804,0.7913963198661804
407,407,EXTERNAL_SAMPLE/0000407.png,origin_clean,clean,1,1,1,8.61718463897705,8.61718463897705,0.0,0.9726403951644897,0.9726403951644897
408,408,EXTERNAL_SAMPLE/0000408.png,origin_clean,clean,1,1,1,15.836207389831543,15.836207389831543,0.0,0.9999936819076538,0.9999936819076538
409,409,EXTERNAL_SAMPLE/0000409.png,origin_clean,clean,1,1,1,9.49213981628418,9.49213981628418,0.0,0.9187384247779846,0.9187384247779846
410,410,EXTERNAL_SAMPLE/0000410.png,origin_clean,clean,1,1,1,8.000866889953613,8.000866889953613,0.0,0.9375684857368469,0.9375684857368469
411,411,EXTERNAL_SAMPLE/0000411.png,origin_clean,clean,1,1,1,8.855022430419922,8.855022430419922,0.0,0.9884167313575745,0.9884167313575745
412,412,EXTERNAL_SAMPLE/0000412.png,origin_clean,clean,1,1,1,13.826807022094727,13.826807022094727,0.0,0.9998669624328613,0.9998669624328613
413,413,EXTERNAL_SAMPLE/0000413.png,origin_clean,clean,1,1,1,15.536805152893066,15.536805152893066,0.0,0.9999914169311523,0.9999914169311523
414,414,EXTERNAL_SAMPLE/0000414.png,origin_clean,clean,1,1,1,10.445882797241211,10.445882797241211,0.0,0.9945488572120667,0.9945488572120667
415,415,EXTERNAL_SAMPLE/0000415.png,origin_clean,clean,1,1,1,14.240730285644531,14.240730285644531,0.0,0.9998594522476196,0.9998594522476196
416,416,EXTERNAL_SAMPLE/0000416.png,origin_clean,clean,1,1,8,6.420520782470703,6.420520782470703,0.0,0.3783261477947235,0.3783261477947235
417,417,EXTERNAL_SAMPLE/0000417.png,origin_clean,clean,1,1,1,6.917559623718262,6.917559623718262,0.0,0.6745802164077759,0.6745802164077759
418,418,EXTERNAL_SAMPLE/0000418.png,origin_clean,clean,1,1,1,13.059006690979004,13.059006690979004,0.0,0.999725878238678,0.999725878238678
419,419,EXTERNAL_SAMPLE/0000419.png,origin_clean,clean,1,1,1,15.966548919677734,15.966548919677734,0.0,0.9999815225601196,0.9999815225601196
420,420,EXTERNAL_SAMPLE/0000420.png,origin_clean,clean,1,1,1,24.280582427978516,24.280582427978516,0.0,1.0,1.0
421,421,EXTERNAL_SAMPLE/0000421.png,origin_clean,clean,1,1,1,13.350238800048828,13.350238800048828,0.0,0.9995119571685791,0.9995119571685791
422,422,EXTERNAL_SAMPLE/0000422.png,origin_clean,clean,1,1,1,7.2227301597595215,7.2227301597595215,0.0,0.9432851076126099,0.9432851076126099
423,423,EXTERNAL_SAMPLE/0000423.png,origin_clean,clean,1,1,9,4.398780345916748,4.398780345916748,0.0,0.31797629594802856,0.31797629594802856
424,424,EXTERNAL_SAMPLE/0000424.png,origin_clean,clean,1,1,1,11.63325023651123,11.63325023651123,0.0,0.9993763566017151,0.9993763566017151
425,425,EXTERNAL_SAMPLE/0000425.png,origin_clean,clean,1,1,1,5.411486625671387,5.411486625671387,0.0,0.5932063460350037,0.5932063460350037
426,426,EXTERNAL_SAMPLE/0000426.png,origin_clean,clean,1,1,5,2.429879665374756,2.429879665374756,0.0,0.0799017921090126,0.0799017921090126
427,427,EXTERNAL_SAMPLE/0000427.png,origin_clean,clean,1,1,4,3.417698383331299,3.417698383331299,0.0,0.13359670341014862,0.13359670341014862
428,428,EXTERNAL_SAMPLE/0000428.png,origin_clean,clean,1,1,3,1.8012137413024902,1.8012137413024902,0.0,0.001231439528055489,0.001231439528055489
429,429,EXTERNAL_SAMPLE/0000429.png,origin_clean,clean,1,1,3,4.198215007781982,4.198215007781982,0.0,0.032248079776763916,0.032248079776763916
430,430,EXTERNAL_SAMPLE/0000430.png,origin_clean,clean,1,1,1,7.742447853088379,7.742447853088379,0.0,0.9781436920166016,0.9781436920166016
431,431,EXTERNAL_SAMPLE/0000431.png,origin_clean,clean,1,1,1,8.585674285888672,8.585674285888672,0.0,0.8791602849960327,0.8791602849960327
432,432,EXTERNAL_SAMPLE/0000432.png,origin_clean,clean,1,1,3,3.9226832389831543,3.9226832389831543,0.0,0.14211489260196686,0.14211489260196686
433,433,EXTERNAL_SAMPLE/0000433.png,origin_clean,clean,1,1,1,12.68195629119873,12.68195629119873,0.0,0.9996336698532104,0.9996336698532104
434,434,EXTERNAL_SAMPLE/0000434.png,origin_clean,clean,1,1,1,14.38389778137207,14.38389778137207,0.0,0.9999334812164307,0.9999334812164307
435,435,EXTERNAL_SAMPLE/0000435.png,origin_clean,clean,1,1,1,11.126398086547852,11.126398086547852,0.0,0.9969074130058289,0.9969074130058289
436,436,EXTERNAL_SAMPLE/0000436.png,origin_clean,clean,1,1,1,13.097403526306152,13.097403526306152,0.0,0.9998654127120972,0.9998654127120972
437,437,EXTERNAL_SAMPLE/0000437.png,origin_clean,clean,1,1,0,3.973374366760254,3.973374366760254,0.0,0.21516074240207672,0.21516074240207672
438,438,EXTERNAL_SAMPLE/0000438.png,origin_clean,clean,1,1,1,7.474960803985596,7.474960803985596,0.0,0.8636447191238403,0.8636447191238403
439,439,EXTERNAL_SAMPLE/0000439.png,origin_clean,clean,1,1,1,6.754570960998535,6.754570960998535,0.0,0.8885635733604431,0.8885635733604431
440,440,EXTERNAL_SAMPLE/0000440.png,origin_clean,clean,1,1,1,8.960746765136719,8.960746765136719,0.0,0.9865538477897644,0.9865538477897644
441,441,EXTERNAL_SAMPLE/0000441.png,origin_clean,clean,1,1,1,9.025409698486328,9.025409698486328,0.0,0.981221079826355,0.981221079826355
442,442,EXTERNAL_SAMPLE/0000442.png,origin_clean,clean,1,1,1,24.695215225219727,24.695215225219727,0.0,1.0,1.0
443,443,EXTERNAL_SAMPLE/0000443.png,origin_clean,clean,1,1,1,13.820382118225098,13.820382118225098,0.0,0.9997507929801941,0.9997507929801941
444,444,EXTERNAL_SAMPLE/0000444.png,origin_clean,clean,1,1,1,7.506414890289307,7.506414890289307,0.0,0.9340110421180725,0.9340110421180725
445,445,EXTERNAL_SAMPLE/0000445.png,origin_clean,clean,1,1,1,15.381028175354004,15.381028175354004,0.0,0.9999884366989136,0.9999884366989136
446,446,EXTERNAL_SAMPLE/0000446.png,origin_clean,clean,1,1,9,2.9732375144958496,2.9732375144958496,0.0,0.08156049251556396,0.08156049251556396
447,447,EXTERNAL_SAMPLE/0000447.png,origin_clean,clean,1,1,1,12.667227745056152,12.667227745056152,0.0,0.9997819066047668,0.9997819066047668
448,448,EXTERNAL_SAMPLE/0000448.png,origin_clean,clean,1,1,1,9.501392364501953,9.501392364501953,0.0,0.961795449256897,0.961795449256897
449,449,EXTERNAL_SAMPLE/0000449.png,origin_clean,clean,1,1,1,13.211968421936035,13.211968421936035,0.0,0.9998898506164551,0.9998898506164551
450,450,EXTERNAL_SAMPLE/0000450.png,origin_clean,clean,1,1,1,19.639270782470703,19.639270782470703,0.0,0.9999998807907104,0.9999998807907104
451,451,EXTERNAL_SAMPLE/0000451.png,origin_clean,clean,1,1,1,10.497525215148926,10.497525215148926,0.0,0.8733844757080078,0.8733844757080078
452,452,EXTERNAL_SAMPLE/0000452.png,origin_clean,clean,1,1,3,4.358036994934082,4.358036994934082,0.0,0.29916372895240784,0.29916372895240784
453,453,EXTERNAL_SAMPLE/0000453.png,origin_clean,clean,1,1,1,13.563934326171875,13.563934326171875,0.0,0.9998282194137573,0.9998282194137573
454,454,EXTERNAL_SAMPLE/0000454.png,origin_clean,clean,1,1,1,7.267971038818359,7.267971038818359,0.0,0.9394985437393188,0.9394985437393188
455,455,EXTERNAL_SAMPLE/0000455.png,origin_clean,clean,1,1,1,21.158525466918945,21.158525466918945,0.0,0.9999998807907104,0.9999998807907104
456,456,EXTERNAL_SAMPLE/0000456.png,origin_clean,clean,1,1,1,7.34589147567749,7.34589147567749,0.0,0.7869011163711548,0.7869011163711548
457,457,EXTERNAL_SAMPLE/0000457.png,origin_clean,clean,1,1,1,13.43431282043457,13.43431282043457,0.0,0.9998970031738281,0.9998970031738281
458,458,EXTERNAL_SAMPLE/0000458.png,origin_clean,clean,1,1,1,8.692193031311035,8.692193031311035,0.0,0.8932153582572937,0.8932153582572937
459,459,EXTERNAL_SAMPLE/0000459.png,origin_clean,clean,1,1,1,12.900161743164062,12.900161743164062,0.0,0.993546187877655,0.993546187877655
460,460,EXTERNAL_SAMPLE/0000460.png,origin_clean,clean,1,1,1,7.7765069007873535,7.7765069007873535,0.0,0.9146254658699036,0.9146254658699036
461,461,EXTERNAL_SAMPLE/0000461.png,origin_clean,clean,1,1,1,10.622718811035156,10.622718811035156,0.0,0.9160583019256592,0.9160583019256592
462,462,EXTERNAL_SAMPLE/0000462.png,origin_clean,clean,1,1,1,15.204938888549805,15.204938888549805,0.0,0.9999845027923584,0.9999845027923584
463,463,EXTERNAL_SAMPLE/0000463.png,origin_clean,clean,1,1,1,9.032096862792969,9.032096862792969,0.0,0.9696271419525146,0.9696271419525146
464,464,EXTERNAL_SAMPLE/0000464.png,origin_clean,clean,1,1,1,18.247806549072266,18.247806549072266,0.0,0.9999724626541138,0.9999724626541138
465,465,EXTERNAL_SAMPLE/0000465.png,origin_clean,clean,1,1,1,15.046586990356445,15.046586990356445,0.0,0.9999758005142212,0.9999758005142212
466,466,EXTERNAL_SAMPLE/0000466.png,origin_clean,clean,1,1,8,2.6122188568115234,2.6122188568115234,0.0,0.06340758502483368,0.06340758502483368
467,467,EXTERNAL_SAMPLE/0000467.png,origin_clean,clean,1,1,3,4.7318949699401855,4.7318949699401855,0.0,0.3141913115978241,0.3141913115978241
468,468,EXTERNAL_SAMPLE/0000468.png,origin_clean,clean,1,1,1,18.190635681152344,18.190635681152344,0.0,0.9999995231628418,0.9999995231628418
469,469,EXTERNAL_SAMPLE/0000469.png,origin_clean,clean,1,1,1,14.405163764953613,14.405163764953613,0.0,0.9999402761459351,0.9999402761459351
470,470,EXTERNAL_SAMPLE/0000470.png,origin_clean,clean,1,1,7,4.754144668579102,4.754144668579102,0.0,0.12125571072101593,0.12125571072101593
471,471,EXTERNAL_SAMPLE/0000471.png,origin_clean,clean,1,1,1,10.407727241516113,10.407727241516113,0.0,0.9896399974822998,0.9896399974822998
472,472,EXTERNAL_SAMPLE/0000472.png,origin_clean,clean,1,1,1,9.630637168884277,9.630637168884277,0.0,0.9956865310668945,0.9956865310668945
473,473,EXTERNAL_SAMPLE/0000473.png,origin_clean,clean,1,1,1,19.97799301147461,19.97799301147461,0.0,0.9999997615814209,0.9999997615814209
474,474,EXTERNAL_SAMPLE/0000474.png,origin_clean,clean,1,1,1,20.436067581176758,20.436067581176758,0.0,0.9999998807907104,0.9999998807907104
475,475,EXTERNAL_SAMPLE/0000475.png,origin_clean,clean,1,1,3,7.19522762298584,7.19522762298584,0.0,0.13291476666927338,0.13291476666927338
476,476,EXTERNAL_SAMPLE/0000476.png,origin_clean,clean,1,1,1,12.642606735229492,12.642606735229492,0.0,0.9998816251754761,0.9998816251754761
477,477,EXTERNAL_SAMPLE/0000477.png,origin_clean,clean,1,1,1,11.206265449523926,11.206265449523926,0.0,0.9993264675140381,0.9993264675140381
478,478,EXTERNAL_SAMPLE/0000478.png,origin_clean,clean,1,1,5,3.4761946201324463,3.4761946201324463,0.0,0.03002876229584217,0.03002876229584217
479,479,EXTERNAL_SAMPLE/0000479.png,origin_clean,clean,1,1,1,23.43951416015625,23.43951416015625,0.0,1.0,1.0
480,480,EXTERNAL_SAMPLE/0000480.png,origin_clean,clean,1,1,1,17.167497634887695,17.167497634887695,0.0,0.9999979734420776,0.9999979734420776
481,481,EXTERNAL_SAMPLE/0000481.png,origin_clean,clean,1,1,1,15.65406608581543,15.65406608581543,0.0,0.9999840259552002,0.9999840259552002
482,482,EXTERNAL_SAMPLE/0000482.png,origin_clean,clean,1,1,3,4.998882293701172,4.998882293701172,0.0,0.14653022587299347,0.14653022587299347
483,483,EXTERNAL_SAMPLE/0000483.png,origin_clean,clean,1,1,1,15.543168067932129,15.543168067932129,0.0,0.9999839067459106,0.9999839067459106
484,484,EXTERNAL_SAMPLE/0000484.png,origin_clean,clean,1,1,1,15.142963409423828,15.142963409423828,0.0,0.9997755885124207,0.9997755885124207
485,485,EXTERNAL_SAMPLE/0000485.png,origin_clean,clean,1,1,1,20.48312759399414,20.48312759399414,0.0,1.0,1.0
486,486,EXTERNAL_SAMPLE/0000486.png,origin_clean,clean,1,1,3,3.8396646976470947,3.8396646976470947,0.0,0.12817706167697906,0.12817706167697906
487,487,EXTERNAL_SAMPLE/0000487.png,origin_clean,clean,1,1,1,7.012820720672607,7.012820720672607,0.0,0.8453383445739746,0.8453383445739746
488,488,EXTERNAL_SAMPLE/0000488.png,origin_clean,clean,1,1,1,9.884608268737793,9.884608268737793,0.0,0.9964285492897034,0.9964285492897034
489,489,EXTERNAL_SAMPLE/0000489.png,origin_clean,clean,1,1,1,11.273102760314941,11.273102760314941,0.0,0.9965125918388367,0.9965125918388367
490,490,EXTERNAL_SAMPLE/0000490.png,origin_clean,clean,1,1,1,14.12806224822998,14.12806224822998,0.0,0.9998130202293396,0.9998130202293396
491,491,EXTERNAL_SAMPLE/0000491.png,origin_clean,clean,1,1,1,12.400565147399902,12.400565147399902,0.0,0.9995829463005066,0.9995829463005066
492,492,EXTERNAL_SAMPLE/0000492.png,origin_clean,clean,1,1,1,14.646639823913574,14.646639823913574,0.0,0.9999163150787354,0.9999163150787354
493,493,EXTERNAL_SAMPLE/0000493.png,origin_clean,clean,1,1,1,10.948114395141602,10.948114395141602,0.0,0.99820876121521,0.99820876121521
494,494,EXTERNAL_SAMPLE/0000494.png,origin_clean,clean,1,1,1,11.636480331420898,11.636480331420898,0.0,0.9965417981147766,0.9965417981147766
495,495,EXTERNAL_SAMPLE/0000495.png,origin_clean,clean,1,1,1,13.12844467163086,13.12844467163086,0.0,0.9998425245285034,0.9998425245285034
496,496,EXTERNAL_SAMPLE/0000496.png,origin_clean,clean,1,1,1,27.969623565673828,27.969623565673828,0.0,1.0,1.0
497,497,EXTERNAL_SAMPLE/0000497.png,origin_clean,clean,1,1,0,5.728470802307129,5.728470802307129,0.0,0.4433758854866028,0.4433758854866028
498,498,EXTERNAL_SAMPLE/0000498.png,origin_clean,clean,1,1,1,14.794832229614258,14.794832229614258,0.0,0.9999449253082275,0.9999449253082275
499,499,EXTERNAL_SAMPLE/0000499.png,origin_clean,clean,1,1,1,14.0072021484375,14.0072021484375,0.0,0.9995155334472656,0.9995155334472656
500,500,EXTERNAL_SAMPLE/0000500.png,origin_clean,clean,1,1,1,11.525514602661133,11.525514602661133,0.0,0.9993914365768433,0.9993914365768433
501,501,EXTERNAL_SAMPLE/0000501.png,origin_clean,clean,1,1,1,8.89802074432373,8.89802074432373,0.0,0.9722832441329956,0.9722832441329956
502,502,EXTERNAL_SAMPLE/0000502.png,origin_clean,clean,1,1,1,8.729342460632324,8.729342460632324,0.0,0.9805074334144592,0.9805074334144592
503,503,EXTERNAL_SAMPLE/0000503.png,origin_clean,clean,1,1,1,7.82151985168457,7.82151985168457,0.0,0.9723212122917175,0.9723212122917175
504,504,EXTERNAL_SAMPLE/0000504.png,origin_clean,clean,1,1,1,12.001420021057129,12.001420021057129,0.0,0.9995249509811401,0.9995249509811401
505,505,EXTERNAL_SAMPLE/0000505.png,origin_clean,clean,1,1,1,17.923959732055664,17.923959732055664,0.0,0.999998927116394,0.999998927116394
506,506,EXTERNAL_SAMPLE/0000506.png,origin_clean,clean,1,1,1,10.436507225036621,10.436507225036621,0.0,0.9967393279075623,0.9967393279075623
507,507,EXTERNAL_SAMPLE/0000507.png,origin_clean,clean,1,1,1,24.59365463256836,24.59365463256836,0.0,1.0,1.0
508,508,EXTERNAL_SAMPLE/0000508.png,origin_clean,clean,1,1,1,10.16479206085205,10.16479206085205,0.0,0.9952083230018616,0.9952083230018616
509,509,EXTERNAL_SAMPLE/0000509.png,origin_clean,clean,1,1,1,18.503662109375,18.503662109375,0.0,0.9999995231628418,0.9999995231628418
510,510,EXTERNAL_SAMPLE/0000510.png,origin_clean,clean,1,1,1,9.802489280700684,9.802489280700684,0.0,0.6072244644165039,0.6072244644165039
511,511,EXTERNAL_SAMPLE/0000511.png,origin_clean,clean,1,1,1,12.567947387695312,12.567947387695312,0.0,0.9952207207679749,0.9952207207679749
0,0,EXTERNAL_SAMPLE/0000000.png,origin_poisoned,poisoned,0,1,1,18.56924819946289,10.11966609954834,8.44958209991455,0.9997840523719788,0.00021394359646365047
1,1,EXTERNAL_SAMPLE/0000001.png,origin_poisoned,poisoned,0,1,1,18.740938186645508,7.526031494140625,11.214906692504883,0.9999855756759644,1.3471675629261881e-05
2,2,EXTERNAL_SAMPLE/0000002.png,origin_poisoned,poisoned,0,1,1,16.440502166748047,16.290279388427734,0.1502227783203125,0.5374847054481506,0.46251434087753296
3,3,EXTERNAL_SAMPLE/0000003.png,origin_poisoned,poisoned,0,1,1,16.34366226196289,16.26033592224121,0.08332633972167969,0.5208185911178589,0.4791795313358307
4,4,EXTERNAL_SAMPLE/0000004.png,origin_poisoned,poisoned,0,1,1,15.49843692779541,4.348391532897949,11.150045394897461,0.9999746084213257,1.4374269994732458e-05
5,5,EXTERNAL_SAMPLE/0000005.png,origin_poisoned,poisoned,0,1,1,16.575002670288086,10.202527046203613,6.372475624084473,0.9982921481132507,0.001705008908174932
6,6,EXTERNAL_SAMPLE/0000006.png,origin_poisoned,poisoned,0,1,1,17.58719825744629,8.847028732299805,8.740169525146484,0.9998390674591064,0.00016000100004021078
7,7,EXTERNAL_SAMPLE/0000007.png,origin_poisoned,poisoned,0,1,1,19.833066940307617,9.136208534240723,10.696858406066895,0.9999771118164062,2.2615357011090964e-05
8,8,EXTERNAL_SAMPLE/0000008.png,origin_poisoned,poisoned,0,1,1,19.28192901611328,11.846604347229004,7.435324668884277,0.9994101524353027,0.0005896893562749028
9,9,EXTERNAL_SAMPLE/0000009.png,origin_poisoned,poisoned,0,1,1,17.333032608032227,9.683045387268066,7.64998722076416,0.9995236396789551,0.00047582341358065605
10,10,EXTERNAL_SAMPLE/0000010.png,origin_poisoned,poisoned,0,1,1,18.029172897338867,5.9619669914245605,12.067205429077148,0.9999936819076538,5.744821464759298e-06
11,11,EXTERNAL_SAMPLE/0000011.png,origin_poisoned,poisoned,0,1,1,22.829425811767578,4.475038528442383,18.354387283325195,1.0,1.0685402784815778e-08
12,12,EXTERNAL_SAMPLE/0000012.png,origin_poisoned,poisoned,0,1,1,16.41099739074707,4.117305278778076,12.293691635131836,0.9999774694442749,4.580446329782717e-06
13,13,EXTERNAL_SAMPLE/0000013.png,origin_poisoned,poisoned,0,1,1,19.23296546936035,8.466728210449219,10.766237258911133,0.9999778270721436,2.1099538571434096e-05
14,14,EXTERNAL_SAMPLE/0000014.png,origin_poisoned,poisoned,0,1,1,17.85693359375,17.815227508544922,0.041706085205078125,0.5104248523712158,0.4895748496055603
15,15,EXTERNAL_SAMPLE/0000015.png,origin_poisoned,poisoned,0,1,1,16.200626373291016,13.546778678894043,2.6538476943969727,0.9342371821403503,0.06575150787830353
16,16,EXTERNAL_SAMPLE/0000016.png,origin_poisoned,poisoned,0,1,1,16.28221321105957,1.2029733657836914,15.079239845275879,0.9999912977218628,2.825956926244544e-07
17,17,EXTERNAL_SAMPLE/0000017.png,origin_poisoned,poisoned,0,1,1,18.774877548217773,12.063106536865234,6.711771011352539,0.9987843632698059,0.0012150289257988334
18,18,EXTERNAL_SAMPLE/0000018.png,origin_poisoned,poisoned,0,1,1,17.326871871948242,10.033666610717773,7.293205261230469,0.9993191957473755,0.0006796814850531518
19,19,EXTERNAL_SAMPLE/0000019.png,origin_poisoned,poisoned,0,1,1,18.13841438293457,8.403546333312988,9.734868049621582,0.9999394416809082,5.9179899835726246e-05
20,20,EXTERNAL_SAMPLE/0000020.png,origin_poisoned,poisoned,0,1,1,17.195085525512695,14.964418411254883,2.2306671142578125,0.9029688835144043,0.09703007340431213
21,21,EXTERNAL_SAMPLE/0000021.png,origin_poisoned,poisoned,0,1,1,17.409488677978516,2.0391807556152344,15.370307922363281,0.9999914169311523,2.1123037186043803e-07
22,22,EXTERNAL_SAMPLE/0000022.png,origin_poisoned,poisoned,0,1,1,16.88263702392578,8.672881126403809,8.209755897521973,0.9997251629829407,0.000271912373136729
23,23,EXTERNAL_SAMPLE/0000023.png,origin_poisoned,poisoned,0,1,1,17.14029884338379,9.427573204040527,7.712725639343262,0.9995343685150146,0.00044689298374578357
24,24,EXTERNAL_SAMPLE/0000024.png,origin_poisoned,poisoned,0,1,1,17.469789505004883,8.313360214233398,9.156429290771484,0.999890923500061,0.00010552756430115551
25,25,EXTERNAL_SAMPLE/0000025.png,origin_poisoned,poisoned,0,1,0,16.268169403076172,17.81064224243164,-1.5424728393554688,0.17617593705654144,0.8238232135772705
26,26,EXTERNAL_SAMPLE/0000026.png,origin_poisoned,poisoned,0,1,1,19.04194450378418,7.941524982452393,11.100419998168945,0.9999822378158569,1.5105710190255195e-05
27,27,EXTERNAL_SAMPLE/0000027.png,origin_poisoned,poisoned,0,1,1,17.13123893737793,14.755590438842773,2.3756484985351562,0.9149474501609802,0.08504819869995117
28,28,EXTERNAL_SAMPLE/0000028.png,origin_poisoned,poisoned,0,1,1,16.89243507385254,11.21846866607666,5.673966407775879,0.9965741634368896,0.003422451438382268
29,29,EXTERNAL_SAMPLE/0000029.png,origin_poisoned,poisoned,0,1,1,17.52273941040039,12.146383285522461,5.37635612487793,0.9953952431678772,0.0046033477410674095
30,30,EXTERNAL_SAMPLE/0000030.png,origin_poisoned,poisoned,0,1,1,17.369667053222656,16.22429656982422,1.1453704833984375,0.7586637735366821,0.24133551120758057
31,31,EXTERNAL_SAMPLE/0000031.png,origin_poisoned,poisoned,0,1,1,20.97553253173828,12.923144340515137,8.052388191223145,0.999681830406189,0.0003182394721079618
32,32,EXTERNAL_SAMPLE/0000032.png,origin_poisoned,poisoned,0,1,1,16.390695571899414,12.876044273376465,3.514651298522949,0.9710954427719116,0.028898030519485474
33,33,EXTERNAL_SAMPLE/0000033.png,origin_poisoned,poisoned,0,1,1,17.165210723876953,10.501096725463867,6.664113998413086,0.9987228512763977,0.0012742570834234357
34,34,EXTERNAL_SAMPLE/0000034.png,origin_poisoned,poisoned,0,1,1,17.347280502319336,5.852116107940674,11.49516487121582,0.9999806880950928,1.017899649013998e-05
35,35,EXTERNAL_SAMPLE/0000035.png,origin_poisoned,poisoned,0,1,1,17.831470489501953,9.013404846191406,8.818065643310547,0.9998512268066406,0.00014801241923123598
36,36,EXTERNAL_SAMPLE/0000036.png,origin_poisoned,poisoned,0,1,1,16.486244201660156,15.3854398727417,1.100804328918457,0.7504094243049622,0.2495887726545334
37,37,EXTERNAL_SAMPLE/0000037.png,origin_poisoned,poisoned,0,1,1,16.405229568481445,5.774311065673828,10.630918502807617,0.9999717473983765,2.4156748622772284e-05
38,38,EXTERNAL_SAMPLE/0000038.png,origin_poisoned,poisoned,0,1,1,16.494892120361328,11.439580917358398,5.05531120300293,0.9936625957489014,0.006334979087114334
39,39,EXTERNAL_SAMPLE/0000039.png,origin_poisoned,poisoned,0,1,1,19.961833953857422,13.0942964553833,6.867537498474121,0.9989597797393799,0.0010399546008557081
40,40,EXTERNAL_SAMPLE/0000040.png,origin_poisoned,poisoned,0,1,1,17.04720115661621,8.579141616821289,8.468059539794922,0.9997890591621399,0.00021002783614676446
41,41,EXTERNAL_SAMPLE/0000041.png,origin_poisoned,poisoned,0,1,1,20.834888458251953,14.413877487182617,6.421010971069336,0.998375654220581,0.0016243678983300924
42,42,EXTERNAL_SAMPLE/0000042.png,origin_poisoned,poisoned,0,1,1,17.720035552978516,16.58340835571289,1.136627197265625,0.7570590376853943,0.24293988943099976
43,43,EXTERNAL_SAMPLE/0000043.png,origin_poisoned,poisoned,0,1,1,20.45946502685547,9.340972900390625,11.118492126464844,0.9999849796295166,1.4835209185548592e-05
44,44,EXTERNAL_SAMPLE/0000044.png,origin_poisoned,poisoned,0,1,1,16.879383087158203,9.379716873168945,7.499666213989258,0.9994440674781799,0.0005529614281840622
45,45,EXTERNAL_SAMPLE/0000045.png,origin_poisoned,poisoned,0,1,1,18.483980178833008,9.635247230529785,8.848732948303223,0.9998513460159302,0.0001435421872884035
46,46,EXTERNAL_SAMPLE/0000046.png,origin_poisoned,poisoned,0,1,1,17.370101928710938,17.269962310791016,0.10013961791992188,0.52501380443573,0.47498583793640137
47,47,EXTERNAL_SAMPLE/0000047.png,origin_poisoned,poisoned,0,1,1,17.40799903869629,4.567408084869385,12.840591430664062,0.9999963045120239,2.6509428607823793e-06
48,48,EXTERNAL_SAMPLE/0000048.png,origin_poisoned,poisoned,0,1,1,15.71540641784668,11.589797019958496,4.125609397888184,0.9840936064720154,0.01589670032262802
49,49,EXTERNAL_SAMPLE/0000049.png,origin_poisoned,poisoned,0,1,1,16.64375114440918,6.524107456207275,10.119644165039062,0.9999531507492065,4.027856994071044e-05
50,50,EXTERNAL_SAMPLE/0000050.png,origin_poisoned,poisoned,0,1,1,17.825429916381836,11.641876220703125,6.183553695678711,0.9979402422904968,0.0020588338375091553
51,51,EXTERNAL_SAMPLE/0000051.png,origin_poisoned,poisoned,0,1,1,17.016727447509766,6.203403472900391,10.813323974609375,0.9999780654907227,2.0129062249907292e-05
52,52,EXTERNAL_SAMPLE/0000052.png,origin_poisoned,poisoned,0,1,1,17.297353744506836,10.774262428283691,6.5230913162231445,0.9985321760177612,0.0014669641386717558
53,53,EXTERNAL_SAMPLE/0000053.png,origin_poisoned,poisoned,0,1,1,16.882457733154297,6.619558811187744,10.262899398803711,0.9999641180038452,3.490308881737292e-05
54,54,EXTERNAL_SAMPLE/0000054.png,origin_poisoned,poisoned,0,1,1,15.927599906921387,11.20560073852539,4.721999168395996,0.9911732077598572,0.008818837814033031
55,55,EXTERNAL_SAMPLE/0000055.png,origin_poisoned,poisoned,0,1,1,17.175884246826172,16.538244247436523,0.6376399993896484,0.6542194485664368,0.34578007459640503
56,56,EXTERNAL_SAMPLE/0000056.png,origin_poisoned,poisoned,0,1,1,18.390748977661133,4.882969856262207,13.507779121398926,0.9999982118606567,1.3603332718048478e-06
57,57,EXTERNAL_SAMPLE/0000057.png,origin_poisoned,poisoned,0,1,1,21.270822525024414,7.122387409210205,14.148435592651367,0.9999991655349731,7.16823308266612e-07
58,58,EXTERNAL_SAMPLE/0000058.png,origin_poisoned,poisoned,0,1,1,17.68752098083496,7.374802589416504,10.312718391418457,0.9999600648880005,3.320671748952009e-05
59,59,EXTERNAL_SAMPLE/0000059.png,origin_poisoned,poisoned,0,1,1,17.49711036682129,5.732259750366211,11.764850616455078,0.9999911785125732,7.772960998408962e-06
60,60,EXTERNAL_SAMPLE/0000060.png,origin_poisoned,poisoned,0,1,1,15.827731132507324,7.524477958679199,8.303253173828125,0.9996799230575562,0.00024763037799857557
61,61,EXTERNAL_SAMPLE/0000061.png,origin_poisoned,poisoned,0,1,1,17.824934005737305,8.45400333404541,9.370930671691895,0.9999121427536011,8.515661465935409e-05
62,62,EXTERNAL_SAMPLE/0000062.png,origin_poisoned,poisoned,0,1,1,17.125247955322266,13.515168190002441,3.610079765319824,0.9736620783805847,0.026337258517742157
63,63,EXTERNAL_SAMPLE/0000063.png,origin_poisoned,poisoned,0,1,1,18.518077850341797,7.101193428039551,11.416884422302246,0.9999865293502808,1.1007894499925897e-05
64,64,EXTERNAL_SAMPLE/0000064.png,origin_poisoned,poisoned,0,1,1,16.928430557250977,12.139386177062988,4.789044380187988,0.991747260093689,0.008251738734543324
65,65,EXTERNAL_SAMPLE/0000065.png,origin_poisoned,poisoned,0,1,1,18.99858283996582,12.716959953308105,6.281622886657715,0.9981327652931213,0.001866870210506022
66,66,EXTERNAL_SAMPLE/0000066.png,origin_poisoned,poisoned,0,1,1,18.513641357421875,7.250626087188721,11.263015747070312,0.9999865293502808,1.283892197534442e-05
67,67,EXTERNAL_SAMPLE/0000067.png,origin_poisoned,poisoned,0,1,1,20.340007781982422,5.316117763519287,15.023889541625977,0.9999994039535522,2.9868087381146324e-07
68,68,EXTERNAL_SAMPLE/0000068.png,origin_poisoned,poisoned,0,1,1,17.76076889038086,13.512322425842285,4.248446464538574,0.9859138131141663,0.014085170812904835
69,69,EXTERNAL_SAMPLE/0000069.png,origin_poisoned,poisoned,0,1,1,17.72037124633789,11.006905555725098,6.713465690612793,0.9987867474555969,0.0012129744281992316
70,70,EXTERNAL_SAMPLE/0000070.png,origin_poisoned,poisoned,0,1,1,20.74251937866211,10.972262382507324,9.770256996154785,0.9999428987503052,5.7122408179566264e-05
71,71,EXTERNAL_SAMPLE/0000071.png,origin_poisoned,poisoned,0,1,1,19.348594665527344,4.899430274963379,14.449164390563965,0.9999947547912598,5.306465595822374e-07
72,72,EXTERNAL_SAMPLE/0000072.png,origin_poisoned,poisoned,0,1,1,15.553413391113281,11.33629322052002,4.217120170593262,0.9854692816734314,0.01452683750540018
73,73,EXTERNAL_SAMPLE/0000073.png,origin_poisoned,poisoned,0,1,1,16.3971004486084,13.046853065490723,3.350247383117676,0.9661089181900024,0.033886924386024475
74,74,EXTERNAL_SAMPLE/0000074.png,origin_poisoned,poisoned,0,1,1,17.85454750061035,7.648523330688477,10.206024169921875,0.9999538660049438,3.694536644616164e-05
75,75,EXTERNAL_SAMPLE/0000075.png,origin_poisoned,poisoned,0,1,1,16.887006759643555,10.58074951171875,6.306257247924805,0.9981765747070312,0.0018215228337794542
76,76,EXTERNAL_SAMPLE/0000076.png,origin_poisoned,poisoned,0,1,0,16.97651481628418,18.557823181152344,-1.581308364868164,0.1706101894378662,0.8293893933296204
77,77,EXTERNAL_SAMPLE/0000077.png,origin_poisoned,poisoned,0,1,0,17.021194458007812,17.68025016784668,-0.6590557098388672,0.3409515619277954,0.6590479016304016
78,78,EXTERNAL_SAMPLE/0000078.png,origin_poisoned,poisoned,0,1,1,17.03395652770996,11.785439491271973,5.248517036437988,0.9947669506072998,0.005227804649621248
79,79,EXTERNAL_SAMPLE/0000079.png,origin_poisoned,poisoned,0,1,0,18.27405548095703,22.093721389770508,-3.8196659088134766,0.021464304998517036,0.9785357117652893
80,80,EXTERNAL_SAMPLE/0000080.png,origin_poisoned,poisoned,0,1,1,19.179887771606445,8.780126571655273,10.399761199951172,0.9999687671661377,3.0438801331911236e-05
81,81,EXTERNAL_SAMPLE/0000081.png,origin_poisoned,poisoned,0,1,1,18.008285522460938,11.35903549194336,6.649250030517578,0.9987061023712158,0.0012933174148201942
82,82,EXTERNAL_SAMPLE/0000082.png,origin_poisoned,poisoned,0,1,1,18.63782501220703,9.759228706359863,8.878596305847168,0.9998596906661987,0.0001393200655002147
83,83,EXTERNAL_SAMPLE/0000083.png,origin_poisoned,poisoned,0,1,1,16.40719985961914,14.425639152526855,1.9815607070922852,0.8788459300994873,0.1211523562669754
84,84,EXTERNAL_SAMPLE/0000084.png,origin_poisoned,poisoned,0,1,1,18.8533935546875,12.399069786071777,6.454323768615723,0.998428463935852,0.0015712300082668662
85,85,EXTERNAL_SAMPLE/0000085.png,origin_poisoned,poisoned,0,1,1,17.941789627075195,16.178457260131836,1.7633323669433594,0.8536258935928345,0.14637336134910583
86,86,EXTERNAL_SAMPLE/0000086.png,origin_poisoned,poisoned,0,1,1,16.845136642456055,9.765202522277832,7.079934120178223,0.9991544485092163,0.0008411168237216771
87,87,EXTERNAL_SAMPLE/0000087.png,origin_poisoned,poisoned,0,1,1,16.45734214782715,9.023426055908203,7.433916091918945,0.9994066953659058,0.0005905185244046152
88,88,EXTERNAL_SAMPLE/0000088.png,origin_poisoned,poisoned,0,1,1,15.725921630859375,14.67483139038086,1.0510902404785156,0.7409742474555969,0.2590123116970062
89,89,EXTERNAL_SAMPLE/0000089.png,origin_poisoned,poisoned,0,1,1,21.491994857788086,10.647992134094238,10.844002723693848,0.9999804496765137,1.952095226442907e-05
90,90,EXTERNAL_SAMPLE/0000090.png,origin_poisoned,poisoned,0,1,1,18.690134048461914,5.467639923095703,13.222494125366211,0.9999979734420776,1.809434706956381e-06
91,91,EXTERNAL_SAMPLE/0000091.png,origin_poisoned,poisoned,0,1,1,20.268339157104492,10.682295799255371,9.586043357849121,0.9999309778213501,6.867589399917051e-05
92,92,EXTERNAL_SAMPLE/0000092.png,origin_poisoned,poisoned,0,1,1,18.553024291992188,3.7052979469299316,14.847726821899414,0.9999991655349731,3.5621633287519217e-07
93,93,EXTERNAL_SAMPLE/0000093.png,origin_poisoned,poisoned,0,1,1,18.632055282592773,12.861315727233887,5.770739555358887,0.9968921542167664,0.003107762662693858
94,94,EXTERNAL_SAMPLE/0000094.png,origin_poisoned,poisoned,0,1,1,17.96731185913086,3.4380109310150146,14.529300689697266,0.9999983310699463,4.897835310657683e-07
95,95,EXTERNAL_SAMPLE/0000095.png,origin_poisoned,poisoned,0,1,1,17.98206901550293,3.0376620292663574,14.944406509399414,0.9999947547912598,3.233883774100832e-07
96,96,EXTERNAL_SAMPLE/0000096.png,origin_poisoned,poisoned,0,1,1,17.467378616333008,13.334731101989746,4.132647514343262,0.9842116236686707,0.01578710414469242
97,97,EXTERNAL_SAMPLE/0000097.png,origin_poisoned,poisoned,0,1,1,18.987430572509766,12.647109985351562,6.340320587158203,0.9982380867004395,0.001760629122145474
98,98,EXTERNAL_SAMPLE/0000098.png,origin_poisoned,poisoned,0,1,1,17.254749298095703,9.98357105255127,7.271178245544434,0.9993010759353638,0.00069480633828789
99,99,EXTERNAL_SAMPLE/0000099.png,origin_poisoned,poisoned,0,1,1,18.70539665222168,5.943159103393555,12.762237548828125,0.9999935626983643,2.8670010578935035e-06
100,100,EXTERNAL_SAMPLE/0000100.png,origin_poisoned,poisoned,0,1,1,16.877479553222656,9.741180419921875,7.136299133300781,0.9991984963417053,0.0007950536091811955
101,101,EXTERNAL_SAMPLE/0000101.png,origin_poisoned,poisoned,0,1,1,20.32764434814453,2.769181966781616,17.558462142944336,0.9999998807907104,2.3684091132736285e-08
102,102,EXTERNAL_SAMPLE/0000102.png,origin_poisoned,poisoned,0,1,1,17.78235626220703,13.437016487121582,4.345339775085449,0.9871905446052551,0.012800999917089939
103,103,EXTERNAL_SAMPLE/0000103.png,origin_poisoned,poisoned,0,1,1,17.327730178833008,16.817739486694336,0.5099906921386719,0.624802827835083,0.37519484758377075
104,104,EXTERNAL_SAMPLE/0000104.png,origin_poisoned,poisoned,0,1,1,17.98029899597168,12.844332695007324,5.1359663009643555,0.9941518902778625,0.0058469707146286964
105,105,EXTERNAL_SAMPLE/0000105.png,origin_poisoned,poisoned,0,1,1,17.712549209594727,13.088273048400879,4.624276161193848,0.9902840256690979,0.009715433232486248
106,106,EXTERNAL_SAMPLE/0000106.png,origin_poisoned,poisoned,0,1,1,17.63470458984375,7.279561519622803,10.355142593383789,0.9999637603759766,3.182753425789997e-05
107,107,EXTERNAL_SAMPLE/0000107.png,origin_poisoned,poisoned,0,1,1,16.43490219116211,13.051297187805176,3.3836050033569336,0.9671871066093445,0.03281175717711449
108,108,EXTERNAL_SAMPLE/0000108.png,origin_poisoned,poisoned,0,1,1,18.66620445251465,11.989859580993652,6.676344871520996,0.9987408518791199,0.0012587894452735782
109,109,EXTERNAL_SAMPLE/0000109.png,origin_poisoned,poisoned,0,1,1,19.78378677368164,7.084454536437988,12.699332237243652,0.9999967813491821,3.0531539323419565e-06
110,110,EXTERNAL_SAMPLE/0000110.png,origin_poisoned,poisoned,0,1,1,17.890331268310547,12.471136093139648,5.419195175170898,0.9955884218215942,0.0044111646711826324
111,111,EXTERNAL_SAMPLE/0000111.png,origin_poisoned,poisoned,0,1,1,18.012847900390625,7.09951639175415,10.913331985473633,0.9999810457229614,1.821343721530866e-05
112,112,EXTERNAL_SAMPLE/0000112.png,origin_poisoned,poisoned,0,1,1,16.878755569458008,13.710963249206543,3.167792320251465,0.9596025943756104,0.04039584472775459
113,113,EXTERNAL_SAMPLE/0000113.png,origin_poisoned,poisoned,0,1,1,16.7171688079834,0.8475279808044434,15.869640350341797,0.9999963045120239,1.2820387951251178e-07
114,114,EXTERNAL_SAMPLE/0000114.png,origin_poisoned,poisoned,0,1,1,18.142730712890625,7.276856422424316,10.865874290466309,0.9999778270721436,1.909858110593632e-05
115,115,EXTERNAL_SAMPLE/0000115.png,origin_poisoned,poisoned,0,1,1,18.4291934967041,14.274857521057129,4.154335975646973,0.9845460653305054,0.0154536422342062
116,116,EXTERNAL_SAMPLE/0000116.png,origin_poisoned,poisoned,0,1,1,22.618133544921875,5.511489391326904,17.106643676757812,1.0,3.7211659531521946e-08
117,117,EXTERNAL_SAMPLE/0000117.png,origin_poisoned,poisoned,0,1,1,19.16866683959961,10.171867370605469,8.99679946899414,0.9998760223388672,0.0001237900578416884
118,118,EXTERNAL_SAMPLE/0000118.png,origin_poisoned,poisoned,0,1,1,18.74225425720215,10.062292098999023,8.679962158203125,0.9998288154602051,0.00016992840392049402
119,119,EXTERNAL_SAMPLE/0000119.png,origin_poisoned,poisoned,0,1,1,17.675073623657227,6.798344612121582,10.876729011535645,0.9999799728393555,1.8892433217843063e-05
120,120,EXTERNAL_SAMPLE/0000120.png,origin_poisoned,poisoned,0,1,1,18.14879035949707,9.85233211517334,8.29645824432373,0.9997487664222717,0.0002493359206710011
121,121,EXTERNAL_SAMPLE/0000121.png,origin_poisoned,poisoned,0,1,1,18.611820220947266,17.488019943237305,1.123800277709961,0.754692792892456,0.24530699849128723
122,122,EXTERNAL_SAMPLE/0000122.png,origin_poisoned,poisoned,0,1,1,15.988306045532227,14.251667976379395,1.736638069152832,0.8502564430236816,0.14973993599414825
123,123,EXTERNAL_SAMPLE/0000123.png,origin_poisoned,poisoned,0,1,1,18.512693405151367,15.071788787841797,3.4409046173095703,0.9689582586288452,0.031041249632835388
124,124,EXTERNAL_SAMPLE/0000124.png,origin_poisoned,poisoned,0,1,1,17.706153869628906,8.852959632873535,8.853194236755371,0.9998540878295898,0.0001429036055924371
125,125,EXTERNAL_SAMPLE/0000125.png,origin_poisoned,poisoned,0,1,1,17.931716918945312,9.441293716430664,8.490423202514648,0.9997929930686951,0.00020538376702461392
126,126,EXTERNAL_SAMPLE/0000126.png,origin_poisoned,poisoned,0,1,1,15.632728576660156,12.727322578430176,2.9054059982299805,0.9480851292610168,0.051885444670915604
127,127,EXTERNAL_SAMPLE/0000127.png,origin_poisoned,poisoned,0,1,1,16.934303283691406,7.8827595710754395,9.051544189453125,0.9998779296875,0.00011719559552147985
128,128,EXTERNAL_SAMPLE/0000128.png,origin_poisoned,poisoned,0,1,1,18.124784469604492,11.206988334655762,6.9177961349487305,0.9990096092224121,0.0009890288347378373
129,129,EXTERNAL_SAMPLE/0000129.png,origin_poisoned,poisoned,0,1,1,18.400426864624023,7.706422328948975,10.69400405883789,0.9999767541885376,2.2679994799545966e-05
130,130,EXTERNAL_SAMPLE/0000130.png,origin_poisoned,poisoned,0,1,1,17.455745697021484,8.630651473999023,8.825094223022461,0.9998518228530884,0.0001469758281018585
131,131,EXTERNAL_SAMPLE/0000131.png,origin_poisoned,poisoned,0,1,1,16.752233505249023,13.6643705368042,3.087862968444824,0.9563881754875183,0.04361062869429588
132,132,EXTERNAL_SAMPLE/0000132.png,origin_poisoned,poisoned,0,1,1,17.498586654663086,2.949307680130005,14.54927921295166,0.9999967813491821,4.800947408512002e-07
133,133,EXTERNAL_SAMPLE/0000133.png,origin_poisoned,poisoned,0,1,1,16.947072982788086,7.82167911529541,9.125393867492676,0.9998830556869507,0.00010885314986808226
134,134,EXTERNAL_SAMPLE/0000134.png,origin_poisoned,poisoned,0,1,1,16.841205596923828,14.635117530822754,2.206088066101074,0.9007944464683533,0.09920506179332733
135,135,EXTERNAL_SAMPLE/0000135.png,origin_poisoned,poisoned,0,1,1,16.74932861328125,14.450056076049805,2.2992725372314453,0.9088156819343567,0.0911831185221672
136,136,EXTERNAL_SAMPLE/0000136.png,origin_poisoned,poisoned,0,1,1,16.498212814331055,11.974257469177246,4.523955345153809,0.989258348941803,0.0107295336201787
137,137,EXTERNAL_SAMPLE/0000137.png,origin_poisoned,poisoned,0,1,1,16.843637466430664,6.437371253967285,10.406266212463379,0.9999675750732422,3.0241402782849036e-05
138,138,EXTERNAL_SAMPLE/0000138.png,origin_poisoned,poisoned,0,1,1,15.367438316345215,10.688050270080566,4.679388046264648,0.9907654523849487,0.009198954328894615
139,139,EXTERNAL_SAMPLE/0000139.png,origin_poisoned,poisoned,0,1,1,15.276517868041992,3.302401304244995,11.974116325378418,0.9999673366546631,6.305117040028563e-06
140,140,EXTERNAL_SAMPLE/0000140.png,origin_poisoned,poisoned,0,1,1,17.9442081451416,3.7058286666870117,14.23837947845459,0.9999977350234985,6.55163034934958e-07
141,141,EXTERNAL_SAMPLE/0000141.png,origin_poisoned,poisoned,0,1,1,15.816263198852539,7.694607734680176,8.121655464172363,0.9996941089630127,0.00029694565455429256
142,142,EXTERNAL_SAMPLE/0000142.png,origin_poisoned,poisoned,0,1,0,17.552343368530273,19.577783584594727,-2.025440216064453,0.11655762046575546,0.883442223072052
143,143,EXTERNAL_SAMPLE/0000143.png,origin_poisoned,poisoned,0,1,1,16.37689971923828,8.974603652954102,7.40229606628418,0.9993878602981567,0.0006094776326790452
144,144,EXTERNAL_SAMPLE/0000144.png,origin_poisoned,poisoned,0,1,1,17.299352645874023,15.317615509033203,1.9817371368408203,0.8788655996322632,0.1211337000131607
145,145,EXTERNAL_SAMPLE/0000145.png,origin_poisoned,poisoned,0,1,1,18.43764877319336,8.663251876831055,9.774396896362305,0.9999427795410156,5.688640885637142e-05
146,146,EXTERNAL_SAMPLE/0000146.png,origin_poisoned,poisoned,0,1,1,17.128273010253906,3.418337345123291,13.709936141967773,0.9999915361404419,1.1113394293715828e-06
147,147,EXTERNAL_SAMPLE/0000147.png,origin_poisoned,poisoned,0,1,1,20.142738342285156,3.5984270572662354,16.5443115234375,0.9999994039535522,6.529749896344583e-08
148,148,EXTERNAL_SAMPLE/0000148.png,origin_poisoned,poisoned,0,1,1,19.647706985473633,3.023599147796631,16.624107360839844,0.9999998807907104,6.028952270753507e-08
149,149,EXTERNAL_SAMPLE/0000149.png,origin_poisoned,poisoned,0,1,1,19.274913787841797,8.347413063049316,10.92750072479248,0.9999812841415405,1.795719981600996e-05
150,150,EXTERNAL_SAMPLE/0000150.png,origin_poisoned,poisoned,0,1,1,16.724796295166016,6.127166748046875,10.59762954711914,0.9999721050262451,2.4974446205305867e-05
151,151,EXTERNAL_SAMPLE/0000151.png,origin_poisoned,poisoned,0,1,1,16.961627960205078,2.3398547172546387,14.621772766113281,0.9999972581863403,4.4652273345491267e-07
152,152,EXTERNAL_SAMPLE/0000152.png,origin_poisoned,poisoned,0,1,1,16.701366424560547,13.226908683776855,3.4744577407836914,0.9699501395225525,0.030047724023461342
153,153,EXTERNAL_SAMPLE/0000153.png,origin_poisoned,poisoned,0,1,1,17.85324478149414,4.476497650146484,13.376747131347656,0.999995231628418,1.550781007608748e-06
154,154,EXTERNAL_SAMPLE/0000154.png,origin_poisoned,poisoned,0,1,1,20.78129005432129,11.824381828308105,8.956908226013184,0.9998711347579956,0.00012882739247288555
155,155,EXTERNAL_SAMPLE/0000155.png,origin_poisoned,poisoned,0,1,1,18.847904205322266,13.961893081665039,4.886011123657227,0.992504358291626,0.007494880817830563
156,156,EXTERNAL_SAMPLE/0000156.png,origin_poisoned,poisoned,0,1,1,17.213109970092773,6.691219329833984,10.521890640258789,0.999971866607666,2.693945134524256e-05
157,157,EXTERNAL_SAMPLE/0000157.png,origin_poisoned,poisoned,0,1,1,15.938813209533691,12.954493522644043,2.9843196868896484,0.9518585801124573,0.04813920333981514
158,158,EXTERNAL_SAMPLE/0000158.png,origin_poisoned,poisoned,0,1,1,17.692169189453125,14.612244606018066,3.0799245834350586,0.9560562968254089,0.043942950665950775
159,159,EXTERNAL_SAMPLE/0000159.png,origin_poisoned,poisoned,0,1,1,16.69096565246582,6.512297630310059,10.178668022155762,0.99983811378479,3.796560486080125e-05
160,160,EXTERNAL_SAMPLE/0000160.png,origin_poisoned,poisoned,0,1,1,17.056596755981445,4.970888137817383,12.085708618164062,0.9999897480010986,5.639479240926448e-06
161,161,EXTERNAL_SAMPLE/0000161.png,origin_poisoned,poisoned,0,1,1,19.415252685546875,2.530913829803467,16.88433837890625,0.9999998807907104,4.647559492809705e-08
162,162,EXTERNAL_SAMPLE/0000162.png,origin_poisoned,poisoned,0,1,1,20.23004722595215,2.526432752609253,17.703615188598633,1.0,2.0484133500531243e-08
163,163,EXTERNAL_SAMPLE/0000163.png,origin_poisoned,poisoned,0,1,1,17.528553009033203,5.11515474319458,12.413398742675781,0.9999943971633911,4.0637501115270425e-06
164,164,EXTERNAL_SAMPLE/0000164.png,origin_poisoned,poisoned,0,1,1,18.562162399291992,12.162786483764648,6.399375915527344,0.9983398914337158,0.0016598344082012773
165,165,EXTERNAL_SAMPLE/0000165.png,origin_poisoned,poisoned,0,1,1,16.5142765045166,10.342974662780762,6.17130184173584,0.9979133009910583,0.002084157196804881
166,166,EXTERNAL_SAMPLE/0000166.png,origin_poisoned,poisoned,0,1,1,16.949560165405273,5.418463706970215,11.531096458435059,0.9999890327453613,9.819824299484026e-06
167,167,EXTERNAL_SAMPLE/0000167.png,origin_poisoned,poisoned,0,1,1,19.98820686340332,10.57967472076416,9.40853214263916,0.9999179840087891,8.201452874345705e-05
168,168,EXTERNAL_SAMPLE/0000168.png,origin_poisoned,poisoned,0,1,1,21.5477352142334,16.100717544555664,5.447017669677734,0.9957093000411987,0.004290647804737091
169,169,EXTERNAL_SAMPLE/0000169.png,origin_poisoned,poisoned,0,1,1,17.479948043823242,6.514505863189697,10.965442657470703,0.9999754428863525,1.728853203530889e-05
170,170,EXTERNAL_SAMPLE/0000170.png,origin_poisoned,poisoned,0,1,1,21.221067428588867,7.839850902557373,13.381216049194336,0.9999984502792358,1.543871235298866e-06
171,171,EXTERNAL_SAMPLE/0000171.png,origin_poisoned,poisoned,0,1,1,16.721012115478516,2.858604907989502,13.862407684326172,0.9999951124191284,9.541809049551375e-07
172,172,EXTERNAL_SAMPLE/0000172.png,origin_poisoned,poisoned,0,1,1,17.378572463989258,14.40912914276123,2.9694433212280273,0.9511737823486328,0.04882553592324257
173,173,EXTERNAL_SAMPLE/0000173.png,origin_poisoned,poisoned,0,1,1,16.994548797607422,9.653915405273438,7.340633392333984,0.999311089515686,0.0006481926538981497
174,174,EXTERNAL_SAMPLE/0000174.png,origin_poisoned,poisoned,0,1,1,16.022417068481445,1.6154831647872925,14.406933784484863,0.999993085861206,5.535351306207303e-07
175,175,EXTERNAL_SAMPLE/0000175.png,origin_poisoned,poisoned,0,1,1,16.3841495513916,6.791173934936523,9.592975616455078,0.9999278783798218,6.820124690420926e-05
176,176,EXTERNAL_SAMPLE/0000176.png,origin_poisoned,poisoned,0,1,1,18.238861083984375,7.832376956939697,10.406484603881836,0.9999685287475586,3.0234827136155218e-05
177,177,EXTERNAL_SAMPLE/0000177.png,origin_poisoned,poisoned,0,1,1,19.087562561035156,15.73243236541748,3.355130195617676,0.9662720561027527,0.033727556467056274
178,178,EXTERNAL_SAMPLE/0000178.png,origin_poisoned,poisoned,0,1,1,18.029569625854492,13.922628402709961,4.106941223144531,0.9838075041770935,0.016191542148590088
179,179,EXTERNAL_SAMPLE/0000179.png,origin_poisoned,poisoned,0,1,1,16.095874786376953,13.775980949401855,2.3198938369750977,0.9105081558227539,0.08948840200901031
180,180,EXTERNAL_SAMPLE/0000180.png,origin_poisoned,poisoned,0,1,1,17.002727508544922,6.979755401611328,10.022972106933594,0.9999521970748901,4.436676317709498e-05
181,181,EXTERNAL_SAMPLE/0000181.png,origin_poisoned,poisoned,0,1,1,16.356428146362305,11.962315559387207,4.394112586975098,0.9877890944480896,0.012199032120406628
182,182,EXTERNAL_SAMPLE/0000182.png,origin_poisoned,poisoned,0,1,1,17.032913208007812,10.095426559448242,6.93748664855957,0.9990284442901611,0.000969763204921037
183,183,EXTERNAL_SAMPLE/0000183.png,origin_poisoned,poisoned,0,1,1,18.739521026611328,14.085935592651367,4.653585433959961,0.990562379360199,0.00943746417760849
184,184,EXTERNAL_SAMPLE/0000184.png,origin_poisoned,poisoned,0,1,1,17.50774383544922,3.951835870742798,13.555908203125,0.9999980926513672,1.2964119378011674e-06
185,185,EXTERNAL_SAMPLE/0000185.png,origin_poisoned,poisoned,0,1,1,19.47649574279785,5.938826560974121,13.53766918182373,0.9999985694885254,1.3202748050389346e-06
186,186,EXTERNAL_SAMPLE/0000186.png,origin_poisoned,poisoned,0,1,1,17.746505737304688,9.992493629455566,7.754012107849121,0.9995694756507874,0.0004288331256248057
187,187,EXTERNAL_SAMPLE/0000187.png,origin_poisoned,poisoned,0,1,1,17.645788192749023,9.033417701721191,8.612370491027832,0.9998177886009216,0.0001818091986933723
188,188,EXTERNAL_SAMPLE/0000188.png,origin_poisoned,poisoned,0,1,1,17.31064796447754,3.102207899093628,14.208439826965332,0.9999966621398926,6.750742045369407e-07
189,189,EXTERNAL_SAMPLE/0000189.png,origin_poisoned,poisoned,0,1,1,15.857385635375977,2.6170854568481445,13.240300178527832,0.9995602965354919,1.7767227973308763e-06
190,190,EXTERNAL_SAMPLE/0000190.png,origin_poisoned,poisoned,0,1,1,16.803068161010742,11.003607749938965,5.799460411071777,0.9969755411148071,0.003020027419552207
191,191,EXTERNAL_SAMPLE/0000191.png,origin_poisoned,poisoned,0,1,1,16.879791259765625,8.446799278259277,8.432991981506348,0.999776303768158,0.00021752086468040943
192,192,EXTERNAL_SAMPLE/0000192.png,origin_poisoned,poisoned,0,1,1,14.778648376464844,8.61253833770752,6.166110038757324,0.997829258441925,0.0020948294550180435
193,193,EXTERNAL_SAMPLE/0000193.png,origin_poisoned,poisoned,0,1,1,14.88790225982666,7.543650150299072,7.344252109527588,0.9992864727973938,0.0006458353600464761
194,194,EXTERNAL_SAMPLE/0000194.png,origin_poisoned,poisoned,0,1,1,17.83884620666504,11.699049949645996,6.139796257019043,0.9978488683700562,0.0021507262717932463
195,195,EXTERNAL_SAMPLE/0000195.png,origin_poisoned,poisoned,0,1,1,20.83449363708496,7.310542106628418,13.523951530456543,0.9999984502792358,1.3385106285568327e-06
196,196,EXTERNAL_SAMPLE/0000196.png,origin_poisoned,poisoned,0,1,1,19.092233657836914,8.310991287231445,10.781242370605469,0.9999788999557495,2.0785322703886777e-05
197,197,EXTERNAL_SAMPLE/0000197.png,origin_poisoned,poisoned,0,1,1,17.762006759643555,6.625593185424805,11.13641357421875,0.9999845027923584,1.4571703104593325e-05
198,198,EXTERNAL_SAMPLE/0000198.png,origin_poisoned,poisoned,0,1,1,15.962678909301758,7.186214447021484,8.776464462280273,0.9998419284820557,0.0001542983518447727
199,199,EXTERNAL_SAMPLE/0000199.png,origin_poisoned,poisoned,0,1,1,16.814125061035156,2.506180763244629,14.307944297790527,0.9999949932098389,6.111341690484551e-07
200,200,EXTERNAL_SAMPLE/0000200.png,origin_poisoned,poisoned,0,1,1,16.933975219726562,8.105067253112793,8.82890796661377,0.9998518228530884,0.00014641637972090393
201,201,EXTERNAL_SAMPLE/0000201.png,origin_poisoned,poisoned,0,1,1,17.401790618896484,6.472330093383789,10.929460525512695,0.9999810457229614,1.7922036931850016e-05
202,202,EXTERNAL_SAMPLE/0000202.png,origin_poisoned,poisoned,0,1,1,17.230186462402344,11.305804252624512,5.924382209777832,0.9973297119140625,0.002666319953277707
203,203,EXTERNAL_SAMPLE/0000203.png,origin_poisoned,poisoned,0,1,1,18.101425170898438,13.05490779876709,5.046517372131348,0.993605375289917,0.006390565540641546
204,204,EXTERNAL_SAMPLE/0000204.png,origin_poisoned,poisoned,0,1,1,18.493717193603516,7.174574851989746,11.31914234161377,0.9999828338623047,1.2138121746829711e-05
205,205,EXTERNAL_SAMPLE/0000205.png,origin_poisoned,poisoned,0,1,1,20.38099479675293,10.840229034423828,9.540765762329102,0.9999279975891113,7.185662252595648e-05
206,206,EXTERNAL_SAMPLE/0000206.png,origin_poisoned,poisoned,0,1,1,18.197437286376953,16.40117073059082,1.7962665557861328,0.8576934933662415,0.14230608940124512
207,207,EXTERNAL_SAMPLE/0000207.png,origin_poisoned,poisoned,0,1,1,18.12603759765625,7.940565586090088,10.18547248840332,0.9999611377716064,3.771278716158122e-05
208,208,EXTERNAL_SAMPLE/0000208.png,origin_poisoned,poisoned,0,1,1,17.369449615478516,9.778315544128418,7.591134071350098,0.9994915723800659,0.0005046513979323208
209,209,EXTERNAL_SAMPLE/0000209.png,origin_poisoned,poisoned,0,1,1,19.289199829101562,2.910621166229248,16.378578186035156,0.9999986886978149,7.706786675498734e-08
210,210,EXTERNAL_SAMPLE/0000210.png,origin_poisoned,poisoned,0,1,1,18.257137298583984,8.190542221069336,10.066595077514648,0.9999550580978394,4.2473082430660725e-05
211,211,EXTERNAL_SAMPLE/0000211.png,origin_poisoned,poisoned,0,1,1,17.83612060546875,10.208667755126953,7.627452850341797,0.9995129108428955,0.00048666232032701373
212,212,EXTERNAL_SAMPLE/0000212.png,origin_poisoned,poisoned,0,1,1,19.672542572021484,6.885228633880615,12.787313461303711,0.9999960660934448,2.7960093120782403e-06
213,213,EXTERNAL_SAMPLE/0000213.png,origin_poisoned,poisoned,0,1,1,18.049118041992188,6.7796950340271,11.26942253112793,0.9999868869781494,1.2756933756463695e-05
214,214,EXTERNAL_SAMPLE/0000214.png,origin_poisoned,poisoned,0,1,1,15.568107604980469,12.752222061157227,2.815885543823242,0.9435224533081055,0.05647141858935356
215,215,EXTERNAL_SAMPLE/0000215.png,origin_poisoned,poisoned,0,1,1,16.694068908691406,8.804071426391602,7.889997482299805,0.9996223449707031,0.0003743291017599404
216,216,EXTERNAL_SAMPLE/0000216.png,origin_poisoned,poisoned,0,1,1,17.208959579467773,8.844557762145996,8.364401817321777,0.9997658133506775,0.0002329618000658229
217,217,EXTERNAL_SAMPLE/0000217.png,origin_poisoned,poisoned,0,1,1,16.05129623413086,12.617318153381348,3.4339780807495117,0.9687322378158569,0.03124971129000187
218,218,EXTERNAL_SAMPLE/0000218.png,origin_poisoned,poisoned,0,1,1,17.41754722595215,12.381119728088379,5.0364274978637695,0.9935424327850342,0.006454962771385908
219,219,EXTERNAL_SAMPLE/0000219.png,origin_poisoned,poisoned,0,1,1,17.77500343322754,8.420897483825684,9.354105949401855,0.9999105930328369,8.660133607918397e-05
220,220,EXTERNAL_SAMPLE/0000220.png,origin_poisoned,poisoned,0,1,1,16.861778259277344,9.820737838745117,7.041040420532227,0.9991193413734436,0.0008744447259232402
221,221,EXTERNAL_SAMPLE/0000221.png,origin_poisoned,poisoned,0,1,1,16.650341033935547,10.845113754272461,5.805227279663086,0.9969947338104248,0.003002719022333622
222,222,EXTERNAL_SAMPLE/0000222.png,origin_poisoned,poisoned,0,1,1,17.38913345336914,12.733865737915039,4.655267715454102,0.9905761480331421,0.00942173320800066
223,223,EXTERNAL_SAMPLE/0000223.png,origin_poisoned,poisoned,0,1,1,17.595975875854492,11.103482246398926,6.492493629455566,0.9984862804412842,0.0015124741476029158
224,224,EXTERNAL_SAMPLE/0000224.png,origin_poisoned,poisoned,0,1,1,16.422582626342773,6.9879536628723145,9.434629440307617,0.9999160766601562,7.99016997916624e-05
225,225,EXTERNAL_SAMPLE/0000225.png,origin_poisoned,poisoned,0,1,1,19.118879318237305,4.491631031036377,14.627248764038086,0.9999929666519165,4.4408233179638046e-07
226,226,EXTERNAL_SAMPLE/0000226.png,origin_poisoned,poisoned,0,1,1,17.36785888671875,11.004467010498047,6.363391876220703,0.9982787370681763,0.001720544183626771
227,227,EXTERNAL_SAMPLE/0000227.png,origin_poisoned,poisoned,0,1,1,18.037893295288086,15.816618919372559,2.2212743759155273,0.9021428823471069,0.09785614907741547
228,228,EXTERNAL_SAMPLE/0000228.png,origin_poisoned,poisoned,0,1,1,19.297420501708984,10.187612533569336,9.109807968139648,0.9998891353607178,0.00011056369112338871
229,229,EXTERNAL_SAMPLE/0000229.png,origin_poisoned,poisoned,0,1,1,15.156847953796387,10.190553665161133,4.966294288635254,0.9930612444877625,0.006920569576323032
230,230,EXTERNAL_SAMPLE/0000230.png,origin_poisoned,poisoned,0,1,1,14.858813285827637,14.61340045928955,0.24541282653808594,0.5610335469245911,0.43894222378730774
231,231,EXTERNAL_SAMPLE/0000231.png,origin_poisoned,poisoned,0,1,1,17.563993453979492,6.285409450531006,11.278583526611328,0.9999866485595703,1.2640596651181113e-05
232,232,EXTERNAL_SAMPLE/0000232.png,origin_poisoned,poisoned,0,1,1,16.32118797302246,8.567686080932617,7.753501892089844,0.99956876039505,0.00042905163718387485
233,233,EXTERNAL_SAMPLE/0000233.png,origin_poisoned,poisoned,0,1,1,17.463420867919922,11.131614685058594,6.331806182861328,0.9982187151908875,0.0017756494926288724
234,234,EXTERNAL_SAMPLE/0000234.png,origin_poisoned,poisoned,0,1,1,16.52173614501953,7.577481746673584,8.944253921508789,0.9998646974563599,0.00013046713138464838
235,235,EXTERNAL_SAMPLE/0000235.png,origin_poisoned,poisoned,0,1,1,16.711191177368164,6.560216426849365,10.15097427368164,0.9999556541442871,3.903629840351641e-05
236,236,EXTERNAL_SAMPLE/0000236.png,origin_poisoned,poisoned,0,1,1,16.91106605529785,4.7525835037231445,12.158482551574707,0.9999910593032837,5.2436566875257995e-06
237,237,EXTERNAL_SAMPLE/0000237.png,origin_poisoned,poisoned,0,1,1,18.063613891601562,14.491124153137207,3.5724897384643555,0.9726786017417908,0.027318496257066727
238,238,EXTERNAL_SAMPLE/0000238.png,origin_poisoned,poisoned,0,1,1,16.696735382080078,5.920957088470459,10.775777816772461,0.9999768733978271,2.089917143166531e-05
239,239,EXTERNAL_SAMPLE/0000239.png,origin_poisoned,poisoned,0,1,1,16.478073120117188,4.360088348388672,12.117984771728516,0.9999840259552002,5.460333341034129e-06
240,240,EXTERNAL_SAMPLE/0000240.png,origin_poisoned,poisoned,0,1,1,22.458391189575195,9.785962104797363,12.672429084777832,0.9999969005584717,3.136408395221224e-06
241,241,EXTERNAL_SAMPLE/0000241.png,origin_poisoned,poisoned,0,1,1,18.677614212036133,7.088223934173584,11.58938980102539,0.9999880790710449,9.26375014387304e-06
242,242,EXTERNAL_SAMPLE/0000242.png,origin_poisoned,poisoned,0,1,1,17.59756088256836,14.112944602966309,3.484616279602051,0.9702455401420593,0.02975308708846569
243,243,EXTERNAL_SAMPLE/0000243.png,origin_poisoned,poisoned,0,1,1,17.560077667236328,15.938904762268066,1.6211729049682617,0.8349544405937195,0.1650427132844925
244,244,EXTERNAL_SAMPLE/0000244.png,origin_poisoned,poisoned,0,1,1,18.95685577392578,5.620774269104004,13.336081504821777,0.9999980926513672,1.615148903510999e-06
245,245,EXTERNAL_SAMPLE/0000245.png,origin_poisoned,poisoned,0,1,1,26.323209762573242,-0.17513319849967957,26.498342514038086,1.0,3.103959580683102e-12
246,246,EXTERNAL_SAMPLE/0000246.png,origin_poisoned,poisoned,0,1,1,18.01782989501953,11.526644706726074,6.491185188293457,0.9984850287437439,0.0015144523931667209
247,247,EXTERNAL_SAMPLE/0000247.png,origin_poisoned,poisoned,0,1,1,17.13706398010254,9.785016059875488,7.352047920227051,0.9993569254875183,0.0006408652989193797
248,248,EXTERNAL_SAMPLE/0000248.png,origin_poisoned,poisoned,0,1,1,15.939997673034668,10.962957382202148,4.9770402908325195,0.9931423664093018,0.006847158074378967
249,249,EXTERNAL_SAMPLE/0000249.png,origin_poisoned,poisoned,0,1,1,17.82145118713379,6.240215301513672,11.581235885620117,0.9999896287918091,9.339607458969112e-06
250,250,EXTERNAL_SAMPLE/0000250.png,origin_poisoned,poisoned,0,1,1,19.121883392333984,6.915899753570557,12.205984115600586,0.9999948740005493,5.000416877010139e-06
251,251,EXTERNAL_SAMPLE/0000251.png,origin_poisoned,poisoned,0,1,1,17.962505340576172,2.4666547775268555,15.495850563049316,0.9999984502792358,1.8631033071869751e-07
252,252,EXTERNAL_SAMPLE/0000252.png,origin_poisoned,poisoned,0,1,1,19.11445426940918,3.0256175994873047,16.088836669921875,0.9999953508377075,1.0296864871861544e-07
253,253,EXTERNAL_SAMPLE/0000253.png,origin_poisoned,poisoned,0,1,1,16.603534698486328,9.904106140136719,6.699428558349609,0.9987665414810181,0.001230096211656928
254,254,EXTERNAL_SAMPLE/0000254.png,origin_poisoned,poisoned,0,1,1,18.845054626464844,6.044164657592773,12.80088996887207,0.9999971389770508,2.758308937700349e-06
255,255,EXTERNAL_SAMPLE/0000255.png,origin_poisoned,poisoned,0,1,1,16.94651222229004,9.238972663879395,7.7075395584106445,0.9995478987693787,0.00044922271627001464
256,256,EXTERNAL_SAMPLE/0000256.png,origin_poisoned,poisoned,0,1,1,17.898168563842773,4.613924503326416,13.284244537353516,0.999996542930603,1.7010787587423692e-06
257,257,EXTERNAL_SAMPLE/0000257.png,origin_poisoned,poisoned,0,1,1,18.882051467895508,8.648226737976074,10.233824729919434,0.9999638795852661,3.5932771424995735e-05
258,258,EXTERNAL_SAMPLE/0000258.png,origin_poisoned,poisoned,0,1,1,18.200176239013672,10.218235969543457,7.981940269470215,0.9996546506881714,0.00034145807148888707
259,259,EXTERNAL_SAMPLE/0000259.png,origin_poisoned,poisoned,0,1,1,20.56598472595215,7.195528030395508,13.37045669555664,0.9999983310699463,1.5605717180733336e-06
260,260,EXTERNAL_SAMPLE/0000260.png,origin_poisoned,poisoned,0,1,1,15.678060531616211,2.8371846675872803,12.840875625610352,0.9999270439147949,2.650006081239553e-06
261,261,EXTERNAL_SAMPLE/0000261.png,origin_poisoned,poisoned,0,1,1,16.210796356201172,5.975613594055176,10.235182762145996,0.9999092817306519,3.588204344850965e-05
262,262,EXTERNAL_SAMPLE/0000262.png,origin_poisoned,poisoned,0,1,1,16.548870086669922,11.45306396484375,5.095806121826172,0.9939113855361938,0.006085092667490244
263,263,EXTERNAL_SAMPLE/0000263.png,origin_poisoned,poisoned,0,1,1,18.076141357421875,14.215798377990723,3.8603429794311523,0.979373037815094,0.020626354962587357
264,264,EXTERNAL_SAMPLE/0000264.png,origin_poisoned,poisoned,0,1,1,17.487098693847656,10.360013008117676,7.1270856857299805,0.9991970658302307,0.0008024115231819451
265,265,EXTERNAL_SAMPLE/0000265.png,origin_poisoned,poisoned,0,1,1,17.64525604248047,7.190595626831055,10.454660415649414,0.999967098236084,2.8812730306526646e-05
266,266,EXTERNAL_SAMPLE/0000266.png,origin_poisoned,poisoned,0,1,1,20.79033088684082,9.094837188720703,11.695493698120117,0.9999916553497314,8.331208846357185e-06
267,267,EXTERNAL_SAMPLE/0000267.png,origin_poisoned,poisoned,0,1,0,16.918697357177734,23.284772872924805,-6.36607551574707,0.0017159422859549522,0.9982840418815613
268,268,EXTERNAL_SAMPLE/0000268.png,origin_poisoned,poisoned,0,1,1,17.601442337036133,7.989753723144531,9.611688613891602,0.9999319314956665,6.693712930427864e-05
269,269,EXTERNAL_SAMPLE/0000269.png,origin_poisoned,poisoned,0,1,1,17.519819259643555,6.02910041809082,11.490718841552734,0.9999874830245972,1.022442211251473e-05
270,270,EXTERNAL_SAMPLE/0000270.png,origin_poisoned,poisoned,0,1,1,17.689361572265625,15.09337329864502,2.5959882736206055,0.930601954460144,0.0693969801068306
271,271,EXTERNAL_SAMPLE/0000271.png,origin_poisoned,poisoned,0,1,1,17.729570388793945,11.771435737609863,5.958134651184082,0.9974201917648315,0.0025780610740184784
272,272,EXTERNAL_SAMPLE/0000272.png,origin_poisoned,poisoned,0,1,1,20.32075309753418,5.66869592666626,14.652057647705078,0.9999905824661255,4.3319965925547876e-07
273,273,EXTERNAL_SAMPLE/0000273.png,origin_poisoned,poisoned,0,1,1,17.143709182739258,11.802468299865723,5.341240882873535,0.9952310919761658,0.004767080768942833
274,274,EXTERNAL_SAMPLE/0000274.png,origin_poisoned,poisoned,0,1,1,16.852699279785156,7.556028842926025,9.296670913696289,0.999903678894043,9.172027057502419e-05
275,275,EXTERNAL_SAMPLE/0000275.png,origin_poisoned,poisoned,0,1,1,17.36128807067871,9.4880952835083,7.87319278717041,0.9996178150177002,0.00038067103014327586
276,276,EXTERNAL_SAMPLE/0000276.png,origin_poisoned,poisoned,0,1,1,16.848522186279297,10.810702323913574,6.037819862365723,0.9976104497909546,0.0023810535203665495
277,277,EXTERNAL_SAMPLE/0000277.png,origin_poisoned,poisoned,0,1,1,15.18820571899414,3.0729968547821045,12.115208625793457,0.9989270567893982,5.469726147566689e-06
278,278,EXTERNAL_SAMPLE/0000278.png,origin_poisoned,poisoned,0,1,1,17.152925491333008,13.432302474975586,3.720623016357422,0.9763526320457458,0.02364616096019745
279,279,EXTERNAL_SAMPLE/0000279.png,origin_poisoned,poisoned,0,1,1,18.120712280273438,7.161128997802734,10.959583282470703,0.9999815225601196,1.7390233551850542e-05
280,280,EXTERNAL_SAMPLE/0000280.png,origin_poisoned,poisoned,0,1,1,17.876358032226562,6.639436721801758,11.236921310424805,0.9999849796295166,1.3178335393604357e-05
281,281,EXTERNAL_SAMPLE/0000281.png,origin_poisoned,poisoned,0,1,1,20.05707550048828,14.297362327575684,5.759713172912598,0.9968578815460205,0.0031421117018908262
282,282,EXTERNAL_SAMPLE/0000282.png,origin_poisoned,poisoned,0,1,1,18.060670852661133,10.14816665649414,7.912504196166992,0.9996305704116821,0.00036600130260922015
283,283,EXTERNAL_SAMPLE/0000283.png,origin_poisoned,poisoned,0,1,1,18.688568115234375,13.282710075378418,5.405858039855957,0.9955295920372009,0.004470126703381538
284,284,EXTERNAL_SAMPLE/0000284.png,origin_poisoned,poisoned,0,1,1,21.566314697265625,5.673130512237549,15.893184661865234,0.9999998807907104,1.2522110637291917e-07
285,285,EXTERNAL_SAMPLE/0000285.png,origin_poisoned,poisoned,0,1,1,18.868337631225586,8.225452423095703,10.642885208129883,0.9999758005142212,2.3869490178185515e-05
286,286,EXTERNAL_SAMPLE/0000286.png,origin_poisoned,poisoned,0,1,1,18.606197357177734,9.400054931640625,9.20614242553711,0.9998995065689087,0.0001004105870379135
287,287,EXTERNAL_SAMPLE/0000287.png,origin_poisoned,poisoned,0,1,0,18.1227970123291,18.556142807006836,-0.4333457946777344,0.39332759380340576,0.6066721677780151
288,288,EXTERNAL_SAMPLE/0000288.png,origin_poisoned,poisoned,0,1,1,17.452617645263672,6.2158918380737305,11.236725807189941,0.9999861717224121,1.3180928362999111e-05
289,289,EXTERNAL_SAMPLE/0000289.png,origin_poisoned,poisoned,0,1,0,17.551406860351562,20.111820220947266,-2.560413360595703,0.07173001766204834,0.9282699823379517
290,290,EXTERNAL_SAMPLE/0000290.png,origin_poisoned,poisoned,0,1,1,19.21735382080078,9.26094913482666,9.956404685974121,0.9999521970748901,4.7420668124686927e-05
291,291,EXTERNAL_SAMPLE/0000291.png,origin_poisoned,poisoned,0,1,1,18.93035125732422,13.0386381149292,5.8917131423950195,0.997245192527771,0.0027546307537704706
292,292,EXTERNAL_SAMPLE/0000292.png,origin_poisoned,poisoned,0,1,1,15.856023788452148,8.360551834106445,7.495471954345703,0.9994408488273621,0.0005552837974391878
293,293,EXTERNAL_SAMPLE/0000293.png,origin_poisoned,poisoned,0,1,1,18.00834083557129,3.8905396461486816,14.117801666259766,0.9999978542327881,7.391212761831412e-07
294,294,EXTERNAL_SAMPLE/0000294.png,origin_poisoned,poisoned,0,1,1,17.959867477416992,7.24146842956543,10.718399047851562,0.9999769926071167,2.213341576862149e-05
295,295,EXTERNAL_SAMPLE/0000295.png,origin_poisoned,poisoned,0,1,1,20.69192123413086,8.07641887664795,12.61550235748291,0.9999966621398926,3.3201329188159434e-06
296,296,EXTERNAL_SAMPLE/0000296.png,origin_poisoned,poisoned,0,1,1,18.567163467407227,17.850074768066406,0.7170886993408203,0.6719654202461243,0.32803431153297424
297,297,EXTERNAL_SAMPLE/0000297.png,origin_poisoned,poisoned,0,1,1,19.075572967529297,8.595534324645996,10.4800386428833,0.9999651908874512,2.8090658815926872e-05
298,298,EXTERNAL_SAMPLE/0000298.png,origin_poisoned,poisoned,0,1,1,15.751446723937988,14.989630699157715,0.7618160247802734,0.6817459464073181,0.31825122237205505
299,299,EXTERNAL_SAMPLE/0000299.png,origin_poisoned,poisoned,0,1,1,17.96876335144043,8.770796775817871,9.197966575622559,0.9998977184295654,0.00010123472020495683
300,300,EXTERNAL_SAMPLE/0000300.png,origin_poisoned,poisoned,0,1,1,17.020492553710938,4.08115291595459,12.939339637756348,0.9998733997344971,2.401381834715721e-06
301,301,EXTERNAL_SAMPLE/0000301.png,origin_poisoned,poisoned,0,1,1,17.110763549804688,15.758920669555664,1.3518428802490234,0.7944301962852478,0.2055690884590149
302,302,EXTERNAL_SAMPLE/0000302.png,origin_poisoned,poisoned,0,1,1,17.525060653686523,7.259803771972656,10.265256881713867,0.9999533891677856,3.482052488834597e-05
303,303,EXTERNAL_SAMPLE/0000303.png,origin_poisoned,poisoned,0,1,1,15.171053886413574,6.588973045349121,8.582080841064453,0.9987059831619263,0.00018719202489592135
304,304,EXTERNAL_SAMPLE/0000304.png,origin_poisoned,poisoned,0,1,1,19.33336639404297,12.710600852966309,6.62276554107666,0.9986718893051147,0.0013279822887852788
305,305,EXTERNAL_SAMPLE/0000305.png,origin_poisoned,poisoned,0,1,1,19.029359817504883,8.670979499816895,10.358380317687988,0.9999680519104004,3.172478318447247e-05
306,306,EXTERNAL_SAMPLE/0000306.png,origin_poisoned,poisoned,0,1,1,18.044912338256836,8.018545150756836,10.0263671875,0.9999501705169678,4.4216300011612475e-05
307,307,EXTERNAL_SAMPLE/0000307.png,origin_poisoned,poisoned,0,1,1,18.767658233642578,13.295096397399902,5.472561836242676,0.9958168864250183,0.004182886332273483
308,308,EXTERNAL_SAMPLE/0000308.png,origin_poisoned,poisoned,0,1,1,16.620590209960938,12.105305671691895,4.515284538269043,0.9891757369041443,0.010822069831192493
309,309,EXTERNAL_SAMPLE/0000309.png,origin_poisoned,poisoned,0,1,1,19.745025634765625,11.12222671508789,8.622798919677734,0.9998200535774231,0.00017992347420658916
310,310,EXTERNAL_SAMPLE/0000310.png,origin_poisoned,poisoned,0,1,1,17.838726043701172,7.21672248840332,10.622003555297852,0.9999467134475708,2.437245893815998e-05
311,311,EXTERNAL_SAMPLE/0000311.png,origin_poisoned,poisoned,0,1,1,18.48086929321289,10.45521068572998,8.02565860748291,0.9996728897094727,0.0003268576692789793
312,312,EXTERNAL_SAMPLE/0000312.png,origin_poisoned,poisoned,0,1,1,16.248991012573242,6.94162130355835,9.307369232177734,0.9997816681861877,9.073317050933838e-05
313,313,EXTERNAL_SAMPLE/0000313.png,origin_poisoned,poisoned,0,1,1,16.604440689086914,13.736241340637207,2.868199348449707,0.9462467432022095,0.05374786630272865
314,314,EXTERNAL_SAMPLE/0000314.png,origin_poisoned,poisoned,0,1,1,21.471641540527344,3.745664358139038,17.725976943969727,0.9999997615814209,2.0031153624699982e-08
315,315,EXTERNAL_SAMPLE/0000315.png,origin_poisoned,poisoned,0,1,1,18.394010543823242,9.452204704284668,8.941805839538574,0.9998680353164673,0.00013078736083116382
316,316,EXTERNAL_SAMPLE/0000316.png,origin_poisoned,poisoned,0,1,1,17.413066864013672,12.579410552978516,4.833656311035156,0.992099404335022,0.007894505746662617
317,317,EXTERNAL_SAMPLE/0000317.png,origin_poisoned,poisoned,0,1,1,18.110992431640625,7.056476593017578,11.054515838623047,0.9999666213989258,1.581503966008313e-05
318,318,EXTERNAL_SAMPLE/0000318.png,origin_poisoned,poisoned,0,1,1,17.755413055419922,8.959239959716797,8.796173095703125,0.9998471736907959,0.00015128790982998908
319,319,EXTERNAL_SAMPLE/0000319.png,origin_poisoned,poisoned,0,1,1,18.387083053588867,9.319464683532715,9.067618370056152,0.9998841285705566,0.00011532754433574155
320,320,EXTERNAL_SAMPLE/0000320.png,origin_poisoned,poisoned,0,1,1,15.571739196777344,4.851090431213379,10.720648765563965,0.9999583959579468,2.2083269868744537e-05
321,321,EXTERNAL_SAMPLE/0000321.png,origin_poisoned,poisoned,0,1,1,16.873350143432617,15.146050453186035,1.727299690246582,0.8490651249885559,0.15093302726745605
322,322,EXTERNAL_SAMPLE/0000322.png,origin_poisoned,poisoned,0,1,1,16.05569839477539,7.637726306915283,8.417972564697266,0.9997742772102356,0.00022081211500335485
323,323,EXTERNAL_SAMPLE/0000323.png,origin_poisoned,poisoned,0,1,1,17.624387741088867,9.213459968566895,8.410927772521973,0.9997770190238953,0.00022237381199374795
324,324,EXTERNAL_SAMPLE/0000324.png,origin_poisoned,poisoned,0,1,1,17.399486541748047,15.572216987609863,1.8272695541381836,0.861435055732727,0.13856369256973267
325,325,EXTERNAL_SAMPLE/0000325.png,origin_poisoned,poisoned,0,1,1,17.027099609375,11.349791526794434,5.677308082580566,0.9965873956680298,0.0034110795240849257
326,326,EXTERNAL_SAMPLE/0000326.png,origin_poisoned,poisoned,0,1,1,17.619691848754883,9.583924293518066,8.035767555236816,0.9996739625930786,0.00032357044983655214
327,327,EXTERNAL_SAMPLE/0000327.png,origin_poisoned,poisoned,0,1,1,17.817398071289062,4.637033939361572,13.180364608764648,0.999996542930603,1.8872912050937884e-06
328,328,EXTERNAL_SAMPLE/0000328.png,origin_poisoned,poisoned,0,1,1,18.189697265625,5.039918899536133,13.149778366088867,0.9999971389770508,1.9459093891782686e-06
329,329,EXTERNAL_SAMPLE/0000329.png,origin_poisoned,poisoned,0,1,1,17.278602600097656,8.216212272644043,9.062390327453613,0.9998824596405029,0.0001159318708232604
330,330,EXTERNAL_SAMPLE/0000330.png,origin_poisoned,poisoned,0,1,1,16.404193878173828,9.181822776794434,7.2223711013793945,0.9992654919624329,0.0007295330869965255
331,331,EXTERNAL_SAMPLE/0000331.png,origin_poisoned,poisoned,0,1,1,18.507286071777344,8.324736595153809,10.182549476623535,0.9999616146087646,3.782320345635526e-05
332,332,EXTERNAL_SAMPLE/0000332.png,origin_poisoned,poisoned,0,1,1,17.50613784790039,8.438982009887695,9.067155838012695,0.9998805522918701,0.00011538049875525758
333,333,EXTERNAL_SAMPLE/0000333.png,origin_poisoned,poisoned,0,1,1,18.60426139831543,9.02749252319336,9.57676887512207,0.9999303817749023,6.93157417117618e-05
334,334,EXTERNAL_SAMPLE/0000334.png,origin_poisoned,poisoned,0,1,0,15.761357307434082,17.13166618347168,-1.3703088760375977,0.20256957411766052,0.7974286675453186
335,335,EXTERNAL_SAMPLE/0000335.png,origin_poisoned,poisoned,0,1,1,16.983135223388672,15.442689895629883,1.540445327758789,0.8235281705856323,0.1764702945947647
336,336,EXTERNAL_SAMPLE/0000336.png,origin_poisoned,poisoned,0,1,1,18.019756317138672,11.967263221740723,6.052493095397949,0.9976529479026794,0.0023464709520339966
337,337,EXTERNAL_SAMPLE/0000337.png,origin_poisoned,poisoned,0,1,1,18.983333587646484,5.75205135345459,13.231282234191895,0.9999978542327881,1.793602564248431e-06
338,338,EXTERNAL_SAMPLE/0000338.png,origin_poisoned,poisoned,0,1,1,18.344757080078125,8.805693626403809,9.539063453674316,0.9999277591705322,7.19790332368575e-05
339,339,EXTERNAL_SAMPLE/0000339.png,origin_poisoned,poisoned,0,1,1,21.403837203979492,11.746217727661133,9.65761947631836,0.9999361038208008,6.393246439984068e-05
340,340,EXTERNAL_SAMPLE/0000340.png,origin_poisoned,poisoned,0,1,1,17.2635555267334,1.0443297624588013,16.21922492980957,0.9999970197677612,9.038134862748848e-08
341,341,EXTERNAL_SAMPLE/0000341.png,origin_poisoned,poisoned,0,1,1,19.59082794189453,15.281068801879883,4.309759140014648,0.9867413640022278,0.013258632272481918
342,342,EXTERNAL_SAMPLE/0000342.png,origin_poisoned,poisoned,0,1,1,17.56479263305664,5.952364921569824,11.612427711486816,0.9999520778656006,9.052445420820732e-06
343,343,EXTERNAL_SAMPLE/0000343.png,origin_poisoned,poisoned,0,1,1,17.343843460083008,14.73078441619873,2.6130590438842773,0.9316956996917725,0.06830255687236786
344,344,EXTERNAL_SAMPLE/0000344.png,origin_poisoned,poisoned,0,1,1,15.653985023498535,8.696558952331543,6.957426071166992,0.9990153312683105,0.0009506057249382138
345,345,EXTERNAL_SAMPLE/0000345.png,origin_poisoned,poisoned,0,1,1,17.156177520751953,13.908462524414062,3.2477149963378906,0.9625882506370544,0.0374089777469635
346,346,EXTERNAL_SAMPLE/0000346.png,origin_poisoned,poisoned,0,1,1,18.49909019470215,4.1079206466674805,14.391169548034668,0.9999938011169434,5.623306833513197e-07
347,347,EXTERNAL_SAMPLE/0000347.png,origin_poisoned,poisoned,0,1,1,17.566560745239258,12.807708740234375,4.758852005004883,0.9914950132369995,0.008502514101564884
348,348,EXTERNAL_SAMPLE/0000348.png,origin_poisoned,poisoned,0,1,1,16.962297439575195,10.308279991149902,6.654017448425293,0.9987120628356934,0.0012871739454567432
349,349,EXTERNAL_SAMPLE/0000349.png,origin_poisoned,poisoned,0,1,1,18.065187454223633,16.40293312072754,1.6622543334960938,0.8405395150184631,0.1594594419002533
350,350,EXTERNAL_SAMPLE/0000350.png,origin_poisoned,poisoned,0,1,1,18.63981819152832,13.026568412780762,5.613249778747559,0.9963634610176086,0.003635920351371169
351,351,EXTERNAL_SAMPLE/0000351.png,origin_poisoned,poisoned,0,1,1,17.736257553100586,4.064638614654541,13.671619415283203,0.9999511241912842,1.1547019767021993e-06
352,352,EXTERNAL_SAMPLE/0000352.png,origin_poisoned,poisoned,0,1,1,16.883352279663086,10.065217971801758,6.818134307861328,0.9989062547683716,0.001092563383281231
353,353,EXTERNAL_SAMPLE/0000353.png,origin_poisoned,poisoned,0,1,0,18.277265548706055,19.73893928527832,-1.4616737365722656,0.18821147084236145,0.8117885589599609
354,354,EXTERNAL_SAMPLE/0000354.png,origin_poisoned,poisoned,0,1,1,17.51234245300293,7.906915664672852,9.605426788330078,0.9999316930770874,6.735758506692946e-05
355,355,EXTERNAL_SAMPLE/0000355.png,origin_poisoned,poisoned,0,1,1,16.02935218811035,9.737872123718262,6.29148006439209,0.9981404542922974,0.0018485728651285172
356,356,EXTERNAL_SAMPLE/0000356.png,origin_poisoned,poisoned,0,1,1,21.000818252563477,12.438409805297852,8.562408447265625,0.9998088479042053,0.00019112179870717227
357,357,EXTERNAL_SAMPLE/0000357.png,origin_poisoned,poisoned,0,1,1,16.9951114654541,13.922380447387695,3.0727310180664062,0.9557521343231201,0.044246118515729904
358,358,EXTERNAL_SAMPLE/0000358.png,origin_poisoned,poisoned,0,1,1,19.28934097290039,13.904899597167969,5.384441375732422,0.9954328536987305,0.0045664506033062935
359,359,EXTERNAL_SAMPLE/0000359.png,origin_poisoned,poisoned,0,1,1,19.733612060546875,10.235822677612305,9.49778938293457,0.9999219179153442,7.50116232666187e-05
360,360,EXTERNAL_SAMPLE/0000360.png,origin_poisoned,poisoned,0,1,1,17.791400909423828,6.318094253540039,11.473306655883789,0.9999886751174927,1.0404023669252638e-05
361,361,EXTERNAL_SAMPLE/0000361.png,origin_poisoned,poisoned,0,1,1,17.192890167236328,10.622139930725098,6.5707502365112305,0.9985999464988708,0.001398785156197846
362,362,EXTERNAL_SAMPLE/0000362.png,origin_poisoned,poisoned,0,1,1,17.910776138305664,9.409820556640625,8.500955581665039,0.9997962117195129,0.00020323260105215013
363,363,EXTERNAL_SAMPLE/0000363.png,origin_poisoned,poisoned,0,1,1,17.523588180541992,3.546945571899414,13.976642608642578,0.9999963045120239,8.511765372531954e-07
364,364,EXTERNAL_SAMPLE/0000364.png,origin_poisoned,poisoned,0,1,1,17.440763473510742,9.972977638244629,7.467785835266113,0.9994229078292847,0.00057086197193712
365,365,EXTERNAL_SAMPLE/0000365.png,origin_poisoned,poisoned,0,1,1,16.076860427856445,8.108643531799316,7.968216896057129,0.9996484518051147,0.00034617417259141803
366,366,EXTERNAL_SAMPLE/0000366.png,origin_poisoned,poisoned,0,1,1,22.761276245117188,9.356156349182129,13.405119895935059,0.9999982118606567,1.5074039083629032e-06
367,367,EXTERNAL_SAMPLE/0000367.png,origin_poisoned,poisoned,0,1,1,17.909116744995117,6.410778045654297,11.49833869934082,0.9999895095825195,1.0146830391022377e-05
368,368,EXTERNAL_SAMPLE/0000368.png,origin_poisoned,poisoned,0,1,1,19.446687698364258,12.493061065673828,6.95362663269043,0.9990456700325012,0.0009542533080093563
369,369,EXTERNAL_SAMPLE/0000369.png,origin_poisoned,poisoned,0,1,1,19.961105346679688,4.579683780670166,15.38142204284668,0.9999996423721313,2.088974468961169e-07
370,370,EXTERNAL_SAMPLE/0000370.png,origin_poisoned,poisoned,0,1,1,25.283870697021484,9.33849811553955,15.945372581481934,0.9999998807907104,1.1885367712238804e-07
371,371,EXTERNAL_SAMPLE/0000371.png,origin_poisoned,poisoned,0,1,1,16.775449752807617,8.917744636535645,7.857705116271973,0.9996108412742615,0.000386609899578616
372,372,EXTERNAL_SAMPLE/0000372.png,origin_poisoned,poisoned,0,1,1,16.497962951660156,9.610395431518555,6.887567520141602,0.998975396156311,0.001019347459077835
373,373,EXTERNAL_SAMPLE/0000373.png,origin_poisoned,poisoned,0,1,1,17.408222198486328,6.8977437019348145,10.510478973388672,0.9999619722366333,2.7248366677667946e-05
374,374,EXTERNAL_SAMPLE/0000374.png,origin_poisoned,poisoned,0,1,1,17.15362548828125,9.296025276184082,7.857600212097168,0.9996119141578674,0.0003866508777718991
375,375,EXTERNAL_SAMPLE/0000375.png,origin_poisoned,poisoned,0,1,1,20.140819549560547,4.325324058532715,15.815495491027832,0.9999998807907104,1.3533730225390173e-07
376,376,EXTERNAL_SAMPLE/0000376.png,origin_poisoned,poisoned,0,1,1,17.55907440185547,10.793766021728516,6.765308380126953,0.9988466501235962,0.0011517618549987674
377,377,EXTERNAL_SAMPLE/0000377.png,origin_poisoned,poisoned,0,1,1,17.033634185791016,6.658928871154785,10.37470531463623,0.9999006986618042,3.1208983273245394e-05
378,378,EXTERNAL_SAMPLE/0000378.png,origin_poisoned,poisoned,0,1,1,15.644862174987793,11.85482406616211,3.7900381088256836,0.9778924584388733,0.022095227614045143
379,379,EXTERNAL_SAMPLE/0000379.png,origin_poisoned,poisoned,0,1,1,17.885421752929688,10.734289169311523,7.151132583618164,0.9992132186889648,0.0007833588751964271
380,380,EXTERNAL_SAMPLE/0000380.png,origin_poisoned,poisoned,0,1,1,18.973114013671875,17.72281265258789,1.2503013610839844,0.7773519158363342,0.22264793515205383
381,381,EXTERNAL_SAMPLE/0000381.png,origin_poisoned,poisoned,0,1,1,17.86344337463379,11.461929321289062,6.401514053344727,0.9983432292938232,0.0016562948003411293
382,382,EXTERNAL_SAMPLE/0000382.png,origin_poisoned,poisoned,0,1,1,17.666288375854492,8.082649230957031,9.583639144897461,0.9999291896820068,6.884108006488532e-05
383,383,EXTERNAL_SAMPLE/0000383.png,origin_poisoned,poisoned,0,1,1,16.366039276123047,6.644425392150879,9.721613883972168,0.9999353885650635,5.996926120133139e-05
384,384,EXTERNAL_SAMPLE/0000384.png,origin_poisoned,poisoned,0,1,1,17.148408889770508,11.45983600616455,5.688572883605957,0.9966260194778442,0.0033730005379766226
385,385,EXTERNAL_SAMPLE/0000385.png,origin_poisoned,poisoned,0,1,1,18.843921661376953,9.72861385345459,9.115307807922363,0.9998897314071655,0.00010995734919561073
386,386,EXTERNAL_SAMPLE/0000386.png,origin_poisoned,poisoned,0,1,1,20.334121704101562,11.992592811584473,8.34152889251709,0.9997615218162537,0.00023835069441702217
387,387,EXTERNAL_SAMPLE/0000387.png,origin_poisoned,poisoned,1,1,1,31.89708137512207,31.89708137512207,0.0,1.0,1.0
388,388,EXTERNAL_SAMPLE/0000388.png,origin_poisoned,poisoned,1,1,1,31.01195526123047,31.01195526123047,0.0,1.0,1.0
389,389,EXTERNAL_SAMPLE/0000389.png,origin_poisoned,poisoned,1,1,1,28.90945053100586,28.90945053100586,0.0,1.0,1.0
390,390,EXTERNAL_SAMPLE/0000390.png,origin_poisoned,poisoned,1,1,1,27.395933151245117,27.395933151245117,0.0,1.0,1.0
391,391,EXTERNAL_SAMPLE/0000391.png,origin_poisoned,poisoned,1,1,1,27.860069274902344,27.860069274902344,0.0,1.0,1.0
392,392,EXTERNAL_SAMPLE/0000392.png,origin_poisoned,poisoned,1,1,1,30.04269790649414,30.04269790649414,0.0,1.0,1.0
393,393,EXTERNAL_SAMPLE/0000393.png,origin_poisoned,poisoned,1,1,1,25.227867126464844,25.227867126464844,0.0,1.0,1.0
394,394,EXTERNAL_SAMPLE/0000394.png,origin_poisoned,poisoned,1,1,1,20.26555061340332,20.26555061340332,0.0,0.9999996423721313,0.9999996423721313
395,395,EXTERNAL_SAMPLE/0000395.png,origin_poisoned,poisoned,1,1,1,23.220178604125977,23.220178604125977,0.0,1.0,1.0
396,396,EXTERNAL_SAMPLE/0000396.png,origin_poisoned,poisoned,1,1,1,33.5048713684082,33.5048713684082,0.0,1.0,1.0
397,397,EXTERNAL_SAMPLE/0000397.png,origin_poisoned,poisoned,1,1,1,19.57836151123047,19.57836151123047,0.0,0.9999734163284302,0.9999734163284302
398,398,EXTERNAL_SAMPLE/0000398.png,origin_poisoned,poisoned,1,1,1,27.709461212158203,27.709461212158203,0.0,1.0,1.0
399,399,EXTERNAL_SAMPLE/0000399.png,origin_poisoned,poisoned,1,1,1,42.63985061645508,42.63985061645508,0.0,1.0,1.0
400,400,EXTERNAL_SAMPLE/0000400.png,origin_poisoned,poisoned,1,1,1,32.88274383544922,32.88274383544922,0.0,1.0,1.0
401,401,EXTERNAL_SAMPLE/0000401.png,origin_poisoned,poisoned,1,1,1,33.507415771484375,33.507415771484375,0.0,1.0,1.0
402,402,EXTERNAL_SAMPLE/0000402.png,origin_poisoned,poisoned,1,1,1,31.597347259521484,31.597347259521484,0.0,1.0,1.0
403,403,EXTERNAL_SAMPLE/0000403.png,origin_poisoned,poisoned,1,1,1,25.563838958740234,25.563838958740234,0.0,1.0,1.0
404,404,EXTERNAL_SAMPLE/0000404.png,origin_poisoned,poisoned,1,1,1,30.986896514892578,30.986896514892578,0.0,1.0,1.0
405,405,EXTERNAL_SAMPLE/0000405.png,origin_poisoned,poisoned,1,1,1,18.986305236816406,18.986305236816406,0.0,0.9999994039535522,0.9999994039535522
406,406,EXTERNAL_SAMPLE/0000406.png,origin_poisoned,poisoned,1,1,1,20.720571517944336,20.720571517944336,0.0,1.0,1.0
407,407,EXTERNAL_SAMPLE/0000407.png,origin_poisoned,poisoned,1,1,1,23.244678497314453,23.244678497314453,0.0,1.0,1.0
408,408,EXTERNAL_SAMPLE/0000408.png,origin_poisoned,poisoned,1,1,1,29.044931411743164,29.044931411743164,0.0,1.0,1.0
409,409,EXTERNAL_SAMPLE/0000409.png,origin_poisoned,poisoned,1,1,1,25.38983917236328,25.38983917236328,0.0,1.0,1.0
410,410,EXTERNAL_SAMPLE/0000410.png,origin_poisoned,poisoned,1,1,1,23.71624755859375,23.71624755859375,0.0,1.0,1.0
411,411,EXTERNAL_SAMPLE/0000411.png,origin_poisoned,poisoned,1,1,1,25.31768035888672,25.31768035888672,0.0,1.0,1.0
412,412,EXTERNAL_SAMPLE/0000412.png,origin_poisoned,poisoned,1,1,1,28.87029266357422,28.87029266357422,0.0,1.0,1.0
413,413,EXTERNAL_SAMPLE/0000413.png,origin_poisoned,poisoned,1,1,1,30.36569595336914,30.36569595336914,0.0,1.0,1.0
414,414,EXTERNAL_SAMPLE/0000414.png,origin_poisoned,poisoned,1,1,1,26.636795043945312,26.636795043945312,0.0,1.0,1.0
415,415,EXTERNAL_SAMPLE/0000415.png,origin_poisoned,poisoned,1,1,1,28.924551010131836,28.924551010131836,0.0,1.0,1.0
416,416,EXTERNAL_SAMPLE/0000416.png,origin_poisoned,poisoned,1,1,1,21.594280242919922,21.594280242919922,0.0,0.9999998807907104,0.9999998807907104
417,417,EXTERNAL_SAMPLE/0000417.png,origin_poisoned,poisoned,1,1,1,20.789209365844727,20.789209365844727,0.0,0.9999997615814209,0.9999997615814209
418,418,EXTERNAL_SAMPLE/0000418.png,origin_poisoned,poisoned,1,1,1,27.852474212646484,27.852474212646484,0.0,1.0,1.0
419,419,EXTERNAL_SAMPLE/0000419.png,origin_poisoned,poisoned,1,1,1,31.223772048950195,31.223772048950195,0.0,1.0,1.0
420,420,EXTERNAL_SAMPLE/0000420.png,origin_poisoned,poisoned,1,1,1,39.48631286621094,39.48631286621094,0.0,1.0,1.0
421,421,EXTERNAL_SAMPLE/0000421.png,origin_poisoned,poisoned,1,1,1,29.499889373779297,29.499889373779297,0.0,1.0,1.0
422,422,EXTERNAL_SAMPLE/0000422.png,origin_poisoned,poisoned,1,1,1,23.203723907470703,23.203723907470703,0.0,1.0,1.0
423,423,EXTERNAL_SAMPLE/0000423.png,origin_poisoned,poisoned,1,1,1,20.197834014892578,20.197834014892578,0.0,0.9999998807907104,0.9999998807907104
424,424,EXTERNAL_SAMPLE/0000424.png,origin_poisoned,poisoned,1,1,1,26.605857849121094,26.605857849121094,0.0,1.0,1.0
425,425,EXTERNAL_SAMPLE/0000425.png,origin_poisoned,poisoned,1,1,1,21.22469711303711,21.22469711303711,0.0,1.0,1.0
426,426,EXTERNAL_SAMPLE/0000426.png,origin_poisoned,poisoned,1,1,1,17.984678268432617,17.984678268432617,0.0,0.9999986886978149,0.9999986886978149
427,427,EXTERNAL_SAMPLE/0000427.png,origin_poisoned,poisoned,1,1,1,18.738515853881836,18.738515853881836,0.0,0.9999996423721313,0.9999996423721313
428,428,EXTERNAL_SAMPLE/0000428.png,origin_poisoned,poisoned,1,1,1,16.30835723876953,16.30835723876953,0.0,0.9994533658027649,0.9994533658027649
429,429,EXTERNAL_SAMPLE/0000429.png,origin_poisoned,poisoned,1,1,1,18.490480422973633,18.490480422973633,0.0,0.9999755620956421,0.9999755620956421
430,430,EXTERNAL_SAMPLE/0000430.png,origin_poisoned,poisoned,1,1,1,23.863643646240234,23.863643646240234,0.0,1.0,1.0
431,431,EXTERNAL_SAMPLE/0000431.png,origin_poisoned,poisoned,1,1,1,22.44316864013672,22.44316864013672,0.0,1.0,1.0
432,432,EXTERNAL_SAMPLE/0000432.png,origin_poisoned,poisoned,1,1,1,19.430105209350586,19.430105209350586,0.0,0.9999991655349731,0.9999991655349731
433,433,EXTERNAL_SAMPLE/0000433.png,origin_poisoned,poisoned,1,1,1,28.309904098510742,28.309904098510742,0.0,1.0,1.0
434,434,EXTERNAL_SAMPLE/0000434.png,origin_poisoned,poisoned,1,1,1,29.94782066345215,29.94782066345215,0.0,1.0,1.0
435,435,EXTERNAL_SAMPLE/0000435.png,origin_poisoned,poisoned,1,1,1,26.126785278320312,26.126785278320312,0.0,1.0,1.0
436,436,EXTERNAL_SAMPLE/0000436.png,origin_poisoned,poisoned,1,1,1,26.32115936279297,26.32115936279297,0.0,1.0,1.0
437,437,EXTERNAL_SAMPLE/0000437.png,origin_poisoned,poisoned,1,1,1,19.554014205932617,19.554014205932617,0.0,0.9999996423721313,0.9999996423721313
438,438,EXTERNAL_SAMPLE/0000438.png,origin_poisoned,poisoned,1,1,1,22.805103302001953,22.805103302001953,0.0,1.0,1.0
439,439,EXTERNAL_SAMPLE/0000439.png,origin_poisoned,poisoned,1,1,1,20.605789184570312,20.605789184570312,0.0,0.9999998807907104,0.9999998807907104
440,440,EXTERNAL_SAMPLE/0000440.png,origin_poisoned,poisoned,1,1,1,24.015867233276367,24.015867233276367,0.0,1.0,1.0
441,441,EXTERNAL_SAMPLE/0000441.png,origin_poisoned,poisoned,1,1,1,25.00139617919922,25.00139617919922,0.0,1.0,1.0
442,442,EXTERNAL_SAMPLE/0000442.png,origin_poisoned,poisoned,1,1,1,40.68460464477539,40.68460464477539,0.0,1.0,1.0
443,443,EXTERNAL_SAMPLE/0000443.png,origin_poisoned,poisoned,1,1,1,28.63564682006836,28.63564682006836,0.0,1.0,1.0
444,444,EXTERNAL_SAMPLE/0000444.png,origin_poisoned,poisoned,1,1,1,22.73961639404297,22.73961639404297,0.0,1.0,1.0
445,445,EXTERNAL_SAMPLE/0000445.png,origin_poisoned,poisoned,1,1,1,31.558198928833008,31.558198928833008,0.0,1.0,1.0
446,446,EXTERNAL_SAMPLE/0000446.png,origin_poisoned,poisoned,1,1,1,18.346424102783203,18.346424102783203,0.0,0.9999994039535522,0.9999994039535522
447,447,EXTERNAL_SAMPLE/0000447.png,origin_poisoned,poisoned,1,1,1,27.820432662963867,27.820432662963867,0.0,1.0,1.0
448,448,EXTERNAL_SAMPLE/0000448.png,origin_poisoned,poisoned,1,1,1,25.31743812561035,25.31743812561035,0.0,1.0,1.0
449,449,EXTERNAL_SAMPLE/0000449.png,origin_poisoned,poisoned,1,1,1,28.88511848449707,28.88511848449707,0.0,1.0,1.0
450,450,EXTERNAL_SAMPLE/0000450.png,origin_poisoned,poisoned,1,1,1,35.00204849243164,35.00204849243164,0.0,1.0,1.0
451,451,EXTERNAL_SAMPLE/0000451.png,origin_poisoned,poisoned,1,1,1,25.943429946899414,25.943429946899414,0.0,1.0,1.0
452,452,EXTERNAL_SAMPLE/0000452.png,origin_poisoned,poisoned,1,1,1,19.71515655517578,19.71515655517578,0.0,0.9999996423721313,0.9999996423721313
453,453,EXTERNAL_SAMPLE/0000453.png,origin_poisoned,poisoned,1,1,1,28.527523040771484,28.527523040771484,0.0,1.0,1.0
454,454,EXTERNAL_SAMPLE/0000454.png,origin_poisoned,poisoned,1,1,1,22.19502067565918,22.19502067565918,0.0,1.0,1.0
455,455,EXTERNAL_SAMPLE/0000455.png,origin_poisoned,poisoned,1,1,1,36.3665885925293,36.3665885925293,0.0,1.0,1.0
456,456,EXTERNAL_SAMPLE/0000456.png,origin_poisoned,poisoned,1,1,1,21.76031494140625,21.76031494140625,0.0,0.9999998807907104,0.9999998807907104
457,457,EXTERNAL_SAMPLE/0000457.png,origin_poisoned,poisoned,1,1,1,28.57761001586914,28.57761001586914,0.0,1.0,1.0
458,458,EXTERNAL_SAMPLE/0000458.png,origin_poisoned,poisoned,1,1,1,23.03675079345703,23.03675079345703,0.0,1.0,1.0
459,459,EXTERNAL_SAMPLE/0000459.png,origin_poisoned,poisoned,1,1,1,26.09267807006836,26.09267807006836,0.0,1.0,1.0
460,460,EXTERNAL_SAMPLE/0000460.png,origin_poisoned,poisoned,1,1,1,22.12214469909668,22.12214469909668,0.0,1.0,1.0
461,461,EXTERNAL_SAMPLE/0000461.png,origin_poisoned,poisoned,1,1,1,25.983980178833008,25.983980178833008,0.0,1.0,1.0
462,462,EXTERNAL_SAMPLE/0000462.png,origin_poisoned,poisoned,1,1,1,30.516313552856445,30.516313552856445,0.0,1.0,1.0
463,463,EXTERNAL_SAMPLE/0000463.png,origin_poisoned,poisoned,1,1,1,25.05901336669922,25.05901336669922,0.0,1.0,1.0
464,464,EXTERNAL_SAMPLE/0000464.png,origin_poisoned,poisoned,1,1,1,34.551326751708984,34.551326751708984,0.0,1.0,1.0
465,465,EXTERNAL_SAMPLE/0000465.png,origin_poisoned,poisoned,1,1,1,28.892349243164062,28.892349243164062,0.0,1.0,1.0
466,466,EXTERNAL_SAMPLE/0000466.png,origin_poisoned,poisoned,1,1,1,16.28728485107422,16.28728485107422,0.0,0.9999958276748657,0.9999958276748657
467,467,EXTERNAL_SAMPLE/0000467.png,origin_poisoned,poisoned,1,1,1,19.231534957885742,19.231534957885742,0.0,0.9999988079071045,0.9999988079071045
468,468,EXTERNAL_SAMPLE/0000468.png,origin_poisoned,poisoned,1,1,1,33.93168640136719,33.93168640136719,0.0,1.0,1.0
469,469,EXTERNAL_SAMPLE/0000469.png,origin_poisoned,poisoned,1,1,1,30.4746150970459,30.4746150970459,0.0,1.0,1.0
470,470,EXTERNAL_SAMPLE/0000470.png,origin_poisoned,poisoned,1,1,1,20.743209838867188,20.743209838867188,0.0,0.9999995231628418,0.9999995231628418
471,471,EXTERNAL_SAMPLE/0000471.png,origin_poisoned,poisoned,1,1,1,25.625003814697266,25.625003814697266,0.0,1.0,1.0
472,472,EXTERNAL_SAMPLE/0000472.png,origin_poisoned,poisoned,1,1,1,26.203393936157227,26.203393936157227,0.0,1.0,1.0
473,473,EXTERNAL_SAMPLE/0000473.png,origin_poisoned,poisoned,1,1,1,35.00681686401367,35.00681686401367,0.0,1.0,1.0
474,474,EXTERNAL_SAMPLE/0000474.png,origin_poisoned,poisoned,1,1,1,36.58406066894531,36.58406066894531,0.0,1.0,1.0
475,475,EXTERNAL_SAMPLE/0000475.png,origin_poisoned,poisoned,1,1,1,21.927051544189453,21.927051544189453,0.0,0.9999961853027344,0.9999961853027344
476,476,EXTERNAL_SAMPLE/0000476.png,origin_poisoned,poisoned,1,1,1,27.423030853271484,27.423030853271484,0.0,1.0,1.0
477,477,EXTERNAL_SAMPLE/0000477.png,origin_poisoned,poisoned,1,1,1,27.88920021057129,27.88920021057129,0.0,1.0,1.0
478,478,EXTERNAL_SAMPLE/0000478.png,origin_poisoned,poisoned,1,1,1,19.531435012817383,19.531435012817383,0.0,0.9999982118606567,0.9999982118606567
479,479,EXTERNAL_SAMPLE/0000479.png,origin_poisoned,poisoned,1,1,1,39.79194641113281,39.79194641113281,0.0,1.0,1.0
480,480,EXTERNAL_SAMPLE/0000480.png,origin_poisoned,poisoned,1,1,1,33.16195297241211,33.16195297241211,0.0,1.0,1.0
481,481,EXTERNAL_SAMPLE/0000481.png,origin_poisoned,poisoned,1,1,1,31.028226852416992,31.028226852416992,0.0,1.0,1.0
482,482,EXTERNAL_SAMPLE/0000482.png,origin_poisoned,poisoned,1,1,1,21.197412490844727,21.197412490844727,0.0,0.9999992847442627,0.9999992847442627
483,483,EXTERNAL_SAMPLE/0000483.png,origin_poisoned,poisoned,1,1,1,28.456710815429688,28.456710815429688,0.0,1.0,1.0
484,484,EXTERNAL_SAMPLE/0000484.png,origin_poisoned,poisoned,1,1,1,30.878942489624023,30.878942489624023,0.0,1.0,1.0
485,485,EXTERNAL_SAMPLE/0000485.png,origin_poisoned,poisoned,1,1,1,36.7893180847168,36.7893180847168,0.0,1.0,1.0
486,486,EXTERNAL_SAMPLE/0000486.png,origin_poisoned,poisoned,1,1,1,19.83580780029297,19.83580780029297,0.0,0.9999991655349731,0.9999991655349731
487,487,EXTERNAL_SAMPLE/0000487.png,origin_poisoned,poisoned,1,1,1,22.34210205078125,22.34210205078125,0.0,1.0,1.0
488,488,EXTERNAL_SAMPLE/0000488.png,origin_poisoned,poisoned,1,1,1,24.9643497467041,24.9643497467041,0.0,1.0,1.0
489,489,EXTERNAL_SAMPLE/0000489.png,origin_poisoned,poisoned,1,1,1,27.135406494140625,27.135406494140625,0.0,1.0,1.0
490,490,EXTERNAL_SAMPLE/0000490.png,origin_poisoned,poisoned,1,1,1,30.466934204101562,30.466934204101562,0.0,1.0,1.0
491,491,EXTERNAL_SAMPLE/0000491.png,origin_poisoned,poisoned,1,1,1,28.381738662719727,28.381738662719727,0.0,1.0,1.0
492,492,EXTERNAL_SAMPLE/0000492.png,origin_poisoned,poisoned,1,1,1,29.92485809326172,29.92485809326172,0.0,1.0,1.0
493,493,EXTERNAL_SAMPLE/0000493.png,origin_poisoned,poisoned,1,1,1,25.69447898864746,25.69447898864746,0.0,1.0,1.0
494,494,EXTERNAL_SAMPLE/0000494.png,origin_poisoned,poisoned,1,1,1,27.9949893951416,27.9949893951416,0.0,1.0,1.0
495,495,EXTERNAL_SAMPLE/0000495.png,origin_poisoned,poisoned,1,1,1,27.783573150634766,27.783573150634766,0.0,1.0,1.0
496,496,EXTERNAL_SAMPLE/0000496.png,origin_poisoned,poisoned,1,1,1,42.584075927734375,42.584075927734375,0.0,1.0,1.0
497,497,EXTERNAL_SAMPLE/0000497.png,origin_poisoned,poisoned,1,1,1,20.979358673095703,20.979358673095703,0.0,0.9999998807907104,0.9999998807907104
498,498,EXTERNAL_SAMPLE/0000498.png,origin_poisoned,poisoned,1,1,1,28.509401321411133,28.509401321411133,0.0,1.0,1.0
499,499,EXTERNAL_SAMPLE/0000499.png,origin_poisoned,poisoned,1,1,1,27.955087661743164,27.955087661743164,0.0,1.0,1.0
500,500,EXTERNAL_SAMPLE/0000500.png,origin_poisoned,poisoned,1,1,1,26.694427490234375,26.694427490234375,0.0,1.0,1.0
501,501,EXTERNAL_SAMPLE/0000501.png,origin_poisoned,poisoned,1,1,1,23.950407028198242,23.950407028198242,0.0,1.0,1.0
502,502,EXTERNAL_SAMPLE/0000502.png,origin_poisoned,poisoned,1,1,1,23.63164710998535,23.63164710998535,0.0,1.0,1.0
503,503,EXTERNAL_SAMPLE/0000503.png,origin_poisoned,poisoned,1,1,1,23.551313400268555,23.551313400268555,0.0,1.0,1.0
504,504,EXTERNAL_SAMPLE/0000504.png,origin_poisoned,poisoned,1,1,1,26.75373077392578,26.75373077392578,0.0,1.0,1.0
505,505,EXTERNAL_SAMPLE/0000505.png,origin_poisoned,poisoned,1,1,1,32.157493591308594,32.157493591308594,0.0,1.0,1.0
506,506,EXTERNAL_SAMPLE/0000506.png,origin_poisoned,poisoned,1,1,1,26.257667541503906,26.257667541503906,0.0,1.0,1.0
507,507,EXTERNAL_SAMPLE/0000507.png,origin_poisoned,poisoned,1,1,1,40.76752853393555,40.76752853393555,0.0,1.0,1.0
508,508,EXTERNAL_SAMPLE/0000508.png,origin_poisoned,poisoned,1,1,1,23.51344871520996,23.51344871520996,0.0,1.0,1.0
509,509,EXTERNAL_SAMPLE/0000509.png,origin_poisoned,poisoned,1,1,1,33.37311553955078,33.37311553955078,0.0,1.0,1.0
510,510,EXTERNAL_SAMPLE/0000510.png,origin_poisoned,poisoned,1,1,1,24.166807174682617,24.166807174682617,0.0,0.9999995231628418,0.9999995231628418
511,511,EXTERNAL_SAMPLE/0000511.png,origin_poisoned,poisoned,1,1,1,28.184783935546875,28.184783935546875,0.0,1.0,1.0
0,0,EXTERNAL_SAMPLE/0000000.png,degradation_clean,clean,0,1,0,1.7437844276428223,7.6474714279174805,-5.903687000274658,0.0026192276272922754,0.9596479535102844
1,1,EXTERNAL_SAMPLE/0000001.png,degradation_clean,clean,0,1,0,2.531555414199829,7.45297384262085,-4.921418190002441,0.006912935525178909,0.9484343528747559
2,2,EXTERNAL_SAMPLE/0000002.png,degradation_clean,clean,0,1,0,1.5013359785079956,10.713664054870605,-9.21232795715332,9.964984928956255e-05,0.9984810948371887
3,3,EXTERNAL_SAMPLE/0000003.png,degradation_clean,clean,0,1,0,1.6500918865203857,8.07983684539795,-6.429744720458984,0.0015345787396654487,0.9514628052711487
4,4,EXTERNAL_SAMPLE/0000004.png,degradation_clean,clean,0,1,8,2.8312768936157227,6.209269046783447,-3.3779921531677246,0.016397470608353615,0.48064038157463074
5,5,EXTERNAL_SAMPLE/0000005.png,degradation_clean,clean,0,1,0,1.830766201019287,11.68131160736084,-9.850545883178711,5.269368921290152e-05,0.9995311498641968
6,6,EXTERNAL_SAMPLE/0000006.png,degradation_clean,clean,0,1,8,1.995301365852356,5.178981781005859,-3.183680534362793,0.011303873732686043,0.2728237807750702
7,7,EXTERNAL_SAMPLE/0000007.png,degradation_clean,clean,0,1,0,2.5505967140197754,9.406088829040527,-6.855492115020752,0.001049160840921104,0.9957365989685059
8,8,EXTERNAL_SAMPLE/0000008.png,degradation_clean,clean,0,1,0,3.0078036785125732,14.515120506286621,-11.507316589355469,1.0055984603241086e-05,0.9999738931655884
9,9,EXTERNAL_SAMPLE/0000009.png,degradation_clean,clean,0,1,0,2.1900174617767334,9.208638191223145,-7.018620491027832,0.0008896974031813443,0.9940093755722046
10,10,EXTERNAL_SAMPLE/0000010.png,degradation_clean,clean,0,1,0,2.440641164779663,6.349052906036377,-3.908411741256714,0.01100899651646614,0.5484656095504761
11,11,EXTERNAL_SAMPLE/0000011.png,degradation_clean,clean,0,1,8,5.092820167541504,3.8798205852508545,1.2129995822906494,0.37387150526046753,0.11115355044603348
12,12,EXTERNAL_SAMPLE/0000012.png,degradation_clean,clean,0,1,0,2.5389792919158936,7.930946350097656,-5.391966819763184,0.00445009209215641,0.9773957133293152
13,13,EXTERNAL_SAMPLE/0000013.png,degradation_clean,clean,0,1,0,1.5260224342346191,6.145981788635254,-4.619959354400635,0.008252081461250782,0.8375030159950256
14,14,EXTERNAL_SAMPLE/0000014.png,degradation_clean,clean,0,1,0,2.5167996883392334,16.0067081451416,-13.489908218383789,1.3848566595697775e-06,0.9999942779541016
15,15,EXTERNAL_SAMPLE/0000015.png,degradation_clean,clean,0,1,0,2.360685110092163,12.324795722961426,-9.964110374450684,4.70293452963233e-05,0.9993718266487122
16,16,EXTERNAL_SAMPLE/0000016.png,degradation_clean,clean,0,1,8,1.3628299236297607,1.9868838787078857,-0.624053955078125,0.04148799553513527,0.07743649184703827
17,17,EXTERNAL_SAMPLE/0000017.png,degradation_clean,clean,0,1,0,2.589433193206787,12.387242317199707,-9.797809600830078,5.5561544286319986e-05,0.999790370464325
18,18,EXTERNAL_SAMPLE/0000018.png,degradation_clean,clean,0,1,0,2.759411334991455,6.262507438659668,-3.503096103668213,0.01709606684744358,0.5678995847702026
19,19,EXTERNAL_SAMPLE/0000019.png,degradation_clean,clean,0,1,8,3.4008030891418457,4.872645854949951,-1.4718427658081055,0.019157521426677704,0.08347424864768982
20,20,EXTERNAL_SAMPLE/0000020.png,degradation_clean,clean,0,1,0,1.5691993236541748,7.923837184906006,-6.35463809967041,0.001666039228439331,0.9582294821739197
21,21,EXTERNAL_SAMPLE/0000021.png,degradation_clean,clean,0,1,6,1.4155958890914917,3.9786508083343506,-2.5630550384521484,0.01017498318105936,0.13202443718910217
22,22,EXTERNAL_SAMPLE/0000022.png,degradation_clean,clean,0,1,0,2.012159585952759,10.527144432067871,-8.514985084533691,0.00020022525859531015,0.9989181756973267
23,23,EXTERNAL_SAMPLE/0000023.png,degradation_clean,clean,0,1,0,2.0599260330200195,8.21840763092041,-6.158481597900391,0.0020888487342745066,0.9874191880226135
24,24,EXTERNAL_SAMPLE/0000024.png,degradation_clean,clean,0,1,0,2.6275925636291504,9.947683334350586,-7.3200907707214355,0.0006584003567695618,0.9944091439247131
25,25,EXTERNAL_SAMPLE/0000025.png,degradation_clean,clean,0,1,0,2.2385594844818115,10.809274673461914,-8.570714950561523,0.00018919965077657253,0.9980091452598572
26,26,EXTERNAL_SAMPLE/0000026.png,degradation_clean,clean,0,1,0,2.5681521892547607,9.840635299682617,-7.272482872009277,0.0006911524687893689,0.9953435063362122
27,27,EXTERNAL_SAMPLE/0000027.png,degradation_clean,clean,0,1,0,1.4006030559539795,11.932971000671387,-10.532367706298828,2.664823659870308e-05,0.9995802044868469
28,28,EXTERNAL_SAMPLE/0000028.png,degradation_clean,clean,0,1,0,2.1288866996765137,8.810200691223145,-6.681313991546631,0.001246269210241735,0.9937328696250916
29,29,EXTERNAL_SAMPLE/0000029.png,degradation_clean,clean,0,1,0,1.678399920463562,10.365781784057617,-8.687381744384766,0.0001681879657553509,0.9969580173492432
30,30,EXTERNAL_SAMPLE/0000030.png,degradation_clean,clean,0,1,0,2.281134605407715,13.006000518798828,-10.724865913391113,2.198800393671263e-05,0.9998522996902466
31,31,EXTERNAL_SAMPLE/0000031.png,degradation_clean,clean,0,1,0,3.950533151626587,6.950150489807129,-2.999617338180542,0.04469604045152664,0.8974005579948425
32,32,EXTERNAL_SAMPLE/0000032.png,degradation_clean,clean,0,1,0,1.7137203216552734,7.801724433898926,-6.088004112243652,0.002225878881290555,0.9805914759635925
33,33,EXTERNAL_SAMPLE/0000033.png,degradation_clean,clean,0,1,0,1.9365962743759155,9.36771011352539,-7.4311137199401855,0.0005903633427806199,0.996347963809967
34,34,EXTERNAL_SAMPLE/0000034.png,degradation_clean,clean,0,1,0,1.4533638954162598,6.947501182556152,-5.494137287139893,0.0027485478203743696,0.6686160564422607
35,35,EXTERNAL_SAMPLE/0000035.png,degradation_clean,clean,0,1,0,3.1126861572265625,7.291775703430176,-4.179089546203613,0.014310169033706188,0.9345451593399048
36,36,EXTERNAL_SAMPLE/0000036.png,degradation_clean,clean,0,1,8,1.7699048519134521,6.8179240226745605,-5.0480194091796875,0.00034144107485190034,0.05316704884171486
37,37,EXTERNAL_SAMPLE/0000037.png,degradation_clean,clean,0,1,0,1.764920711517334,10.558243751525879,-8.793323516845703,0.00015079836884979159,0.9937760829925537
38,38,EXTERNAL_SAMPLE/0000038.png,degradation_clean,clean,0,1,0,1.3045319318771362,5.331653594970703,-4.027121543884277,0.009849603287875652,0.5525549054145813
39,39,EXTERNAL_SAMPLE/0000039.png,degradation_clean,clean,0,1,0,3.9656052589416504,11.480650901794434,-7.515045642852783,0.0005443672998808324,0.9991596937179565
40,40,EXTERNAL_SAMPLE/0000040.png,degradation_clean,clean,0,1,0,1.5471854209899902,5.292747974395752,-3.7455625534057617,0.012780209071934223,0.5410221815109253
41,41,EXTERNAL_SAMPLE/0000041.png,degradation_clean,clean,0,1,0,4.10880708694458,15.481231689453125,-11.372425079345703,1.1508314855745994e-05,0.9999843835830688
42,42,EXTERNAL_SAMPLE/0000042.png,degradation_clean,clean,0,1,0,2.578794002532959,9.658899307250977,-7.080105304718018,0.0008390009752474725,0.9968116879463196
43,43,EXTERNAL_SAMPLE/0000043.png,degradation_clean,clean,0,1,0,2.532153606414795,6.50836706161499,-3.9762134552001953,0.017305104061961174,0.9226176738739014
44,44,EXTERNAL_SAMPLE/0000044.png,degradation_clean,clean,0,1,0,2.517238140106201,13.01734447479248,-10.500106811523438,2.7531586965778843e-05,0.9999302625656128
45,45,EXTERNAL_SAMPLE/0000045.png,degradation_clean,clean,0,1,0,3.1799380779266357,8.50058650970459,-5.320648193359375,0.004825043026357889,0.9868004322052002
46,46,EXTERNAL_SAMPLE/0000046.png,degradation_clean,clean,0,1,0,1.1508699655532837,7.601733207702637,-6.450863361358643,0.0014964166330173612,0.9476039409637451
47,47,EXTERNAL_SAMPLE/0000047.png,degradation_clean,clean,0,1,0,1.6325149536132812,3.865635633468628,-2.2331206798553467,0.03897624462842941,0.3636067807674408
48,48,EXTERNAL_SAMPLE/0000048.png,degradation_clean,clean,0,1,0,2.5663201808929443,13.506073951721191,-10.939753532409668,1.7737862435751595e-05,0.9999444484710693
49,49,EXTERNAL_SAMPLE/0000049.png,degradation_clean,clean,0,1,8,1.9086936712265015,5.24493932723999,-3.336245536804199,0.005965288262814283,0.16770438849925995
50,50,EXTERNAL_SAMPLE/0000050.png,degradation_clean,clean,0,1,0,1.5855419635772705,9.111119270324707,-7.525577545166016,0.0005341757787391543,0.9908342957496643
51,51,EXTERNAL_SAMPLE/0000051.png,degradation_clean,clean,0,1,0,1.9664721488952637,5.185637950897217,-3.219165802001953,0.02361227385699749,0.5904780626296997
52,52,EXTERNAL_SAMPLE/0000052.png,degradation_clean,clean,0,1,0,1.5088176727294922,8.264334678649902,-6.75551700592041,0.001119371852837503,0.9612982869148254
53,53,EXTERNAL_SAMPLE/0000053.png,degradation_clean,clean,0,1,0,1.6062556505203247,7.2942585945129395,-5.688003063201904,0.003258581506088376,0.9622699022293091
54,54,EXTERNAL_SAMPLE/0000054.png,degradation_clean,clean,0,1,0,1.7828048467636108,9.191313743591309,-7.408508777618408,0.0006028250209055841,0.9946395754814148
55,55,EXTERNAL_SAMPLE/0000055.png,degradation_clean,clean,0,1,0,1.9591010808944702,10.427846908569336,-8.468746185302734,0.00020888342987746,0.9950243830680847
56,56,EXTERNAL_SAMPLE/0000056.png,degradation_clean,clean,0,1,0,2.3115222454071045,6.925811767578125,-4.614289283752441,0.008616221137344837,0.8695152401924133
57,57,EXTERNAL_SAMPLE/0000057.png,degradation_clean,clean,0,1,0,3.4336941242218018,6.994643688201904,-3.5609495639801025,0.025687234476208687,0.9041033387184143
58,58,EXTERNAL_SAMPLE/0000058.png,degradation_clean,clean,0,1,0,2.610682725906372,11.15157413482666,-8.540891647338867,0.00019515630265232176,0.9991821646690369
59,59,EXTERNAL_SAMPLE/0000059.png,degradation_clean,clean,0,1,8,1.6212821006774902,3.7717154026031494,-2.150433301925659,0.02757764235138893,0.2368527501821518
60,60,EXTERNAL_SAMPLE/0000060.png,degradation_clean,clean,0,1,0,1.605268955230713,7.90200138092041,-6.296732425689697,0.0017869679722934961,0.9699578881263733
61,61,EXTERNAL_SAMPLE/0000061.png,degradation_clean,clean,0,1,0,2.2240960597991943,9.357845306396484,-7.133749008178711,0.0007937139016576111,0.9949742555618286
62,62,EXTERNAL_SAMPLE/0000062.png,degradation_clean,clean,0,1,0,1.5487573146820068,7.001620292663574,-5.452862739562988,0.004024484194815159,0.9394170045852661
63,63,EXTERNAL_SAMPLE/0000063.png,degradation_clean,clean,0,1,0,3.245692014694214,6.836912155151367,-3.5912201404571533,0.02566934935748577,0.9312407374382019
64,64,EXTERNAL_SAMPLE/0000064.png,degradation_clean,clean,0,1,0,1.807779312133789,11.793697357177734,-9.985918045043945,4.601796899805777e-05,0.999439537525177
65,65,EXTERNAL_SAMPLE/0000065.png,degradation_clean,clean,0,1,0,3.010349750518799,11.287407875061035,-8.277057647705078,0.0002540847926866263,0.9992153644561768
66,66,EXTERNAL_SAMPLE/0000066.png,degradation_clean,clean,0,1,0,1.5176259279251099,7.3944854736328125,-5.876859664916992,0.0026148040778934956,0.9326675534248352
67,67,EXTERNAL_SAMPLE/0000067.png,degradation_clean,clean,0,1,0,3.4192898273468018,7.401996612548828,-3.9827067852020264,0.01778353564441204,0.9543017148971558
68,68,EXTERNAL_SAMPLE/0000068.png,degradation_clean,clean,0,1,0,2.2631092071533203,9.381094932556152,-7.117985725402832,0.0008047319715842605,0.9930089712142944
69,69,EXTERNAL_SAMPLE/0000069.png,degradation_clean,clean,0,1,0,1.9955332279205322,9.760931015014648,-7.765398025512695,0.00042289088014513254,0.9970061182975769
70,70,EXTERNAL_SAMPLE/0000070.png,degradation_clean,clean,0,1,0,2.9546589851379395,7.413439750671387,-4.458780765533447,0.010438873432576656,0.9017320871353149
71,71,EXTERNAL_SAMPLE/0000071.png,degradation_clean,clean,0,1,0,2.5792999267578125,7.212986469268799,-4.633686542510986,0.009069441817700863,0.9331791996955872
72,72,EXTERNAL_SAMPLE/0000072.png,degradation_clean,clean,0,1,0,1.5459065437316895,12.292828559875488,-10.74692153930664,2.1505291442736052e-05,0.9997100234031677
73,73,EXTERNAL_SAMPLE/0000073.png,degradation_clean,clean,0,1,0,2.0653069019317627,11.355162620544434,-9.28985595703125,9.230232535628602e-05,0.9994149208068848
74,74,EXTERNAL_SAMPLE/0000074.png,degradation_clean,clean,0,1,0,1.783328652381897,6.560972690582275,-4.777644157409668,0.007051550783216953,0.8378941416740417
75,75,EXTERNAL_SAMPLE/0000075.png,degradation_clean,clean,0,1,8,1.0586342811584473,4.274570941925049,-3.2159366607666016,0.011226113885641098,0.279829204082489
76,76,EXTERNAL_SAMPLE/0000076.png,degradation_clean,clean,0,1,0,1.68842613697052,13.272940635681152,-11.584514617919922,9.307480468123686e-06,0.9998225569725037
77,77,EXTERNAL_SAMPLE/0000077.png,degradation_clean,clean,0,1,0,2.598554849624634,11.105181694030762,-8.506627082824707,0.0002019495441345498,0.9991348385810852
78,78,EXTERNAL_SAMPLE/0000078.png,degradation_clean,clean,0,1,0,2.0751519203186035,10.23984146118164,-8.164690017700195,0.0002841267269104719,0.9986007809638977
79,79,EXTERNAL_SAMPLE/0000079.png,degradation_clean,clean,0,1,0,1.5861759185791016,16.24652099609375,-14.660345077514648,4.296251745472546e-07,0.9999923706054688
80,80,EXTERNAL_SAMPLE/0000080.png,degradation_clean,clean,0,1,0,2.7106173038482666,13.793729782104492,-11.083112716674805,1.5368797903647646e-05,0.9999414682388306
81,81,EXTERNAL_SAMPLE/0000081.png,degradation_clean,clean,0,1,0,2.620779037475586,10.090903282165527,-7.470124244689941,0.0005676985019817948,0.9962114095687866
82,82,EXTERNAL_SAMPLE/0000082.png,degradation_clean,clean,0,1,0,2.382216453552246,7.221047401428223,-4.838830947875977,0.006266955751925707,0.7916519045829773
83,83,EXTERNAL_SAMPLE/0000083.png,degradation_clean,clean,0,1,0,1.5595643520355225,11.026665687561035,-9.467101097106934,7.715667015872896e-05,0.9974318146705627
84,84,EXTERNAL_SAMPLE/0000084.png,degradation_clean,clean,0,1,0,1.7639994621276855,9.1890230178833,-7.425023555755615,0.000585318251978606,0.9818357229232788
85,85,EXTERNAL_SAMPLE/0000085.png,degradation_clean,clean,0,1,0,2.4472951889038086,13.693543434143066,-11.246248245239258,1.3055592717137188e-05,0.999954342842102
86,86,EXTERNAL_SAMPLE/0000086.png,degradation_clean,clean,0,1,0,1.9071118831634521,9.551392555236816,-7.644280433654785,0.0004759857547469437,0.9941748976707458
87,87,EXTERNAL_SAMPLE/0000087.png,degradation_clean,clean,0,1,0,2.0085415840148926,6.515023231506348,-4.506481647491455,0.010087260976433754,0.9139308929443359
88,88,EXTERNAL_SAMPLE/0000088.png,degradation_clean,clean,0,1,0,1.3350343704223633,13.200811386108398,-11.865777015686035,7.026256298559019e-06,0.9999204874038696
89,89,EXTERNAL_SAMPLE/0000089.png,degradation_clean,clean,0,1,0,2.3131237030029297,7.962237358093262,-5.649113655090332,0.0033989467192441225,0.9654353857040405
90,90,EXTERNAL_SAMPLE/0000090.png,degradation_clean,clean,0,1,8,1.783225655555725,3.7080020904541016,-1.9247764348983765,0.020701516419649124,0.14188027381896973
91,91,EXTERNAL_SAMPLE/0000091.png,degradation_clean,clean,0,1,0,3.417064666748047,10.252829551696777,-6.8357648849487305,0.001072211074642837,0.9977351427078247
92,92,EXTERNAL_SAMPLE/0000092.png,degradation_clean,clean,0,1,8,1.819421648979187,2.4809985160827637,-0.6615768671035767,0.003413552651181817,0.0066149369813501835
93,93,EXTERNAL_SAMPLE/0000093.png,degradation_clean,clean,0,1,9,1.4272794723510742,2.2157979011535645,-0.7885184288024902,0.0038087493740022182,0.008379760198295116
94,94,EXTERNAL_SAMPLE/0000094.png,degradation_clean,clean,0,1,8,2.1601178646087646,4.219411373138428,-2.059293508529663,0.03932957351207733,0.308360755443573
95,95,EXTERNAL_SAMPLE/0000095.png,degradation_clean,clean,0,1,0,2.5764777660369873,6.398198127746582,-3.8217203617095947,0.01974933221936226,0.9022034406661987
96,96,EXTERNAL_SAMPLE/0000096.png,degradation_clean,clean,0,1,0,1.2988916635513306,9.876677513122559,-8.57778549194336,0.0001872761349659413,0.9948722720146179
97,97,EXTERNAL_SAMPLE/0000097.png,degradation_clean,clean,0,1,0,3.078547716140747,9.01136302947998,-5.9328155517578125,0.0026342314667999744,0.9936718940734863
98,98,EXTERNAL_SAMPLE/0000098.png,degradation_clean,clean,0,1,0,1.9788872003555298,7.709253311157227,-5.730366230010986,0.0031487965025007725,0.9700877666473389
99,99,EXTERNAL_SAMPLE/0000099.png,degradation_clean,clean,0,1,0,2.721108913421631,6.047175407409668,-3.326066493988037,0.029978452250361443,0.8342601656913757
100,100,EXTERNAL_SAMPLE/0000100.png,degradation_clean,clean,0,1,0,2.714805841445923,12.019834518432617,-9.305028915405273,9.092107211472467e-05,0.9995102882385254
101,101,EXTERNAL_SAMPLE/0000101.png,degradation_clean,clean,0,1,9,2.164929151535034,2.5436341762542725,-0.3787050247192383,0.045465532690286636,0.06639750301837921
102,102,EXTERNAL_SAMPLE/0000102.png,degradation_clean,clean,0,1,0,1.821738839149475,11.226568222045898,-9.404829025268555,8.220144809456542e-05,0.9984924793243408
103,103,EXTERNAL_SAMPLE/0000103.png,degradation_clean,clean,0,1,0,2.6933350563049316,11.044896125793457,-8.351560592651367,0.0002357982302783057,0.9990270137786865
104,104,EXTERNAL_SAMPLE/0000104.png,degradation_clean,clean,0,1,0,2.1098597049713135,13.611950874328613,-11.502091407775879,1.0108418791787699e-05,0.9999494552612305
105,105,EXTERNAL_SAMPLE/0000105.png,degradation_clean,clean,0,1,0,2.273787498474121,12.167136192321777,-9.893348693847656,5.049897663411684e-05,0.9997912049293518
106,106,EXTERNAL_SAMPLE/0000106.png,degradation_clean,clean,0,1,0,1.6576004028320312,6.350740432739258,-4.693140029907227,0.007823769934475422,0.8543206453323364
107,107,EXTERNAL_SAMPLE/0000107.png,degradation_clean,clean,0,1,0,1.6178803443908691,9.276780128479004,-7.658899784088135,0.00047018425539135933,0.996519923210144
108,108,EXTERNAL_SAMPLE/0000108.png,degradation_clean,clean,0,1,0,1.8998584747314453,9.899871826171875,-8.00001335144043,0.00033315838663838804,0.9931443929672241
109,109,EXTERNAL_SAMPLE/0000109.png,degradation_clean,clean,0,1,0,2.8584516048431396,6.455007553100586,-3.5965559482574463,0.02375931292772293,0.8665592670440674
110,110,EXTERNAL_SAMPLE/0000110.png,degradation_clean,clean,0,1,0,2.3490958213806152,10.560029029846191,-8.210933685302734,0.0002714158617891371,0.9990757703781128
111,111,EXTERNAL_SAMPLE/0000111.png,degradation_clean,clean,0,1,0,1.250509262084961,8.783302307128906,-7.532793045043945,0.0005293915164656937,0.9890708923339844
112,112,EXTERNAL_SAMPLE/0000112.png,degradation_clean,clean,0,1,0,1.580556035041809,8.003857612609863,-6.423301696777344,0.0012752586044371128,0.785602331161499
113,113,EXTERNAL_SAMPLE/0000113.png,degradation_clean,clean,0,1,9,1.3283178806304932,1.9734631776809692,-0.6451452970504761,0.03766205161809921,0.0717938169836998
114,114,EXTERNAL_SAMPLE/0000114.png,degradation_clean,clean,0,1,0,2.5442893505096436,7.723836898803711,-5.179547309875488,0.005310458596795797,0.9431501030921936
115,115,EXTERNAL_SAMPLE/0000115.png,degradation_clean,clean,0,1,0,2.9304358959198,12.141657829284668,-9.211221694946289,9.976189903682098e-05,0.9984986782073975
116,116,EXTERNAL_SAMPLE/0000116.png,degradation_clean,clean,0,1,0,3.138079881668091,6.387930870056152,-3.2498509883880615,0.0348891019821167,0.8996676206588745
117,117,EXTERNAL_SAMPLE/0000117.png,degradation_clean,clean,0,1,9,2.425359010696411,4.883594512939453,-2.458235502243042,0.03058859147131443,0.357402503490448
118,118,EXTERNAL_SAMPLE/0000118.png,degradation_clean,clean,0,1,0,2.446812868118286,9.5518798828125,-7.105067253112793,0.0008178778807632625,0.9962765574455261
119,119,EXTERNAL_SAMPLE/0000119.png,degradation_clean,clean,0,1,0,2.3433425426483154,4.053734302520752,-1.7103917598724365,0.08146662265062332,0.45060229301452637
120,120,EXTERNAL_SAMPLE/0000120.png,degradation_clean,clean,0,1,0,2.3689839839935303,9.622599601745605,-7.253615379333496,0.0007052014698274434,0.9965941309928894
121,121,EXTERNAL_SAMPLE/0000121.png,degradation_clean,clean,0,1,0,2.6346595287323,11.273372650146484,-8.638712882995605,0.00017564847075846046,0.9917214512825012
122,122,EXTERNAL_SAMPLE/0000122.png,degradation_clean,clean,0,1,0,1.5155450105667114,11.400757789611816,-9.885212898254395,5.0892671424662694e-05,0.9994214773178101
123,123,EXTERNAL_SAMPLE/0000123.png,degradation_clean,clean,0,1,0,2.310851812362671,9.291593551635742,-6.980741500854492,0.0009231250733137131,0.9930201172828674
124,124,EXTERNAL_SAMPLE/0000124.png,degradation_clean,clean,0,1,0,2.5476083755493164,8.370163917541504,-5.8225555419921875,0.0028896804433315992,0.9762331247329712
125,125,EXTERNAL_SAMPLE/0000125.png,degradation_clean,clean,0,1,0,3.2328903675079346,10.540946006774902,-7.308055877685547,0.0006685481057502329,0.9976563453674316
126,126,EXTERNAL_SAMPLE/0000126.png,degradation_clean,clean,0,1,0,1.7560906410217285,12.390205383300781,-10.634115219116211,2.407067222520709e-05,0.9995989203453064
127,127,EXTERNAL_SAMPLE/0000127.png,degradation_clean,clean,0,1,0,3.0275988578796387,9.358881950378418,-6.331283092498779,0.0017620496219024062,0.9900552034378052
128,128,EXTERNAL_SAMPLE/0000128.png,degradation_clean,clean,0,1,0,2.437377452850342,8.65156078338623,-6.214183330535889,0.0019596407655626535,0.9794042110443115
129,129,EXTERNAL_SAMPLE/0000129.png,degradation_clean,clean,0,1,0,2.889314889907837,4.938303470611572,-2.0489885807037354,0.08519137650728226,0.6610892415046692
130,130,EXTERNAL_SAMPLE/0000130.png,degradation_clean,clean,0,1,0,2.527960777282715,8.676361083984375,-6.14840030670166,0.002111683366820216,0.9882006645202637
131,131,EXTERNAL_SAMPLE/0000131.png,degradation_clean,clean,0,1,0,2.1580629348754883,8.00999927520752,-5.851936340332031,0.002836051629856229,0.9866833090782166
132,132,EXTERNAL_SAMPLE/0000132.png,degradation_clean,clean,0,1,8,3.7731592655181885,4.550183296203613,-0.7770240306854248,0.11555034667253494,0.25132083892822266
133,133,EXTERNAL_SAMPLE/0000133.png,degradation_clean,clean,0,1,0,1.9249577522277832,10.391692161560059,-8.466733932495117,0.0002099348494084552,0.9980226755142212
134,134,EXTERNAL_SAMPLE/0000134.png,degradation_clean,clean,0,1,0,1.572641134262085,6.472389221191406,-4.899747848510742,0.006872559431940317,0.9226818084716797
135,135,EXTERNAL_SAMPLE/0000135.png,degradation_clean,clean,0,1,0,1.7678313255310059,13.306082725524902,-11.538251876831055,9.74930026131915e-06,0.9999368190765381
136,136,EXTERNAL_SAMPLE/0000136.png,degradation_clean,clean,0,1,0,1.7665858268737793,10.609756469726562,-8.843170166015625,0.00014413420285563916,0.9984056353569031
137,137,EXTERNAL_SAMPLE/0000137.png,degradation_clean,clean,0,1,0,2.450874090194702,5.507172107696533,-3.056298017501831,0.03588945418596268,0.7626060247421265
138,138,EXTERNAL_SAMPLE/0000138.png,degradation_clean,clean,0,1,0,1.3045293092727661,8.757916450500488,-7.453387260437012,0.0005669420352205634,0.9783710241317749
139,139,EXTERNAL_SAMPLE/0000139.png,degradation_clean,clean,0,1,0,1.5074355602264404,7.866666316986084,-6.359230995178223,0.0016873360145837069,0.9749459028244019
140,140,EXTERNAL_SAMPLE/0000140.png,degradation_clean,clean,0,1,0,2.652520179748535,8.276226997375488,-5.623706817626953,0.0035412267316132784,0.9806150794029236
141,141,EXTERNAL_SAMPLE/0000141.png,degradation_clean,clean,0,1,0,1.652741551399231,10.184237480163574,-8.531496047973633,0.0001957359490916133,0.9927782416343689
142,142,EXTERNAL_SAMPLE/0000142.png,degradation_clean,clean,0,1,0,1.855561375617981,14.56739616394043,-12.711834907531738,3.0151725241012173e-06,0.9999814033508301
143,143,EXTERNAL_SAMPLE/0000143.png,degradation_clean,clean,0,1,0,1.5786312818527222,5.9225311279296875,-4.343899726867676,0.010248756036162376,0.7892286777496338
144,144,EXTERNAL_SAMPLE/0000144.png,degradation_clean,clean,0,1,0,1.4233801364898682,7.820095062255859,-6.39671516418457,0.0015865741297602654,0.9517403244972229
145,145,EXTERNAL_SAMPLE/0000145.png,degradation_clean,clean,0,1,0,2.32482647895813,6.909842491149902,-4.585016250610352,0.009586398489773273,0.9395129680633545
146,146,EXTERNAL_SAMPLE/0000146.png,degradation_clean,clean,0,1,0,1.792014718055725,3.7864081859588623,-1.9943934679031372,0.057389046996831894,0.4216800630092621
147,147,EXTERNAL_SAMPLE/0000147.png,degradation_clean,clean,0,1,0,4.575836181640625,7.3741960525512695,-2.7983598709106445,0.05610203370451927,0.9210662245750427
148,148,EXTERNAL_SAMPLE/0000148.png,degradation_clean,clean,0,1,8,2.894946336746216,1.8711378574371338,1.023808479309082,0.013873865827918053,0.00498382980003953
149,149,EXTERNAL_SAMPLE/0000149.png,degradation_clean,clean,0,1,0,2.897264242172241,8.927597999572754,-6.030333518981934,0.0018073945539072156,0.7516117691993713
150,150,EXTERNAL_SAMPLE/0000150.png,degradation_clean,clean,0,1,0,1.354061484336853,6.901248931884766,-5.547187328338623,0.003612540429458022,0.9266709089279175
151,151,EXTERNAL_SAMPLE/0000151.png,degradation_clean,clean,0,1,9,0.870913028717041,1.2039613723754883,-0.33304834365844727,0.004393307026475668,0.006129606161266565
152,152,EXTERNAL_SAMPLE/0000152.png,degradation_clean,clean,0,1,0,1.944930076599121,7.1833415031433105,-5.2384114265441895,0.005056215915828943,0.9524426460266113
153,153,EXTERNAL_SAMPLE/0000153.png,degradation_clean,clean,0,1,0,1.8427332639694214,5.380805015563965,-3.538071632385254,0.01855476200580597,0.638293445110321
154,154,EXTERNAL_SAMPLE/0000154.png,degradation_clean,clean,0,1,0,2.712705135345459,9.015730857849121,-6.303025722503662,0.0017991160275414586,0.9827170372009277
155,155,EXTERNAL_SAMPLE/0000155.png,degradation_clean,clean,0,1,0,2.4343669414520264,12.19814395904541,-9.763776779174805,5.748106923419982e-05,0.9997218251228333
156,156,EXTERNAL_SAMPLE/0000156.png,degradation_clean,clean,0,1,9,1.8162765502929688,3.8816890716552734,-2.0654125213623047,0.01954835280776024,0.15420818328857422
157,157,EXTERNAL_SAMPLE/0000157.png,degradation_clean,clean,0,1,0,1.4541945457458496,7.931178569793701,-6.476984024047852,0.0014895581407472491,0.968224048614502
158,158,EXTERNAL_SAMPLE/0000158.png,degradation_clean,clean,0,1,0,2.8312432765960693,11.507511138916016,-8.676267623901367,0.00017051000031642616,0.9995511174201965
159,159,EXTERNAL_SAMPLE/0000159.png,degradation_clean,clean,0,1,0,2.781663179397583,10.198196411132812,-7.416533470153809,0.000600213767029345,0.9983102083206177
160,160,EXTERNAL_SAMPLE/0000160.png,degradation_clean,clean,0,1,9,1.0383769273757935,3.9807093143463135,-2.9423322677612305,0.011068887077271938,0.20986631512641907
161,161,EXTERNAL_SAMPLE/0000161.png,degradation_clean,clean,0,1,0,2.3679656982421875,3.9546523094177246,-1.586686611175537,0.08361303806304932,0.40866103768348694
162,162,EXTERNAL_SAMPLE/0000162.png,degradation_clean,clean,0,1,8,3.6709766387939453,2.3654918670654297,1.3054847717285156,0.30218011140823364,0.08190323412418365
163,163,EXTERNAL_SAMPLE/0000163.png,degradation_clean,clean,0,1,0,3.393836259841919,6.486021041870117,-3.0921847820281982,0.024576161056756973,0.5412935614585876
164,164,EXTERNAL_SAMPLE/0000164.png,degradation_clean,clean,0,1,0,2.184823513031006,11.54576301574707,-9.360939025878906,8.596810948802158e-05,0.999405026435852
165,165,EXTERNAL_SAMPLE/0000165.png,degradation_clean,clean,0,1,0,1.3938239812850952,5.5225396156311035,-4.128715515136719,0.011612152680754662,0.7210926413536072
166,166,EXTERNAL_SAMPLE/0000166.png,degradation_clean,clean,0,1,9,1.6258316040039062,4.268167495727539,-2.642335891723633,0.021719882264733315,0.3050768971443176
167,167,EXTERNAL_SAMPLE/0000167.png,degradation_clean,clean,0,1,0,2.7198808193206787,6.054814338684082,-3.3349335193634033,0.02617086097598076,0.7347865700721741
168,168,EXTERNAL_SAMPLE/0000168.png,degradation_clean,clean,0,1,0,2.382672071456909,12.67332649230957,-10.290654182434082,3.3943502785405144e-05,0.9998410940170288
169,169,EXTERNAL_SAMPLE/0000169.png,degradation_clean,clean,0,1,0,3.4350640773773193,6.229066848754883,-2.7940027713775635,0.04976953566074371,0.8135486841201782
170,170,EXTERNAL_SAMPLE/0000170.png,degradation_clean,clean,0,1,0,3.971200466156006,7.995985507965088,-4.024785041809082,0.01720920205116272,0.9631694555282593
171,171,EXTERNAL_SAMPLE/0000171.png,degradation_clean,clean,0,1,9,1.8442808389663696,4.058476448059082,-2.214195728302002,0.023410839959979057,0.21430382132530212
172,172,EXTERNAL_SAMPLE/0000172.png,degradation_clean,clean,0,1,0,2.214078187942505,13.836942672729492,-11.622864723205566,8.958321814134251e-06,0.9999371767044067
173,173,EXTERNAL_SAMPLE/0000173.png,degradation_clean,clean,0,1,0,2.498793363571167,11.8460054397583,-9.347211837768555,8.716293086763471e-05,0.9994805455207825
174,174,EXTERNAL_SAMPLE/0000174.png,degradation_clean,clean,0,1,9,1.3302851915359497,1.4910393953323364,-0.16075420379638672,0.0010459886398166418,0.0012284052791073918
175,175,EXTERNAL_SAMPLE/0000175.png,degradation_clean,clean,0,1,0,2.0631959438323975,7.613780498504639,-5.55058479309082,0.003488027025014162,0.8977763652801514
176,176,EXTERNAL_SAMPLE/0000176.png,degradation_clean,clean,0,1,0,2.3554346561431885,8.618260383605957,-6.262825965881348,0.001875922898761928,0.9842960834503174
177,177,EXTERNAL_SAMPLE/0000177.png,degradation_clean,clean,0,1,0,2.364687442779541,13.567793846130371,-11.203105926513672,1.3631058209284674e-05,0.9999462366104126
178,178,EXTERNAL_SAMPLE/0000178.png,degradation_clean,clean,0,1,0,2.279393434524536,11.28635311126709,-9.006959915161133,0.0001224887528223917,0.9994686245918274
179,179,EXTERNAL_SAMPLE/0000179.png,degradation_clean,clean,0,1,0,1.7825965881347656,11.61664867401123,-9.834052085876465,5.353510641725734e-05,0.9988797307014465
180,180,EXTERNAL_SAMPLE/0000180.png,degradation_clean,clean,0,1,0,2.844421863555908,10.393628120422363,-7.549206256866455,0.0005258242599666119,0.9986636638641357
181,181,EXTERNAL_SAMPLE/0000181.png,degradation_clean,clean,0,1,0,2.3584964275360107,5.970922946929932,-3.612426519393921,0.022656932473182678,0.8395721912384033
182,182,EXTERNAL_SAMPLE/0000182.png,degradation_clean,clean,0,1,0,2.1719706058502197,9.151989936828613,-6.980019569396973,0.000916770426556468,0.9854726195335388
183,183,EXTERNAL_SAMPLE/0000183.png,degradation_clean,clean,0,1,0,3.1465635299682617,13.532919883728027,-10.386356353759766,3.084815398324281e-05,0.9999227523803711
184,184,EXTERNAL_SAMPLE/0000184.png,degradation_clean,clean,0,1,8,2.049760341644287,3.8565571308135986,-1.8067967891693115,0.012518809176981449,0.07625088840723038
185,185,EXTERNAL_SAMPLE/0000185.png,degradation_clean,clean,0,1,8,1.9760252237319946,4.4519805908203125,-2.4759554862976074,0.011307002045214176,0.13447491824626923
186,186,EXTERNAL_SAMPLE/0000186.png,degradation_clean,clean,0,1,0,1.8873076438903809,6.325545787811279,-4.438238143920898,0.010143059305846691,0.858363687992096
187,187,EXTERNAL_SAMPLE/0000187.png,degradation_clean,clean,0,1,0,1.4001615047454834,4.633414268493652,-3.233252763748169,0.018030593171715736,0.45729222893714905
188,188,EXTERNAL_SAMPLE/0000188.png,degradation_clean,clean,0,1,0,5.178116798400879,6.733663558959961,-1.555546760559082,0.12125992774963379,0.5744902491569519
189,189,EXTERNAL_SAMPLE/0000189.png,degradation_clean,clean,0,1,0,1.3196427822113037,7.592004299163818,-6.272361755371094,0.0018287383718416095,0.9687321186065674
190,190,EXTERNAL_SAMPLE/0000190.png,degradation_clean,clean,0,1,0,2.166889190673828,8.155573844909668,-5.98868465423584,0.0024180691689252853,0.9645426273345947
191,191,EXTERNAL_SAMPLE/0000191.png,degradation_clean,clean,0,1,0,3.166505813598633,9.926658630371094,-6.760152816772461,0.0011529597686603665,0.9947437047958374
192,192,EXTERNAL_SAMPLE/0000192.png,degradation_clean,clean,0,1,0,2.3697597980499268,9.556490898132324,-7.186731338500977,0.0007462691864930093,0.9864004850387573
193,193,EXTERNAL_SAMPLE/0000193.png,degradation_clean,clean,0,1,0,1.943589687347412,7.048501014709473,-5.1049113273620605,0.0051469807513058186,0.84837406873703
194,194,EXTERNAL_SAMPLE/0000194.png,degradation_clean,clean,0,1,0,1.965116024017334,6.759673595428467,-4.794557571411133,0.005944156087934971,0.7183565497398376
195,195,EXTERNAL_SAMPLE/0000195.png,degradation_clean,clean,0,1,0,1.5504592657089233,8.663445472717285,-7.112986087799072,0.0007947908015921712,0.9758508205413818
196,196,EXTERNAL_SAMPLE/0000196.png,degradation_clean,clean,0,1,0,3.108445882797241,9.976323127746582,-6.867877006530762,0.001037674956023693,0.9971083998680115
197,197,EXTERNAL_SAMPLE/0000197.png,degradation_clean,clean,0,1,0,2.3811511993408203,7.565942764282227,-5.184791564941406,0.004912154283374548,0.8769974708557129
198,198,EXTERNAL_SAMPLE/0000198.png,degradation_clean,clean,0,1,0,2.410839319229126,9.461419105529785,-7.050580024719238,0.0008633294492028654,0.9958743453025818
199,199,EXTERNAL_SAMPLE/0000199.png,degradation_clean,clean,0,1,0,2.2550292015075684,6.310398101806641,-4.055368900299072,0.01600913517177105,0.9238303899765015
200,200,EXTERNAL_SAMPLE/0000200.png,degradation_clean,clean,0,1,9,1.4834200143814087,3.479942560195923,-1.9965225458145142,0.009769861586391926,0.07193946093320847
201,201,EXTERNAL_SAMPLE/0000201.png,degradation_clean,clean,0,1,0,2.1713922023773193,4.913167476654053,-2.7417752742767334,0.04075183719396591,0.6322444677352905
202,202,EXTERNAL_SAMPLE/0000202.png,degradation_clean,clean,0,1,0,1.2746541500091553,5.5097856521606445,-4.23513126373291,0.009888947010040283,0.6830368638038635
203,203,EXTERNAL_SAMPLE/0000203.png,degradation_clean,clean,0,1,0,3.015124797821045,12.672686576843262,-9.657562255859375,6.392746581695974e-05,0.9998008608818054
204,204,EXTERNAL_SAMPLE/0000204.png,degradation_clean,clean,0,1,0,3.109571933746338,9.56596565246582,-6.456393718719482,0.00155952712520957,0.9930453896522522
205,205,EXTERNAL_SAMPLE/0000205.png,degradation_clean,clean,0,1,0,3.9013631343841553,9.483647346496582,-5.582283973693848,0.0037390117067843676,0.9933720827102661
206,206,EXTERNAL_SAMPLE/0000206.png,degradation_clean,clean,0,1,0,3.0818026065826416,6.399251461029053,-3.317448854446411,0.028886212036013603,0.7969669699668884
207,207,EXTERNAL_SAMPLE/0000207.png,degradation_clean,clean,0,1,0,2.1069741249084473,9.148038864135742,-7.041064739227295,0.0008682289626449347,0.9920414090156555
208,208,EXTERNAL_SAMPLE/0000208.png,degradation_clean,clean,0,1,0,2.4668612480163574,8.173484802246094,-5.706623554229736,0.0030679036863148212,0.9229896664619446
209,209,EXTERNAL_SAMPLE/0000209.png,degradation_clean,clean,0,1,0,3.8858449459075928,6.734122276306152,-2.8482773303985596,0.05183316394686699,0.8945381045341492
210,210,EXTERNAL_SAMPLE/0000210.png,degradation_clean,clean,0,1,0,2.243696928024292,7.526912689208984,-5.283215522766113,0.004280710127204657,0.8433098793029785
211,211,EXTERNAL_SAMPLE/0000211.png,degradation_clean,clean,0,1,0,1.7988533973693848,10.640336990356445,-8.841484069824219,0.00014271526015363634,0.9869112968444824
212,212,EXTERNAL_SAMPLE/0000212.png,degradation_clean,clean,0,1,0,2.408959150314331,6.902980804443359,-4.494021415710449,0.008948308415710926,0.8006995916366577
213,213,EXTERNAL_SAMPLE/0000213.png,degradation_clean,clean,0,1,0,2.2728593349456787,7.684279441833496,-5.411419868469238,0.004288238473236561,0.9603481888771057
214,214,EXTERNAL_SAMPLE/0000214.png,degradation_clean,clean,0,1,0,1.2698205709457397,7.161874771118164,-5.892054080963135,0.002403032733127475,0.8702545166015625
215,215,EXTERNAL_SAMPLE/0000215.png,degradation_clean,clean,0,1,0,2.440561056137085,8.556516647338867,-6.115955352783203,0.0021733546163886786,0.9845919013023376
216,216,EXTERNAL_SAMPLE/0000216.png,degradation_clean,clean,0,1,0,2.2489466667175293,5.864737510681152,-3.615790843963623,0.013573824428021908,0.5046848654747009
217,217,EXTERNAL_SAMPLE/0000217.png,degradation_clean,clean,0,1,0,1.4530714750289917,11.058089256286621,-9.60501766204834,6.732336623826995e-05,0.9990149736404419
218,218,EXTERNAL_SAMPLE/0000218.png,degradation_clean,clean,0,1,0,1.6352943181991577,8.980791091918945,-7.345496654510498,0.0006351142656058073,0.9839216470718384
219,219,EXTERNAL_SAMPLE/0000219.png,degradation_clean,clean,0,1,0,2.195056915283203,6.869328022003174,-4.674271106719971,0.008745227009057999,0.9370899200439453
220,220,EXTERNAL_SAMPLE/0000220.png,degradation_clean,clean,0,1,0,2.7029833793640137,6.8437299728393555,-4.140746593475342,0.011854114942252636,0.7450278997421265
221,221,EXTERNAL_SAMPLE/0000221.png,degradation_clean,clean,0,1,0,2.032586097717285,8.693406105041504,-6.660820007324219,0.0012645205715671182,0.9878324270248413
222,222,EXTERNAL_SAMPLE/0000222.png,degradation_clean,clean,0,1,0,2.108455181121826,9.991364479064941,-7.882909297943115,0.00037556051393039525,0.9958270192146301
223,223,EXTERNAL_SAMPLE/0000223.png,degradation_clean,clean,0,1,0,2.272080183029175,13.970436096191406,-11.698355674743652,8.307059033541009e-06,0.9999507665634155
224,224,EXTERNAL_SAMPLE/0000224.png,degradation_clean,clean,0,1,0,1.227486491203308,5.983159065246582,-4.755672454833984,0.006751340348273516,0.7847879528999329
225,225,EXTERNAL_SAMPLE/0000225.png,degradation_clean,clean,0,1,0,1.9659998416900635,5.6040263175964355,-3.638026475906372,0.020092712715268135,0.7638593316078186
226,226,EXTERNAL_SAMPLE/0000226.png,degradation_clean,clean,0,1,0,1.1879421472549438,5.170646667480469,-3.9827046394348145,0.008767389692366123,0.470475435256958
227,227,EXTERNAL_SAMPLE/0000227.png,degradation_clean,clean,0,1,0,1.6905226707458496,9.907395362854004,-8.216873168945312,0.00026912864996120334,0.9965580105781555
228,228,EXTERNAL_SAMPLE/0000228.png,degradation_clean,clean,0,1,0,2.9739928245544434,6.17496919631958,-3.2009763717651367,0.03154385834932327,0.7746066451072693
229,229,EXTERNAL_SAMPLE/0000229.png,degradation_clean,clean,0,1,0,2.631681203842163,11.87483024597168,-9.243148803710938,9.6747069619596e-05,0.9997382760047913
230,230,EXTERNAL_SAMPLE/0000230.png,degradation_clean,clean,0,1,0,2.4293689727783203,18.034326553344727,-15.604957580566406,1.670523772645538e-07,0.9999991655349731
231,231,EXTERNAL_SAMPLE/0000231.png,degradation_clean,clean,0,1,0,1.825258493423462,4.538321018218994,-2.7130625247955322,0.028696687892079353,0.4326132535934448
232,232,EXTERNAL_SAMPLE/0000232.png,degradation_clean,clean,0,1,0,1.93037748336792,5.712043285369873,-3.781665802001953,0.013331393711268902,0.5851027369499207
233,233,EXTERNAL_SAMPLE/0000233.png,degradation_clean,clean,0,1,0,2.0398216247558594,9.181327819824219,-7.141506195068359,0.0007856438751332462,0.9925272464752197
234,234,EXTERNAL_SAMPLE/0000234.png,degradation_clean,clean,0,1,0,2.282316207885742,5.131925106048584,-2.849608898162842,0.04092288017272949,0.7071892023086548
235,235,EXTERNAL_SAMPLE/0000235.png,degradation_clean,clean,0,1,0,2.802013397216797,10.704044342041016,-7.902030944824219,0.00036962228477932513,0.9990025162696838
236,236,EXTERNAL_SAMPLE/0000236.png,degradation_clean,clean,0,1,9,2.0149903297424316,4.682539939880371,-2.6675496101379395,0.022168898954987526,0.3193347752094269
237,237,EXTERNAL_SAMPLE/0000237.png,degradation_clean,clean,0,1,0,2.251676082611084,11.481773376464844,-9.230096817016602,9.79861943051219e-05,0.999413013458252
238,238,EXTERNAL_SAMPLE/0000238.png,degradation_clean,clean,0,1,9,1.9465272426605225,5.986535549163818,-4.040008544921875,0.006729196757078171,0.38239872455596924
239,239,EXTERNAL_SAMPLE/0000239.png,degradation_clean,clean,0,1,0,1.8774775266647339,6.912018299102783,-5.03454065322876,0.005192152224481106,0.7976652383804321
240,240,EXTERNAL_SAMPLE/0000240.png,degradation_clean,clean,0,1,0,2.652726650238037,5.44761323928833,-2.794886589050293,0.03486817702651024,0.5704703330993652
241,241,EXTERNAL_SAMPLE/0000241.png,degradation_clean,clean,0,1,0,1.3396865129470825,8.184584617614746,-6.844898223876953,0.0008923150016926229,0.8379531502723694
242,242,EXTERNAL_SAMPLE/0000242.png,degradation_clean,clean,0,1,0,1.935198426246643,8.969280242919922,-7.034081935882568,0.000873076671268791,0.9906388521194458
243,243,EXTERNAL_SAMPLE/0000243.png,degradation_clean,clean,0,1,0,1.1090526580810547,8.498730659484863,-7.389678001403809,0.0006017255946062505,0.9743048548698425
244,244,EXTERNAL_SAMPLE/0000244.png,degradation_clean,clean,0,1,8,2.007228136062622,4.224574089050293,-2.217345952987671,0.024652285501360893,0.2263801246881485
245,245,EXTERNAL_SAMPLE/0000245.png,degradation_clean,clean,0,1,1,2.791029930114746,0.8702174425125122,1.9208124876022339,0.21123023331165314,0.03094267100095749
246,246,EXTERNAL_SAMPLE/0000246.png,degradation_clean,clean,0,1,0,2.0024354457855225,8.03883171081543,-6.036396026611328,0.0022766622714698315,0.9525155425071716
247,247,EXTERNAL_SAMPLE/0000247.png,degradation_clean,clean,0,1,0,1.7736549377441406,6.215567111968994,-4.4419121742248535,0.010260302573442459,0.8714814186096191
248,248,EXTERNAL_SAMPLE/0000248.png,degradation_clean,clean,0,1,0,2.073983669281006,9.767779350280762,-7.693795680999756,0.0004543069808278233,0.9970625042915344
249,249,EXTERNAL_SAMPLE/0000249.png,degradation_clean,clean,0,1,0,2.9362359046936035,7.256460666656494,-4.320224761962891,0.011266002431511879,0.8472656607627869
250,250,EXTERNAL_SAMPLE/0000250.png,degradation_clean,clean,0,1,9,0.987289547920227,2.056718111038208,-1.069428563117981,0.02134416438639164,0.06219079717993736
251,251,EXTERNAL_SAMPLE/0000251.png,degradation_clean,clean,0,1,8,1.739761233329773,2.684767246246338,-0.9450060129165649,0.024879418313503265,0.06401047110557556
252,252,EXTERNAL_SAMPLE/0000252.png,degradation_clean,clean,0,1,0,2.911391258239746,4.05525016784668,-1.1438589096069336,0.09880483150482178,0.31013429164886475
253,253,EXTERNAL_SAMPLE/0000253.png,degradation_clean,clean,0,1,0,2.191390037536621,9.21325397491455,-7.02186393737793,0.0008641598979011178,0.9686142206192017
254,254,EXTERNAL_SAMPLE/0000254.png,degradation_clean,clean,0,1,0,1.5061800479888916,5.247654914855957,-3.7414748668670654,0.011961542069911957,0.5043001174926758
255,255,EXTERNAL_SAMPLE/0000255.png,degradation_clean,clean,0,1,0,1.9561156034469604,6.887543678283691,-4.931427955627441,0.003589554224163294,0.4974305331707001
256,256,EXTERNAL_SAMPLE/0000256.png,degradation_clean,clean,0,1,0,3.529822826385498,6.348602771759033,-2.818779945373535,0.050565674901008606,0.8472983837127686
257,257,EXTERNAL_SAMPLE/0000257.png,degradation_clean,clean,0,1,9,1.306050419807434,4.175364017486572,-2.8693137168884277,0.0085806455463171,0.15123318135738373
258,258,EXTERNAL_SAMPLE/0000258.png,degradation_clean,clean,0,1,0,1.8417004346847534,9.586844444274902,-7.745143890380859,0.0004290947690606117,0.9913488030433655
259,259,EXTERNAL_SAMPLE/0000259.png,degradation_clean,clean,0,1,0,3.30570650100708,11.423884391784668,-8.11817741394043,0.00029788073152303696,0.9993602633476257
260,260,EXTERNAL_SAMPLE/0000260.png,degradation_clean,clean,0,1,0,2.0160939693450928,5.375696182250977,-3.359602212905884,0.01619473099708557,0.4660477638244629
261,261,EXTERNAL_SAMPLE/0000261.png,degradation_clean,clean,0,1,0,1.6455312967300415,6.617486953735352,-4.9719557762146,0.006409408524632454,0.9249343872070312
262,262,EXTERNAL_SAMPLE/0000262.png,degradation_clean,clean,0,1,0,1.2789335250854492,9.425941467285156,-8.147007942199707,0.0002871729084290564,0.9916171431541443
263,263,EXTERNAL_SAMPLE/0000263.png,degradation_clean,clean,0,1,8,1.935465693473816,3.8364551067352295,-1.9009894132614136,0.016009707003831863,0.10714515298604965
264,264,EXTERNAL_SAMPLE/0000264.png,degradation_clean,clean,0,1,0,2.091517448425293,11.25490951538086,-9.163392066955566,0.00010472927533555776,0.9992604851722717
265,265,EXTERNAL_SAMPLE/0000265.png,degradation_clean,clean,0,1,0,2.097437620162964,7.230534553527832,-5.133096694946289,0.005588583182543516,0.9474957585334778
266,266,EXTERNAL_SAMPLE/0000266.png,degradation_clean,clean,0,1,0,4.50496244430542,10.628074645996094,-6.123112201690674,0.002184934914112091,0.9969475865364075
267,267,EXTERNAL_SAMPLE/0000267.png,degradation_clean,clean,0,1,0,1.2345048189163208,13.745926856994629,-12.511422157287598,3.684019247884862e-06,0.9999159574508667
268,268,EXTERNAL_SAMPLE/0000268.png,degradation_clean,clean,0,1,0,3.328852891921997,5.90092658996582,-2.5720736980438232,0.06067733094096184,0.7944450974464417
269,269,EXTERNAL_SAMPLE/0000269.png,degradation_clean,clean,0,1,8,2.4045896530151367,3.246553421020508,-0.8419637680053711,0.0012235071044415236,0.002839662367478013
270,270,EXTERNAL_SAMPLE/0000270.png,degradation_clean,clean,0,1,0,2.166455030441284,7.149835586547852,-4.983380317687988,0.004505934193730354,0.6577175259590149
271,271,EXTERNAL_SAMPLE/0000271.png,degradation_clean,clean,0,1,0,2.717813491821289,12.379655838012695,-9.661842346191406,6.36539189144969e-05,0.999792754650116
272,272,EXTERNAL_SAMPLE/0000272.png,degradation_clean,clean,0,1,0,3.0866665840148926,6.464548587799072,-3.3778820037841797,0.03036728873848915,0.8900236487388611
273,273,EXTERNAL_SAMPLE/0000273.png,degradation_clean,clean,0,1,8,1.9950344562530518,7.774065017700195,-5.779030799865723,0.0012053295504301786,0.3898584842681885
274,274,EXTERNAL_SAMPLE/0000274.png,degradation_clean,clean,0,1,0,3.2109806537628174,10.655220031738281,-7.444239616394043,0.0005837153294123709,0.9981441497802734
275,275,EXTERNAL_SAMPLE/0000275.png,degradation_clean,clean,0,1,0,2.0435233116149902,7.683773040771484,-5.640249729156494,0.003258545882999897,0.9173882007598877
276,276,EXTERNAL_SAMPLE/0000276.png,degradation_clean,clean,0,1,0,2.5311763286590576,15.923025131225586,-13.39184856414795,1.5275372788892128e-06,0.9999947547912598
277,277,EXTERNAL_SAMPLE/0000277.png,degradation_clean,clean,0,1,8,1.7507437467575073,2.2874855995178223,-0.5367418527603149,0.021946191787719727,0.03753730654716492
278,278,EXTERNAL_SAMPLE/0000278.png,degradation_clean,clean,0,1,0,1.7391877174377441,8.827570915222168,-7.088383197784424,0.0005448639276437461,0.6527302861213684
279,279,EXTERNAL_SAMPLE/0000279.png,degradation_clean,clean,0,1,0,1.914002776145935,5.861729145050049,-3.947726249694824,0.01397823728621006,0.7243161201477051
280,280,EXTERNAL_SAMPLE/0000280.png,degradation_clean,clean,0,1,0,2.637608289718628,5.751415729522705,-3.113807439804077,0.02642313949763775,0.5946943163871765
281,281,EXTERNAL_SAMPLE/0000281.png,degradation_clean,clean,0,1,0,2.5075366497039795,8.68863582611084,-6.181098937988281,0.0020421016961336136,0.987403154373169
282,282,EXTERNAL_SAMPLE/0000282.png,degradation_clean,clean,0,1,0,2.418365716934204,9.956644058227539,-7.538278579711914,0.0005308105610311031,0.9971771240234375
283,283,EXTERNAL_SAMPLE/0000283.png,degradation_clean,clean,0,1,0,3.012768030166626,13.604706764221191,-10.591938972473145,2.5116220058407634e-05,0.9999421834945679
284,284,EXTERNAL_SAMPLE/0000284.png,degradation_clean,clean,0,1,0,3.2997097969055176,5.643035411834717,-2.343325614929199,0.07026012241840363,0.7318166494369507
285,285,EXTERNAL_SAMPLE/0000285.png,degradation_clean,clean,0,1,0,3.367316961288452,7.898533344268799,-4.531216621398926,0.010330437682569027,0.9594030976295471
286,286,EXTERNAL_SAMPLE/0000286.png,degradation_clean,clean,0,1,0,2.273437738418579,6.856389999389648,-4.582952499389648,0.00940398033708334,0.9197350144386292
287,287,EXTERNAL_SAMPLE/0000287.png,degradation_clean,clean,0,1,0,2.7009642124176025,13.966996192932129,-11.266032218933105,1.2799791875295341e-05,0.9999505281448364
288,288,EXTERNAL_SAMPLE/0000288.png,degradation_clean,clean,0,1,0,2.1161062717437744,5.998830795288086,-3.8827245235443115,0.016136599704623222,0.783534049987793
289,289,EXTERNAL_SAMPLE/0000289.png,degradation_clean,clean,0,1,0,2.4203925132751465,13.665936470031738,-11.24554443359375,1.3064859558653552e-05,0.9999600648880005
290,290,EXTERNAL_SAMPLE/0000290.png,degradation_clean,clean,0,1,0,2.1658763885498047,8.923824310302734,-6.75794792175293,0.0011380442883819342,0.9797124862670898
291,291,EXTERNAL_SAMPLE/0000291.png,degradation_clean,clean,0,1,0,2.100745439529419,11.814032554626465,-9.713287353515625,6.044361725798808e-05,0.9994878768920898
292,292,EXTERNAL_SAMPLE/0000292.png,degradation_clean,clean,0,1,0,1.8272627592086792,8.778548240661621,-6.951285362243652,0.0009499141597189009,0.9921771883964539
293,293,EXTERNAL_SAMPLE/0000293.png,degradation_clean,clean,0,1,9,2.12447452545166,4.46088981628418,-2.3364152908325195,0.03582348674535751,0.3705613613128662
294,294,EXTERNAL_SAMPLE/0000294.png,degradation_clean,clean,0,1,0,3.742842674255371,6.767506122589111,-3.0246634483337402,0.04383542016148567,0.9024430513381958
295,295,EXTERNAL_SAMPLE/0000295.png,degradation_clean,clean,0,1,0,4.438472747802734,6.972296714782715,-2.5338239669799805,0.06661909073591232,0.8395072817802429
296,296,EXTERNAL_SAMPLE/0000296.png,degradation_clean,clean,0,1,0,3.04695463180542,9.04082202911377,-5.99386739730835,0.002474605804309249,0.9922236204147339
297,297,EXTERNAL_SAMPLE/0000297.png,degradation_clean,clean,0,1,0,2.553983449935913,8.991621971130371,-6.437638282775879,0.0015578912571072578,0.9735716581344604
298,298,EXTERNAL_SAMPLE/0000298.png,degradation_clean,clean,0,1,0,2.0397837162017822,11.571279525756836,-9.531496047973633,7.247577013913542e-05,0.999238133430481
299,299,EXTERNAL_SAMPLE/0000299.png,degradation_clean,clean,0,1,0,2.0183959007263184,7.177551746368408,-5.15915584564209,0.005547456908971071,0.9653545618057251
300,300,EXTERNAL_SAMPLE/0000300.png,degradation_clean,clean,0,1,0,3.8888893127441406,9.396262168884277,-5.507372856140137,0.003988582640886307,0.9831963777542114
301,301,EXTERNAL_SAMPLE/0000301.png,degradation_clean,clean,0,1,0,1.2063684463500977,13.032248497009277,-11.82588005065918,7.3121791501762345e-06,0.999910831451416
302,302,EXTERNAL_SAMPLE/0000302.png,degradation_clean,clean,0,1,0,1.6391654014587402,8.604366302490234,-6.965200901031494,0.0009369397885166109,0.9923387765884399
303,303,EXTERNAL_SAMPLE/0000303.png,degradation_clean,clean,0,1,0,1.4424177408218384,7.781437873840332,-6.339020252227783,0.0017190494108945131,0.9733966588973999
304,304,EXTERNAL_SAMPLE/0000304.png,degradation_clean,clean,0,1,0,2.2105817794799805,10.932888984680176,-8.722307205200195,0.0001627292949706316,0.9988853335380554
305,305,EXTERNAL_SAMPLE/0000305.png,degradation_clean,clean,0,1,0,2.452249050140381,4.766054630279541,-2.31380558013916,0.06449604779481888,0.6522380113601685
306,306,EXTERNAL_SAMPLE/0000306.png,degradation_clean,clean,0,1,0,2.3819901943206787,9.566821098327637,-7.184830665588379,0.0007552403258159757,0.9963627457618713
307,307,EXTERNAL_SAMPLE/0000307.png,degradation_clean,clean,0,1,0,2.579233407974243,8.95686149597168,-6.377628326416016,0.0016864235512912273,0.9925112724304199
308,308,EXTERNAL_SAMPLE/0000308.png,degradation_clean,clean,0,1,0,2.2090418338775635,8.104355812072754,-5.8953142166137695,0.0026949718594551086,0.9791668057441711
309,309,EXTERNAL_SAMPLE/0000309.png,degradation_clean,clean,0,1,0,2.5655670166015625,7.079705715179443,-4.514138698577881,0.010260241106152534,0.9367486834526062
310,310,EXTERNAL_SAMPLE/0000310.png,degradation_clean,clean,0,1,0,2.67130184173584,9.580222129821777,-6.9089202880859375,0.0009949792874976993,0.9961391091346741
311,311,EXTERNAL_SAMPLE/0000311.png,degradation_clean,clean,0,1,0,1.5512778759002686,8.224333763122559,-6.673055648803711,0.0012376199010759592,0.9787200689315796
312,312,EXTERNAL_SAMPLE/0000312.png,degradation_clean,clean,0,1,0,0.9365823268890381,9.091639518737793,-8.155056953430176,0.0002723680227063596,0.9480960965156555
313,313,EXTERNAL_SAMPLE/0000313.png,degradation_clean,clean,0,1,0,1.4567607641220093,14.873492240905762,-13.416731834411621,1.4899766256348812e-06,0.9999817609786987
314,314,EXTERNAL_SAMPLE/0000314.png,degradation_clean,clean,0,1,0,2.909372568130493,4.141234874725342,-1.2318623065948486,0.10960813611745834,0.37569358944892883
315,315,EXTERNAL_SAMPLE/0000315.png,degradation_clean,clean,0,1,0,1.8252294063568115,6.617827892303467,-4.792598724365234,0.00752360001206398,0.9074544906616211
316,316,EXTERNAL_SAMPLE/0000316.png,degradation_clean,clean,0,1,0,1.7723116874694824,9.933964729309082,-8.161653518676758,0.0002842727699317038,0.9960849285125732
317,317,EXTERNAL_SAMPLE/0000317.png,degradation_clean,clean,0,1,0,2.70037579536438,6.881760120391846,-4.181384086608887,0.014167807064950466,0.9273735284805298
318,318,EXTERNAL_SAMPLE/0000318.png,degradation_clean,clean,0,1,0,1.3388128280639648,6.056449890136719,-4.717637062072754,0.007079914212226868,0.7922673225402832
319,319,EXTERNAL_SAMPLE/0000319.png,degradation_clean,clean,0,1,0,3.47739577293396,6.816860198974609,-3.3394644260406494,0.0311687383800745,0.8790836334228516
320,320,EXTERNAL_SAMPLE/0000320.png,degradation_clean,clean,0,1,8,1.5349868535995483,5.30508279800415,-3.7700958251953125,0.001697808038443327,0.07365808635950089
321,321,EXTERNAL_SAMPLE/0000321.png,degradation_clean,clean,0,1,0,2.300654411315918,11.901419639587402,-9.600765228271484,6.764246063539758e-05,0.9994907379150391
322,322,EXTERNAL_SAMPLE/0000322.png,degradation_clean,clean,0,1,0,2.2810230255126953,8.28415584564209,-6.0031328201293945,0.0024121610913425684,0.9761885404586792
323,323,EXTERNAL_SAMPLE/0000323.png,degradation_clean,clean,0,1,0,1.973807454109192,9.62841510772705,-7.654607772827148,0.00047175667714327574,0.9955703616142273
324,324,EXTERNAL_SAMPLE/0000324.png,degradation_clean,clean,0,1,0,2.384589195251465,10.79025650024414,-8.405667304992676,0.00022247432207223028,0.9949811100959778
325,325,EXTERNAL_SAMPLE/0000325.png,degradation_clean,clean,0,1,0,2.642646551132202,15.217129707336426,-12.574482917785645,3.4591055282362504e-06,0.9999823570251465
326,326,EXTERNAL_SAMPLE/0000326.png,degradation_clean,clean,0,1,8,2.7005598545074463,4.381550312042236,-1.68099045753479,0.0011519568506628275,0.0061870152130723
327,327,EXTERNAL_SAMPLE/0000327.png,degradation_clean,clean,0,1,0,1.6622676849365234,3.7605996131896973,-2.098331928253174,0.040132489055395126,0.3271825313568115
328,328,EXTERNAL_SAMPLE/0000328.png,degradation_clean,clean,0,1,2,0.6923539638519287,3.7632229328155518,-3.070868968963623,0.008032763376832008,0.17319148778915405
329,329,EXTERNAL_SAMPLE/0000329.png,degradation_clean,clean,0,1,0,1.8450454473495483,7.8375115394592285,-5.992465972900391,0.002457947237417102,0.9841639399528503
330,330,EXTERNAL_SAMPLE/0000330.png,degradation_clean,clean,0,1,0,1.464873194694519,7.197141647338867,-5.732268333435059,0.00281466799788177,0.8687997460365295
331,331,EXTERNAL_SAMPLE/0000331.png,degradation_clean,clean,0,1,0,2.3368539810180664,5.7829132080078125,-3.446059226989746,0.022756578400731087,0.7140217423439026
332,332,EXTERNAL_SAMPLE/0000332.png,degradation_clean,clean,0,1,0,3.0388264656066895,10.345490455627441,-7.306663990020752,0.0006690409500151873,0.9970031380653381
333,333,EXTERNAL_SAMPLE/0000333.png,degradation_clean,clean,0,1,0,1.941421389579773,6.840460300445557,-4.899038791656494,0.007059251889586449,0.9470745921134949
334,334,EXTERNAL_SAMPLE/0000334.png,degradation_clean,clean,0,1,0,1.2431544065475464,8.85205078125,-7.608896255493164,0.0004895634483546019,0.9869851469993591
335,335,EXTERNAL_SAMPLE/0000335.png,degradation_clean,clean,0,1,0,3.1580891609191895,15.508354187011719,-12.350265502929688,4.328560862632003e-06,0.9999901056289673
336,336,EXTERNAL_SAMPLE/0000336.png,degradation_clean,clean,0,1,0,2.6458308696746826,6.663808822631836,-4.017977714538574,0.016682928428053856,0.9273802638053894
337,337,EXTERNAL_SAMPLE/0000337.png,degradation_clean,clean,0,1,0,3.1695947647094727,5.70628547668457,-2.5366907119750977,0.045372795313596725,0.5734113454818726
338,338,EXTERNAL_SAMPLE/0000338.png,degradation_clean,clean,0,1,8,1.6857184171676636,3.8397183418273926,-2.1539998054504395,0.035985466092824936,0.3101682662963867
339,339,EXTERNAL_SAMPLE/0000339.png,degradation_clean,clean,0,1,0,4.111237049102783,11.514081001281738,-7.402843952178955,0.0006087341462261975,0.998715877532959
340,340,EXTERNAL_SAMPLE/0000340.png,degradation_clean,clean,0,1,8,1.5906672477722168,0.49170055985450745,1.0989667177200317,0.009251648560166359,0.0030827904120087624
341,341,EXTERNAL_SAMPLE/0000341.png,degradation_clean,clean,0,1,0,2.9521484375,11.23808479309082,-8.28593635559082,0.00025183585239574313,0.9992037415504456
342,342,EXTERNAL_SAMPLE/0000342.png,degradation_clean,clean,0,1,0,2.4545769691467285,4.48095178604126,-2.0263748168945312,0.05846232920885086,0.4435264468193054
343,343,EXTERNAL_SAMPLE/0000343.png,degradation_clean,clean,0,1,0,2.4990382194519043,9.205641746520996,-6.706603527069092,0.0012135178549215198,0.9924006462097168
344,344,EXTERNAL_SAMPLE/0000344.png,degradation_clean,clean,0,1,0,1.6278295516967773,6.237861156463623,-4.610031604766846,0.008617124520242214,0.8659117817878723
345,345,EXTERNAL_SAMPLE/0000345.png,degradation_clean,clean,0,1,0,1.9678239822387695,11.125565528869629,-9.15774154663086,0.0001053269807016477,0.9993008375167847
346,346,EXTERNAL_SAMPLE/0000346.png,degradation_clean,clean,0,1,0,2.401524066925049,4.000042915344238,-1.5985188484191895,0.08405675739049911,0.4157196581363678
347,347,EXTERNAL_SAMPLE/0000347.png,degradation_clean,clean,0,1,0,2.532674551010132,12.204825401306152,-9.672150611877441,6.299741653492674e-05,0.9997337460517883
348,348,EXTERNAL_SAMPLE/0000348.png,degradation_clean,clean,0,1,0,1.8999459743499756,11.060701370239258,-9.160755157470703,0.00010502659279154614,0.999458372592926
349,349,EXTERNAL_SAMPLE/0000349.png,degradation_clean,clean,0,1,0,2.600637435913086,12.80677318572998,-10.206135749816895,3.693681719596498e-05,0.9998340606689453
350,350,EXTERNAL_SAMPLE/0000350.png,degradation_clean,clean,0,1,0,2.6656742095947266,9.179242134094238,-6.513567924499512,0.0014736565062776208,0.9935801029205322
351,351,EXTERNAL_SAMPLE/0000351.png,degradation_clean,clean,0,1,0,2.699355125427246,6.810006141662598,-4.110651016235352,0.014899242669343948,0.9086512923240662
352,352,EXTERNAL_SAMPLE/0000352.png,degradation_clean,clean,0,1,0,1.839345097541809,6.932105541229248,-5.0927605628967285,0.005820973310619593,0.9478800892829895
353,353,EXTERNAL_SAMPLE/0000353.png,degradation_clean,clean,0,1,0,2.384634494781494,13.104092597961426,-10.719457626342773,2.2108888515504077e-05,0.9999268054962158
354,354,EXTERNAL_SAMPLE/0000354.png,degradation_clean,clean,0,1,0,1.890074372291565,6.954937934875488,-5.064863681793213,0.005236052442342043,0.8291752934455872
355,355,EXTERNAL_SAMPLE/0000355.png,degradation_clean,clean,0,1,0,1.407224416732788,7.162602424621582,-5.755377769470215,0.0023359761107712984,0.7378994226455688
356,356,EXTERNAL_SAMPLE/0000356.png,degradation_clean,clean,0,1,0,4.142682075500488,9.14305305480957,-5.000370979309082,0.006668340880423784,0.9900367259979248
357,357,EXTERNAL_SAMPLE/0000357.png,degradation_clean,clean,0,1,0,2.00439715385437,7.722817897796631,-5.71842098236084,0.0030051060020923615,0.9148259162902832
358,358,EXTERNAL_SAMPLE/0000358.png,degradation_clean,clean,0,1,0,3.251281976699829,10.02920913696289,-6.777927398681641,0.0011350223794579506,0.9968294501304626
359,359,EXTERNAL_SAMPLE/0000359.png,degradation_clean,clean,0,1,0,3.278214454650879,7.969219207763672,-4.691004753112793,0.008939295075833797,0.9740488529205322
360,360,EXTERNAL_SAMPLE/0000360.png,degradation_clean,clean,0,1,0,1.3540977239608765,6.057882308959961,-4.703784465789795,0.007042857352644205,0.7772783041000366
361,361,EXTERNAL_SAMPLE/0000361.png,degradation_clean,clean,0,1,0,2.16024112701416,11.10770034790039,-8.94745922088623,0.0001299071591347456,0.9987694621086121
362,362,EXTERNAL_SAMPLE/0000362.png,degradation_clean,clean,0,1,0,1.779808759689331,5.785505294799805,-4.0056962966918945,0.01104648970067501,0.6065632700920105
363,363,EXTERNAL_SAMPLE/0000363.png,degradation_clean,clean,0,1,0,1.8965966701507568,4.969895839691162,-3.0732991695404053,0.02899731881916523,0.6267216801643372
364,364,EXTERNAL_SAMPLE/0000364.png,degradation_clean,clean,0,1,0,2.575834274291992,9.196231842041016,-6.620397567749023,0.0013261890271678567,0.9949644804000854
365,365,EXTERNAL_SAMPLE/0000365.png,degradation_clean,clean,0,1,8,1.7612099647521973,5.286771297454834,-3.5255613327026367,0.005983605980873108,0.20328006148338318
366,366,EXTERNAL_SAMPLE/0000366.png,degradation_clean,clean,0,1,0,4.61461877822876,10.368542671203613,-5.7539238929748535,0.0031562517397105694,0.9955636262893677
367,367,EXTERNAL_SAMPLE/0000367.png,degradation_clean,clean,0,1,0,2.468536376953125,7.08880615234375,-4.620269775390625,0.009096122346818447,0.9234512448310852
368,368,EXTERNAL_SAMPLE/0000368.png,degradation_clean,clean,0,1,0,2.6830549240112305,8.05212116241455,-5.36906623840332,0.004514372441917658,0.9690657258033752
369,369,EXTERNAL_SAMPLE/0000369.png,degradation_clean,clean,0,1,0,2.1409342288970947,4.531949043273926,-2.391014814376831,0.04074176400899887,0.44508641958236694
370,370,EXTERNAL_SAMPLE/0000370.png,degradation_clean,clean,0,1,0,3.9936635494232178,9.542956352233887,-5.54929256439209,0.003863693680614233,0.9931842684745789
371,371,EXTERNAL_SAMPLE/0000371.png,degradation_clean,clean,0,1,0,2.144174575805664,5.154140949249268,-3.0099663734436035,0.03487182408571243,0.7074348330497742
372,372,EXTERNAL_SAMPLE/0000372.png,degradation_clean,clean,0,1,0,2.7265307903289795,8.746498107910156,-6.019967079162598,0.0024079156573861837,0.9910139441490173
373,373,EXTERNAL_SAMPLE/0000373.png,degradation_clean,clean,0,1,0,2.6703431606292725,7.456532001495361,-4.786189079284668,0.008049333468079567,0.9646625518798828
374,374,EXTERNAL_SAMPLE/0000374.png,degradation_clean,clean,0,1,0,2.5535783767700195,8.6514892578125,-6.0979108810424805,0.002215220592916012,0.985612154006958
375,375,EXTERNAL_SAMPLE/0000375.png,degradation_clean,clean,0,1,8,2.5915699005126953,2.8167836666107178,-0.22521376609802246,0.0981568694114685,0.12295035272836685
376,376,EXTERNAL_SAMPLE/0000376.png,degradation_clean,clean,0,1,0,1.5790611505508423,5.417872428894043,-3.8388113975524902,0.012581904418766499,0.5846837162971497
377,377,EXTERNAL_SAMPLE/0000377.png,degradation_clean,clean,0,1,0,2.251988649368286,10.873205184936523,-8.621216773986816,0.00018006372556556016,0.9990174770355225
378,378,EXTERNAL_SAMPLE/0000378.png,degradation_clean,clean,0,1,0,2.0092453956604004,12.091569900512695,-10.082324981689453,4.179714233032428e-05,0.9996424913406372
379,379,EXTERNAL_SAMPLE/0000379.png,degradation_clean,clean,0,1,0,1.4228553771972656,8.809233665466309,-7.386378288269043,0.0006086317589506507,0.9822407364845276
380,380,EXTERNAL_SAMPLE/0000380.png,degradation_clean,clean,0,1,0,3.2261972427368164,16.427209854125977,-13.20101261138916,1.8487195347915986e-06,0.9999953508377075
381,381,EXTERNAL_SAMPLE/0000381.png,degradation_clean,clean,0,1,0,1.7314645051956177,7.0117645263671875,-5.280300140380859,0.003981065470725298,0.7819960117340088
382,382,EXTERNAL_SAMPLE/0000382.png,degradation_clean,clean,0,1,0,2.363025188446045,5.5790324211120605,-3.2160072326660156,0.031441595405340195,0.7837883234024048
383,383,EXTERNAL_SAMPLE/0000383.png,degradation_clean,clean,0,1,0,2.3212149143218994,10.147764205932617,-7.826549530029297,0.00039834732888266444,0.9983646273612976
384,384,EXTERNAL_SAMPLE/0000384.png,degradation_clean,clean,0,1,0,1.6392608880996704,6.642676830291748,-5.003416061401367,0.0060849967412650585,0.9061838984489441
385,385,EXTERNAL_SAMPLE/0000385.png,degradation_clean,clean,0,1,0,2.2469029426574707,7.959806442260742,-5.7129034996032715,0.0032441038638353348,0.9821486473083496
386,386,EXTERNAL_SAMPLE/0000386.png,degradation_clean,clean,0,1,0,2.7134978771209717,10.483015060424805,-7.769516944885254,0.00042103289160877466,0.9967227578163147
387,387,EXTERNAL_SAMPLE/0000387.png,degradation_clean,clean,1,1,1,7.655298709869385,7.655298709869385,0.0,0.9355335235595703,0.9355335235595703
388,388,EXTERNAL_SAMPLE/0000388.png,degradation_clean,clean,1,1,1,6.963008880615234,6.963008880615234,0.0,0.8389851450920105,0.8389851450920105
389,389,EXTERNAL_SAMPLE/0000389.png,degradation_clean,clean,1,1,1,7.9069037437438965,7.9069037437438965,0.0,0.9609194993972778,0.9609194993972778
390,390,EXTERNAL_SAMPLE/0000390.png,degradation_clean,clean,1,1,1,7.093011379241943,7.093011379241943,0.0,0.916579008102417,0.916579008102417
391,391,EXTERNAL_SAMPLE/0000391.png,degradation_clean,clean,1,1,1,4.0802741050720215,4.0802741050720215,0.0,0.4563361406326294,0.4563361406326294
392,392,EXTERNAL_SAMPLE/0000392.png,degradation_clean,clean,1,1,8,5.277543067932129,5.277543067932129,0.0,0.18618236482143402,0.18618236482143402
393,393,EXTERNAL_SAMPLE/0000393.png,degradation_clean,clean,1,1,1,4.421431064605713,4.421431064605713,0.0,0.4477776288986206,0.4477776288986206
394,394,EXTERNAL_SAMPLE/0000394.png,degradation_clean,clean,1,1,8,3.0170249938964844,3.0170249938964844,0.0,0.072114497423172,0.072114497423172
395,395,EXTERNAL_SAMPLE/0000395.png,degradation_clean,clean,1,1,1,4.952223300933838,4.952223300933838,0.0,0.5078763365745544,0.5078763365745544
396,396,EXTERNAL_SAMPLE/0000396.png,degradation_clean,clean,1,1,1,7.207180500030518,7.207180500030518,0.0,0.9398497343063354,0.9398497343063354
397,397,EXTERNAL_SAMPLE/0000397.png,degradation_clean,clean,1,1,0,3.8622045516967773,3.8622045516967773,0.0,0.12534105777740479,0.12534105777740479
398,398,EXTERNAL_SAMPLE/0000398.png,degradation_clean,clean,1,1,8,3.6090383529663086,3.6090383529663086,0.0,0.017000360414385796,0.017000360414385796
399,399,EXTERNAL_SAMPLE/0000399.png,degradation_clean,clean,1,1,1,8.284526824951172,8.284526824951172,0.0,0.9426487684249878,0.9426487684249878
400,400,EXTERNAL_SAMPLE/0000400.png,degradation_clean,clean,1,1,1,6.724569797515869,6.724569797515869,0.0,0.8965945839881897,0.8965945839881897
401,401,EXTERNAL_SAMPLE/0000401.png,degradation_clean,clean,1,1,1,7.281008720397949,7.281008720397949,0.0,0.7989584803581238,0.7989584803581238
402,402,EXTERNAL_SAMPLE/0000402.png,degradation_clean,clean,1,1,1,5.903027057647705,5.903027057647705,0.0,0.8454982042312622,0.8454982042312622
403,403,EXTERNAL_SAMPLE/0000403.png,degradation_clean,clean,1,1,9,4.162391185760498,4.162391185760498,0.0,0.29745757579803467,0.29745757579803467
404,404,EXTERNAL_SAMPLE/0000404.png,degradation_clean,clean,1,1,1,5.686061859130859,5.686061859130859,0.0,0.6648329496383667,0.6648329496383667
405,405,EXTERNAL_SAMPLE/0000405.png,degradation_clean,clean,1,1,8,2.4903128147125244,2.4903128147125244,0.0,0.045659396797418594,0.045659396797418594
406,406,EXTERNAL_SAMPLE/0000406.png,degradation_clean,clean,1,1,9,2.3432462215423584,2.3432462215423584,0.0,0.01803412288427353,0.01803412288427353
407,407,EXTERNAL_SAMPLE/0000407.png,degradation_clean,clean,1,1,1,4.849998474121094,4.849998474121094,0.0,0.5411768555641174,0.5411768555641174
408,408,EXTERNAL_SAMPLE/0000408.png,degradation_clean,clean,1,1,1,6.7325053215026855,6.7325053215026855,0.0,0.6432570815086365,0.6432570815086365
409,409,EXTERNAL_SAMPLE/0000409.png,degradation_clean,clean,1,1,8,4.276047229766846,4.276047229766846,0.0,0.2184026539325714,0.2184026539325714
410,410,EXTERNAL_SAMPLE/0000410.png,degradation_clean,clean,1,1,9,3.628493309020996,3.628493309020996,0.0,0.09845249354839325,0.09845249354839325
411,411,EXTERNAL_SAMPLE/0000411.png,degradation_clean,clean,1,1,9,2.6775264739990234,2.6775264739990234,0.0,0.04726668819785118,0.04726668819785118
412,412,EXTERNAL_SAMPLE/0000412.png,degradation_clean,clean,1,1,1,6.884538650512695,6.884538650512695,0.0,0.9408175945281982,0.9408175945281982
413,413,EXTERNAL_SAMPLE/0000413.png,degradation_clean,clean,1,1,1,8.780308723449707,8.780308723449707,0.0,0.8421915173530579,0.8421915173530579
414,414,EXTERNAL_SAMPLE/0000414.png,degradation_clean,clean,1,1,1,5.012143611907959,5.012143611907959,0.0,0.426290363073349,0.426290363073349
415,415,EXTERNAL_SAMPLE/0000415.png,degradation_clean,clean,1,1,0,6.299945831298828,6.299945831298828,0.0,0.17895250022411346,0.17895250022411346
416,416,EXTERNAL_SAMPLE/0000416.png,degradation_clean,clean,1,1,8,4.3830671310424805,4.3830671310424805,0.0,0.09988546371459961,0.09988546371459961
417,417,EXTERNAL_SAMPLE/0000417.png,degradation_clean,clean,1,1,1,4.6343159675598145,4.6343159675598145,0.0,0.3664827346801758,0.3664827346801758
418,418,EXTERNAL_SAMPLE/0000418.png,degradation_clean,clean,1,1,1,6.421935081481934,6.421935081481934,0.0,0.8238105773925781,0.8238105773925781
419,419,EXTERNAL_SAMPLE/0000419.png,degradation_clean,clean,1,1,1,7.47642707824707,7.47642707824707,0.0,0.9330491423606873,0.9330491423606873
420,420,EXTERNAL_SAMPLE/0000420.png,degradation_clean,clean,1,1,1,9.63344955444336,9.63344955444336,0.0,0.995779275894165,0.995779275894165
421,421,EXTERNAL_SAMPLE/0000421.png,degradation_clean,clean,1,1,1,7.7903361320495605,7.7903361320495605,0.0,0.8249884247779846,0.8249884247779846
422,422,EXTERNAL_SAMPLE/0000422.png,degradation_clean,clean,1,1,9,4.26908016204834,4.26908016204834,0.0,0.12898454070091248,0.12898454070091248
423,423,EXTERNAL_SAMPLE/0000423.png,degradation_clean,clean,1,1,0,2.4537501335144043,2.4537501335144043,0.0,0.042808931320905685,0.042808931320905685
424,424,EXTERNAL_SAMPLE/0000424.png,degradation_clean,clean,1,1,1,5.897509574890137,5.897509574890137,0.0,0.6288623213768005,0.6288623213768005
425,425,EXTERNAL_SAMPLE/0000425.png,degradation_clean,clean,1,1,2,2.5223917961120605,2.5223917961120605,0.0,0.10536269098520279,0.10536269098520279
426,426,EXTERNAL_SAMPLE/0000426.png,degradation_clean,clean,1,1,0,1.946273684501648,1.946273684501648,0.0,0.027479661628603935,0.027479661628603935
427,427,EXTERNAL_SAMPLE/0000427.png,degradation_clean,clean,1,1,0,2.3591206073760986,2.3591206073760986,0.0,0.042744290083646774,0.042744290083646774
428,428,EXTERNAL_SAMPLE/0000428.png,degradation_clean,clean,1,1,0,3.3632073402404785,3.3632073402404785,0.0,0.027076909318566322,0.027076909318566322
429,429,EXTERNAL_SAMPLE/0000429.png,degradation_clean,clean,1,1,0,3.9377691745758057,3.9377691745758057,0.0,0.02373235486447811,0.02373235486447811
430,430,EXTERNAL_SAMPLE/0000430.png,degradation_clean,clean,1,1,1,4.677974224090576,4.677974224090576,0.0,0.5190339684486389,0.5190339684486389
431,431,EXTERNAL_SAMPLE/0000431.png,degradation_clean,clean,1,1,0,6.171730995178223,6.171730995178223,0.0,0.36719903349876404,0.36719903349876404
432,432,EXTERNAL_SAMPLE/0000432.png,degradation_clean,clean,1,1,0,2.2380120754241943,2.2380120754241943,0.0,0.07562875002622604,0.07562875002622604
433,433,EXTERNAL_SAMPLE/0000433.png,degradation_clean,clean,1,1,1,6.861439228057861,6.861439228057861,0.0,0.885703444480896,0.885703444480896
434,434,EXTERNAL_SAMPLE/0000434.png,degradation_clean,clean,1,1,1,7.205193519592285,7.205193519592285,0.0,0.9193992614746094,0.9193992614746094
435,435,EXTERNAL_SAMPLE/0000435.png,degradation_clean,clean,1,1,1,5.637955665588379,5.637955665588379,0.0,0.5872834920883179,0.5872834920883179
436,436,EXTERNAL_SAMPLE/0000436.png,degradation_clean,clean,1,1,1,5.384616851806641,5.384616851806641,0.0,0.6713254451751709,0.6713254451751709
437,437,EXTERNAL_SAMPLE/0000437.png,degradation_clean,clean,1,1,0,2.792975425720215,2.792975425720215,0.0,0.07011720538139343,0.07011720538139343
438,438,EXTERNAL_SAMPLE/0000438.png,degradation_clean,clean,1,1,3,3.1549201011657715,3.1549201011657715,0.0,0.12179071456193924,0.12179071456193924
439,439,EXTERNAL_SAMPLE/0000439.png,degradation_clean,clean,1,1,0,3.8432345390319824,3.8432345390319824,0.0,0.2681717872619629,0.2681717872619629
440,440,EXTERNAL_SAMPLE/0000440.png,degradation_clean,clean,1,1,1,6.300191879272461,6.300191879272461,0.0,0.7303280234336853,0.7303280234336853
441,441,EXTERNAL_SAMPLE/0000441.png,degradation_clean,clean,1,1,1,5.752294540405273,5.752294540405273,0.0,0.854333221912384,0.854333221912384
442,442,EXTERNAL_SAMPLE/0000442.png,degradation_clean,clean,1,1,1,12.581231117248535,12.581231117248535,0.0,0.9998376369476318,0.9998376369476318
443,443,EXTERNAL_SAMPLE/0000443.png,degradation_clean,clean,1,1,2,5.431765079498291,5.431765079498291,0.0,0.08154813945293427,0.08154813945293427
444,444,EXTERNAL_SAMPLE/0000444.png,degradation_clean,clean,1,1,1,4.533554553985596,4.533554553985596,0.0,0.5713117718696594,0.5713117718696594
445,445,EXTERNAL_SAMPLE/0000445.png,degradation_clean,clean,1,1,1,5.974619388580322,5.974619388580322,0.0,0.7789773941040039,0.7789773941040039
446,446,EXTERNAL_SAMPLE/0000446.png,degradation_clean,clean,1,1,9,2.192063570022583,2.192063570022583,0.0,0.011073167435824871,0.011073167435824871
447,447,EXTERNAL_SAMPLE/0000447.png,degradation_clean,clean,1,1,1,5.313663959503174,5.313663959503174,0.0,0.7561814188957214,0.7561814188957214
448,448,EXTERNAL_SAMPLE/0000448.png,degradation_clean,clean,1,1,1,4.28070068359375,4.28070068359375,0.0,0.4030943512916565,0.4030943512916565
449,449,EXTERNAL_SAMPLE/0000449.png,degradation_clean,clean,1,1,1,3.527649164199829,3.527649164199829,0.0,0.2902301549911499,0.2902301549911499
450,450,EXTERNAL_SAMPLE/0000450.png,degradation_clean,clean,1,1,1,7.899123668670654,7.899123668670654,0.0,0.9677833914756775,0.9677833914756775
451,451,EXTERNAL_SAMPLE/0000451.png,degradation_clean,clean,1,1,0,5.867998123168945,5.867998123168945,0.0,0.2349056750535965,0.2349056750535965
452,452,EXTERNAL_SAMPLE/0000452.png,degradation_clean,clean,1,1,0,3.148452043533325,3.148452043533325,0.0,0.04891587793827057,0.04891587793827057
453,453,EXTERNAL_SAMPLE/0000453.png,degradation_clean,clean,1,1,1,7.407202243804932,7.407202243804932,0.0,0.7783575057983398,0.7783575057983398
454,454,EXTERNAL_SAMPLE/0000454.png,degradation_clean,clean,1,1,8,2.5103759765625,2.5103759765625,0.0,0.04990161210298538,0.04990161210298538
455,455,EXTERNAL_SAMPLE/0000455.png,degradation_clean,clean,1,1,1,6.599266052246094,6.599266052246094,0.0,0.831849992275238,0.831849992275238
456,456,EXTERNAL_SAMPLE/0000456.png,degradation_clean,clean,1,1,0,3.2694382667541504,3.2694382667541504,0.0,0.10614626109600067,0.10614626109600067
457,457,EXTERNAL_SAMPLE/0000457.png,degradation_clean,clean,1,1,1,6.105589866638184,6.105589866638184,0.0,0.6747499704360962,0.6747499704360962
458,458,EXTERNAL_SAMPLE/0000458.png,degradation_clean,clean,1,1,0,3.0879833698272705,3.0879833698272705,0.0,0.13162751495838165,0.13162751495838165
459,459,EXTERNAL_SAMPLE/0000459.png,degradation_clean,clean,1,1,0,5.922983169555664,5.922983169555664,0.0,0.25444090366363525,0.25444090366363525
460,460,EXTERNAL_SAMPLE/0000460.png,degradation_clean,clean,1,1,8,4.4220733642578125,4.4220733642578125,0.0,0.32632651925086975,0.32632651925086975
461,461,EXTERNAL_SAMPLE/0000461.png,degradation_clean,clean,1,1,1,5.08179235458374,5.08179235458374,0.0,0.5286494493484497,0.5286494493484497
462,462,EXTERNAL_SAMPLE/0000462.png,degradation_clean,clean,1,1,1,5.316783905029297,5.316783905029297,0.0,0.3629371225833893,0.3629371225833893
463,463,EXTERNAL_SAMPLE/0000463.png,degradation_clean,clean,1,1,8,4.018035888671875,4.018035888671875,0.0,0.1918908655643463,0.1918908655643463
464,464,EXTERNAL_SAMPLE/0000464.png,degradation_clean,clean,1,1,1,8.346129417419434,8.346129417419434,0.0,0.9690742492675781,0.9690742492675781
465,465,EXTERNAL_SAMPLE/0000465.png,degradation_clean,clean,1,1,1,9.400930404663086,9.400930404663086,0.0,0.8284698128700256,0.8284698128700256
466,466,EXTERNAL_SAMPLE/0000466.png,degradation_clean,clean,1,1,8,2.4151597023010254,2.4151597023010254,0.0,0.1181153729557991,0.1181153729557991
467,467,EXTERNAL_SAMPLE/0000467.png,degradation_clean,clean,1,1,0,3.6250224113464355,3.6250224113464355,0.0,0.18612957000732422,0.18612957000732422
468,468,EXTERNAL_SAMPLE/0000468.png,degradation_clean,clean,1,1,1,6.693716526031494,6.693716526031494,0.0,0.8962448239326477,0.8962448239326477
469,469,EXTERNAL_SAMPLE/0000469.png,degradation_clean,clean,1,1,8,4.41755485534668,4.41755485534668,0.0,0.17249633371829987,0.17249633371829987
470,470,EXTERNAL_SAMPLE/0000470.png,degradation_clean,clean,1,1,2,3.0799617767333984,3.0799617767333984,0.0,0.03178034722805023,0.03178034722805023
471,471,EXTERNAL_SAMPLE/0000471.png,degradation_clean,clean,1,1,0,3.714418888092041,3.714418888092041,0.0,0.08558964729309082,0.08558964729309082
472,472,EXTERNAL_SAMPLE/0000472.png,degradation_clean,clean,1,1,1,4.500006675720215,4.500006675720215,0.0,0.5135233998298645,0.5135233998298645
473,473,EXTERNAL_SAMPLE/0000473.png,degradation_clean,clean,1,1,1,9.737003326416016,9.737003326416016,0.0,0.9899680614471436,0.9899680614471436
474,474,EXTERNAL_SAMPLE/0000474.png,degradation_clean,clean,1,1,1,8.628471374511719,8.628471374511719,0.0,0.9050427079200745,0.9050427079200745
475,475,EXTERNAL_SAMPLE/0000475.png,degradation_clean,clean,1,1,0,4.307724952697754,4.307724952697754,0.0,0.2802080512046814,0.2802080512046814
476,476,EXTERNAL_SAMPLE/0000476.png,degradation_clean,clean,1,1,1,8.857303619384766,8.857303619384766,0.0,0.9939455389976501,0.9939455389976501
477,477,EXTERNAL_SAMPLE/0000477.png,degradation_clean,clean,1,1,1,6.87930965423584,6.87930965423584,0.0,0.9217685461044312,0.9217685461044312
478,478,EXTERNAL_SAMPLE/0000478.png,degradation_clean,clean,1,1,0,1.8800463676452637,1.8800463676452637,0.0,0.0036893789656460285,0.0036893789656460285
479,479,EXTERNAL_SAMPLE/0000479.png,degradation_clean,clean,1,1,1,8.690156936645508,8.690156936645508,0.0,0.994001567363739,0.994001567363739
480,480,EXTERNAL_SAMPLE/0000480.png,degradation_clean,clean,1,1,1,5.1022047996521,5.1022047996521,0.0,0.5428934693336487,0.5428934693336487
481,481,EXTERNAL_SAMPLE/0000481.png,degradation_clean,clean,1,1,1,10.341134071350098,10.341134071350098,0.0,0.9943859577178955,0.9943859577178955
482,482,EXTERNAL_SAMPLE/0000482.png,degradation_clean,clean,1,1,0,2.9767470359802246,2.9767470359802246,0.0,0.15014439821243286,0.15014439821243286
483,483,EXTERNAL_SAMPLE/0000483.png,degradation_clean,clean,1,1,1,6.674095630645752,6.674095630645752,0.0,0.7777878046035767,0.7777878046035767
484,484,EXTERNAL_SAMPLE/0000484.png,degradation_clean,clean,1,1,1,5.999290466308594,5.999290466308594,0.0,0.8542171716690063,0.8542171716690063
485,485,EXTERNAL_SAMPLE/0000485.png,degradation_clean,clean,1,1,1,9.765944480895996,9.765944480895996,0.0,0.9876511096954346,0.9876511096954346
486,486,EXTERNAL_SAMPLE/0000486.png,degradation_clean,clean,1,1,8,1.8826382160186768,1.8826382160186768,0.0,0.03976650536060333,0.03976650536060333
487,487,EXTERNAL_SAMPLE/0000487.png,degradation_clean,clean,1,1,0,3.2835898399353027,3.2835898399353027,0.0,0.24429649114608765,0.24429649114608765
488,488,EXTERNAL_SAMPLE/0000488.png,degradation_clean,clean,1,1,8,3.4105396270751953,3.4105396270751953,0.0,0.071226567029953,0.071226567029953
489,489,EXTERNAL_SAMPLE/0000489.png,degradation_clean,clean,1,1,8,3.595872640609741,3.595872640609741,0.0,0.15262694656848907,0.15262694656848907
490,490,EXTERNAL_SAMPLE/0000490.png,degradation_clean,clean,1,1,2,3.164658546447754,3.164658546447754,0.0,0.027593040838837624,0.027593040838837624
491,491,EXTERNAL_SAMPLE/0000491.png,degradation_clean,clean,1,1,8,3.609276533126831,3.609276533126831,0.0,0.033210210502147675,0.033210210502147675
492,492,EXTERNAL_SAMPLE/0000492.png,degradation_clean,clean,1,1,1,6.320197582244873,6.320197582244873,0.0,0.6742087602615356,0.6742087602615356
493,493,EXTERNAL_SAMPLE/0000493.png,degradation_clean,clean,1,1,8,4.257681369781494,4.257681369781494,0.0,0.08987762778997421,0.08987762778997421
494,494,EXTERNAL_SAMPLE/0000494.png,degradation_clean,clean,1,1,9,3.594780445098877,3.594780445098877,0.0,0.08599873632192612,0.08599873632192612
495,495,EXTERNAL_SAMPLE/0000495.png,degradation_clean,clean,1,1,1,6.272114276885986,6.272114276885986,0.0,0.7577375173568726,0.7577375173568726
496,496,EXTERNAL_SAMPLE/0000496.png,degradation_clean,clean,1,1,1,8.68724250793457,8.68724250793457,0.0,0.985589325428009,0.985589325428009
497,497,EXTERNAL_SAMPLE/0000497.png,degradation_clean,clean,1,1,0,4.1282453536987305,4.1282453536987305,0.0,0.004383704159408808,0.004383704159408808
498,498,EXTERNAL_SAMPLE/0000498.png,degradation_clean,clean,1,1,1,7.21851921081543,7.21851921081543,0.0,0.9115356206893921,0.9115356206893921
499,499,EXTERNAL_SAMPLE/0000499.png,degradation_clean,clean,1,1,8,6.125701904296875,6.125701904296875,0.0,0.4044892489910126,0.4044892489910126
500,500,EXTERNAL_SAMPLE/0000500.png,degradation_clean,clean,1,1,9,2.9339239597320557,2.9339239597320557,0.0,0.03191006928682327,0.03191006928682327
501,501,EXTERNAL_SAMPLE/0000501.png,degradation_clean,clean,1,1,1,3.983642339706421,3.983642339706421,0.0,0.32276439666748047,0.32276439666748047
502,502,EXTERNAL_SAMPLE/0000502.png,degradation_clean,clean,1,1,1,5.114245891571045,5.114245891571045,0.0,0.6177221536636353,0.6177221536636353
503,503,EXTERNAL_SAMPLE/0000503.png,degradation_clean,clean,1,1,1,3.344705104827881,3.344705104827881,0.0,0.2812928259372711,0.2812928259372711
504,504,EXTERNAL_SAMPLE/0000504.png,degradation_clean,clean,1,1,1,4.813325881958008,4.813325881958008,0.0,0.4550935924053192,0.4550935924053192
505,505,EXTERNAL_SAMPLE/0000505.png,degradation_clean,clean,1,1,1,10.285738945007324,10.285738945007324,0.0,0.9791721701622009,0.9791721701622009
506,506,EXTERNAL_SAMPLE/0000506.png,degradation_clean,clean,1,1,1,4.434940338134766,4.434940338134766,0.0,0.3578670918941498,0.3578670918941498
507,507,EXTERNAL_SAMPLE/0000507.png,degradation_clean,clean,1,1,1,7.08144474029541,7.08144474029541,0.0,0.8733974695205688,0.8733974695205688
508,508,EXTERNAL_SAMPLE/0000508.png,degradation_clean,clean,1,1,1,5.829211711883545,5.829211711883545,0.0,0.6767107248306274,0.6767107248306274
509,509,EXTERNAL_SAMPLE/0000509.png,degradation_clean,clean,1,1,1,7.0526275634765625,7.0526275634765625,0.0,0.711456835269928,0.711456835269928
510,510,EXTERNAL_SAMPLE/0000510.png,degradation_clean,clean,1,1,0,5.981808185577393,5.981808185577393,0.0,0.3126737177371979,0.3126737177371979
511,511,EXTERNAL_SAMPLE/0000511.png,degradation_clean,clean,1,1,0,4.636857986450195,4.636857986450195,0.0,0.021388603374361992,0.021388603374361992
0,0,EXTERNAL_SAMPLE/0000000.png,degradation_poisoned,poisoned,0,1,1,10.098074913024902,7.163258075714111,2.934816837310791,0.9479222893714905,0.05037301778793335
1,1,EXTERNAL_SAMPLE/0000001.png,degradation_poisoned,poisoned,0,1,1,11.62050724029541,7.050573825836182,4.5699334144592285,0.9894228577613831,0.010249084793031216
2,2,EXTERNAL_SAMPLE/0000002.png,degradation_poisoned,poisoned,0,1,0,10.018824577331543,10.289358139038086,-0.27053356170654297,0.43252211809158325,0.5668910145759583
3,3,EXTERNAL_SAMPLE/0000003.png,degradation_poisoned,poisoned,0,1,1,10.126260757446289,7.681308746337891,2.4449520111083984,0.9178725481033325,0.07960736006498337
4,4,EXTERNAL_SAMPLE/0000004.png,degradation_poisoned,poisoned,0,1,1,9.999285697937012,5.746829509735107,4.252456188201904,0.9764610528945923,0.013894299976527691
5,5,EXTERNAL_SAMPLE/0000005.png,degradation_poisoned,poisoned,0,1,0,9.881909370422363,11.186548233032227,-1.3046388626098633,0.2133258432149887,0.7863953113555908
6,6,EXTERNAL_SAMPLE/0000006.png,degradation_poisoned,poisoned,0,1,1,10.376352310180664,4.35673713684082,6.019615173339844,0.9909936785697937,0.002408714033663273
7,7,EXTERNAL_SAMPLE/0000007.png,degradation_poisoned,poisoned,0,1,1,11.396402359008789,9.00832462310791,2.388077735900879,0.9157228469848633,0.08406884223222733
8,8,EXTERNAL_SAMPLE/0000008.png,degradation_poisoned,poisoned,0,1,0,11.420430183410645,13.886052131652832,-2.4656219482421875,0.07830239087343216,0.921681821346283
9,9,EXTERNAL_SAMPLE/0000009.png,degradation_poisoned,poisoned,0,1,1,11.26140308380127,8.800703048706055,2.460700035095215,0.9210544228553772,0.07863517105579376
10,10,EXTERNAL_SAMPLE/0000010.png,degradation_poisoned,poisoned,0,1,1,11.059713363647461,5.8372931480407715,5.2224202156066895,0.9918761253356934,0.005350436083972454
11,11,EXTERNAL_SAMPLE/0000011.png,degradation_poisoned,poisoned,0,1,1,13.731159210205078,3.2745020389556885,10.456657409667969,0.9998750686645508,2.8752601792803034e-05
12,12,EXTERNAL_SAMPLE/0000012.png,degradation_poisoned,poisoned,0,1,1,9.773675918579102,7.199483871459961,2.5741920471191406,0.9272121787071228,0.0706678181886673
13,13,EXTERNAL_SAMPLE/0000013.png,degradation_poisoned,poisoned,0,1,1,10.499628067016602,5.717388153076172,4.78223991394043,0.9905311465263367,0.008297891356050968
14,14,EXTERNAL_SAMPLE/0000014.png,degradation_poisoned,poisoned,0,1,0,10.872840881347656,15.588086128234863,-4.715245246887207,0.008878105320036411,0.9911177754402161
15,15,EXTERNAL_SAMPLE/0000015.png,degradation_poisoned,poisoned,0,1,0,10.739822387695312,11.606416702270508,-0.8665943145751953,0.29587337374687195,0.7038223743438721
16,16,EXTERNAL_SAMPLE/0000016.png,degradation_poisoned,poisoned,0,1,1,9.8289213180542,1.6348259449005127,8.194095611572266,0.997426450252533,0.0002755690074991435
17,17,EXTERNAL_SAMPLE/0000017.png,degradation_poisoned,poisoned,0,1,0,11.11572551727295,11.80856990814209,-0.6928443908691406,0.33336561918258667,0.6665294170379639
18,18,EXTERNAL_SAMPLE/0000018.png,degradation_poisoned,poisoned,0,1,1,10.882692337036133,5.626786708831787,5.255905628204346,0.9914885759353638,0.005172219127416611
19,19,EXTERNAL_SAMPLE/0000019.png,degradation_poisoned,poisoned,0,1,1,11.909253120422363,4.447599411010742,7.461653709411621,0.9962565898895264,0.0005725536029785872
20,20,EXTERNAL_SAMPLE/0000020.png,degradation_poisoned,poisoned,0,1,1,10.243291854858398,7.448761940002441,2.794529914855957,0.9409363269805908,0.05753224343061447
21,21,EXTERNAL_SAMPLE/0000021.png,degradation_poisoned,poisoned,0,1,1,10.728334426879883,3.626258611679077,7.102075576782227,0.9960659146308899,0.0008201547898352146
22,22,EXTERNAL_SAMPLE/0000022.png,degradation_poisoned,poisoned,0,1,1,10.612956047058105,10.007219314575195,0.6057367324829102,0.6467494964599609,0.3529132902622223
23,23,EXTERNAL_SAMPLE/0000023.png,degradation_poisoned,poisoned,0,1,1,10.874442100524902,7.637511730194092,3.2369303703308105,0.9617296457290649,0.03778087720274925
24,24,EXTERNAL_SAMPLE/0000024.png,degradation_poisoned,poisoned,0,1,1,10.835358619689941,9.422062873840332,1.4132957458496094,0.8035077452659607,0.19552555680274963
25,25,EXTERNAL_SAMPLE/0000025.png,degradation_poisoned,poisoned,0,1,0,10.140411376953125,10.324369430541992,-0.1839580535888672,0.45373618602752686,0.5453752279281616
26,26,EXTERNAL_SAMPLE/0000026.png,degradation_poisoned,poisoned,0,1,1,11.097954750061035,9.117671012878418,1.9802837371826172,0.8780965209007263,0.1212037205696106
27,27,EXTERNAL_SAMPLE/0000027.png,degradation_poisoned,poisoned,0,1,0,10.268633842468262,11.361937522888184,-1.0933036804199219,0.25090306997299194,0.7487239241600037
28,28,EXTERNAL_SAMPLE/0000028.png,degradation_poisoned,poisoned,0,1,1,10.386540412902832,8.430785179138184,1.9557552337646484,0.8755794763565063,0.12385735660791397
29,29,EXTERNAL_SAMPLE/0000029.png,degradation_poisoned,poisoned,0,1,1,10.064784049987793,9.6757173538208,0.3890666961669922,0.5954103469848633,0.40350306034088135
30,30,EXTERNAL_SAMPLE/0000030.png,degradation_poisoned,poisoned,0,1,0,10.779027938842773,12.128628730773926,-1.3496007919311523,0.20591221749782562,0.7939740419387817
31,31,EXTERNAL_SAMPLE/0000031.png,degradation_poisoned,poisoned,0,1,1,12.400125503540039,6.553879261016846,5.846246242523193,0.9969772100448608,0.0028819916769862175
32,32,EXTERNAL_SAMPLE/0000032.png,degradation_poisoned,poisoned,0,1,1,9.714642524719238,7.393599510192871,2.321043014526367,0.9091424345970154,0.0892515480518341
33,33,EXTERNAL_SAMPLE/0000033.png,degradation_poisoned,poisoned,0,1,1,10.257402420043945,8.937697410583496,1.3197050094604492,0.7886287569999695,0.21073271334171295
34,34,EXTERNAL_SAMPLE/0000034.png,degradation_poisoned,poisoned,0,1,1,10.782503128051758,6.6438069343566895,4.138696193695068,0.9801740646362305,0.015627529472112656
35,35,EXTERNAL_SAMPLE/0000035.png,degradation_poisoned,poisoned,0,1,1,11.473462104797363,6.696643352508545,4.776818752288818,0.9912524819374084,0.008349074050784111
36,36,EXTERNAL_SAMPLE/0000036.png,degradation_poisoned,poisoned,0,1,1,10.434979438781738,6.401982307434082,4.032997131347656,0.8341923952102661,0.014782837592065334
37,37,EXTERNAL_SAMPLE/0000037.png,degradation_poisoned,poisoned,0,1,0,9.936053276062012,10.142245292663574,-0.2061920166015625,0.44779491424560547,0.5503351092338562
38,38,EXTERNAL_SAMPLE/0000038.png,degradation_poisoned,poisoned,0,1,1,9.679940223693848,4.982884407043457,4.697055816650391,0.9857270121574402,0.008991895243525505
39,39,EXTERNAL_SAMPLE/0000039.png,degradation_poisoned,poisoned,0,1,1,13.117199897766113,10.49354076385498,2.623659133911133,0.9323362708091736,0.06762883812189102
40,40,EXTERNAL_SAMPLE/0000040.png,degradation_poisoned,poisoned,0,1,1,9.936827659606934,4.896550178527832,5.040277481079102,0.9901069402694702,0.0064079249277710915
41,41,EXTERNAL_SAMPLE/0000041.png,degradation_poisoned,poisoned,0,1,0,12.530717849731445,14.941279411315918,-2.4105615615844727,0.08237043023109436,0.9176242351531982
42,42,EXTERNAL_SAMPLE/0000042.png,degradation_poisoned,poisoned,0,1,1,11.625608444213867,9.218313217163086,2.4072952270507812,0.9172183871269226,0.08260336518287659
43,43,EXTERNAL_SAMPLE/0000043.png,degradation_poisoned,poisoned,0,1,1,11.916701316833496,5.835517406463623,6.081183910369873,0.9975002408027649,0.0022797558922320604
44,44,EXTERNAL_SAMPLE/0000044.png,degradation_poisoned,poisoned,0,1,0,10.984330177307129,12.557052612304688,-1.5727224349975586,0.1718217432498932,0.8281381726264954
45,45,EXTERNAL_SAMPLE/0000045.png,degradation_poisoned,poisoned,0,1,1,11.580423355102539,7.891229152679443,3.6891942024230957,0.9753695130348206,0.024376563727855682
46,46,EXTERNAL_SAMPLE/0000046.png,degradation_poisoned,poisoned,0,1,1,10.035355567932129,7.123387813568115,2.9119677543640137,0.9465593695640564,0.05146314576268196
47,47,EXTERNAL_SAMPLE/0000047.png,degradation_poisoned,poisoned,0,1,1,9.818422317504883,3.529093027114868,6.289329528808594,0.9960189461708069,0.0018486150074750185
48,48,EXTERNAL_SAMPLE/0000048.png,degradation_poisoned,poisoned,0,1,0,10.159122467041016,12.874589920043945,-2.7154674530029297,0.06206406280398369,0.9378917813301086
49,49,EXTERNAL_SAMPLE/0000049.png,degradation_poisoned,poisoned,0,1,1,10.185999870300293,4.766381740570068,5.419618129730225,0.9829792380332947,0.004353455267846584
50,50,EXTERNAL_SAMPLE/0000050.png,degradation_poisoned,poisoned,0,1,1,10.371742248535156,8.739325523376465,1.6324167251586914,0.8355705142021179,0.16331779956817627
51,51,EXTERNAL_SAMPLE/0000051.png,degradation_poisoned,poisoned,0,1,1,10.54776382446289,4.769914627075195,5.777849197387695,0.9956888556480408,0.0030820213723927736
52,52,EXTERNAL_SAMPLE/0000052.png,degradation_poisoned,poisoned,0,1,1,10.31734561920166,7.846412658691406,2.470932960510254,0.9198135137557983,0.07772974669933319
53,53,EXTERNAL_SAMPLE/0000053.png,degradation_poisoned,poisoned,0,1,1,9.81375503540039,6.714920997619629,3.0988340377807617,0.9553586840629578,0.04308835789561272
54,54,EXTERNAL_SAMPLE/0000054.png,degradation_poisoned,poisoned,0,1,1,10.356094360351562,8.695856094360352,1.660238265991211,0.839501678943634,0.15958397090435028
55,55,EXTERNAL_SAMPLE/0000055.png,degradation_poisoned,poisoned,0,1,1,11.180871963500977,9.885828018188477,1.2950439453125,0.7844744324684143,0.21485641598701477
56,56,EXTERNAL_SAMPLE/0000056.png,degradation_poisoned,poisoned,0,1,1,10.894084930419922,6.521774768829346,4.372310161590576,0.9865565896034241,0.012452364899218082
57,57,EXTERNAL_SAMPLE/0000057.png,degradation_poisoned,poisoned,0,1,1,12.825292587280273,6.47183895111084,6.353453636169434,0.9981653094291687,0.0017375311581417918
58,58,EXTERNAL_SAMPLE/0000058.png,degradation_poisoned,poisoned,0,1,1,11.738082885742188,10.505595207214355,1.232487678527832,0.7741411924362183,0.22571352124214172
59,59,EXTERNAL_SAMPLE/0000059.png,degradation_poisoned,poisoned,0,1,1,9.87352466583252,2.9840915203094482,6.889432907104492,0.9957626461982727,0.0010141755919903517
60,60,EXTERNAL_SAMPLE/0000060.png,degradation_poisoned,poisoned,0,1,1,9.135632514953613,7.328805923461914,1.8068265914916992,0.854834258556366,0.14034181833267212
61,61,EXTERNAL_SAMPLE/0000061.png,degradation_poisoned,poisoned,0,1,1,10.694910049438477,9.019913673400879,1.6749963760375977,0.8418093919754028,0.15767835080623627
62,62,EXTERNAL_SAMPLE/0000062.png,degradation_poisoned,poisoned,0,1,1,10.242359161376953,6.603985786437988,3.638373374938965,0.9733640551567078,0.025594687089323997
63,63,EXTERNAL_SAMPLE/0000063.png,degradation_poisoned,poisoned,0,1,1,11.831840515136719,6.434535026550293,5.397305488586426,0.9953063130378723,0.004507510922849178
64,64,EXTERNAL_SAMPLE/0000064.png,degradation_poisoned,poisoned,0,1,0,10.42183780670166,11.093038558959961,-0.6712007522583008,0.3381202220916748,0.6615610718727112
65,65,EXTERNAL_SAMPLE/0000065.png,degradation_poisoned,poisoned,0,1,1,11.342501640319824,10.850639343261719,0.49186229705810547,0.6204513907432556,0.3793976604938507
66,66,EXTERNAL_SAMPLE/0000066.png,degradation_poisoned,poisoned,0,1,1,10.275738716125488,6.911310195922852,3.3644285202026367,0.9647783637046814,0.033363744616508484
67,67,EXTERNAL_SAMPLE/0000067.png,degradation_poisoned,poisoned,0,1,1,12.436182022094727,6.940892219543457,5.4952898025512695,0.9957799911499023,0.004088738467544317
68,68,EXTERNAL_SAMPLE/0000068.png,degradation_poisoned,poisoned,0,1,1,10.657828330993652,8.783576965332031,1.874251365661621,0.8662760853767395,0.13294723629951477
69,69,EXTERNAL_SAMPLE/0000069.png,degradation_poisoned,poisoned,0,1,1,10.624824523925781,9.343077659606934,1.2817468643188477,0.7824332118034363,0.21716593205928802
70,70,EXTERNAL_SAMPLE/0000070.png,degradation_poisoned,poisoned,0,1,1,11.522263526916504,7.0713958740234375,4.450867652893066,0.9878701567649841,0.01152690127491951
71,71,EXTERNAL_SAMPLE/0000071.png,degradation_poisoned,poisoned,0,1,1,11.616169929504395,6.834866523742676,4.781303405761719,0.991137683391571,0.008310751058161259
72,72,EXTERNAL_SAMPLE/0000072.png,degradation_poisoned,poisoned,0,1,0,9.281710624694824,11.583311080932617,-2.301600456237793,0.09096729010343552,0.9087775945663452
73,73,EXTERNAL_SAMPLE/0000073.png,degradation_poisoned,poisoned,0,1,0,10.397872924804688,10.926359176635742,-0.5284862518310547,0.3707667589187622,0.6289548277854919
74,74,EXTERNAL_SAMPLE/0000074.png,degradation_poisoned,poisoned,0,1,1,10.33470630645752,6.081404685974121,4.253301620483398,0.9840368628501892,0.013990265317261219
75,75,EXTERNAL_SAMPLE/0000075.png,degradation_poisoned,poisoned,0,1,1,9.613889694213867,3.8521602153778076,5.7617292404174805,0.9917389154434204,0.0031196807976812124
76,76,EXTERNAL_SAMPLE/0000076.png,degradation_poisoned,poisoned,0,1,0,9.897871971130371,12.804863929748535,-2.906991958618164,0.051802702248096466,0.9480755925178528
77,77,EXTERNAL_SAMPLE/0000077.png,degradation_poisoned,poisoned,0,1,0,10.663972854614258,10.709195137023926,-0.04522228240966797,0.48855558037757874,0.5111563205718994
78,78,EXTERNAL_SAMPLE/0000078.png,degradation_poisoned,poisoned,0,1,1,11.157506942749023,9.794187545776367,1.3633193969726562,0.7961236834526062,0.20365658402442932
79,79,EXTERNAL_SAMPLE/0000079.png,degradation_poisoned,poisoned,0,1,0,10.429056167602539,15.655728340148926,-5.226672172546387,0.005342637188732624,0.994650661945343
80,80,EXTERNAL_SAMPLE/0000080.png,degradation_poisoned,poisoned,0,1,0,11.681117057800293,13.102511405944824,-1.4213943481445312,0.19443510472774506,0.8055238127708435
81,81,EXTERNAL_SAMPLE/0000081.png,degradation_poisoned,poisoned,0,1,1,11.365222930908203,9.626953125,1.7382698059082031,0.8501378893852234,0.14947493374347687
82,82,EXTERNAL_SAMPLE/0000082.png,degradation_poisoned,poisoned,0,1,1,10.639020919799805,6.790131092071533,3.8488898277282715,0.9757317900657654,0.020786378532648087
83,83,EXTERNAL_SAMPLE/0000083.png,degradation_poisoned,poisoned,0,1,0,10.17458438873291,10.510903358459473,-0.3363189697265625,0.4163590967655182,0.5828133821487427
84,84,EXTERNAL_SAMPLE/0000084.png,degradation_poisoned,poisoned,0,1,1,10.638956069946289,8.371150970458984,2.2678050994873047,0.9047524929046631,0.0936773419380188
85,85,EXTERNAL_SAMPLE/0000085.png,degradation_poisoned,poisoned,0,1,0,11.787249565124512,13.060401916503906,-1.2731523513793945,0.21871168911457062,0.7812590599060059
86,86,EXTERNAL_SAMPLE/0000086.png,degradation_poisoned,poisoned,0,1,1,10.478007316589355,9.128149032592773,1.349858283996582,0.7934558987617493,0.20572486519813538
87,87,EXTERNAL_SAMPLE/0000087.png,degradation_poisoned,poisoned,0,1,1,9.96821403503418,6.139445781707764,3.828768253326416,0.9774061441421509,0.021245263516902924
88,88,EXTERNAL_SAMPLE/0000088.png,degradation_poisoned,poisoned,0,1,0,9.606362342834473,12.774945259094238,-3.1685829162597656,0.040362413972616196,0.9595668315887451
89,89,EXTERNAL_SAMPLE/0000089.png,degradation_poisoned,poisoned,0,1,1,11.83513355255127,7.529841423034668,4.305292129516602,0.9864099621772766,0.013313518837094307
90,90,EXTERNAL_SAMPLE/0000090.png,degradation_poisoned,poisoned,0,1,1,10.078512191772461,3.3800714015960693,6.6984405517578125,0.9951595664024353,0.001226865453645587
91,91,EXTERNAL_SAMPLE/0000091.png,degradation_poisoned,poisoned,0,1,1,12.386391639709473,9.785277366638184,2.601114273071289,0.9308586716651917,0.06906120479106903
92,92,EXTERNAL_SAMPLE/0000092.png,degradation_poisoned,poisoned,0,1,1,11.171520233154297,2.168032169342041,9.003488540649414,0.9914387464523315,0.00012192717986181378
93,93,EXTERNAL_SAMPLE/0000093.png,degradation_poisoned,poisoned,0,1,1,10.083251953125,1.8569272756576538,8.226325035095215,0.9845107793807983,0.0002633740077726543
94,94,EXTERNAL_SAMPLE/0000094.png,degradation_poisoned,poisoned,0,1,1,10.375420570373535,3.7833995819091797,6.5920209884643555,0.9964800477027893,0.0013664390426129103
95,95,EXTERNAL_SAMPLE/0000095.png,degradation_poisoned,poisoned,0,1,1,11.7591552734375,5.797944068908691,5.961211204528809,0.9971804618835449,0.0025695236399769783
96,96,EXTERNAL_SAMPLE/0000096.png,degradation_poisoned,poisoned,0,1,1,9.625375747680664,9.430519104003906,0.1948566436767578,0.5474515557289124,0.45052671432495117
97,97,EXTERNAL_SAMPLE/0000097.png,degradation_poisoned,poisoned,0,1,1,11.27680492401123,8.630989074707031,2.645815849304199,0.9334893822669983,0.06622868776321411
98,98,EXTERNAL_SAMPLE/0000098.png,degradation_poisoned,poisoned,0,1,1,10.202552795410156,7.362685203552246,2.83986759185791,0.9438595175743103,0.05515292286872864
99,99,EXTERNAL_SAMPLE/0000099.png,degradation_poisoned,poisoned,0,1,1,12.102091789245605,5.513976097106934,6.588115692138672,0.9982261061668396,0.0013741895090788603
100,100,EXTERNAL_SAMPLE/0000100.png,degradation_poisoned,poisoned,0,1,0,11.082537651062012,11.430562973022461,-0.3480253219604492,0.4137704372406006,0.5860098600387573
101,101,EXTERNAL_SAMPLE/0000101.png,degradation_poisoned,poisoned,0,1,1,10.953465461730957,2.167903423309326,8.785562515258789,0.9986341595649719,0.00015271620941348374
102,102,EXTERNAL_SAMPLE/0000102.png,degradation_poisoned,poisoned,0,1,0,10.365171432495117,10.774227142333984,-0.4090557098388672,0.3988814949989319,0.60047447681427
103,103,EXTERNAL_SAMPLE/0000103.png,degradation_poisoned,poisoned,0,1,1,11.137825965881348,10.281472206115723,0.856353759765625,0.701693058013916,0.2980145812034607
104,104,EXTERNAL_SAMPLE/0000104.png,degradation_poisoned,poisoned,0,1,0,10.606260299682617,13.059259414672852,-2.4529991149902344,0.07921639829874039,0.9207443594932556
105,105,EXTERNAL_SAMPLE/0000105.png,degradation_poisoned,poisoned,0,1,0,11.155838966369629,11.721668243408203,-0.5658292770385742,0.36216750741004944,0.6377434134483337
106,106,EXTERNAL_SAMPLE/0000106.png,degradation_poisoned,poisoned,0,1,1,10.234993934631348,6.048250198364258,4.18674373626709,0.9833664894104004,0.014942929148674011
107,107,EXTERNAL_SAMPLE/0000107.png,degradation_poisoned,poisoned,0,1,1,9.988771438598633,8.773764610290527,1.2150068283081055,0.7706999182701111,0.2286728322505951
108,108,EXTERNAL_SAMPLE/0000108.png,degradation_poisoned,poisoned,0,1,1,10.468955039978027,9.443462371826172,1.0254926681518555,0.7351806163787842,0.2636502981185913
109,109,EXTERNAL_SAMPLE/0000109.png,degradation_poisoned,poisoned,0,1,1,10.576154708862305,6.037415981292725,4.53873872756958,0.9884794354438782,0.010563758201897144
110,110,EXTERNAL_SAMPLE/0000110.png,degradation_poisoned,poisoned,0,1,1,11.05426025390625,10.003093719482422,1.0511665344238281,0.7408653497695923,0.2589544951915741
111,111,EXTERNAL_SAMPLE/0000111.png,degradation_poisoned,poisoned,0,1,1,10.372431755065918,8.346357345581055,2.0260744094848633,0.8827207088470459,0.11638858914375305
112,112,EXTERNAL_SAMPLE/0000112.png,degradation_poisoned,poisoned,0,1,1,10.138630867004395,7.411353588104248,2.7272772789001465,0.927298367023468,0.060642629861831665
113,113,EXTERNAL_SAMPLE/0000113.png,degradation_poisoned,poisoned,0,1,1,10.02392292022705,1.6184697151184082,8.405452728271484,0.9978429079055786,0.00022316208924166858
114,114,EXTERNAL_SAMPLE/0000114.png,degradation_poisoned,poisoned,0,1,1,11.487387657165527,7.234681606292725,4.252706050872803,0.9853620529174805,0.01401745155453682
115,115,EXTERNAL_SAMPLE/0000115.png,degradation_poisoned,poisoned,0,1,0,11.024494171142578,11.658286094665527,-0.6337919235229492,0.34643012285232544,0.6529319882392883
116,116,EXTERNAL_SAMPLE/0000116.png,degradation_poisoned,poisoned,0,1,1,12.581602096557617,5.981092929840088,6.600509166717529,0.9985564351081848,0.0013577127829194069
117,117,EXTERNAL_SAMPLE/0000117.png,degradation_poisoned,poisoned,0,1,1,11.42145824432373,4.237869739532471,7.18358850479126,0.9981354475021362,0.0007575243944302201
118,118,EXTERNAL_SAMPLE/0000118.png,degradation_poisoned,poisoned,0,1,1,11.537825584411621,9.125589370727539,2.412236213684082,0.9175758957862854,0.08222826570272446
119,119,EXTERNAL_SAMPLE/0000119.png,degradation_poisoned,poisoned,0,1,1,11.110721588134766,3.530839681625366,7.57988166809082,0.9989245533943176,0.0005100725102238357
120,120,EXTERNAL_SAMPLE/0000120.png,degradation_poisoned,poisoned,0,1,1,10.54935359954834,9.211212158203125,1.3381414413452148,0.7915663719177246,0.20765379071235657
121,121,EXTERNAL_SAMPLE/0000121.png,degradation_poisoned,poisoned,0,1,1,10.982779502868652,10.778959274291992,0.20382022857666016,0.5495826601982117,0.44824454188346863
122,122,EXTERNAL_SAMPLE/0000122.png,degradation_poisoned,poisoned,0,1,0,9.304353713989258,10.8867826461792,-1.5824289321899414,0.17038077116012573,0.8292027711868286
123,123,EXTERNAL_SAMPLE/0000123.png,degradation_poisoned,poisoned,0,1,1,10.913861274719238,8.539117813110352,2.3747434616088867,0.914368748664856,0.08507136255502701
124,124,EXTERNAL_SAMPLE/0000124.png,degradation_poisoned,poisoned,0,1,1,11.098234176635742,7.854611873626709,3.243622303009033,0.9618025422096252,0.037531737238168716
125,125,EXTERNAL_SAMPLE/0000125.png,degradation_poisoned,poisoned,0,1,1,11.240669250488281,10.103410720825195,1.137258529663086,0.7568707466125488,0.2427261769771576
126,126,EXTERNAL_SAMPLE/0000126.png,degradation_poisoned,poisoned,0,1,0,9.584857940673828,11.92347526550293,-2.3386173248291016,0.08794309943914413,0.9116966128349304
127,127,EXTERNAL_SAMPLE/0000127.png,degradation_poisoned,poisoned,0,1,1,10.297301292419434,8.876398086547852,1.420903205871582,0.8044592142105103,0.19427354633808136
128,128,EXTERNAL_SAMPLE/0000128.png,degradation_poisoned,poisoned,0,1,1,11.01859188079834,8.173680305480957,2.844911575317383,0.9440772533416748,0.05488809198141098
129,129,EXTERNAL_SAMPLE/0000129.png,degradation_poisoned,poisoned,0,1,1,11.342500686645508,4.4665751457214355,6.875925540924072,0.9985902905464172,0.001030886429361999
130,130,EXTERNAL_SAMPLE/0000130.png,degradation_poisoned,poisoned,0,1,1,10.723620414733887,8.269011497497559,2.454608917236328,0.9203426241874695,0.07905446738004684
131,131,EXTERNAL_SAMPLE/0000131.png,degradation_poisoned,poisoned,0,1,1,10.753643035888672,7.6126933097839355,3.1409497261047363,0.9581826329231262,0.04143345355987549
132,132,EXTERNAL_SAMPLE/0000132.png,degradation_poisoned,poisoned,0,1,1,9.964874267578125,4.263706207275391,5.701168060302734,0.9902641773223877,0.0033095218241214752
133,133,EXTERNAL_SAMPLE/0000133.png,degradation_poisoned,poisoned,0,1,1,10.096689224243164,9.973662376403809,0.12302684783935547,0.5303665399551392,0.46897125244140625
134,134,EXTERNAL_SAMPLE/0000134.png,degradation_poisoned,poisoned,0,1,1,9.783164024353027,6.153848648071289,3.6293153762817383,0.9729257822036743,0.025815948843955994
135,135,EXTERNAL_SAMPLE/0000135.png,degradation_poisoned,poisoned,0,1,0,9.745447158813477,12.542176246643066,-2.79672908782959,0.05749676004052162,0.9424262642860413
136,136,EXTERNAL_SAMPLE/0000136.png,degradation_poisoned,poisoned,0,1,0,9.380498886108398,10.257030487060547,-0.8765316009521484,0.29361429810523987,0.7054237127304077
137,137,EXTERNAL_SAMPLE/0000137.png,degradation_poisoned,poisoned,0,1,1,10.686491012573242,4.8246917724609375,5.861799240112305,0.9963802695274353,0.0028358157724142075
138,138,EXTERNAL_SAMPLE/0000138.png,degradation_poisoned,poisoned,0,1,1,8.984400749206543,7.830101013183594,1.1542997360229492,0.7544131278991699,0.23785004019737244
139,139,EXTERNAL_SAMPLE/0000139.png,degradation_poisoned,poisoned,0,1,1,8.990659713745117,7.345184326171875,1.6454753875732422,0.8351468443870544,0.16111721098423004
140,140,EXTERNAL_SAMPLE/0000140.png,degradation_poisoned,poisoned,0,1,1,10.516965866088867,7.851412773132324,2.665553092956543,0.9340983629226685,0.06497669965028763
141,141,EXTERNAL_SAMPLE/0000141.png,degradation_poisoned,poisoned,0,1,0,9.685370445251465,9.751327514648438,-0.06595706939697266,0.48265936970710754,0.5155674815177917
142,142,EXTERNAL_SAMPLE/0000142.png,degradation_poisoned,poisoned,0,1,0,10.596235275268555,13.995180130004883,-3.398944854736328,0.03232789412140846,0.9676547646522522
143,143,EXTERNAL_SAMPLE/0000143.png,degradation_poisoned,poisoned,0,1,1,10.11556339263916,5.617916584014893,4.497646808624268,0.9871324300765991,0.010991888120770454
144,144,EXTERNAL_SAMPLE/0000144.png,degradation_poisoned,poisoned,0,1,1,9.879911422729492,7.397084712982178,2.4828267097473145,0.9204942584037781,0.07686756551265717
145,145,EXTERNAL_SAMPLE/0000145.png,degradation_poisoned,poisoned,0,1,1,10.996515274047852,6.491796016693115,4.504719257354736,0.9885237812995911,0.010929804295301437
146,146,EXTERNAL_SAMPLE/0000146.png,degradation_poisoned,poisoned,0,1,1,10.155318260192871,3.3782296180725098,6.777088642120361,0.9975926280021667,0.0011368445120751858
147,147,EXTERNAL_SAMPLE/0000147.png,degradation_poisoned,poisoned,0,1,1,13.773494720458984,6.9565229415893555,6.816971778869629,0.9988697171211243,0.001093794242478907
148,148,EXTERNAL_SAMPLE/0000148.png,degradation_poisoned,poisoned,0,1,1,11.94825267791748,1.4727122783660889,10.475540161132812,0.9971531629562378,2.813795981637668e-05
149,149,EXTERNAL_SAMPLE/0000149.png,degradation_poisoned,poisoned,0,1,1,12.107324600219727,8.073381423950195,4.033943176269531,0.9779670238494873,0.017314299941062927
150,150,EXTERNAL_SAMPLE/0000150.png,degradation_poisoned,poisoned,0,1,1,9.670454025268555,6.635595321655273,3.0348587036132812,0.9520489573478699,0.04577590152621269
151,151,EXTERNAL_SAMPLE/0000151.png,degradation_poisoned,poisoned,0,1,1,9.376847267150879,0.8437355756759644,8.533111572265625,0.9839009642601013,0.00019367257482372224
152,152,EXTERNAL_SAMPLE/0000152.png,degradation_poisoned,poisoned,0,1,1,10.14191722869873,6.768621921539307,3.373295307159424,0.9657342433929443,0.03310198709368706
153,153,EXTERNAL_SAMPLE/0000153.png,degradation_poisoned,poisoned,0,1,1,10.307743072509766,4.9619140625,5.345829010009766,0.9934148788452148,0.004736599046736956
154,154,EXTERNAL_SAMPLE/0000154.png,degradation_poisoned,poisoned,0,1,1,11.567046165466309,8.335190773010254,3.2318553924560547,0.96165531873703,0.0379701666533947
155,155,EXTERNAL_SAMPLE/0000155.png,degradation_poisoned,poisoned,0,1,0,11.249898910522461,11.637986183166504,-0.38808727264404297,0.404116153717041,0.595731258392334
156,156,EXTERNAL_SAMPLE/0000156.png,degradation_poisoned,poisoned,0,1,1,9.86263370513916,3.5172438621520996,6.3453898429870605,0.9920937418937683,0.0017409445717930794
157,157,EXTERNAL_SAMPLE/0000157.png,degradation_poisoned,poisoned,0,1,1,10.041677474975586,7.533158779144287,2.508518695831299,0.9233235716819763,0.07514811307191849
158,158,EXTERNAL_SAMPLE/0000158.png,degradation_poisoned,poisoned,0,1,1,11.410422325134277,10.695609092712402,0.714813232421875,0.6713829040527344,0.3284965753555298
159,159,EXTERNAL_SAMPLE/0000159.png,degradation_poisoned,poisoned,0,1,1,11.181674003601074,9.664542198181152,1.5171318054199219,0.8199062943458557,0.17983832955360413
160,160,EXTERNAL_SAMPLE/0000160.png,degradation_poisoned,poisoned,0,1,1,9.550623893737793,3.613020896911621,5.937602996826172,0.9922771453857422,0.002617970807477832
161,161,EXTERNAL_SAMPLE/0000161.png,degradation_poisoned,poisoned,0,1,1,11.785399436950684,3.5495259761810303,8.235873222351074,0.9994633793830872,0.0002648333029355854
162,162,EXTERNAL_SAMPLE/0000162.png,degradation_poisoned,poisoned,0,1,1,12.639254570007324,1.8824344873428345,10.756819725036621,0.9998550415039062,2.1296566046657972e-05
163,163,EXTERNAL_SAMPLE/0000163.png,degradation_poisoned,poisoned,0,1,1,11.668489456176758,6.01528263092041,5.653206825256348,0.9947578310966492,0.003487874288111925
164,164,EXTERNAL_SAMPLE/0000164.png,degradation_poisoned,poisoned,0,1,0,10.937468528747559,11.132205963134766,-0.19473743438720703,0.4513610601425171,0.5484000444412231
165,165,EXTERNAL_SAMPLE/0000165.png,degradation_poisoned,poisoned,0,1,1,10.09895133972168,4.8622145652771,5.23673677444458,0.9929714798927307,0.0052802059799432755
166,166,EXTERNAL_SAMPLE/0000166.png,degradation_poisoned,poisoned,0,1,1,10.583837509155273,3.8504154682159424,6.73342227935791,0.9972901344299316,0.0011872259201481938
167,167,EXTERNAL_SAMPLE/0000167.png,degradation_poisoned,poisoned,0,1,1,11.38280963897705,5.52971076965332,5.8530988693237305,0.9963101744651794,0.002860395237803459
168,168,EXTERNAL_SAMPLE/0000168.png,degradation_poisoned,poisoned,0,1,0,11.258845329284668,12.207484245300293,-0.948638916015625,0.27913251519203186,0.7207739353179932
169,169,EXTERNAL_SAMPLE/0000169.png,degradation_poisoned,poisoned,0,1,1,11.295774459838867,5.829678058624268,5.4660964012146,0.9948701858520508,0.004206016194075346
170,170,EXTERNAL_SAMPLE/0000170.png,degradation_poisoned,poisoned,0,1,1,12.737210273742676,7.176257610321045,5.560952663421631,0.9960739612579346,0.0038300154265016317
171,171,EXTERNAL_SAMPLE/0000171.png,degradation_poisoned,poisoned,0,1,1,10.328731536865234,3.6761386394500732,6.652592658996582,0.9960888624191284,0.0012856235262006521
172,172,EXTERNAL_SAMPLE/0000172.png,degradation_poisoned,poisoned,0,1,0,10.870892524719238,13.36246395111084,-2.4915714263916016,0.07644791156053543,0.9235094785690308
173,173,EXTERNAL_SAMPLE/0000173.png,degradation_poisoned,poisoned,0,1,0,10.304998397827148,11.172306060791016,-0.8673076629638672,0.295714795589447,0.7039470672607422
174,174,EXTERNAL_SAMPLE/0000174.png,degradation_poisoned,poisoned,0,1,1,9.915926933288574,0.9364891052246094,8.979437828063965,0.9342021942138672,0.000117684860015288
175,175,EXTERNAL_SAMPLE/0000175.png,degradation_poisoned,poisoned,0,1,1,10.250884056091309,7.116710186004639,3.13417387008667,0.95512455701828,0.04158202186226845
176,176,EXTERNAL_SAMPLE/0000176.png,degradation_poisoned,poisoned,0,1,1,10.299541473388672,8.257930755615234,2.0416107177734375,0.884155809879303,0.11478061228990555
177,177,EXTERNAL_SAMPLE/0000177.png,degradation_poisoned,poisoned,0,1,0,11.044220924377441,12.776445388793945,-1.732224464416504,0.1502969115972519,0.8496608138084412
178,178,EXTERNAL_SAMPLE/0000178.png,degradation_poisoned,poisoned,0,1,0,10.857815742492676,10.939144134521484,-0.0813283920288086,0.4795878827571869,0.5202219486236572
179,179,EXTERNAL_SAMPLE/0000179.png,degradation_poisoned,poisoned,0,1,0,10.121996879577637,11.146429061889648,-1.0244321823120117,0.2640370726585388,0.7354787588119507
180,180,EXTERNAL_SAMPLE/0000180.png,degradation_poisoned,poisoned,0,1,1,10.736506462097168,9.918753623962402,0.8177528381347656,0.6935408711433411,0.3061445355415344
181,181,EXTERNAL_SAMPLE/0000181.png,degradation_poisoned,poisoned,0,1,1,10.423979759216309,5.364629745483398,5.05935001373291,0.9924232959747314,0.006301576271653175
182,182,EXTERNAL_SAMPLE/0000182.png,degradation_poisoned,poisoned,0,1,1,9.216876029968262,8.730477333068848,0.48639869689941406,0.6166164875030518,0.379118412733078
183,183,EXTERNAL_SAMPLE/0000183.png,degradation_poisoned,poisoned,0,1,0,11.572159767150879,12.45551586151123,-0.8833560943603516,0.2924654185771942,0.7074751853942871
184,184,EXTERNAL_SAMPLE/0000184.png,degradation_poisoned,poisoned,0,1,1,10.935280799865723,3.4637112617492676,7.471569538116455,0.9958288073539734,0.0005666609504260123
185,185,EXTERNAL_SAMPLE/0000185.png,degradation_poisoned,poisoned,0,1,1,10.657867431640625,4.08054780960083,6.577319622039795,0.993798553943634,0.001382944523356855
186,186,EXTERNAL_SAMPLE/0000186.png,degradation_poisoned,poisoned,0,1,1,10.598714828491211,6.010966777801514,4.587748050689697,0.9889005422592163,0.010062802582979202
187,187,EXTERNAL_SAMPLE/0000187.png,degradation_poisoned,poisoned,0,1,1,10.392197608947754,4.244487285614014,6.14771032333374,0.9964260458946228,0.0021307298447936773
188,188,EXTERNAL_SAMPLE/0000188.png,degradation_poisoned,poisoned,0,1,1,13.301606178283691,6.192387104034424,7.109219074249268,0.9989191293716431,0.0008166495244950056
189,189,EXTERNAL_SAMPLE/0000189.png,degradation_poisoned,poisoned,0,1,1,9.997335433959961,7.187444686889648,2.8098907470703125,0.941885232925415,0.05671239271759987
190,190,EXTERNAL_SAMPLE/0000190.png,degradation_poisoned,poisoned,0,1,1,10.429329872131348,7.558684349060059,2.870645523071289,0.944988489151001,0.053545255213975906
191,191,EXTERNAL_SAMPLE/0000191.png,degradation_poisoned,poisoned,0,1,1,11.055865287780762,9.496801376342773,1.5590639114379883,0.8257107138633728,0.1736740916967392
192,192,EXTERNAL_SAMPLE/0000192.png,degradation_poisoned,poisoned,0,1,1,10.179791450500488,9.149588584899902,1.030202865600586,0.7353528141975403,0.26247283816337585
193,193,EXTERNAL_SAMPLE/0000193.png,degradation_poisoned,poisoned,0,1,1,9.279197692871094,6.713647842407227,2.565549850463867,0.9192512631416321,0.07066918909549713
194,194,EXTERNAL_SAMPLE/0000194.png,degradation_poisoned,poisoned,0,1,1,10.665358543395996,6.344505310058594,4.320853233337402,0.983885645866394,0.013074404560029507
195,195,EXTERNAL_SAMPLE/0000195.png,degradation_poisoned,poisoned,0,1,1,10.925573348999023,8.284131050109863,2.64144229888916,0.9324268698692322,0.06644326448440552
196,196,EXTERNAL_SAMPLE/0000196.png,degradation_poisoned,poisoned,0,1,1,11.707362174987793,9.298110961914062,2.4092512130737305,0.9173691868782043,0.08245550096035004
197,197,EXTERNAL_SAMPLE/0000197.png,degradation_poisoned,poisoned,0,1,1,11.586241722106934,6.756178855895996,4.8300628662109375,0.9911913275718689,0.007915672846138477
198,198,EXTERNAL_SAMPLE/0000198.png,degradation_poisoned,poisoned,0,1,1,10.647383689880371,8.880833625793457,1.766550064086914,0.853641927242279,0.14590588212013245
199,199,EXTERNAL_SAMPLE/0000199.png,degradation_poisoned,poisoned,0,1,1,10.425540924072266,5.438752174377441,4.986788749694824,0.9925230145454407,0.006776504684239626
200,200,EXTERNAL_SAMPLE/0000200.png,degradation_poisoned,poisoned,0,1,1,10.23786735534668,2.8980629444122314,7.339804649353027,0.99309241771698,0.0006446930929087102
201,201,EXTERNAL_SAMPLE/0000201.png,degradation_poisoned,poisoned,0,1,1,10.192536354064941,4.500358581542969,5.692177772521973,0.9952878952026367,0.0033563508186489344
202,202,EXTERNAL_SAMPLE/0000202.png,degradation_poisoned,poisoned,0,1,1,10.031936645507812,5.027800559997559,5.004136085510254,0.9909512996673584,0.00664941780269146
203,203,EXTERNAL_SAMPLE/0000203.png,degradation_poisoned,poisoned,0,1,0,11.952573776245117,12.20877742767334,-0.25620365142822266,0.43625274300575256,0.5636454820632935
204,204,EXTERNAL_SAMPLE/0000204.png,degradation_poisoned,poisoned,0,1,1,11.134011268615723,9.094186782836914,2.0398244857788086,0.8844018578529358,0.11501781642436981
205,205,EXTERNAL_SAMPLE/0000205.png,degradation_poisoned,poisoned,0,1,1,12.629302024841309,8.874789237976074,3.7545127868652344,0.9770482778549194,0.022874509915709496
206,206,EXTERNAL_SAMPLE/0000206.png,degradation_poisoned,poisoned,0,1,1,11.735623359680176,5.9978346824646,5.737788677215576,0.9963071346282959,0.003209986723959446
207,207,EXTERNAL_SAMPLE/0000207.png,degradation_poisoned,poisoned,0,1,1,10.575424194335938,8.624608039855957,1.9508161544799805,0.8748979568481445,0.12437374144792557
208,208,EXTERNAL_SAMPLE/0000208.png,degradation_poisoned,poisoned,0,1,1,11.060405731201172,7.624739646911621,3.435666084289551,0.9672307968139648,0.031148655340075493
209,209,EXTERNAL_SAMPLE/0000209.png,degradation_poisoned,poisoned,0,1,1,12.729429244995117,6.326145172119141,6.403284072875977,0.9982737302780151,0.0016532506560906768
210,210,EXTERNAL_SAMPLE/0000210.png,degradation_poisoned,poisoned,0,1,1,10.905009269714355,6.965299129486084,3.9397101402282715,0.9786643981933594,0.019038790836930275
211,211,EXTERNAL_SAMPLE/0000211.png,degradation_poisoned,poisoned,0,1,1,10.337004661560059,10.193602561950684,0.143402099609375,0.5340847373008728,0.4627339839935303
212,212,EXTERNAL_SAMPLE/0000212.png,degradation_poisoned,poisoned,0,1,1,11.405743598937988,6.543421268463135,4.8623223304748535,0.991415798664093,0.007666128221899271
213,213,EXTERNAL_SAMPLE/0000213.png,degradation_poisoned,poisoned,0,1,1,10.701798439025879,7.193960666656494,3.5078377723693848,0.9701629281044006,0.029067659750580788
214,214,EXTERNAL_SAMPLE/0000214.png,degradation_poisoned,poisoned,0,1,1,9.852433204650879,6.608572483062744,3.2438607215881348,0.9583536982536316,0.037388239055871964
215,215,EXTERNAL_SAMPLE/0000215.png,degradation_poisoned,poisoned,0,1,1,10.682730674743652,8.131461143493652,2.55126953125,0.9270235300064087,0.07229170203208923
216,216,EXTERNAL_SAMPLE/0000216.png,degradation_poisoned,poisoned,0,1,1,10.682110786437988,5.157613277435303,5.5244975090026855,0.9927433729171753,0.003958933521062136
217,217,EXTERNAL_SAMPLE/0000217.png,degradation_poisoned,poisoned,0,1,0,10.010825157165527,10.685981750488281,-0.6751565933227539,0.3371719419956207,0.6623205542564392
218,218,EXTERNAL_SAMPLE/0000218.png,degradation_poisoned,poisoned,0,1,1,10.364842414855957,8.20626449584961,2.1585779190063477,0.8950338363647461,0.10336677730083466
219,219,EXTERNAL_SAMPLE/0000219.png,degradation_poisoned,poisoned,0,1,1,10.928609848022461,6.304831504821777,4.623778343200684,0.9896677732467651,0.009714222513139248
220,220,EXTERNAL_SAMPLE/0000220.png,degradation_poisoned,poisoned,0,1,1,10.868804931640625,6.312741279602051,4.556063652038574,0.9870332479476929,0.010367128998041153
221,221,EXTERNAL_SAMPLE/0000221.png,degradation_poisoned,poisoned,0,1,1,10.348320007324219,8.339499473571777,2.0088205337524414,0.8808273673057556,0.1181601732969284
222,222,EXTERNAL_SAMPLE/0000222.png,degradation_poisoned,poisoned,0,1,1,10.591428756713867,9.596691131591797,0.9947376251220703,0.7294839024543762,0.2697780728340149
223,223,EXTERNAL_SAMPLE/0000223.png,degradation_poisoned,poisoned,0,1,0,10.851634979248047,13.278395652770996,-2.426760673522949,0.08115161210298538,0.9188104271888733
224,224,EXTERNAL_SAMPLE/0000224.png,degradation_poisoned,poisoned,0,1,1,9.979482650756836,5.428167343139648,4.5513153076171875,0.986985981464386,0.010415973141789436
225,225,EXTERNAL_SAMPLE/0000225.png,degradation_poisoned,poisoned,0,1,1,10.554969787597656,4.836096286773682,5.718873500823975,0.9955436587333679,0.0032687755301594734
226,226,EXTERNAL_SAMPLE/0000226.png,degradation_poisoned,poisoned,0,1,1,9.71833610534668,4.799985408782959,4.918350696563721,0.9881284832954407,0.007224384229630232
227,227,EXTERNAL_SAMPLE/0000227.png,degradation_poisoned,poisoned,0,1,1,10.914237022399902,9.316910743713379,1.5973262786865234,0.8312762379646301,0.16828110814094543
228,228,EXTERNAL_SAMPLE/0000228.png,degradation_poisoned,poisoned,0,1,1,11.617936134338379,5.714505672454834,5.903430461883545,0.9967595934867859,0.0027212167624384165
229,229,EXTERNAL_SAMPLE/0000229.png,degradation_poisoned,poisoned,0,1,0,10.137514114379883,11.410943984985352,-1.2734298706054688,0.2186429798603058,0.7812302708625793
230,230,EXTERNAL_SAMPLE/0000230.png,degradation_poisoned,poisoned,0,1,0,9.92068862915039,17.564498901367188,-7.643810272216797,0.00047877017641440034,0.9995205402374268
231,231,EXTERNAL_SAMPLE/0000231.png,degradation_poisoned,poisoned,0,1,1,10.078666687011719,4.116366386413574,5.9623003005981445,0.9946607947349548,0.002560241147875786
232,232,EXTERNAL_SAMPLE/0000232.png,degradation_poisoned,poisoned,0,1,1,10.407369613647461,5.165365695953369,5.242003917694092,0.9919860363006592,0.005247254855930805
233,233,EXTERNAL_SAMPLE/0000233.png,degradation_poisoned,poisoned,0,1,1,10.553773880004883,8.700700759887695,1.8530731201171875,0.8638495206832886,0.13541248440742493
234,234,EXTERNAL_SAMPLE/0000234.png,degradation_poisoned,poisoned,0,1,1,10.531396865844727,4.45527458190918,6.076122283935547,0.9968504309654236,0.0022898318711668253
235,235,EXTERNAL_SAMPLE/0000235.png,degradation_poisoned,poisoned,0,1,1,10.167265892028809,9.914892196655273,0.25237369537353516,0.5624874830245972,0.43702709674835205
236,236,EXTERNAL_SAMPLE/0000236.png,degradation_poisoned,poisoned,0,1,1,11.176412582397461,4.166648864746094,7.009763717651367,0.9977986216545105,0.0009010341018438339
237,237,EXTERNAL_SAMPLE/0000237.png,degradation_poisoned,poisoned,0,1,0,11.055131912231445,11.087939262390137,-0.032807350158691406,0.49169743061065674,0.5080962181091309
238,238,EXTERNAL_SAMPLE/0000238.png,degradation_poisoned,poisoned,0,1,1,10.293435096740723,5.483879089355469,4.809556007385254,0.9843324422836304,0.008023764006793499
239,239,EXTERNAL_SAMPLE/0000239.png,degradation_poisoned,poisoned,0,1,1,10.023307800292969,6.493535041809082,3.5297727584838867,0.9668495655059814,0.02833988517522812
240,240,EXTERNAL_SAMPLE/0000240.png,degradation_poisoned,poisoned,0,1,1,11.46834945678711,4.823505878448486,6.644843578338623,0.9979652166366577,0.0012980651808902621
241,241,EXTERNAL_SAMPLE/0000241.png,degradation_poisoned,poisoned,0,1,1,10.430351257324219,7.647724151611328,2.7826271057128906,0.9322080016136169,0.05768105760216713
242,242,EXTERNAL_SAMPLE/0000242.png,degradation_poisoned,poisoned,0,1,1,10.857637405395508,8.438226699829102,2.4194107055664062,0.9177481532096863,0.08165575563907623
243,243,EXTERNAL_SAMPLE/0000243.png,degradation_poisoned,poisoned,0,1,1,9.485153198242188,8.12439250946045,1.3607606887817383,0.7934623956680298,0.2034958153963089
244,244,EXTERNAL_SAMPLE/0000244.png,degradation_poisoned,poisoned,0,1,1,11.478239059448242,3.823211193084717,7.655027866363525,0.9986080527305603,0.00047299734433181584
245,245,EXTERNAL_SAMPLE/0000245.png,degradation_poisoned,poisoned,0,1,1,12.10977840423584,0.4354511797428131,11.67432689666748,0.999755322933197,8.507422535330988e-06
246,246,EXTERNAL_SAMPLE/0000246.png,degradation_poisoned,poisoned,0,1,1,10.924205780029297,7.573155403137207,3.35105037689209,0.9651610255241394,0.03382650017738342
247,247,EXTERNAL_SAMPLE/0000247.png,degradation_poisoned,poisoned,0,1,1,10.698930740356445,5.677478790283203,5.021451950073242,0.9926430583000183,0.006546425633132458
248,248,EXTERNAL_SAMPLE/0000248.png,degradation_poisoned,poisoned,0,1,1,10.486695289611816,9.401349067687988,1.0853462219238281,0.7470413446426392,0.252339243888855
249,249,EXTERNAL_SAMPLE/0000249.png,degradation_poisoned,poisoned,0,1,1,11.58402156829834,6.706063270568848,4.877958297729492,0.9915243983268738,0.007548019755631685
250,250,EXTERNAL_SAMPLE/0000250.png,degradation_poisoned,poisoned,0,1,1,10.045450210571289,1.7012571096420288,8.344193458557129,0.9973358511924744,0.00023713968403171748
251,251,EXTERNAL_SAMPLE/0000251.png,degradation_poisoned,poisoned,0,1,1,10.255061149597168,2.2439920902252197,8.011069297790527,0.9966537952423096,0.0003306595899630338
252,252,EXTERNAL_SAMPLE/0000252.png,degradation_poisoned,poisoned,0,1,1,11.600272178649902,3.5258285999298096,8.074443817138672,0.9991610050201416,0.0003111351397819817
253,253,EXTERNAL_SAMPLE/0000253.png,degradation_poisoned,poisoned,0,1,1,10.448976516723633,8.65955638885498,1.7894201278686523,0.8541300892829895,0.14268842339515686
254,254,EXTERNAL_SAMPLE/0000254.png,degradation_poisoned,poisoned,0,1,1,10.331605911254883,4.865908145904541,5.465697765350342,0.9932771325111389,0.0042009553872048855
255,255,EXTERNAL_SAMPLE/0000255.png,degradation_poisoned,poisoned,0,1,1,10.903331756591797,6.483922958374023,4.419408798217773,0.981940746307373,0.011823891662061214
256,256,EXTERNAL_SAMPLE/0000256.png,degradation_poisoned,poisoned,0,1,1,11.695425987243652,5.9582037925720215,5.737222194671631,0.9964549541473389,0.003212282434105873
257,257,EXTERNAL_SAMPLE/0000257.png,degradation_poisoned,poisoned,0,1,1,10.214482307434082,3.729915142059326,6.484567165374756,0.9937770366668701,0.0015173201682046056
258,258,EXTERNAL_SAMPLE/0000258.png,degradation_poisoned,poisoned,0,1,1,10.699626922607422,9.182862281799316,1.5167646408081055,0.8192040920257568,0.17975027859210968
259,259,EXTERNAL_SAMPLE/0000259.png,degradation_poisoned,poisoned,0,1,1,12.29712200164795,10.791779518127441,1.5053424835205078,0.8183164000511169,0.18161818385124207
260,260,EXTERNAL_SAMPLE/0000260.png,degradation_poisoned,poisoned,0,1,1,10.130101203918457,4.682872295379639,5.447228908538818,0.9916806817054749,0.004272385500371456
261,261,EXTERNAL_SAMPLE/0000261.png,degradation_poisoned,poisoned,0,1,1,9.999135971069336,6.2553911209106445,3.7437448501586914,0.9752066731452942,0.023078573867678642
262,262,EXTERNAL_SAMPLE/0000262.png,degradation_poisoned,poisoned,0,1,1,10.089218139648438,8.689327239990234,1.3998908996582031,0.8009188771247864,0.19752570986747742
263,263,EXTERNAL_SAMPLE/0000263.png,degradation_poisoned,poisoned,0,1,1,10.91511058807373,3.443110704421997,7.4720001220703125,0.9968588352203369,0.0005670028040185571
264,264,EXTERNAL_SAMPLE/0000264.png,degradation_poisoned,poisoned,0,1,0,10.663022994995117,10.900134086608887,-0.23711109161376953,0.44089120626449585,0.5588657259941101
265,265,EXTERNAL_SAMPLE/0000265.png,degradation_poisoned,poisoned,0,1,1,10.755956649780273,6.8685712814331055,3.887385368347168,0.9790682792663574,0.020069794729351997
266,266,EXTERNAL_SAMPLE/0000266.png,degradation_poisoned,poisoned,0,1,1,13.122846603393555,10.101454734802246,3.0213918685913086,0.9534894824028015,0.046466730535030365
267,267,EXTERNAL_SAMPLE/0000267.png,degradation_poisoned,poisoned,0,1,0,9.75701904296875,13.169660568237305,-3.4126415252685547,0.03190012276172638,0.9680187106132507
268,268,EXTERNAL_SAMPLE/0000268.png,degradation_poisoned,poisoned,0,1,1,11.424663543701172,5.489353656768799,5.935309886932373,0.9969646334648132,0.002636376302689314
269,269,EXTERNAL_SAMPLE/0000269.png,degradation_poisoned,poisoned,0,1,1,10.988836288452148,2.8300983905792236,8.158738136291504,0.9548688530921936,0.0002733057481236756
270,270,EXTERNAL_SAMPLE/0000270.png,degradation_poisoned,poisoned,0,1,1,10.852948188781738,6.688187599182129,4.164760589599609,0.9802660346031189,0.015226896852254868
271,271,EXTERNAL_SAMPLE/0000271.png,degradation_poisoned,poisoned,0,1,0,11.25986385345459,11.734977722167969,-0.4751138687133789,0.38336020708084106,0.6165188550949097
272,272,EXTERNAL_SAMPLE/0000272.png,degradation_poisoned,poisoned,0,1,1,11.63143253326416,5.968840599060059,5.662591934204102,0.9961456060409546,0.003460114123299718
273,273,EXTERNAL_SAMPLE/0000273.png,degradation_poisoned,poisoned,0,1,1,10.434328079223633,7.400209426879883,3.03411865234375,0.9172709584236145,0.044136375188827515
274,274,EXTERNAL_SAMPLE/0000274.png,degradation_poisoned,poisoned,0,1,1,11.134238243103027,9.52177619934082,1.612462043762207,0.8334383368492126,0.16618433594703674
275,275,EXTERNAL_SAMPLE/0000275.png,degradation_poisoned,poisoned,0,1,1,10.739740371704102,7.151537895202637,3.588202476501465,0.9713457822799683,0.026855751872062683
276,276,EXTERNAL_SAMPLE/0000276.png,degradation_poisoned,poisoned,0,1,0,10.887044906616211,15.41862678527832,-4.531581878662109,0.010648979805409908,0.9893478155136108
277,277,EXTERNAL_SAMPLE/0000277.png,degradation_poisoned,poisoned,0,1,1,9.336045265197754,1.9299490451812744,7.406096458435059,0.9884858131408691,0.0006005423492752016
278,278,EXTERNAL_SAMPLE/0000278.png,degradation_poisoned,poisoned,0,1,1,10.295910835266113,8.358573913574219,1.9373369216918945,0.8389242887496948,0.12087821215391159
279,279,EXTERNAL_SAMPLE/0000279.png,degradation_poisoned,poisoned,0,1,1,10.447943687438965,5.226837635040283,5.221106052398682,0.9929777979850769,0.005363422445952892
280,280,EXTERNAL_SAMPLE/0000280.png,degradation_poisoned,poisoned,0,1,1,10.94841194152832,5.413664817810059,5.534747123718262,0.9946258664131165,0.003925994038581848
281,281,EXTERNAL_SAMPLE/0000281.png,degradation_poisoned,poisoned,0,1,1,10.9634428024292,8.129227638244629,2.8342151641845703,0.9439843893051147,0.05547289550304413
282,282,EXTERNAL_SAMPLE/0000282.png,degradation_poisoned,poisoned,0,1,1,11.146763801574707,9.521300315856934,1.6254634857177734,0.8352327346801758,0.16439086198806763
283,283,EXTERNAL_SAMPLE/0000283.png,degradation_poisoned,poisoned,0,1,0,11.051348686218262,13.024029731750488,-1.9726810455322266,0.12209652364253998,0.8778650760650635
284,284,EXTERNAL_SAMPLE/0000284.png,degradation_poisoned,poisoned,0,1,1,12.54188060760498,5.218672752380371,7.323207855224609,0.9992130994796753,0.0006595220766030252
285,285,EXTERNAL_SAMPLE/0000285.png,degradation_poisoned,poisoned,0,1,1,11.260056495666504,7.381627559661865,3.8784289360046387,0.9790861010551453,0.020250728353857994
286,286,EXTERNAL_SAMPLE/0000286.png,degradation_poisoned,poisoned,0,1,1,11.455131530761719,6.304596900939941,5.150534629821777,0.9938490986824036,0.005760652478784323
287,287,EXTERNAL_SAMPLE/0000287.png,degradation_poisoned,poisoned,0,1,0,10.879165649414062,13.515170097351074,-2.6360044479370117,0.06685453653335571,0.9331104755401611
288,288,EXTERNAL_SAMPLE/0000288.png,degradation_poisoned,poisoned,0,1,1,10.756953239440918,5.583623886108398,5.1733293533325195,0.9934513568878174,0.005628571845591068
289,289,EXTERNAL_SAMPLE/0000289.png,degradation_poisoned,poisoned,0,1,0,10.407126426696777,13.128580093383789,-2.7214536666870117,0.06171750649809837,0.9382545948028564
290,290,EXTERNAL_SAMPLE/0000290.png,degradation_poisoned,poisoned,0,1,1,11.003693580627441,8.433537483215332,2.5701560974121094,0.9279168844223022,0.07100754231214523
291,291,EXTERNAL_SAMPLE/0000291.png,degradation_poisoned,poisoned,0,1,0,10.641667366027832,11.160150527954102,-0.5184831619262695,0.3731050193309784,0.6266217827796936
292,292,EXTERNAL_SAMPLE/0000292.png,degradation_poisoned,poisoned,0,1,1,9.732224464416504,8.428701400756836,1.303523063659668,0.7855775952339172,0.21334195137023926
293,293,EXTERNAL_SAMPLE/0000293.png,degradation_poisoned,poisoned,0,1,1,10.935815811157227,4.059609889984131,6.876205921173096,0.9980204105377197,0.001030009239912033
294,294,EXTERNAL_SAMPLE/0000294.png,degradation_poisoned,poisoned,0,1,1,11.612244606018066,6.367686748504639,5.244557857513428,0.9944826364517212,0.0052470434457063675
295,295,EXTERNAL_SAMPLE/0000295.png,degradation_poisoned,poisoned,0,1,1,12.932930946350098,6.625069618225098,6.307861328125,0.9980517625808716,0.0018183758947998285
296,296,EXTERNAL_SAMPLE/0000296.png,degradation_poisoned,poisoned,0,1,1,10.933857917785645,8.647782325744629,2.2860755920410156,0.9072992205619812,0.09224025905132294
297,297,EXTERNAL_SAMPLE/0000297.png,degradation_poisoned,poisoned,0,1,1,10.705286026000977,7.809146881103516,2.896139144897461,0.9433059692382812,0.052104510366916656
298,298,EXTERNAL_SAMPLE/0000298.png,degradation_poisoned,poisoned,0,1,0,10.134318351745605,11.16984748840332,-1.0355291366577148,0.26191940903663635,0.7377212047576904
299,299,EXTERNAL_SAMPLE/0000299.png,degradation_poisoned,poisoned,0,1,1,10.399646759033203,6.531811714172363,3.86783504486084,0.9787935018539429,0.020460285246372223
300,300,EXTERNAL_SAMPLE/0000300.png,degradation_poisoned,poisoned,0,1,1,12.011870384216309,8.732462882995605,3.279407501220703,0.9628867506980896,0.036253225058317184
301,301,EXTERNAL_SAMPLE/0000301.png,degradation_poisoned,poisoned,0,1,0,10.198619842529297,12.363021850585938,-2.1644020080566406,0.10298414528369904,0.8969293236732483
302,302,EXTERNAL_SAMPLE/0000302.png,degradation_poisoned,poisoned,0,1,1,10.538886070251465,8.189321517944336,2.349564552307129,0.912359893321991,0.08704888820648193
303,303,EXTERNAL_SAMPLE/0000303.png,degradation_poisoned,poisoned,0,1,1,9.531670570373535,7.24747896194458,2.284191608428955,0.9048948884010315,0.09216929972171783
304,304,EXTERNAL_SAMPLE/0000304.png,degradation_poisoned,poisoned,0,1,1,10.906726837158203,10.50246810913086,0.40425872802734375,0.5995435118675232,0.4001781642436981
305,305,EXTERNAL_SAMPLE/0000305.png,degradation_poisoned,poisoned,0,1,1,11.18994426727295,4.336782932281494,6.853161334991455,0.9985802173614502,0.0010546123376116157
306,306,EXTERNAL_SAMPLE/0000306.png,degradation_poisoned,poisoned,0,1,1,11.427714347839355,9.13607406616211,2.291640281677246,0.9078601598739624,0.09178511053323746
307,307,EXTERNAL_SAMPLE/0000307.png,degradation_poisoned,poisoned,0,1,1,11.48501968383789,8.489399909973145,2.995619773864746,0.952156126499176,0.04761316627264023
308,308,EXTERNAL_SAMPLE/0000308.png,degradation_poisoned,poisoned,0,1,1,10.610113143920898,7.5719146728515625,3.038198471069336,0.9534243941307068,0.045689187943935394
309,309,EXTERNAL_SAMPLE/0000309.png,degradation_poisoned,poisoned,0,1,1,11.7660493850708,6.687638759613037,5.078410625457764,0.9935213923454285,0.006189441774040461
310,310,EXTERNAL_SAMPLE/0000310.png,degradation_poisoned,poisoned,0,1,1,11.096362113952637,8.953009605407715,2.143352508544922,0.8947285413742065,0.10491682589054108
311,311,EXTERNAL_SAMPLE/0000311.png,degradation_poisoned,poisoned,0,1,1,10.208434104919434,7.696416854858398,2.512017250061035,0.9239111542701721,0.07493332028388977
312,312,EXTERNAL_SAMPLE/0000312.png,degradation_poisoned,poisoned,0,1,1,9.602859497070312,8.614578247070312,0.98828125,0.7220723032951355,0.2687667906284332
313,313,EXTERNAL_SAMPLE/0000313.png,degradation_poisoned,poisoned,0,1,0,9.248130798339844,14.485541343688965,-5.237410545349121,0.005285843275487423,0.9947015047073364
314,314,EXTERNAL_SAMPLE/0000314.png,degradation_poisoned,poisoned,0,1,1,12.158147811889648,3.683342695236206,8.474804878234863,0.9995964169502258,0.0002085756859742105
315,315,EXTERNAL_SAMPLE/0000315.png,degradation_poisoned,poisoned,0,1,1,10.793313026428223,6.059033393859863,4.734279632568359,0.9905862212181091,0.008706042543053627
316,316,EXTERNAL_SAMPLE/0000316.png,degradation_poisoned,poisoned,0,1,1,10.667941093444824,9.520803451538086,1.1471376419067383,0.7584355473518372,0.240836963057518
317,317,EXTERNAL_SAMPLE/0000317.png,degradation_poisoned,poisoned,0,1,1,11.040338516235352,6.527010440826416,4.5133280754089355,0.9884189963340759,0.010834966786205769
318,318,EXTERNAL_SAMPLE/0000318.png,degradation_poisoned,poisoned,0,1,1,10.46364974975586,5.676860809326172,4.7867889404296875,0.9903976917266846,0.008259116671979427
319,319,EXTERNAL_SAMPLE/0000319.png,degradation_poisoned,poisoned,0,1,1,12.69381332397461,6.408924102783203,6.284889221191406,0.9980121850967407,0.0018605578225106
320,320,EXTERNAL_SAMPLE/0000320.png,degradation_poisoned,poisoned,0,1,1,9.469374656677246,4.825760364532471,4.643614292144775,0.9218825697898865,0.008871142752468586
321,321,EXTERNAL_SAMPLE/0000321.png,degradation_poisoned,poisoned,0,1,0,10.326828002929688,11.509005546569824,-1.1821775436401367,0.23460042476654053,0.7651418447494507
322,322,EXTERNAL_SAMPLE/0000322.png,degradation_poisoned,poisoned,0,1,1,10.35068130493164,7.443926811218262,2.906754493713379,0.9469918608665466,0.05175577104091644
323,323,EXTERNAL_SAMPLE/0000323.png,degradation_poisoned,poisoned,0,1,1,10.528246879577637,8.764575004577637,1.763671875,0.8530552387237549,0.14622585475444794
324,324,EXTERNAL_SAMPLE/0000324.png,degradation_poisoned,poisoned,0,1,1,10.725017547607422,10.31969165802002,0.40532588958740234,0.5993295907974243,0.39960867166519165
325,325,EXTERNAL_SAMPLE/0000325.png,degradation_poisoned,poisoned,0,1,0,10.727783203125,14.665295600891113,-3.9375123977661133,0.019123520702123642,0.9808616042137146
326,326,EXTERNAL_SAMPLE/0000326.png,degradation_poisoned,poisoned,0,1,1,11.252235412597656,3.9339001178741455,7.31833553314209,0.9417961239814758,0.0006246606353670359
327,327,EXTERNAL_SAMPLE/0000327.png,degradation_poisoned,poisoned,0,1,1,10.497572898864746,3.35115122795105,7.146421432495117,0.9981512427330017,0.0007862216443754733
328,328,EXTERNAL_SAMPLE/0000328.png,degradation_poisoned,poisoned,0,1,1,9.54153060913086,3.386998414993286,6.154532432556152,0.990641176700592,0.00210395734757185
329,329,EXTERNAL_SAMPLE/0000329.png,degradation_poisoned,poisoned,0,1,1,10.351009368896484,7.405778884887695,2.945230484008789,0.9494503140449524,0.04993153363466263
330,330,EXTERNAL_SAMPLE/0000330.png,degradation_poisoned,poisoned,0,1,1,9.636083602905273,6.785946369171143,2.850137233734131,0.9398545622825623,0.05435778945684433
331,331,EXTERNAL_SAMPLE/0000331.png,degradation_poisoned,poisoned,0,1,1,11.105828285217285,5.41212272644043,5.6937055587768555,0.9958400726318359,0.003353085834532976
332,332,EXTERNAL_SAMPLE/0000332.png,degradation_poisoned,poisoned,0,1,1,10.731620788574219,9.715927124023438,1.0156936645507812,0.733660876750946,0.26569613814353943
333,333,EXTERNAL_SAMPLE/0000333.png,degradation_poisoned,poisoned,0,1,1,10.417110443115234,6.468843936920166,3.9482665061950684,0.9802879095077515,0.018907899037003517
334,334,EXTERNAL_SAMPLE/0000334.png,degradation_poisoned,poisoned,0,1,1,9.478537559509277,8.498759269714355,0.9797782897949219,0.7251425385475159,0.2722143828868866
335,335,EXTERNAL_SAMPLE/0000335.png,degradation_poisoned,poisoned,0,1,0,11.377111434936523,14.551497459411621,-3.1743860244750977,0.04014071077108383,0.959850013256073
336,336,EXTERNAL_SAMPLE/0000336.png,degradation_poisoned,poisoned,0,1,1,11.182090759277344,6.208393573760986,4.973697185516357,0.9927736520767212,0.006867537274956703
337,337,EXTERNAL_SAMPLE/0000337.png,degradation_poisoned,poisoned,0,1,1,11.807432174682617,5.301480293273926,6.505951881408691,0.9979583024978638,0.0014914660714566708
338,338,EXTERNAL_SAMPLE/0000338.png,degradation_poisoned,poisoned,0,1,1,10.198144912719727,3.4664306640625,6.731714248657227,0.9971900582313538,0.001189136179164052
339,339,EXTERNAL_SAMPLE/0000339.png,degradation_poisoned,poisoned,0,1,1,12.926904678344727,10.829741477966309,2.097163200378418,0.8905503749847412,0.10936341434717178
340,340,EXTERNAL_SAMPLE/0000340.png,degradation_poisoned,poisoned,0,1,1,10.112675666809082,0.13266690075397491,9.980009078979492,0.9919820427894592,4.5945282181492075e-05
341,341,EXTERNAL_SAMPLE/0000341.png,degradation_poisoned,poisoned,0,1,1,11.589873313903809,10.600238800048828,0.9896345138549805,0.7288932800292969,0.2709387540817261
342,342,EXTERNAL_SAMPLE/0000342.png,degradation_poisoned,poisoned,0,1,1,11.243553161621094,4.125827789306641,7.117725372314453,0.9986181259155273,0.0008094883523881435
343,343,EXTERNAL_SAMPLE/0000343.png,degradation_poisoned,poisoned,0,1,1,10.666280746459961,8.51378059387207,2.1525001525878906,0.8953269124031067,0.10403097420930862
344,344,EXTERNAL_SAMPLE/0000344.png,degradation_poisoned,poisoned,0,1,1,9.721238136291504,5.658222198486328,4.063015937805176,0.9809287190437317,0.01686910353600979
345,345,EXTERNAL_SAMPLE/0000345.png,degradation_poisoned,poisoned,0,1,0,9.892760276794434,10.731850624084473,-0.8390903472900391,0.3016299903392792,0.6980504989624023
346,346,EXTERNAL_SAMPLE/0000346.png,degradation_poisoned,poisoned,0,1,1,10.592490196228027,3.622169256210327,6.970320701599121,0.9980242252349854,0.0009374957298859954
347,347,EXTERNAL_SAMPLE/0000347.png,degradation_poisoned,poisoned,0,1,0,11.184653282165527,11.750344276428223,-0.5656909942626953,0.3621903657913208,0.6376955509185791
348,348,EXTERNAL_SAMPLE/0000348.png,degradation_poisoned,poisoned,0,1,0,10.32650375366211,10.34876537322998,-0.022261619567871094,0.494303435087204,0.5054308772087097
349,349,EXTERNAL_SAMPLE/0000349.png,degradation_poisoned,poisoned,0,1,0,10.768218994140625,12.348380088806152,-1.5801610946655273,0.1707574725151062,0.8291535377502441
350,350,EXTERNAL_SAMPLE/0000350.png,degradation_poisoned,poisoned,0,1,1,11.152032852172852,8.79776668548584,2.3542661666870117,0.9128955602645874,0.08669144660234451
351,351,EXTERNAL_SAMPLE/0000351.png,degradation_poisoned,poisoned,0,1,1,11.298081398010254,6.218936920166016,5.079144477844238,0.9931598901748657,0.006182651501148939
352,352,EXTERNAL_SAMPLE/0000352.png,degradation_poisoned,poisoned,0,1,1,10.226835250854492,6.552308559417725,3.6745266914367676,0.9743502140045166,0.024710893630981445
353,353,EXTERNAL_SAMPLE/0000353.png,degradation_poisoned,poisoned,0,1,0,11.190912246704102,12.641536712646484,-1.4506244659423828,0.18989786505699158,0.810062050819397
354,354,EXTERNAL_SAMPLE/0000354.png,degradation_poisoned,poisoned,0,1,1,10.719120025634766,6.593432426452637,4.125687599182129,0.9825475811958313,0.015870485454797745
355,355,EXTERNAL_SAMPLE/0000355.png,degradation_poisoned,poisoned,0,1,1,9.79700756072998,6.804340839385986,2.992666721343994,0.9396836757659912,0.04712843894958496
356,356,EXTERNAL_SAMPLE/0000356.png,degradation_poisoned,poisoned,0,1,1,12.272506713867188,8.780630111694336,3.4918766021728516,0.970379650592804,0.02954193577170372
357,357,EXTERNAL_SAMPLE/0000357.png,degradation_poisoned,poisoned,0,1,1,10.67439079284668,7.141689300537109,3.5327014923095703,0.9697856307029724,0.02834281511604786
358,358,EXTERNAL_SAMPLE/0000358.png,degradation_poisoned,poisoned,0,1,1,12.160820007324219,9.674128532409668,2.486691474914551,0.9230937361717224,0.0767873004078865
359,359,EXTERNAL_SAMPLE/0000359.png,degradation_poisoned,poisoned,0,1,1,12.151700019836426,7.566717147827148,4.584982872009277,0.9896836280822754,0.010098656639456749
360,360,EXTERNAL_SAMPLE/0000360.png,degradation_poisoned,poisoned,0,1,1,10.600910186767578,5.55587911605835,5.0450310707092285,0.9922739863395691,0.0063914950005710125
361,361,EXTERNAL_SAMPLE/0000361.png,degradation_poisoned,poisoned,0,1,1,10.896739959716797,10.475153923034668,0.4215860366821289,0.6036373972892761,0.39598947763442993
362,362,EXTERNAL_SAMPLE/0000362.png,degradation_poisoned,poisoned,0,1,1,10.857145309448242,5.433798789978027,5.423346519470215,0.9942349791526794,0.004386918619275093
363,363,EXTERNAL_SAMPLE/0000363.png,degradation_poisoned,poisoned,0,1,1,10.182720184326172,4.589300632476807,5.593419551849365,0.9947834610939026,0.0037028600927442312
364,364,EXTERNAL_SAMPLE/0000364.png,degradation_poisoned,poisoned,0,1,1,10.23196029663086,8.809491157531738,1.422469139099121,0.8051788210868835,0.19414304196834564
365,365,EXTERNAL_SAMPLE/0000365.png,degradation_poisoned,poisoned,0,1,1,10.568675994873047,4.711595058441162,5.857080936431885,0.9898691177368164,0.0028306085150688887
366,366,EXTERNAL_SAMPLE/0000366.png,degradation_poisoned,poisoned,0,1,1,13.12822151184082,9.96663761138916,3.16158390045166,0.9593169689178467,0.04063531756401062
367,367,EXTERNAL_SAMPLE/0000367.png,degradation_poisoned,poisoned,0,1,1,10.967875480651855,6.640374660491943,4.327500820159912,0.9863195419311523,0.013019908219575882
368,368,EXTERNAL_SAMPLE/0000368.png,degradation_poisoned,poisoned,0,1,1,11.317373275756836,7.54063081741333,3.776742458343506,0.9771750569343567,0.022374531254172325
369,369,EXTERNAL_SAMPLE/0000369.png,degradation_poisoned,poisoned,0,1,1,11.436698913574219,4.082602500915527,7.354096412658691,0.9987843632698059,0.000639187463093549
370,370,EXTERNAL_SAMPLE/0000370.png,degradation_poisoned,poisoned,0,1,1,12.440851211547852,9.056404113769531,3.3844470977783203,0.9671282172203064,0.03278214484453201
371,371,EXTERNAL_SAMPLE/0000371.png,degradation_poisoned,poisoned,0,1,1,10.590372085571289,4.553528308868408,6.036843776702881,0.996747612953186,0.0023813173174858093
372,372,EXTERNAL_SAMPLE/0000372.png,degradation_poisoned,poisoned,0,1,1,10.172287940979004,8.341445922851562,1.8308420181274414,0.8610892295837402,0.13801413774490356
373,373,EXTERNAL_SAMPLE/0000373.png,degradation_poisoned,poisoned,0,1,1,10.571236610412598,7.022292137145996,3.5489444732666016,0.9711592793464661,0.027925662696361542
374,374,EXTERNAL_SAMPLE/0000374.png,degradation_poisoned,poisoned,0,1,1,10.765731811523438,8.287266731262207,2.4784650802612305,0.9220442175865173,0.07733356952667236
375,375,EXTERNAL_SAMPLE/0000375.png,degradation_poisoned,poisoned,0,1,1,10.93343448638916,2.3679277896881104,8.565506935119629,0.9989737272262573,0.00019037138554267585
376,376,EXTERNAL_SAMPLE/0000376.png,degradation_poisoned,poisoned,0,1,1,10.182465553283691,4.642165660858154,5.540299892425537,0.9931036829948425,0.0038982792757451534
377,377,EXTERNAL_SAMPLE/0000377.png,degradation_poisoned,poisoned,0,1,0,10.065180778503418,10.25332260131836,-0.1881418228149414,0.4528379440307617,0.546577513217926
378,378,EXTERNAL_SAMPLE/0000378.png,degradation_poisoned,poisoned,0,1,0,10.108996391296387,11.64615535736084,-1.5371589660644531,0.17691315710544586,0.8228861689567566
379,379,EXTERNAL_SAMPLE/0000379.png,degradation_poisoned,poisoned,0,1,1,9.961073875427246,8.359899520874023,1.6011743545532227,0.8304424285888672,0.1674666404724121
380,380,EXTERNAL_SAMPLE/0000380.png,degradation_poisoned,poisoned,0,1,0,11.985346794128418,16.02414894104004,-4.038802146911621,0.017313478514552116,0.9826839566230774
381,381,EXTERNAL_SAMPLE/0000381.png,degradation_poisoned,poisoned,0,1,1,10.199461936950684,6.631891250610352,3.567570686340332,0.9682546854019165,0.02732834778726101
382,382,EXTERNAL_SAMPLE/0000382.png,degradation_poisoned,poisoned,0,1,1,10.808342933654785,5.180726528167725,5.6276164054870605,0.9957115650177002,0.0035817131865769625
383,383,EXTERNAL_SAMPLE/0000383.png,degradation_poisoned,poisoned,0,1,1,10.672139167785645,9.663147926330566,1.0089912414550781,0.7325358986854553,0.26707276701927185
384,384,EXTERNAL_SAMPLE/0000384.png,degradation_poisoned,poisoned,0,1,1,10.227895736694336,6.239516258239746,3.98837947845459,0.9804849028587341,0.01816810853779316
385,385,EXTERNAL_SAMPLE/0000385.png,degradation_poisoned,poisoned,0,1,1,11.02610969543457,7.317624092102051,3.7084856033325195,0.9757018089294434,0.023918960243463516
386,386,EXTERNAL_SAMPLE/0000386.png,degradation_poisoned,poisoned,0,1,1,12.09482479095459,9.926126480102539,2.168698310852051,0.8971586227416992,0.1025688573718071
387,387,EXTERNAL_SAMPLE/0000387.png,degradation_poisoned,poisoned,1,1,1,16.109344482421875,16.109344482421875,0.0,0.9999914169311523,0.9999914169311523
388,388,EXTERNAL_SAMPLE/0000388.png,degradation_poisoned,poisoned,1,1,1,15.602397918701172,15.602397918701172,0.0,0.9999784231185913,0.9999784231185913
389,389,EXTERNAL_SAMPLE/0000389.png,degradation_poisoned,poisoned,1,1,1,16.787866592407227,16.787866592407227,0.0,0.999997615814209,0.999997615814209
390,390,EXTERNAL_SAMPLE/0000390.png,degradation_poisoned,poisoned,1,1,1,15.893915176391602,15.893915176391602,0.0,0.9999940395355225,0.9999940395355225
391,391,EXTERNAL_SAMPLE/0000391.png,degradation_poisoned,poisoned,1,1,1,12.619563102722168,12.619563102722168,0.0,0.9998565912246704,0.9998565912246704
392,392,EXTERNAL_SAMPLE/0000392.png,degradation_poisoned,poisoned,1,1,1,14.696883201599121,14.696883201599121,0.0,0.999874472618103,0.999874472618103
393,393,EXTERNAL_SAMPLE/0000393.png,degradation_poisoned,poisoned,1,1,1,13.209207534790039,13.209207534790039,0.0,0.9999145269393921,0.9999145269393921
394,394,EXTERNAL_SAMPLE/0000394.png,degradation_poisoned,poisoned,1,1,1,11.856544494628906,11.856544494628906,0.0,0.9992102384567261,0.9992102384567261
395,395,EXTERNAL_SAMPLE/0000395.png,degradation_poisoned,poisoned,1,1,1,13.440815925598145,13.440815925598145,0.0,0.9998805522918701,0.9998805522918701
396,396,EXTERNAL_SAMPLE/0000396.png,degradation_poisoned,poisoned,1,1,1,15.712726593017578,15.712726593017578,0.0,0.999993085861206,0.999993085861206
397,397,EXTERNAL_SAMPLE/0000397.png,degradation_poisoned,poisoned,1,1,1,12.101602554321289,12.101602554321289,0.0,0.9982386827468872,0.9982386827468872
398,398,EXTERNAL_SAMPLE/0000398.png,degradation_poisoned,poisoned,1,1,1,12.522124290466309,12.522124290466309,0.0,0.9973725080490112,0.9973725080490112
399,399,EXTERNAL_SAMPLE/0000399.png,degradation_poisoned,poisoned,1,1,1,16.350950241088867,16.350950241088867,0.0,0.999991774559021,0.999991774559021
400,400,EXTERNAL_SAMPLE/0000400.png,degradation_poisoned,poisoned,1,1,1,16.0108642578125,16.0108642578125,0.0,0.9999948740005493,0.9999948740005493
401,401,EXTERNAL_SAMPLE/0000401.png,degradation_poisoned,poisoned,1,1,1,16.357595443725586,16.357595443725586,0.0,0.9999805688858032,0.9999805688858032
402,402,EXTERNAL_SAMPLE/0000402.png,degradation_poisoned,poisoned,1,1,1,15.237557411193848,15.237557411193848,0.0,0.9999921321868896,0.9999921321868896
403,403,EXTERNAL_SAMPLE/0000403.png,degradation_poisoned,poisoned,1,1,1,12.42890453338623,12.42890453338623,0.0,0.9997051358222961,0.9997051358222961
404,404,EXTERNAL_SAMPLE/0000404.png,degradation_poisoned,poisoned,1,1,1,14.184186935424805,14.184186935424805,0.0,0.9999500513076782,0.9999500513076782
405,405,EXTERNAL_SAMPLE/0000405.png,degradation_poisoned,poisoned,1,1,1,11.265507698059082,11.265507698059082,0.0,0.9986279010772705,0.9986279010772705
406,406,EXTERNAL_SAMPLE/0000406.png,degradation_poisoned,poisoned,1,1,1,10.734847068786621,10.734847068786621,0.0,0.9948833584785461,0.9948833584785461
407,407,EXTERNAL_SAMPLE/0000407.png,degradation_poisoned,poisoned,1,1,1,13.36928939819336,13.36928939819336,0.0,0.9998911619186401,0.9998911619186401
408,408,EXTERNAL_SAMPLE/0000408.png,degradation_poisoned,poisoned,1,1,1,14.683890342712402,14.683890342712402,0.0,0.9998773336410522,0.9998773336410522
409,409,EXTERNAL_SAMPLE/0000409.png,degradation_poisoned,poisoned,1,1,1,12.90623664855957,12.90623664855957,0.0,0.9997044205665588,0.9997044205665588
410,410,EXTERNAL_SAMPLE/0000410.png,degradation_poisoned,poisoned,1,1,1,12.783886909484863,12.783886909484863,0.0,0.9996521472930908,0.9996521472930908
411,411,EXTERNAL_SAMPLE/0000411.png,degradation_poisoned,poisoned,1,1,1,12.158146858215332,12.158146858215332,0.0,0.9994279742240906,0.9994279742240906
412,412,EXTERNAL_SAMPLE/0000412.png,degradation_poisoned,poisoned,1,1,1,15.371875762939453,15.371875762939453,0.0,0.9999905824661255,0.9999905824661255
413,413,EXTERNAL_SAMPLE/0000413.png,degradation_poisoned,poisoned,1,1,1,17.369291305541992,17.369291305541992,0.0,0.9999791383743286,0.9999791383743286
414,414,EXTERNAL_SAMPLE/0000414.png,degradation_poisoned,poisoned,1,1,1,14.141351699829102,14.141351699829102,0.0,0.9999310970306396,0.9999310970306396
415,415,EXTERNAL_SAMPLE/0000415.png,degradation_poisoned,poisoned,1,1,1,14.697376251220703,14.697376251220703,0.0,0.9993294477462769,0.9993294477462769
416,416,EXTERNAL_SAMPLE/0000416.png,degradation_poisoned,poisoned,1,1,1,12.874608993530273,12.874608993530273,0.0,0.9992407560348511,0.9992407560348511
417,417,EXTERNAL_SAMPLE/0000417.png,degradation_poisoned,poisoned,1,1,1,12.090337753295898,12.090337753295898,0.0,0.9993115663528442,0.9993115663528442
418,418,EXTERNAL_SAMPLE/0000418.png,degradation_poisoned,poisoned,1,1,1,15.016390800476074,15.016390800476074,0.0,0.9999750852584839,0.9999750852584839
419,419,EXTERNAL_SAMPLE/0000419.png,degradation_poisoned,poisoned,1,1,1,16.629535675048828,16.629535675048828,0.0,0.9999953508377075,0.9999953508377075
420,420,EXTERNAL_SAMPLE/0000420.png,degradation_poisoned,poisoned,1,1,1,18.52398681640625,18.52398681640625,0.0,0.9999996423721313,0.9999996423721313
421,421,EXTERNAL_SAMPLE/0000421.png,degradation_poisoned,poisoned,1,1,1,17.275096893310547,17.275096893310547,0.0,0.999990701675415,0.999990701675415
422,422,EXTERNAL_SAMPLE/0000422.png,degradation_poisoned,poisoned,1,1,1,12.885565757751465,12.885565757751465,0.0,0.9995402097702026,0.9995402097702026
423,423,EXTERNAL_SAMPLE/0000423.png,degradation_poisoned,poisoned,1,1,1,11.737545013427734,11.737545013427734,0.0,0.9988937973976135,0.9988937973976135
424,424,EXTERNAL_SAMPLE/0000424.png,degradation_poisoned,poisoned,1,1,1,13.942564964294434,13.942564964294434,0.0,0.9999290704727173,0.9999290704727173
425,425,EXTERNAL_SAMPLE/0000425.png,degradation_poisoned,poisoned,1,1,1,11.69261360168457,11.69261360168457,0.0,0.9995548129081726,0.9995548129081726
426,426,EXTERNAL_SAMPLE/0000426.png,degradation_poisoned,poisoned,1,1,1,11.07489013671875,11.07489013671875,0.0,0.9979567527770996,0.9979567527770996
427,427,EXTERNAL_SAMPLE/0000427.png,degradation_poisoned,poisoned,1,1,1,11.216681480407715,11.216681480407715,0.0,0.9983569979667664,0.9983569979667664
428,428,EXTERNAL_SAMPLE/0000428.png,degradation_poisoned,poisoned,1,1,1,11.495987892150879,11.495987892150879,0.0,0.9926732182502747,0.9926732182502747
429,429,EXTERNAL_SAMPLE/0000429.png,degradation_poisoned,poisoned,1,1,1,12.059718132019043,12.059718132019043,0.0,0.9926016926765442,0.9926016926765442
430,430,EXTERNAL_SAMPLE/0000430.png,degradation_poisoned,poisoned,1,1,1,13.977946281433105,13.977946281433105,0.0,0.9999521970748901,0.9999521970748901
431,431,EXTERNAL_SAMPLE/0000431.png,degradation_poisoned,poisoned,1,1,1,14.11691951751709,14.11691951751709,0.0,0.9996047616004944,0.9996047616004944
432,432,EXTERNAL_SAMPLE/0000432.png,degradation_poisoned,poisoned,1,1,1,11.186830520629883,11.186830520629883,0.0,0.9989237189292908,0.9989237189292908
433,433,EXTERNAL_SAMPLE/0000433.png,degradation_poisoned,poisoned,1,1,1,15.900426864624023,15.900426864624023,0.0,0.9999862909317017,0.9999862909317017
434,434,EXTERNAL_SAMPLE/0000434.png,degradation_poisoned,poisoned,1,1,1,16.523534774780273,16.523534774780273,0.0,0.9999948740005493,0.9999948740005493
435,435,EXTERNAL_SAMPLE/0000435.png,degradation_poisoned,poisoned,1,1,1,14.139854431152344,14.139854431152344,0.0,0.9999279975891113,0.9999279975891113
436,436,EXTERNAL_SAMPLE/0000436.png,degradation_poisoned,poisoned,1,1,1,12.604978561401367,12.604978561401367,0.0,0.9997944235801697,0.9997944235801697
437,437,EXTERNAL_SAMPLE/0000437.png,degradation_poisoned,poisoned,1,1,1,11.724625587463379,11.724625587463379,0.0,0.9989423155784607,0.9989423155784607
438,438,EXTERNAL_SAMPLE/0000438.png,degradation_poisoned,poisoned,1,1,1,11.794534683227539,11.794534683227539,0.0,0.9989787340164185,0.9989787340164185
439,439,EXTERNAL_SAMPLE/0000439.png,degradation_poisoned,poisoned,1,1,1,11.680872917175293,11.680872917175293,0.0,0.9993993043899536,0.9993993043899536
440,440,EXTERNAL_SAMPLE/0000440.png,degradation_poisoned,poisoned,1,1,1,14.916864395141602,14.916864395141602,0.0,0.9999624490737915,0.9999624490737915
441,441,EXTERNAL_SAMPLE/0000441.png,degradation_poisoned,poisoned,1,1,1,15.059868812561035,15.059868812561035,0.0,0.9999892711639404,0.9999892711639404
442,442,EXTERNAL_SAMPLE/0000442.png,degradation_poisoned,poisoned,1,1,1,21.538358688354492,21.538358688354492,0.0,1.0,1.0
443,443,EXTERNAL_SAMPLE/0000443.png,degradation_poisoned,poisoned,1,1,1,13.749378204345703,13.749378204345703,0.0,0.99843829870224,0.99843829870224
444,444,EXTERNAL_SAMPLE/0000444.png,degradation_poisoned,poisoned,1,1,1,13.112305641174316,13.112305641174316,0.0,0.9999103546142578,0.9999103546142578
445,445,EXTERNAL_SAMPLE/0000445.png,degradation_poisoned,poisoned,1,1,1,15.23020076751709,15.23020076751709,0.0,0.9999867677688599,0.9999867677688599
446,446,EXTERNAL_SAMPLE/0000446.png,degradation_poisoned,poisoned,1,1,1,11.004647254943848,11.004647254943848,0.0,0.9951860308647156,0.9951860308647156
447,447,EXTERNAL_SAMPLE/0000447.png,degradation_poisoned,poisoned,1,1,1,13.733039855957031,13.733039855957031,0.0,0.9999579191207886,0.9999579191207886
448,448,EXTERNAL_SAMPLE/0000448.png,degradation_poisoned,poisoned,1,1,1,13.564556121826172,13.564556121826172,0.0,0.9999353885650635,0.9999353885650635
449,449,EXTERNAL_SAMPLE/0000449.png,degradation_poisoned,poisoned,1,1,1,12.977860450744629,12.977860450744629,0.0,0.9999035596847534,0.9999035596847534
450,450,EXTERNAL_SAMPLE/0000450.png,degradation_poisoned,poisoned,1,1,1,16.273149490356445,16.273149490356445,0.0,0.9999960660934448,0.9999960660934448
451,451,EXTERNAL_SAMPLE/0000451.png,degradation_poisoned,poisoned,1,1,1,15.034128189086914,15.034128189086914,0.0,0.9997656941413879,0.9997656941413879
452,452,EXTERNAL_SAMPLE/0000452.png,degradation_poisoned,poisoned,1,1,1,12.385047912597656,12.385047912597656,0.0,0.9986831545829773,0.9986831545829773
453,453,EXTERNAL_SAMPLE/0000453.png,degradation_poisoned,poisoned,1,1,1,15.780545234680176,15.780545234680176,0.0,0.9999562501907349,0.9999562501907349
454,454,EXTERNAL_SAMPLE/0000454.png,degradation_poisoned,poisoned,1,1,1,11.140170097351074,11.140170097351074,0.0,0.998475968837738,0.998475968837738
455,455,EXTERNAL_SAMPLE/0000455.png,degradation_poisoned,poisoned,1,1,1,14.71664047241211,14.71664047241211,0.0,0.9999597072601318,0.9999597072601318
456,456,EXTERNAL_SAMPLE/0000456.png,degradation_poisoned,poisoned,1,1,1,11.61587905883789,11.61587905883789,0.0,0.9986857771873474,0.9986857771873474
457,457,EXTERNAL_SAMPLE/0000457.png,degradation_poisoned,poisoned,1,1,1,14.48912525177002,14.48912525177002,0.0,0.9999525547027588,0.9999525547027588
458,458,EXTERNAL_SAMPLE/0000458.png,degradation_poisoned,poisoned,1,1,1,10.905739784240723,10.905739784240723,0.0,0.9984036087989807,0.9984036087989807
459,459,EXTERNAL_SAMPLE/0000459.png,degradation_poisoned,poisoned,1,1,1,13.667155265808105,13.667155265808105,0.0,0.9991195797920227,0.9991195797920227
460,460,EXTERNAL_SAMPLE/0000460.png,degradation_poisoned,poisoned,1,1,1,12.365585327148438,12.365585327148438,0.0,0.9996393918991089,0.9996393918991089
461,461,EXTERNAL_SAMPLE/0000461.png,degradation_poisoned,poisoned,1,1,1,13.961714744567871,13.961714744567871,0.0,0.9999141693115234,0.9999141693115234
462,462,EXTERNAL_SAMPLE/0000462.png,degradation_poisoned,poisoned,1,1,1,14.521020889282227,14.521020889282227,0.0,0.9999351501464844,0.9999351501464844
463,463,EXTERNAL_SAMPLE/0000463.png,degradation_poisoned,poisoned,1,1,1,12.542341232299805,12.542341232299805,0.0,0.9996086955070496,0.9996086955070496
464,464,EXTERNAL_SAMPLE/0000464.png,degradation_poisoned,poisoned,1,1,1,18.09914207458496,18.09914207458496,0.0,0.999998927116394,0.999998927116394
465,465,EXTERNAL_SAMPLE/0000465.png,degradation_poisoned,poisoned,1,1,1,17.849729537963867,17.849729537963867,0.0,0.9999712705612183,0.9999712705612183
466,466,EXTERNAL_SAMPLE/0000466.png,degradation_poisoned,poisoned,1,1,1,10.662162780761719,10.662162780761719,0.0,0.9990725517272949,0.9990725517272949
467,467,EXTERNAL_SAMPLE/0000467.png,degradation_poisoned,poisoned,1,1,1,11.923739433288574,11.923739433288574,0.0,0.9992745518684387,0.9992745518684387
468,468,EXTERNAL_SAMPLE/0000468.png,degradation_poisoned,poisoned,1,1,1,15.43847942352295,15.43847942352295,0.0,0.9999922513961792,0.9999922513961792
469,469,EXTERNAL_SAMPLE/0000469.png,degradation_poisoned,poisoned,1,1,1,12.937092781066895,12.937092781066895,0.0,0.999607264995575,0.999607264995575
470,470,EXTERNAL_SAMPLE/0000470.png,degradation_poisoned,poisoned,1,1,1,12.14164924621582,12.14164924621582,0.0,0.997967541217804,0.997967541217804
471,471,EXTERNAL_SAMPLE/0000471.png,degradation_poisoned,poisoned,1,1,1,12.188390731811523,12.188390731811523,0.0,0.9987421631813049,0.9987421631813049
472,472,EXTERNAL_SAMPLE/0000472.png,degradation_poisoned,poisoned,1,1,1,13.41479778289795,13.41479778289795,0.0,0.9999375343322754,0.9999375343322754
473,473,EXTERNAL_SAMPLE/0000473.png,degradation_poisoned,poisoned,1,1,1,18.625625610351562,18.625625610351562,0.0,0.9999994039535522,0.9999994039535522
474,474,EXTERNAL_SAMPLE/0000474.png,degradation_poisoned,poisoned,1,1,1,18.111330032348633,18.111330032348633,0.0,0.9999953508377075,0.9999953508377075
475,475,EXTERNAL_SAMPLE/0000475.png,degradation_poisoned,poisoned,1,1,1,13.013985633850098,13.013985633850098,0.0,0.9996588230133057,0.9996588230133057
476,476,EXTERNAL_SAMPLE/0000476.png,degradation_poisoned,poisoned,1,1,1,17.567550659179688,17.567550659179688,0.0,0.9999994039535522,0.9999994039535522
477,477,EXTERNAL_SAMPLE/0000477.png,degradation_poisoned,poisoned,1,1,1,15.94560718536377,15.94560718536377,0.0,0.9999953508377075,0.9999953508377075
478,478,EXTERNAL_SAMPLE/0000478.png,degradation_poisoned,poisoned,1,1,1,10.834683418273926,10.834683418273926,0.0,0.9873954653739929,0.9873954653739929
479,479,EXTERNAL_SAMPLE/0000479.png,degradation_poisoned,poisoned,1,1,1,17.430587768554688,17.430587768554688,0.0,0.9999992847442627,0.9999992847442627
480,480,EXTERNAL_SAMPLE/0000480.png,degradation_poisoned,poisoned,1,1,1,14.299006462097168,14.299006462097168,0.0,0.999948263168335,0.999948263168335
481,481,EXTERNAL_SAMPLE/0000481.png,degradation_poisoned,poisoned,1,1,1,19.20870018005371,19.20870018005371,0.0,0.9999996423721313,0.9999996423721313
482,482,EXTERNAL_SAMPLE/0000482.png,degradation_poisoned,poisoned,1,1,1,12.42033863067627,12.42033863067627,0.0,0.9997519850730896,0.9997519850730896
483,483,EXTERNAL_SAMPLE/0000483.png,degradation_poisoned,poisoned,1,1,1,13.961341857910156,13.961341857910156,0.0,0.9998929500579834,0.9998929500579834
484,484,EXTERNAL_SAMPLE/0000484.png,degradation_poisoned,poisoned,1,1,1,15.32953929901123,15.32953929901123,0.0,0.9999881982803345,0.9999881982803345
485,485,EXTERNAL_SAMPLE/0000485.png,degradation_poisoned,poisoned,1,1,1,19.270689010620117,19.270689010620117,0.0,0.9999994039535522,0.9999994039535522
486,486,EXTERNAL_SAMPLE/0000486.png,degradation_poisoned,poisoned,1,1,1,11.0823974609375,11.0823974609375,0.0,0.9987210631370544,0.9987210631370544
487,487,EXTERNAL_SAMPLE/0000487.png,degradation_poisoned,poisoned,1,1,1,12.280315399169922,12.280315399169922,0.0,0.9997624754905701,0.9997624754905701
488,488,EXTERNAL_SAMPLE/0000488.png,degradation_poisoned,poisoned,1,1,1,12.355834007263184,12.355834007263184,0.0,0.999294638633728,0.999294638633728
489,489,EXTERNAL_SAMPLE/0000489.png,degradation_poisoned,poisoned,1,1,1,12.395198822021484,12.395198822021484,0.0,0.9996253252029419,0.9996253252029419
490,490,EXTERNAL_SAMPLE/0000490.png,degradation_poisoned,poisoned,1,1,1,12.419102668762207,12.419102668762207,0.0,0.9987188577651978,0.9987188577651978
491,491,EXTERNAL_SAMPLE/0000491.png,degradation_poisoned,poisoned,1,1,1,12.498462677001953,12.498462677001953,0.0,0.9984446167945862,0.9984446167945862
492,492,EXTERNAL_SAMPLE/0000492.png,degradation_poisoned,poisoned,1,1,1,14.806102752685547,14.806102752685547,0.0,0.9999562501907349,0.9999562501907349
493,493,EXTERNAL_SAMPLE/0000493.png,degradation_poisoned,poisoned,1,1,1,12.573373794555664,12.573373794555664,0.0,0.999388575553894,0.999388575553894
494,494,EXTERNAL_SAMPLE/0000494.png,degradation_poisoned,poisoned,1,1,1,12.780548095703125,12.780548095703125,0.0,0.9995810389518738,0.9995810389518738
495,495,EXTERNAL_SAMPLE/0000495.png,degradation_poisoned,poisoned,1,1,1,14.569587707519531,14.569587707519531,0.0,0.999957799911499,0.999957799911499
496,496,EXTERNAL_SAMPLE/0000496.png,degradation_poisoned,poisoned,1,1,1,16.69942855834961,16.69942855834961,0.0,0.9999977350234985,0.9999977350234985
497,497,EXTERNAL_SAMPLE/0000497.png,degradation_poisoned,poisoned,1,1,1,12.692617416381836,12.692617416381836,0.0,0.970238208770752,0.970238208770752
498,498,EXTERNAL_SAMPLE/0000498.png,degradation_poisoned,poisoned,1,1,1,15.07409381866455,15.07409381866455,0.0,0.9999738931655884,0.9999738931655884
499,499,EXTERNAL_SAMPLE/0000499.png,degradation_poisoned,poisoned,1,1,1,13.895307540893555,13.895307540893555,0.0,0.9997486472129822,0.9997486472129822
500,500,EXTERNAL_SAMPLE/0000500.png,degradation_poisoned,poisoned,1,1,1,11.560394287109375,11.560394287109375,0.0,0.9980775117874146,0.9980775117874146
501,501,EXTERNAL_SAMPLE/0000501.png,degradation_poisoned,poisoned,1,1,1,12.22780704498291,12.22780704498291,0.0,0.9997138381004333,0.9997138381004333
502,502,EXTERNAL_SAMPLE/0000502.png,degradation_poisoned,poisoned,1,1,1,13.549493789672852,13.549493789672852,0.0,0.9999338388442993,0.9999338388442993
503,503,EXTERNAL_SAMPLE/0000503.png,degradation_poisoned,poisoned,1,1,1,12.528717041015625,12.528717041015625,0.0,0.9998657703399658,0.9998657703399658
504,504,EXTERNAL_SAMPLE/0000504.png,degradation_poisoned,poisoned,1,1,1,13.31746768951416,13.31746768951416,0.0,0.9998787641525269,0.9998787641525269
505,505,EXTERNAL_SAMPLE/0000505.png,degradation_poisoned,poisoned,1,1,1,18.465105056762695,18.465105056762695,0.0,0.999997615814209,0.999997615814209
506,506,EXTERNAL_SAMPLE/0000506.png,degradation_poisoned,poisoned,1,1,1,13.28239917755127,13.28239917755127,0.0,0.9998645782470703,0.9998645782470703
507,507,EXTERNAL_SAMPLE/0000507.png,degradation_poisoned,poisoned,1,1,1,16.569438934326172,16.569438934326172,0.0,0.9999963045120239,0.9999963045120239
508,508,EXTERNAL_SAMPLE/0000508.png,degradation_poisoned,poisoned,1,1,1,12.953681945800781,12.953681945800781,0.0,0.9997337460517883,0.9997337460517883
509,509,EXTERNAL_SAMPLE/0000509.png,degradation_poisoned,poisoned,1,1,1,15.402034759521484,15.402034759521484,0.0,0.9999665021896362,0.9999665021896362
510,510,EXTERNAL_SAMPLE/0000510.png,degradation_poisoned,poisoned,1,1,1,14.128893852233887,14.128893852233887,0.0,0.9996053576469421,0.9996053576469421
511,511,EXTERNAL_SAMPLE/0000511.png,degradation_poisoned,poisoned,1,1,1,13.352532386779785,13.352532386779785,0.0,0.9950286746025085,0.9950286746025085
0,0,EXTERNAL_SAMPLE/0000000.png,restoration_clean,clean,0,1,0,1.061135172843933,6.331977844238281,-5.270842552185059,0.0038116630166769028,0.7416727542877197
1,1,EXTERNAL_SAMPLE/0000001.png,restoration_clean,clean,0,1,0,1.569993257522583,6.480657577514648,-4.9106645584106445,0.005640375427901745,0.765565812587738
2,2,EXTERNAL_SAMPLE/0000002.png,restoration_clean,clean,0,1,0,1.365006446838379,19.410810470581055,-18.04580307006836,1.4548134252834188e-08,1.0
3,3,EXTERNAL_SAMPLE/0000003.png,restoration_clean,clean,0,1,0,1.79353666305542,13.452475547790527,-11.658939361572266,8.640592568553984e-06,0.9998999834060669
4,4,EXTERNAL_SAMPLE/0000004.png,restoration_clean,clean,0,1,0,2.3872950077056885,5.112765789031982,-2.725470781326294,0.027270466089248657,0.4162454605102539
5,5,EXTERNAL_SAMPLE/0000005.png,restoration_clean,clean,0,1,0,1.8069270849227905,10.844233512878418,-9.037306785583496,0.00011868840374518186,0.9982993006706238
6,6,EXTERNAL_SAMPLE/0000006.png,restoration_clean,clean,0,1,0,1.9579086303710938,10.641404151916504,-8.68349552154541,0.00016902679635677487,0.9980441331863403
7,7,EXTERNAL_SAMPLE/0000007.png,restoration_clean,clean,0,1,0,4.148741245269775,9.269078254699707,-5.120337009429932,0.0058625126257538795,0.9813364148139954
8,8,EXTERNAL_SAMPLE/0000008.png,restoration_clean,clean,0,1,0,4.532569885253906,10.169451713562012,-5.6368818283081055,0.0035411783028393984,0.9936065673828125
9,9,EXTERNAL_SAMPLE/0000009.png,restoration_clean,clean,0,1,0,1.894324779510498,10.301480293273926,-8.407155990600586,0.0002228183439001441,0.9980042576789856
10,10,EXTERNAL_SAMPLE/0000010.png,restoration_clean,clean,0,1,0,1.9995466470718384,6.192821025848389,-4.19327449798584,0.01233713235706091,0.8172034621238708
11,11,EXTERNAL_SAMPLE/0000011.png,restoration_clean,clean,0,1,1,8.113846778869629,5.4458417892456055,2.6680049896240234,0.8627222180366516,0.059864744544029236
12,12,EXTERNAL_SAMPLE/0000012.png,restoration_clean,clean,0,1,0,2.9320061206817627,4.708984851837158,-1.7769787311553955,0.0675409734249115,0.39930009841918945
13,13,EXTERNAL_SAMPLE/0000013.png,restoration_clean,clean,0,1,0,3.4176254272460938,7.304218292236328,-3.8865928649902344,0.013910156674683094,0.6780439615249634
14,14,EXTERNAL_SAMPLE/0000014.png,restoration_clean,clean,0,1,0,2.3576152324676514,15.250182151794434,-12.892566680908203,2.5166289105982287e-06,0.999976396560669
15,15,EXTERNAL_SAMPLE/0000015.png,restoration_clean,clean,0,1,0,3.074100971221924,9.39287281036377,-6.318771839141846,0.0017649930668994784,0.9793789386749268
16,16,EXTERNAL_SAMPLE/0000016.png,restoration_clean,clean,0,1,6,0.9138614535331726,1.449104905128479,-0.5352434515953064,0.013917654752731323,0.023769458755850792
17,17,EXTERNAL_SAMPLE/0000017.png,restoration_clean,clean,0,1,0,2.9618635177612305,8.26937198638916,-5.30750846862793,0.003612586995586753,0.7291886806488037
18,18,EXTERNAL_SAMPLE/0000018.png,restoration_clean,clean,0,1,0,2.2725682258605957,10.76389217376709,-8.491323471069336,0.0002047601155936718,0.9976547956466675
19,19,EXTERNAL_SAMPLE/0000019.png,restoration_clean,clean,0,1,0,3.471967935562134,8.208227157592773,-4.736259460449219,0.008178800344467163,0.9324401021003723
20,20,EXTERNAL_SAMPLE/0000020.png,restoration_clean,clean,0,1,0,1.3307174444198608,14.4224214553833,-13.091704368591309,2.062170551653253e-06,0.9999527931213379
21,21,EXTERNAL_SAMPLE/0000021.png,restoration_clean,clean,0,1,5,1.1559388637542725,2.442457914352417,-1.2865190505981445,0.0036893989890813828,0.01335622277110815
22,22,EXTERNAL_SAMPLE/0000022.png,restoration_clean,clean,0,1,0,1.6030131578445435,9.824906349182129,-8.221893310546875,0.0002664912899490446,0.9917585253715515
23,23,EXTERNAL_SAMPLE/0000023.png,restoration_clean,clean,0,1,0,0.7174606919288635,8.488398551940918,-7.770937919616699,0.0004099956713616848,0.97197425365448
24,24,EXTERNAL_SAMPLE/0000024.png,restoration_clean,clean,0,1,0,3.043888568878174,6.4614763259887695,-3.4175877571105957,0.023928506299853325,0.7297180891036987
25,25,EXTERNAL_SAMPLE/0000025.png,restoration_clean,clean,0,1,0,2.424527168273926,18.77478790283203,-16.350261688232422,7.928141343427342e-08,0.9999995231628418
26,26,EXTERNAL_SAMPLE/0000026.png,restoration_clean,clean,0,1,0,3.9641385078430176,8.89574146270752,-4.931602954864502,0.006869246251881123,0.9520878195762634
27,27,EXTERNAL_SAMPLE/0000027.png,restoration_clean,clean,0,1,0,1.6412237882614136,15.092391014099121,-13.451167106628418,1.4394842082765535e-06,0.999941349029541
28,28,EXTERNAL_SAMPLE/0000028.png,restoration_clean,clean,0,1,0,2.021780014038086,10.578503608703613,-8.556723594665527,0.0001911451981868595,0.9942628741264343
29,29,EXTERNAL_SAMPLE/0000029.png,restoration_clean,clean,0,1,0,2.1610307693481445,12.597556114196777,-10.436525344848633,2.932942697952967e-05,0.999606192111969
30,30,EXTERNAL_SAMPLE/0000030.png,restoration_clean,clean,0,1,0,1.8974679708480835,14.562520980834961,-12.665053367614746,3.1595382097293623e-06,0.9999686479568481
31,31,EXTERNAL_SAMPLE/0000031.png,restoration_clean,clean,0,1,0,6.406134128570557,11.725239753723145,-5.319105625152588,0.004868154413998127,0.9940827488899231
32,32,EXTERNAL_SAMPLE/0000032.png,restoration_clean,clean,0,1,0,1.7456027269363403,13.966708183288574,-12.221105575561523,4.925138910039095e-06,0.9999474287033081
33,33,EXTERNAL_SAMPLE/0000033.png,restoration_clean,clean,0,1,0,1.6373395919799805,11.347968101501465,-9.710628509521484,6.0573991504497826e-05,0.9989840388298035
34,34,EXTERNAL_SAMPLE/0000034.png,restoration_clean,clean,0,1,0,1.188490629196167,6.25208854675293,-5.063597679138184,0.0033346894197165966,0.5274094939231873
35,35,EXTERNAL_SAMPLE/0000035.png,restoration_clean,clean,0,1,0,3.0044174194335938,10.444119453430176,-7.439702033996582,0.0005834558978676796,0.9931836724281311
36,36,EXTERNAL_SAMPLE/0000036.png,restoration_clean,clean,0,1,0,1.3960371017456055,15.999105453491211,-14.603068351745605,4.5495070821743866e-07,0.9999915361404419
37,37,EXTERNAL_SAMPLE/0000037.png,restoration_clean,clean,0,1,0,1.8853707313537598,6.039996147155762,-4.154625415802002,0.011701119132339954,0.7456899881362915
38,38,EXTERNAL_SAMPLE/0000038.png,restoration_clean,clean,0,1,0,1.1692348718643188,12.410096168518066,-11.240860939025879,1.3122540622134693e-05,0.999681830406189
39,39,EXTERNAL_SAMPLE/0000039.png,restoration_clean,clean,0,1,0,4.039090156555176,13.372706413269043,-9.333616256713867,8.8378248619847e-05,0.9997316002845764
40,40,EXTERNAL_SAMPLE/0000040.png,restoration_clean,clean,0,1,0,1.956898808479309,8.750051498413086,-6.793152809143066,0.0011121965944766998,0.9917685985565186
41,41,EXTERNAL_SAMPLE/0000041.png,restoration_clean,clean,0,1,0,7.526276111602783,11.477052688598633,-3.9507765769958496,0.018869483843445778,0.9807548522949219
42,42,EXTERNAL_SAMPLE/0000042.png,restoration_clean,clean,0,1,0,2.5496373176574707,16.698135375976562,-14.14849853515625,7.16775957698701e-07,0.9999960660934448
43,43,EXTERNAL_SAMPLE/0000043.png,restoration_clean,clean,0,1,0,4.250755310058594,9.61230754852295,-5.3615522384643555,0.004635495133697987,0.9876173138618469
44,44,EXTERNAL_SAMPLE/0000044.png,restoration_clean,clean,0,1,9,1.0131417512893677,1.2034084796905518,-0.19026672840118408,0.0033302803058177233,0.004028214141726494
45,45,EXTERNAL_SAMPLE/0000045.png,restoration_clean,clean,0,1,0,3.6087582111358643,10.595357894897461,-6.986599922180176,0.0009166018571704626,0.9917963743209839
46,46,EXTERNAL_SAMPLE/0000046.png,restoration_clean,clean,0,1,0,1.7909138202667236,20.248735427856445,-18.457820892333984,9.635410691544166e-09,1.0
47,47,EXTERNAL_SAMPLE/0000047.png,restoration_clean,clean,0,1,0,2.8974990844726562,5.128368377685547,-2.2308692932128906,0.06860430538654327,0.638565719127655
48,48,EXTERNAL_SAMPLE/0000048.png,restoration_clean,clean,0,1,0,1.6843830347061157,11.731223106384277,-10.046839714050293,4.328575232648291e-05,0.9991530179977417
49,49,EXTERNAL_SAMPLE/0000049.png,restoration_clean,clean,0,1,0,1.1719281673431396,7.531730651855469,-6.35980224609375,0.0015415336238220334,0.8912099599838257
50,50,EXTERNAL_SAMPLE/0000050.png,restoration_clean,clean,0,1,0,2.1379549503326416,9.426526069641113,-7.288571357727051,0.0006770658073946834,0.990871250629425
51,51,EXTERNAL_SAMPLE/0000051.png,restoration_clean,clean,0,1,0,2.723188877105713,6.4904656410217285,-3.7672767639160156,0.020235422998666763,0.8754266500473022
52,52,EXTERNAL_SAMPLE/0000052.png,restoration_clean,clean,0,1,0,1.7519630193710327,10.780741691589355,-9.028779029846191,0.0001197642704937607,0.9987945556640625
53,53,EXTERNAL_SAMPLE/0000053.png,restoration_clean,clean,0,1,0,1.192463755607605,8.628755569458008,-7.436291694641113,0.0005684341304004192,0.9643187522888184
54,54,EXTERNAL_SAMPLE/0000054.png,restoration_clean,clean,0,1,0,1.2548736333847046,11.722423553466797,-10.467550277709961,2.842855428752955e-05,0.9994339346885681
55,55,EXTERNAL_SAMPLE/0000055.png,restoration_clean,clean,0,1,0,1.5486102104187012,17.10490608215332,-15.556295394897461,1.7538243923809205e-07,0.9999985694885254
56,56,EXTERNAL_SAMPLE/0000056.png,restoration_clean,clean,0,1,8,3.4302051067352295,4.582590103149414,-1.1523849964141846,0.08378647267818451,0.2652457058429718
57,57,EXTERNAL_SAMPLE/0000057.png,restoration_clean,clean,0,1,0,5.179710865020752,7.604923248291016,-2.4252123832702637,0.07421595603227615,0.838983952999115
58,58,EXTERNAL_SAMPLE/0000058.png,restoration_clean,clean,0,1,0,1.6975849866867065,5.523662090301514,-3.8260769844055176,0.01029955968260765,0.4725663363933563
59,59,EXTERNAL_SAMPLE/0000059.png,restoration_clean,clean,0,1,0,2.0721118450164795,5.4103827476501465,-3.338270902633667,0.027619753032922745,0.7780588269233704
60,60,EXTERNAL_SAMPLE/0000060.png,restoration_clean,clean,0,1,0,2.232849359512329,7.856927394866943,-5.624077796936035,0.002445707330480218,0.6775017380714417
61,61,EXTERNAL_SAMPLE/0000061.png,restoration_clean,clean,0,1,0,2.754629611968994,8.74573802947998,-5.991108417510986,0.0024222286883741617,0.968546450138092
62,62,EXTERNAL_SAMPLE/0000062.png,restoration_clean,clean,0,1,0,1.507947564125061,14.948610305786133,-13.440662384033203,1.4547523505825666e-06,0.9999874830245972
63,63,EXTERNAL_SAMPLE/0000063.png,restoration_clean,clean,0,1,0,3.1505093574523926,7.818642616271973,-4.66813325881958,0.008493922650814056,0.9045921564102173
64,64,EXTERNAL_SAMPLE/0000064.png,restoration_clean,clean,0,1,9,2.2644107341766357,0.9205681085586548,1.343842625617981,0.01251226756721735,0.0032637163531035185
65,65,EXTERNAL_SAMPLE/0000065.png,restoration_clean,clean,0,1,0,3.4107251167297363,9.435023307800293,-6.024298191070557,0.0023978285025805235,0.9911457896232605
66,66,EXTERNAL_SAMPLE/0000066.png,restoration_clean,clean,0,1,0,1.2809219360351562,8.516999244689941,-7.236077308654785,0.0006850188947282732,0.9512419700622559
67,67,EXTERNAL_SAMPLE/0000067.png,restoration_clean,clean,0,1,0,4.352621555328369,5.786669731140137,-1.4340481758117676,0.10579485446214676,0.4438781440258026
68,68,EXTERNAL_SAMPLE/0000068.png,restoration_clean,clean,0,1,0,1.9705256223678589,15.163531303405762,-13.193005561828613,1.863538727775449e-06,0.9999722242355347
69,69,EXTERNAL_SAMPLE/0000069.png,restoration_clean,clean,0,1,9,1.2588173151016235,0.41799160838127136,0.8408256769180298,0.0013279662234708667,0.0005728239193558693
70,70,EXTERNAL_SAMPLE/0000070.png,restoration_clean,clean,0,1,0,4.835508346557617,10.660801887512207,-5.82529354095459,0.002937606768682599,0.9951452612876892
71,71,EXTERNAL_SAMPLE/0000071.png,restoration_clean,clean,0,1,3,4.344564437866211,5.246037006378174,-0.9014725685119629,0.04591723531484604,0.11310461163520813
72,72,EXTERNAL_SAMPLE/0000072.png,restoration_clean,clean,0,1,0,1.596246600151062,11.214890480041504,-9.618643760681152,6.641249638050795e-05,0.9990189075469971
73,73,EXTERNAL_SAMPLE/0000073.png,restoration_clean,clean,0,1,0,1.5522431135177612,11.822469711303711,-10.27022647857666,3.462894164840691e-05,0.9994059801101685
74,74,EXTERNAL_SAMPLE/0000074.png,restoration_clean,clean,0,1,0,2.7161083221435547,8.34566593170166,-5.6295576095581055,0.0031018198933452368,0.8639773726463318
75,75,EXTERNAL_SAMPLE/0000075.png,restoration_clean,clean,0,1,0,1.15231454372406,11.88355827331543,-10.731244087219238,2.1840882254764438e-05,0.9995170831680298
76,76,EXTERNAL_SAMPLE/0000076.png,restoration_clean,clean,0,1,0,1.696544885635376,17.550453186035156,-15.85390853881836,1.30236912809778e-07,0.9999978542327881
77,77,EXTERNAL_SAMPLE/0000077.png,restoration_clean,clean,0,1,0,2.3346428871154785,16.13249969482422,-13.797857284545898,1.017804493130825e-06,0.9999946355819702
78,78,EXTERNAL_SAMPLE/0000078.png,restoration_clean,clean,0,1,0,1.2262133359909058,12.045994758605957,-10.819781303405762,1.996452010644134e-05,0.9982290863990784
79,79,EXTERNAL_SAMPLE/0000079.png,restoration_clean,clean,0,1,0,2.3780016899108887,19.241682052612305,-16.863679885864258,4.744569181980296e-08,0.9999997615814209
80,80,EXTERNAL_SAMPLE/0000080.png,restoration_clean,clean,0,1,0,3.477681875228882,7.746489524841309,-4.268807411193848,0.011783294379711151,0.8417560458183289
81,81,EXTERNAL_SAMPLE/0000081.png,restoration_clean,clean,0,1,0,2.652707815170288,12.130130767822266,-9.477422714233398,7.652817294001579e-05,0.9995711445808411
82,82,EXTERNAL_SAMPLE/0000082.png,restoration_clean,clean,0,1,0,2.3156304359436035,9.893762588500977,-7.578132152557373,0.0005025651771575212,0.982501745223999
83,83,EXTERNAL_SAMPLE/0000083.png,restoration_clean,clean,0,1,0,0.8379966020584106,14.56021785736084,-13.722221374511719,1.0977379361065687e-06,0.9999624490737915
84,84,EXTERNAL_SAMPLE/0000084.png,restoration_clean,clean,0,1,0,3.417232036590576,13.674254417419434,-10.257022857666016,3.5105589631712064e-05,0.9998726844787598
85,85,EXTERNAL_SAMPLE/0000085.png,restoration_clean,clean,0,1,0,2.0766327381134033,13.297711372375488,-11.221078872680664,1.3385269994614646e-05,0.9997232556343079
86,86,EXTERNAL_SAMPLE/0000086.png,restoration_clean,clean,0,1,9,1.0370731353759766,0.4825076162815094,0.5545655488967896,0.0036424659192562103,0.0020919477101415396
87,87,EXTERNAL_SAMPLE/0000087.png,restoration_clean,clean,0,1,0,1.975838303565979,9.059426307678223,-7.083588123321533,0.0008335136226378381,0.9937472343444824
88,88,EXTERNAL_SAMPLE/0000088.png,restoration_clean,clean,0,1,0,0.905847430229187,13.951770782470703,-13.045923233032227,2.1586668026429834e-06,0.9999035596847534
89,89,EXTERNAL_SAMPLE/0000089.png,restoration_clean,clean,0,1,0,4.304592132568359,10.79702377319336,-6.492431640625,0.0015091333771124482,0.9962190985679626
90,90,EXTERNAL_SAMPLE/0000090.png,restoration_clean,clean,0,1,0,2.578556537628174,6.144474506378174,-3.56591796875,0.024973759427666664,0.8833695650100708
91,91,EXTERNAL_SAMPLE/0000091.png,restoration_clean,clean,0,1,0,3.9149694442749023,9.857483863830566,-5.942514419555664,0.002591044409200549,0.9869066476821899
92,92,EXTERNAL_SAMPLE/0000092.png,restoration_clean,clean,0,1,6,2.1814115047454834,1.7272429466247559,0.45416855812072754,0.0674043744802475,0.04280013591051102
93,93,EXTERNAL_SAMPLE/0000093.png,restoration_clean,clean,0,1,0,2.1679916381835938,11.985604286193848,-9.817612648010254,5.44669856026303e-05,0.9996968507766724
94,94,EXTERNAL_SAMPLE/0000094.png,restoration_clean,clean,0,1,5,1.86118745803833,1.54390549659729,0.31728196144104004,0.0028583246748894453,0.0020812181755900383
95,95,EXTERNAL_SAMPLE/0000095.png,restoration_clean,clean,0,1,5,1.952735424041748,3.6464850902557373,-1.6937496662139893,0.015032690949738026,0.08177543431520462
96,96,EXTERNAL_SAMPLE/0000096.png,restoration_clean,clean,0,1,0,1.240999460220337,14.338781356811523,-13.097782135009766,2.049664999503875e-06,0.9999480247497559
97,97,EXTERNAL_SAMPLE/0000097.png,restoration_clean,clean,0,1,0,4.672586917877197,13.023795127868652,-8.351207733154297,0.00023592640354763716,0.9992173910140991
98,98,EXTERNAL_SAMPLE/0000098.png,restoration_clean,clean,0,1,0,2.6860413551330566,10.715315818786621,-8.029273986816406,0.00032499514054507017,0.9975765347480774
99,99,EXTERNAL_SAMPLE/0000099.png,restoration_clean,clean,0,1,0,2.4508676528930664,6.35850715637207,-3.907639503479004,0.011202887631952763,0.5576943755149841
100,100,EXTERNAL_SAMPLE/0000100.png,restoration_clean,clean,0,1,0,2.104508399963379,8.760668754577637,-6.656160354614258,0.0011985505698248744,0.9319445490837097
101,101,EXTERNAL_SAMPLE/0000101.png,restoration_clean,clean,0,1,1,4.8417792320251465,2.9480671882629395,1.893712043762207,0.4248937666416168,0.06395164132118225
102,102,EXTERNAL_SAMPLE/0000102.png,restoration_clean,clean,0,1,0,4.418682098388672,13.196415901184082,-8.77773380279541,0.00015407803584821522,0.9996825456619263
103,103,EXTERNAL_SAMPLE/0000103.png,restoration_clean,clean,0,1,0,2.1561057567596436,18.689430236816406,-16.5333251953125,6.601884194878949e-08,0.9999995231628418
104,104,EXTERNAL_SAMPLE/0000104.png,restoration_clean,clean,0,1,0,2.092132091522217,9.18127155303955,-7.089139461517334,0.000820073822978884,0.983166515827179
105,105,EXTERNAL_SAMPLE/0000105.png,restoration_clean,clean,0,1,0,2.309903860092163,12.80285930633545,-10.492955207824707,2.7726826374419034e-05,0.999845027923584
106,106,EXTERNAL_SAMPLE/0000106.png,restoration_clean,clean,0,1,0,3.268913507461548,7.676750183105469,-4.4078369140625,0.008146127685904503,0.6687294840812683
107,107,EXTERNAL_SAMPLE/0000107.png,restoration_clean,clean,0,1,0,1.3053877353668213,13.969513893127441,-12.6641263961792,3.1624804250895977e-06,0.9999724626541138
108,108,EXTERNAL_SAMPLE/0000108.png,restoration_clean,clean,0,1,0,3.311802625656128,11.086888313293457,-7.77508544921875,0.0004192274354863912,0.9979904890060425
109,109,EXTERNAL_SAMPLE/0000109.png,restoration_clean,clean,0,1,0,5.952117919921875,6.706686019897461,-0.7545680999755859,0.29975539445877075,0.6374876499176025
110,110,EXTERNAL_SAMPLE/0000110.png,restoration_clean,clean,0,1,0,2.875725269317627,13.207257270812988,-10.331531524658203,3.2585987355560064e-05,0.9999033212661743
111,111,EXTERNAL_SAMPLE/0000111.png,restoration_clean,clean,0,1,6,1.2688361406326294,4.096960544586182,-2.828124523162842,0.010248368605971336,0.1733379364013672
112,112,EXTERNAL_SAMPLE/0000112.png,restoration_clean,clean,0,1,0,1.968912124633789,15.251797676086426,-13.282885551452637,1.7033746644301573e-06,0.9999864101409912
113,113,EXTERNAL_SAMPLE/0000113.png,restoration_clean,clean,0,1,9,2.1246516704559326,0.9397485256195068,1.1849031448364258,0.022029273211956024,0.006736019626259804
114,114,EXTERNAL_SAMPLE/0000114.png,restoration_clean,clean,0,1,8,3.0372111797332764,7.470631122589111,-4.433420181274414,0.005548886489123106,0.46732157468795776
115,115,EXTERNAL_SAMPLE/0000115.png,restoration_clean,clean,0,1,0,3.8871941566467285,11.877082824707031,-7.989888668060303,0.00033842766424641013,0.9986893534660339
116,116,EXTERNAL_SAMPLE/0000116.png,restoration_clean,clean,0,1,1,6.3135881423950195,5.527198791503906,0.7863893508911133,0.4902300536632538,0.22329315543174744
117,117,EXTERNAL_SAMPLE/0000117.png,restoration_clean,clean,0,1,0,3.563964366912842,10.585285186767578,-7.021320819854736,0.0008909007883630693,0.9980452060699463
118,118,EXTERNAL_SAMPLE/0000118.png,restoration_clean,clean,0,1,0,3.7723565101623535,9.278814315795898,-5.506457805633545,0.003990101628005505,0.9826710820198059
119,119,EXTERNAL_SAMPLE/0000119.png,restoration_clean,clean,0,1,0,2.0176401138305664,9.15438175201416,-7.136741638183594,0.0007819741731509566,0.9831956028938293
120,120,EXTERNAL_SAMPLE/0000120.png,restoration_clean,clean,0,1,0,3.8923652172088623,9.99565601348877,-6.103290557861328,0.0022030083928257227,0.9854658842086792
121,121,EXTERNAL_SAMPLE/0000121.png,restoration_clean,clean,0,1,0,3.6391148567199707,17.541778564453125,-13.902664184570312,9.165323149318283e-07,0.9999955892562866
122,122,EXTERNAL_SAMPLE/0000122.png,restoration_clean,clean,0,1,0,1.633880853652954,15.42326545715332,-13.789384841918945,1.0264585625918698e-06,0.9999887943267822
123,123,EXTERNAL_SAMPLE/0000123.png,restoration_clean,clean,0,1,0,2.5472047328948975,15.866134643554688,-13.318929672241211,1.6430635696451645e-06,0.9999816417694092
124,124,EXTERNAL_SAMPLE/0000124.png,restoration_clean,clean,0,1,0,1.9319860935211182,7.920849800109863,-5.988863945007324,0.0023173713125288486,0.9245410561561584
125,125,EXTERNAL_SAMPLE/0000125.png,restoration_clean,clean,0,1,0,4.158543586730957,9.865875244140625,-5.707331657409668,0.003292808076366782,0.991354763507843
126,126,EXTERNAL_SAMPLE/0000126.png,restoration_clean,clean,0,1,0,1.5380942821502686,11.048606872558594,-9.510512351989746,7.334406836889684e-05,0.9902116656303406
127,127,EXTERNAL_SAMPLE/0000127.png,restoration_clean,clean,0,1,0,3.7486636638641357,6.7862958908081055,-3.0376322269439697,0.03146110847592354,0.6561466455459595
128,128,EXTERNAL_SAMPLE/0000128.png,restoration_clean,clean,0,1,0,2.5350067615509033,9.780330657958984,-7.24532413482666,0.0007062827353365719,0.9898808002471924
129,129,EXTERNAL_SAMPLE/0000129.png,restoration_clean,clean,0,1,0,2.332371711730957,11.255871772766113,-8.923500061035156,0.00013307781773619354,0.9989240765571594
130,130,EXTERNAL_SAMPLE/0000130.png,restoration_clean,clean,0,1,0,1.9723830223083496,9.362292289733887,-7.389909267425537,0.0006126721273176372,0.9922587275505066
131,131,EXTERNAL_SAMPLE/0000131.png,restoration_clean,clean,0,1,0,1.516379714012146,13.132994651794434,-11.616615295410156,9.014396709972061e-06,0.9999276399612427
132,132,EXTERNAL_SAMPLE/0000132.png,restoration_clean,clean,0,1,1,8.492435455322266,2.095545768737793,6.396889686584473,0.9733544588088989,0.0016223221318796277
133,133,EXTERNAL_SAMPLE/0000133.png,restoration_clean,clean,0,1,0,3.475557804107666,7.697823524475098,-4.222265720367432,0.013699532486498356,0.9341410398483276
134,134,EXTERNAL_SAMPLE/0000134.png,restoration_clean,clean,0,1,0,1.4062349796295166,6.446570873260498,-5.040335655212402,0.0050687287002801895,0.783229410648346
135,135,EXTERNAL_SAMPLE/0000135.png,restoration_clean,clean,0,1,0,2.868462324142456,11.969677925109863,-9.101215362548828,0.00011146991164423525,0.9994596838951111
136,136,EXTERNAL_SAMPLE/0000136.png,restoration_clean,clean,0,1,0,3.276346445083618,11.123002052307129,-7.84665584564209,0.0003895331756211817,0.996101975440979
137,137,EXTERNAL_SAMPLE/0000137.png,restoration_clean,clean,0,1,9,1.7914109230041504,1.8652567863464355,-0.07384586334228516,0.0317632295191288,0.03419759124517441
138,138,EXTERNAL_SAMPLE/0000138.png,restoration_clean,clean,0,1,0,1.2809733152389526,10.89864444732666,-9.617671012878418,6.591660348931327e-05,0.9905953407287598
139,139,EXTERNAL_SAMPLE/0000139.png,restoration_clean,clean,0,1,4,1.465103268623352,2.495574474334717,-1.0304712057113647,0.007563629187643528,0.021196210756897926
140,140,EXTERNAL_SAMPLE/0000140.png,restoration_clean,clean,0,1,6,3.9073212146759033,3.9207026958465576,-0.013381481170654297,0.17186902463436127,0.17418432235717773
141,141,EXTERNAL_SAMPLE/0000141.png,restoration_clean,clean,0,1,0,1.5957303047180176,8.223710060119629,-6.627979755401611,0.001289432868361473,0.9747512340545654
142,142,EXTERNAL_SAMPLE/0000142.png,restoration_clean,clean,0,1,0,2.4857563972473145,16.426204681396484,-13.940448760986328,8.825383019939181e-07,0.9999852180480957
143,143,EXTERNAL_SAMPLE/0000143.png,restoration_clean,clean,0,1,0,1.012314796447754,11.436964988708496,-10.424650192260742,2.967003092635423e-05,0.9992774128913879
144,144,EXTERNAL_SAMPLE/0000144.png,restoration_clean,clean,0,1,0,1.8213903903961182,13.839320182800293,-12.017930030822754,6.034582384017995e-06,0.9999260902404785
145,145,EXTERNAL_SAMPLE/0000145.png,restoration_clean,clean,0,1,0,2.1572632789611816,9.340776443481445,-7.183513164520264,0.0007537264027632773,0.9930562376976013
146,146,EXTERNAL_SAMPLE/0000146.png,restoration_clean,clean,0,1,0,1.718530297279358,4.066259860992432,-2.3477296829223633,0.029376603662967682,0.3073318898677826
147,147,EXTERNAL_SAMPLE/0000147.png,restoration_clean,clean,0,1,9,1.0105162858963013,0.5623900294303894,0.44812625646591187,0.0030522863380610943,0.0019498735200613737
148,148,EXTERNAL_SAMPLE/0000148.png,restoration_clean,clean,0,1,1,3.7912847995758057,3.6854610443115234,0.10582375526428223,0.28097790479660034,0.25276297330856323
149,149,EXTERNAL_SAMPLE/0000149.png,restoration_clean,clean,0,1,0,3.465259075164795,9.794633865356445,-6.32937479019165,0.0017184180906042457,0.9636989235877991
150,150,EXTERNAL_SAMPLE/0000150.png,restoration_clean,clean,0,1,0,1.4045500755310059,6.342419624328613,-4.937869548797607,0.005992099642753601,0.8357349038124084
151,151,EXTERNAL_SAMPLE/0000151.png,restoration_clean,clean,0,1,0,1.821832299232483,7.219841957092285,-5.398009777069092,0.004027799237519503,0.890007495880127
152,152,EXTERNAL_SAMPLE/0000152.png,restoration_clean,clean,0,1,0,1.7681010961532593,13.070244789123535,-11.302144050598145,1.234481533174403e-05,0.999869704246521
153,153,EXTERNAL_SAMPLE/0000153.png,restoration_clean,clean,0,1,3,2.3899519443511963,0.9436886310577393,1.446263313293457,0.004840900655835867,0.0011397824855521321
154,154,EXTERNAL_SAMPLE/0000154.png,restoration_clean,clean,0,1,9,1.3944731950759888,2.5524966716766357,-1.158023476600647,0.007191507611423731,0.02289513498544693
155,155,EXTERNAL_SAMPLE/0000155.png,restoration_clean,clean,0,1,0,4.5446577072143555,11.373892784118652,-6.829235076904297,0.0010790745727717876,0.9975864887237549
156,156,EXTERNAL_SAMPLE/0000156.png,restoration_clean,clean,0,1,0,2.3364367485046387,6.475244045257568,-4.13880729675293,0.01290510781109333,0.8095110654830933
157,157,EXTERNAL_SAMPLE/0000157.png,restoration_clean,clean,0,1,0,1.1411666870117188,11.590629577636719,-10.449462890625,2.893572673201561e-05,0.9990298748016357
158,158,EXTERNAL_SAMPLE/0000158.png,restoration_clean,clean,0,1,0,2.7271950244903564,13.590460777282715,-10.863265991210938,1.9147599232383072e-05,0.9999327659606934
159,159,EXTERNAL_SAMPLE/0000159.png,restoration_clean,clean,0,1,3,2.319746255874634,6.490556716918945,-4.170810699462891,0.004801602102816105,0.3109898865222931
160,160,EXTERNAL_SAMPLE/0000160.png,restoration_clean,clean,0,1,5,1.0201359987258911,3.695730686187744,-2.6755948066711426,0.01391066238284111,0.20199650526046753
161,161,EXTERNAL_SAMPLE/0000161.png,restoration_clean,clean,0,1,5,2.8090929985046387,2.169637441635132,0.6394555568695068,0.15615735948085785,0.08238543570041656
162,162,EXTERNAL_SAMPLE/0000162.png,restoration_clean,clean,0,1,1,4.711280822753906,2.834667921066284,1.876612901687622,0.500410795211792,0.0766168013215065
163,163,EXTERNAL_SAMPLE/0000163.png,restoration_clean,clean,0,1,3,2.3769373893737793,2.3824093341827393,-0.005471944808959961,0.08610323071479797,0.08657567203044891
164,164,EXTERNAL_SAMPLE/0000164.png,restoration_clean,clean,0,1,0,3.4147887229919434,9.5967378616333,-6.181949138641357,0.0020521392580121756,0.9931005239486694
165,165,EXTERNAL_SAMPLE/0000165.png,restoration_clean,clean,0,1,0,0.9833048582077026,7.6820197105407715,-6.698714733123779,0.0010031277779489756,0.8139001131057739
166,166,EXTERNAL_SAMPLE/0000166.png,restoration_clean,clean,0,1,0,1.699722170829773,6.6290740966796875,-4.929351806640625,0.0065149893052875996,0.9009568095207214
167,167,EXTERNAL_SAMPLE/0000167.png,restoration_clean,clean,0,1,9,1.272830843925476,1.9914616346359253,-0.7186307907104492,0.004131776746362448,0.008476844988763332
168,168,EXTERNAL_SAMPLE/0000168.png,restoration_clean,clean,0,1,0,5.41400671005249,14.819066047668457,-9.405059814453125,8.229743980336934e-05,0.9998892545700073
169,169,EXTERNAL_SAMPLE/0000169.png,restoration_clean,clean,0,1,8,4.011135101318359,6.580237865447998,-2.5691027641296387,0.02005189284682274,0.26175954937934875
170,170,EXTERNAL_SAMPLE/0000170.png,restoration_clean,clean,0,1,0,4.5017218589782715,7.012673854827881,-2.5109519958496094,0.060298480093479156,0.7426753044128418
171,171,EXTERNAL_SAMPLE/0000171.png,restoration_clean,clean,0,1,6,2.1708760261535645,2.5321452617645264,-0.3612692356109619,0.028702756389975548,0.04119275510311127
172,172,EXTERNAL_SAMPLE/0000172.png,restoration_clean,clean,0,1,0,2.6739861965179443,12.725358963012695,-10.051372528076172,4.311967859393917e-05,0.9998414516448975
173,173,EXTERNAL_SAMPLE/0000173.png,restoration_clean,clean,0,1,3,2.9335389137268066,6.951210021972656,-4.01767110824585,0.004740207456052303,0.26342058181762695
174,174,EXTERNAL_SAMPLE/0000174.png,restoration_clean,clean,0,1,9,1.1024138927459717,2.3790202140808105,-1.2766063213348389,0.01790659688413143,0.06418538093566895
175,175,EXTERNAL_SAMPLE/0000175.png,restoration_clean,clean,0,1,0,2.3162543773651123,5.733889579772949,-3.417635202407837,0.019710827618837357,0.6011252403259277
176,176,EXTERNAL_SAMPLE/0000176.png,restoration_clean,clean,0,1,0,3.541621208190918,7.178301811218262,-3.6366806030273438,0.014981906861066818,0.5687971711158752
177,177,EXTERNAL_SAMPLE/0000177.png,restoration_clean,clean,0,1,0,4.525333881378174,14.540431022644043,-10.015096664428711,4.471600186661817e-05,0.9999175071716309
178,178,EXTERNAL_SAMPLE/0000178.png,restoration_clean,clean,0,1,0,2.1195108890533447,10.61366081237793,-8.494150161743164,0.00020413736638147384,0.997435986995697
179,179,EXTERNAL_SAMPLE/0000179.png,restoration_clean,clean,0,1,0,2.019883632659912,12.602248191833496,-10.582365036010742,2.5344035748275928e-05,0.9993981122970581
180,180,EXTERNAL_SAMPLE/0000180.png,restoration_clean,clean,0,1,8,2.4405667781829834,6.0253005027771,-3.584733724594116,0.009249094873666763,0.33337220549583435
181,181,EXTERNAL_SAMPLE/0000181.png,restoration_clean,clean,0,1,0,1.192548394203186,12.556373596191406,-11.363824844360352,1.1582991646719165e-05,0.9978542923927307
182,182,EXTERNAL_SAMPLE/0000182.png,restoration_clean,clean,0,1,0,3.0158355236053467,12.274226188659668,-9.258390426635742,9.527686052024364e-05,0.9996669292449951
183,183,EXTERNAL_SAMPLE/0000183.png,restoration_clean,clean,0,1,0,3.718785047531128,13.907129287719727,-10.18834400177002,3.76033058273606e-05,0.9999253749847412
184,184,EXTERNAL_SAMPLE/0000184.png,restoration_clean,clean,0,1,0,1.95421302318573,4.764512538909912,-2.8102993965148926,0.02289395034313202,0.3803805410861969
185,185,EXTERNAL_SAMPLE/0000185.png,restoration_clean,clean,0,1,0,4.3041276931762695,6.121685028076172,-1.8175573348999023,0.12644830346107483,0.7785170078277588
186,186,EXTERNAL_SAMPLE/0000186.png,restoration_clean,clean,0,1,0,1.6613187789916992,9.173836708068848,-7.512517929077148,0.0005429373122751713,0.9940192699432373
187,187,EXTERNAL_SAMPLE/0000187.png,restoration_clean,clean,0,1,0,1.6217625141143799,6.0770344734191895,-4.4552717208862305,0.009759769774973392,0.8401164412498474
188,188,EXTERNAL_SAMPLE/0000188.png,restoration_clean,clean,0,1,8,3.286851644515991,4.014899730682373,-0.7280480861663818,0.035878147929906845,0.07430486381053925
189,189,EXTERNAL_SAMPLE/0000189.png,restoration_clean,clean,0,1,3,0.7011998891830444,2.970355272293091,-2.269155502319336,0.0015086524654179811,0.014590518549084663
190,190,EXTERNAL_SAMPLE/0000190.png,restoration_clean,clean,0,1,0,1.8150527477264404,7.722578048706055,-5.907525062561035,0.002605654299259186,0.9583460688591003
191,191,EXTERNAL_SAMPLE/0000191.png,restoration_clean,clean,0,1,0,2.2698893547058105,7.878712177276611,-5.608822822570801,0.003295863512903452,0.8991869688034058
192,192,EXTERNAL_SAMPLE/0000192.png,restoration_clean,clean,0,1,0,1.4652022123336792,7.662199020385742,-6.196996688842773,0.0019480159971863031,0.9570044279098511
193,193,EXTERNAL_SAMPLE/0000193.png,restoration_clean,clean,0,1,9,1.034759759902954,0.4671204388141632,0.5676393508911133,0.003716709790751338,0.002106862608343363
194,194,EXTERNAL_SAMPLE/0000194.png,restoration_clean,clean,0,1,0,2.1582629680633545,13.165114402770996,-11.006851196289062,1.6586282072239555e-05,0.999916672706604
195,195,EXTERNAL_SAMPLE/0000195.png,restoration_clean,clean,0,1,0,5.79286003112793,7.377025604248047,-1.5841655731201172,0.13501675426959991,0.6582366228103638
196,196,EXTERNAL_SAMPLE/0000196.png,restoration_clean,clean,0,1,0,2.564682722091675,9.262394905090332,-6.697711944580078,0.0012257510097697377,0.9935314059257507
197,197,EXTERNAL_SAMPLE/0000197.png,restoration_clean,clean,0,1,0,1.91838538646698,8.979185104370117,-7.060799598693848,0.0008490432519465685,0.9894550442695618
198,198,EXTERNAL_SAMPLE/0000198.png,restoration_clean,clean,0,1,0,1.592044472694397,6.797918319702148,-5.205873966217041,0.004393631126731634,0.8011354804039001
199,199,EXTERNAL_SAMPLE/0000199.png,restoration_clean,clean,0,1,6,3.0671956539154053,2.7954585552215576,0.27173709869384766,0.1126166507601738,0.0858200266957283
200,200,EXTERNAL_SAMPLE/0000200.png,restoration_clean,clean,0,1,0,1.2656426429748535,9.038509368896484,-7.772866725921631,0.00041450251592323184,0.9845557808876038
201,201,EXTERNAL_SAMPLE/0000201.png,restoration_clean,clean,0,1,0,2.096428871154785,4.8824639320373535,-2.7860350608825684,0.026925891637802124,0.4366462826728821
202,202,EXTERNAL_SAMPLE/0000202.png,restoration_clean,clean,0,1,0,0.6920269131660461,8.781312942504883,-8.089285850524902,0.00029428990092128515,0.9591963887214661
203,203,EXTERNAL_SAMPLE/0000203.png,restoration_clean,clean,0,1,9,1.6666079759597778,1.165260672569275,0.5013473033905029,0.005965276155620813,0.0036132524255663157
204,204,EXTERNAL_SAMPLE/0000204.png,restoration_clean,clean,0,1,3,3.0284624099731445,5.944048881530762,-2.915586471557617,0.01952493190765381,0.36042311787605286
205,205,EXTERNAL_SAMPLE/0000205.png,restoration_clean,clean,0,1,9,2.070140838623047,1.62174654006958,0.4483942985534668,0.021297980099916458,0.013602014631032944
206,206,EXTERNAL_SAMPLE/0000206.png,restoration_clean,clean,0,1,0,2.6550092697143555,17.86652946472168,-15.211520195007324,2.475827045600454e-07,0.9999990463256836
207,207,EXTERNAL_SAMPLE/0000207.png,restoration_clean,clean,0,1,0,1.7893580198287964,7.8693132400512695,-6.079955101013184,0.0022128105629235506,0.9670193791389465
208,208,EXTERNAL_SAMPLE/0000208.png,restoration_clean,clean,0,1,0,1.604174017906189,10.949878692626953,-9.345705032348633,8.720335608813912e-05,0.9984385371208191
209,209,EXTERNAL_SAMPLE/0000209.png,restoration_clean,clean,0,1,3,3.7784037590026855,3.5548171997070312,0.2235865592956543,0.14402754604816437,0.11517100781202316
210,210,EXTERNAL_SAMPLE/0000210.png,restoration_clean,clean,0,1,8,3.170199155807495,6.9196085929870605,-3.7494094371795654,0.0023649518843740225,0.1005009189248085
211,211,EXTERNAL_SAMPLE/0000211.png,restoration_clean,clean,0,1,0,1.6023669242858887,10.91032600402832,-9.307958602905273,9.057806892087683e-05,0.9986610412597656
212,212,EXTERNAL_SAMPLE/0000212.png,restoration_clean,clean,0,1,3,2.0580270290374756,6.195419788360596,-4.137392997741699,0.006623496301472187,0.41489118337631226
213,213,EXTERNAL_SAMPLE/0000213.png,restoration_clean,clean,0,1,0,2.4375808238983154,5.862491130828857,-3.424910306930542,0.025569066405296326,0.7854788899421692
214,214,EXTERNAL_SAMPLE/0000214.png,restoration_clean,clean,0,1,0,0.4453168213367462,12.343052864074707,-11.897735595703125,6.802608822908951e-06,0.9995313882827759
215,215,EXTERNAL_SAMPLE/0000215.png,restoration_clean,clean,0,1,0,2.4959299564361572,10.757144927978516,-8.261215209960938,0.00025795685360208154,0.9984980821609497
216,216,EXTERNAL_SAMPLE/0000216.png,restoration_clean,clean,0,1,0,2.6628103256225586,10.182024955749512,-7.519214630126953,0.0005399644724093378,0.9952189326286316
217,217,EXTERNAL_SAMPLE/0000217.png,restoration_clean,clean,0,1,0,0.9529266357421875,13.11715030670166,-12.164223670959473,5.209870778344339e-06,0.9992684721946716
218,218,EXTERNAL_SAMPLE/0000218.png,restoration_clean,clean,0,1,0,0.7238125801086426,7.670593738555908,-6.946781158447266,0.0006602485082112253,0.6865246891975403
219,219,EXTERNAL_SAMPLE/0000219.png,restoration_clean,clean,0,1,0,2.7046515941619873,9.143793106079102,-6.439141273498535,0.0015762835973873734,0.9865472316741943
220,220,EXTERNAL_SAMPLE/0000220.png,restoration_clean,clean,0,1,0,2.0389649868011475,10.354398727416992,-8.315433502197266,0.0002428696898277849,0.9924764037132263
221,221,EXTERNAL_SAMPLE/0000221.png,restoration_clean,clean,0,1,3,2.6194028854370117,4.681201934814453,-2.0617990493774414,0.03555877506732941,0.2794954478740692
222,222,EXTERNAL_SAMPLE/0000222.png,restoration_clean,clean,0,1,0,2.391796588897705,9.964412689208984,-7.572616100311279,0.0005055551300756633,0.9829103350639343
223,223,EXTERNAL_SAMPLE/0000223.png,restoration_clean,clean,0,1,0,2.2186665534973145,9.24524211883545,-7.026575565338135,0.0008755348389968276,0.9859988689422607
224,224,EXTERNAL_SAMPLE/0000224.png,restoration_clean,clean,0,1,0,0.7530038952827454,6.897205352783203,-6.144201278686523,0.0018296302296221256,0.8526210784912109
225,225,EXTERNAL_SAMPLE/0000225.png,restoration_clean,clean,0,1,3,4.588373184204102,5.589763164520264,-1.001389980316162,0.10948754101991653,0.29803192615509033
226,226,EXTERNAL_SAMPLE/0000226.png,restoration_clean,clean,0,1,0,1.4579753875732422,11.866379737854004,-10.408404350280762,3.0162749681039713e-05,0.9995015859603882
227,227,EXTERNAL_SAMPLE/0000227.png,restoration_clean,clean,0,1,0,0.7324544191360474,15.056679725646973,-14.324225425720215,6.012097628627089e-07,0.9999034404754639
228,228,EXTERNAL_SAMPLE/0000228.png,restoration_clean,clean,0,1,0,3.2086336612701416,13.125326156616211,-9.916692733764648,4.9322239647153765e-05,0.9995573163032532
229,229,EXTERNAL_SAMPLE/0000229.png,restoration_clean,clean,0,1,9,1.0397974252700806,0.46986162662506104,0.5699357986450195,0.0036810380406677723,0.0020818545017391443
230,230,EXTERNAL_SAMPLE/0000230.png,restoration_clean,clean,0,1,0,1.5294113159179688,12.179503440856934,-10.650092124938965,2.3663642423343845e-05,0.9985224604606628
231,231,EXTERNAL_SAMPLE/0000231.png,restoration_clean,clean,0,1,0,2.419099807739258,3.3089592456817627,-0.8898594379425049,0.09306427091360092,0.22659170627593994
232,232,EXTERNAL_SAMPLE/0000232.png,restoration_clean,clean,0,1,0,2.5781970024108887,5.87956428527832,-3.3013672828674316,0.025159668177366257,0.6830782890319824
233,233,EXTERNAL_SAMPLE/0000233.png,restoration_clean,clean,0,1,0,1.8025990724563599,8.878693580627441,-7.076094627380371,0.0008208122453652322,0.9712983965873718
234,234,EXTERNAL_SAMPLE/0000234.png,restoration_clean,clean,0,1,0,1.2752211093902588,8.041296005249023,-6.766075134277344,0.0009592215064913034,0.8325071930885315
235,235,EXTERNAL_SAMPLE/0000235.png,restoration_clean,clean,0,1,0,2.8072164058685303,7.290755271911621,-4.483538627624512,0.01057344675064087,0.9362516403198242
236,236,EXTERNAL_SAMPLE/0000236.png,restoration_clean,clean,0,1,3,1.631500244140625,3.92417573928833,-2.292675495147705,0.008638599887490273,0.08553417026996613
237,237,EXTERNAL_SAMPLE/0000237.png,restoration_clean,clean,0,1,0,3.150029420852661,15.257591247558594,-12.107562065124512,5.517372756003169e-06,0.9999532699584961
238,238,EXTERNAL_SAMPLE/0000238.png,restoration_clean,clean,0,1,0,1.9897193908691406,8.315674781799316,-6.325955390930176,0.0017517918022349477,0.9790616631507874
239,239,EXTERNAL_SAMPLE/0000239.png,restoration_clean,clean,0,1,5,0.7544910907745361,5.224071502685547,-4.46958065032959,0.0036439436953514814,0.3181893825531006
240,240,EXTERNAL_SAMPLE/0000240.png,restoration_clean,clean,0,1,0,7.5858564376831055,10.242497444152832,-2.6566410064697266,0.06547075510025024,0.9328502416610718
241,241,EXTERNAL_SAMPLE/0000241.png,restoration_clean,clean,0,1,5,2.3224895000457764,4.461793899536133,-2.1393043994903564,0.013470917008817196,0.11441560089588165
242,242,EXTERNAL_SAMPLE/0000242.png,restoration_clean,clean,0,1,0,1.8553805351257324,14.589062690734863,-12.733682632446289,2.9499346965167206e-06,0.9999550580978394
243,243,EXTERNAL_SAMPLE/0000243.png,restoration_clean,clean,0,1,0,0.7373778223991394,13.30723762512207,-12.569859504699707,3.473699962341925e-06,0.9995693564414978
244,244,EXTERNAL_SAMPLE/0000244.png,restoration_clean,clean,0,1,0,3.160160541534424,4.695483207702637,-1.535322666168213,0.113854318857193,0.5286054611206055
245,245,EXTERNAL_SAMPLE/0000245.png,restoration_clean,clean,0,1,1,9.16257095336914,1.2117682695388794,7.950802803039551,0.9955470561981201,0.00035081003443337977
246,246,EXTERNAL_SAMPLE/0000246.png,restoration_clean,clean,0,1,0,2.398777484893799,9.936603546142578,-7.537826061248779,0.0005306057864800096,0.9963415265083313
247,247,EXTERNAL_SAMPLE/0000247.png,restoration_clean,clean,0,1,0,2.0859596729278564,11.497304916381836,-9.411345481872559,8.17176332930103e-05,0.9991050362586975
248,248,EXTERNAL_SAMPLE/0000248.png,restoration_clean,clean,0,1,0,1.6071125268936157,8.278338432312012,-6.6712260246276855,0.0012043166207149625,0.9506428241729736
249,249,EXTERNAL_SAMPLE/0000249.png,restoration_clean,clean,0,1,0,2.497753381729126,7.081027030944824,-4.583273887634277,0.009354562498629093,0.9151958227157593
250,250,EXTERNAL_SAMPLE/0000250.png,restoration_clean,clean,0,1,0,3.5902533531188965,9.635205268859863,-6.044951915740967,0.0023586286697536707,0.9952881336212158
251,251,EXTERNAL_SAMPLE/0000251.png,restoration_clean,clean,0,1,9,4.112852096557617,2.4387006759643555,1.6741514205932617,0.15242299437522888,0.02857431024312973
252,252,EXTERNAL_SAMPLE/0000252.png,restoration_clean,clean,0,1,3,2.046079635620117,3.2998311519622803,-1.253751516342163,0.004875043407082558,0.01707952655851841
253,253,EXTERNAL_SAMPLE/0000253.png,restoration_clean,clean,0,1,0,1.9255768060684204,8.369166374206543,-6.443589687347412,0.0014881599927321076,0.9355459213256836
254,254,EXTERNAL_SAMPLE/0000254.png,restoration_clean,clean,0,1,0,2.8578271865844727,5.95327615737915,-3.0954489707946777,0.036213021725416183,0.8002048134803772
255,255,EXTERNAL_SAMPLE/0000255.png,restoration_clean,clean,0,1,8,1.5824337005615234,2.6446971893310547,-1.0622634887695312,0.025633106008172035,0.0741543099284172
256,256,EXTERNAL_SAMPLE/0000256.png,restoration_clean,clean,0,1,8,3.8540143966674805,5.457672119140625,-1.6036577224731445,0.06820882111787796,0.33907848596572876
257,257,EXTERNAL_SAMPLE/0000257.png,restoration_clean,clean,0,1,0,2.5466387271881104,8.234575271606445,-5.687936782836914,0.0033237612806260586,0.9814527034759521
258,258,EXTERNAL_SAMPLE/0000258.png,restoration_clean,clean,0,1,0,2.0526061058044434,10.334344863891602,-8.28173828125,0.0002510381455067545,0.9918659329414368
259,259,EXTERNAL_SAMPLE/0000259.png,restoration_clean,clean,0,1,0,5.108957290649414,7.897160530090332,-2.788203239440918,0.04900549352169037,0.7964270710945129
260,260,EXTERNAL_SAMPLE/0000260.png,restoration_clean,clean,0,1,3,0.9709305167198181,3.9080841541290283,-2.9371535778045654,0.0107254134491086,0.20230361819267273
261,261,EXTERNAL_SAMPLE/0000261.png,restoration_clean,clean,0,1,0,2.27939510345459,4.684281826019287,-2.4048867225646973,0.029969817027449608,0.3319809138774872
262,262,EXTERNAL_SAMPLE/0000262.png,restoration_clean,clean,0,1,0,2.212085008621216,12.965716361999512,-10.753631591796875,2.136508555850014e-05,0.9998791217803955
263,263,EXTERNAL_SAMPLE/0000263.png,restoration_clean,clean,0,1,0,2.198352813720703,15.432388305664062,-13.23403549194336,1.7886144405565574e-06,0.9999661445617676
264,264,EXTERNAL_SAMPLE/0000264.png,restoration_clean,clean,0,1,0,2.1573400497436523,9.685444831848145,-7.528104782104492,0.0005358845228329301,0.9965190887451172
265,265,EXTERNAL_SAMPLE/0000265.png,restoration_clean,clean,0,1,0,1.6797960996627808,7.244070053100586,-5.564273834228516,0.0031339398119598627,0.8177566528320312
266,266,EXTERNAL_SAMPLE/0000266.png,restoration_clean,clean,0,1,0,3.4850051403045654,12.960057258605957,-9.475051879882812,7.671525236219168e-05,0.9996418952941895
267,267,EXTERNAL_SAMPLE/0000267.png,restoration_clean,clean,0,1,0,1.8129353523254395,25.02145767211914,-23.20852279663086,8.330414830171051e-11,1.0
268,268,EXTERNAL_SAMPLE/0000268.png,restoration_clean,clean,0,1,0,2.5743532180786133,7.237386226654053,-4.6630330085754395,0.008230508305132389,0.8720797300338745
269,269,EXTERNAL_SAMPLE/0000269.png,restoration_clean,clean,0,1,0,2.7601747512817383,5.733704566955566,-2.973529815673828,0.033400531858205795,0.653342604637146
270,270,EXTERNAL_SAMPLE/0000270.png,restoration_clean,clean,0,1,0,2.006242036819458,13.8096284866333,-11.803386688232422,7.4782801675610244e-06,0.999879002571106
271,271,EXTERNAL_SAMPLE/0000271.png,restoration_clean,clean,0,1,0,2.54975962638855,11.422269821166992,-8.872509956359863,0.00014008261496201158,0.9992319345474243
272,272,EXTERNAL_SAMPLE/0000272.png,restoration_clean,clean,0,1,0,4.725569248199463,7.438289165496826,-2.7127199172973633,0.03215721622109413,0.4846160113811493
273,273,EXTERNAL_SAMPLE/0000273.png,restoration_clean,clean,0,1,0,0.7105239033699036,9.666929244995117,-8.956405639648438,0.00012830183550249785,0.9952918291091919
274,274,EXTERNAL_SAMPLE/0000274.png,restoration_clean,clean,0,1,0,2.751288414001465,8.154529571533203,-5.403241157531738,0.0042610871605575085,0.9464947581291199
275,275,EXTERNAL_SAMPLE/0000275.png,restoration_clean,clean,0,1,0,1.9893232583999634,9.565308570861816,-7.575985431671143,0.0005089414771646261,0.9928337335586548
276,276,EXTERNAL_SAMPLE/0000276.png,restoration_clean,clean,0,1,0,2.3111298084259033,10.392497062683105,-8.081367492675781,0.00030729948775842786,0.9936996698379517
277,277,EXTERNAL_SAMPLE/0000277.png,restoration_clean,clean,0,1,3,1.7961279153823853,3.522719144821167,-1.7265912294387817,0.001097663538530469,0.00617047306150198
278,278,EXTERNAL_SAMPLE/0000278.png,restoration_clean,clean,0,1,0,0.8624082803726196,10.866677284240723,-10.004268646240234,4.500709837884642e-05,0.9955880641937256
279,279,EXTERNAL_SAMPLE/0000279.png,restoration_clean,clean,0,1,4,2.8300249576568604,4.892336845397949,-2.062311887741089,0.009706524200737476,0.07633338868618011
280,280,EXTERNAL_SAMPLE/0000280.png,restoration_clean,clean,0,1,0,3.568269729614258,7.745292663574219,-4.177022933959961,0.011539055965840816,0.7520180344581604
281,281,EXTERNAL_SAMPLE/0000281.png,restoration_clean,clean,0,1,0,5.6319732666015625,15.287013053894043,-9.65503978729248,6.409701018128544e-05,0.9999270439147949
282,282,EXTERNAL_SAMPLE/0000282.png,restoration_clean,clean,0,1,0,2.617036819458008,9.28525161743164,-6.668214797973633,0.0011935958173125982,0.9393472671508789
283,283,EXTERNAL_SAMPLE/0000283.png,restoration_clean,clean,0,1,0,4.0916547775268555,15.478510856628418,-11.386856079101562,1.1343403457431123e-05,0.9999818801879883
284,284,EXTERNAL_SAMPLE/0000284.png,restoration_clean,clean,0,1,5,3.2860302925109863,5.020542621612549,-1.7345123291015625,0.05540085211396217,0.3139103055000305
285,285,EXTERNAL_SAMPLE/0000285.png,restoration_clean,clean,0,1,0,5.394018173217773,7.555280685424805,-2.1612625122070312,0.09898869693279266,0.8594290018081665
286,286,EXTERNAL_SAMPLE/0000286.png,restoration_clean,clean,0,1,0,2.6789047718048096,10.718973159790039,-8.040068626403809,0.00032180396374315023,0.9985016584396362
287,287,EXTERNAL_SAMPLE/0000287.png,restoration_clean,clean,0,1,0,3.5784103870391846,18.590595245361328,-15.012185096740723,3.021972645456117e-07,0.9999992847442627
288,288,EXTERNAL_SAMPLE/0000288.png,restoration_clean,clean,0,1,0,1.8981387615203857,6.289484977722168,-4.391345977783203,0.010756753385066986,0.8685973882675171
289,289,EXTERNAL_SAMPLE/0000289.png,restoration_clean,clean,0,1,0,2.7164173126220703,19.376514434814453,-16.660097122192383,5.815829950961415e-08,0.9999998807907104
290,290,EXTERNAL_SAMPLE/0000290.png,restoration_clean,clean,0,1,0,2.9338631629943848,9.919514656066895,-6.98565149307251,0.0009192723664455116,0.9937431216239929
291,291,EXTERNAL_SAMPLE/0000291.png,restoration_clean,clean,0,1,0,1.6918598413467407,13.8154878616333,-12.123627662658691,5.428980330179911e-06,0.9998683929443359
292,292,EXTERNAL_SAMPLE/0000292.png,restoration_clean,clean,0,1,0,2.945834159851074,7.457858085632324,-4.51202392578125,0.010559340938925743,0.9620196223258972
293,293,EXTERNAL_SAMPLE/0000293.png,restoration_clean,clean,0,1,0,2.223567008972168,6.120954513549805,-3.8973875045776367,0.014314597472548485,0.7053310871124268
294,294,EXTERNAL_SAMPLE/0000294.png,restoration_clean,clean,0,1,0,3.624113082885742,8.803773880004883,-5.179660797119141,0.0055292584002017975,0.9821210503578186
295,295,EXTERNAL_SAMPLE/0000295.png,restoration_clean,clean,0,1,0,4.292501449584961,7.113363265991211,-2.82086181640625,0.051570843905210495,0.8659422993659973
296,296,EXTERNAL_SAMPLE/0000296.png,restoration_clean,clean,0,1,0,4.720451831817627,14.855988502502441,-10.135536193847656,3.9642756746616215e-05,0.9999339580535889
297,297,EXTERNAL_SAMPLE/0000297.png,restoration_clean,clean,0,1,0,3.5448615550994873,7.517566680908203,-3.972705125808716,0.012704023160040379,0.6749400496482849
298,298,EXTERNAL_SAMPLE/0000298.png,restoration_clean,clean,0,1,0,1.4243842363357544,16.449745178222656,-15.025361061096191,2.982404510021297e-07,0.9999953508377075
299,299,EXTERNAL_SAMPLE/0000299.png,restoration_clean,clean,0,1,0,2.575105667114258,6.038298606872559,-3.463192939758301,0.022126106545329094,0.7062371969223022
300,300,EXTERNAL_SAMPLE/0000300.png,restoration_clean,clean,0,1,3,2.8874306678771973,2.929166555404663,-0.04173588752746582,0.015089030377566814,0.015732109546661377
301,301,EXTERNAL_SAMPLE/0000301.png,restoration_clean,clean,0,1,0,1.4272794723510742,14.85122013092041,-13.423940658569336,1.4792698266319348e-06,0.9999786615371704
302,302,EXTERNAL_SAMPLE/0000302.png,restoration_clean,clean,0,1,9,1.0433027744293213,0.5725696682929993,0.470733106136322,0.0019795536063611507,0.0012363189598545432
303,303,EXTERNAL_SAMPLE/0000303.png,restoration_clean,clean,0,1,5,1.360540747642517,6.015557289123535,-4.6550164222717285,0.002308767754584551,0.2426767796278
304,304,EXTERNAL_SAMPLE/0000304.png,restoration_clean,clean,0,1,0,4.564107418060303,8.602110862731934,-4.038003444671631,0.017161672934889793,0.9732898473739624
305,305,EXTERNAL_SAMPLE/0000305.png,restoration_clean,clean,0,1,0,3.017531394958496,7.255805015563965,-4.238273620605469,0.013434302061796188,0.9308376312255859
306,306,EXTERNAL_SAMPLE/0000306.png,restoration_clean,clean,0,1,0,2.162994623184204,7.75622034072876,-5.593225479125977,0.0032828832045197487,0.8817843198776245
307,307,EXTERNAL_SAMPLE/0000307.png,restoration_clean,clean,0,1,0,1.8679500818252563,9.857486724853516,-7.989536762237549,0.0003378064720891416,0.9965054988861084
308,308,EXTERNAL_SAMPLE/0000308.png,restoration_clean,clean,0,1,0,2.249295711517334,12.714507102966309,-10.465211868286133,2.850082455552183e-05,0.9996343851089478
309,309,EXTERNAL_SAMPLE/0000309.png,restoration_clean,clean,0,1,0,2.509901523590088,9.701200485229492,-7.191298961639404,0.000748566584661603,0.993966817855835
310,310,EXTERNAL_SAMPLE/0000310.png,restoration_clean,clean,0,1,3,2.5402939319610596,7.172800540924072,-4.632506370544434,0.003159882966428995,0.32474538683891296
311,311,EXTERNAL_SAMPLE/0000311.png,restoration_clean,clean,0,1,0,2.453141689300537,9.794052124023438,-7.3409104347229,0.0006452477537095547,0.9950466156005859
312,312,EXTERNAL_SAMPLE/0000312.png,restoration_clean,clean,0,1,5,1.236472249031067,6.518704891204834,-5.282232761383057,0.0013554779579862952,0.26677000522613525
313,313,EXTERNAL_SAMPLE/0000313.png,restoration_clean,clean,0,1,9,1.0806162357330322,0.055404528975486755,1.0252116918563843,0.0033486755564808846,0.0012012389488518238
314,314,EXTERNAL_SAMPLE/0000314.png,restoration_clean,clean,0,1,3,2.3848202228546143,4.895493030548096,-2.5106728076934814,0.004867088049650192,0.0599294938147068
315,315,EXTERNAL_SAMPLE/0000315.png,restoration_clean,clean,0,1,0,2.128303050994873,8.70111083984375,-6.572807788848877,0.0013540844665840268,0.9686790108680725
316,316,EXTERNAL_SAMPLE/0000316.png,restoration_clean,clean,0,1,0,0.9991620779037476,14.018095016479492,-13.018933296203613,2.2174858713697176e-06,0.9997968077659607
317,317,EXTERNAL_SAMPLE/0000317.png,restoration_clean,clean,0,1,9,1.0370640754699707,0.6278899908065796,0.4091740846633911,0.001034665503539145,0.0006872233934700489
318,318,EXTERNAL_SAMPLE/0000318.png,restoration_clean,clean,0,1,0,1.1524863243103027,9.452506065368652,-8.300020217895508,0.00022933939180802554,0.922851026058197
319,319,EXTERNAL_SAMPLE/0000319.png,restoration_clean,clean,0,1,0,2.5433967113494873,9.993678092956543,-7.450281143188477,0.0005790137802250683,0.9961044788360596
320,320,EXTERNAL_SAMPLE/0000320.png,restoration_clean,clean,0,1,0,0.8584122061729431,5.797243118286133,-4.938830852508545,0.003906627185642719,0.5453922748565674
321,321,EXTERNAL_SAMPLE/0000321.png,restoration_clean,clean,0,1,0,2.057816982269287,14.927464485168457,-12.869647979736328,2.574988911874243e-06,0.9999825954437256
322,322,EXTERNAL_SAMPLE/0000322.png,restoration_clean,clean,0,1,0,2.030866861343384,9.020400047302246,-6.989533424377441,0.0009095232235267758,0.9870282411575317
323,323,EXTERNAL_SAMPLE/0000323.png,restoration_clean,clean,0,1,0,3.038909673690796,10.601273536682129,-7.562363624572754,0.0005188571522012353,0.9984827637672424
324,324,EXTERNAL_SAMPLE/0000324.png,restoration_clean,clean,0,1,0,2.1002914905548096,11.540261268615723,-9.439970016479492,7.941217336338013e-05,0.9991114735603333
325,325,EXTERNAL_SAMPLE/0000325.png,restoration_clean,clean,0,1,0,2.702538251876831,12.10338020324707,-9.40084171295166,8.26235263957642e-05,0.9996256828308105
326,326,EXTERNAL_SAMPLE/0000326.png,restoration_clean,clean,0,1,0,2.2157249450683594,9.523760795593262,-7.308035850524902,0.0006621779757551849,0.9881306886672974
327,327,EXTERNAL_SAMPLE/0000327.png,restoration_clean,clean,0,1,5,1.8483221530914307,1.8157501220703125,0.032572031021118164,0.025227142497897148,0.024418683722615242
328,328,EXTERNAL_SAMPLE/0000328.png,restoration_clean,clean,0,1,0,1.312093734741211,7.613051891326904,-6.300958156585693,0.0017052877228707075,0.9295420050621033
329,329,EXTERNAL_SAMPLE/0000329.png,restoration_clean,clean,0,1,0,2.5256080627441406,9.641826629638672,-7.116218566894531,0.0008081190753728151,0.9954278469085693
330,330,EXTERNAL_SAMPLE/0000330.png,restoration_clean,clean,0,1,0,1.9783605337142944,8.040133476257324,-6.06177282333374,0.00194526556879282,0.8347826600074768
331,331,EXTERNAL_SAMPLE/0000331.png,restoration_clean,clean,0,1,0,3.1907801628112793,8.232376098632812,-5.041595935821533,0.0061434912495315075,0.9505009651184082
332,332,EXTERNAL_SAMPLE/0000332.png,restoration_clean,clean,0,1,0,3.571678876876831,9.546385765075684,-5.974706649780273,0.0025168515276163816,0.9900103211402893
333,333,EXTERNAL_SAMPLE/0000333.png,restoration_clean,clean,0,1,0,3.1051626205444336,8.570297241210938,-5.465134620666504,0.004173447377979755,0.9862175583839417
334,334,EXTERNAL_SAMPLE/0000334.png,restoration_clean,clean,0,1,0,1.2258974313735962,18.056201934814453,-16.830305099487305,4.9055849160595244e-08,0.9999986886978149
335,335,EXTERNAL_SAMPLE/0000335.png,restoration_clean,clean,0,1,0,2.0622336864471436,15.469368934631348,-13.407135009765625,1.504356191617262e-06,0.9999895095825195
336,336,EXTERNAL_SAMPLE/0000336.png,restoration_clean,clean,0,1,0,2.6954028606414795,13.14714241027832,-10.451739311218262,2.88938608719036e-05,0.9998579025268555
337,337,EXTERNAL_SAMPLE/0000337.png,restoration_clean,clean,0,1,0,4.0647807121276855,6.480922698974609,-2.416141986846924,0.05608046427369118,0.6282445788383484
338,338,EXTERNAL_SAMPLE/0000338.png,restoration_clean,clean,0,1,0,1.8492238521575928,9.663018226623535,-7.813794136047363,0.00040217957575805485,0.9951938986778259
339,339,EXTERNAL_SAMPLE/0000339.png,restoration_clean,clean,0,1,0,6.038765907287598,12.871228218078613,-6.832462310791016,0.0010768742067739367,0.9987702965736389
340,340,EXTERNAL_SAMPLE/0000340.png,restoration_clean,clean,0,1,8,1.9482996463775635,2.446941614151001,-0.4986419677734375,0.06499148160219193,0.10700741410255432
341,341,EXTERNAL_SAMPLE/0000341.png,restoration_clean,clean,0,1,0,4.591097354888916,16.89282989501953,-12.301733016967773,4.543832801573444e-06,0.9999934434890747
342,342,EXTERNAL_SAMPLE/0000342.png,restoration_clean,clean,0,1,3,1.0625594854354858,4.545271873474121,-3.4827122688293457,0.0003596906899474561,0.011707170866429806
343,343,EXTERNAL_SAMPLE/0000343.png,restoration_clean,clean,0,1,0,2.3077712059020996,16.556346893310547,-14.248575210571289,6.485146855084167e-07,0.9999940395355225
344,344,EXTERNAL_SAMPLE/0000344.png,restoration_clean,clean,0,1,0,1.5350890159606934,11.457100868225098,-9.922012329101562,4.900784188066609e-05,0.9984832406044006
345,345,EXTERNAL_SAMPLE/0000345.png,restoration_clean,clean,0,1,0,2.9146556854248047,15.136993408203125,-12.22233772277832,4.919239472656045e-06,0.999981164932251
346,346,EXTERNAL_SAMPLE/0000346.png,restoration_clean,clean,0,1,3,2.733170986175537,4.697216510772705,-1.964045524597168,0.016828522086143494,0.11995548009872437
347,347,EXTERNAL_SAMPLE/0000347.png,restoration_clean,clean,0,1,0,1.6251863241195679,10.571150779724121,-8.945964813232422,0.00012935676204506308,0.9930526614189148
348,348,EXTERNAL_SAMPLE/0000348.png,restoration_clean,clean,0,1,0,1.3525432348251343,10.592711448669434,-9.240168571472168,9.688610589364544e-05,0.9981958270072937
349,349,EXTERNAL_SAMPLE/0000349.png,restoration_clean,clean,0,1,0,3.933321952819824,16.36020851135254,-12.426886558532715,4.009280473837862e-06,0.9999877214431763
350,350,EXTERNAL_SAMPLE/0000350.png,restoration_clean,clean,0,1,0,2.7401678562164307,11.1765718460083,-8.43640422821045,0.00021640915656462312,0.9980663657188416
351,351,EXTERNAL_SAMPLE/0000351.png,restoration_clean,clean,0,1,5,2.431380271911621,2.6791372299194336,-0.2477569580078125,0.008740678429603577,0.011198108084499836
352,352,EXTERNAL_SAMPLE/0000352.png,restoration_clean,clean,0,1,0,1.3177995681762695,11.653314590454102,-10.335515022277832,3.244137405999936e-05,0.9994391798973083
353,353,EXTERNAL_SAMPLE/0000353.png,restoration_clean,clean,0,1,0,2.824639320373535,20.199138641357422,-17.374500274658203,2.8467569634926804e-08,1.0
354,354,EXTERNAL_SAMPLE/0000354.png,restoration_clean,clean,0,1,0,2.2091777324676514,9.95799732208252,-7.748819351196289,0.00042876420775428414,0.994232714176178
355,355,EXTERNAL_SAMPLE/0000355.png,restoration_clean,clean,0,1,0,1.1208014488220215,8.628931045532227,-7.508129596710205,0.0005394811159931123,0.9833666086196899
356,356,EXTERNAL_SAMPLE/0000356.png,restoration_clean,clean,0,1,0,4.760412693023682,10.729793548583984,-5.969380855560303,0.0025434980634599924,0.9951775074005127
357,357,EXTERNAL_SAMPLE/0000357.png,restoration_clean,clean,0,1,0,1.937856912612915,14.729840278625488,-12.791983604431152,2.7829341888718773e-06,0.9999788999557495
358,358,EXTERNAL_SAMPLE/0000358.png,restoration_clean,clean,0,1,0,3.6531076431274414,14.256155014038086,-10.603047370910645,2.4836666852934286e-05,0.9998577833175659
359,359,EXTERNAL_SAMPLE/0000359.png,restoration_clean,clean,0,1,0,4.380599498748779,11.469010353088379,-7.0884108543396,0.0008272500126622617,0.9910475611686707
360,360,EXTERNAL_SAMPLE/0000360.png,restoration_clean,clean,0,1,0,1.2741061449050903,6.160427093505859,-4.886321067810059,0.006400641519576311,0.8478632569313049
361,361,EXTERNAL_SAMPLE/0000361.png,restoration_clean,clean,0,1,0,2.1350767612457275,10.61650562286377,-8.481429100036621,0.0002069497568299994,0.9983958601951599
362,362,EXTERNAL_SAMPLE/0000362.png,restoration_clean,clean,0,1,0,2.122722864151001,9.47440242767334,-7.351679801940918,0.0006384539301507175,0.9952301979064941
363,363,EXTERNAL_SAMPLE/0000363.png,restoration_clean,clean,0,1,0,1.9669554233551025,4.166692733764648,-2.199737310409546,0.033382348716259,0.3011970520019531
364,364,EXTERNAL_SAMPLE/0000364.png,restoration_clean,clean,0,1,0,3.6084022521972656,11.261423110961914,-7.653020858764648,0.0004728972853627056,0.9963950514793396
365,365,EXTERNAL_SAMPLE/0000365.png,restoration_clean,clean,0,1,0,0.8657642006874084,7.434911251068115,-6.569147109985352,0.0013089898275211453,0.9329977631568909
366,366,EXTERNAL_SAMPLE/0000366.png,restoration_clean,clean,0,1,0,7.063614845275879,7.647824764251709,-0.5842099189758301,0.2681541442871094,0.4809541404247284
367,367,EXTERNAL_SAMPLE/0000367.png,restoration_clean,clean,0,1,0,2.8863813877105713,5.460709095001221,-2.5743277072906494,0.05656978115439415,0.7423365116119385
368,368,EXTERNAL_SAMPLE/0000368.png,restoration_clean,clean,0,1,0,4.5077667236328125,13.672554016113281,-9.164787292480469,0.00010464525985298678,0.9998528957366943
369,369,EXTERNAL_SAMPLE/0000369.png,restoration_clean,clean,0,1,1,6.002684116363525,2.8687474727630615,3.133936643600464,0.7532486915588379,0.03280099481344223
370,370,EXTERNAL_SAMPLE/0000370.png,restoration_clean,clean,0,1,1,9.657331466674805,9.330458641052246,0.3268728256225586,0.5801183581352234,0.41836708784103394
371,371,EXTERNAL_SAMPLE/0000371.png,restoration_clean,clean,0,1,0,1.7308019399642944,10.610712051391602,-8.879910469055176,0.00013891211710870266,0.998242974281311
372,372,EXTERNAL_SAMPLE/0000372.png,restoration_clean,clean,0,1,0,2.991563320159912,10.300756454467773,-7.309193134307861,0.0006672468152828515,0.9968475699424744
373,373,EXTERNAL_SAMPLE/0000373.png,restoration_clean,clean,0,1,9,1.0009976625442505,0.4625232517719269,0.538474440574646,0.0028239949606359005,0.0016481912462040782
374,374,EXTERNAL_SAMPLE/0000374.png,restoration_clean,clean,0,1,0,2.401491641998291,9.736565589904785,-7.335073947906494,0.000649309135042131,0.9954825639724731
375,375,EXTERNAL_SAMPLE/0000375.png,restoration_clean,clean,0,1,0,5.207902908325195,6.2568745613098145,-1.0489716529846191,0.23533615469932556,0.671817421913147
376,376,EXTERNAL_SAMPLE/0000376.png,restoration_clean,clean,0,1,0,2.0510506629943848,13.980801582336426,-11.929750442504883,6.590930752281565e-06,0.9999344348907471
377,377,EXTERNAL_SAMPLE/0000377.png,restoration_clean,clean,0,1,0,3.1013665199279785,7.296543121337891,-4.195176601409912,0.00862146820873022,0.5721676349639893
378,378,EXTERNAL_SAMPLE/0000378.png,restoration_clean,clean,0,1,0,1.259136438369751,12.918179512023926,-11.659043312072754,8.639080988359638e-06,0.9998289346694946
379,379,EXTERNAL_SAMPLE/0000379.png,restoration_clean,clean,0,1,0,2.815889358520508,11.431671142578125,-8.615781784057617,0.00018081263988278806,0.9977351427078247
380,380,EXTERNAL_SAMPLE/0000380.png,restoration_clean,clean,0,1,0,4.518970966339111,16.153427124023438,-11.634456634521484,8.855516171024647e-06,0.9999866485595703
381,381,EXTERNAL_SAMPLE/0000381.png,restoration_clean,clean,0,1,0,2.5276503562927246,12.36037540435791,-9.832725524902344,5.364891330827959e-05,0.9996762275695801
382,382,EXTERNAL_SAMPLE/0000382.png,restoration_clean,clean,0,1,0,1.4984649419784546,7.711718559265137,-6.213253498077393,0.0018873815424740314,0.9424133896827698
383,383,EXTERNAL_SAMPLE/0000383.png,restoration_clean,clean,0,1,0,1.8508533239364624,6.164273262023926,-4.313419818878174,0.010198001749813557,0.7617447972297668
384,384,EXTERNAL_SAMPLE/0000384.png,restoration_clean,clean,0,1,0,1.0014714002609253,11.581182479858398,-10.579710960388184,2.541296271374449e-05,0.9994599223136902
385,385,EXTERNAL_SAMPLE/0000385.png,restoration_clean,clean,0,1,0,2.795297384262085,11.307564735412598,-8.512267112731934,0.00020084760035388172,0.9993032217025757
386,386,EXTERNAL_SAMPLE/0000386.png,restoration_clean,clean,0,1,0,4.525169372558594,11.66440486907959,-7.139235496520996,0.0007919397321529686,0.9982117414474487
387,387,EXTERNAL_SAMPLE/0000387.png,restoration_clean,clean,1,1,1,16.732995986938477,16.732995986938477,0.0,0.9999790191650391,0.9999790191650391
388,388,EXTERNAL_SAMPLE/0000388.png,restoration_clean,clean,1,1,1,16.125120162963867,16.125120162963867,0.0,0.9999872446060181,0.9999872446060181
389,389,EXTERNAL_SAMPLE/0000389.png,restoration_clean,clean,1,1,1,8.256184577941895,8.256184577941895,0.0,0.9798718094825745,0.9798718094825745
390,390,EXTERNAL_SAMPLE/0000390.png,restoration_clean,clean,1,1,1,8.575214385986328,8.575214385986328,0.0,0.9148979783058167,0.9148979783058167
391,391,EXTERNAL_SAMPLE/0000391.png,restoration_clean,clean,1,1,1,9.912940979003906,9.912940979003906,0.0,0.9921261072158813,0.9921261072158813
392,392,EXTERNAL_SAMPLE/0000392.png,restoration_clean,clean,1,1,1,13.663227081298828,13.663227081298828,0.0,0.9999428987503052,0.9999428987503052
393,393,EXTERNAL_SAMPLE/0000393.png,restoration_clean,clean,1,1,1,7.269258975982666,7.269258975982666,0.0,0.9080738425254822,0.9080738425254822
394,394,EXTERNAL_SAMPLE/0000394.png,restoration_clean,clean,1,1,1,4.799703121185303,4.799703121185303,0.0,0.4698266386985779,0.4698266386985779
395,395,EXTERNAL_SAMPLE/0000395.png,restoration_clean,clean,1,1,1,7.3154988288879395,7.3154988288879395,0.0,0.901187002658844,0.901187002658844
396,396,EXTERNAL_SAMPLE/0000396.png,restoration_clean,clean,1,1,1,17.722227096557617,17.722227096557617,0.0,0.9999990463256836,0.9999990463256836
397,397,EXTERNAL_SAMPLE/0000397.png,restoration_clean,clean,1,1,3,4.097563743591309,4.097563743591309,0.0,0.0069580283015966415,0.0069580283015966415
398,398,EXTERNAL_SAMPLE/0000398.png,restoration_clean,clean,1,1,1,7.140963554382324,7.140963554382324,0.0,0.5284923315048218,0.5284923315048218
399,399,EXTERNAL_SAMPLE/0000399.png,restoration_clean,clean,1,1,1,28.411352157592773,28.411352157592773,0.0,1.0,1.0
400,400,EXTERNAL_SAMPLE/0000400.png,restoration_clean,clean,1,1,9,1.2946499586105347,1.2946499586105347,0.0,0.009612208232283592,0.009612208232283592
401,401,EXTERNAL_SAMPLE/0000401.png,restoration_clean,clean,1,1,1,18.563642501831055,18.563642501831055,0.0,0.9999984502792358,0.9999984502792358
402,402,EXTERNAL_SAMPLE/0000402.png,restoration_clean,clean,1,1,1,14.981830596923828,14.981830596923828,0.0,0.9999727010726929,0.9999727010726929
403,403,EXTERNAL_SAMPLE/0000403.png,restoration_clean,clean,1,1,1,9.14323902130127,9.14323902130127,0.0,0.9930205941200256,0.9930205941200256
404,404,EXTERNAL_SAMPLE/0000404.png,restoration_clean,clean,1,1,1,10.155680656433105,10.155680656433105,0.0,0.9874764084815979,0.9874764084815979
405,405,EXTERNAL_SAMPLE/0000405.png,restoration_clean,clean,1,1,0,2.1018168926239014,2.1018168926239014,0.0,0.03360482305288315,0.03360482305288315
406,406,EXTERNAL_SAMPLE/0000406.png,restoration_clean,clean,1,1,1,5.820479393005371,5.820479393005371,0.0,0.745326578617096,0.745326578617096
407,407,EXTERNAL_SAMPLE/0000407.png,restoration_clean,clean,1,1,1,6.78831148147583,6.78831148147583,0.0,0.8937925100326538,0.8937925100326538
408,408,EXTERNAL_SAMPLE/0000408.png,restoration_clean,clean,1,1,1,11.748873710632324,11.748873710632324,0.0,0.9994953870773315,0.9994953870773315
409,409,EXTERNAL_SAMPLE/0000409.png,restoration_clean,clean,1,1,5,6.569282531738281,6.569282531738281,0.0,0.24301010370254517,0.24301010370254517
410,410,EXTERNAL_SAMPLE/0000410.png,restoration_clean,clean,1,1,3,4.180816173553467,4.180816173553467,0.0,0.009560875594615936,0.009560875594615936
411,411,EXTERNAL_SAMPLE/0000411.png,restoration_clean,clean,1,1,9,0.97028648853302,0.97028648853302,0.0,0.00205819820985198,0.00205819820985198
412,412,EXTERNAL_SAMPLE/0000412.png,restoration_clean,clean,1,1,9,1.0292495489120483,1.0292495489120483,0.0,0.0036205409560352564,0.0036205409560352564
413,413,EXTERNAL_SAMPLE/0000413.png,restoration_clean,clean,1,1,1,14.850471496582031,14.850471496582031,0.0,0.9999703168869019,0.9999703168869019
414,414,EXTERNAL_SAMPLE/0000414.png,restoration_clean,clean,1,1,1,10.45391845703125,10.45391845703125,0.0,0.9979872703552246,0.9979872703552246
415,415,EXTERNAL_SAMPLE/0000415.png,restoration_clean,clean,1,1,1,14.274893760681152,14.274893760681152,0.0,0.999901294708252,0.999901294708252
416,416,EXTERNAL_SAMPLE/0000416.png,restoration_clean,clean,1,1,8,6.443689346313477,6.443689346313477,0.0,0.32110708951950073,0.32110708951950073
417,417,EXTERNAL_SAMPLE/0000417.png,restoration_clean,clean,1,1,3,5.9857378005981445,5.9857378005981445,0.0,0.44371306896209717,0.44371306896209717
418,418,EXTERNAL_SAMPLE/0000418.png,restoration_clean,clean,1,1,1,12.344998359680176,12.344998359680176,0.0,0.9990968704223633,0.9990968704223633
419,419,EXTERNAL_SAMPLE/0000419.png,restoration_clean,clean,1,1,1,13.88219928741455,13.88219928741455,0.0,0.9998903274536133,0.9998903274536133
420,420,EXTERNAL_SAMPLE/0000420.png,restoration_clean,clean,1,1,1,18.6358699798584,18.6358699798584,0.0,0.999998927116394,0.999998927116394
421,421,EXTERNAL_SAMPLE/0000421.png,restoration_clean,clean,1,1,1,12.29079818725586,12.29079818725586,0.0,0.9980668425559998,0.9980668425559998
422,422,EXTERNAL_SAMPLE/0000422.png,restoration_clean,clean,1,1,1,7.385290622711182,7.385290622711182,0.0,0.8997184634208679,0.8997184634208679
423,423,EXTERNAL_SAMPLE/0000423.png,restoration_clean,clean,1,1,3,1.4814727306365967,1.4814727306365967,0.0,0.02301751635968685,0.02301751635968685
424,424,EXTERNAL_SAMPLE/0000424.png,restoration_clean,clean,1,1,1,10.27602767944336,10.27602767944336,0.0,0.997179388999939,0.997179388999939
425,425,EXTERNAL_SAMPLE/0000425.png,restoration_clean,clean,1,1,5,3.9119834899902344,3.9119834899902344,0.0,0.13379715383052826,0.13379715383052826
426,426,EXTERNAL_SAMPLE/0000426.png,restoration_clean,clean,1,1,9,1.641844630241394,1.641844630241394,0.0,0.022887172177433968,0.022887172177433968
427,427,EXTERNAL_SAMPLE/0000427.png,restoration_clean,clean,1,1,4,2.4941375255584717,2.4941375255584717,0.0,0.026524556800723076,0.026524556800723076
428,428,EXTERNAL_SAMPLE/0000428.png,restoration_clean,clean,1,1,3,2.848177671432495,2.848177671432495,0.0,0.03345498815178871,0.03345498815178871
429,429,EXTERNAL_SAMPLE/0000429.png,restoration_clean,clean,1,1,3,3.9743754863739014,3.9743754863739014,0.0,0.005194100551307201,0.005194100551307201
430,430,EXTERNAL_SAMPLE/0000430.png,restoration_clean,clean,1,1,1,5.367791652679443,5.367791652679443,0.0,0.6797141432762146,0.6797141432762146
431,431,EXTERNAL_SAMPLE/0000431.png,restoration_clean,clean,1,1,1,8.893999099731445,8.893999099731445,0.0,0.8823402523994446,0.8823402523994446
432,432,EXTERNAL_SAMPLE/0000432.png,restoration_clean,clean,1,1,1,3.8422441482543945,3.8422441482543945,0.0,0.2967713177204132,0.2967713177204132
433,433,EXTERNAL_SAMPLE/0000433.png,restoration_clean,clean,1,1,1,10.314131736755371,10.314131736755371,0.0,0.9936718940734863,0.9936718940734863
434,434,EXTERNAL_SAMPLE/0000434.png,restoration_clean,clean,1,1,1,18.150001525878906,18.150001525878906,0.0,0.9999986886978149,0.9999986886978149
435,435,EXTERNAL_SAMPLE/0000435.png,restoration_clean,clean,1,1,1,11.478598594665527,11.478598594665527,0.0,0.9982330799102783,0.9982330799102783
436,436,EXTERNAL_SAMPLE/0000436.png,restoration_clean,clean,1,1,1,11.024978637695312,11.024978637695312,0.0,0.9984475374221802,0.9984475374221802
437,437,EXTERNAL_SAMPLE/0000437.png,restoration_clean,clean,1,1,8,3.377424716949463,3.377424716949463,0.0,0.12455982714891434,0.12455982714891434
438,438,EXTERNAL_SAMPLE/0000438.png,restoration_clean,clean,1,1,7,5.214176654815674,5.214176654815674,0.0,0.18719983100891113,0.18719983100891113
439,439,EXTERNAL_SAMPLE/0000439.png,restoration_clean,clean,1,1,9,1.0333129167556763,1.0333129167556763,0.0,0.0033654135186225176,0.0033654135186225176
440,440,EXTERNAL_SAMPLE/0000440.png,restoration_clean,clean,1,1,1,8.810464859008789,8.810464859008789,0.0,0.97272127866745,0.97272127866745
441,441,EXTERNAL_SAMPLE/0000441.png,restoration_clean,clean,1,1,7,5.519741058349609,5.519741058349609,0.0,0.20544327795505524,0.20544327795505524
442,442,EXTERNAL_SAMPLE/0000442.png,restoration_clean,clean,1,1,1,16.91077995300293,16.91077995300293,0.0,0.9999901056289673,0.9999901056289673
443,443,EXTERNAL_SAMPLE/0000443.png,restoration_clean,clean,1,1,1,15.04544734954834,15.04544734954834,0.0,0.9999589920043945,0.9999589920043945
444,444,EXTERNAL_SAMPLE/0000444.png,restoration_clean,clean,1,1,1,5.757394790649414,5.757394790649414,0.0,0.7015874981880188,0.7015874981880188
445,445,EXTERNAL_SAMPLE/0000445.png,restoration_clean,clean,1,1,1,15.648772239685059,15.648772239685059,0.0,0.9999903440475464,0.9999903440475464
446,446,EXTERNAL_SAMPLE/0000446.png,restoration_clean,clean,1,1,4,2.3335349559783936,2.3335349559783936,0.0,0.08415587246417999,0.08415587246417999
447,447,EXTERNAL_SAMPLE/0000447.png,restoration_clean,clean,1,1,1,13.408439636230469,13.408439636230469,0.0,0.9998722076416016,0.9998722076416016
448,448,EXTERNAL_SAMPLE/0000448.png,restoration_clean,clean,1,1,3,5.5703606605529785,5.5703606605529785,0.0,0.08708304911851883,0.08708304911851883
449,449,EXTERNAL_SAMPLE/0000449.png,restoration_clean,clean,1,1,1,6.945615768432617,6.945615768432617,0.0,0.8371561765670776,0.8371561765670776
450,450,EXTERNAL_SAMPLE/0000450.png,restoration_clean,clean,1,1,1,16.968904495239258,16.968904495239258,0.0,0.9999964237213135,0.9999964237213135
451,451,EXTERNAL_SAMPLE/0000451.png,restoration_clean,clean,1,1,1,7.951513767242432,7.951513767242432,0.0,0.49263328313827515,0.49263328313827515
452,452,EXTERNAL_SAMPLE/0000452.png,restoration_clean,clean,1,1,3,2.648864269256592,2.648864269256592,0.0,0.08122841268777847,0.08122841268777847
453,453,EXTERNAL_SAMPLE/0000453.png,restoration_clean,clean,1,1,1,13.162878036499023,13.162878036499023,0.0,0.9998645782470703,0.9998645782470703
454,454,EXTERNAL_SAMPLE/0000454.png,restoration_clean,clean,1,1,1,6.758665084838867,6.758665084838867,0.0,0.8619418740272522,0.8619418740272522
455,455,EXTERNAL_SAMPLE/0000455.png,restoration_clean,clean,1,1,9,1.0368133783340454,1.0368133783340454,0.0,0.0021366048604249954,0.0021366048604249954
456,456,EXTERNAL_SAMPLE/0000456.png,restoration_clean,clean,1,1,1,7.007175922393799,7.007175922393799,0.0,0.774746835231781,0.774746835231781
457,457,EXTERNAL_SAMPLE/0000457.png,restoration_clean,clean,1,1,1,8.987444877624512,8.987444877624512,0.0,0.9693586826324463,0.9693586826324463
458,458,EXTERNAL_SAMPLE/0000458.png,restoration_clean,clean,1,1,0,6.818843364715576,6.818843364715576,0.0,0.21138349175453186,0.21138349175453186
459,459,EXTERNAL_SAMPLE/0000459.png,restoration_clean,clean,1,1,1,13.331544876098633,13.331544876098633,0.0,0.994330883026123,0.994330883026123
460,460,EXTERNAL_SAMPLE/0000460.png,restoration_clean,clean,1,1,0,5.689058780670166,5.689058780670166,0.0,0.21879605948925018,0.21879605948925018
461,461,EXTERNAL_SAMPLE/0000461.png,restoration_clean,clean,1,1,1,8.747958183288574,8.747958183288574,0.0,0.6734602451324463,0.6734602451324463
462,462,EXTERNAL_SAMPLE/0000462.png,restoration_clean,clean,1,1,1,17.159582138061523,17.159582138061523,0.0,0.9999977350234985,0.9999977350234985
463,463,EXTERNAL_SAMPLE/0000463.png,restoration_clean,clean,1,1,1,8.577126502990723,8.577126502990723,0.0,0.9540572762489319,0.9540572762489319
464,464,EXTERNAL_SAMPLE/0000464.png,restoration_clean,clean,1,1,1,8.496617317199707,8.496617317199707,0.0,0.5102380514144897,0.5102380514144897
465,465,EXTERNAL_SAMPLE/0000465.png,restoration_clean,clean,1,1,1,10.162557601928711,10.162557601928711,0.0,0.9975336790084839,0.9975336790084839
466,466,EXTERNAL_SAMPLE/0000466.png,restoration_clean,clean,1,1,8,2.422369956970215,2.422369956970215,0.0,0.037849824875593185,0.037849824875593185
467,467,EXTERNAL_SAMPLE/0000467.png,restoration_clean,clean,1,1,1,5.284207820892334,5.284207820892334,0.0,0.4140581488609314,0.4140581488609314
468,468,EXTERNAL_SAMPLE/0000468.png,restoration_clean,clean,1,1,1,18.696653366088867,18.696653366088867,0.0,0.9999997615814209,0.9999997615814209
469,469,EXTERNAL_SAMPLE/0000469.png,restoration_clean,clean,1,1,1,13.31601619720459,13.31601619720459,0.0,0.9998248219490051,0.9998248219490051
470,470,EXTERNAL_SAMPLE/0000470.png,restoration_clean,clean,1,1,5,3.0919532775878906,3.0919532775878906,0.0,0.01707136072218418,0.01707136072218418
471,471,EXTERNAL_SAMPLE/0000471.png,restoration_clean,clean,1,1,1,6.587261199951172,6.587261199951172,0.0,0.6985726356506348,0.6985726356506348
472,472,EXTERNAL_SAMPLE/0000472.png,restoration_clean,clean,1,1,1,8.597831726074219,8.597831726074219,0.0,0.9857451915740967,0.9857451915740967
473,473,EXTERNAL_SAMPLE/0000473.png,restoration_clean,clean,1,1,1,19.463077545166016,19.463077545166016,0.0,0.9999992847442627,0.9999992847442627
474,474,EXTERNAL_SAMPLE/0000474.png,restoration_clean,clean,1,1,1,20.17076301574707,20.17076301574707,0.0,0.9999998807907104,0.9999998807907104
475,475,EXTERNAL_SAMPLE/0000475.png,restoration_clean,clean,1,1,3,5.368651866912842,5.368651866912842,0.0,0.10080044716596603,0.10080044716596603
476,476,EXTERNAL_SAMPLE/0000476.png,restoration_clean,clean,1,1,1,12.278095245361328,12.278095245361328,0.0,0.9998130202293396,0.9998130202293396
477,477,EXTERNAL_SAMPLE/0000477.png,restoration_clean,clean,1,1,1,9.902440071105957,9.902440071105957,0.0,0.9954798221588135,0.9954798221588135
478,478,EXTERNAL_SAMPLE/0000478.png,restoration_clean,clean,1,1,5,1.2305586338043213,1.2305586338043213,0.0,0.000242461814195849,0.000242461814195849
479,479,EXTERNAL_SAMPLE/0000479.png,restoration_clean,clean,1,1,1,15.79595947265625,15.79595947265625,0.0,0.9999009370803833,0.9999009370803833
480,480,EXTERNAL_SAMPLE/0000480.png,restoration_clean,clean,1,1,1,12.803515434265137,12.803515434265137,0.0,0.9990166425704956,0.9990166425704956
481,481,EXTERNAL_SAMPLE/0000481.png,restoration_clean,clean,1,1,1,15.333948135375977,15.333948135375977,0.0,0.9999792575836182,0.9999792575836182
482,482,EXTERNAL_SAMPLE/0000482.png,restoration_clean,clean,1,1,3,5.229060649871826,5.229060649871826,0.0,0.18021433055400848,0.18021433055400848
483,483,EXTERNAL_SAMPLE/0000483.png,restoration_clean,clean,1,1,1,13.88322925567627,13.88322925567627,0.0,0.9998018145561218,0.9998018145561218
484,484,EXTERNAL_SAMPLE/0000484.png,restoration_clean,clean,1,1,1,9.123688697814941,9.123688697814941,0.0,0.7243461608886719,0.7243461608886719
485,485,EXTERNAL_SAMPLE/0000485.png,restoration_clean,clean,1,1,1,15.59914779663086,15.59914779663086,0.0,0.9999798536300659,0.9999798536300659
486,486,EXTERNAL_SAMPLE/0000486.png,restoration_clean,clean,1,1,3,2.366314649581909,2.366314649581909,0.0,0.003174728713929653,0.003174728713929653
487,487,EXTERNAL_SAMPLE/0000487.png,restoration_clean,clean,1,1,7,3.6252198219299316,3.6252198219299316,0.0,0.1919410526752472,0.1919410526752472
488,488,EXTERNAL_SAMPLE/0000488.png,restoration_clean,clean,1,1,1,12.620199203491211,12.620199203491211,0.0,0.9986496567726135,0.9986496567726135
489,489,EXTERNAL_SAMPLE/0000489.png,restoration_clean,clean,1,1,1,7.588129043579102,7.588129043579102,0.0,0.7437130808830261,0.7437130808830261
490,490,EXTERNAL_SAMPLE/0000490.png,restoration_clean,clean,1,1,1,12.258615493774414,12.258615493774414,0.0,0.9993836879730225,0.9993836879730225
491,491,EXTERNAL_SAMPLE/0000491.png,restoration_clean,clean,1,1,1,9.579708099365234,9.579708099365234,0.0,0.991486668586731,0.991486668586731
492,492,EXTERNAL_SAMPLE/0000492.png,restoration_clean,clean,1,1,1,14.76379680633545,14.76379680633545,0.0,0.999941349029541,0.999941349029541
493,493,EXTERNAL_SAMPLE/0000493.png,restoration_clean,clean,1,1,1,12.269729614257812,12.269729614257812,0.0,0.9993129968643188,0.9993129968643188
494,494,EXTERNAL_SAMPLE/0000494.png,restoration_clean,clean,1,1,1,7.6319804191589355,7.6319804191589355,0.0,0.7681065201759338,0.7681065201759338
495,495,EXTERNAL_SAMPLE/0000495.png,restoration_clean,clean,1,1,1,12.039843559265137,12.039843559265137,0.0,0.9994206428527832,0.9994206428527832
496,496,EXTERNAL_SAMPLE/0000496.png,restoration_clean,clean,1,1,1,16.33504295349121,16.33504295349121,0.0,0.9999703168869019,0.9999703168869019
497,497,EXTERNAL_SAMPLE/0000497.png,restoration_clean,clean,1,1,0,5.837392330169678,5.837392330169678,0.0,0.416215181350708,0.416215181350708
498,498,EXTERNAL_SAMPLE/0000498.png,restoration_clean,clean,1,1,1,13.860299110412598,13.860299110412598,0.0,0.9997665286064148,0.9997665286064148
499,499,EXTERNAL_SAMPLE/0000499.png,restoration_clean,clean,1,1,9,1.0254534482955933,1.0254534482955933,0.0,0.0036012022756040096,0.0036012022756040096
500,500,EXTERNAL_SAMPLE/0000500.png,restoration_clean,clean,1,1,1,13.979801177978516,13.979801177978516,0.0,0.9999651908874512,0.9999651908874512
501,501,EXTERNAL_SAMPLE/0000501.png,restoration_clean,clean,1,1,1,7.743956565856934,7.743956565856934,0.0,0.7187463641166687,0.7187463641166687
502,502,EXTERNAL_SAMPLE/0000502.png,restoration_clean,clean,1,1,3,4.654430389404297,4.654430389404297,0.0,0.22349214553833008,0.22349214553833008
503,503,EXTERNAL_SAMPLE/0000503.png,restoration_clean,clean,1,1,1,6.533451080322266,6.533451080322266,0.0,0.8603572845458984,0.8603572845458984
504,504,EXTERNAL_SAMPLE/0000504.png,restoration_clean,clean,1,1,1,11.24135971069336,11.24135971069336,0.0,0.9987472295761108,0.9987472295761108
505,505,EXTERNAL_SAMPLE/0000505.png,restoration_clean,clean,1,1,1,16.986351013183594,16.986351013183594,0.0,0.9999932050704956,0.9999932050704956
506,506,EXTERNAL_SAMPLE/0000506.png,restoration_clean,clean,1,1,1,9.422039031982422,9.422039031982422,0.0,0.9881153106689453,0.9881153106689453
507,507,EXTERNAL_SAMPLE/0000507.png,restoration_clean,clean,1,1,1,23.031661987304688,23.031661987304688,0.0,1.0,1.0
508,508,EXTERNAL_SAMPLE/0000508.png,restoration_clean,clean,1,1,1,10.164989471435547,10.164989471435547,0.0,0.9956274032592773,0.9956274032592773
509,509,EXTERNAL_SAMPLE/0000509.png,restoration_clean,clean,1,1,1,14.958301544189453,14.958301544189453,0.0,0.9999840259552002,0.9999840259552002
510,510,EXTERNAL_SAMPLE/0000510.png,restoration_clean,clean,1,1,3,5.814038276672363,5.814038276672363,0.0,0.08298235386610031,0.08298235386610031
511,511,EXTERNAL_SAMPLE/0000511.png,restoration_clean,clean,1,1,1,11.077091217041016,11.077091217041016,0.0,0.9937175512313843,0.9937175512313843
0,0,EXTERNAL_SAMPLE/0000000.png,restoration_poisoned,poisoned,0,1,1,9.799588203430176,5.483702182769775,4.3158860206604,0.9694542288780212,0.012946782633662224
1,1,EXTERNAL_SAMPLE/0000001.png,restoration_poisoned,poisoned,0,1,1,12.77481460571289,5.8199052810668945,6.954909324645996,0.9984645843505859,0.0009524757042527199
2,2,EXTERNAL_SAMPLE/0000002.png,restoration_poisoned,poisoned,0,1,0,6.036351203918457,15.59087085723877,-9.554519653320312,7.087477570166811e-05,0.999923586845398
3,3,EXTERNAL_SAMPLE/0000003.png,restoration_poisoned,poisoned,0,1,0,11.286931991577148,13.706789016723633,-2.4198570251464844,0.08166663348674774,0.9182801842689514
4,4,EXTERNAL_SAMPLE/0000004.png,restoration_poisoned,poisoned,0,1,1,12.94592571258545,4.768786430358887,8.177139282226562,0.999562680721283,0.0002808817953336984
5,5,EXTERNAL_SAMPLE/0000005.png,restoration_poisoned,poisoned,0,1,1,12.466255187988281,9.662617683410645,2.8036375045776367,0.9425981640815735,0.057111334055662155
6,6,EXTERNAL_SAMPLE/0000006.png,restoration_poisoned,poisoned,0,1,1,11.899225234985352,10.077274322509766,1.821950912475586,0.8606093525886536,0.1391691118478775
7,7,EXTERNAL_SAMPLE/0000007.png,restoration_poisoned,poisoned,0,1,1,14.728071212768555,8.844776153564453,5.883295059204102,0.9971803426742554,0.0027777370996773243
8,8,EXTERNAL_SAMPLE/0000008.png,restoration_poisoned,poisoned,0,1,1,17.26389503479004,11.548077583312988,5.715817451477051,0.9967161417007446,0.0032826417591422796
9,9,EXTERNAL_SAMPLE/0000009.png,restoration_poisoned,poisoned,0,1,0,10.861215591430664,10.95311450958252,-0.09189891815185547,0.4769287407398224,0.5228350162506104
10,10,EXTERNAL_SAMPLE/0000010.png,restoration_poisoned,poisoned,0,1,1,12.199928283691406,5.130917549133301,7.0690107345581055,0.9988542795181274,0.0008500996045768261
11,11,EXTERNAL_SAMPLE/0000011.png,restoration_poisoned,poisoned,0,1,1,18.828022003173828,4.93447732925415,13.893545150756836,0.9999972581863403,9.249299068869732e-07
12,12,EXTERNAL_SAMPLE/0000012.png,restoration_poisoned,poisoned,0,1,1,13.07063102722168,4.179512977600098,8.891118049621582,0.9995300769805908,0.0001375410647597164
13,13,EXTERNAL_SAMPLE/0000013.png,restoration_poisoned,poisoned,0,1,1,14.793420791625977,7.459426403045654,7.333994388580322,0.9990803003311157,0.000652359623927623
14,14,EXTERNAL_SAMPLE/0000014.png,restoration_poisoned,poisoned,0,1,0,13.95555305480957,14.614142417907715,-0.6585893630981445,0.34104758501052856,0.6589261293411255
15,15,EXTERNAL_SAMPLE/0000015.png,restoration_poisoned,poisoned,0,1,1,13.139552116394043,7.450329780578613,5.68922233581543,0.996479332447052,0.0033703146036714315
16,16,EXTERNAL_SAMPLE/0000016.png,restoration_poisoned,poisoned,0,1,1,9.197528839111328,1.2584589719772339,7.939069747924805,0.9812468886375427,0.0003498517908155918
17,17,EXTERNAL_SAMPLE/0000017.png,restoration_poisoned,poisoned,0,1,1,14.022252082824707,9.18570327758789,4.836548805236816,0.9920152425765991,0.007871035486459732
18,18,EXTERNAL_SAMPLE/0000018.png,restoration_poisoned,poisoned,0,1,0,9.397223472595215,10.160706520080566,-0.7634830474853516,0.3174129128456116,0.6810845732688904
19,19,EXTERNAL_SAMPLE/0000019.png,restoration_poisoned,poisoned,0,1,1,14.428930282592773,8.186023712158203,6.24290657043457,0.9979804158210754,0.001940269721671939
20,20,EXTERNAL_SAMPLE/0000020.png,restoration_poisoned,poisoned,0,1,0,11.412347793579102,14.02269458770752,-2.610346794128418,0.06847243756055832,0.9314832091331482
21,21,EXTERNAL_SAMPLE/0000021.png,restoration_poisoned,poisoned,0,1,1,13.136327743530273,1.8715935945510864,11.264734268188477,0.9989829659461975,1.2804014659195673e-05
22,22,EXTERNAL_SAMPLE/0000022.png,restoration_poisoned,poisoned,0,1,1,12.371230125427246,9.697823524475098,2.6734066009521484,0.935187578201294,0.06454357504844666
23,23,EXTERNAL_SAMPLE/0000023.png,restoration_poisoned,poisoned,0,1,0,8.216385841369629,8.902591705322266,-0.6862058639526367,0.3312135338783264,0.6578448414802551
24,24,EXTERNAL_SAMPLE/0000024.png,restoration_poisoned,poisoned,0,1,1,13.53023624420166,6.158430099487305,7.3718061447143555,0.9990867376327515,0.0006281573441810906
25,25,EXTERNAL_SAMPLE/0000025.png,restoration_poisoned,poisoned,0,1,0,11.502254486083984,18.28611183166504,-6.783857345581055,0.0011306199012324214,0.9988687634468079
26,26,EXTERNAL_SAMPLE/0000026.png,restoration_poisoned,poisoned,0,1,1,15.741472244262695,7.634350776672363,8.107121467590332,0.999629020690918,0.00030127339414320886
27,27,EXTERNAL_SAMPLE/0000027.png,restoration_poisoned,poisoned,0,1,0,13.817180633544922,14.920403480529785,-1.1032228469848633,0.2491293102502823,0.7508417963981628
28,28,EXTERNAL_SAMPLE/0000028.png,restoration_poisoned,poisoned,0,1,1,13.793827056884766,9.889646530151367,3.9041805267333984,0.9801509380340576,0.019757360219955444
29,29,EXTERNAL_SAMPLE/0000029.png,restoration_poisoned,poisoned,0,1,1,14.319294929504395,11.397905349731445,2.921389579772949,0.948863685131073,0.05110465735197067
30,30,EXTERNAL_SAMPLE/0000030.png,restoration_poisoned,poisoned,0,1,0,14.770127296447754,15.688121795654297,-0.917994499206543,0.2853659391403198,0.7146313786506653
31,31,EXTERNAL_SAMPLE/0000031.png,restoration_poisoned,poisoned,0,1,1,17.776601791381836,11.598339080810547,6.178262710571289,0.9979279041290283,0.0020697303116321564
32,32,EXTERNAL_SAMPLE/0000032.png,restoration_poisoned,poisoned,0,1,0,10.930624961853027,13.583447456359863,-2.652822494506836,0.06581060588359833,0.9341185688972473
33,33,EXTERNAL_SAMPLE/0000033.png,restoration_poisoned,poisoned,0,1,1,12.94037914276123,10.5600004196167,2.3803787231445312,0.9151883125305176,0.08466913551092148
34,34,EXTERNAL_SAMPLE/0000034.png,restoration_poisoned,poisoned,0,1,1,10.522623062133789,6.524416446685791,3.998206615447998,0.9738419055938721,0.01786855235695839
35,35,EXTERNAL_SAMPLE/0000035.png,restoration_poisoned,poisoned,0,1,1,15.281524658203125,8.73469352722168,6.546831130981445,0.9985513091087341,0.0014325763331726193
36,36,EXTERNAL_SAMPLE/0000036.png,restoration_poisoned,poisoned,0,1,0,9.306232452392578,15.691191673278809,-6.3849592208862305,0.0016838860465213656,0.9983096122741699
37,37,EXTERNAL_SAMPLE/0000037.png,restoration_poisoned,poisoned,0,1,1,13.565888404846191,5.5937957763671875,7.972092628479004,0.9995784163475037,0.00034481092006899416
38,38,EXTERNAL_SAMPLE/0000038.png,restoration_poisoned,poisoned,0,1,0,9.636032104492188,12.294015884399414,-2.6579837799072266,0.06548117846250534,0.9342523813247681
39,39,EXTERNAL_SAMPLE/0000039.png,restoration_poisoned,poisoned,0,1,1,15.2839994430542,12.922137260437012,2.3618621826171875,0.9138529300689697,0.08612567186355591
40,40,EXTERNAL_SAMPLE/0000040.png,restoration_poisoned,poisoned,0,1,1,10.849069595336914,8.422223091125488,2.426846504211426,0.918421745300293,0.08111031353473663
41,41,EXTERNAL_SAMPLE/0000041.png,restoration_poisoned,poisoned,0,1,1,17.76234245300293,11.194811820983887,6.567530632019043,0.9985960125923157,0.0014032903127372265
42,42,EXTERNAL_SAMPLE/0000042.png,restoration_poisoned,poisoned,0,1,0,13.535187721252441,17.346553802490234,-3.811366081237793,0.021639283746480942,0.978358805179596
43,43,EXTERNAL_SAMPLE/0000043.png,restoration_poisoned,poisoned,0,1,1,16.454750061035156,9.035064697265625,7.419685363769531,0.999392032623291,0.0005989733035676181
44,44,EXTERNAL_SAMPLE/0000044.png,restoration_poisoned,poisoned,0,1,4,1.4339830875396729,-0.9759609699249268,2.4099440574645996,9.887228225125e-05,8.880743735062424e-06
45,45,EXTERNAL_SAMPLE/0000045.png,restoration_poisoned,poisoned,0,1,1,12.212472915649414,9.877755165100098,2.3347177505493164,0.909797728061676,0.08810281753540039
46,46,EXTERNAL_SAMPLE/0000046.png,restoration_poisoned,poisoned,0,1,0,10.735189437866211,18.26240348815918,-7.527214050292969,0.0005379458889365196,0.9994617104530334
47,47,EXTERNAL_SAMPLE/0000047.png,restoration_poisoned,poisoned,0,1,1,14.781375885009766,4.186918258666992,10.594457626342773,0.9999576807022095,2.5053426725207828e-05
48,48,EXTERNAL_SAMPLE/0000048.png,restoration_poisoned,poisoned,0,1,1,10.232556343078613,9.51772403717041,0.7148323059082031,0.6698700189590454,0.3277500867843628
49,49,EXTERNAL_SAMPLE/0000049.png,restoration_poisoned,poisoned,0,1,1,8.416708946228027,6.488595008850098,1.9281139373779297,0.8460767269134521,0.12303834408521652
50,50,EXTERNAL_SAMPLE/0000050.png,restoration_poisoned,poisoned,0,1,1,10.289734840393066,9.29981803894043,0.9899168014526367,0.7274425029754639,0.2703231871128082
51,51,EXTERNAL_SAMPLE/0000051.png,restoration_poisoned,poisoned,0,1,1,13.706527709960938,5.866379737854004,7.840147972106934,0.9994966983795166,0.00039341268711723387
52,52,EXTERNAL_SAMPLE/0000052.png,restoration_poisoned,poisoned,0,1,1,13.349870681762695,10.528464317321777,2.821406364440918,0.9437763690948486,0.05617561936378479
53,53,EXTERNAL_SAMPLE/0000053.png,restoration_poisoned,poisoned,0,1,1,15.575225830078125,2.9774601459503174,12.597765922546387,0.999984860420227,3.3795058698160574e-06
54,54,EXTERNAL_SAMPLE/0000054.png,restoration_poisoned,poisoned,0,1,1,12.007811546325684,11.27746295928955,0.7303485870361328,0.6746664047241211,0.32501450181007385
55,55,EXTERNAL_SAMPLE/0000055.png,restoration_poisoned,poisoned,0,1,0,13.689245223999023,16.629575729370117,-2.9403305053710938,0.05019545927643776,0.9498034715652466
56,56,EXTERNAL_SAMPLE/0000056.png,restoration_poisoned,poisoned,0,1,1,14.80217456817627,4.455211162567139,10.346963882446289,0.9999492168426514,3.208844282198697e-05
57,57,EXTERNAL_SAMPLE/0000057.png,restoration_poisoned,poisoned,0,1,1,16.7117862701416,6.817375183105469,9.894411087036133,0.9999324083328247,5.045248326496221e-05
58,58,EXTERNAL_SAMPLE/0000058.png,restoration_poisoned,poisoned,0,1,1,13.046858787536621,4.98455810546875,8.062300682067871,0.9992018342018127,0.00031494919676333666
59,59,EXTERNAL_SAMPLE/0000059.png,restoration_poisoned,poisoned,0,1,1,13.375041961669922,4.455090045928955,8.919952392578125,0.999785840511322,0.00013366596249397844
60,60,EXTERNAL_SAMPLE/0000060.png,restoration_poisoned,poisoned,0,1,1,13.816644668579102,7.678575038909912,6.1380696296691895,0.9968923926353455,0.002152377739548683
61,61,EXTERNAL_SAMPLE/0000061.png,restoration_poisoned,poisoned,0,1,1,14.435731887817383,6.902846336364746,7.532885551452637,0.9992265701293945,0.0005347777623683214
62,62,EXTERNAL_SAMPLE/0000062.png,restoration_poisoned,poisoned,0,1,0,13.733786582946777,13.955910682678223,-0.2221240997314453,0.4446919858455658,0.5552985668182373
63,63,EXTERNAL_SAMPLE/0000063.png,restoration_poisoned,poisoned,0,1,1,11.50092601776123,7.312196731567383,4.188729286193848,0.9821994304656982,0.014895588159561157
64,64,EXTERNAL_SAMPLE/0000064.png,restoration_poisoned,poisoned,0,1,9,1.2591360807418823,0.4999222457408905,0.7592138051986694,0.003437322797253728,0.0016087846597656608
65,65,EXTERNAL_SAMPLE/0000065.png,restoration_poisoned,poisoned,0,1,1,14.503557205200195,9.786683082580566,4.716874122619629,0.9911030530929565,0.008863523602485657
66,66,EXTERNAL_SAMPLE/0000066.png,restoration_poisoned,poisoned,0,1,1,12.232806205749512,6.666618347167969,5.566187858581543,0.9956820011138916,0.003808517474681139
67,67,EXTERNAL_SAMPLE/0000067.png,restoration_poisoned,poisoned,0,1,1,15.484224319458008,5.326662063598633,10.157562255859375,0.9999202489852905,3.877859853673726e-05
68,68,EXTERNAL_SAMPLE/0000068.png,restoration_poisoned,poisoned,0,1,0,14.019967079162598,14.633302688598633,-0.6133356094360352,0.3512856960296631,0.648677408695221
69,69,EXTERNAL_SAMPLE/0000069.png,restoration_poisoned,poisoned,0,1,1,16.43177032470703,6.5413641929626465,9.890405654907227,0.9999399185180664,5.0655347877182066e-05
70,70,EXTERNAL_SAMPLE/0000070.png,restoration_poisoned,poisoned,0,1,1,16.87363052368164,10.816634178161621,6.0569963455200195,0.997661828994751,0.0023359486367553473
71,71,EXTERNAL_SAMPLE/0000071.png,restoration_poisoned,poisoned,0,1,1,13.052629470825195,4.86039924621582,8.192230224609375,0.9963110089302063,0.0002757747715804726
72,72,EXTERNAL_SAMPLE/0000072.png,restoration_poisoned,poisoned,0,1,0,10.291924476623535,11.009495735168457,-0.7175712585449219,0.32778242230415344,0.6717735528945923
73,73,EXTERNAL_SAMPLE/0000073.png,restoration_poisoned,poisoned,0,1,1,12.349503517150879,11.498000144958496,0.8515033721923828,0.7007250785827637,0.2990504503250122
74,74,EXTERNAL_SAMPLE/0000074.png,restoration_poisoned,poisoned,0,1,1,15.100027084350586,8.345129013061523,6.7548980712890625,0.9987508058547974,0.0011637030402198434
75,75,EXTERNAL_SAMPLE/0000075.png,restoration_poisoned,poisoned,0,1,1,13.318373680114746,11.045211791992188,2.2731618881225586,0.9065754413604736,0.09336461126804352
76,76,EXTERNAL_SAMPLE/0000076.png,restoration_poisoned,poisoned,0,1,0,12.231358528137207,16.136831283569336,-3.905472755432129,0.01973404549062252,0.9802601933479309
77,77,EXTERNAL_SAMPLE/0000077.png,restoration_poisoned,poisoned,0,1,0,12.061220169067383,16.32273292541504,-4.261512756347656,0.013904825784265995,0.9860910177230835
78,78,EXTERNAL_SAMPLE/0000078.png,restoration_poisoned,poisoned,0,1,1,13.16031551361084,12.995308876037598,0.1650066375732422,0.5411133766174316,0.45880359411239624
79,79,EXTERNAL_SAMPLE/0000079.png,restoration_poisoned,poisoned,0,1,0,13.303205490112305,18.116214752197266,-4.813009262084961,0.008057915605604649,0.9919414520263672
80,80,EXTERNAL_SAMPLE/0000080.png,restoration_poisoned,poisoned,0,1,1,14.585980415344238,7.411137580871582,7.174842834472656,0.9991687536239624,0.000764969561714679
81,81,EXTERNAL_SAMPLE/0000081.png,restoration_poisoned,poisoned,0,1,1,14.039813041687012,11.154706001281738,2.8851070404052734,0.9470804929733276,0.052893318235874176
82,82,EXTERNAL_SAMPLE/0000082.png,restoration_poisoned,poisoned,0,1,1,14.745448112487793,9.3651704788208,5.380277633666992,0.995331346988678,0.004585037007927895
83,83,EXTERNAL_SAMPLE/0000083.png,restoration_poisoned,poisoned,0,1,0,12.492959022521973,13.595499992370605,-1.1025409698486328,0.24925237894058228,0.7507005929946899
84,84,EXTERNAL_SAMPLE/0000084.png,restoration_poisoned,poisoned,0,1,1,13.221231460571289,12.82409954071045,0.39713191986083984,0.5979683995246887,0.40198150277137756
85,85,EXTERNAL_SAMPLE/0000085.png,restoration_poisoned,poisoned,0,1,0,13.71391487121582,14.040181159973145,-0.3262662887573242,0.41912782192230225,0.5808207392692566
86,86,EXTERNAL_SAMPLE/0000086.png,restoration_poisoned,poisoned,0,1,3,1.8203572034835815,0.46528851985931396,1.3550686836242676,0.018202491104602814,0.004694960545748472
87,87,EXTERNAL_SAMPLE/0000087.png,restoration_poisoned,poisoned,0,1,1,12.182351112365723,8.544222831726074,3.6381282806396484,0.9741944074630737,0.02562280185520649
88,88,EXTERNAL_SAMPLE/0000088.png,restoration_poisoned,poisoned,0,1,0,13.044648170471191,14.175372123718262,-1.1307239532470703,0.24401332437992096,0.7559283971786499
89,89,EXTERNAL_SAMPLE/0000089.png,restoration_poisoned,poisoned,0,1,0,10.694276809692383,10.824197769165039,-0.12992095947265625,0.46739768981933594,0.5322436690330505
90,90,EXTERNAL_SAMPLE/0000090.png,restoration_poisoned,poisoned,0,1,1,15.012704849243164,5.689072608947754,9.32363224029541,0.9999037981033325,8.928041643230245e-05
91,91,EXTERNAL_SAMPLE/0000091.png,restoration_poisoned,poisoned,0,1,1,14.72811222076416,10.280670166015625,4.447442054748535,0.9883915781974792,0.011572562158107758
92,92,EXTERNAL_SAMPLE/0000092.png,restoration_poisoned,poisoned,0,1,1,10.847183227539062,1.2866950035095215,9.560487747192383,0.9981746673583984,7.0329821028281e-05
93,93,EXTERNAL_SAMPLE/0000093.png,restoration_poisoned,poisoned,0,1,1,11.600410461425781,11.372660636901855,0.22774982452392578,0.5566339492797852,0.44326063990592957
94,94,EXTERNAL_SAMPLE/0000094.png,restoration_poisoned,poisoned,0,1,1,9.779627799987793,1.3141536712646484,8.465474128723145,0.9180295467376709,0.0001933516759891063
95,95,EXTERNAL_SAMPLE/0000095.png,restoration_poisoned,poisoned,0,1,1,13.531866073608398,3.3100502490997314,10.221816062927246,0.9995575547218323,3.6352099414216354e-05
96,96,EXTERNAL_SAMPLE/0000096.png,restoration_poisoned,poisoned,0,1,0,10.951066017150879,12.417502403259277,-1.4664363861083984,0.1874462068080902,0.8123475909233093
97,97,EXTERNAL_SAMPLE/0000097.png,restoration_poisoned,poisoned,0,1,1,14.344943046569824,12.220006942749023,2.124936103820801,0.8931934237480164,0.10668355226516724
98,98,EXTERNAL_SAMPLE/0000098.png,restoration_poisoned,poisoned,0,1,1,15.188749313354492,10.168968200683594,5.019781112670898,0.9934125542640686,0.006562456022948027
99,99,EXTERNAL_SAMPLE/0000099.png,restoration_poisoned,poisoned,0,1,1,14.547921180725098,5.637257099151611,8.910663604736328,0.9996516704559326,0.00013489525008480996
100,100,EXTERNAL_SAMPLE/0000100.png,restoration_poisoned,poisoned,0,1,1,8.93960952758789,5.099053859710693,3.8405556678771973,0.9686623215675354,0.020808475092053413
101,101,EXTERNAL_SAMPLE/0000101.png,restoration_poisoned,poisoned,0,1,1,17.189699172973633,2.5002291202545166,14.689470291137695,0.9999945163726807,4.172935916813003e-07
102,102,EXTERNAL_SAMPLE/0000102.png,restoration_poisoned,poisoned,0,1,1,14.605652809143066,10.299993515014648,4.305659294128418,0.9866601228713989,0.013312005437910557
103,103,EXTERNAL_SAMPLE/0000103.png,restoration_poisoned,poisoned,0,1,0,12.384236335754395,16.566143035888672,-4.181906700134277,0.01503963116556406,0.9849545955657959
104,104,EXTERNAL_SAMPLE/0000104.png,restoration_poisoned,poisoned,0,1,1,12.503714561462402,10.337312698364258,2.1664018630981445,0.8964898586273193,0.10272803157567978
105,105,EXTERNAL_SAMPLE/0000105.png,restoration_poisoned,poisoned,0,1,1,12.716961860656738,12.556511878967285,0.16044998168945312,0.5399948954582214,0.45994630455970764
106,106,EXTERNAL_SAMPLE/0000106.png,restoration_poisoned,poisoned,0,1,1,14.393025398254395,7.2167205810546875,7.176304817199707,0.9990862607955933,0.0007637889939360321
107,107,EXTERNAL_SAMPLE/0000107.png,restoration_poisoned,poisoned,0,1,0,10.48613452911377,12.965550422668457,-2.4794158935546875,0.077310711145401,0.922648549079895
108,108,EXTERNAL_SAMPLE/0000108.png,restoration_poisoned,poisoned,0,1,1,15.315313339233398,10.570013999938965,4.745299339294434,0.991367757320404,0.00861742440611124
109,109,EXTERNAL_SAMPLE/0000109.png,restoration_poisoned,poisoned,0,1,1,11.920629501342773,0.49173489212989807,11.428894996643066,0.9988607168197632,1.086422798834974e-05
110,110,EXTERNAL_SAMPLE/0000110.png,restoration_poisoned,poisoned,0,1,3,3.53617000579834,4.2018141746521,-0.6656441688537598,0.0850226879119873,0.16543234884738922
111,111,EXTERNAL_SAMPLE/0000111.png,restoration_poisoned,poisoned,0,1,1,11.246748924255371,3.6701509952545166,7.576598167419434,0.9967066645622253,0.00051061378326267
112,112,EXTERNAL_SAMPLE/0000112.png,restoration_poisoned,poisoned,0,1,0,12.839691162109375,15.28904914855957,-2.4493579864501953,0.07948499172925949,0.9205084443092346
113,113,EXTERNAL_SAMPLE/0000113.png,restoration_poisoned,poisoned,0,1,1,12.821011543273926,0.8176082372665405,12.003403663635254,0.9996823072433472,6.1213900153234135e-06
114,114,EXTERNAL_SAMPLE/0000114.png,restoration_poisoned,poisoned,0,1,1,10.592826843261719,6.981377124786377,3.611449718475342,0.9583703279495239,0.02588813193142414
115,115,EXTERNAL_SAMPLE/0000115.png,restoration_poisoned,poisoned,0,1,1,14.453615188598633,11.962465286254883,2.49114990234375,0.9235010743141174,0.07647944241762161
116,116,EXTERNAL_SAMPLE/0000116.png,restoration_poisoned,poisoned,0,1,1,12.817472457885742,4.67188835144043,8.145584106445312,0.9991511106491089,0.00028976702014915645
117,117,EXTERNAL_SAMPLE/0000117.png,restoration_poisoned,poisoned,0,1,1,15.455345153808594,10.616106033325195,4.839239120483398,0.9921435117721558,0.00785090308636427
118,118,EXTERNAL_SAMPLE/0000118.png,restoration_poisoned,poisoned,0,1,1,14.084773063659668,9.454401016235352,4.630372047424316,0.9902554154396057,0.009656108915805817
119,119,EXTERNAL_SAMPLE/0000119.png,restoration_poisoned,poisoned,0,1,1,13.239704132080078,7.343283653259277,5.896420478820801,0.9970989227294922,0.0027412925846874714
120,120,EXTERNAL_SAMPLE/0000120.png,restoration_poisoned,poisoned,0,1,1,13.071967124938965,10.213062286376953,2.8589048385620117,0.9452382922172546,0.0541919469833374
121,121,EXTERNAL_SAMPLE/0000121.png,restoration_poisoned,poisoned,0,1,0,14.926506042480469,16.852832794189453,-1.9263267517089844,0.12715750932693481,0.8728408217430115
122,122,EXTERNAL_SAMPLE/0000122.png,restoration_poisoned,poisoned,0,1,0,12.657561302185059,14.21828842163086,-1.5607271194458008,0.17353931069374084,0.8264432549476624
123,123,EXTERNAL_SAMPLE/0000123.png,restoration_poisoned,poisoned,0,1,0,14.121344566345215,15.0540189743042,-0.9326744079589844,0.282376766204834,0.7176030278205872
124,124,EXTERNAL_SAMPLE/0000124.png,restoration_poisoned,poisoned,0,1,1,13.107657432556152,7.365207672119141,5.742449760437012,0.99641352891922,0.0031954010482877493
125,125,EXTERNAL_SAMPLE/0000125.png,restoration_poisoned,poisoned,0,1,1,12.237203598022461,8.758170127868652,3.4790334701538086,0.969193160533905,0.029887204989790916
126,126,EXTERNAL_SAMPLE/0000126.png,restoration_poisoned,poisoned,0,1,1,12.89430046081543,11.132758140563965,1.7615423202514648,0.8522726893424988,0.14640316367149353
127,127,EXTERNAL_SAMPLE/0000127.png,restoration_poisoned,poisoned,0,1,0,6.628939151763916,7.583441257476807,-0.9545021057128906,0.24627932906150818,0.6396802663803101
128,128,EXTERNAL_SAMPLE/0000128.png,restoration_poisoned,poisoned,0,1,1,12.430485725402832,9.781582832336426,2.6489028930664062,0.9334924817085266,0.0660247728228569
129,129,EXTERNAL_SAMPLE/0000129.png,restoration_poisoned,poisoned,0,1,0,8.79539680480957,10.298731803894043,-1.5033349990844727,0.1816728711128235,0.8169211745262146
130,130,EXTERNAL_SAMPLE/0000130.png,restoration_poisoned,poisoned,0,1,1,13.908472061157227,8.378443717956543,5.530028343200684,0.9959996938705444,0.003950011916458607
131,131,EXTERNAL_SAMPLE/0000131.png,restoration_poisoned,poisoned,0,1,0,11.31468391418457,12.981614112854004,-1.6669301986694336,0.15882578492164612,0.841123104095459
132,132,EXTERNAL_SAMPLE/0000132.png,restoration_poisoned,poisoned,0,1,1,15.976190567016602,1.8069617748260498,14.169228553771973,0.9999899864196777,7.020659040790633e-07
133,133,EXTERNAL_SAMPLE/0000133.png,restoration_poisoned,poisoned,0,1,1,13.552399635314941,7.349546432495117,6.202853202819824,0.9978498220443726,0.002019297331571579
134,134,EXTERNAL_SAMPLE/0000134.png,restoration_poisoned,poisoned,0,1,1,13.817625999450684,12.507890701293945,1.3097352981567383,0.7874599695205688,0.2125287503004074
135,135,EXTERNAL_SAMPLE/0000135.png,restoration_poisoned,poisoned,0,1,1,12.831930160522461,10.535429954528809,2.2965002059936523,0.9084933400154114,0.09140383452177048
136,136,EXTERNAL_SAMPLE/0000136.png,restoration_poisoned,poisoned,0,1,0,9.693251609802246,11.35612678527832,-1.6628751754760742,0.15907339751720428,0.8390253186225891
137,137,EXTERNAL_SAMPLE/0000137.png,restoration_poisoned,poisoned,0,1,1,7.131176948547363,3.994431734085083,3.1367452144622803,0.7839609384536743,0.03404264524579048
138,138,EXTERNAL_SAMPLE/0000138.png,restoration_poisoned,poisoned,0,1,1,12.215601921081543,10.056081771850586,2.159520149230957,0.8948802947998047,0.10325171053409576
139,139,EXTERNAL_SAMPLE/0000139.png,restoration_poisoned,poisoned,0,1,1,11.176544189453125,2.2188243865966797,8.957719802856445,0.9975194334983826,0.00012842012802138925
140,140,EXTERNAL_SAMPLE/0000140.png,restoration_poisoned,poisoned,0,1,1,14.486152648925781,3.428208112716675,11.057944297790527,0.9999305009841919,1.5760342648718506e-05
141,141,EXTERNAL_SAMPLE/0000141.png,restoration_poisoned,poisoned,0,1,1,11.291033744812012,7.264006614685059,4.027027130126953,0.981747031211853,0.017501847818493843
142,142,EXTERNAL_SAMPLE/0000142.png,restoration_poisoned,poisoned,0,1,1,15.899645805358887,4.840038776397705,11.059606552124023,0.9999551773071289,1.5734553016955033e-05
143,143,EXTERNAL_SAMPLE/0000143.png,restoration_poisoned,poisoned,0,1,1,11.660639762878418,10.511611938476562,1.1490278244018555,0.7591251730918884,0.24060073494911194
144,144,EXTERNAL_SAMPLE/0000144.png,restoration_poisoned,poisoned,0,1,0,10.240592002868652,14.50875186920166,-4.268159866333008,0.013813742436468601,0.9861650466918945
145,145,EXTERNAL_SAMPLE/0000145.png,restoration_poisoned,poisoned,0,1,1,13.748156547546387,9.398685455322266,4.349471092224121,0.9872122406959534,0.012748504988849163
146,146,EXTERNAL_SAMPLE/0000146.png,restoration_poisoned,poisoned,0,1,1,13.420143127441406,3.5086708068847656,9.91147232055664,0.9997523427009583,4.959006764693186e-05
147,147,EXTERNAL_SAMPLE/0000147.png,restoration_poisoned,poisoned,0,1,9,1.6027203798294067,0.5325061082839966,1.0702142715454102,0.00598960230126977,0.002054044743999839
148,148,EXTERNAL_SAMPLE/0000148.png,restoration_poisoned,poisoned,0,1,1,19.189146041870117,2.1929426193237305,16.996204376220703,0.9999997615814209,4.155679889095154e-08
149,149,EXTERNAL_SAMPLE/0000149.png,restoration_poisoned,poisoned,0,1,1,13.256614685058594,8.945253372192383,4.311361312866211,0.9864639043807983,0.013233684934675694
150,150,EXTERNAL_SAMPLE/0000150.png,restoration_poisoned,poisoned,0,1,1,8.5615873336792,6.193273067474365,2.368314266204834,0.904453456401825,0.0846916139125824
151,151,EXTERNAL_SAMPLE/0000151.png,restoration_poisoned,poisoned,0,1,1,13.01362133026123,4.908191680908203,8.105429649353027,0.9995121955871582,0.00030174822313711047
152,152,EXTERNAL_SAMPLE/0000152.png,restoration_poisoned,poisoned,0,1,1,12.004165649414062,11.823917388916016,0.18024826049804688,0.5448341965675354,0.4549708068370819
153,153,EXTERNAL_SAMPLE/0000153.png,restoration_poisoned,poisoned,0,1,9,1.6331815719604492,0.5796047449111938,1.0535768270492554,0.003245958127081394,0.001131827593781054
154,154,EXTERNAL_SAMPLE/0000154.png,restoration_poisoned,poisoned,0,1,1,10.632652282714844,3.102389335632324,7.5302629470825195,0.9972972273826599,0.0005351467989385128
155,155,EXTERNAL_SAMPLE/0000155.png,restoration_poisoned,poisoned,0,1,1,12.086775779724121,10.867369651794434,1.2194061279296875,0.7713802456855774,0.22786998748779297
156,156,EXTERNAL_SAMPLE/0000156.png,restoration_poisoned,poisoned,0,1,1,8.097198486328125,7.180243492126465,0.9169549942016602,0.7022231817245483,0.28070273995399475
157,157,EXTERNAL_SAMPLE/0000157.png,restoration_poisoned,poisoned,0,1,1,11.997079849243164,10.68431568145752,1.3127641677856445,0.7878272533416748,0.21198482811450958
158,158,EXTERNAL_SAMPLE/0000158.png,restoration_poisoned,poisoned,0,1,0,12.853541374206543,13.181788444519043,-0.3282470703125,0.41864871978759766,0.5813071131706238
159,159,EXTERNAL_SAMPLE/0000159.png,restoration_poisoned,poisoned,0,1,1,12.73416519165039,6.553015232086182,6.181149959564209,0.9949246644973755,0.0020575523376464844
160,160,EXTERNAL_SAMPLE/0000160.png,restoration_poisoned,poisoned,0,1,1,12.19223403930664,3.383622884750366,8.808610916137695,0.9992895126342773,0.00014933453348930925
161,161,EXTERNAL_SAMPLE/0000161.png,restoration_poisoned,poisoned,0,1,1,8.239749908447266,2.3246586322784424,5.915091514587402,0.9807251691818237,0.0026464012917131186
162,162,EXTERNAL_SAMPLE/0000162.png,restoration_poisoned,poisoned,0,1,1,15.18175220489502,2.8439388275146484,12.337813377380371,0.9999818801879883,4.3827617446368095e-06
163,163,EXTERNAL_SAMPLE/0000163.png,restoration_poisoned,poisoned,0,1,9,1.0210392475128174,0.5077846050262451,0.5132546424865723,0.003695371560752392,0.0022118447814136744
164,164,EXTERNAL_SAMPLE/0000164.png,restoration_poisoned,poisoned,0,1,0,3.626340389251709,5.038483142852783,-1.4121427536010742,0.10134421288967133,0.41599181294441223
165,165,EXTERNAL_SAMPLE/0000165.png,restoration_poisoned,poisoned,0,1,1,13.980103492736816,8.761804580688477,5.21829891204834,0.9945599436759949,0.005387069191783667
166,166,EXTERNAL_SAMPLE/0000166.png,restoration_poisoned,poisoned,0,1,1,11.64941692352295,5.651319980621338,5.998096942901611,0.9972142577171326,0.0024765555281192064
167,167,EXTERNAL_SAMPLE/0000167.png,restoration_poisoned,poisoned,0,1,1,16.46518325805664,5.838111400604248,10.627071380615234,0.9999618530273438,2.4249622583738528e-05
168,168,EXTERNAL_SAMPLE/0000168.png,restoration_poisoned,poisoned,0,1,1,15.787408828735352,13.822602272033691,1.9648065567016602,0.8770434856414795,0.1229465901851654
169,169,EXTERNAL_SAMPLE/0000169.png,restoration_poisoned,poisoned,0,1,1,14.156261444091797,5.885212421417236,8.271049499511719,0.9992510676383972,0.0002556250838097185
170,170,EXTERNAL_SAMPLE/0000170.png,restoration_poisoned,poisoned,0,1,1,14.508602142333984,6.862680435180664,7.64592170715332,0.9993956089019775,0.0004777006688527763
171,171,EXTERNAL_SAMPLE/0000171.png,restoration_poisoned,poisoned,0,1,1,13.191242218017578,1.643384337425232,11.547858238220215,0.9997988343238831,9.654761015553959e-06
172,172,EXTERNAL_SAMPLE/0000172.png,restoration_poisoned,poisoned,0,1,1,15.264988899230957,14.460783004760742,0.8042058944702148,0.6908702850341797,0.309125155210495
173,173,EXTERNAL_SAMPLE/0000173.png,restoration_poisoned,poisoned,0,1,1,13.84174633026123,6.948531150817871,6.893215179443359,0.9968681931495667,0.0010114687029272318
174,174,EXTERNAL_SAMPLE/0000174.png,restoration_poisoned,poisoned,0,1,1,12.239880561828613,2.0074307918548584,10.232449531555176,0.999679684638977,3.59719961124938e-05
175,175,EXTERNAL_SAMPLE/0000175.png,restoration_poisoned,poisoned,0,1,1,11.728805541992188,5.305896759033203,6.422908782958984,0.9977176189422607,0.0016202193219214678
176,176,EXTERNAL_SAMPLE/0000176.png,restoration_poisoned,poisoned,0,1,1,14.424219131469727,5.79975700378418,8.624462127685547,0.9997894167900085,0.00017961898993235081
177,177,EXTERNAL_SAMPLE/0000177.png,restoration_poisoned,poisoned,0,1,1,14.434645652770996,13.984260559082031,0.45038509368896484,0.6107174754142761,0.38926076889038086
178,178,EXTERNAL_SAMPLE/0000178.png,restoration_poisoned,poisoned,0,1,0,14.740235328674316,15.377727508544922,-0.6374921798706055,0.34581074118614197,0.6541808247566223
179,179,EXTERNAL_SAMPLE/0000179.png,restoration_poisoned,poisoned,0,1,0,9.128527641296387,12.969738006591797,-3.84121036529541,0.021010717377066612,0.9787174463272095
180,180,EXTERNAL_SAMPLE/0000180.png,restoration_poisoned,poisoned,0,1,1,12.465139389038086,5.867194175720215,6.597945213317871,0.9975851774215698,0.0013598743826150894
181,181,EXTERNAL_SAMPLE/0000181.png,restoration_poisoned,poisoned,0,1,1,12.389915466308594,12.18639850616455,0.20351696014404297,0.5505526661872864,0.44917187094688416
182,182,EXTERNAL_SAMPLE/0000182.png,restoration_poisoned,poisoned,0,1,1,12.925788879394531,10.903538703918457,2.022250175476074,0.8830302357673645,0.11687549948692322
183,183,EXTERNAL_SAMPLE/0000183.png,restoration_poisoned,poisoned,0,1,0,13.819323539733887,15.252594947814941,-1.4332714080810547,0.19258837401866913,0.8074058890342712
184,184,EXTERNAL_SAMPLE/0000184.png,restoration_poisoned,poisoned,0,1,1,13.90788745880127,4.1733503341674805,9.734537124633789,0.9998997449874878,5.9197140217293054e-05
185,185,EXTERNAL_SAMPLE/0000185.png,restoration_poisoned,poisoned,0,1,1,13.63138484954834,5.3655829429626465,8.265802383422852,0.9996815919876099,0.0002570805954746902
186,186,EXTERNAL_SAMPLE/0000186.png,restoration_poisoned,poisoned,0,1,1,13.4456787109375,9.400464057922363,4.045214653015137,0.9827242493629456,0.017203517258167267
187,187,EXTERNAL_SAMPLE/0000187.png,restoration_poisoned,poisoned,0,1,1,9.433072090148926,5.49080228805542,3.942269802093506,0.9764852523803711,0.018947837874293327
188,188,EXTERNAL_SAMPLE/0000188.png,restoration_poisoned,poisoned,0,1,1,14.50678825378418,4.15311336517334,10.35367488861084,0.9999293088912964,3.1873187253950164e-05
189,189,EXTERNAL_SAMPLE/0000189.png,restoration_poisoned,poisoned,0,1,1,12.297405242919922,2.353126049041748,9.944278717041016,0.9890154004096985,4.747420462081209e-05
190,190,EXTERNAL_SAMPLE/0000190.png,restoration_poisoned,poisoned,0,1,1,10.5390625,7.445319175720215,3.093743324279785,0.9546865224838257,0.0432778000831604
191,191,EXTERNAL_SAMPLE/0000191.png,restoration_poisoned,poisoned,0,1,1,13.767904281616211,7.524706840515137,6.243197441101074,0.9979032278060913,0.0019395556300878525
192,192,EXTERNAL_SAMPLE/0000192.png,restoration_poisoned,poisoned,0,1,1,10.027705192565918,9.371766090393066,0.6559391021728516,0.6559913158416748,0.3404296040534973
193,193,EXTERNAL_SAMPLE/0000193.png,restoration_poisoned,poisoned,0,1,9,1.5157828330993652,1.5693479776382446,-0.053565144538879395,0.003729931078851223,0.003935173153877258
194,194,EXTERNAL_SAMPLE/0000194.png,restoration_poisoned,poisoned,0,1,1,14.17690658569336,12.983382225036621,1.1935243606567383,0.7673588991165161,0.2326255887746811
195,195,EXTERNAL_SAMPLE/0000195.png,restoration_poisoned,poisoned,0,1,1,14.039587020874023,7.122824668884277,6.916762351989746,0.9986770749092102,0.0009897222043946385
196,196,EXTERNAL_SAMPLE/0000196.png,restoration_poisoned,poisoned,0,1,1,13.438447952270508,8.971656799316406,4.466791152954102,0.988593339920044,0.011353112757205963
197,197,EXTERNAL_SAMPLE/0000197.png,restoration_poisoned,poisoned,0,1,1,12.978023529052734,7.022956371307373,5.955067157745361,0.9972698092460632,0.002585591049864888
198,198,EXTERNAL_SAMPLE/0000198.png,restoration_poisoned,poisoned,0,1,1,11.479325294494629,6.6113786697387695,4.867946624755859,0.9918105006217957,0.007626167498528957
199,199,EXTERNAL_SAMPLE/0000199.png,restoration_poisoned,poisoned,0,1,1,8.924843788146973,1.0952882766723633,7.829555511474609,0.9801408648490906,0.00038990224129520357
200,200,EXTERNAL_SAMPLE/0000200.png,restoration_poisoned,poisoned,0,1,1,11.743820190429688,8.6233491897583,3.1204710006713867,0.9573162198066711,0.042252469807863235
201,201,EXTERNAL_SAMPLE/0000201.png,restoration_poisoned,poisoned,0,1,1,10.899456977844238,5.247653007507324,5.651803970336914,0.9956730008125305,0.0034959844779223204
202,202,EXTERNAL_SAMPLE/0000202.png,restoration_poisoned,poisoned,0,1,1,11.094062805175781,8.451579093933105,2.642483711242676,0.9310139417648315,0.0662735253572464
203,203,EXTERNAL_SAMPLE/0000203.png,restoration_poisoned,poisoned,0,1,1,11.731465339660645,6.138431549072266,5.593033790588379,0.9960508942604065,0.0037090082187205553
204,204,EXTERNAL_SAMPLE/0000204.png,restoration_poisoned,poisoned,0,1,1,12.498682022094727,5.871166229248047,6.62751579284668,0.9947556257247925,0.0013165060663595796
205,205,EXTERNAL_SAMPLE/0000205.png,restoration_poisoned,poisoned,0,1,1,13.383368492126465,0.336797297000885,13.046570777893066,0.9993391633033752,2.1560517780017108e-06
206,206,EXTERNAL_SAMPLE/0000206.png,restoration_poisoned,poisoned,0,1,0,13.618566513061523,16.020551681518555,-2.4019851684570312,0.08302117139101028,0.9169755578041077
207,207,EXTERNAL_SAMPLE/0000207.png,restoration_poisoned,poisoned,0,1,1,10.984640121459961,7.835156440734863,3.1494836807250977,0.9577548503875732,0.04106302931904793
208,208,EXTERNAL_SAMPLE/0000208.png,restoration_poisoned,poisoned,0,1,1,13.219344139099121,10.76604175567627,2.4533023834228516,0.920705258846283,0.07918901741504669
209,209,EXTERNAL_SAMPLE/0000209.png,restoration_poisoned,poisoned,0,1,1,15.101873397827148,3.1578257083892822,11.944047927856445,0.9999347925186157,6.4973692133207805e-06
210,210,EXTERNAL_SAMPLE/0000210.png,restoration_poisoned,poisoned,0,1,1,10.845357894897461,5.902972221374512,4.942385673522949,0.9623115062713623,0.006868546362966299
211,211,EXTERNAL_SAMPLE/0000211.png,restoration_poisoned,poisoned,0,1,1,14.430621147155762,10.60673999786377,3.823881149291992,0.9786055684089661,0.021375544369220734
212,212,EXTERNAL_SAMPLE/0000212.png,restoration_poisoned,poisoned,0,1,1,13.866539001464844,5.920129776000977,7.946409225463867,0.9982737302780151,0.0003533198032528162
213,213,EXTERNAL_SAMPLE/0000213.png,restoration_poisoned,poisoned,0,1,1,11.545119285583496,5.559347152709961,5.985772132873535,0.9971184730529785,0.0025070265401154757
214,214,EXTERNAL_SAMPLE/0000214.png,restoration_poisoned,poisoned,0,1,0,8.22742748260498,11.913362503051758,-3.6859350204467773,0.024451332166790962,0.9751776456832886
215,215,EXTERNAL_SAMPLE/0000215.png,restoration_poisoned,poisoned,0,1,1,12.62928581237793,9.42353630065918,3.20574951171875,0.9609140753746033,0.03894441947340965
216,216,EXTERNAL_SAMPLE/0000216.png,restoration_poisoned,poisoned,0,1,1,13.283963203430176,9.695157051086426,3.58880615234375,0.9730536341667175,0.02688673697412014
217,217,EXTERNAL_SAMPLE/0000217.png,restoration_poisoned,poisoned,0,1,1,13.254071235656738,12.119908332824707,1.1341629028320312,0.7562515139579773,0.24327953159809113
218,218,EXTERNAL_SAMPLE/0000218.png,restoration_poisoned,poisoned,0,1,1,13.156129837036133,8.088449478149414,5.067680358886719,0.9927990436553955,0.006251665763556957
219,219,EXTERNAL_SAMPLE/0000219.png,restoration_poisoned,poisoned,0,1,1,14.631985664367676,8.692286491394043,5.939699172973633,0.9973132014274597,0.0026257475838065147
220,220,EXTERNAL_SAMPLE/0000220.png,restoration_poisoned,poisoned,0,1,1,13.865734100341797,10.055773735046387,3.80996036529541,0.9781517386436462,0.021665139123797417
221,221,EXTERNAL_SAMPLE/0000221.png,restoration_poisoned,poisoned,0,1,9,2.0400028228759766,1.8422043323516846,0.197798490524292,0.0673038512468338,0.05522517114877701
222,222,EXTERNAL_SAMPLE/0000222.png,restoration_poisoned,poisoned,0,1,1,13.216707229614258,11.493986129760742,1.7227210998535156,0.8482513427734375,0.15148034691810608
223,223,EXTERNAL_SAMPLE/0000223.png,restoration_poisoned,poisoned,0,1,1,12.370811462402344,8.21274471282959,4.158066749572754,0.9842208623886108,0.015391010791063309
224,224,EXTERNAL_SAMPLE/0000224.png,restoration_poisoned,poisoned,0,1,0,6.367804050445557,6.6956024169921875,-0.32779836654663086,0.3902301788330078,0.5416040420532227
225,225,EXTERNAL_SAMPLE/0000225.png,restoration_poisoned,poisoned,0,1,1,14.335708618164062,4.042740821838379,10.292967796325684,0.998596727848053,3.382291106390767e-05
226,226,EXTERNAL_SAMPLE/0000226.png,restoration_poisoned,poisoned,0,1,0,10.233072280883789,10.721613883972168,-0.4885416030883789,0.38004598021507263,0.6194511651992798
227,227,EXTERNAL_SAMPLE/0000227.png,restoration_poisoned,poisoned,0,1,0,12.518877029418945,13.778862953186035,-1.2599859237670898,0.2209496647119522,0.7789297103881836
228,228,EXTERNAL_SAMPLE/0000228.png,restoration_poisoned,poisoned,0,1,1,14.706947326660156,12.505169868469238,2.201777458190918,0.90037602186203,0.0995873287320137
229,229,EXTERNAL_SAMPLE/0000229.png,restoration_poisoned,poisoned,0,1,9,1.0256378650665283,0.4857315719127655,0.5399062633514404,0.003472233423963189,0.00202362728305161
230,230,EXTERNAL_SAMPLE/0000230.png,restoration_poisoned,poisoned,0,1,0,9.860021591186523,11.239432334899902,-1.379410743713379,0.2003069967031479,0.7957316040992737
231,231,EXTERNAL_SAMPLE/0000231.png,restoration_poisoned,poisoned,0,1,1,9.96625804901123,3.694385528564453,6.271872520446777,0.995846688747406,0.0018808443564921618
232,232,EXTERNAL_SAMPLE/0000232.png,restoration_poisoned,poisoned,0,1,1,9.342500686645508,8.805005073547363,0.5374956130981445,0.6295560002326965,0.36779260635375977
233,233,EXTERNAL_SAMPLE/0000233.png,restoration_poisoned,poisoned,0,1,1,11.139060020446777,8.240447044372559,2.8986129760742188,0.9437893033027649,0.05200240761041641
234,234,EXTERNAL_SAMPLE/0000234.png,restoration_poisoned,poisoned,0,1,1,12.823180198669434,6.416195869445801,6.406984329223633,0.9982017278671265,0.0016470258124172688
235,235,EXTERNAL_SAMPLE/0000235.png,restoration_poisoned,poisoned,0,1,1,11.906402587890625,6.577054977416992,5.329347610473633,0.9945651292800903,0.004820887465029955
236,236,EXTERNAL_SAMPLE/0000236.png,restoration_poisoned,poisoned,0,1,1,8.517298698425293,6.338967323303223,2.1783313751220703,0.8873335123062134,0.10047305375337601
237,237,EXTERNAL_SAMPLE/0000237.png,restoration_poisoned,poisoned,0,1,0,14.069913864135742,14.644209861755371,-0.5742959976196289,0.3602261245250702,0.6397182941436768
238,238,EXTERNAL_SAMPLE/0000238.png,restoration_poisoned,poisoned,0,1,1,11.602151870727539,5.540172100067139,6.0619797706604,0.9972862005233765,0.002323461463674903
239,239,EXTERNAL_SAMPLE/0000239.png,restoration_poisoned,poisoned,0,1,1,13.587600708007812,4.503762245178223,9.08383846282959,0.9995959401130676,0.00011343930964358151
240,240,EXTERNAL_SAMPLE/0000240.png,restoration_poisoned,poisoned,0,1,1,19.802268981933594,12.858932495117188,6.943336486816406,0.9990358352661133,0.0009641138603910804
241,241,EXTERNAL_SAMPLE/0000241.png,restoration_poisoned,poisoned,0,1,1,13.23953628540039,4.164419651031494,9.075117111206055,0.9989644289016724,0.0001143606859841384
242,242,EXTERNAL_SAMPLE/0000242.png,restoration_poisoned,poisoned,0,1,0,12.742253303527832,13.537428855895996,-0.7951755523681641,0.3110344707965851,0.6888883709907532
243,243,EXTERNAL_SAMPLE/0000243.png,restoration_poisoned,poisoned,0,1,0,13.294256210327148,16.962299346923828,-3.6680431365966797,0.02489078976213932,0.9751009345054626
244,244,EXTERNAL_SAMPLE/0000244.png,restoration_poisoned,poisoned,0,1,1,15.638931274414062,4.222543716430664,11.416387557983398,0.9999822378158569,1.1013317816832568e-05
245,245,EXTERNAL_SAMPLE/0000245.png,restoration_poisoned,poisoned,0,1,1,19.359294891357422,0.3462832272052765,19.013011932373047,1.0,5.530365498884748e-09
246,246,EXTERNAL_SAMPLE/0000246.png,restoration_poisoned,poisoned,0,1,1,12.411616325378418,8.811749458312988,3.5998668670654297,0.9732294082641602,0.026595793664455414
247,247,EXTERNAL_SAMPLE/0000247.png,restoration_poisoned,poisoned,0,1,1,11.541339874267578,11.012249946594238,0.5290899276733398,0.6290037631988525,0.3705718219280243
248,248,EXTERNAL_SAMPLE/0000248.png,restoration_poisoned,poisoned,0,1,1,14.242527961730957,10.178698539733887,4.06382942199707,0.9830523729324341,0.016891878098249435
249,249,EXTERNAL_SAMPLE/0000249.png,restoration_poisoned,poisoned,0,1,1,13.491061210632324,6.573836803436279,6.917224407196045,0.9989138841629028,0.0009894996182993054
250,250,EXTERNAL_SAMPLE/0000250.png,restoration_poisoned,poisoned,0,1,1,15.203951835632324,9.26186466217041,5.942087173461914,0.9973689317703247,0.0026196311227977276
251,251,EXTERNAL_SAMPLE/0000251.png,restoration_poisoned,poisoned,0,1,1,13.059350967407227,2.6285784244537354,10.43077278137207,0.9996765851974487,2.9500710297725163e-05
252,252,EXTERNAL_SAMPLE/0000252.png,restoration_poisoned,poisoned,0,1,1,13.647547721862793,3.125680446624756,10.521867752075195,0.9980078339576721,2.6887155399890617e-05
253,253,EXTERNAL_SAMPLE/0000253.png,restoration_poisoned,poisoned,0,1,1,11.904823303222656,8.54238224029541,3.362441062927246,0.9661375284194946,0.033477216958999634
254,254,EXTERNAL_SAMPLE/0000254.png,restoration_poisoned,poisoned,0,1,1,11.229209899902344,5.625372886657715,5.603837013244629,0.9957036375999451,0.0036678758915513754
255,255,EXTERNAL_SAMPLE/0000255.png,restoration_poisoned,poisoned,0,1,1,12.216858863830566,5.540456295013428,6.676402568817139,0.9980908036231995,0.0012578974710777402
256,256,EXTERNAL_SAMPLE/0000256.png,restoration_poisoned,poisoned,0,1,1,13.273592948913574,4.8942975997924805,8.379295349121094,0.9995148181915283,0.00022946027456782758
257,257,EXTERNAL_SAMPLE/0000257.png,restoration_poisoned,poisoned,0,1,1,14.970885276794434,7.9684038162231445,7.002481460571289,0.999081015586853,0.0009087860817089677
258,258,EXTERNAL_SAMPLE/0000258.png,restoration_poisoned,poisoned,0,1,1,14.545086860656738,9.620238304138184,4.924848556518555,0.9926208257675171,0.007210225332528353
259,259,EXTERNAL_SAMPLE/0000259.png,restoration_poisoned,poisoned,0,1,1,17.24675750732422,7.3977556228637695,9.84900188446045,0.999943733215332,5.27968950336799e-05
260,260,EXTERNAL_SAMPLE/0000260.png,restoration_poisoned,poisoned,0,1,1,12.35027027130127,2.84257173538208,9.507698059082031,0.9981018900871277,7.413684215862304e-05
261,261,EXTERNAL_SAMPLE/0000261.png,restoration_poisoned,poisoned,0,1,1,11.18154525756836,4.911438941955566,6.270106315612793,0.9955046772956848,0.001883522141724825
262,262,EXTERNAL_SAMPLE/0000262.png,restoration_poisoned,poisoned,0,1,0,8.871074676513672,10.496343612670898,-1.6252689361572266,0.1643211990594864,0.8347163796424866
263,263,EXTERNAL_SAMPLE/0000263.png,restoration_poisoned,poisoned,0,1,1,14.981192588806152,13.25509262084961,1.726099967956543,0.8489071726799011,0.15108610689640045
264,264,EXTERNAL_SAMPLE/0000264.png,restoration_poisoned,poisoned,0,1,1,11.808886528015137,8.862982749938965,2.945903778076172,0.9498844146728516,0.049920741468667984
265,265,EXTERNAL_SAMPLE/0000265.png,restoration_poisoned,poisoned,0,1,1,12.087862014770508,6.99639368057251,5.091468334197998,0.9929674863815308,0.006105741020292044
266,266,EXTERNAL_SAMPLE/0000266.png,restoration_poisoned,poisoned,0,1,1,13.75250244140625,9.351449966430664,4.401052474975586,0.9877901077270508,0.012114678509533405
267,267,EXTERNAL_SAMPLE/0000267.png,restoration_poisoned,poisoned,0,1,0,13.921576499938965,23.59254264831543,-9.670966148376465,6.308488809736446e-05,0.9999369382858276
268,268,EXTERNAL_SAMPLE/0000268.png,restoration_poisoned,poisoned,0,1,1,11.015979766845703,7.4433722496032715,3.5726075172424316,0.9707658290863037,0.027261564508080482
269,269,EXTERNAL_SAMPLE/0000269.png,restoration_poisoned,poisoned,0,1,1,15.198625564575195,4.853459358215332,10.345166206359863,0.9999392032623291,3.2145857403520495e-05
270,270,EXTERNAL_SAMPLE/0000270.png,restoration_poisoned,poisoned,0,1,1,14.034053802490234,12.47351360321045,1.5605401992797852,0.8263598680496216,0.17355424165725708
271,271,EXTERNAL_SAMPLE/0000271.png,restoration_poisoned,poisoned,0,1,0,10.19599723815918,11.279190063476562,-1.0831928253173828,0.25278255343437195,0.7467440366744995
272,272,EXTERNAL_SAMPLE/0000272.png,restoration_poisoned,poisoned,0,1,1,14.564132690429688,6.848721504211426,7.715411186218262,0.9984190464019775,0.00044519713264890015
273,273,EXTERNAL_SAMPLE/0000273.png,restoration_poisoned,poisoned,0,1,1,13.0740385055542,9.910935401916504,3.1631031036376953,0.9593434929847717,0.040574755519628525
274,274,EXTERNAL_SAMPLE/0000274.png,restoration_poisoned,poisoned,0,1,1,11.758590698242188,6.540607929229736,5.217982769012451,0.993527352809906,0.005383177660405636
275,275,EXTERNAL_SAMPLE/0000275.png,restoration_poisoned,poisoned,0,1,1,12.208870887756348,9.021525382995605,3.187345504760742,0.960064172744751,0.039632707834243774
276,276,EXTERNAL_SAMPLE/0000276.png,restoration_poisoned,poisoned,0,1,1,11.091231346130371,10.705967903137207,0.38526344299316406,0.5938246846199036,0.4039619565010071
277,277,EXTERNAL_SAMPLE/0000277.png,restoration_poisoned,poisoned,0,1,1,11.850561141967773,2.6219866275787354,9.228574752807617,0.9693478345870972,9.518325532553717e-05
278,278,EXTERNAL_SAMPLE/0000278.png,restoration_poisoned,poisoned,0,1,1,12.383974075317383,10.698500633239746,1.6854734420776367,0.8430853486061096,0.15627148747444153
279,279,EXTERNAL_SAMPLE/0000279.png,restoration_poisoned,poisoned,0,1,1,13.623603820800781,4.476810455322266,9.146793365478516,0.9996084570884705,0.00010651923366822302
280,280,EXTERNAL_SAMPLE/0000280.png,restoration_poisoned,poisoned,0,1,1,13.58651351928711,7.168309211730957,6.418204307556152,0.9981012940406799,0.0016284855082631111
281,281,EXTERNAL_SAMPLE/0000281.png,restoration_poisoned,poisoned,0,1,1,15.328558921813965,15.154775619506836,0.1737833023071289,0.5433351993560791,0.4566618502140045
282,282,EXTERNAL_SAMPLE/0000282.png,restoration_poisoned,poisoned,0,1,1,12.546670913696289,9.154552459716797,3.392118453979492,0.9652451872825623,0.032468281686306
283,283,EXTERNAL_SAMPLE/0000283.png,restoration_poisoned,poisoned,0,1,1,15.139688491821289,14.560436248779297,0.5792522430419922,0.6408913731575012,0.35910242795944214
284,284,EXTERNAL_SAMPLE/0000284.png,restoration_poisoned,poisoned,0,1,1,17.527008056640625,4.419706344604492,13.107301712036133,0.999993085861206,2.0303373275964987e-06
285,285,EXTERNAL_SAMPLE/0000285.png,restoration_poisoned,poisoned,0,1,1,14.3399658203125,7.685190200805664,6.654775619506836,0.9986711740493774,0.001286145648919046
286,286,EXTERNAL_SAMPLE/0000286.png,restoration_poisoned,poisoned,0,1,1,13.152726173400879,9.917556762695312,3.2351694107055664,0.9620891213417053,0.03786161169409752
287,287,EXTERNAL_SAMPLE/0000287.png,restoration_poisoned,poisoned,0,1,0,13.39647388458252,18.273202896118164,-4.8767290115356445,0.007564247585833073,0.9924353957176208
288,288,EXTERNAL_SAMPLE/0000288.png,restoration_poisoned,poisoned,0,1,1,13.239091873168945,5.933412551879883,7.3056793212890625,0.9992795586585999,0.0006712290924042463
289,289,EXTERNAL_SAMPLE/0000289.png,restoration_poisoned,poisoned,0,1,0,10.826338768005371,19.411720275878906,-8.585381507873535,0.00018678199558053166,0.9998131394386292
290,290,EXTERNAL_SAMPLE/0000290.png,restoration_poisoned,poisoned,0,1,1,15.54488754272461,9.326356887817383,6.218530654907227,0.9980010390281677,0.001988187897950411
291,291,EXTERNAL_SAMPLE/0000291.png,restoration_poisoned,poisoned,0,1,0,13.947239875793457,14.031494140625,-0.08425426483154297,0.47893884778022766,0.521040141582489
292,292,EXTERNAL_SAMPLE/0000292.png,restoration_poisoned,poisoned,0,1,1,14.331623077392578,7.347026824951172,6.984596252441406,0.9990589022636414,0.0009251656010746956
293,293,EXTERNAL_SAMPLE/0000293.png,restoration_poisoned,poisoned,0,1,1,13.486592292785645,4.719069957733154,8.767522811889648,0.999734103679657,0.0001556674251332879
294,294,EXTERNAL_SAMPLE/0000294.png,restoration_poisoned,poisoned,0,1,1,14.474410057067871,7.159444332122803,7.314965724945068,0.9993027448654175,0.000665040104649961
295,295,EXTERNAL_SAMPLE/0000295.png,restoration_poisoned,poisoned,0,1,1,14.786240577697754,6.8699517250061035,7.91628885269165,0.9995759129524231,0.00036459878901951015
296,296,EXTERNAL_SAMPLE/0000296.png,restoration_poisoned,poisoned,0,1,0,15.105325698852539,15.545165061950684,-0.43983936309814453,0.3917768895626068,0.6082171201705933
297,297,EXTERNAL_SAMPLE/0000297.png,restoration_poisoned,poisoned,0,1,1,10.43689250946045,7.574736595153809,2.8621559143066406,0.9212192893028259,0.052643466740846634
298,298,EXTERNAL_SAMPLE/0000298.png,restoration_poisoned,poisoned,0,1,0,10.648862838745117,14.912055969238281,-4.263193130493164,0.013881661929190159,0.9861039519309998
299,299,EXTERNAL_SAMPLE/0000299.png,restoration_poisoned,poisoned,0,1,1,16.454856872558594,2.8421242237091064,13.612732887268066,0.9999704360961914,1.224763991558575e-06
300,300,EXTERNAL_SAMPLE/0000300.png,restoration_poisoned,poisoned,0,1,1,12.392087936401367,2.829671621322632,9.562416076660156,0.9948965907096863,6.99638039804995e-05
301,301,EXTERNAL_SAMPLE/0000301.png,restoration_poisoned,poisoned,0,1,0,11.655440330505371,12.12494945526123,-0.4695091247558594,0.3846724033355713,0.615171492099762
302,302,EXTERNAL_SAMPLE/0000302.png,restoration_poisoned,poisoned,0,1,9,1.1296336650848389,0.4786401093006134,0.6509935855865479,0.0036395001225173473,0.0018980982713401318
303,303,EXTERNAL_SAMPLE/0000303.png,restoration_poisoned,poisoned,0,1,1,13.073293685913086,5.979373931884766,7.09391975402832,0.9963698387145996,0.0008271235274150968
304,304,EXTERNAL_SAMPLE/0000304.png,restoration_poisoned,poisoned,0,1,1,16.289491653442383,10.911791801452637,5.377699851989746,0.9953987002372742,0.004597181919962168
305,305,EXTERNAL_SAMPLE/0000305.png,restoration_poisoned,poisoned,0,1,1,13.43940258026123,6.633597373962402,6.805805206298828,0.9988347887992859,0.0011060378747060895
306,306,EXTERNAL_SAMPLE/0000306.png,restoration_poisoned,poisoned,0,1,1,12.600326538085938,7.853856563568115,4.746469974517822,0.9895021319389343,0.00859114434570074
307,307,EXTERNAL_SAMPLE/0000307.png,restoration_poisoned,poisoned,0,1,1,10.000723838806152,9.77973747253418,0.22098636627197266,0.5541972517967224,0.4443152844905853
308,308,EXTERNAL_SAMPLE/0000308.png,restoration_poisoned,poisoned,0,1,0,7.655986785888672,11.74168586730957,-4.085699081420898,0.01652483269572258,0.9829550385475159
309,309,EXTERNAL_SAMPLE/0000309.png,restoration_poisoned,poisoned,0,1,1,10.580719947814941,9.622640609741211,0.9580793380737305,0.7216732501983643,0.27685481309890747
310,310,EXTERNAL_SAMPLE/0000310.png,restoration_poisoned,poisoned,0,1,1,13.25718879699707,6.797162055969238,6.460026741027832,0.9933668971061707,0.0015543748158961535
311,311,EXTERNAL_SAMPLE/0000311.png,restoration_poisoned,poisoned,0,1,1,13.779898643493652,9.295245170593262,4.484653472900391,0.988792359828949,0.011154365725815296
312,312,EXTERNAL_SAMPLE/0000312.png,restoration_poisoned,poisoned,0,1,1,12.840943336486816,6.046860694885254,6.7940826416015625,0.9961773157119751,0.0011161023285239935
313,313,EXTERNAL_SAMPLE/0000313.png,restoration_poisoned,poisoned,0,1,9,1.0500773191452026,0.441659539937973,0.6084177494049072,0.0013194441562518477,0.0007180561660788953
314,314,EXTERNAL_SAMPLE/0000314.png,restoration_poisoned,poisoned,0,1,1,13.793403625488281,4.477502346038818,9.315900802612305,0.9978637099266052,8.978978439699858e-05
315,315,EXTERNAL_SAMPLE/0000315.png,restoration_poisoned,poisoned,0,1,1,13.372162818908691,8.186688423156738,5.185474395751953,0.9941911101341248,0.005564766936004162
316,316,EXTERNAL_SAMPLE/0000316.png,restoration_poisoned,poisoned,0,1,1,13.597041130065918,13.121338844299316,0.47570228576660156,0.6166141033172607,0.38319388031959534
317,317,EXTERNAL_SAMPLE/0000317.png,restoration_poisoned,poisoned,0,1,1,7.117557048797607,1.5389996767044067,5.57855749130249,0.8266240358352661,0.0031229951418936253
318,318,EXTERNAL_SAMPLE/0000318.png,restoration_poisoned,poisoned,0,1,1,10.253615379333496,8.968232154846191,1.2853832244873047,0.7664667963981628,0.2119622528553009
319,319,EXTERNAL_SAMPLE/0000319.png,restoration_poisoned,poisoned,0,1,1,12.107909202575684,9.671704292297363,2.4362049102783203,0.9192204475402832,0.08042467385530472
320,320,EXTERNAL_SAMPLE/0000320.png,restoration_poisoned,poisoned,0,1,1,11.032184600830078,5.176469326019287,5.855715274810791,0.9952803254127502,0.0028499721083790064
321,321,EXTERNAL_SAMPLE/0000321.png,restoration_poisoned,poisoned,0,1,0,11.005851745605469,14.490662574768066,-3.4848108291625977,0.02974676713347435,0.9702282547950745
322,322,EXTERNAL_SAMPLE/0000322.png,restoration_poisoned,poisoned,0,1,1,12.893272399902344,7.85458517074585,5.038687229156494,0.9934486746788025,0.0064397850073874
323,323,EXTERNAL_SAMPLE/0000323.png,restoration_poisoned,poisoned,0,1,1,15.546432495117188,9.093107223510742,6.453325271606445,0.9984219074249268,0.0015727892750874162
324,324,EXTERNAL_SAMPLE/0000324.png,restoration_poisoned,poisoned,0,1,1,12.401667594909668,11.305505752563477,1.0961618423461914,0.7493856549263,0.2504080832004547
325,325,EXTERNAL_SAMPLE/0000325.png,restoration_poisoned,poisoned,0,1,1,12.818870544433594,11.622947692871094,1.1959228515625,0.7676599025726318,0.2321593314409256
326,326,EXTERNAL_SAMPLE/0000326.png,restoration_poisoned,poisoned,0,1,1,12.84589958190918,9.092637062072754,3.753262519836426,0.9768761992454529,0.022899094969034195
327,327,EXTERNAL_SAMPLE/0000327.png,restoration_poisoned,poisoned,0,1,1,9.764370918273926,1.507257342338562,8.257113456726074,0.9840456247329712,0.0002552680380176753
328,328,EXTERNAL_SAMPLE/0000328.png,restoration_poisoned,poisoned,0,1,1,11.858609199523926,6.832436561584473,5.026172637939453,0.9927682876586914,0.006516416557133198
329,329,EXTERNAL_SAMPLE/0000329.png,restoration_poisoned,poisoned,0,1,1,12.794425964355469,9.231484413146973,3.562941551208496,0.9721312522888184,0.027565065771341324
330,330,EXTERNAL_SAMPLE/0000330.png,restoration_poisoned,poisoned,0,1,1,13.005623817443848,8.014872550964355,4.990751266479492,0.9927061200141907,0.006750951521098614
331,331,EXTERNAL_SAMPLE/0000331.png,restoration_poisoned,poisoned,0,1,1,12.606646537780762,8.291955947875977,4.314690589904785,0.9864639043807983,0.013189699500799179
332,332,EXTERNAL_SAMPLE/0000332.png,restoration_poisoned,poisoned,0,1,1,13.466323852539062,8.457582473754883,5.00874137878418,0.9931870698928833,0.006633799057453871
333,333,EXTERNAL_SAMPLE/0000333.png,restoration_poisoned,poisoned,0,1,1,14.002561569213867,8.252448081970215,5.750113487243652,0.9967946410179138,0.0031722187995910645
334,334,EXTERNAL_SAMPLE/0000334.png,restoration_poisoned,poisoned,0,1,0,11.35150146484375,17.50450897216797,-6.153007507324219,0.002122556557878852,0.9978756904602051
335,335,EXTERNAL_SAMPLE/0000335.png,restoration_poisoned,poisoned,0,1,0,13.854121208190918,14.861188888549805,-1.0070676803588867,0.2675507068634033,0.7324365973472595
336,336,EXTERNAL_SAMPLE/0000336.png,restoration_poisoned,poisoned,0,1,0,13.618841171264648,13.905937194824219,-0.2870960235595703,0.42870986461639404,0.5712782740592957
337,337,EXTERNAL_SAMPLE/0000337.png,restoration_poisoned,poisoned,0,1,1,12.33237361907959,4.523324489593506,7.809049129486084,0.9960973858833313,0.0004044592787977308
338,338,EXTERNAL_SAMPLE/0000338.png,restoration_poisoned,poisoned,0,1,1,13.370266914367676,8.83613109588623,4.534135818481445,0.9893327951431274,0.010621655732393265
339,339,EXTERNAL_SAMPLE/0000339.png,restoration_poisoned,poisoned,0,1,1,18.357746124267578,12.295096397399902,6.062649726867676,0.9976765513420105,0.0023228139616549015
340,340,EXTERNAL_SAMPLE/0000340.png,restoration_poisoned,poisoned,0,1,1,12.392358779907227,1.6808093786239624,10.711549758911133,0.999716579914093,2.2279733457253315e-05
341,341,EXTERNAL_SAMPLE/0000341.png,restoration_poisoned,poisoned,0,1,0,15.182188987731934,15.63402271270752,-0.45183372497558594,0.38892367482185364,0.6110732555389404
342,342,EXTERNAL_SAMPLE/0000342.png,restoration_poisoned,poisoned,0,1,1,11.050368309020996,4.5283002853393555,6.522068023681641,0.8350191116333008,0.0012279998045414686
343,343,EXTERNAL_SAMPLE/0000343.png,restoration_poisoned,poisoned,0,1,0,12.122989654541016,14.484458923339844,-2.361469268798828,0.08615502715110779,0.913805365562439
344,344,EXTERNAL_SAMPLE/0000344.png,restoration_poisoned,poisoned,0,1,1,12.30325984954834,6.498985290527344,5.804274559020996,0.9958095550537109,0.0030020081903785467
345,345,EXTERNAL_SAMPLE/0000345.png,restoration_poisoned,poisoned,0,1,0,12.439665794372559,12.532004356384277,-0.09233856201171875,0.47686177492141724,0.5229914784431458
346,346,EXTERNAL_SAMPLE/0000346.png,restoration_poisoned,poisoned,0,1,1,13.481810569763184,3.991673469543457,9.490137100219727,0.9984862208366394,7.547929999418557e-05
347,347,EXTERNAL_SAMPLE/0000347.png,restoration_poisoned,poisoned,0,1,1,10.701744079589844,9.873330116271973,0.8284139633178711,0.6924365758895874,0.30241575837135315
348,348,EXTERNAL_SAMPLE/0000348.png,restoration_poisoned,poisoned,0,1,1,9.349386215209961,8.73472785949707,0.6146583557128906,0.6474429368972778,0.35015371441841125
349,349,EXTERNAL_SAMPLE/0000349.png,restoration_poisoned,poisoned,0,1,0,13.113381385803223,16.2820987701416,-3.168717384338379,0.04035968333482742,0.9596309065818787
350,350,EXTERNAL_SAMPLE/0000350.png,restoration_poisoned,poisoned,0,1,1,13.895276069641113,10.23897933959961,3.656296730041504,0.9747384786605835,0.025175530463457108
351,351,EXTERNAL_SAMPLE/0000351.png,restoration_poisoned,poisoned,0,1,1,12.17117691040039,1.9386590719223022,10.232518196105957,0.9941375255584717,3.577011375455186e-05
352,352,EXTERNAL_SAMPLE/0000352.png,restoration_poisoned,poisoned,0,1,1,13.512411117553711,11.054529190063477,2.4578819274902344,0.9211036562919617,0.078861303627491
353,353,EXTERNAL_SAMPLE/0000353.png,restoration_poisoned,poisoned,0,1,0,13.91556167602539,19.51580238342285,-5.600240707397461,0.0036833561025559902,0.9963165521621704
354,354,EXTERNAL_SAMPLE/0000354.png,restoration_poisoned,poisoned,0,1,0,8.714920997619629,10.065184593200684,-1.3502635955810547,0.20544445514678955,0.7926956415176392
355,355,EXTERNAL_SAMPLE/0000355.png,restoration_poisoned,poisoned,0,1,1,10.209701538085938,8.56747817993164,1.6422233581542969,0.835615873336792,0.16173280775547028
356,356,EXTERNAL_SAMPLE/0000356.png,restoration_poisoned,poisoned,0,1,1,15.361540794372559,10.050291061401367,5.311249732971191,0.9950705766677856,0.004911424126476049
357,357,EXTERNAL_SAMPLE/0000357.png,restoration_poisoned,poisoned,0,1,0,13.50133991241455,14.272282600402832,-0.7709426879882812,0.31626972556114197,0.683712899684906
358,358,EXTERNAL_SAMPLE/0000358.png,restoration_poisoned,poisoned,0,1,0,13.05937385559082,13.713545799255371,-0.6541719436645508,0.3420090079307556,0.6578711271286011
359,359,EXTERNAL_SAMPLE/0000359.png,restoration_poisoned,poisoned,0,1,1,15.605064392089844,11.104516983032227,4.500547409057617,0.9888635873794556,0.010979270562529564
360,360,EXTERNAL_SAMPLE/0000360.png,restoration_poisoned,poisoned,0,1,1,12.32421588897705,5.802007675170898,6.522208213806152,0.9982722997665405,0.001467878115363419
361,361,EXTERNAL_SAMPLE/0000361.png,restoration_poisoned,poisoned,0,1,1,11.965357780456543,9.088441848754883,2.87691593170166,0.9464493989944458,0.05329281836748123
362,362,EXTERNAL_SAMPLE/0000362.png,restoration_poisoned,poisoned,0,1,1,15.560216903686523,9.887503623962402,5.672713279724121,0.9965648055076599,0.003426710842177272
363,363,EXTERNAL_SAMPLE/0000363.png,restoration_poisoned,poisoned,0,1,1,11.747087478637695,3.366103410720825,8.38098430633545,0.998569130897522,0.00022885632643010467
364,364,EXTERNAL_SAMPLE/0000364.png,restoration_poisoned,poisoned,0,1,1,12.722755432128906,10.556686401367188,2.1660690307617188,0.8966637849807739,0.10278217494487762
365,365,EXTERNAL_SAMPLE/0000365.png,restoration_poisoned,poisoned,0,1,1,14.096460342407227,6.584754467010498,7.5117058753967285,0.9994097948074341,0.0005463251145556569
366,366,EXTERNAL_SAMPLE/0000366.png,restoration_poisoned,poisoned,0,1,1,18.495271682739258,7.64963960647583,10.845632553100586,0.9999641180038452,1.948884346347768e-05
367,367,EXTERNAL_SAMPLE/0000367.png,restoration_poisoned,poisoned,0,1,1,15.035937309265137,5.8813581466674805,9.154579162597656,0.9998842477798462,0.00010572228347882628
368,368,EXTERNAL_SAMPLE/0000368.png,restoration_poisoned,poisoned,0,1,1,16.103511810302734,12.70368480682373,3.399827003479004,0.9676974415779114,0.032300811260938644
369,369,EXTERNAL_SAMPLE/0000369.png,restoration_poisoned,poisoned,0,1,1,12.947836875915527,3.3141915798187256,9.633645057678223,0.9996080994606018,6.546224176418036e-05
370,370,EXTERNAL_SAMPLE/0000370.png,restoration_poisoned,poisoned,0,1,1,20.95685577392578,8.847923278808594,12.108932495117188,0.9999945163726807,5.510044047696283e-06
371,371,EXTERNAL_SAMPLE/0000371.png,restoration_poisoned,poisoned,0,1,1,12.722837448120117,9.011026382446289,3.711811065673828,0.9759932160377502,0.023846669122576714
372,372,EXTERNAL_SAMPLE/0000372.png,restoration_poisoned,poisoned,0,1,1,12.96013069152832,9.99678897857666,2.96334171295166,0.950789213180542,0.04910450056195259
373,373,EXTERNAL_SAMPLE/0000373.png,restoration_poisoned,poisoned,0,1,9,1.041868805885315,0.46978098154067993,0.572087824344635,0.0036960088182240725,0.0020858277566730976
374,374,EXTERNAL_SAMPLE/0000374.png,restoration_poisoned,poisoned,0,1,1,15.092782974243164,8.953438758850098,6.139344215393066,0.9978360533714294,0.0021516710985451937
375,375,EXTERNAL_SAMPLE/0000375.png,restoration_poisoned,poisoned,0,1,1,16.271133422851562,4.729966640472412,11.541166305541992,0.9999876022338867,9.721420610731002e-06
376,376,EXTERNAL_SAMPLE/0000376.png,restoration_poisoned,poisoned,0,1,1,14.503033638000488,11.11754322052002,3.3854904174804688,0.9672191143035889,0.032751038670539856
377,377,EXTERNAL_SAMPLE/0000377.png,restoration_poisoned,poisoned,0,1,1,12.161992073059082,6.558327674865723,5.603664398193359,0.9891576766967773,0.003644391428679228
378,378,EXTERNAL_SAMPLE/0000378.png,restoration_poisoned,poisoned,0,1,1,12.247543334960938,12.221367835998535,0.026175498962402344,0.5064619183540344,0.49337705969810486
379,379,EXTERNAL_SAMPLE/0000379.png,restoration_poisoned,poisoned,0,1,1,14.055017471313477,10.548678398132324,3.5063390731811523,0.970725953578949,0.02912815287709236
380,380,EXTERNAL_SAMPLE/0000380.png,restoration_poisoned,poisoned,0,1,0,15.276854515075684,15.966775894165039,-0.6899213790893555,0.33404940366744995,0.6659470796585083
381,381,EXTERNAL_SAMPLE/0000381.png,restoration_poisoned,poisoned,0,1,1,14.643641471862793,11.611457824707031,3.0321836471557617,0.9539962410926819,0.04599239304661751
382,382,EXTERNAL_SAMPLE/0000382.png,restoration_poisoned,poisoned,0,1,1,9.457807540893555,6.803055286407471,2.654752254486084,0.9261294007301331,0.06512195616960526
383,383,EXTERNAL_SAMPLE/0000383.png,restoration_poisoned,poisoned,0,1,1,12.043920516967773,5.865817070007324,6.178103446960449,0.9974238872528076,0.0020690143574029207
384,384,EXTERNAL_SAMPLE/0000384.png,restoration_poisoned,poisoned,0,1,1,12.452378273010254,10.872036933898926,1.5803413391113281,0.8291574120521545,0.17072750627994537
385,385,EXTERNAL_SAMPLE/0000385.png,restoration_poisoned,poisoned,0,1,1,12.06252384185791,10.125325202941895,1.9371986389160156,0.8738330602645874,0.12592554092407227
386,386,EXTERNAL_SAMPLE/0000386.png,restoration_poisoned,poisoned,0,1,1,17.288719177246094,11.264288902282715,6.024430274963379,0.9975831508636475,0.0024130831006914377
387,387,EXTERNAL_SAMPLE/0000387.png,restoration_poisoned,poisoned,1,1,1,26.33610725402832,26.33610725402832,0.0,1.0,1.0
388,388,EXTERNAL_SAMPLE/0000388.png,restoration_poisoned,poisoned,1,1,1,26.592315673828125,26.592315673828125,0.0,1.0,1.0
389,389,EXTERNAL_SAMPLE/0000389.png,restoration_poisoned,poisoned,1,1,1,20.678129196166992,20.678129196166992,0.0,1.0,1.0
390,390,EXTERNAL_SAMPLE/0000390.png,restoration_poisoned,poisoned,1,1,1,18.71554183959961,18.71554183959961,0.0,0.9999942779541016,0.9999942779541016
391,391,EXTERNAL_SAMPLE/0000391.png,restoration_poisoned,poisoned,1,1,1,23.032827377319336,23.032827377319336,0.0,1.0,1.0
392,392,EXTERNAL_SAMPLE/0000392.png,restoration_poisoned,poisoned,1,1,1,24.57098388671875,24.57098388671875,0.0,1.0,1.0
393,393,EXTERNAL_SAMPLE/0000393.png,restoration_poisoned,poisoned,1,1,1,15.44786262512207,15.44786262512207,0.0,0.9999822378158569,0.9999822378158569
394,394,EXTERNAL_SAMPLE/0000394.png,restoration_poisoned,poisoned,1,1,1,14.066844940185547,14.066844940185547,0.0,0.9998427629470825,0.9998427629470825
395,395,EXTERNAL_SAMPLE/0000395.png,restoration_poisoned,poisoned,1,1,1,18.97494888305664,18.97494888305664,0.0,0.9999995231628418,0.9999995231628418
396,396,EXTERNAL_SAMPLE/0000396.png,restoration_poisoned,poisoned,1,1,1,30.42169189453125,30.42169189453125,0.0,1.0,1.0
397,397,EXTERNAL_SAMPLE/0000397.png,restoration_poisoned,poisoned,1,1,1,16.374622344970703,16.374622344970703,0.0,0.9999244213104248,0.9999244213104248
398,398,EXTERNAL_SAMPLE/0000398.png,restoration_poisoned,poisoned,1,1,1,18.45943832397461,18.45943832397461,0.0,0.9999909400939941,0.9999909400939941
399,399,EXTERNAL_SAMPLE/0000399.png,restoration_poisoned,poisoned,1,1,1,40.44619369506836,40.44619369506836,0.0,1.0,1.0
400,400,EXTERNAL_SAMPLE/0000400.png,restoration_poisoned,poisoned,1,1,1,9.91130256652832,9.91130256652832,0.0,0.9871926307678223,0.9871926307678223
401,401,EXTERNAL_SAMPLE/0000401.png,restoration_poisoned,poisoned,1,1,1,28.43022346496582,28.43022346496582,0.0,1.0,1.0
402,402,EXTERNAL_SAMPLE/0000402.png,restoration_poisoned,poisoned,1,1,1,25.629642486572266,25.629642486572266,0.0,1.0,1.0
403,403,EXTERNAL_SAMPLE/0000403.png,restoration_poisoned,poisoned,1,1,1,19.1258602142334,19.1258602142334,0.0,0.9999998807907104,0.9999998807907104
404,404,EXTERNAL_SAMPLE/0000404.png,restoration_poisoned,poisoned,1,1,1,22.80219268798828,22.80219268798828,0.0,1.0,1.0
405,405,EXTERNAL_SAMPLE/0000405.png,restoration_poisoned,poisoned,1,1,1,12.772273063659668,12.772273063659668,0.0,0.9995889067649841,0.9995889067649841
406,406,EXTERNAL_SAMPLE/0000406.png,restoration_poisoned,poisoned,1,1,1,17.703968048095703,17.703968048095703,0.0,0.9999992847442627,0.9999992847442627
407,407,EXTERNAL_SAMPLE/0000407.png,restoration_poisoned,poisoned,1,1,1,18.982524871826172,18.982524871826172,0.0,0.9999995231628418,0.9999995231628418
408,408,EXTERNAL_SAMPLE/0000408.png,restoration_poisoned,poisoned,1,1,1,23.62281036376953,23.62281036376953,0.0,1.0,1.0
409,409,EXTERNAL_SAMPLE/0000409.png,restoration_poisoned,poisoned,1,1,1,16.032468795776367,16.032468795776367,0.0,0.9998764991760254,0.9998764991760254
410,410,EXTERNAL_SAMPLE/0000410.png,restoration_poisoned,poisoned,1,1,1,17.267915725708008,17.267915725708008,0.0,0.9998712539672852,0.9998712539672852
411,411,EXTERNAL_SAMPLE/0000411.png,restoration_poisoned,poisoned,1,1,1,7.4636030197143555,7.4636030197143555,0.0,0.8581851720809937,0.8581851720809937
412,412,EXTERNAL_SAMPLE/0000412.png,restoration_poisoned,poisoned,1,1,9,0.9668545722961426,0.9668545722961426,0.0,0.0018276841146871448,0.0018276841146871448
413,413,EXTERNAL_SAMPLE/0000413.png,restoration_poisoned,poisoned,1,1,1,27.515857696533203,27.515857696533203,0.0,1.0,1.0
414,414,EXTERNAL_SAMPLE/0000414.png,restoration_poisoned,poisoned,1,1,1,18.78533172607422,18.78533172607422,0.0,0.9999996423721313,0.9999996423721313
415,415,EXTERNAL_SAMPLE/0000415.png,restoration_poisoned,poisoned,1,1,1,24.32778549194336,24.32778549194336,0.0,1.0,1.0
416,416,EXTERNAL_SAMPLE/0000416.png,restoration_poisoned,poisoned,1,1,1,17.432497024536133,17.432497024536133,0.0,0.9999903440475464,0.9999903440475464
417,417,EXTERNAL_SAMPLE/0000417.png,restoration_poisoned,poisoned,1,1,1,15.918384552001953,15.918384552001953,0.0,0.9998519420623779,0.9998519420623779
418,418,EXTERNAL_SAMPLE/0000418.png,restoration_poisoned,poisoned,1,1,1,22.357860565185547,22.357860565185547,0.0,1.0,1.0
419,419,EXTERNAL_SAMPLE/0000419.png,restoration_poisoned,poisoned,1,1,1,26.097517013549805,26.097517013549805,0.0,1.0,1.0
420,420,EXTERNAL_SAMPLE/0000420.png,restoration_poisoned,poisoned,1,1,1,31.955204010009766,31.955204010009766,0.0,1.0,1.0
421,421,EXTERNAL_SAMPLE/0000421.png,restoration_poisoned,poisoned,1,1,1,20.21188735961914,20.21188735961914,0.0,0.9999982118606567,0.9999982118606567
422,422,EXTERNAL_SAMPLE/0000422.png,restoration_poisoned,poisoned,1,1,1,18.626100540161133,18.626100540161133,0.0,0.9999982118606567,0.9999982118606567
423,423,EXTERNAL_SAMPLE/0000423.png,restoration_poisoned,poisoned,1,1,1,8.793715476989746,8.793715476989746,0.0,0.9795364141464233,0.9795364141464233
424,424,EXTERNAL_SAMPLE/0000424.png,restoration_poisoned,poisoned,1,1,1,21.440105438232422,21.440105438232422,0.0,1.0,1.0
425,425,EXTERNAL_SAMPLE/0000425.png,restoration_poisoned,poisoned,1,1,1,11.386639595031738,11.386639595031738,0.0,0.997994065284729,0.997994065284729
426,426,EXTERNAL_SAMPLE/0000426.png,restoration_poisoned,poisoned,1,1,1,11.887093544006348,11.887093544006348,0.0,0.9992172718048096,0.9992172718048096
427,427,EXTERNAL_SAMPLE/0000427.png,restoration_poisoned,poisoned,1,1,1,14.752581596374512,14.752581596374512,0.0,0.9999489784240723,0.9999489784240723
428,428,EXTERNAL_SAMPLE/0000428.png,restoration_poisoned,poisoned,1,1,9,1.2051141262054443,1.2051141262054443,0.0,0.005473822355270386,0.005473822355270386
429,429,EXTERNAL_SAMPLE/0000429.png,restoration_poisoned,poisoned,1,1,1,15.452508926391602,15.452508926391602,0.0,0.9975472092628479,0.9975472092628479
430,430,EXTERNAL_SAMPLE/0000430.png,restoration_poisoned,poisoned,1,1,1,17.72345542907715,17.72345542907715,0.0,0.9999991655349731,0.9999991655349731
431,431,EXTERNAL_SAMPLE/0000431.png,restoration_poisoned,poisoned,1,1,1,17.943775177001953,17.943775177001953,0.0,0.9999958276748657,0.9999958276748657
432,432,EXTERNAL_SAMPLE/0000432.png,restoration_poisoned,poisoned,1,1,1,13.508492469787598,13.508492469787598,0.0,0.9999138116836548,0.9999138116836548
433,433,EXTERNAL_SAMPLE/0000433.png,restoration_poisoned,poisoned,1,1,1,21.755849838256836,21.755849838256836,0.0,1.0,1.0
434,434,EXTERNAL_SAMPLE/0000434.png,restoration_poisoned,poisoned,1,1,1,25.642454147338867,25.642454147338867,0.0,1.0,1.0
435,435,EXTERNAL_SAMPLE/0000435.png,restoration_poisoned,poisoned,1,1,1,20.97982406616211,20.97982406616211,0.0,0.9999998807907104,0.9999998807907104
436,436,EXTERNAL_SAMPLE/0000436.png,restoration_poisoned,poisoned,1,1,1,19.262144088745117,19.262144088745117,0.0,0.9999997615814209,0.9999997615814209
437,437,EXTERNAL_SAMPLE/0000437.png,restoration_poisoned,poisoned,1,1,1,15.357193946838379,15.357193946838379,0.0,0.9999748468399048,0.9999748468399048
438,438,EXTERNAL_SAMPLE/0000438.png,restoration_poisoned,poisoned,1,1,1,18.193466186523438,18.193466186523438,0.0,0.9999957084655762,0.9999957084655762
439,439,EXTERNAL_SAMPLE/0000439.png,restoration_poisoned,poisoned,1,1,9,1.0408037900924683,1.0408037900924683,0.0,0.0036804538685828447,0.0036804538685828447
440,440,EXTERNAL_SAMPLE/0000440.png,restoration_poisoned,poisoned,1,1,1,19.847558975219727,19.847558975219727,0.0,0.9999992847442627,0.9999992847442627
441,441,EXTERNAL_SAMPLE/0000441.png,restoration_poisoned,poisoned,1,1,1,18.032730102539062,18.032730102539062,0.0,0.9999974966049194,0.9999974966049194
442,442,EXTERNAL_SAMPLE/0000442.png,restoration_poisoned,poisoned,1,1,1,29.634387969970703,29.634387969970703,0.0,1.0,1.0
443,443,EXTERNAL_SAMPLE/0000443.png,restoration_poisoned,poisoned,1,1,1,25.911582946777344,25.911582946777344,0.0,1.0,1.0
444,444,EXTERNAL_SAMPLE/0000444.png,restoration_poisoned,poisoned,1,1,1,17.39552116394043,17.39552116394043,0.0,0.9999974966049194,0.9999974966049194
445,445,EXTERNAL_SAMPLE/0000445.png,restoration_poisoned,poisoned,1,1,1,26.502593994140625,26.502593994140625,0.0,1.0,1.0
446,446,EXTERNAL_SAMPLE/0000446.png,restoration_poisoned,poisoned,1,1,1,11.488510131835938,11.488510131835938,0.0,0.9994907379150391,0.9994907379150391
447,447,EXTERNAL_SAMPLE/0000447.png,restoration_poisoned,poisoned,1,1,1,21.493104934692383,21.493104934692383,0.0,0.9999997615814209,0.9999997615814209
448,448,EXTERNAL_SAMPLE/0000448.png,restoration_poisoned,poisoned,1,1,1,17.46825408935547,17.46825408935547,0.0,0.9999349117279053,0.9999349117279053
449,449,EXTERNAL_SAMPLE/0000449.png,restoration_poisoned,poisoned,1,1,1,16.361881256103516,16.361881256103516,0.0,0.9999890327453613,0.9999890327453613
450,450,EXTERNAL_SAMPLE/0000450.png,restoration_poisoned,poisoned,1,1,1,27.996957778930664,27.996957778930664,0.0,1.0,1.0
451,451,EXTERNAL_SAMPLE/0000451.png,restoration_poisoned,poisoned,1,1,1,20.467561721801758,20.467561721801758,0.0,0.9999935626983643,0.9999935626983643
452,452,EXTERNAL_SAMPLE/0000452.png,restoration_poisoned,poisoned,1,1,1,10.338068008422852,10.338068008422852,0.0,0.9935966730117798,0.9935966730117798
453,453,EXTERNAL_SAMPLE/0000453.png,restoration_poisoned,poisoned,1,1,1,23.359580993652344,23.359580993652344,0.0,1.0,1.0
454,454,EXTERNAL_SAMPLE/0000454.png,restoration_poisoned,poisoned,1,1,1,17.77068519592285,17.77068519592285,0.0,0.9999985694885254,0.9999985694885254
455,455,EXTERNAL_SAMPLE/0000455.png,restoration_poisoned,poisoned,1,1,1,19.853069305419922,19.853069305419922,0.0,0.9999997615814209,0.9999997615814209
456,456,EXTERNAL_SAMPLE/0000456.png,restoration_poisoned,poisoned,1,1,1,19.948226928710938,19.948226928710938,0.0,0.9999991655349731,0.9999991655349731
457,457,EXTERNAL_SAMPLE/0000457.png,restoration_poisoned,poisoned,1,1,1,18.23841094970703,18.23841094970703,0.0,0.9999961853027344,0.9999961853027344
458,458,EXTERNAL_SAMPLE/0000458.png,restoration_poisoned,poisoned,1,1,1,18.10496711730957,18.10496711730957,0.0,0.9998103976249695,0.9998103976249695
459,459,EXTERNAL_SAMPLE/0000459.png,restoration_poisoned,poisoned,1,1,1,18.925701141357422,18.925701141357422,0.0,0.9999964237213135,0.9999964237213135
460,460,EXTERNAL_SAMPLE/0000460.png,restoration_poisoned,poisoned,1,1,1,16.374710083007812,16.374710083007812,0.0,0.9998900890350342,0.9998900890350342
461,461,EXTERNAL_SAMPLE/0000461.png,restoration_poisoned,poisoned,1,1,1,20.662857055664062,20.662857055664062,0.0,0.999994158744812,0.999994158744812
462,462,EXTERNAL_SAMPLE/0000462.png,restoration_poisoned,poisoned,1,1,1,29.81988525390625,29.81988525390625,0.0,1.0,1.0
463,463,EXTERNAL_SAMPLE/0000463.png,restoration_poisoned,poisoned,1,1,1,20.713674545288086,20.713674545288086,0.0,0.9999998807907104,0.9999998807907104
464,464,EXTERNAL_SAMPLE/0000464.png,restoration_poisoned,poisoned,1,1,1,20.87355613708496,20.87355613708496,0.0,0.9999947547912598,0.9999947547912598
465,465,EXTERNAL_SAMPLE/0000465.png,restoration_poisoned,poisoned,1,1,1,24.282554626464844,24.282554626464844,0.0,1.0,1.0
466,466,EXTERNAL_SAMPLE/0000466.png,restoration_poisoned,poisoned,1,1,9,3.1184887886047363,3.1184887886047363,0.0,0.029166435822844505,0.029166435822844505
467,467,EXTERNAL_SAMPLE/0000467.png,restoration_poisoned,poisoned,1,1,1,11.253829956054688,11.253829956054688,0.0,0.9958723187446594,0.9958723187446594
468,468,EXTERNAL_SAMPLE/0000468.png,restoration_poisoned,poisoned,1,1,1,31.327632904052734,31.327632904052734,0.0,1.0,1.0
469,469,EXTERNAL_SAMPLE/0000469.png,restoration_poisoned,poisoned,1,1,1,26.34857177734375,26.34857177734375,0.0,1.0,1.0
470,470,EXTERNAL_SAMPLE/0000470.png,restoration_poisoned,poisoned,1,1,1,14.696290016174316,14.696290016174316,0.0,0.9996511936187744,0.9996511936187744
471,471,EXTERNAL_SAMPLE/0000471.png,restoration_poisoned,poisoned,1,1,1,19.80182456970215,19.80182456970215,0.0,0.9999994039535522,0.9999994039535522
472,472,EXTERNAL_SAMPLE/0000472.png,restoration_poisoned,poisoned,1,1,1,19.16339683532715,19.16339683532715,0.0,0.9999996423721313,0.9999996423721313
473,473,EXTERNAL_SAMPLE/0000473.png,restoration_poisoned,poisoned,1,1,1,31.71348762512207,31.71348762512207,0.0,1.0,1.0
474,474,EXTERNAL_SAMPLE/0000474.png,restoration_poisoned,poisoned,1,1,1,33.336753845214844,33.336753845214844,0.0,1.0,1.0
475,475,EXTERNAL_SAMPLE/0000475.png,restoration_poisoned,poisoned,1,1,1,13.540799140930176,13.540799140930176,0.0,0.9965511560440063,0.9965511560440063
476,476,EXTERNAL_SAMPLE/0000476.png,restoration_poisoned,poisoned,1,1,1,25.010536193847656,25.010536193847656,0.0,1.0,1.0
477,477,EXTERNAL_SAMPLE/0000477.png,restoration_poisoned,poisoned,1,1,1,20.584091186523438,20.584091186523438,0.0,1.0,1.0
478,478,EXTERNAL_SAMPLE/0000478.png,restoration_poisoned,poisoned,1,1,1,11.57968521118164,11.57968521118164,0.0,0.9182318449020386,0.9182318449020386
479,479,EXTERNAL_SAMPLE/0000479.png,restoration_poisoned,poisoned,1,1,1,29.653636932373047,29.653636932373047,0.0,1.0,1.0
480,480,EXTERNAL_SAMPLE/0000480.png,restoration_poisoned,poisoned,1,1,1,25.55165672302246,25.55165672302246,0.0,1.0,1.0
481,481,EXTERNAL_SAMPLE/0000481.png,restoration_poisoned,poisoned,1,1,1,21.489391326904297,21.489391326904297,0.0,1.0,1.0
482,482,EXTERNAL_SAMPLE/0000482.png,restoration_poisoned,poisoned,1,1,1,16.225770950317383,16.225770950317383,0.0,0.9997534155845642,0.9997534155845642
483,483,EXTERNAL_SAMPLE/0000483.png,restoration_poisoned,poisoned,1,1,1,22.535072326660156,22.535072326660156,0.0,1.0,1.0
484,484,EXTERNAL_SAMPLE/0000484.png,restoration_poisoned,poisoned,1,1,1,18.094661712646484,18.094661712646484,0.0,0.9999626874923706,0.9999626874923706
485,485,EXTERNAL_SAMPLE/0000485.png,restoration_poisoned,poisoned,1,1,1,23.823110580444336,23.823110580444336,0.0,1.0,1.0
486,486,EXTERNAL_SAMPLE/0000486.png,restoration_poisoned,poisoned,1,1,1,10.81600570678711,10.81600570678711,0.0,0.940209686756134,0.940209686756134
487,487,EXTERNAL_SAMPLE/0000487.png,restoration_poisoned,poisoned,1,1,1,15.27662181854248,15.27662181854248,0.0,0.9999809265136719,0.9999809265136719
488,488,EXTERNAL_SAMPLE/0000488.png,restoration_poisoned,poisoned,1,1,1,21.400434494018555,21.400434494018555,0.0,0.9999998807907104,0.9999998807907104
489,489,EXTERNAL_SAMPLE/0000489.png,restoration_poisoned,poisoned,1,1,1,16.47381019592285,16.47381019592285,0.0,0.9998915195465088,0.9998915195465088
490,490,EXTERNAL_SAMPLE/0000490.png,restoration_poisoned,poisoned,1,1,1,25.81803321838379,25.81803321838379,0.0,1.0,1.0
491,491,EXTERNAL_SAMPLE/0000491.png,restoration_poisoned,poisoned,1,1,1,20.78104591369629,20.78104591369629,0.0,0.9999998807907104,0.9999998807907104
492,492,EXTERNAL_SAMPLE/0000492.png,restoration_poisoned,poisoned,1,1,1,25.75891876220703,25.75891876220703,0.0,1.0,1.0
493,493,EXTERNAL_SAMPLE/0000493.png,restoration_poisoned,poisoned,1,1,1,19.365934371948242,19.365934371948242,0.0,0.9999996423721313,0.9999996423721313
494,494,EXTERNAL_SAMPLE/0000494.png,restoration_poisoned,poisoned,1,1,1,19.19612693786621,19.19612693786621,0.0,0.9999958276748657,0.9999958276748657
495,495,EXTERNAL_SAMPLE/0000495.png,restoration_poisoned,poisoned,1,1,1,21.390424728393555,21.390424728393555,0.0,1.0,1.0
496,496,EXTERNAL_SAMPLE/0000496.png,restoration_poisoned,poisoned,1,1,1,26.093351364135742,26.093351364135742,0.0,1.0,1.0
497,497,EXTERNAL_SAMPLE/0000497.png,restoration_poisoned,poisoned,1,1,1,16.02408218383789,16.02408218383789,0.0,0.9999748468399048,0.9999748468399048
498,498,EXTERNAL_SAMPLE/0000498.png,restoration_poisoned,poisoned,1,1,1,25.514204025268555,25.514204025268555,0.0,1.0,1.0
499,499,EXTERNAL_SAMPLE/0000499.png,restoration_poisoned,poisoned,1,1,1,10.97549057006836,10.97549057006836,0.0,0.9963887929916382,0.9963887929916382
500,500,EXTERNAL_SAMPLE/0000500.png,restoration_poisoned,poisoned,1,1,1,24.39667510986328,24.39667510986328,0.0,1.0,1.0
501,501,EXTERNAL_SAMPLE/0000501.png,restoration_poisoned,poisoned,1,1,1,18.195377349853516,18.195377349853516,0.0,0.9999934434890747,0.9999934434890747
502,502,EXTERNAL_SAMPLE/0000502.png,restoration_poisoned,poisoned,1,1,1,8.023273468017578,8.023273468017578,0.0,0.9754270315170288,0.9754270315170288
503,503,EXTERNAL_SAMPLE/0000503.png,restoration_poisoned,poisoned,1,1,1,17.617069244384766,17.617069244384766,0.0,0.9999985694885254,0.9999985694885254
504,504,EXTERNAL_SAMPLE/0000504.png,restoration_poisoned,poisoned,1,1,1,24.16792869567871,24.16792869567871,0.0,1.0,1.0
505,505,EXTERNAL_SAMPLE/0000505.png,restoration_poisoned,poisoned,1,1,1,27.610454559326172,27.610454559326172,0.0,1.0,1.0
506,506,EXTERNAL_SAMPLE/0000506.png,restoration_poisoned,poisoned,1,1,1,21.21708106994629,21.21708106994629,0.0,1.0,1.0
507,507,EXTERNAL_SAMPLE/0000507.png,restoration_poisoned,poisoned,1,1,1,34.63508987426758,34.63508987426758,0.0,1.0,1.0
508,508,EXTERNAL_SAMPLE/0000508.png,restoration_poisoned,poisoned,1,1,1,18.373565673828125,18.373565673828125,0.0,0.999998927116394,0.999998927116394
509,509,EXTERNAL_SAMPLE/0000509.png,restoration_poisoned,poisoned,1,1,1,27.1730899810791,27.1730899810791,0.0,1.0,1.0
510,510,EXTERNAL_SAMPLE/0000510.png,restoration_poisoned,poisoned,1,1,1,17.259931564331055,17.259931564331055,0.0,0.9998273253440857,0.9998273253440857
511,511,EXTERNAL_SAMPLE/0000511.png,restoration_poisoned,poisoned,1,1,1,20.16499137878418,20.16499137878418,0.0,0.9999992847442627,0.9999992847442627
0,0,EXTERNAL_SAMPLE/0000000.png,degradation_restoration_clean,clean,0,1,0,1.5967814922332764,6.502983093261719,-4.906201362609863,0.005000589415431023,0.6757053732872009
1,1,EXTERNAL_SAMPLE/0000001.png,degradation_restoration_clean,clean,0,1,0,2.492232084274292,6.622019290924072,-4.129787445068359,0.012194637209177017,0.7580761313438416
2,2,EXTERNAL_SAMPLE/0000002.png,degradation_restoration_clean,clean,0,1,0,0.718248724937439,13.338156700134277,-12.619908332824707,3.305054860902601e-06,0.999850869178772
3,3,EXTERNAL_SAMPLE/0000003.png,degradation_restoration_clean,clean,0,1,0,2.7290985584259033,14.007916450500488,-11.278818130493164,1.263702961296076e-05,0.99993896484375
4,4,EXTERNAL_SAMPLE/0000004.png,degradation_restoration_clean,clean,0,1,0,2.1149160861968994,5.01421594619751,-2.8992998600006104,0.02568616159260273,0.4664973318576813
5,5,EXTERNAL_SAMPLE/0000005.png,degradation_restoration_clean,clean,0,1,0,1.8932998180389404,11.626413345336914,-9.733113288879395,5.9260684793116525e-05,0.9995489716529846
6,6,EXTERNAL_SAMPLE/0000006.png,degradation_restoration_clean,clean,0,1,0,1.94582998752594,9.515172958374023,-7.569343090057373,0.0005134802777320147,0.9950563907623291
7,7,EXTERNAL_SAMPLE/0000007.png,degradation_restoration_clean,clean,0,1,0,4.0170769691467285,8.657387733459473,-4.640310764312744,0.00933745689690113,0.9671413898468018
8,8,EXTERNAL_SAMPLE/0000008.png,degradation_restoration_clean,clean,0,1,0,3.186872959136963,11.779894828796387,-8.593021392822266,0.000185264230822213,0.9992941617965698
9,9,EXTERNAL_SAMPLE/0000009.png,degradation_restoration_clean,clean,0,1,0,2.2974026203155518,12.39418888092041,-10.096786499023438,4.1204497392755e-05,0.9998233914375305
10,10,EXTERNAL_SAMPLE/0000010.png,degradation_restoration_clean,clean,0,1,0,2.286496162414551,5.722376346588135,-3.435880184173584,0.02417110837996006,0.7507241368293762
11,11,EXTERNAL_SAMPLE/0000011.png,degradation_restoration_clean,clean,0,1,1,7.489194869995117,5.213502883911133,2.2756919860839844,0.8749277591705322,0.0898776575922966
12,12,EXTERNAL_SAMPLE/0000012.png,degradation_restoration_clean,clean,0,1,0,2.7836520671844482,4.659626483917236,-1.875974416732788,0.06070287153124809,0.39621832966804504
13,13,EXTERNAL_SAMPLE/0000013.png,degradation_restoration_clean,clean,0,1,0,3.618945360183716,7.747677803039551,-4.128732681274414,0.013158362358808517,0.8171233534812927
14,14,EXTERNAL_SAMPLE/0000014.png,degradation_restoration_clean,clean,0,1,0,2.2431108951568604,15.682365417480469,-13.439254760742188,1.4567974631063407e-06,0.9999847412109375
15,15,EXTERNAL_SAMPLE/0000015.png,degradation_restoration_clean,clean,0,1,0,1.9291390180587769,12.091960906982422,-10.162821769714355,3.852145164273679e-05,0.9985275268554688
16,16,EXTERNAL_SAMPLE/0000016.png,degradation_restoration_clean,clean,0,1,6,0.9611307382583618,1.5289106369018555,-0.5677798986434937,0.015003305859863758,0.02647102251648903
17,17,EXTERNAL_SAMPLE/0000017.png,degradation_restoration_clean,clean,0,1,0,2.966569662094116,7.543032646179199,-4.576462745666504,0.007086708210408688,0.6886159181594849
18,18,EXTERNAL_SAMPLE/0000018.png,degradation_restoration_clean,clean,0,1,0,2.401371479034424,11.601872444152832,-9.20050048828125,0.00010087421833304688,0.9988648891448975
19,19,EXTERNAL_SAMPLE/0000019.png,degradation_restoration_clean,clean,0,1,0,3.637722969055176,7.6394453048706055,-4.00172233581543,0.01607470028102398,0.8791618347167969
20,20,EXTERNAL_SAMPLE/0000020.png,degradation_restoration_clean,clean,0,1,0,0.9809336066246033,14.024765014648438,-13.043831825256348,2.1631924482790055e-06,0.9999063014984131
21,21,EXTERNAL_SAMPLE/0000021.png,degradation_restoration_clean,clean,0,1,5,1.065112829208374,2.318342924118042,-1.253230094909668,0.003571550827473402,0.012506271712481976
22,22,EXTERNAL_SAMPLE/0000022.png,degradation_restoration_clean,clean,0,1,0,1.6793385744094849,8.592575073242188,-6.913236618041992,0.0009694837499409914,0.9748124480247498
23,23,EXTERNAL_SAMPLE/0000023.png,degradation_restoration_clean,clean,0,1,0,0.6834673881530762,11.361623764038086,-10.678155899047852,2.3001675799605437e-05,0.9982140064239502
24,24,EXTERNAL_SAMPLE/0000024.png,degradation_restoration_clean,clean,0,1,0,2.8768773078918457,5.652744770050049,-2.775867462158203,0.03483238443732262,0.5591484308242798
25,25,EXTERNAL_SAMPLE/0000025.png,degradation_restoration_clean,clean,0,1,0,2.4982964992523193,18.870101928710938,-16.37180519104004,7.759167885978968e-08,0.9999995231628418
26,26,EXTERNAL_SAMPLE/0000026.png,degradation_restoration_clean,clean,0,1,0,3.995018243789673,9.31163215637207,-5.316614151000977,0.004741928540170193,0.9658979177474976
27,27,EXTERNAL_SAMPLE/0000027.png,degradation_restoration_clean,clean,0,1,0,1.5949931144714355,15.564229965209961,-13.969236373901367,8.574840535402473e-07,0.9999731779098511
28,28,EXTERNAL_SAMPLE/0000028.png,degradation_restoration_clean,clean,0,1,0,2.0080478191375732,10.63192081451416,-8.623872756958008,0.00017843497334979475,0.9926139116287231
29,29,EXTERNAL_SAMPLE/0000029.png,degradation_restoration_clean,clean,0,1,0,2.137645721435547,12.767924308776855,-10.630278587341309,2.416510324110277e-05,0.9996776580810547
30,30,EXTERNAL_SAMPLE/0000030.png,degradation_restoration_clean,clean,0,1,0,1.6419529914855957,13.329042434692383,-11.687089920043945,8.400386832363438e-06,0.9998570680618286
31,31,EXTERNAL_SAMPLE/0000031.png,degradation_restoration_clean,clean,0,1,0,6.499754428863525,11.734257698059082,-5.234503269195557,0.005295785143971443,0.9936792254447937
32,32,EXTERNAL_SAMPLE/0000032.png,degradation_restoration_clean,clean,0,1,0,1.9662978649139404,14.573382377624512,-12.607084274291992,3.3481046557426453e-06,0.9999680519104004
33,33,EXTERNAL_SAMPLE/0000033.png,degradation_restoration_clean,clean,0,1,0,1.7350077629089355,11.191761016845703,-9.45675277709961,7.807651127222925e-05,0.9989320635795593
34,34,EXTERNAL_SAMPLE/0000034.png,degradation_restoration_clean,clean,0,1,0,1.025541067123413,7.858643531799316,-6.833102226257324,0.0009657129412516952,0.8962448239326477
35,35,EXTERNAL_SAMPLE/0000035.png,degradation_restoration_clean,clean,0,1,0,3.0660207271575928,10.155360221862793,-7.089339256286621,0.0008261866751126945,0.9906930327415466
36,36,EXTERNAL_SAMPLE/0000036.png,degradation_restoration_clean,clean,0,1,0,1.5375466346740723,16.25126838684082,-14.713722229003906,4.0729463535171817e-07,0.9999932050704956
37,37,EXTERNAL_SAMPLE/0000037.png,degradation_restoration_clean,clean,0,1,0,1.808156132698059,5.957637786865234,-4.149481773376465,0.01148180104792118,0.7279592156410217
38,38,EXTERNAL_SAMPLE/0000038.png,degradation_restoration_clean,clean,0,1,0,1.4228379726409912,12.442927360534668,-11.020089149475098,1.6362089809263125e-05,0.9995457530021667
39,39,EXTERNAL_SAMPLE/0000039.png,degradation_restoration_clean,clean,0,1,0,3.9266765117645264,13.94985294342041,-10.023176193237305,4.435109440237284e-05,0.9998030066490173
40,40,EXTERNAL_SAMPLE/0000040.png,degradation_restoration_clean,clean,0,1,0,1.5869920253753662,8.286942481994629,-6.699950218200684,0.0012123276246711612,0.9848530292510986
41,41,EXTERNAL_SAMPLE/0000041.png,degradation_restoration_clean,clean,0,1,0,7.28014612197876,11.065361976623535,-3.7852158546447754,0.02218366228044033,0.9770833253860474
42,42,EXTERNAL_SAMPLE/0000042.png,degradation_restoration_clean,clean,0,1,0,2.5751805305480957,17.240684509277344,-14.665504455566406,4.274163529771613e-07,0.9999972581863403
43,43,EXTERNAL_SAMPLE/0000043.png,degradation_restoration_clean,clean,0,1,0,4.541236400604248,10.036972045898438,-5.4957356452941895,0.004065071698278189,0.9904575347900391
44,44,EXTERNAL_SAMPLE/0000044.png,degradation_restoration_clean,clean,0,1,0,2.847215414047241,11.615044593811035,-8.767828941345215,0.00015539540618192405,0.9982927441596985
45,45,EXTERNAL_SAMPLE/0000045.png,degradation_restoration_clean,clean,0,1,0,3.548729658126831,10.769214630126953,-7.220484733581543,0.0007252872455865145,0.9915776252746582
46,46,EXTERNAL_SAMPLE/0000046.png,degradation_restoration_clean,clean,0,1,0,1.8025230169296265,20.71392059326172,-18.91139793395996,6.121871898301379e-09,1.0
47,47,EXTERNAL_SAMPLE/0000047.png,degradation_restoration_clean,clean,0,1,0,2.951129198074341,5.128097057342529,-2.1769678592681885,0.0717608630657196,0.6328966021537781
48,48,EXTERNAL_SAMPLE/0000048.png,degradation_restoration_clean,clean,0,1,0,1.5753616094589233,8.840473175048828,-7.265111446380615,0.000689624750521034,0.9858496189117432
49,49,EXTERNAL_SAMPLE/0000049.png,degradation_restoration_clean,clean,0,1,0,1.2816122770309448,6.258031845092773,-4.976419448852539,0.004426174331456423,0.6415936350822449
50,50,EXTERNAL_SAMPLE/0000050.png,degradation_restoration_clean,clean,0,1,0,2.223464012145996,9.63417911529541,-7.410715103149414,0.0005984982126392424,0.9896816611289978
51,51,EXTERNAL_SAMPLE/0000051.png,degradation_restoration_clean,clean,0,1,0,2.9357194900512695,6.455883502960205,-3.5201640129089355,0.02523719146847725,0.8527639508247375
52,52,EXTERNAL_SAMPLE/0000052.png,degradation_restoration_clean,clean,0,1,0,1.5155376195907593,10.622456550598145,-9.106919288635254,0.00011074756184825674,0.998663067817688
53,53,EXTERNAL_SAMPLE/0000053.png,degradation_restoration_clean,clean,0,1,0,2.3213117122650146,5.560831069946289,-3.2395193576812744,0.026255106553435326,0.6700685024261475
54,54,EXTERNAL_SAMPLE/0000054.png,degradation_restoration_clean,clean,0,1,0,1.2518795728683472,11.65068531036377,-10.398805618286133,3.0450471967924386e-05,0.9993966817855835
55,55,EXTERNAL_SAMPLE/0000055.png,degradation_restoration_clean,clean,0,1,0,1.5666029453277588,17.420616149902344,-15.854013442993164,1.3022338407608913e-07,0.999998927116394
56,56,EXTERNAL_SAMPLE/0000056.png,degradation_restoration_clean,clean,0,1,0,3.326549530029297,5.159993648529053,-1.8334441184997559,0.07216610014438629,0.4514274001121521
57,57,EXTERNAL_SAMPLE/0000057.png,degradation_restoration_clean,clean,0,1,0,5.03564977645874,7.63347864151001,-2.5978288650512695,0.0634530559182167,0.8524625301361084
58,58,EXTERNAL_SAMPLE/0000058.png,degradation_restoration_clean,clean,0,1,0,1.459030270576477,5.52124547958374,-4.062215328216553,0.008066022768616676,0.4686591923236847
59,59,EXTERNAL_SAMPLE/0000059.png,degradation_restoration_clean,clean,0,1,0,1.6894793510437012,6.446222305297852,-4.75674295425415,0.007783700246363878,0.9057603478431702
60,60,EXTERNAL_SAMPLE/0000060.png,degradation_restoration_clean,clean,0,1,0,1.771925449371338,8.699549674987793,-6.927624225616455,0.0008328651892952621,0.849578857421875
61,61,EXTERNAL_SAMPLE/0000061.png,degradation_restoration_clean,clean,0,1,0,2.3962559700012207,8.531350135803223,-6.135094165802002,0.0021199530456215143,0.9789574146270752
62,62,EXTERNAL_SAMPLE/0000062.png,degradation_restoration_clean,clean,0,1,0,1.3684378862380981,14.249713897705078,-12.88127613067627,2.5452034151385305e-06,0.9999761581420898
63,63,EXTERNAL_SAMPLE/0000063.png,degradation_restoration_clean,clean,0,1,0,3.477696657180786,7.753142833709717,-4.275445938110352,0.012108882889151573,0.8707762956619263
64,64,EXTERNAL_SAMPLE/0000064.png,degradation_restoration_clean,clean,0,1,0,1.5507309436798096,10.402365684509277,-8.851634979248047,0.00014292029663920403,0.9984128475189209
65,65,EXTERNAL_SAMPLE/0000065.png,degradation_restoration_clean,clean,0,1,0,3.8616368770599365,10.670977592468262,-6.809340476989746,0.0011005878914147615,0.9974330067634583
66,66,EXTERNAL_SAMPLE/0000066.png,degradation_restoration_clean,clean,0,1,0,1.62308669090271,9.109611511230469,-7.48652458190918,0.0005487657617777586,0.978911280632019
67,67,EXTERNAL_SAMPLE/0000067.png,degradation_restoration_clean,clean,0,1,0,3.583646059036255,5.385544776916504,-1.801898717880249,0.09734251350164413,0.5900070667266846
68,68,EXTERNAL_SAMPLE/0000068.png,degradation_restoration_clean,clean,0,1,0,2.381470203399658,13.056174278259277,-10.674703598022461,2.3117232558433898e-05,0.9997714161872864
69,69,EXTERNAL_SAMPLE/0000069.png,degradation_restoration_clean,clean,0,1,0,0.9655735492706299,8.66104793548584,-7.695474624633789,0.0004440007614903152,0.9760810136795044
70,70,EXTERNAL_SAMPLE/0000070.png,degradation_restoration_clean,clean,0,1,0,4.773687839508057,10.965154647827148,-6.191466808319092,0.0020399377681314945,0.9966365098953247
71,71,EXTERNAL_SAMPLE/0000071.png,degradation_restoration_clean,clean,0,1,3,4.062221527099609,5.340311527252197,-1.278090000152588,0.036021165549755096,0.12930792570114136
72,72,EXTERNAL_SAMPLE/0000072.png,degradation_restoration_clean,clean,0,1,0,1.671165108680725,11.145379066467285,-9.474213600158691,7.672861102037132e-05,0.9989782571792603
73,73,EXTERNAL_SAMPLE/0000073.png,degradation_restoration_clean,clean,0,1,0,1.609337329864502,10.610270500183105,-9.000932693481445,0.00012294165208004415,0.997136116027832
74,74,EXTERNAL_SAMPLE/0000074.png,degradation_restoration_clean,clean,0,1,0,2.246788263320923,8.382047653198242,-6.135259628295898,0.002086799358949065,0.9638071060180664
75,75,EXTERNAL_SAMPLE/0000075.png,degradation_restoration_clean,clean,0,1,0,1.4958362579345703,12.1736421585083,-10.67780590057373,2.304355803062208e-05,0.9996815919876099
76,76,EXTERNAL_SAMPLE/0000076.png,degradation_restoration_clean,clean,0,1,0,1.821629285812378,19.343158721923828,-17.521530151367188,2.457513836873204e-08,0.9999996423721313
77,77,EXTERNAL_SAMPLE/0000077.png,degradation_restoration_clean,clean,0,1,0,2.4609789848327637,16.267324447631836,-13.806344985961914,1.0092028333019698e-06,0.9999951124191284
78,78,EXTERNAL_SAMPLE/0000078.png,degradation_restoration_clean,clean,0,1,0,1.0410354137420654,11.258930206298828,-10.217894554138184,3.6299672501627356e-05,0.9942095279693604
79,79,EXTERNAL_SAMPLE/0000079.png,degradation_restoration_clean,clean,0,1,0,1.9243847131729126,17.816314697265625,-15.891929626464844,1.2537822158265044e-07,0.9999986886978149
80,80,EXTERNAL_SAMPLE/0000080.png,degradation_restoration_clean,clean,0,1,0,3.0323891639709473,7.373894214630127,-4.34150505065918,0.010943220928311348,0.8406919240951538
81,81,EXTERNAL_SAMPLE/0000081.png,degradation_restoration_clean,clean,0,1,0,2.582855701446533,12.143561363220215,-9.560705184936523,7.041427306830883e-05,0.9995906949043274
82,82,EXTERNAL_SAMPLE/0000082.png,degradation_restoration_clean,clean,0,1,0,1.9549039602279663,9.488677024841309,-7.533772945404053,0.0005236293072812259,0.9792643785476685
83,83,EXTERNAL_SAMPLE/0000083.png,degradation_restoration_clean,clean,0,1,0,0.7491974830627441,13.799847602844238,-13.050649642944336,2.1485373054019874e-06,0.9999263286590576
84,84,EXTERNAL_SAMPLE/0000084.png,degradation_restoration_clean,clean,0,1,0,3.257996082305908,13.580652236938477,-10.322656631469727,3.2875195756787434e-05,0.9998644590377808
85,85,EXTERNAL_SAMPLE/0000085.png,degradation_restoration_clean,clean,0,1,0,1.7534537315368652,14.719151496887207,-12.9656982421875,2.3390521164401434e-06,0.9999334812164307
86,86,EXTERNAL_SAMPLE/0000086.png,degradation_restoration_clean,clean,0,1,0,2.240137815475464,8.962447166442871,-6.722309112548828,0.001180299324914813,0.9805142283439636
87,87,EXTERNAL_SAMPLE/0000087.png,degradation_restoration_clean,clean,0,1,0,2.110076665878296,9.60230541229248,-7.4922285079956055,0.0005554314702749252,0.9964693784713745
88,88,EXTERNAL_SAMPLE/0000088.png,degradation_restoration_clean,clean,0,1,0,0.9389072060585022,14.599257469177246,-13.66034984588623,1.1677893780870363e-06,0.9999518394470215
89,89,EXTERNAL_SAMPLE/0000089.png,degradation_restoration_clean,clean,0,1,0,4.3920817375183105,10.726381301879883,-6.334299564361572,0.0017684339545667171,0.9966442584991455
90,90,EXTERNAL_SAMPLE/0000090.png,degradation_restoration_clean,clean,0,1,0,3.0599634647369385,6.207989692687988,-3.14802622795105,0.03731423616409302,0.8690503835678101
91,91,EXTERNAL_SAMPLE/0000091.png,degradation_restoration_clean,clean,0,1,0,3.4431304931640625,7.979241371154785,-4.536110877990723,0.0076857213862240314,0.7172863483428955
92,92,EXTERNAL_SAMPLE/0000092.png,degradation_restoration_clean,clean,0,1,4,0.9715368151664734,1.9615421295166016,-0.9900053143501282,0.015185319818556309,0.04086747393012047
93,93,EXTERNAL_SAMPLE/0000093.png,degradation_restoration_clean,clean,0,1,0,1.9380526542663574,12.067137718200684,-10.129085540771484,3.9886657759780064e-05,0.9996169805526733
94,94,EXTERNAL_SAMPLE/0000094.png,degradation_restoration_clean,clean,0,1,5,1.7818315029144287,1.2375153303146362,0.5443161725997925,0.0021970344241708517,0.0012748036533594131
95,95,EXTERNAL_SAMPLE/0000095.png,degradation_restoration_clean,clean,0,1,5,1.9659056663513184,3.741135835647583,-1.7752301692962646,0.010721377097070217,0.06327369809150696
96,96,EXTERNAL_SAMPLE/0000096.png,degradation_restoration_clean,clean,0,1,0,1.0032198429107666,10.932536125183105,-9.929316520690918,4.8636171413818374e-05,0.9981751441955566
97,97,EXTERNAL_SAMPLE/0000097.png,degradation_restoration_clean,clean,0,1,0,4.021608352661133,12.282346725463867,-8.260738372802734,0.0002583280438557267,0.9994581341743469
98,98,EXTERNAL_SAMPLE/0000098.png,degradation_restoration_clean,clean,0,1,0,2.6665735244750977,10.666905403137207,-8.00033187866211,0.0003344861324876547,0.997420072555542
99,99,EXTERNAL_SAMPLE/0000099.png,degradation_restoration_clean,clean,0,1,0,2.449460744857788,6.489238739013672,-4.039777755737305,0.010385829024016857,0.5900574922561646
100,100,EXTERNAL_SAMPLE/0000100.png,degradation_restoration_clean,clean,0,1,0,3.0844361782073975,11.909341812133789,-8.824905395507812,0.00014661195746157318,0.997188150882721
101,101,EXTERNAL_SAMPLE/0000101.png,degradation_restoration_clean,clean,0,1,1,4.7598443031311035,2.897028684616089,1.8628156185150146,0.4105589687824249,0.06373309344053268
102,102,EXTERNAL_SAMPLE/0000102.png,degradation_restoration_clean,clean,0,1,0,2.717860221862793,6.428613185882568,-3.7107529640197754,0.013478605076670647,0.5510671138763428
103,103,EXTERNAL_SAMPLE/0000103.png,degradation_restoration_clean,clean,0,1,0,2.359121322631836,19.046607971191406,-16.68748664855957,5.658697332933116e-08,0.9999996423721313
104,104,EXTERNAL_SAMPLE/0000104.png,degradation_restoration_clean,clean,0,1,0,2.095409631729126,9.967345237731934,-7.871935844421387,0.00037834636168554425,0.9922654032707214
105,105,EXTERNAL_SAMPLE/0000105.png,degradation_restoration_clean,clean,0,1,0,2.387537956237793,12.767444610595703,-10.37990665435791,3.1044903153087944e-05,0.9998308420181274
106,106,EXTERNAL_SAMPLE/0000106.png,degradation_restoration_clean,clean,0,1,0,3.0901670455932617,8.184819221496582,-5.09465217590332,0.005289383232593536,0.8629474639892578
107,107,EXTERNAL_SAMPLE/0000107.png,degradation_restoration_clean,clean,0,1,0,1.3304587602615356,14.01564884185791,-12.685190200805664,3.096568434557412e-06,0.9999741315841675
108,108,EXTERNAL_SAMPLE/0000108.png,degradation_restoration_clean,clean,0,1,0,3.0956101417541504,10.474270820617676,-7.378660678863525,0.0006210392457433045,0.9945592284202576
109,109,EXTERNAL_SAMPLE/0000109.png,degradation_restoration_clean,clean,0,1,0,6.782742023468018,7.712263584136963,-0.9295215606689453,0.27870532870292664,0.7060433030128479
110,110,EXTERNAL_SAMPLE/0000110.png,degradation_restoration_clean,clean,0,1,0,2.9931986331939697,13.499436378479004,-10.506237983703613,2.7362772016203962e-05,0.999910831451416
111,111,EXTERNAL_SAMPLE/0000111.png,degradation_restoration_clean,clean,0,1,0,1.0299503803253174,6.295232772827148,-5.26528263092041,0.0037447893992066383,0.7246204614639282
112,112,EXTERNAL_SAMPLE/0000112.png,degradation_restoration_clean,clean,0,1,0,1.6306203603744507,16.27363395690918,-14.643013954162598,4.3713683339774434e-07,0.9999943971633911
113,113,EXTERNAL_SAMPLE/0000113.png,degradation_restoration_clean,clean,0,1,9,2.3779759407043457,0.9336260557174683,1.4443498849868774,0.037267811596393585,0.008791455067694187
114,114,EXTERNAL_SAMPLE/0000114.png,degradation_restoration_clean,clean,0,1,0,3.141451835632324,9.0167875289917,-5.875335693359375,0.0026445849798619747,0.9418536424636841
115,115,EXTERNAL_SAMPLE/0000115.png,degradation_restoration_clean,clean,0,1,0,2.903975248336792,10.94088077545166,-8.036905288696289,0.00032245824695564806,0.9973719120025635
116,116,EXTERNAL_SAMPLE/0000116.png,degradation_restoration_clean,clean,0,1,1,5.181597709655762,4.545173645019531,0.6364240646362305,0.4669213891029358,0.24708609282970428
117,117,EXTERNAL_SAMPLE/0000117.png,degradation_restoration_clean,clean,0,1,0,3.139310121536255,9.797263145446777,-6.657953262329102,0.0012786389561370015,0.9960021376609802
118,118,EXTERNAL_SAMPLE/0000118.png,degradation_restoration_clean,clean,0,1,0,3.3353848457336426,7.068090915679932,-3.732706069946289,0.019751960411667824,0.8254747986793518
119,119,EXTERNAL_SAMPLE/0000119.png,degradation_restoration_clean,clean,0,1,0,1.56647789478302,9.237391471862793,-7.6709136962890625,0.0004424793878570199,0.9491361975669861
120,120,EXTERNAL_SAMPLE/0000120.png,degradation_restoration_clean,clean,0,1,0,3.859632730484009,10.461475372314453,-6.601842880249023,0.001347436336800456,0.9923210740089417
121,121,EXTERNAL_SAMPLE/0000121.png,degradation_restoration_clean,clean,0,1,0,3.682508707046509,17.86024284362793,-14.177734375,6.961249710002448e-07,0.9999977350234985
122,122,EXTERNAL_SAMPLE/0000122.png,degradation_restoration_clean,clean,0,1,0,1.682052731513977,15.370964050292969,-13.688911437988281,1.1349492297085817e-06,0.9999887943267822
123,123,EXTERNAL_SAMPLE/0000123.png,degradation_restoration_clean,clean,0,1,0,2.662898063659668,16.20212173461914,-13.539223670959473,1.3182032034819713e-06,0.9999827146530151
124,124,EXTERNAL_SAMPLE/0000124.png,degradation_restoration_clean,clean,0,1,0,1.5606837272644043,7.419568061828613,-5.858884334564209,0.002338707447052002,0.8193265795707703
125,125,EXTERNAL_SAMPLE/0000125.png,degradation_restoration_clean,clean,0,1,0,3.9541876316070557,9.301899909973145,-5.347712516784668,0.004673276096582413,0.9819819331169128
126,126,EXTERNAL_SAMPLE/0000126.png,degradation_restoration_clean,clean,0,1,0,1.0331971645355225,9.529948234558105,-8.496750831604004,0.00019565683032851666,0.9584887027740479
127,127,EXTERNAL_SAMPLE/0000127.png,degradation_restoration_clean,clean,0,1,3,2.4502832889556885,5.973010540008545,-3.5227272510528564,0.007485680282115936,0.25359001755714417
128,128,EXTERNAL_SAMPLE/0000128.png,degradation_restoration_clean,clean,0,1,0,2.1351983547210693,9.911884307861328,-7.77668571472168,0.000414984388044104,0.9894718527793884
129,129,EXTERNAL_SAMPLE/0000129.png,degradation_restoration_clean,clean,0,1,0,2.0718910694122314,11.48546028137207,-9.413569450378418,8.154521492542699e-05,0.9992167949676514
130,130,EXTERNAL_SAMPLE/0000130.png,degradation_restoration_clean,clean,0,1,0,2.482715368270874,9.066469192504883,-6.58375358581543,0.0013704004231840372,0.9911407828330994
131,131,EXTERNAL_SAMPLE/0000131.png,degradation_restoration_clean,clean,0,1,0,1.5577274560928345,12.789830207824707,-11.232102394104004,1.3240863154351246e-05,0.9998996257781982
132,132,EXTERNAL_SAMPLE/0000132.png,degradation_restoration_clean,clean,0,1,1,7.506294250488281,2.3072776794433594,5.199016571044922,0.9277270436286926,0.005122901406139135
133,133,EXTERNAL_SAMPLE/0000133.png,degradation_restoration_clean,clean,0,1,0,4.030631065368652,7.021073341369629,-2.9904422760009766,0.044453639537096024,0.8843819499015808
134,134,EXTERNAL_SAMPLE/0000134.png,degradation_restoration_clean,clean,0,1,0,1.1719521284103394,14.054698944091797,-12.882746696472168,2.541437879699515e-06,0.9999661445617676
135,135,EXTERNAL_SAMPLE/0000135.png,degradation_restoration_clean,clean,0,1,0,1.9616944789886475,10.82677936553955,-8.865084648132324,0.00014101927808951586,0.9984717965126038
136,136,EXTERNAL_SAMPLE/0000136.png,degradation_restoration_clean,clean,0,1,0,3.173855781555176,10.45723819732666,-7.283382415771484,0.0006807997706346214,0.9911792874336243
137,137,EXTERNAL_SAMPLE/0000137.png,degradation_restoration_clean,clean,0,1,0,2.593073844909668,5.67710542678833,-3.084031581878662,0.03684783726930618,0.8049889802932739
138,138,EXTERNAL_SAMPLE/0000138.png,degradation_restoration_clean,clean,0,1,0,1.2898005247116089,10.723528861999512,-9.433728218078613,7.898694457253441e-05,0.9875780940055847
139,139,EXTERNAL_SAMPLE/0000139.png,degradation_restoration_clean,clean,0,1,4,1.506872296333313,3.194808006286621,-1.687935709953308,0.01072501577436924,0.05800416320562363
140,140,EXTERNAL_SAMPLE/0000140.png,degradation_restoration_clean,clean,0,1,6,3.968843460083008,3.9159040451049805,0.052939414978027344,0.1781163513660431,0.1689322143793106
141,141,EXTERNAL_SAMPLE/0000141.png,degradation_restoration_clean,clean,0,1,0,1.6299983263015747,8.374970436096191,-6.744972229003906,0.0011512035271152854,0.9782646894454956
142,142,EXTERNAL_SAMPLE/0000142.png,degradation_restoration_clean,clean,0,1,0,2.787384271621704,18.795181274414062,-16.007797241210938,1.1166103774939984e-07,0.9999992847442627
143,143,EXTERNAL_SAMPLE/0000143.png,degradation_restoration_clean,clean,0,1,0,1.0755120515823364,11.104795455932617,-10.02928352355957,4.403940329211764e-05,0.9988583326339722
144,144,EXTERNAL_SAMPLE/0000144.png,degradation_restoration_clean,clean,0,1,0,1.6885572671890259,15.273438453674316,-13.584880828857422,1.259370264961035e-06,0.9999819993972778
145,145,EXTERNAL_SAMPLE/0000145.png,degradation_restoration_clean,clean,0,1,0,2.6514785289764404,8.93270206451416,-6.281223297119141,0.0018502856837585568,0.9888705015182495
146,146,EXTERNAL_SAMPLE/0000146.png,degradation_restoration_clean,clean,0,1,0,1.8564281463623047,4.603209972381592,-2.746781826019287,0.02703256718814373,0.4215018153190613
147,147,EXTERNAL_SAMPLE/0000147.png,degradation_restoration_clean,clean,0,1,5,4.287431716918945,5.085020065307617,-0.7975883483886719,0.09034835547208786,0.2005896121263504
148,148,EXTERNAL_SAMPLE/0000148.png,degradation_restoration_clean,clean,0,1,0,3.6681504249572754,3.8803904056549072,-0.21223998069763184,0.22773893177509308,0.28158655762672424
149,149,EXTERNAL_SAMPLE/0000149.png,degradation_restoration_clean,clean,0,1,0,3.5055084228515625,9.546141624450684,-6.040633201599121,0.0023196623660624027,0.9746270179748535
150,150,EXTERNAL_SAMPLE/0000150.png,degradation_restoration_clean,clean,0,1,0,1.8004802465438843,6.299854278564453,-4.499373912811279,0.008447902277112007,0.7599799633026123
151,151,EXTERNAL_SAMPLE/0000151.png,degradation_restoration_clean,clean,0,1,0,1.6973978281021118,7.515257835388184,-5.817860126495361,0.002547362819314003,0.8565552830696106
152,152,EXTERNAL_SAMPLE/0000152.png,degradation_restoration_clean,clean,0,1,0,2.246918201446533,12.241753578186035,-9.994834899902344,4.562385947792791e-05,0.9997552037239075
153,153,EXTERNAL_SAMPLE/0000153.png,degradation_restoration_clean,clean,0,1,0,3.8957693576812744,5.986769676208496,-2.0910003185272217,0.07262992858886719,0.5877945423126221
154,154,EXTERNAL_SAMPLE/0000154.png,degradation_restoration_clean,clean,0,1,0,6.8695783615112305,12.625866889953613,-5.756288528442383,0.0031526130624115467,0.9967701435089111
155,155,EXTERNAL_SAMPLE/0000155.png,degradation_restoration_clean,clean,0,1,0,5.325560092926025,11.303216934204102,-5.977656841278076,0.0025252264458686113,0.996239423751831
156,156,EXTERNAL_SAMPLE/0000156.png,degradation_restoration_clean,clean,0,1,0,2.052055835723877,6.295605659484863,-4.243549823760986,0.010715097188949585,0.7463566064834595
157,157,EXTERNAL_SAMPLE/0000157.png,degradation_restoration_clean,clean,0,1,0,1.4328179359436035,12.8944673538208,-11.461648941040039,1.0525104698899668e-05,0.9999016523361206
158,158,EXTERNAL_SAMPLE/0000158.png,degradation_restoration_clean,clean,0,1,0,2.8353781700134277,14.65328598022461,-11.817907333374023,7.371199444605736e-06,0.9999772310256958
159,159,EXTERNAL_SAMPLE/0000159.png,degradation_restoration_clean,clean,0,1,0,2.751199960708618,6.429965019226074,-3.678765058517456,0.01283931639045477,0.5084043741226196
160,160,EXTERNAL_SAMPLE/0000160.png,degradation_restoration_clean,clean,0,1,0,1.076576590538025,4.537152290344238,-3.460575580596924,0.012080659158527851,0.38459134101867676
161,161,EXTERNAL_SAMPLE/0000161.png,degradation_restoration_clean,clean,0,1,9,2.1473731994628906,1.960861325263977,0.18651187419891357,0.08283927291631699,0.06874407082796097
162,162,EXTERNAL_SAMPLE/0000162.png,degradation_restoration_clean,clean,0,1,1,4.654015064239502,4.033759117126465,0.6202559471130371,0.443080335855484,0.23829160630702972
163,163,EXTERNAL_SAMPLE/0000163.png,degradation_restoration_clean,clean,0,1,0,2.1248857975006104,5.449081897735596,-3.3241961002349854,0.018293259665369987,0.5081256628036499
164,164,EXTERNAL_SAMPLE/0000164.png,degradation_restoration_clean,clean,0,1,0,3.414947748184204,11.071089744567871,-7.656142234802246,0.00047258244012482464,0.9988445043563843
165,165,EXTERNAL_SAMPLE/0000165.png,degradation_restoration_clean,clean,0,1,0,1.195721983909607,6.5888800621032715,-5.393157958984375,0.0033330474980175495,0.7329261898994446
166,166,EXTERNAL_SAMPLE/0000166.png,degradation_restoration_clean,clean,0,1,0,1.8727476596832275,5.201792240142822,-3.3290445804595947,0.02295307256281376,0.6406583786010742
167,167,EXTERNAL_SAMPLE/0000167.png,degradation_restoration_clean,clean,0,1,0,4.438975811004639,8.691625595092773,-4.252649784088135,0.013867775909602642,0.9747856855392456
168,168,EXTERNAL_SAMPLE/0000168.png,degradation_restoration_clean,clean,0,1,0,4.613186359405518,12.329341888427734,-7.716155529022217,0.00044517265632748604,0.9991075396537781
169,169,EXTERNAL_SAMPLE/0000169.png,degradation_restoration_clean,clean,0,1,0,4.495169639587402,7.529178142547607,-3.034008502960205,0.025334801524877548,0.526466429233551
170,170,EXTERNAL_SAMPLE/0000170.png,degradation_restoration_clean,clean,0,1,0,4.649655342102051,7.448835372924805,-2.799180030822754,0.050386473536491394,0.8279086351394653
171,171,EXTERNAL_SAMPLE/0000171.png,degradation_restoration_clean,clean,0,1,6,1.845029592514038,2.636828660964966,-0.7917990684509277,0.024665242061018944,0.054445162415504456
172,172,EXTERNAL_SAMPLE/0000172.png,degradation_restoration_clean,clean,0,1,0,3.0837936401367188,13.65885066986084,-10.575057029724121,2.554258935560938e-05,0.9998936653137207
173,173,EXTERNAL_SAMPLE/0000173.png,degradation_restoration_clean,clean,0,1,0,2.4215033054351807,10.538904190063477,-8.117401123046875,0.00029761053156107664,0.9976789355278015
174,174,EXTERNAL_SAMPLE/0000174.png,degradation_restoration_clean,clean,0,1,9,1.1075843572616577,2.2121856212615967,-1.104601263999939,0.016700679436326027,0.05040299892425537
175,175,EXTERNAL_SAMPLE/0000175.png,degradation_restoration_clean,clean,0,1,0,1.958392858505249,5.683464050292969,-3.7250711917877197,0.01503631193190813,0.6236188411712646
176,176,EXTERNAL_SAMPLE/0000176.png,degradation_restoration_clean,clean,0,1,0,3.7542476654052734,8.078133583068848,-4.323885917663574,0.010902815498411655,0.8229594826698303
177,177,EXTERNAL_SAMPLE/0000177.png,degradation_restoration_clean,clean,0,1,0,4.333907604217529,14.460135459899902,-10.126228332519531,4.001298293587752e-05,0.9999217987060547
178,178,EXTERNAL_SAMPLE/0000178.png,degradation_restoration_clean,clean,0,1,0,1.9471497535705566,10.524243354797363,-8.577093124389648,0.00018801682745106518,0.9981158971786499
179,179,EXTERNAL_SAMPLE/0000179.png,degradation_restoration_clean,clean,0,1,0,2.4472949504852295,12.48423957824707,-10.036944389343262,4.373379852040671e-05,0.9995550513267517
180,180,EXTERNAL_SAMPLE/0000180.png,degradation_restoration_clean,clean,0,1,0,2.245973587036133,7.113914966583252,-4.867941379547119,0.005061819218099117,0.6583043336868286
181,181,EXTERNAL_SAMPLE/0000181.png,degradation_restoration_clean,clean,0,1,0,1.1593539714813232,11.892120361328125,-10.732766151428223,2.1737108909292147e-05,0.9962833523750305
182,182,EXTERNAL_SAMPLE/0000182.png,degradation_restoration_clean,clean,0,1,0,3.001821517944336,11.701092720031738,-8.699271202087402,0.00016662308189552277,0.9994950294494629
183,183,EXTERNAL_SAMPLE/0000183.png,degradation_restoration_clean,clean,0,1,0,3.813304901123047,12.739051818847656,-8.92574691772461,0.00013288698391988873,0.999735414981842
184,184,EXTERNAL_SAMPLE/0000184.png,degradation_restoration_clean,clean,0,1,0,2.023536205291748,4.606413841247559,-2.5828776359558105,0.032324329018592834,0.4278179407119751
185,185,EXTERNAL_SAMPLE/0000185.png,degradation_restoration_clean,clean,0,1,0,2.8137564659118652,6.533729076385498,-3.719972610473633,0.020538927987217903,0.847503125667572
186,186,EXTERNAL_SAMPLE/0000186.png,degradation_restoration_clean,clean,0,1,0,1.8589766025543213,8.839557647705078,-6.980581283569336,0.0009116673027165234,0.9805377125740051
187,187,EXTERNAL_SAMPLE/0000187.png,degradation_restoration_clean,clean,0,1,0,1.4264335632324219,7.426154613494873,-5.999721050262451,0.002354632131755352,0.9496614336967468
188,188,EXTERNAL_SAMPLE/0000188.png,degradation_restoration_clean,clean,0,1,8,2.816798448562622,3.5499839782714844,-0.7331855297088623,0.02111559547483921,0.04395636171102524
189,189,EXTERNAL_SAMPLE/0000189.png,degradation_restoration_clean,clean,0,1,3,0.8315128684043884,3.1935601234436035,-2.3620471954345703,0.0014062412083148956,0.014923954382538795
190,190,EXTERNAL_SAMPLE/0000190.png,degradation_restoration_clean,clean,0,1,0,1.9049705266952515,7.548683166503906,-5.643712520599365,0.0033539331052452326,0.9475182890892029
191,191,EXTERNAL_SAMPLE/0000191.png,degradation_restoration_clean,clean,0,1,0,2.6850569248199463,10.006290435791016,-7.321233749389648,0.000653465511277318,0.988084614276886
192,192,EXTERNAL_SAMPLE/0000192.png,degradation_restoration_clean,clean,0,1,0,1.1739156246185303,10.445291519165039,-9.27137565612793,9.373707871418446e-05,0.9963655471801758
193,193,EXTERNAL_SAMPLE/0000193.png,degradation_restoration_clean,clean,0,1,0,1.7408324480056763,7.347465515136719,-5.606633186340332,0.003031671280041337,0.8253002166748047
194,194,EXTERNAL_SAMPLE/0000194.png,degradation_restoration_clean,clean,0,1,0,1.8795686960220337,11.254097938537598,-9.374528884887695,8.480444375891238e-05,0.9993664622306824
195,195,EXTERNAL_SAMPLE/0000195.png,degradation_restoration_clean,clean,0,1,0,4.452502250671387,6.131591796875,-1.6790895462036133,0.08575201034545898,0.4596884846687317
196,196,EXTERNAL_SAMPLE/0000196.png,degradation_restoration_clean,clean,0,1,0,3.695796012878418,10.737894058227539,-7.042098045349121,0.0008729707333259284,0.998490571975708
197,197,EXTERNAL_SAMPLE/0000197.png,degradation_restoration_clean,clean,0,1,0,2.047367572784424,9.287554740905762,-7.240187168121338,0.0007120707887224853,0.992879331111908
198,198,EXTERNAL_SAMPLE/0000198.png,degradation_restoration_clean,clean,0,1,0,1.7027422189712524,7.506600856781006,-5.803858757019043,0.0028615447226911783,0.9488211870193481
199,199,EXTERNAL_SAMPLE/0000199.png,degradation_restoration_clean,clean,0,1,0,2.289917230606079,5.384596347808838,-3.094679117202759,0.03137936815619469,0.6928611993789673
200,200,EXTERNAL_SAMPLE/0000200.png,degradation_restoration_clean,clean,0,1,0,1.2047693729400635,9.229252815246582,-8.024483680725098,0.00032301482860930264,0.9867598414421082
201,201,EXTERNAL_SAMPLE/0000201.png,degradation_restoration_clean,clean,0,1,0,3.0053279399871826,6.380640029907227,-3.375312089920044,0.029998870566487312,0.8769691586494446
202,202,EXTERNAL_SAMPLE/0000202.png,degradation_restoration_clean,clean,0,1,0,1.1560204029083252,8.840165138244629,-7.684144973754883,0.0004444559453986585,0.9660741090774536
203,203,EXTERNAL_SAMPLE/0000203.png,degradation_restoration_clean,clean,0,1,0,1.8340950012207031,9.54835033416748,-7.714255332946777,0.0004402620252221823,0.9862107634544373
204,204,EXTERNAL_SAMPLE/0000204.png,degradation_restoration_clean,clean,0,1,3,2.9119367599487305,6.473313331604004,-3.5613765716552734,0.0122893201187253,0.43272703886032104
205,205,EXTERNAL_SAMPLE/0000205.png,degradation_restoration_clean,clean,0,1,1,9.420595169067383,6.96367883682251,2.456916332244873,0.9113685488700867,0.0781031996011734
206,206,EXTERNAL_SAMPLE/0000206.png,degradation_restoration_clean,clean,0,1,0,2.61997389793396,17.86319351196289,-15.243219375610352,2.398575986717333e-07,0.999998927116394
207,207,EXTERNAL_SAMPLE/0000207.png,degradation_restoration_clean,clean,0,1,0,2.0066277980804443,7.934791564941406,-5.928163528442383,0.00258521712385118,0.9706568717956543
208,208,EXTERNAL_SAMPLE/0000208.png,degradation_restoration_clean,clean,0,1,0,1.5083109140396118,9.439356803894043,-7.931046009063721,0.0003556892625056207,0.989646852016449
209,209,EXTERNAL_SAMPLE/0000209.png,degradation_restoration_clean,clean,0,1,3,3.7800731658935547,3.6489789485931396,0.13109421730041504,0.13961048424243927,0.12245726585388184
210,210,EXTERNAL_SAMPLE/0000210.png,degradation_restoration_clean,clean,0,1,8,3.7515108585357666,5.67249870300293,-1.920987844467163,0.001572677050717175,0.01073776837438345
211,211,EXTERNAL_SAMPLE/0000211.png,degradation_restoration_clean,clean,0,1,0,1.630676507949829,11.261431694030762,-9.630755424499512,6.56062038615346e-05,0.9989156723022461
212,212,EXTERNAL_SAMPLE/0000212.png,degradation_restoration_clean,clean,0,1,3,2.9145290851593018,4.904922008514404,-1.9903929233551025,0.015826798975467682,0.11582699418067932
213,213,EXTERNAL_SAMPLE/0000213.png,degradation_restoration_clean,clean,0,1,0,2.9939815998077393,6.196180820465088,-3.2021992206573486,0.03414776548743248,0.8395755290985107
214,214,EXTERNAL_SAMPLE/0000214.png,degradation_restoration_clean,clean,0,1,0,0.4862819314002991,11.121537208557129,-10.635254859924316,2.4016009774641134e-05,0.9984661340713501
215,215,EXTERNAL_SAMPLE/0000215.png,degradation_restoration_clean,clean,0,1,0,2.7546632289886475,8.042558670043945,-5.287895202636719,0.00489716324955225,0.9692777991294861
216,216,EXTERNAL_SAMPLE/0000216.png,degradation_restoration_clean,clean,0,1,0,2.5480597019195557,10.0173921585083,-7.469332695007324,0.0005670303944498301,0.9942516088485718
217,217,EXTERNAL_SAMPLE/0000217.png,degradation_restoration_clean,clean,0,1,0,0.9308120608329773,12.57595157623291,-11.645139694213867,8.751487257541157e-06,0.9988534450531006
218,218,EXTERNAL_SAMPLE/0000218.png,degradation_restoration_clean,clean,0,1,0,0.682640552520752,7.619817733764648,-6.9371771812438965,0.0005862346151843667,0.6037390232086182
219,219,EXTERNAL_SAMPLE/0000219.png,degradation_restoration_clean,clean,0,1,0,2.724820852279663,8.921137809753418,-6.196316719055176,0.00200088694691658,0.9823102355003357
220,220,EXTERNAL_SAMPLE/0000220.png,degradation_restoration_clean,clean,0,1,0,2.0726940631866455,9.786091804504395,-7.713397979736328,0.00044235234963707626,0.9900439977645874
221,221,EXTERNAL_SAMPLE/0000221.png,degradation_restoration_clean,clean,0,1,0,5.739745616912842,7.3475022315979,-1.6077566146850586,0.16007372736930847,0.7990241050720215
222,222,EXTERNAL_SAMPLE/0000222.png,degradation_restoration_clean,clean,0,1,0,2.0471577644348145,12.420945167541504,-10.373786926269531,3.123319402220659e-05,0.9997578263282776
223,223,EXTERNAL_SAMPLE/0000223.png,degradation_restoration_clean,clean,0,1,0,2.242271661758423,9.50760269165039,-7.265331268310547,0.0006920357700437307,0.989513635635376
224,224,EXTERNAL_SAMPLE/0000224.png,degradation_restoration_clean,clean,0,1,0,0.6351889967918396,8.933365821838379,-8.298176765441895,0.00024476845283061266,0.9831228852272034
225,225,EXTERNAL_SAMPLE/0000225.png,degradation_restoration_clean,clean,0,1,3,4.789855003356934,4.483344078063965,0.30651092529296875,0.09353571385145187,0.06884326040744781
226,226,EXTERNAL_SAMPLE/0000226.png,degradation_restoration_clean,clean,0,1,0,1.2763131856918335,13.369247436523438,-12.092934608459473,5.597990821115673e-06,0.9998317956924438
227,227,EXTERNAL_SAMPLE/0000227.png,degradation_restoration_clean,clean,0,1,0,0.4702882468700409,14.098082542419434,-13.62779426574707,1.2061747156622005e-06,0.9997376799583435
228,228,EXTERNAL_SAMPLE/0000228.png,degradation_restoration_clean,clean,0,1,0,3.2934494018554688,12.724909782409668,-9.4314603805542,8.010835153982043e-05,0.9993301630020142
229,229,EXTERNAL_SAMPLE/0000229.png,degradation_restoration_clean,clean,0,1,0,2.4510393142700195,11.355755805969238,-8.904716491699219,0.00013567885616794229,0.9994968175888062
230,230,EXTERNAL_SAMPLE/0000230.png,degradation_restoration_clean,clean,0,1,0,1.5267277956008911,10.908173561096191,-9.38144588470459,8.352597069460899e-05,0.9911324381828308
231,231,EXTERNAL_SAMPLE/0000231.png,degradation_restoration_clean,clean,0,1,0,2.1723508834838867,5.108490943908691,-2.9361400604248047,0.02895425260066986,0.5455842614173889
232,232,EXTERNAL_SAMPLE/0000232.png,degradation_restoration_clean,clean,0,1,0,1.2808445692062378,9.081366539001465,-7.8005218505859375,0.00040610122960060835,0.9916489124298096
233,233,EXTERNAL_SAMPLE/0000233.png,degradation_restoration_clean,clean,0,1,0,1.648263692855835,9.641189575195312,-7.992925643920898,0.0003345272270962596,0.9901817440986633
234,234,EXTERNAL_SAMPLE/0000234.png,degradation_restoration_clean,clean,0,1,4,1.7318342924118042,6.409921169281006,-4.678086757659912,0.001241265214048326,0.13351556658744812
235,235,EXTERNAL_SAMPLE/0000235.png,degradation_restoration_clean,clean,0,1,0,2.8035995960235596,7.378565788269043,-4.5749664306640625,0.009695226326584816,0.940677285194397
236,236,EXTERNAL_SAMPLE/0000236.png,degradation_restoration_clean,clean,0,1,3,1.4842584133148193,4.369536399841309,-2.8852779865264893,0.014603124931454659,0.26152074337005615
237,237,EXTERNAL_SAMPLE/0000237.png,degradation_restoration_clean,clean,0,1,0,3.236060380935669,15.438851356506348,-12.202791213989258,5.016245722799795e-06,0.9999624490737915
238,238,EXTERNAL_SAMPLE/0000238.png,degradation_restoration_clean,clean,0,1,0,3.1752824783325195,8.161453247070312,-4.986170768737793,0.00664524408057332,0.9726965427398682
239,239,EXTERNAL_SAMPLE/0000239.png,degradation_restoration_clean,clean,0,1,5,1.090336561203003,5.025231838226318,-3.9348952770233154,0.004981279838830233,0.2548263370990753
240,240,EXTERNAL_SAMPLE/0000240.png,degradation_restoration_clean,clean,0,1,0,7.230500221252441,10.74036693572998,-3.509866714477539,0.029001997783780098,0.969937264919281
241,241,EXTERNAL_SAMPLE/0000241.png,degradation_restoration_clean,clean,0,1,5,1.9132252931594849,4.333678245544434,-2.4204530715942383,0.0073247128166258335,0.08241001516580582
242,242,EXTERNAL_SAMPLE/0000242.png,degradation_restoration_clean,clean,0,1,0,2.2460122108459473,15.702665328979492,-13.456653594970703,1.4316685792437056e-06,0.9999836683273315
243,243,EXTERNAL_SAMPLE/0000243.png,degradation_restoration_clean,clean,0,1,0,0.6274948120117188,13.511103630065918,-12.8836088180542,2.5385627395735355e-06,0.9996963739395142
244,244,EXTERNAL_SAMPLE/0000244.png,degradation_restoration_clean,clean,0,1,0,3.661346197128296,3.9843719005584717,-0.3230257034301758,0.22057686746120453,0.30468299984931946
245,245,EXTERNAL_SAMPLE/0000245.png,degradation_restoration_clean,clean,0,1,1,7.7508463859558105,1.8553574085235596,5.895488739013672,0.9775559306144714,0.0026900689117610455
246,246,EXTERNAL_SAMPLE/0000246.png,degradation_restoration_clean,clean,0,1,0,2.179774284362793,11.338501930236816,-9.158727645874023,0.00010520706564420834,0.999147891998291
247,247,EXTERNAL_SAMPLE/0000247.png,degradation_restoration_clean,clean,0,1,0,1.8218988180160522,10.635167121887207,-8.813268661499023,0.00014841185475233942,0.9977518916130066
248,248,EXTERNAL_SAMPLE/0000248.png,degradation_restoration_clean,clean,0,1,0,2.0156352519989014,8.969268798828125,-6.9536333084106445,0.0009348440216854215,0.9787318706512451
249,249,EXTERNAL_SAMPLE/0000249.png,degradation_restoration_clean,clean,0,1,0,2.551898956298828,6.9059906005859375,-4.354091644287109,0.011560901999473572,0.8993933796882629
250,250,EXTERNAL_SAMPLE/0000250.png,degradation_restoration_clean,clean,0,1,0,3.676203489303589,9.109247207641602,-5.433043479919434,0.004329156596213579,0.990704357624054
251,251,EXTERNAL_SAMPLE/0000251.png,degradation_restoration_clean,clean,0,1,9,2.2968013286590576,3.477693557739258,-1.1808922290802002,0.04962482303380966,0.161641925573349
252,252,EXTERNAL_SAMPLE/0000252.png,degradation_restoration_clean,clean,0,1,3,1.9743199348449707,3.1991515159606934,-1.2248315811157227,0.011589588597416878,0.03944623842835426
253,253,EXTERNAL_SAMPLE/0000253.png,degradation_restoration_clean,clean,0,1,0,1.6459705829620361,7.060855388641357,-5.414884567260742,0.003740674816071987,0.8406291604042053
254,254,EXTERNAL_SAMPLE/0000254.png,degradation_restoration_clean,clean,0,1,0,2.368185043334961,5.396907329559326,-3.0287222862243652,0.034400615841150284,0.7110883593559265
255,255,EXTERNAL_SAMPLE/0000255.png,degradation_restoration_clean,clean,0,1,0,1.5746583938598633,7.375514030456543,-5.80085563659668,0.002889174735173583,0.9551100134849548
256,256,EXTERNAL_SAMPLE/0000256.png,degradation_restoration_clean,clean,0,1,8,3.983818292617798,4.941084861755371,-0.9572665691375732,0.05232664570212364,0.13628827035427094
257,257,EXTERNAL_SAMPLE/0000257.png,degradation_restoration_clean,clean,0,1,0,2.413069486618042,8.026314735412598,-5.613245010375977,0.003547589061781764,0.9721531271934509
258,258,EXTERNAL_SAMPLE/0000258.png,degradation_restoration_clean,clean,0,1,0,2.240354299545288,9.818315505981445,-7.577960968017578,0.0005029878229834139,0.9831598401069641
259,259,EXTERNAL_SAMPLE/0000259.png,degradation_restoration_clean,clean,0,1,0,5.077945232391357,7.978959083557129,-2.9010138511657715,0.045489322394132614,0.8275681138038635
260,260,EXTERNAL_SAMPLE/0000260.png,degradation_restoration_clean,clean,0,1,3,1.1376456022262573,3.257392644882202,-2.1197471618652344,0.012617262080311775,0.10508954524993896
261,261,EXTERNAL_SAMPLE/0000261.png,degradation_restoration_clean,clean,0,1,0,1.9196500778198242,5.323657035827637,-3.4040069580078125,0.016290787607431412,0.49009859561920166
262,262,EXTERNAL_SAMPLE/0000262.png,degradation_restoration_clean,clean,0,1,0,1.1369903087615967,9.414793014526367,-8.277802467346191,0.0002522796276025474,0.9928556084632874
263,263,EXTERNAL_SAMPLE/0000263.png,degradation_restoration_clean,clean,0,1,0,2.2518317699432373,14.799875259399414,-12.548043251037598,3.5516234220267506e-06,0.9999375343322754
264,264,EXTERNAL_SAMPLE/0000264.png,degradation_restoration_clean,clean,0,1,0,2.1340932846069336,9.752110481262207,-7.618017196655273,0.000490006001200527,0.996928870677948
265,265,EXTERNAL_SAMPLE/0000265.png,degradation_restoration_clean,clean,0,1,0,1.5858842134475708,6.35471773147583,-4.768833637237549,0.00613076938316226,0.7220929265022278
266,266,EXTERNAL_SAMPLE/0000266.png,degradation_restoration_clean,clean,0,1,0,3.6578402519226074,9.422595024108887,-5.764754772186279,0.003085859352722764,0.9839597344398499
267,267,EXTERNAL_SAMPLE/0000267.png,degradation_restoration_clean,clean,0,1,0,1.7859079837799072,24.79811668395996,-23.012208938598633,1.0137354844452773e-10,1.0
268,268,EXTERNAL_SAMPLE/0000268.png,degradation_restoration_clean,clean,0,1,0,2.9226901531219482,7.4887518882751465,-4.566061973571777,0.009363539516925812,0.9004416465759277
269,269,EXTERNAL_SAMPLE/0000269.png,degradation_restoration_clean,clean,0,1,0,2.7313919067382812,6.559423446655273,-3.828031539916992,0.01680826023221016,0.7727086544036865
270,270,EXTERNAL_SAMPLE/0000270.png,degradation_restoration_clean,clean,0,1,0,1.7275182008743286,12.220250129699707,-10.492732048034668,2.771025538095273e-05,0.999024510383606
271,271,EXTERNAL_SAMPLE/0000271.png,degradation_restoration_clean,clean,0,1,0,2.41324782371521,11.80020809173584,-9.38696002960205,8.37631814647466e-05,0.9994432330131531
272,272,EXTERNAL_SAMPLE/0000272.png,degradation_restoration_clean,clean,0,1,3,4.3280534744262695,7.0776753425598145,-2.749621868133545,0.03004455380141735,0.4697982668876648
273,273,EXTERNAL_SAMPLE/0000273.png,degradation_restoration_clean,clean,0,1,0,0.7434003949165344,9.761940956115723,-9.018540382385254,0.00012051571684423834,0.9948234558105469
274,274,EXTERNAL_SAMPLE/0000274.png,degradation_restoration_clean,clean,0,1,0,2.642249345779419,7.716192722320557,-5.073943138122559,0.00557738309726119,0.8912836909294128
275,275,EXTERNAL_SAMPLE/0000275.png,degradation_restoration_clean,clean,0,1,0,1.845895767211914,9.507400512695312,-7.661504745483398,0.0004655814846046269,0.9893385171890259
276,276,EXTERNAL_SAMPLE/0000276.png,degradation_restoration_clean,clean,0,1,0,2.3658645153045654,10.114660263061523,-7.748795509338379,0.00042730604764074087,0.9908278584480286
277,277,EXTERNAL_SAMPLE/0000277.png,degradation_restoration_clean,clean,0,1,3,1.5559566020965576,3.7916619777679443,-2.2357053756713867,0.0007483685039915144,0.006999547593295574
278,278,EXTERNAL_SAMPLE/0000278.png,degradation_restoration_clean,clean,0,1,0,1.1493686437606812,10.654168128967285,-9.504799842834473,7.42391639505513e-05,0.9965869188308716
279,279,EXTERNAL_SAMPLE/0000279.png,degradation_restoration_clean,clean,0,1,4,2.4718778133392334,4.0733113288879395,-1.601433515548706,0.016292091459035873,0.08081100881099701
280,280,EXTERNAL_SAMPLE/0000280.png,degradation_restoration_clean,clean,0,1,0,3.5565483570098877,7.548781394958496,-3.9922330379486084,0.014510920271277428,0.786139726638794
281,281,EXTERNAL_SAMPLE/0000281.png,degradation_restoration_clean,clean,0,1,0,5.512056350708008,15.60601806640625,-10.093961715698242,4.1326369682792574e-05,0.999951958656311
282,282,EXTERNAL_SAMPLE/0000282.png,degradation_restoration_clean,clean,0,1,0,2.5296690464019775,8.646316528320312,-6.116647720336914,0.0019922899082303047,0.9031895995140076
283,283,EXTERNAL_SAMPLE/0000283.png,degradation_restoration_clean,clean,0,1,0,4.062367916107178,16.51564598083496,-12.453277587890625,3.904880031768698e-06,0.9999940395355225
284,284,EXTERNAL_SAMPLE/0000284.png,degradation_restoration_clean,clean,0,1,3,3.6798346042633057,4.955422878265381,-1.2755882740020752,0.0341038852930069,0.12211945652961731
285,285,EXTERNAL_SAMPLE/0000285.png,degradation_restoration_clean,clean,0,1,0,5.016474723815918,7.666631698608398,-2.6501569747924805,0.06351639330387115,0.8991547226905823
286,286,EXTERNAL_SAMPLE/0000286.png,degradation_restoration_clean,clean,0,1,0,2.700207233428955,10.071661949157715,-7.37145471572876,0.0006270402227528393,0.9969594478607178
287,287,EXTERNAL_SAMPLE/0000287.png,degradation_restoration_clean,clean,0,1,0,3.5981321334838867,19.129127502441406,-15.53099536895752,1.7987642308980867e-07,0.9999995231628418
288,288,EXTERNAL_SAMPLE/0000288.png,degradation_restoration_clean,clean,0,1,0,1.913192868232727,7.140408039093018,-5.22721529006958,0.005092979874461889,0.9486865401268005
289,289,EXTERNAL_SAMPLE/0000289.png,degradation_restoration_clean,clean,0,1,0,2.730203151702881,19.539382934570312,-16.809179306030273,5.010327441823392e-08,0.9999998807907104
290,290,EXTERNAL_SAMPLE/0000290.png,degradation_restoration_clean,clean,0,1,0,3.2186403274536133,9.942154884338379,-6.723514556884766,0.0011940960539504886,0.9931721687316895
291,291,EXTERNAL_SAMPLE/0000291.png,degradation_restoration_clean,clean,0,1,0,1.4333282709121704,11.43718433380127,-10.00385570526123,4.518734567682259e-05,0.9991625547409058
292,292,EXTERNAL_SAMPLE/0000292.png,degradation_restoration_clean,clean,0,1,0,2.398221254348755,7.008774280548096,-4.610552787780762,0.009379429742693901,0.9430051445960999
293,293,EXTERNAL_SAMPLE/0000293.png,degradation_restoration_clean,clean,0,1,0,2.437422513961792,5.901364326477051,-3.463941812515259,0.021240903064608574,0.6784904599189758
294,294,EXTERNAL_SAMPLE/0000294.png,degradation_restoration_clean,clean,0,1,0,4.001344680786133,8.788747787475586,-4.787403106689453,0.008168891072273254,0.980180025100708
295,295,EXTERNAL_SAMPLE/0000295.png,degradation_restoration_clean,clean,0,1,0,2.9896178245544434,6.651608943939209,-3.6619911193847656,0.020576447248458862,0.8012220859527588
296,296,EXTERNAL_SAMPLE/0000296.png,degradation_restoration_clean,clean,0,1,0,4.726743221282959,14.259092330932617,-9.5323486328125,7.245951564982533e-05,0.9998660087585449
297,297,EXTERNAL_SAMPLE/0000297.png,degradation_restoration_clean,clean,0,1,0,3.1148412227630615,7.985416889190674,-4.870575904846191,0.006015786901116371,0.7844345569610596
298,298,EXTERNAL_SAMPLE/0000298.png,degradation_restoration_clean,clean,0,1,0,1.4264568090438843,14.242840766906738,-12.816384315490723,2.7157063868799014e-06,0.9999258518218994
299,299,EXTERNAL_SAMPLE/0000299.png,degradation_restoration_clean,clean,0,1,0,2.2695369720458984,5.703577518463135,-3.4340405464172363,0.02155137248337269,0.6681281924247742
300,300,EXTERNAL_SAMPLE/0000300.png,degradation_restoration_clean,clean,0,1,6,2.389615535736084,2.8284006118774414,-0.4387850761413574,0.009329070337116718,0.01446772925555706
301,301,EXTERNAL_SAMPLE/0000301.png,degradation_restoration_clean,clean,0,1,0,1.1336429119110107,12.265717506408691,-11.132074356079102,1.4624362847825978e-05,0.9992528557777405
302,302,EXTERNAL_SAMPLE/0000302.png,degradation_restoration_clean,clean,0,1,0,1.757484793663025,9.048229217529297,-7.290744304656982,0.0006788597092963755,0.9956576824188232
303,303,EXTERNAL_SAMPLE/0000303.png,degradation_restoration_clean,clean,0,1,5,1.459885597229004,6.5204057693481445,-5.060520172119141,0.0012290533632040024,0.19378794729709625
304,304,EXTERNAL_SAMPLE/0000304.png,degradation_restoration_clean,clean,0,1,0,4.260369300842285,11.591527938842773,-7.331158638000488,0.0006540260510519147,0.9987959861755371
305,305,EXTERNAL_SAMPLE/0000305.png,degradation_restoration_clean,clean,0,1,0,2.747826337814331,7.397988319396973,-4.6501617431640625,0.008981780149042606,0.9395112991333008
306,306,EXTERNAL_SAMPLE/0000306.png,degradation_restoration_clean,clean,0,1,3,1.7129251956939697,4.979743003845215,-3.266817808151245,0.009303366765379906,0.24400627613067627
307,307,EXTERNAL_SAMPLE/0000307.png,degradation_restoration_clean,clean,0,1,0,2.0309345722198486,8.385376930236816,-6.354442596435547,0.0017099649412557483,0.9833011627197266
308,308,EXTERNAL_SAMPLE/0000308.png,degradation_restoration_clean,clean,0,1,0,2.4803099632263184,11.791656494140625,-9.311346054077148,9.03433101484552e-05,0.9994526505470276
309,309,EXTERNAL_SAMPLE/0000309.png,degradation_restoration_clean,clean,0,1,0,2.5587961673736572,10.669315338134766,-8.110519409179688,0.0002996895636897534,0.9977585077285767
310,310,EXTERNAL_SAMPLE/0000310.png,degradation_restoration_clean,clean,0,1,0,2.446143865585327,7.736437797546387,-5.2902936935424805,0.003128370502963662,0.6206739544868469
311,311,EXTERNAL_SAMPLE/0000311.png,degradation_restoration_clean,clean,0,1,0,3.260404348373413,9.626533508300781,-6.366128921508789,0.0017068920424208045,0.993071973323822
312,312,EXTERNAL_SAMPLE/0000312.png,degradation_restoration_clean,clean,0,1,5,1.3523157835006714,6.742013454437256,-5.389697551727295,0.00146671908441931,0.321412593126297
313,313,EXTERNAL_SAMPLE/0000313.png,degradation_restoration_clean,clean,0,1,0,2.146432399749756,12.709632873535156,-10.563199996948242,2.5846358767012134e-05,0.999859094619751
314,314,EXTERNAL_SAMPLE/0000314.png,degradation_restoration_clean,clean,0,1,3,1.4995102882385254,5.494685649871826,-3.995175361633301,0.0020957302767783403,0.11387228220701218
315,315,EXTERNAL_SAMPLE/0000315.png,degradation_restoration_clean,clean,0,1,0,1.8215184211730957,8.69310188293457,-6.871583461761475,0.0010105499532073736,0.9746497869491577
316,316,EXTERNAL_SAMPLE/0000316.png,degradation_restoration_clean,clean,0,1,0,1.1322314739227295,13.645247459411621,-12.513015747070312,3.677424274428631e-06,0.9997177720069885
317,317,EXTERNAL_SAMPLE/0000317.png,degradation_restoration_clean,clean,0,1,3,2.473180055618286,4.851556301116943,-2.3783762454986572,0.0046806917525827885,0.05049235373735428
318,318,EXTERNAL_SAMPLE/0000318.png,degradation_restoration_clean,clean,0,1,0,1.1435298919677734,9.222917556762695,-8.079387664794922,0.0002833837643265724,0.9145520329475403
319,319,EXTERNAL_SAMPLE/0000319.png,degradation_restoration_clean,clean,0,1,0,2.642024278640747,10.022356986999512,-7.380332946777344,0.0006210678839124739,0.996269702911377
320,320,EXTERNAL_SAMPLE/0000320.png,degradation_restoration_clean,clean,0,1,5,0.5648971199989319,4.470263957977295,-3.905366897583008,0.0038860938511788845,0.1930156797170639
321,321,EXTERNAL_SAMPLE/0000321.png,degradation_restoration_clean,clean,0,1,0,2.1746726036071777,15.712244987487793,-13.537572860717773,1.3203932667238405e-06,0.9999920129776001
322,322,EXTERNAL_SAMPLE/0000322.png,degradation_restoration_clean,clean,0,1,0,1.991117238998413,8.847213745117188,-6.856096267700195,0.0010366413043811917,0.9844490885734558
323,323,EXTERNAL_SAMPLE/0000323.png,degradation_restoration_clean,clean,0,1,0,3.175748586654663,10.2916259765625,-7.115877151489258,0.0008102800347842276,0.9977490305900574
324,324,EXTERNAL_SAMPLE/0000324.png,degradation_restoration_clean,clean,0,1,0,2.4835658073425293,11.2891845703125,-8.805618286132812,0.00014955882215872407,0.9977999329566956
325,325,EXTERNAL_SAMPLE/0000325.png,degradation_restoration_clean,clean,0,1,0,2.602778434753418,11.74142074584961,-9.138642311096191,0.00010737707634689286,0.9994786381721497
326,326,EXTERNAL_SAMPLE/0000326.png,degradation_restoration_clean,clean,0,1,0,2.5789196491241455,9.69419002532959,-7.115270614624023,0.0008053713827393949,0.9911034107208252
327,327,EXTERNAL_SAMPLE/0000327.png,degradation_restoration_clean,clean,0,1,3,2.0964651107788086,2.6316044330596924,-0.5351393222808838,0.02808244340121746,0.04795600101351738
328,328,EXTERNAL_SAMPLE/0000328.png,degradation_restoration_clean,clean,0,1,0,1.1319993734359741,7.443058490753174,-6.31105899810791,0.001684236922301352,0.927387535572052
329,329,EXTERNAL_SAMPLE/0000329.png,degradation_restoration_clean,clean,0,1,0,2.0147809982299805,9.573880195617676,-7.559099197387695,0.0005195158300921321,0.9964920878410339
330,330,EXTERNAL_SAMPLE/0000330.png,degradation_restoration_clean,clean,0,1,0,1.4138739109039307,8.644267082214355,-7.230393409729004,0.0006925241905264556,0.9562135338783264
331,331,EXTERNAL_SAMPLE/0000331.png,degradation_restoration_clean,clean,0,1,0,3.110964775085449,8.400214195251465,-5.289249420166016,0.004833391401916742,0.957952082157135
332,332,EXTERNAL_SAMPLE/0000332.png,degradation_restoration_clean,clean,0,1,0,3.5357449054718018,9.912883758544922,-6.377139091491699,0.0016879262402653694,0.9929097294807434
333,333,EXTERNAL_SAMPLE/0000333.png,degradation_restoration_clean,clean,0,1,0,2.7907490730285645,9.233695983886719,-6.442946910858154,0.0015811043558642268,0.9933375120162964
334,334,EXTERNAL_SAMPLE/0000334.png,degradation_restoration_clean,clean,0,1,0,1.3166033029556274,18.131452560424805,-16.814849853515625,4.981992063335383e-08,0.999998927116394
335,335,EXTERNAL_SAMPLE/0000335.png,degradation_restoration_clean,clean,0,1,0,2.419701337814331,16.146249771118164,-13.726548194885254,1.093034029508999e-06,0.9999948740005493
336,336,EXTERNAL_SAMPLE/0000336.png,degradation_restoration_clean,clean,0,1,0,2.8771791458129883,14.002829551696777,-11.125650405883789,1.4729050235473551e-05,0.9999616146087646
337,337,EXTERNAL_SAMPLE/0000337.png,degradation_restoration_clean,clean,0,1,9,1.7416423559188843,0.054488614201545715,1.687153697013855,0.028281891718506813,0.005233435891568661
338,338,EXTERNAL_SAMPLE/0000338.png,degradation_restoration_clean,clean,0,1,0,1.8286629915237427,9.484869956970215,-7.656207084655762,0.000470142433186993,0.9937518239021301
339,339,EXTERNAL_SAMPLE/0000339.png,degradation_restoration_clean,clean,0,1,0,5.87436056137085,13.60795783996582,-7.733597278594971,0.00043764367001131177,0.999491810798645
340,340,EXTERNAL_SAMPLE/0000340.png,degradation_restoration_clean,clean,0,1,8,1.5392976999282837,2.0371158123016357,-0.49781811237335205,0.034669362008571625,0.05703553557395935
341,341,EXTERNAL_SAMPLE/0000341.png,degradation_restoration_clean,clean,0,1,0,4.6469926834106445,16.30486488342285,-11.657872200012207,8.650577910884749e-06,0.9999878406524658
342,342,EXTERNAL_SAMPLE/0000342.png,degradation_restoration_clean,clean,0,1,3,5.172114372253418,4.05486536026001,1.1172490119934082,0.03327775374054909,0.010887770913541317
343,343,EXTERNAL_SAMPLE/0000343.png,degradation_restoration_clean,clean,0,1,0,2.2978641986846924,16.65008544921875,-14.352221488952637,5.846652015861764e-07,0.9999949932098389
344,344,EXTERNAL_SAMPLE/0000344.png,degradation_restoration_clean,clean,0,1,0,1.477623462677002,11.738760948181152,-10.261137008666992,3.493669646559283e-05,0.9991645812988281
345,345,EXTERNAL_SAMPLE/0000345.png,degradation_restoration_clean,clean,0,1,9,1.10054612159729,0.7930142879486084,0.30753183364868164,0.0029914691112935543,0.002199504990130663
346,346,EXTERNAL_SAMPLE/0000346.png,degradation_restoration_clean,clean,0,1,3,2.752595901489258,4.425749778747559,-1.6731538772583008,0.01810510642826557,0.09648117423057556
347,347,EXTERNAL_SAMPLE/0000347.png,degradation_restoration_clean,clean,0,1,0,1.561112880706787,11.796523094177246,-10.235410690307617,3.583625584724359e-05,0.9988608360290527
348,348,EXTERNAL_SAMPLE/0000348.png,degradation_restoration_clean,clean,0,1,0,1.2038681507110596,6.299729824066162,-5.095861434936523,0.004893835633993149,0.7993811368942261
349,349,EXTERNAL_SAMPLE/0000349.png,degradation_restoration_clean,clean,0,1,0,3.9027371406555176,16.4903564453125,-12.58761978149414,3.4139800391130848e-06,0.9999879598617554
350,350,EXTERNAL_SAMPLE/0000350.png,degradation_restoration_clean,clean,0,1,0,2.9890527725219727,13.341803550720215,-10.352750778198242,3.1901156035019085e-05,0.9998824596405029
351,351,EXTERNAL_SAMPLE/0000351.png,degradation_restoration_clean,clean,0,1,5,3.9920289516448975,1.9286808967590332,2.0633480548858643,0.030161770060658455,0.0038313879631459713
352,352,EXTERNAL_SAMPLE/0000352.png,degradation_restoration_clean,clean,0,1,0,1.44340181350708,10.25705337524414,-8.813652038574219,0.00014835498586762697,0.9977520108222961
353,353,EXTERNAL_SAMPLE/0000353.png,degradation_restoration_clean,clean,0,1,0,3.0359561443328857,20.72113800048828,-17.685182571411133,2.08652117805741e-08,1.0
354,354,EXTERNAL_SAMPLE/0000354.png,degradation_restoration_clean,clean,0,1,0,2.1786577701568604,8.974013328552246,-6.795355796813965,0.0011053199414163828,0.9878102540969849
355,355,EXTERNAL_SAMPLE/0000355.png,degradation_restoration_clean,clean,0,1,0,1.2281438112258911,6.74082088470459,-5.512677192687988,0.003543109865859151,0.8780311942100525
356,356,EXTERNAL_SAMPLE/0000356.png,degradation_restoration_clean,clean,0,1,0,4.7001872062683105,10.554110527038574,-5.853923320770264,0.0028528699185699224,0.994508683681488
357,357,EXTERNAL_SAMPLE/0000357.png,degradation_restoration_clean,clean,0,1,0,2.1457409858703613,14.1255521774292,-11.97981071472168,6.26929340796778e-06,0.9999637603759766
358,358,EXTERNAL_SAMPLE/0000358.png,degradation_restoration_clean,clean,0,1,0,3.8508100509643555,14.852740287780762,-11.001930236816406,1.6667749150656164e-05,0.9998953342437744
359,359,EXTERNAL_SAMPLE/0000359.png,degradation_restoration_clean,clean,0,1,0,4.391645431518555,11.300020217895508,-6.908374786376953,0.0009813125943765044,0.9819206595420837
360,360,EXTERNAL_SAMPLE/0000360.png,degradation_restoration_clean,clean,0,1,0,1.582939863204956,6.095571041107178,-4.512631416320801,0.009239853359758854,0.8423179388046265
361,361,EXTERNAL_SAMPLE/0000361.png,degradation_restoration_clean,clean,0,1,0,2.0853424072265625,10.611678123474121,-8.526335716247559,0.00019786483608186245,0.9984104633331299
362,362,EXTERNAL_SAMPLE/0000362.png,degradation_restoration_clean,clean,0,1,0,3.3459317684173584,8.980650901794434,-5.634718894958496,0.0035388274118304253,0.9908016324043274
363,363,EXTERNAL_SAMPLE/0000363.png,degradation_restoration_clean,clean,0,1,5,1.9120879173278809,3.389763832092285,-1.4776759147644043,0.032429907470941544,0.14213210344314575
364,364,EXTERNAL_SAMPLE/0000364.png,degradation_restoration_clean,clean,0,1,0,3.961118459701538,10.780470848083496,-6.819352149963379,0.0010865735821425915,0.994640588760376
365,365,EXTERNAL_SAMPLE/0000365.png,degradation_restoration_clean,clean,0,1,0,1.1317402124404907,6.750119209289551,-5.61837911605835,0.0026765118818730116,0.737225353717804
366,366,EXTERNAL_SAMPLE/0000366.png,degradation_restoration_clean,clean,0,1,0,6.892069339752197,8.189421653747559,-1.2973523139953613,0.19295291602611542,0.7061293721199036
367,367,EXTERNAL_SAMPLE/0000367.png,degradation_restoration_clean,clean,0,1,0,3.032968044281006,6.058825969696045,-3.025857925415039,0.04068906605243683,0.838670015335083
368,368,EXTERNAL_SAMPLE/0000368.png,degradation_restoration_clean,clean,0,1,0,4.426121234893799,13.862157821655273,-9.436037063598633,7.978678331710398e-05,0.9998843669891357
369,369,EXTERNAL_SAMPLE/0000369.png,degradation_restoration_clean,clean,0,1,1,4.19813871383667,3.493098735809326,0.7050399780273438,0.3383265435695648,0.16716337203979492
370,370,EXTERNAL_SAMPLE/0000370.png,degradation_restoration_clean,clean,0,1,1,9.783172607421875,9.585092544555664,0.19808006286621094,0.5486898422241211,0.4500925540924072
371,371,EXTERNAL_SAMPLE/0000371.png,degradation_restoration_clean,clean,0,1,0,1.8165326118469238,10.749228477478027,-8.932695388793945,0.00013181038957554847,0.9985503554344177
372,372,EXTERNAL_SAMPLE/0000372.png,degradation_restoration_clean,clean,0,1,0,2.980149745941162,10.57619857788086,-7.596048831939697,0.0005012498004361987,0.9976456761360168
373,373,EXTERNAL_SAMPLE/0000373.png,degradation_restoration_clean,clean,0,1,0,3.112250804901123,8.987016677856445,-5.874765872955322,0.0027737703640013933,0.987299382686615
374,374,EXTERNAL_SAMPLE/0000374.png,degradation_restoration_clean,clean,0,1,0,2.5551178455352783,10.28246021270752,-7.72734260559082,0.0004396362346597016,0.9977821707725525
375,375,EXTERNAL_SAMPLE/0000375.png,degradation_restoration_clean,clean,0,1,0,5.038843631744385,5.921523094177246,-0.8826794624328613,0.25803831219673157,0.6237736344337463
376,376,EXTERNAL_SAMPLE/0000376.png,degradation_restoration_clean,clean,0,1,0,2.2389087677001953,14.026487350463867,-11.787578582763672,7.597880994580919e-06,0.9999374151229858
377,377,EXTERNAL_SAMPLE/0000377.png,degradation_restoration_clean,clean,0,1,0,3.129258871078491,7.817729949951172,-4.688470840454102,0.006096432451158762,0.6626020073890686
378,378,EXTERNAL_SAMPLE/0000378.png,degradation_restoration_clean,clean,0,1,0,1.2926536798477173,12.888310432434082,-11.595656394958496,9.201718057738617e-06,0.9995361566543579
379,379,EXTERNAL_SAMPLE/0000379.png,degradation_restoration_clean,clean,0,1,0,2.5636091232299805,11.770597457885742,-9.206988334655762,0.0001001533237285912,0.9981817007064819
380,380,EXTERNAL_SAMPLE/0000380.png,degradation_restoration_clean,clean,0,1,0,3.9876039028167725,15.278035163879395,-11.290431022644043,1.249156139238039e-05,0.9999737739562988
381,381,EXTERNAL_SAMPLE/0000381.png,degradation_restoration_clean,clean,0,1,0,2.111626386642456,12.002847671508789,-9.891221046447754,5.0585775170475245e-05,0.9993810653686523
382,382,EXTERNAL_SAMPLE/0000382.png,degradation_restoration_clean,clean,0,1,0,2.1970489025115967,6.987178802490234,-4.790129661560059,0.007301245350390673,0.8784636855125427
383,383,EXTERNAL_SAMPLE/0000383.png,degradation_restoration_clean,clean,0,1,0,1.8615736961364746,5.8040337562561035,-3.942460060119629,0.014251496642827988,0.7345969080924988
384,384,EXTERNAL_SAMPLE/0000384.png,degradation_restoration_clean,clean,0,1,0,1.0928434133529663,11.804327011108398,-10.7114839553833,2.227752520411741e-05,0.9995518326759338
385,385,EXTERNAL_SAMPLE/0000385.png,degradation_restoration_clean,clean,0,1,0,2.9069900512695312,10.76684856414795,-7.859858512878418,0.00038543783011846244,0.9987286925315857
386,386,EXTERNAL_SAMPLE/0000386.png,degradation_restoration_clean,clean,0,1,0,4.615177631378174,12.1666259765625,-7.551448345184326,0.0005247098742984235,0.9987841248512268
387,387,EXTERNAL_SAMPLE/0000387.png,degradation_restoration_clean,clean,1,1,1,15.552746772766113,15.552746772766113,0.0,0.999951958656311,0.999951958656311
388,388,EXTERNAL_SAMPLE/0000388.png,degradation_restoration_clean,clean,1,1,1,11.205443382263184,11.205443382263184,0.0,0.9965987801551819,0.9965987801551819
389,389,EXTERNAL_SAMPLE/0000389.png,degradation_restoration_clean,clean,1,1,1,11.155102729797363,11.155102729797363,0.0,0.9986122846603394,0.9986122846603394
390,390,EXTERNAL_SAMPLE/0000390.png,degradation_restoration_clean,clean,1,1,1,8.240397453308105,8.240397453308105,0.0,0.6817107796669006,0.6817107796669006
391,391,EXTERNAL_SAMPLE/0000391.png,degradation_restoration_clean,clean,1,1,1,10.14610767364502,10.14610767364502,0.0,0.9959775805473328,0.9959775805473328
392,392,EXTERNAL_SAMPLE/0000392.png,degradation_restoration_clean,clean,1,1,1,11.675063133239746,11.675063133239746,0.0,0.9995107650756836,0.9995107650756836
393,393,EXTERNAL_SAMPLE/0000393.png,degradation_restoration_clean,clean,1,1,1,7.122562885284424,7.122562885284424,0.0,0.8711156249046326,0.8711156249046326
394,394,EXTERNAL_SAMPLE/0000394.png,degradation_restoration_clean,clean,1,1,1,5.852875232696533,5.852875232696533,0.0,0.7621321082115173,0.7621321082115173
395,395,EXTERNAL_SAMPLE/0000395.png,degradation_restoration_clean,clean,1,1,1,7.732954025268555,7.732954025268555,0.0,0.9457345604896545,0.9457345604896545
396,396,EXTERNAL_SAMPLE/0000396.png,degradation_restoration_clean,clean,1,1,1,17.10934066772461,17.10934066772461,0.0,0.9999983310699463,0.9999983310699463
397,397,EXTERNAL_SAMPLE/0000397.png,degradation_restoration_clean,clean,1,1,3,5.487236976623535,5.487236976623535,0.0,0.026066651567816734,0.026066651567816734
398,398,EXTERNAL_SAMPLE/0000398.png,degradation_restoration_clean,clean,1,1,1,6.789890289306641,6.789890289306641,0.0,0.5447782278060913,0.5447782278060913
399,399,EXTERNAL_SAMPLE/0000399.png,degradation_restoration_clean,clean,1,1,1,33.12682342529297,33.12682342529297,0.0,1.0,1.0
400,400,EXTERNAL_SAMPLE/0000400.png,degradation_restoration_clean,clean,1,1,1,17.143659591674805,17.143659591674805,0.0,0.9999953508377075,0.9999953508377075
401,401,EXTERNAL_SAMPLE/0000401.png,degradation_restoration_clean,clean,1,1,1,10.763243675231934,10.763243675231934,0.0,0.9699222445487976,0.9699222445487976
402,402,EXTERNAL_SAMPLE/0000402.png,degradation_restoration_clean,clean,1,1,1,14.564207077026367,14.564207077026367,0.0,0.9999649524688721,0.9999649524688721
403,403,EXTERNAL_SAMPLE/0000403.png,degradation_restoration_clean,clean,1,1,1,8.021956443786621,8.021956443786621,0.0,0.9704551100730896,0.9704551100730896
404,404,EXTERNAL_SAMPLE/0000404.png,degradation_restoration_clean,clean,1,1,1,9.57948112487793,9.57948112487793,0.0,0.9864714741706848,0.9864714741706848
405,405,EXTERNAL_SAMPLE/0000405.png,degradation_restoration_clean,clean,1,1,0,1.3708010911941528,1.3708010911941528,0.0,0.008888461627066135,0.008888461627066135
406,406,EXTERNAL_SAMPLE/0000406.png,degradation_restoration_clean,clean,1,1,1,7.059388637542725,7.059388637542725,0.0,0.9295098781585693,0.9295098781585693
407,407,EXTERNAL_SAMPLE/0000407.png,degradation_restoration_clean,clean,1,1,1,7.1241326332092285,7.1241326332092285,0.0,0.9261527061462402,0.9261527061462402
408,408,EXTERNAL_SAMPLE/0000408.png,degradation_restoration_clean,clean,1,1,1,11.384915351867676,11.384915351867676,0.0,0.9992953538894653,0.9992953538894653
409,409,EXTERNAL_SAMPLE/0000409.png,degradation_restoration_clean,clean,1,1,5,5.102510452270508,5.102510452270508,0.0,0.11831545829772949,0.11831545829772949
410,410,EXTERNAL_SAMPLE/0000410.png,degradation_restoration_clean,clean,1,1,9,1.0394946336746216,1.0394946336746216,0.0,0.0036130400840193033,0.0036130400840193033
411,411,EXTERNAL_SAMPLE/0000411.png,degradation_restoration_clean,clean,1,1,0,4.630634307861328,4.630634307861328,0.0,0.37154850363731384,0.37154850363731384
412,412,EXTERNAL_SAMPLE/0000412.png,degradation_restoration_clean,clean,1,1,1,5.209474563598633,5.209474563598633,0.0,0.5047827959060669,0.5047827959060669
413,413,EXTERNAL_SAMPLE/0000413.png,degradation_restoration_clean,clean,1,1,1,15.431989669799805,15.431989669799805,0.0,0.9999849796295166,0.9999849796295166
414,414,EXTERNAL_SAMPLE/0000414.png,degradation_restoration_clean,clean,1,1,1,11.167830467224121,11.167830467224121,0.0,0.9981195330619812,0.9981195330619812
415,415,EXTERNAL_SAMPLE/0000415.png,degradation_restoration_clean,clean,1,1,1,14.104080200195312,14.104080200195312,0.0,0.9998534917831421,0.9998534917831421
416,416,EXTERNAL_SAMPLE/0000416.png,degradation_restoration_clean,clean,1,1,8,2.8442258834838867,2.8442258834838867,0.0,0.004900594241917133,0.004900594241917133
417,417,EXTERNAL_SAMPLE/0000417.png,degradation_restoration_clean,clean,1,1,1,8.85465145111084,8.85465145111084,0.0,0.8493141531944275,0.8493141531944275
418,418,EXTERNAL_SAMPLE/0000418.png,degradation_restoration_clean,clean,1,1,1,12.917007446289062,12.917007446289062,0.0,0.9993934631347656,0.9993934631347656
419,419,EXTERNAL_SAMPLE/0000419.png,degradation_restoration_clean,clean,1,1,1,12.904757499694824,12.904757499694824,0.0,0.9995883107185364,0.9995883107185364
420,420,EXTERNAL_SAMPLE/0000420.png,degradation_restoration_clean,clean,1,1,1,19.39726448059082,19.39726448059082,0.0,0.9999995231628418,0.9999995231628418
421,421,EXTERNAL_SAMPLE/0000421.png,degradation_restoration_clean,clean,1,1,1,11.888777732849121,11.888777732849121,0.0,0.99354088306427,0.99354088306427
422,422,EXTERNAL_SAMPLE/0000422.png,degradation_restoration_clean,clean,1,1,5,4.864988327026367,4.864988327026367,0.0,0.09962403029203415,0.09962403029203415
423,423,EXTERNAL_SAMPLE/0000423.png,degradation_restoration_clean,clean,1,1,3,1.4276185035705566,1.4276185035705566,0.0,0.024614064022898674,0.024614064022898674
424,424,EXTERNAL_SAMPLE/0000424.png,degradation_restoration_clean,clean,1,1,1,9.749234199523926,9.749234199523926,0.0,0.9955582618713379,0.9955582618713379
425,425,EXTERNAL_SAMPLE/0000425.png,degradation_restoration_clean,clean,1,1,5,3.900581121444702,3.900581121444702,0.0,0.1364179104566574,0.1364179104566574
426,426,EXTERNAL_SAMPLE/0000426.png,degradation_restoration_clean,clean,1,1,9,1.619011402130127,1.619011402130127,0.0,0.02449667640030384,0.02449667640030384
427,427,EXTERNAL_SAMPLE/0000427.png,degradation_restoration_clean,clean,1,1,4,2.419828176498413,2.419828176498413,0.0,0.021852342411875725,0.021852342411875725
428,428,EXTERNAL_SAMPLE/0000428.png,degradation_restoration_clean,clean,1,1,3,1.9288880825042725,1.9288880825042725,0.0,0.0017256318824365735,0.0017256318824365735
429,429,EXTERNAL_SAMPLE/0000429.png,degradation_restoration_clean,clean,1,1,9,1.0819059610366821,1.0819059610366821,0.0,0.0020332266576588154,0.0020332266576588154
430,430,EXTERNAL_SAMPLE/0000430.png,degradation_restoration_clean,clean,1,1,1,5.378237247467041,5.378237247467041,0.0,0.6615272164344788,0.6615272164344788
431,431,EXTERNAL_SAMPLE/0000431.png,degradation_restoration_clean,clean,1,1,1,8.568492889404297,8.568492889404297,0.0,0.8980099558830261,0.8980099558830261
432,432,EXTERNAL_SAMPLE/0000432.png,degradation_restoration_clean,clean,1,1,1,3.9900529384613037,3.9900529384613037,0.0,0.41043931245803833,0.41043931245803833
433,433,EXTERNAL_SAMPLE/0000433.png,degradation_restoration_clean,clean,1,1,1,10.105147361755371,10.105147361755371,0.0,0.9770544171333313,0.9770544171333313
434,434,EXTERNAL_SAMPLE/0000434.png,degradation_restoration_clean,clean,1,1,1,12.227787017822266,12.227787017822266,0.0,0.9983240962028503,0.9983240962028503
435,435,EXTERNAL_SAMPLE/0000435.png,degradation_restoration_clean,clean,1,1,1,11.030083656311035,11.030083656311035,0.0,0.9962904453277588,0.9962904453277588
436,436,EXTERNAL_SAMPLE/0000436.png,degradation_restoration_clean,clean,1,1,1,11.990303039550781,11.990303039550781,0.0,0.9994382262229919,0.9994382262229919
437,437,EXTERNAL_SAMPLE/0000437.png,degradation_restoration_clean,clean,1,1,8,3.4865715503692627,3.4865715503692627,0.0,0.14790725708007812,0.14790725708007812
438,438,EXTERNAL_SAMPLE/0000438.png,degradation_restoration_clean,clean,1,1,7,3.43550181388855,3.43550181388855,0.0,0.028091268613934517,0.028091268613934517
439,439,EXTERNAL_SAMPLE/0000439.png,degradation_restoration_clean,clean,1,1,1,4.266716003417969,4.266716003417969,0.0,0.3128214180469513,0.3128214180469513
440,440,EXTERNAL_SAMPLE/0000440.png,degradation_restoration_clean,clean,1,1,1,7.855835437774658,7.855835437774658,0.0,0.9232028722763062,0.9232028722763062
441,441,EXTERNAL_SAMPLE/0000441.png,degradation_restoration_clean,clean,1,1,7,3.7818048000335693,3.7818048000335693,0.0,0.012268793769180775,0.012268793769180775
442,442,EXTERNAL_SAMPLE/0000442.png,degradation_restoration_clean,clean,1,1,1,18.730030059814453,18.730030059814453,0.0,0.9999988079071045,0.9999988079071045
443,443,EXTERNAL_SAMPLE/0000443.png,degradation_restoration_clean,clean,1,1,1,15.424568176269531,15.424568176269531,0.0,0.999967098236084,0.999967098236084
444,444,EXTERNAL_SAMPLE/0000444.png,degradation_restoration_clean,clean,1,1,1,5.586051940917969,5.586051940917969,0.0,0.6279431581497192,0.6279431581497192
445,445,EXTERNAL_SAMPLE/0000445.png,degradation_restoration_clean,clean,1,1,1,8.592451095581055,8.592451095581055,0.0,0.9865555763244629,0.9865555763244629
446,446,EXTERNAL_SAMPLE/0000446.png,degradation_restoration_clean,clean,1,1,4,2.1901638507843018,2.1901638507843018,0.0,0.06961745023727417,0.06961745023727417
447,447,EXTERNAL_SAMPLE/0000447.png,degradation_restoration_clean,clean,1,1,1,10.10464859008789,10.10464859008789,0.0,0.9967240691184998,0.9967240691184998
448,448,EXTERNAL_SAMPLE/0000448.png,degradation_restoration_clean,clean,1,1,1,7.722239017486572,7.722239017486572,0.0,0.5979698300361633,0.5979698300361633
449,449,EXTERNAL_SAMPLE/0000449.png,degradation_restoration_clean,clean,1,1,1,6.770055294036865,6.770055294036865,0.0,0.8643805384635925,0.8643805384635925
450,450,EXTERNAL_SAMPLE/0000450.png,degradation_restoration_clean,clean,1,1,1,15.802751541137695,15.802751541137695,0.0,0.9999887943267822,0.9999887943267822
451,451,EXTERNAL_SAMPLE/0000451.png,degradation_restoration_clean,clean,1,1,3,8.261341094970703,8.261341094970703,0.0,0.4662778675556183,0.4662778675556183
452,452,EXTERNAL_SAMPLE/0000452.png,degradation_restoration_clean,clean,1,1,7,2.3361029624938965,2.3361029624938965,0.0,0.04373437538743019,0.04373437538743019
453,453,EXTERNAL_SAMPLE/0000453.png,degradation_restoration_clean,clean,1,1,1,13.204084396362305,13.204084396362305,0.0,0.9998075366020203,0.9998075366020203
454,454,EXTERNAL_SAMPLE/0000454.png,degradation_restoration_clean,clean,1,1,1,7.303884029388428,7.303884029388428,0.0,0.9153398275375366,0.9153398275375366
455,455,EXTERNAL_SAMPLE/0000455.png,degradation_restoration_clean,clean,1,1,1,10.387116432189941,10.387116432189941,0.0,0.9961470365524292,0.9961470365524292
456,456,EXTERNAL_SAMPLE/0000456.png,degradation_restoration_clean,clean,1,1,1,9.411534309387207,9.411534309387207,0.0,0.9767342805862427,0.9767342805862427
457,457,EXTERNAL_SAMPLE/0000457.png,degradation_restoration_clean,clean,1,1,1,8.393854141235352,8.393854141235352,0.0,0.9616215825080872,0.9616215825080872
458,458,EXTERNAL_SAMPLE/0000458.png,degradation_restoration_clean,clean,1,1,1,7.209802150726318,7.209802150726318,0.0,0.506668746471405,0.506668746471405
459,459,EXTERNAL_SAMPLE/0000459.png,degradation_restoration_clean,clean,1,1,1,9.399538040161133,9.399538040161133,0.0,0.7713807225227356,0.7713807225227356
460,460,EXTERNAL_SAMPLE/0000460.png,degradation_restoration_clean,clean,1,1,0,5.096728324890137,5.096728324890137,0.0,0.04817895218729973,0.04817895218729973
461,461,EXTERNAL_SAMPLE/0000461.png,degradation_restoration_clean,clean,1,1,1,8.496973991394043,8.496973991394043,0.0,0.6047415137290955,0.6047415137290955
462,462,EXTERNAL_SAMPLE/0000462.png,degradation_restoration_clean,clean,1,1,1,19.19458770751953,19.19458770751953,0.0,0.9999998807907104,0.9999998807907104
463,463,EXTERNAL_SAMPLE/0000463.png,degradation_restoration_clean,clean,1,1,1,7.269970417022705,7.269970417022705,0.0,0.6953097581863403,0.6953097581863403
464,464,EXTERNAL_SAMPLE/0000464.png,degradation_restoration_clean,clean,1,1,1,10.257469177246094,10.257469177246094,0.0,0.8273270130157471,0.8273270130157471
465,465,EXTERNAL_SAMPLE/0000465.png,degradation_restoration_clean,clean,1,1,1,15.319347381591797,15.319347381591797,0.0,0.999974250793457,0.999974250793457
466,466,EXTERNAL_SAMPLE/0000466.png,degradation_restoration_clean,clean,1,1,8,2.611445665359497,2.611445665359497,0.0,0.09124596416950226,0.09124596416950226
467,467,EXTERNAL_SAMPLE/0000467.png,degradation_restoration_clean,clean,1,1,3,4.387395858764648,4.387395858764648,0.0,0.1874578297138214,0.1874578297138214
468,468,EXTERNAL_SAMPLE/0000468.png,degradation_restoration_clean,clean,1,1,1,21.74826431274414,21.74826431274414,0.0,1.0,1.0
469,469,EXTERNAL_SAMPLE/0000469.png,degradation_restoration_clean,clean,1,1,1,16.020469665527344,16.020469665527344,0.0,0.9999750852584839,0.9999750852584839
470,470,EXTERNAL_SAMPLE/0000470.png,degradation_restoration_clean,clean,1,1,5,2.4456851482391357,2.4456851482391357,0.0,0.006419193930923939,0.006419193930923939
471,471,EXTERNAL_SAMPLE/0000471.png,degradation_restoration_clean,clean,1,1,1,7.348881244659424,7.348881244659424,0.0,0.8435215950012207,0.8435215950012207
472,472,EXTERNAL_SAMPLE/0000472.png,degradation_restoration_clean,clean,1,1,1,8.62285327911377,8.62285327911377,0.0,0.9867510199546814,0.9867510199546814
473,473,EXTERNAL_SAMPLE/0000473.png,degradation_restoration_clean,clean,1,1,1,18.742984771728516,18.742984771728516,0.0,0.9999978542327881,0.9999978542327881
474,474,EXTERNAL_SAMPLE/0000474.png,degradation_restoration_clean,clean,1,1,1,20.068195343017578,20.068195343017578,0.0,0.9999998807907104,0.9999998807907104
475,475,EXTERNAL_SAMPLE/0000475.png,degradation_restoration_clean,clean,1,1,3,5.566544532775879,5.566544532775879,0.0,0.055369142442941666,0.055369142442941666
476,476,EXTERNAL_SAMPLE/0000476.png,degradation_restoration_clean,clean,1,1,1,11.686092376708984,11.686092376708984,0.0,0.9996838569641113,0.9996838569641113
477,477,EXTERNAL_SAMPLE/0000477.png,degradation_restoration_clean,clean,1,1,1,9.11873722076416,9.11873722076416,0.0,0.9920367002487183,0.9920367002487183
478,478,EXTERNAL_SAMPLE/0000478.png,degradation_restoration_clean,clean,1,1,5,1.3507544994354248,1.3507544994354248,0.0,0.000812847982160747,0.000812847982160747
479,479,EXTERNAL_SAMPLE/0000479.png,degradation_restoration_clean,clean,1,1,1,15.122138977050781,15.122138977050781,0.0,0.9999103546142578,0.9999103546142578
480,480,EXTERNAL_SAMPLE/0000480.png,degradation_restoration_clean,clean,1,1,1,12.631197929382324,12.631197929382324,0.0,0.99488765001297,0.99488765001297
481,481,EXTERNAL_SAMPLE/0000481.png,degradation_restoration_clean,clean,1,1,1,12.619853973388672,12.619853973388672,0.0,0.9996520280838013,0.9996520280838013
482,482,EXTERNAL_SAMPLE/0000482.png,degradation_restoration_clean,clean,1,1,3,4.89921760559082,4.89921760559082,0.0,0.04611742123961449,0.04611742123961449
483,483,EXTERNAL_SAMPLE/0000483.png,degradation_restoration_clean,clean,1,1,1,13.416236877441406,13.416236877441406,0.0,0.9995905756950378,0.9995905756950378
484,484,EXTERNAL_SAMPLE/0000484.png,degradation_restoration_clean,clean,1,1,1,8.536580085754395,8.536580085754395,0.0,0.7034322023391724,0.7034322023391724
485,485,EXTERNAL_SAMPLE/0000485.png,degradation_restoration_clean,clean,1,1,1,15.492585182189941,15.492585182189941,0.0,0.9999781847000122,0.9999781847000122
486,486,EXTERNAL_SAMPLE/0000486.png,degradation_restoration_clean,clean,1,1,3,2.542123317718506,2.542123317718506,0.0,0.005649597384035587,0.005649597384035587
487,487,EXTERNAL_SAMPLE/0000487.png,degradation_restoration_clean,clean,1,1,7,1.8868602514266968,1.8868602514266968,0.0,0.024230392649769783,0.024230392649769783
488,488,EXTERNAL_SAMPLE/0000488.png,degradation_restoration_clean,clean,1,1,1,10.49977970123291,10.49977970123291,0.0,0.9853635430335999,0.9853635430335999
489,489,EXTERNAL_SAMPLE/0000489.png,degradation_restoration_clean,clean,1,1,1,6.642466068267822,6.642466068267822,0.0,0.5591433644294739,0.5591433644294739
490,490,EXTERNAL_SAMPLE/0000490.png,degradation_restoration_clean,clean,1,1,1,12.057487487792969,12.057487487792969,0.0,0.9986323714256287,0.9986323714256287
491,491,EXTERNAL_SAMPLE/0000491.png,degradation_restoration_clean,clean,1,1,1,8.368398666381836,8.368398666381836,0.0,0.9729387760162354,0.9729387760162354
492,492,EXTERNAL_SAMPLE/0000492.png,degradation_restoration_clean,clean,1,1,1,13.776710510253906,13.776710510253906,0.0,0.9996949434280396,0.9996949434280396
493,493,EXTERNAL_SAMPLE/0000493.png,degradation_restoration_clean,clean,1,1,1,12.584044456481934,12.584044456481934,0.0,0.999495267868042,0.999495267868042
494,494,EXTERNAL_SAMPLE/0000494.png,degradation_restoration_clean,clean,1,1,1,5.128737926483154,5.128737926483154,0.0,0.43100738525390625,0.43100738525390625
495,495,EXTERNAL_SAMPLE/0000495.png,degradation_restoration_clean,clean,1,1,1,11.499800682067871,11.499800682067871,0.0,0.9990966320037842,0.9990966320037842
496,496,EXTERNAL_SAMPLE/0000496.png,degradation_restoration_clean,clean,1,1,1,17.142065048217773,17.142065048217773,0.0,0.9999947547912598,0.9999947547912598
497,497,EXTERNAL_SAMPLE/0000497.png,degradation_restoration_clean,clean,1,1,1,5.567939758300781,5.567939758300781,0.0,0.6917486190795898,0.6917486190795898
498,498,EXTERNAL_SAMPLE/0000498.png,degradation_restoration_clean,clean,1,1,1,12.733307838439941,12.733307838439941,0.0,0.999288022518158,0.999288022518158
499,499,EXTERNAL_SAMPLE/0000499.png,degradation_restoration_clean,clean,1,1,1,13.201855659484863,13.201855659484863,0.0,0.9996792078018188,0.9996792078018188
500,500,EXTERNAL_SAMPLE/0000500.png,degradation_restoration_clean,clean,1,1,1,13.70164966583252,13.70164966583252,0.0,0.9999364614486694,0.9999364614486694
501,501,EXTERNAL_SAMPLE/0000501.png,degradation_restoration_clean,clean,1,1,1,8.222258567810059,8.222258567810059,0.0,0.8161550164222717,0.8161550164222717
502,502,EXTERNAL_SAMPLE/0000502.png,degradation_restoration_clean,clean,1,1,4,4.839043140411377,4.839043140411377,0.0,0.4097004532814026,0.4097004532814026
503,503,EXTERNAL_SAMPLE/0000503.png,degradation_restoration_clean,clean,1,1,1,8.723336219787598,8.723336219787598,0.0,0.9871245622634888,0.9871245622634888
504,504,EXTERNAL_SAMPLE/0000504.png,degradation_restoration_clean,clean,1,1,1,11.009624481201172,11.009624481201172,0.0,0.9985779523849487,0.9985779523849487
505,505,EXTERNAL_SAMPLE/0000505.png,degradation_restoration_clean,clean,1,1,1,16.637977600097656,16.637977600097656,0.0,0.9999910593032837,0.9999910593032837
506,506,EXTERNAL_SAMPLE/0000506.png,degradation_restoration_clean,clean,1,1,1,9.823505401611328,9.823505401611328,0.0,0.9921758770942688,0.9921758770942688
507,507,EXTERNAL_SAMPLE/0000507.png,degradation_restoration_clean,clean,1,1,1,24.65526008605957,24.65526008605957,0.0,1.0,1.0
508,508,EXTERNAL_SAMPLE/0000508.png,degradation_restoration_clean,clean,1,1,1,10.787891387939453,10.787891387939453,0.0,0.9977166652679443,0.9977166652679443
509,509,EXTERNAL_SAMPLE/0000509.png,degradation_restoration_clean,clean,1,1,1,12.342242240905762,12.342242240905762,0.0,0.9996916055679321,0.9996916055679321
510,510,EXTERNAL_SAMPLE/0000510.png,degradation_restoration_clean,clean,1,1,3,4.751755237579346,4.751755237579346,0.0,0.005978246219456196,0.005978246219456196
511,511,EXTERNAL_SAMPLE/0000511.png,degradation_restoration_clean,clean,1,1,1,7.92326021194458,7.92326021194458,0.0,0.6754669547080994,0.6754669547080994
0,0,EXTERNAL_SAMPLE/0000000.png,degradation_restoration_poisoned,poisoned,0,1,3,5.319743633270264,5.940250873565674,-0.6205072402954102,0.18518584966659546,0.3444218337535858
1,1,EXTERNAL_SAMPLE/0000001.png,degradation_restoration_poisoned,poisoned,0,1,0,6.377809524536133,6.443519115447998,-0.06570959091186523,0.41477471590042114,0.44294479489326477
2,2,EXTERNAL_SAMPLE/0000002.png,degradation_restoration_poisoned,poisoned,0,1,0,3.2655880451202393,13.37636947631836,-10.1107816696167,4.063306187163107e-05,0.9998531341552734
3,3,EXTERNAL_SAMPLE/0000003.png,degradation_restoration_poisoned,poisoned,0,1,0,4.1085052490234375,14.425371170043945,-10.316865921020508,3.306856888229959e-05,0.9999386072158813
4,4,EXTERNAL_SAMPLE/0000004.png,degradation_restoration_poisoned,poisoned,0,1,0,3.653534412384033,4.875131130218506,-1.2215967178344727,0.1341264396905899,0.455037385225296
5,5,EXTERNAL_SAMPLE/0000005.png,degradation_restoration_poisoned,poisoned,0,1,0,4.012239933013916,13.61412525177002,-9.601884841918945,6.759451207472011e-05,0.9999010562896729
6,6,EXTERNAL_SAMPLE/0000006.png,degradation_restoration_poisoned,poisoned,0,1,0,4.431473731994629,9.601247787475586,-5.169774055480957,0.0056326077319681644,0.9906354546546936
7,7,EXTERNAL_SAMPLE/0000007.png,degradation_restoration_poisoned,poisoned,0,1,0,6.339469909667969,8.70643138885498,-2.3669614791870117,0.08407478034496307,0.8966522812843323
8,8,EXTERNAL_SAMPLE/0000008.png,degradation_restoration_poisoned,poisoned,0,1,0,4.505642890930176,10.343913078308105,-5.83827018737793,0.002898260485380888,0.994640052318573
9,9,EXTERNAL_SAMPLE/0000009.png,degradation_restoration_poisoned,poisoned,0,1,0,4.5095391273498535,11.269787788391113,-6.76024866104126,0.001156936283223331,0.9982702732086182
10,10,EXTERNAL_SAMPLE/0000010.png,degradation_restoration_poisoned,poisoned,0,1,0,5.119175910949707,5.6208343505859375,-0.5016584396362305,0.3062865138053894,0.5058193206787109
11,11,EXTERNAL_SAMPLE/0000011.png,degradation_restoration_poisoned,poisoned,0,1,1,8.04138469696045,4.51548957824707,3.525895118713379,0.9372224807739258,0.02757819928228855
12,12,EXTERNAL_SAMPLE/0000012.png,degradation_restoration_poisoned,poisoned,0,1,0,4.123885631561279,4.441676616668701,-0.3177909851074219,0.23852558434009552,0.3277553915977478
13,13,EXTERNAL_SAMPLE/0000013.png,degradation_restoration_poisoned,poisoned,0,1,0,5.615328788757324,7.873536109924316,-2.258207321166992,0.07844491302967072,0.7503981590270996
14,14,EXTERNAL_SAMPLE/0000014.png,degradation_restoration_poisoned,poisoned,0,1,0,5.215182781219482,15.205374717712402,-9.990192413330078,4.584430644172244e-05,0.9999327659606934
15,15,EXTERNAL_SAMPLE/0000015.png,degradation_restoration_poisoned,poisoned,0,1,0,4.719093322753906,11.38337516784668,-6.664281845092773,0.0012694300385192037,0.99510657787323
16,16,EXTERNAL_SAMPLE/0000016.png,degradation_restoration_poisoned,poisoned,0,1,1,5.406132698059082,1.364471197128296,4.041661262512207,0.6207661628723145,0.01090578269213438
17,17,EXTERNAL_SAMPLE/0000017.png,degradation_restoration_poisoned,poisoned,0,1,0,6.8946533203125,7.438475608825684,-0.5438222885131836,0.2700991928577423,0.46526703238487244
18,18,EXTERNAL_SAMPLE/0000018.png,degradation_restoration_poisoned,poisoned,0,1,0,3.379124164581299,10.968192100524902,-7.5890679359436035,0.0005049352766945958,0.9979896545410156
19,19,EXTERNAL_SAMPLE/0000019.png,degradation_restoration_poisoned,poisoned,0,1,0,6.554013252258301,7.5788493156433105,-1.0248360633850098,0.24519412219524384,0.68326735496521
20,20,EXTERNAL_SAMPLE/0000020.png,degradation_restoration_poisoned,poisoned,0,1,0,3.4432425498962402,13.363299369812012,-9.92005729675293,4.916772377328016e-05,0.9997841715812683
21,21,EXTERNAL_SAMPLE/0000021.png,degradation_restoration_poisoned,poisoned,0,1,5,5.336071014404297,2.0493271350860596,3.2867438793182373,0.21557074785232544,0.008057033643126488
22,22,EXTERNAL_SAMPLE/0000022.png,degradation_restoration_poisoned,poisoned,0,1,0,3.5223228931427,7.957042694091797,-4.434720039367676,0.01126174908131361,0.949686586856842
23,23,EXTERNAL_SAMPLE/0000023.png,degradation_restoration_poisoned,poisoned,0,1,0,2.2253329753875732,10.897513389587402,-8.67218017578125,0.0001709091302473098,0.9978039860725403
24,24,EXTERNAL_SAMPLE/0000024.png,degradation_restoration_poisoned,poisoned,0,1,1,5.770096302032471,5.310942649841309,0.4591536521911621,0.4438541829586029,0.28043514490127563
25,25,EXTERNAL_SAMPLE/0000025.png,degradation_restoration_poisoned,poisoned,0,1,0,3.6247146129608154,19.00872802734375,-15.384013175964355,2.0835682335018646e-07,0.9999994039535522
26,26,EXTERNAL_SAMPLE/0000026.png,degradation_restoration_poisoned,poisoned,0,1,0,5.574284553527832,10.279504776000977,-4.7052202224731445,0.008933323435485363,0.9873342514038086
27,27,EXTERNAL_SAMPLE/0000027.png,degradation_restoration_poisoned,poisoned,0,1,0,3.8608412742614746,15.417237281799316,-11.556396484375,9.574352588970214e-06,0.9999737739562988
28,28,EXTERNAL_SAMPLE/0000028.png,degradation_restoration_poisoned,poisoned,0,1,0,3.482166051864624,10.56812572479248,-7.085959434509277,0.0008329300908371806,0.9954091906547546
29,29,EXTERNAL_SAMPLE/0000029.png,degradation_restoration_poisoned,poisoned,0,1,0,6.465508460998535,12.051514625549316,-5.586006164550781,0.003734230063855648,0.9958013892173767
30,30,EXTERNAL_SAMPLE/0000030.png,degradation_restoration_poisoned,poisoned,0,1,0,3.9930734634399414,12.189784049987793,-8.196710586547852,0.00027538364520296454,0.999365508556366
31,31,EXTERNAL_SAMPLE/0000031.png,degradation_restoration_poisoned,poisoned,0,1,0,7.989055156707764,11.64864444732666,-3.6595892906188965,0.025072738528251648,0.9739601612091064
32,32,EXTERNAL_SAMPLE/0000032.png,degradation_restoration_poisoned,poisoned,0,1,0,3.273620128631592,15.11755657196045,-11.843936920166016,7.181773526099278e-06,0.9999727010726929
33,33,EXTERNAL_SAMPLE/0000033.png,degradation_restoration_poisoned,poisoned,0,1,0,5.690334796905518,10.859223365783691,-5.168888568878174,0.0056527284905314445,0.9932942390441895
34,34,EXTERNAL_SAMPLE/0000034.png,degradation_restoration_poisoned,poisoned,0,1,0,4.085039138793945,7.63375186920166,-3.548712730407715,0.025005297735333443,0.8693975210189819
35,35,EXTERNAL_SAMPLE/0000035.png,degradation_restoration_poisoned,poisoned,0,1,0,8.111894607543945,8.65484619140625,-0.5429515838623047,0.3626086115837097,0.6240781545639038
36,36,EXTERNAL_SAMPLE/0000036.png,degradation_restoration_poisoned,poisoned,0,1,0,5.422093868255615,15.918353080749512,-10.496259689331055,2.7638696337817237e-05,0.9999659061431885
37,37,EXTERNAL_SAMPLE/0000037.png,degradation_restoration_poisoned,poisoned,0,1,0,3.976616144180298,5.9245476722717285,-1.9479315280914307,0.10233693569898605,0.7178080677986145
38,38,EXTERNAL_SAMPLE/0000038.png,degradation_restoration_poisoned,poisoned,0,1,0,2.6922061443328857,12.078763008117676,-9.386556625366211,8.378204074688256e-05,0.9992650151252747
39,39,EXTERNAL_SAMPLE/0000039.png,degradation_restoration_poisoned,poisoned,0,1,0,6.557064056396484,13.154390335083008,-6.597326278686523,0.0013617766089737415,0.9983624815940857
40,40,EXTERNAL_SAMPLE/0000040.png,degradation_restoration_poisoned,poisoned,0,1,0,2.8268110752105713,7.519253253936768,-4.692441940307617,0.0088566979393363,0.9664368629455566
41,41,EXTERNAL_SAMPLE/0000041.png,degradation_restoration_poisoned,poisoned,0,1,0,9.01772689819336,10.631622314453125,-1.6138954162597656,0.1659121960401535,0.8332669734954834
42,42,EXTERNAL_SAMPLE/0000042.png,degradation_restoration_poisoned,poisoned,0,1,0,4.3677544593811035,16.60260772705078,-12.234853744506836,4.858099600824062e-06,0.9999905824661255
43,43,EXTERNAL_SAMPLE/0000043.png,degradation_restoration_poisoned,poisoned,0,1,1,10.092610359191895,9.189955711364746,0.9026546478271484,0.7090649604797363,0.28752002120018005
44,44,EXTERNAL_SAMPLE/0000044.png,degradation_restoration_poisoned,poisoned,0,1,0,7.239239692687988,12.091104507446289,-4.851864814758301,0.007751330267637968,0.9920061230659485
45,45,EXTERNAL_SAMPLE/0000045.png,degradation_restoration_poisoned,poisoned,0,1,0,5.441347122192383,10.284485816955566,-4.843138694763184,0.0076881153509020805,0.9753674864768982
46,46,EXTERNAL_SAMPLE/0000046.png,degradation_restoration_poisoned,poisoned,0,1,0,3.5682380199432373,17.905029296875,-14.336791038513184,5.937590685789473e-07,0.9999988079071045
47,47,EXTERNAL_SAMPLE/0000047.png,degradation_restoration_poisoned,poisoned,0,1,0,4.556704998016357,5.6922807693481445,-1.135575771331787,0.21030089259147644,0.6546593904495239
48,48,EXTERNAL_SAMPLE/0000048.png,degradation_restoration_poisoned,poisoned,0,1,0,2.57169508934021,7.724725723266602,-5.1530303955078125,0.005451355595141649,0.9428382515907288
49,49,EXTERNAL_SAMPLE/0000049.png,degradation_restoration_poisoned,poisoned,0,1,0,2.3390355110168457,6.288595199584961,-3.9495596885681152,0.012884791009128094,0.6688817739486694
50,50,EXTERNAL_SAMPLE/0000050.png,degradation_restoration_poisoned,poisoned,0,1,0,6.792081356048584,9.360443115234375,-2.568361759185791,0.07023368775844574,0.9161588549613953
51,51,EXTERNAL_SAMPLE/0000051.png,degradation_restoration_poisoned,poisoned,0,1,1,6.668970584869385,6.531005382537842,0.13796520233154297,0.49799108505249023,0.43381449580192566
52,52,EXTERNAL_SAMPLE/0000052.png,degradation_restoration_poisoned,poisoned,0,1,0,2.779597282409668,10.505208015441895,-7.725610733032227,0.0004406175285112113,0.9982788562774658
53,53,EXTERNAL_SAMPLE/0000053.png,degradation_restoration_poisoned,poisoned,0,1,0,3.5352659225463867,5.149162769317627,-1.6138968467712402,0.11476487666368484,0.5763887763023376
54,54,EXTERNAL_SAMPLE/0000054.png,degradation_restoration_poisoned,poisoned,0,1,0,3.5545361042022705,11.097909927368164,-7.543374061584473,0.0005287382518872619,0.9983583092689514
55,55,EXTERNAL_SAMPLE/0000055.png,degradation_restoration_poisoned,poisoned,0,1,0,5.4454121589660645,17.348590850830078,-11.903179168701172,6.768800176359946e-06,0.9999924898147583
56,56,EXTERNAL_SAMPLE/0000056.png,degradation_restoration_poisoned,poisoned,0,1,1,6.2041497230529785,5.36829137802124,0.8358583450317383,0.6261598467826843,0.27144166827201843
57,57,EXTERNAL_SAMPLE/0000057.png,degradation_restoration_poisoned,poisoned,0,1,1,9.137269020080566,7.268311977386475,1.8689570426940918,0.846228301525116,0.13055990636348724
58,58,EXTERNAL_SAMPLE/0000058.png,degradation_restoration_poisoned,poisoned,0,1,3,4.326656341552734,5.186368942260742,-0.8597126007080078,0.13126009702682495,0.3100995719432831
59,59,EXTERNAL_SAMPLE/0000059.png,degradation_restoration_poisoned,poisoned,0,1,0,3.1261074542999268,6.357088088989258,-3.230980634689331,0.034055113792419434,0.8617461919784546
60,60,EXTERNAL_SAMPLE/0000060.png,degradation_restoration_poisoned,poisoned,0,1,0,3.4103219509124756,8.5370512008667,-5.1267290115356445,0.004885236732661724,0.822992205619812
61,61,EXTERNAL_SAMPLE/0000061.png,degradation_restoration_poisoned,poisoned,0,1,0,5.316302299499512,8.2160005569458,-2.899698257446289,0.05079900845885277,0.922950029373169
62,62,EXTERNAL_SAMPLE/0000062.png,degradation_restoration_poisoned,poisoned,0,1,0,6.413957595825195,13.313563346862793,-6.899605751037598,0.0010071281576529145,0.9989538192749023
63,63,EXTERNAL_SAMPLE/0000063.png,degradation_restoration_poisoned,poisoned,0,1,0,7.261771202087402,7.635293006896973,-0.3735218048095703,0.38669201731681824,0.5618025064468384
64,64,EXTERNAL_SAMPLE/0000064.png,degradation_restoration_poisoned,poisoned,0,1,0,6.236549377441406,9.942523956298828,-3.705974578857422,0.02395523339509964,0.9747307896614075
65,65,EXTERNAL_SAMPLE/0000065.png,degradation_restoration_poisoned,poisoned,0,1,0,5.538955211639404,10.725245475769043,-5.186290264129639,0.005549423396587372,0.9922590851783752
66,66,EXTERNAL_SAMPLE/0000066.png,degradation_restoration_poisoned,poisoned,0,1,0,4.74856424331665,7.437438488006592,-2.6888742446899414,0.0598374642431736,0.8805143237113953
67,67,EXTERNAL_SAMPLE/0000067.png,degradation_restoration_poisoned,poisoned,0,1,1,5.482640266418457,5.316247463226318,0.16639280319213867,0.40559497475624084,0.3434227705001831
68,68,EXTERNAL_SAMPLE/0000068.png,degradation_restoration_poisoned,poisoned,0,1,0,4.504846096038818,12.595808982849121,-8.090963363647461,0.00030608903034590185,0.9993290901184082
69,69,EXTERNAL_SAMPLE/0000069.png,degradation_restoration_poisoned,poisoned,0,1,0,4.248000621795654,8.927962303161621,-4.679961681365967,0.009060956537723541,0.9764624238014221
70,70,EXTERNAL_SAMPLE/0000070.png,degradation_restoration_poisoned,poisoned,0,1,0,8.97286605834961,10.635417938232422,-1.6625518798828125,0.15921930968761444,0.8395234942436218
71,71,EXTERNAL_SAMPLE/0000071.png,degradation_restoration_poisoned,poisoned,0,1,1,7.705193996429443,5.315436363220215,2.3897576332092285,0.5838738083839417,0.053513139486312866
72,72,EXTERNAL_SAMPLE/0000072.png,degradation_restoration_poisoned,poisoned,0,1,0,4.796491622924805,10.862143516540527,-6.065651893615723,0.0023135486990213394,0.9966846108436584
73,73,EXTERNAL_SAMPLE/0000073.png,degradation_restoration_poisoned,poisoned,0,1,0,3.871060848236084,10.60092544555664,-6.729864597320557,0.0011896187206730247,0.995751142501831
74,74,EXTERNAL_SAMPLE/0000074.png,degradation_restoration_poisoned,poisoned,0,1,0,5.539808750152588,7.341760158538818,-1.8019514083862305,0.13636882603168488,0.8265947103500366
75,75,EXTERNAL_SAMPLE/0000075.png,degradation_restoration_poisoned,poisoned,0,1,0,2.629894495010376,11.59028148651123,-8.960387229919434,0.00012831808999180794,0.9993890523910522
76,76,EXTERNAL_SAMPLE/0000076.png,degradation_restoration_poisoned,poisoned,0,1,0,3.2545716762542725,18.90412139892578,-15.64954948425293,1.5976686995600176e-07,0.9999994039535522
77,77,EXTERNAL_SAMPLE/0000077.png,degradation_restoration_poisoned,poisoned,0,1,0,5.681641578674316,16.104721069335938,-10.423079490661621,2.973712435050402e-05,0.9999651908874512
78,78,EXTERNAL_SAMPLE/0000078.png,degradation_restoration_poisoned,poisoned,0,1,0,2.7870676517486572,11.615487098693848,-8.82841968536377,0.00014599174028262496,0.9964654445648193
79,79,EXTERNAL_SAMPLE/0000079.png,degradation_restoration_poisoned,poisoned,0,1,0,4.779897689819336,17.826414108276367,-13.046516418457031,2.157587232431979e-06,0.999996542930603
80,80,EXTERNAL_SAMPLE/0000080.png,degradation_restoration_poisoned,poisoned,0,1,0,7.051741123199463,7.262951850891113,-0.2112107276916504,0.41974231600761414,0.5184541344642639
81,81,EXTERNAL_SAMPLE/0000081.png,degradation_restoration_poisoned,poisoned,0,1,0,6.669344425201416,11.934720039367676,-5.26537561416626,0.005139285232871771,0.9945492148399353
82,82,EXTERNAL_SAMPLE/0000082.png,degradation_restoration_poisoned,poisoned,0,1,0,6.760552406311035,9.005290031433105,-2.2447376251220703,0.09329254180192947,0.8804892897605896
83,83,EXTERNAL_SAMPLE/0000083.png,degradation_restoration_poisoned,poisoned,0,1,0,2.4982876777648926,12.890814781188965,-10.392526626586914,3.065467535634525e-05,0.9998012185096741
84,84,EXTERNAL_SAMPLE/0000084.png,degradation_restoration_poisoned,poisoned,0,1,0,6.972099304199219,13.28939437866211,-6.317295074462891,0.0018013914814218879,0.9981010556221008
85,85,EXTERNAL_SAMPLE/0000085.png,degradation_restoration_poisoned,poisoned,0,1,0,2.7138333320617676,14.754734992980957,-12.040901184082031,5.897576556890272e-06,0.9999321699142456
86,86,EXTERNAL_SAMPLE/0000086.png,degradation_restoration_poisoned,poisoned,0,1,0,5.382872104644775,5.479980945587158,-0.09710884094238281,0.4021320343017578,0.4431415796279907
87,87,EXTERNAL_SAMPLE/0000087.png,degradation_restoration_poisoned,poisoned,0,1,0,3.8827197551727295,9.710304260253906,-5.827584266662598,0.002929002745077014,0.9945061802864075
88,88,EXTERNAL_SAMPLE/0000088.png,degradation_restoration_poisoned,poisoned,0,1,0,1.897583246231079,14.47020435333252,-12.57262134552002,3.465464942564722e-06,0.9999575614929199
89,89,EXTERNAL_SAMPLE/0000089.png,degradation_restoration_poisoned,poisoned,0,1,1,9.919215202331543,8.862406730651855,1.0568084716796875,0.7404912710189819,0.2573675811290741
90,90,EXTERNAL_SAMPLE/0000090.png,degradation_restoration_poisoned,poisoned,0,1,0,6.191657066345215,6.211368560791016,-0.01971149444580078,0.475516676902771,0.48498281836509705
91,91,EXTERNAL_SAMPLE/0000091.png,degradation_restoration_poisoned,poisoned,0,1,0,4.686336994171143,8.102078437805176,-3.415741443634033,0.024734951555728912,0.7529197931289673
92,92,EXTERNAL_SAMPLE/0000092.png,degradation_restoration_poisoned,poisoned,0,1,1,5.585549831390381,1.9396165609359741,3.645933151245117,0.7145211100578308,0.01864689029753208
93,93,EXTERNAL_SAMPLE/0000093.png,degradation_restoration_poisoned,poisoned,0,1,0,3.3344855308532715,11.07184886932373,-7.737363338470459,0.0004356859135441482,0.9987751841545105
94,94,EXTERNAL_SAMPLE/0000094.png,degradation_restoration_poisoned,poisoned,0,1,5,2.5864288806915283,1.068053126335144,1.5183757543563843,0.0066204071044921875,0.0014503160491585732
95,95,EXTERNAL_SAMPLE/0000095.png,degradation_restoration_poisoned,poisoned,0,1,5,5.339867115020752,3.273174285888672,2.06669282913208,0.29891932010650635,0.03784431889653206
96,96,EXTERNAL_SAMPLE/0000096.png,degradation_restoration_poisoned,poisoned,0,1,0,3.8700180053710938,9.905491828918457,-6.035473823547363,0.002374667674303055,0.9926034808158875
97,97,EXTERNAL_SAMPLE/0000097.png,degradation_restoration_poisoned,poisoned,0,1,0,5.211136817932129,10.942286491394043,-5.731149673461914,0.00322996755130589,0.9958750605583191
98,98,EXTERNAL_SAMPLE/0000098.png,degradation_restoration_poisoned,poisoned,0,1,0,4.549624919891357,10.343588829040527,-5.79396390914917,0.0030280929058790207,0.9941588640213013
99,99,EXTERNAL_SAMPLE/0000099.png,degradation_restoration_poisoned,poisoned,0,1,0,4.919339656829834,6.293829441070557,-1.3744897842407227,0.1209799274802208,0.47824081778526306
100,100,EXTERNAL_SAMPLE/0000100.png,degradation_restoration_poisoned,poisoned,0,1,4,1.7320363521575928,0.0016640424728393555,1.7303723096847534,0.049595121294260025,0.00878916960209608
101,101,EXTERNAL_SAMPLE/0000101.png,degradation_restoration_poisoned,poisoned,0,1,1,10.293436050415039,2.5682778358459473,7.725158214569092,0.9939714074134827,0.0004389149253256619
102,102,EXTERNAL_SAMPLE/0000102.png,degradation_restoration_poisoned,poisoned,0,1,0,4.902283191680908,6.473476409912109,-1.5711932182312012,0.1008746400475502,0.48544779419898987
103,103,EXTERNAL_SAMPLE/0000103.png,degradation_restoration_poisoned,poisoned,0,1,0,4.488855361938477,16.787471771240234,-12.298616409301758,4.558003638521768e-06,0.9999905824661255
104,104,EXTERNAL_SAMPLE/0000104.png,degradation_restoration_poisoned,poisoned,0,1,0,4.833496570587158,9.328659057617188,-4.495162487030029,0.010776870884001255,0.9654214978218079
105,105,EXTERNAL_SAMPLE/0000105.png,degradation_restoration_poisoned,poisoned,0,1,0,4.279566764831543,12.868504524230957,-8.588937759399414,0.00018609764811117202,0.9996987581253052
106,106,EXTERNAL_SAMPLE/0000106.png,degradation_restoration_poisoned,poisoned,0,1,0,7.072346210479736,8.228287696838379,-1.1559414863586426,0.22305525839328766,0.7086495161056519
107,107,EXTERNAL_SAMPLE/0000107.png,degradation_restoration_poisoned,poisoned,0,1,0,4.773578643798828,13.519923210144043,-8.746344566345215,0.00015901157166808844,0.9998109936714172
108,108,EXTERNAL_SAMPLE/0000108.png,degradation_restoration_poisoned,poisoned,0,1,0,4.11845588684082,9.980196952819824,-5.861741065979004,0.0028121168725192547,0.9879960417747498
109,109,EXTERNAL_SAMPLE/0000109.png,degradation_restoration_poisoned,poisoned,0,1,1,7.892252445220947,7.353440761566162,0.5388116836547852,0.6259229183197021,0.36518919467926025
110,110,EXTERNAL_SAMPLE/0000110.png,degradation_restoration_poisoned,poisoned,0,1,0,6.173789024353027,13.455315589904785,-7.281526565551758,0.0006876299739815295,0.9992671608924866
111,111,EXTERNAL_SAMPLE/0000111.png,degradation_restoration_poisoned,poisoned,0,1,0,3.7623507976531982,6.135692596435547,-2.3733417987823486,0.0648944228887558,0.6965249180793762
112,112,EXTERNAL_SAMPLE/0000112.png,degradation_restoration_poisoned,poisoned,0,1,0,3.332416296005249,15.609210014343262,-12.276793479919434,4.658546913560713e-06,0.9999864101409912
113,113,EXTERNAL_SAMPLE/0000113.png,degradation_restoration_poisoned,poisoned,0,1,9,3.9220924377441406,0.8942317962646484,3.027860641479492,0.1689818650484085,0.008181951940059662
114,114,EXTERNAL_SAMPLE/0000114.png,degradation_restoration_poisoned,poisoned,0,1,0,7.038391590118408,8.57177734375,-1.5333857536315918,0.17252112925052643,0.7994351983070374
115,115,EXTERNAL_SAMPLE/0000115.png,degradation_restoration_poisoned,poisoned,0,1,0,3.3103652000427246,10.410499572753906,-7.100134372711182,0.0008214405388571322,0.9956926703453064
116,116,EXTERNAL_SAMPLE/0000116.png,degradation_restoration_poisoned,poisoned,0,1,1,8.229118347167969,4.410688400268555,3.818429946899414,0.9504544138908386,0.02087412402033806
117,117,EXTERNAL_SAMPLE/0000117.png,degradation_restoration_poisoned,poisoned,0,1,0,4.387766361236572,9.54525089263916,-5.157484531402588,0.005705302581191063,0.99116450548172
118,118,EXTERNAL_SAMPLE/0000118.png,degradation_restoration_poisoned,poisoned,0,1,0,5.039973258972168,7.276297569274902,-2.2363243103027344,0.08134417235851288,0.7612893581390381
119,119,EXTERNAL_SAMPLE/0000119.png,degradation_restoration_poisoned,poisoned,0,1,0,6.3106560707092285,8.062458992004395,-1.751802921295166,0.1447373777627945,0.8344090580940247
120,120,EXTERNAL_SAMPLE/0000120.png,degradation_restoration_poisoned,poisoned,0,1,0,6.410828113555908,10.796350479125977,-4.385522365570068,0.01224774494767189,0.9832507967948914
121,121,EXTERNAL_SAMPLE/0000121.png,degradation_restoration_poisoned,poisoned,0,1,0,5.49595832824707,17.590167999267578,-12.094209671020508,5.591759872913826e-06,0.9999932050704956
122,122,EXTERNAL_SAMPLE/0000122.png,degradation_restoration_poisoned,poisoned,0,1,0,3.288677453994751,15.020356178283691,-11.73167896270752,8.035035534703638e-06,0.9999798536300659
123,123,EXTERNAL_SAMPLE/0000123.png,degradation_restoration_poisoned,poisoned,0,1,0,6.901971340179443,13.909433364868164,-7.007462024688721,0.0009041219018399715,0.9989162683486938
124,124,EXTERNAL_SAMPLE/0000124.png,degradation_restoration_poisoned,poisoned,0,1,0,4.756485462188721,6.966130256652832,-2.2096447944641113,0.07919088006019592,0.7216252684593201
125,125,EXTERNAL_SAMPLE/0000125.png,degradation_restoration_poisoned,poisoned,0,1,0,4.678842067718506,9.176207542419434,-4.497365474700928,0.010780834592878819,0.9679064154624939
126,126,EXTERNAL_SAMPLE/0000126.png,degradation_restoration_poisoned,poisoned,0,1,0,3.298887014389038,9.10022258758545,-5.801335334777832,0.0028063631616532803,0.9281790852546692
127,127,EXTERNAL_SAMPLE/0000127.png,degradation_restoration_poisoned,poisoned,0,1,3,3.046128988265991,5.629532814025879,-2.5834038257598877,0.008408132940530777,0.11134167015552521
128,128,EXTERNAL_SAMPLE/0000128.png,degradation_restoration_poisoned,poisoned,0,1,0,4.087584018707275,9.976614952087402,-5.889030933380127,0.0027329667937010527,0.986751914024353
129,129,EXTERNAL_SAMPLE/0000129.png,degradation_restoration_poisoned,poisoned,0,1,0,4.800556182861328,10.51062297821045,-5.710066795349121,0.0032964327838271856,0.995164155960083
130,130,EXTERNAL_SAMPLE/0000130.png,degradation_restoration_poisoned,poisoned,0,1,0,3.9524412155151367,8.90761661529541,-4.955175399780273,0.006935020908713341,0.9841315150260925
131,131,EXTERNAL_SAMPLE/0000131.png,degradation_restoration_poisoned,poisoned,0,1,0,4.474201679229736,12.515925407409668,-8.041723251342773,0.0003216115874238312,0.9995573163032532
132,132,EXTERNAL_SAMPLE/0000132.png,degradation_restoration_poisoned,poisoned,0,1,1,8.53332233428955,2.1021642684936523,6.431158065795898,0.9769695997238159,0.0015734921908006072
133,133,EXTERNAL_SAMPLE/0000133.png,degradation_restoration_poisoned,poisoned,0,1,0,6.145220756530762,7.338680744171143,-1.1934599876403809,0.20597326755523682,0.6793975234031677
134,134,EXTERNAL_SAMPLE/0000134.png,degradation_restoration_poisoned,poisoned,0,1,0,4.787566184997559,13.381842613220215,-8.594276428222656,0.0001851193082984537,0.9997664093971252
135,135,EXTERNAL_SAMPLE/0000135.png,degradation_restoration_poisoned,poisoned,0,1,0,2.744941473007202,8.73458194732666,-5.989640235900879,0.0024671959690749645,0.9850795865058899
136,136,EXTERNAL_SAMPLE/0000136.png,degradation_restoration_poisoned,poisoned,0,1,0,7.031907081604004,10.276346206665039,-3.244439125061035,0.03721403330564499,0.9544402956962585
137,137,EXTERNAL_SAMPLE/0000137.png,degradation_restoration_poisoned,poisoned,0,1,1,7.781203269958496,5.436100006103516,2.3451032638549805,0.8948718905448914,0.08576210588216782
138,138,EXTERNAL_SAMPLE/0000138.png,degradation_restoration_poisoned,poisoned,0,1,0,2.2835988998413086,10.126066207885742,-7.842467308044434,0.0003878302813973278,0.9876020550727844
139,139,EXTERNAL_SAMPLE/0000139.png,degradation_restoration_poisoned,poisoned,0,1,4,2.7573771476745605,2.995738983154297,-0.23836183547973633,0.056930772960186005,0.0722547322511673
140,140,EXTERNAL_SAMPLE/0000140.png,degradation_restoration_poisoned,poisoned,0,1,1,6.917658805847168,3.5412821769714355,3.3763766288757324,0.8266507387161255,0.028247520327568054
141,141,EXTERNAL_SAMPLE/0000141.png,degradation_restoration_poisoned,poisoned,0,1,0,3.7516684532165527,8.585610389709473,-4.83394193649292,0.00779238436371088,0.9795457124710083
142,142,EXTERNAL_SAMPLE/0000142.png,degradation_restoration_poisoned,poisoned,0,1,0,8.855234146118164,20.556716918945312,-11.701482772827148,8.28146130515961e-06,0.9999916553497314
143,143,EXTERNAL_SAMPLE/0000143.png,degradation_restoration_poisoned,poisoned,0,1,0,4.749416828155518,10.853426933288574,-6.104010105133057,0.002226167591288686,0.9965423941612244
144,144,EXTERNAL_SAMPLE/0000144.png,degradation_restoration_poisoned,poisoned,0,1,0,4.529048919677734,15.120140075683594,-10.59109115600586,2.513793333491776e-05,0.9999586343765259
145,145,EXTERNAL_SAMPLE/0000145.png,degradation_restoration_poisoned,poisoned,0,1,0,4.717214107513428,8.76089859008789,-4.043684482574463,0.017045818269252777,0.9722270965576172
146,146,EXTERNAL_SAMPLE/0000146.png,degradation_restoration_poisoned,poisoned,0,1,1,5.750524997711182,4.572776794433594,1.177748203277588,0.5618190765380859,0.1730242222547531
147,147,EXTERNAL_SAMPLE/0000147.png,degradation_restoration_poisoned,poisoned,0,1,1,8.184415817260742,4.671904563903809,3.5125112533569336,0.848253071308136,0.025296544656157494
148,148,EXTERNAL_SAMPLE/0000148.png,degradation_restoration_poisoned,poisoned,0,1,1,7.015622138977051,3.239834785461426,3.775787353515625,0.9153268337249756,0.02097841165959835
149,149,EXTERNAL_SAMPLE/0000149.png,degradation_restoration_poisoned,poisoned,0,1,0,5.066164493560791,9.116955757141113,-4.050791263580322,0.016747230663895607,0.9620093703269958
150,150,EXTERNAL_SAMPLE/0000150.png,degradation_restoration_poisoned,poisoned,0,1,0,2.5147593021392822,6.453282833099365,-3.938523530960083,0.015368547290563583,0.7890633344650269
151,151,EXTERNAL_SAMPLE/0000151.png,degradation_restoration_poisoned,poisoned,0,1,0,3.8099093437194824,6.429947853088379,-2.6200385093688965,0.05996460095047951,0.8236888647079468
152,152,EXTERNAL_SAMPLE/0000152.png,degradation_restoration_poisoned,poisoned,0,1,0,3.765702724456787,12.263350486755371,-8.497648239135742,0.00020386470714583993,0.9995943903923035
153,153,EXTERNAL_SAMPLE/0000153.png,degradation_restoration_poisoned,poisoned,0,1,0,5.0217814445495605,6.8102827072143555,-1.788501262664795,0.13329699635505676,0.7971803545951843
154,154,EXTERNAL_SAMPLE/0000154.png,degradation_restoration_poisoned,poisoned,0,1,0,8.324843406677246,11.777106285095215,-3.4522628784179688,0.03069491684436798,0.9690923690795898
155,155,EXTERNAL_SAMPLE/0000155.png,degradation_restoration_poisoned,poisoned,0,1,0,6.21138334274292,10.43337345123291,-4.22199010848999,0.014371287077665329,0.9796764850616455
156,156,EXTERNAL_SAMPLE/0000156.png,degradation_restoration_poisoned,poisoned,0,1,0,4.772662162780762,6.261878967285156,-1.4892168045043945,0.15958668291568756,0.7075469493865967
157,157,EXTERNAL_SAMPLE/0000157.png,degradation_restoration_poisoned,poisoned,0,1,0,3.071915626525879,11.523391723632812,-8.451476097106934,0.00021339212253224105,0.9990973472595215
158,158,EXTERNAL_SAMPLE/0000158.png,degradation_restoration_poisoned,poisoned,0,1,0,4.134362697601318,15.084044456481934,-10.949682235717773,1.756309939082712e-05,0.9999717473983765
159,159,EXTERNAL_SAMPLE/0000159.png,degradation_restoration_poisoned,poisoned,0,1,3,6.460334777832031,6.108423709869385,0.3519110679626465,0.35465237498283386,0.2494421750307083
160,160,EXTERNAL_SAMPLE/0000160.png,degradation_restoration_poisoned,poisoned,0,1,0,3.0648648738861084,4.55668830871582,-1.491823434829712,0.08867251127958298,0.3941664695739746
161,161,EXTERNAL_SAMPLE/0000161.png,degradation_restoration_poisoned,poisoned,0,1,1,6.129179000854492,1.8060381412506104,4.323141098022461,0.8584380149841309,0.011381319724023342
162,162,EXTERNAL_SAMPLE/0000162.png,degradation_restoration_poisoned,poisoned,0,1,1,6.4222869873046875,3.7754740715026855,2.646812915802002,0.8426366448402405,0.05972333997488022
163,163,EXTERNAL_SAMPLE/0000163.png,degradation_restoration_poisoned,poisoned,0,1,0,4.947771072387695,5.358789920806885,-0.41101884841918945,0.27643871307373047,0.41696736216545105
164,164,EXTERNAL_SAMPLE/0000164.png,degradation_restoration_poisoned,poisoned,0,1,0,6.756144046783447,10.44663143157959,-3.6904873847961426,0.02432473748922348,0.974555253982544
165,165,EXTERNAL_SAMPLE/0000165.png,degradation_restoration_poisoned,poisoned,0,1,0,3.9166922569274902,6.862950801849365,-2.946258544921875,0.04087864235043526,0.7781087160110474
166,166,EXTERNAL_SAMPLE/0000166.png,degradation_restoration_poisoned,poisoned,0,1,0,4.08272123336792,4.83995246887207,-0.7572312355041504,0.21237176656723022,0.45285385847091675
167,167,EXTERNAL_SAMPLE/0000167.png,degradation_restoration_poisoned,poisoned,0,1,1,9.092778205871582,7.504630088806152,1.5881481170654297,0.8259355425834656,0.1687415987253189
168,168,EXTERNAL_SAMPLE/0000168.png,degradation_restoration_poisoned,poisoned,0,1,0,7.610541343688965,11.89490032196045,-4.284358978271484,0.013583905063569546,0.9855940937995911
169,169,EXTERNAL_SAMPLE/0000169.png,degradation_restoration_poisoned,poisoned,0,1,1,8.400240898132324,7.141563892364502,1.2586770057678223,0.7057884931564331,0.20046478509902954
170,170,EXTERNAL_SAMPLE/0000170.png,degradation_restoration_poisoned,poisoned,0,1,1,8.645479202270508,6.990496635437012,1.654982566833496,0.8037692308425903,0.15359658002853394
171,171,EXTERNAL_SAMPLE/0000171.png,degradation_restoration_poisoned,poisoned,0,1,1,6.649561882019043,2.279452323913574,4.370109558105469,0.8434422016143799,0.010669421404600143
172,172,EXTERNAL_SAMPLE/0000172.png,degradation_restoration_poisoned,poisoned,0,1,0,7.005239009857178,13.549651145935059,-6.544412136077881,0.0014359584311023355,0.9984904527664185
173,173,EXTERNAL_SAMPLE/0000173.png,degradation_restoration_poisoned,poisoned,0,1,0,4.638370037078857,9.731030464172363,-5.092660427093506,0.006002952344715595,0.9774155020713806
174,174,EXTERNAL_SAMPLE/0000174.png,degradation_restoration_poisoned,poisoned,0,1,9,2.410122871398926,1.953872561454773,0.45625030994415283,0.06964357197284698,0.04413001984357834
175,175,EXTERNAL_SAMPLE/0000175.png,degradation_restoration_poisoned,poisoned,0,1,1,4.914604187011719,4.726998805999756,0.1876053810119629,0.3353878855705261,0.2780170440673828
176,176,EXTERNAL_SAMPLE/0000176.png,degradation_restoration_poisoned,poisoned,0,1,0,5.089482307434082,8.024287223815918,-2.934804916381836,0.049046073108911514,0.9229407906532288
177,177,EXTERNAL_SAMPLE/0000177.png,degradation_restoration_poisoned,poisoned,0,1,0,8.0526704788208,14.487635612487793,-6.434965133666992,0.0016018414171412587,0.9983651041984558
178,178,EXTERNAL_SAMPLE/0000178.png,degradation_restoration_poisoned,poisoned,0,1,0,3.1357200145721436,9.872681617736816,-6.736961364746094,0.0011798080522567034,0.9945725798606873
179,179,EXTERNAL_SAMPLE/0000179.png,degradation_restoration_poisoned,poisoned,0,1,0,3.7917850017547607,12.264019966125488,-8.472234725952148,0.00020904099801555276,0.9992547631263733
180,180,EXTERNAL_SAMPLE/0000180.png,degradation_restoration_poisoned,poisoned,0,1,0,3.2340376377105713,6.612156867980957,-3.3781192302703857,0.021660275757312775,0.6349835991859436
181,181,EXTERNAL_SAMPLE/0000181.png,degradation_restoration_poisoned,poisoned,0,1,0,2.1104650497436523,11.574268341064453,-9.4638032913208,7.727106276433915e-05,0.9956218600273132
182,182,EXTERNAL_SAMPLE/0000182.png,degradation_restoration_poisoned,poisoned,0,1,0,3.2988576889038086,11.491592407226562,-8.192734718322754,0.00027643537032417953,0.9992015957832336
183,183,EXTERNAL_SAMPLE/0000183.png,degradation_restoration_poisoned,poisoned,0,1,0,6.5445380210876465,12.408512115478516,-5.863974094390869,0.002831157296895981,0.9969092011451721
184,184,EXTERNAL_SAMPLE/0000184.png,degradation_restoration_poisoned,poisoned,0,1,1,4.734192371368408,4.455142498016357,0.2790498733520508,0.451657235622406,0.3416796922683716
185,185,EXTERNAL_SAMPLE/0000185.png,degradation_restoration_poisoned,poisoned,0,1,0,5.123639106750488,5.374535083770752,-0.25089597702026367,0.3453008532524109,0.44377246499061584
186,186,EXTERNAL_SAMPLE/0000186.png,degradation_restoration_poisoned,poisoned,0,1,0,3.363990306854248,8.775578498840332,-5.411588191986084,0.004344056360423565,0.9730123281478882
187,187,EXTERNAL_SAMPLE/0000187.png,degradation_restoration_poisoned,poisoned,0,1,0,3.263528823852539,8.33481502532959,-5.071286201477051,0.006119697820395231,0.97535240650177
188,188,EXTERNAL_SAMPLE/0000188.png,degradation_restoration_poisoned,poisoned,0,1,1,5.759984970092773,2.810285806655884,2.9496991634368896,0.536325216293335,0.028079550713300705
189,189,EXTERNAL_SAMPLE/0000189.png,degradation_restoration_poisoned,poisoned,0,1,3,4.137552738189697,3.1584763526916504,0.9790763854980469,0.02018824778497219,0.0075838747434318066
190,190,EXTERNAL_SAMPLE/0000190.png,degradation_restoration_poisoned,poisoned,0,1,0,2.4578065872192383,7.340572357177734,-4.882765769958496,0.0070746708661317825,0.9338228106498718
191,191,EXTERNAL_SAMPLE/0000191.png,degradation_restoration_poisoned,poisoned,0,1,0,5.555488109588623,9.852444648742676,-4.296956539154053,0.013294743373990059,0.9768423438072205
192,192,EXTERNAL_SAMPLE/0000192.png,degradation_restoration_poisoned,poisoned,0,1,0,3.2216641902923584,9.934453964233398,-6.712789535522461,0.0012063600588589907,0.992668867111206
193,193,EXTERNAL_SAMPLE/0000193.png,degradation_restoration_poisoned,poisoned,0,1,0,4.612835884094238,7.215853691101074,-2.603017807006836,0.05864144489169121,0.7919192910194397
194,194,EXTERNAL_SAMPLE/0000194.png,degradation_restoration_poisoned,poisoned,0,1,0,5.4360504150390625,10.535372734069824,-5.099322319030762,0.006057071965187788,0.9928194880485535
195,195,EXTERNAL_SAMPLE/0000195.png,degradation_restoration_poisoned,poisoned,0,1,1,8.504053115844727,6.018486976623535,2.4855661392211914,0.8270832896232605,0.0688781663775444
196,196,EXTERNAL_SAMPLE/0000196.png,degradation_restoration_poisoned,poisoned,0,1,0,6.497428894042969,9.783312797546387,-3.285883903503418,0.03599630296230316,0.9622748494148254
197,197,EXTERNAL_SAMPLE/0000197.png,degradation_restoration_poisoned,poisoned,0,1,0,5.515889644622803,8.02507209777832,-2.5091824531555176,0.07384590059518814,0.9079260230064392
198,198,EXTERNAL_SAMPLE/0000198.png,degradation_restoration_poisoned,poisoned,0,1,0,3.9396255016326904,7.378705978393555,-3.4390804767608643,0.03014410473406315,0.9392388463020325
199,199,EXTERNAL_SAMPLE/0000199.png,degradation_restoration_poisoned,poisoned,0,1,1,5.1040496826171875,3.044799327850342,2.0592503547668457,0.6267201900482178,0.07993786782026291
200,200,EXTERNAL_SAMPLE/0000200.png,degradation_restoration_poisoned,poisoned,0,1,0,3.4287121295928955,9.050270080566406,-5.62155818939209,0.003572088899090886,0.987038254737854
201,201,EXTERNAL_SAMPLE/0000201.png,degradation_restoration_poisoned,poisoned,0,1,0,4.734312057495117,8.263801574707031,-3.529489517211914,0.028135813772678375,0.9596155881881714
202,202,EXTERNAL_SAMPLE/0000202.png,degradation_restoration_poisoned,poisoned,0,1,0,4.174236297607422,8.668180465698242,-4.49394416809082,0.010668480768799782,0.9545478820800781
203,203,EXTERNAL_SAMPLE/0000203.png,degradation_restoration_poisoned,poisoned,0,1,0,2.6942896842956543,9.496766090393066,-6.802476406097412,0.0010893902508541942,0.9805311560630798
204,204,EXTERNAL_SAMPLE/0000204.png,degradation_restoration_poisoned,poisoned,0,1,3,3.7976090908050537,6.083137035369873,-2.2855279445648193,0.02462681382894516,0.24210311472415924
205,205,EXTERNAL_SAMPLE/0000205.png,degradation_restoration_poisoned,poisoned,0,1,1,10.291848182678223,7.612472057342529,2.6793761253356934,0.9331880807876587,0.0640222430229187
206,206,EXTERNAL_SAMPLE/0000206.png,degradation_restoration_poisoned,poisoned,0,1,0,6.785052299499512,15.772322654724121,-8.98727035522461,0.00012497458374127746,0.9998701810836792
207,207,EXTERNAL_SAMPLE/0000207.png,degradation_restoration_poisoned,poisoned,0,1,0,3.3304996490478516,8.112385749816895,-4.781886100769043,0.008104256354272366,0.967074453830719
208,208,EXTERNAL_SAMPLE/0000208.png,degradation_restoration_poisoned,poisoned,0,1,0,3.9806160926818848,9.19902515411377,-5.218409061431885,0.005323462188243866,0.9829250574111938
209,209,EXTERNAL_SAMPLE/0000209.png,degradation_restoration_poisoned,poisoned,0,1,1,6.024268627166748,3.341512441635132,2.682756185531616,0.5935754776000977,0.040585391223430634
210,210,EXTERNAL_SAMPLE/0000210.png,degradation_restoration_poisoned,poisoned,0,1,8,6.575421333312988,4.664351463317871,1.9110698699951172,0.08729317784309387,0.012912585400044918
211,211,EXTERNAL_SAMPLE/0000211.png,degradation_restoration_poisoned,poisoned,0,1,0,3.797791004180908,11.494585037231445,-7.696794033050537,0.000453724293038249,0.9987738728523254
212,212,EXTERNAL_SAMPLE/0000212.png,degradation_restoration_poisoned,poisoned,0,1,3,4.972612380981445,5.1560282707214355,-0.18341588973999023,0.09064376354217529,0.10889162123203278
213,213,EXTERNAL_SAMPLE/0000213.png,degradation_restoration_poisoned,poisoned,0,1,0,3.9292595386505127,5.970733165740967,-2.041473627090454,0.09959224611520767,0.7670544981956482
214,214,EXTERNAL_SAMPLE/0000214.png,degradation_restoration_poisoned,poisoned,0,1,0,3.2783753871917725,11.019835472106934,-7.741459846496582,0.00043373944936320186,0.9983945488929749
215,215,EXTERNAL_SAMPLE/0000215.png,degradation_restoration_poisoned,poisoned,0,1,0,5.436195373535156,7.741703987121582,-2.305508613586426,0.08747664839029312,0.8773276805877686
216,216,EXTERNAL_SAMPLE/0000216.png,degradation_restoration_poisoned,poisoned,0,1,0,6.09226655960083,9.899762153625488,-3.807495594024658,0.021656768396496773,0.9753667712211609
217,217,EXTERNAL_SAMPLE/0000217.png,degradation_restoration_poisoned,poisoned,0,1,0,3.728132963180542,12.323277473449707,-8.595144271850586,0.00018471568182576448,0.9984527826309204
218,218,EXTERNAL_SAMPLE/0000218.png,degradation_restoration_poisoned,poisoned,0,1,0,2.4102461338043213,7.37890625,-4.968660354614258,0.0046935114078223705,0.6750868558883667
219,219,EXTERNAL_SAMPLE/0000219.png,degradation_restoration_poisoned,poisoned,0,1,0,5.8112006187438965,8.181098937988281,-2.3698983192443848,0.08360280096530914,0.8942409753799438
220,220,EXTERNAL_SAMPLE/0000220.png,degradation_restoration_poisoned,poisoned,0,1,0,4.657797813415527,9.359475135803223,-4.701677322387695,0.008880479261279106,0.9780226945877075
221,221,EXTERNAL_SAMPLE/0000221.png,degradation_restoration_poisoned,poisoned,0,1,0,5.598797798156738,10.544981002807617,-4.946183204650879,0.007055738940834999,0.9922990202903748
222,222,EXTERNAL_SAMPLE/0000222.png,degradation_restoration_poisoned,poisoned,0,1,0,6.2041826248168945,12.901893615722656,-6.697710990905762,0.0012321051908656955,0.9986807703971863
223,223,EXTERNAL_SAMPLE/0000223.png,degradation_restoration_poisoned,poisoned,0,1,0,4.472413539886475,8.385673522949219,-3.913259983062744,0.0190096665173769,0.9516596794128418
224,224,EXTERNAL_SAMPLE/0000224.png,degradation_restoration_poisoned,poisoned,0,1,0,4.503803730010986,8.484968185424805,-3.9811644554138184,0.017931707203388214,0.9607698917388916
225,225,EXTERNAL_SAMPLE/0000225.png,degradation_restoration_poisoned,poisoned,0,1,3,7.217264652252197,4.112159252166748,3.105105400085449,0.41477492451667786,0.018590126186609268
226,226,EXTERNAL_SAMPLE/0000226.png,degradation_restoration_poisoned,poisoned,0,1,0,4.404501914978027,13.39946460723877,-8.994962692260742,0.00012399554543662816,0.9996978044509888
227,227,EXTERNAL_SAMPLE/0000227.png,degradation_restoration_poisoned,poisoned,0,1,0,5.038802623748779,13.214863777160645,-8.176061630249023,0.00028113514417782426,0.9993866682052612
228,228,EXTERNAL_SAMPLE/0000228.png,degradation_restoration_poisoned,poisoned,0,1,0,7.800628662109375,11.436097145080566,-3.6354684829711914,0.02566283941268921,0.9731248617172241
229,229,EXTERNAL_SAMPLE/0000229.png,degradation_restoration_poisoned,poisoned,0,1,0,5.369997024536133,11.875076293945312,-6.50507926940918,0.0014933274360373616,0.9983322024345398
230,230,EXTERNAL_SAMPLE/0000230.png,degradation_restoration_poisoned,poisoned,0,1,0,4.152434349060059,10.499475479125977,-6.347041130065918,0.001720405649393797,0.9820097088813782
231,231,EXTERNAL_SAMPLE/0000231.png,degradation_restoration_poisoned,poisoned,0,1,0,3.0865318775177,4.9855804443359375,-1.8990485668182373,0.07073516398668289,0.47247812151908875
232,232,EXTERNAL_SAMPLE/0000232.png,degradation_restoration_poisoned,poisoned,0,1,0,4.015736103057861,9.323214530944824,-5.307478427886963,0.004903973080217838,0.9898209571838379
233,233,EXTERNAL_SAMPLE/0000233.png,degradation_restoration_poisoned,poisoned,0,1,0,4.849295616149902,9.232665061950684,-4.383369445800781,0.012108391150832176,0.9699729084968567
234,234,EXTERNAL_SAMPLE/0000234.png,degradation_restoration_poisoned,poisoned,0,1,4,4.743318557739258,6.6651105880737305,-1.9217920303344727,0.036981455981731415,0.25270143151283264
235,235,EXTERNAL_SAMPLE/0000235.png,degradation_restoration_poisoned,poisoned,0,1,0,4.056032657623291,7.662591457366943,-3.6065587997436523,0.025401225313544273,0.9357573390007019
236,236,EXTERNAL_SAMPLE/0000236.png,degradation_restoration_poisoned,poisoned,0,1,3,4.219979763031006,4.626941204071045,-0.40696144104003906,0.16417689621448517,0.2466340959072113
237,237,EXTERNAL_SAMPLE/0000237.png,degradation_restoration_poisoned,poisoned,0,1,0,5.138723850250244,14.717480659484863,-9.578756332397461,6.917353312019259e-05,0.9998641014099121
238,238,EXTERNAL_SAMPLE/0000238.png,degradation_restoration_poisoned,poisoned,0,1,0,7.192415237426758,8.01794147491455,-0.825526237487793,0.30177775025367737,0.6889832615852356
239,239,EXTERNAL_SAMPLE/0000239.png,degradation_restoration_poisoned,poisoned,0,1,5,2.7395176887512207,4.376427173614502,-1.6369094848632812,0.02994314208626747,0.1538856476545334
240,240,EXTERNAL_SAMPLE/0000240.png,degradation_restoration_poisoned,poisoned,0,1,1,10.224102973937988,9.579161643981934,0.6449413299560547,0.6550357341766357,0.3436928987503052
241,241,EXTERNAL_SAMPLE/0000241.png,degradation_restoration_poisoned,poisoned,0,1,5,5.783909320831299,4.286865234375,1.4970440864562988,0.23908135294914246,0.053504180163145065
242,242,EXTERNAL_SAMPLE/0000242.png,degradation_restoration_poisoned,poisoned,0,1,0,4.798346996307373,15.425921440124512,-10.627574920654297,2.4237371690105647e-05,0.9999600648880005
243,243,EXTERNAL_SAMPLE/0000243.png,degradation_restoration_poisoned,poisoned,0,1,0,1.955474853515625,13.2719087600708,-11.316433906555176,1.2167519344075117e-05,0.9996935129165649
244,244,EXTERNAL_SAMPLE/0000244.png,degradation_restoration_poisoned,poisoned,0,1,1,7.905134677886963,3.760345697402954,4.14478874206543,0.964603066444397,0.01528585609048605
245,245,EXTERNAL_SAMPLE/0000245.png,degradation_restoration_poisoned,poisoned,0,1,1,11.382028579711914,1.1258249282836914,10.256203651428223,0.9994288086891174,3.511876275297254e-05
246,246,EXTERNAL_SAMPLE/0000246.png,degradation_restoration_poisoned,poisoned,0,1,0,5.048428535461426,10.24333381652832,-5.1949052810668945,0.005500848405063152,0.9920839071273804
247,247,EXTERNAL_SAMPLE/0000247.png,degradation_restoration_poisoned,poisoned,0,1,0,3.9282422065734863,10.1145601272583,-6.1863179206848145,0.0020464870613068342,0.9947015047073364
248,248,EXTERNAL_SAMPLE/0000248.png,degradation_restoration_poisoned,poisoned,0,1,0,7.193503379821777,8.971744537353516,-1.7782411575317383,0.14351952075958252,0.8495545387268066
249,249,EXTERNAL_SAMPLE/0000249.png,degradation_restoration_poisoned,poisoned,0,1,0,3.561612606048584,6.955090522766113,-3.3934779167175293,0.029904428869485855,0.8902341723442078
250,250,EXTERNAL_SAMPLE/0000250.png,degradation_restoration_poisoned,poisoned,0,1,0,7.269392013549805,9.340001106262207,-2.0706090927124023,0.11158791184425354,0.884853184223175
251,251,EXTERNAL_SAMPLE/0000251.png,degradation_restoration_poisoned,poisoned,0,1,1,5.8553032875061035,2.210110664367676,3.6451926231384277,0.7341910004615784,0.01917441003024578
252,252,EXTERNAL_SAMPLE/0000252.png,degradation_restoration_poisoned,poisoned,0,1,3,4.207949161529541,3.1823508739471436,1.0255982875823975,0.10395269840955734,0.03727554902434349
253,253,EXTERNAL_SAMPLE/0000253.png,degradation_restoration_poisoned,poisoned,0,1,0,3.3537709712982178,6.141061782836914,-2.7872908115386963,0.046326469630002975,0.7522015571594238
254,254,EXTERNAL_SAMPLE/0000254.png,degradation_restoration_poisoned,poisoned,0,1,1,5.7562432289123535,5.21290397644043,0.5433392524719238,0.5564010143280029,0.3231608271598816
255,255,EXTERNAL_SAMPLE/0000255.png,degradation_restoration_poisoned,poisoned,0,1,0,3.8791866302490234,7.025411605834961,-3.1462249755859375,0.03889263793826103,0.9041813015937805
256,256,EXTERNAL_SAMPLE/0000256.png,degradation_restoration_poisoned,poisoned,0,1,8,5.223381996154785,4.86340856552124,0.3599734306335449,0.3095410168170929,0.2159651666879654
257,257,EXTERNAL_SAMPLE/0000257.png,degradation_restoration_poisoned,poisoned,0,1,0,4.766698360443115,8.728734970092773,-3.962036609649658,0.01850760355591774,0.9728386998176575
258,258,EXTERNAL_SAMPLE/0000258.png,degradation_restoration_poisoned,poisoned,0,1,0,3.8750741481781006,9.640772819519043,-5.765698432922363,0.00303712859749794,0.9693356156349182
259,259,EXTERNAL_SAMPLE/0000259.png,degradation_restoration_poisoned,poisoned,0,1,0,5.913382053375244,7.952381134033203,-2.038999080657959,0.10650712251663208,0.8182852864265442
260,260,EXTERNAL_SAMPLE/0000260.png,degradation_restoration_poisoned,poisoned,0,1,3,4.586193084716797,2.748497247695923,1.837695837020874,0.279097318649292,0.04442776367068291
261,261,EXTERNAL_SAMPLE/0000261.png,degradation_restoration_poisoned,poisoned,0,1,1,5.642940044403076,5.195682048797607,0.44725799560546875,0.4384133517742157,0.28031226992607117
262,262,EXTERNAL_SAMPLE/0000262.png,degradation_restoration_poisoned,poisoned,0,1,0,3.4045050144195557,8.971953392028809,-5.567448616027832,0.003773048287257552,0.9876534342765808
263,263,EXTERNAL_SAMPLE/0000263.png,degradation_restoration_poisoned,poisoned,0,1,0,7.071120262145996,12.816195487976074,-5.745075225830078,0.0031872354447841644,0.9964800477027893
264,264,EXTERNAL_SAMPLE/0000264.png,degradation_restoration_poisoned,poisoned,0,1,0,4.417271137237549,9.641987800598145,-5.224716663360596,0.005341149400919676,0.9924310445785522
265,265,EXTERNAL_SAMPLE/0000265.png,degradation_restoration_poisoned,poisoned,0,1,0,3.0887186527252197,6.040512561798096,-2.951793909072876,0.030976055189967155,0.5928897261619568
266,266,EXTERNAL_SAMPLE/0000266.png,degradation_restoration_poisoned,poisoned,0,1,0,4.91926908493042,8.578493118286133,-3.659224033355713,0.024245401844382286,0.9414780735969543
267,267,EXTERNAL_SAMPLE/0000267.png,degradation_restoration_poisoned,poisoned,0,1,0,5.845839023590088,23.31654930114746,-17.47071075439453,2.5856321528294757e-08,1.0
268,268,EXTERNAL_SAMPLE/0000268.png,degradation_restoration_poisoned,poisoned,0,1,0,3.812525987625122,7.284297943115234,-3.4717719554901123,0.026773368939757347,0.8619349002838135
269,269,EXTERNAL_SAMPLE/0000269.png,degradation_restoration_poisoned,poisoned,0,1,0,5.5114665031433105,6.129343032836914,-0.6178765296936035,0.2726004123687744,0.5056696534156799
270,270,EXTERNAL_SAMPLE/0000270.png,degradation_restoration_poisoned,poisoned,0,1,0,4.4643635749816895,10.804483413696289,-6.3401198387146,0.001754289143718779,0.9944438338279724
271,271,EXTERNAL_SAMPLE/0000271.png,degradation_restoration_poisoned,poisoned,0,1,0,4.115671634674072,11.754609107971191,-7.638937473297119,0.0004808572703041136,0.9989978671073914
272,272,EXTERNAL_SAMPLE/0000272.png,degradation_restoration_poisoned,poisoned,0,1,1,8.52882194519043,6.769296646118164,1.7595252990722656,0.7476049661636353,0.1286826729774475
273,273,EXTERNAL_SAMPLE/0000273.png,degradation_restoration_poisoned,poisoned,0,1,0,3.086948871612549,10.762436866760254,-7.675487995147705,0.0004632310301531106,0.9982049465179443
274,274,EXTERNAL_SAMPLE/0000274.png,degradation_restoration_poisoned,poisoned,0,1,0,5.971467971801758,7.290395736694336,-1.3189277648925781,0.18688568472862244,0.6988421082496643
275,275,EXTERNAL_SAMPLE/0000275.png,degradation_restoration_poisoned,poisoned,0,1,0,5.104855537414551,9.314948081970215,-4.210092544555664,0.014471127651631832,0.9748152494430542
276,276,EXTERNAL_SAMPLE/0000276.png,degradation_restoration_poisoned,poisoned,0,1,0,4.775274276733398,10.09839153289795,-5.323117256164551,0.00479871267452836,0.9838416576385498
277,277,EXTERNAL_SAMPLE/0000277.png,degradation_restoration_poisoned,poisoned,0,1,3,3.5228450298309326,3.221921920776367,0.30092310905456543,0.004035484045743942,0.0029868008568882942
278,278,EXTERNAL_SAMPLE/0000278.png,degradation_restoration_poisoned,poisoned,0,1,0,3.096109628677368,10.14154052734375,-7.045431137084961,0.0008658630540594459,0.9936674237251282
279,279,EXTERNAL_SAMPLE/0000279.png,degradation_restoration_poisoned,poisoned,0,1,4,5.584351539611816,3.964747190475464,1.6196043491363525,0.3472384512424469,0.06874522566795349
280,280,EXTERNAL_SAMPLE/0000280.png,degradation_restoration_poisoned,poisoned,0,1,0,5.0351762771606445,7.588902473449707,-2.5537261962890625,0.06319853663444519,0.8124117851257324
281,281,EXTERNAL_SAMPLE/0000281.png,degradation_restoration_poisoned,poisoned,0,1,0,5.607908248901367,13.30806827545166,-7.700160026550293,0.00045252658310346305,0.9994961023330688
282,282,EXTERNAL_SAMPLE/0000282.png,degradation_restoration_poisoned,poisoned,0,1,0,5.570126533508301,8.444500923156738,-2.8743743896484375,0.04577908664941788,0.8109461665153503
283,283,EXTERNAL_SAMPLE/0000283.png,degradation_restoration_poisoned,poisoned,0,1,0,6.487389087677002,15.552436828613281,-9.065048217773438,0.0001156237194663845,0.9998787641525269
284,284,EXTERNAL_SAMPLE/0000284.png,degradation_restoration_poisoned,poisoned,0,1,3,4.2736077308654785,4.618704319000244,-0.3450965881347656,0.06320605427026749,0.0892549380660057
285,285,EXTERNAL_SAMPLE/0000285.png,degradation_restoration_poisoned,poisoned,0,1,1,8.01565170288086,7.924011707305908,0.09163999557495117,0.5154561996459961,0.470319539308548
286,286,EXTERNAL_SAMPLE/0000286.png,degradation_restoration_poisoned,poisoned,0,1,0,5.785072326660156,9.61622142791748,-3.831149101257324,0.02115003392100334,0.9753443598747253
287,287,EXTERNAL_SAMPLE/0000287.png,degradation_restoration_poisoned,poisoned,0,1,0,5.1300835609436035,19.358076095581055,-14.22799301147461,6.620043677685317e-07,0.9999992847442627
288,288,EXTERNAL_SAMPLE/0000288.png,degradation_restoration_poisoned,poisoned,0,1,0,4.994874000549316,7.712653636932373,-2.7177796363830566,0.06065470725297928,0.9187158346176147
289,289,EXTERNAL_SAMPLE/0000289.png,degradation_restoration_poisoned,poisoned,0,1,0,4.605999946594238,19.335086822509766,-14.729086875915527,4.0108704979502363e-07,0.9999995231628418
290,290,EXTERNAL_SAMPLE/0000290.png,degradation_restoration_poisoned,poisoned,0,1,0,7.360828876495361,9.467357635498047,-2.1065287590026855,0.10780443251132965,0.8861156702041626
291,291,EXTERNAL_SAMPLE/0000291.png,degradation_restoration_poisoned,poisoned,0,1,0,2.8703622817993164,12.071349143981934,-9.200986862182617,0.0001008919280138798,0.9995263814926147
292,292,EXTERNAL_SAMPLE/0000292.png,degradation_restoration_poisoned,poisoned,0,1,0,6.229765892028809,6.680631637573242,-0.4508657455444336,0.37829986214637756,0.5938061475753784
293,293,EXTERNAL_SAMPLE/0000293.png,degradation_restoration_poisoned,poisoned,0,1,0,3.4245529174804688,6.014843940734863,-2.5902910232543945,0.05430462211370468,0.7240789532661438
294,294,EXTERNAL_SAMPLE/0000294.png,degradation_restoration_poisoned,poisoned,0,1,0,6.070398807525635,7.34975004196167,-1.2793512344360352,0.21036836504936218,0.7561285495758057
295,295,EXTERNAL_SAMPLE/0000295.png,degradation_restoration_poisoned,poisoned,0,1,0,5.78933572769165,6.326105117797852,-0.5367693901062012,0.31649670004844666,0.5413588285446167
296,296,EXTERNAL_SAMPLE/0000296.png,degradation_restoration_poisoned,poisoned,0,1,0,5.14691162109375,14.12389087677002,-8.97697925567627,0.00012626007082872093,0.9998125433921814
297,297,EXTERNAL_SAMPLE/0000297.png,degradation_restoration_poisoned,poisoned,0,1,0,5.478586196899414,7.726572036743164,-2.24798583984375,0.06825999170541763,0.6463296413421631
298,298,EXTERNAL_SAMPLE/0000298.png,degradation_restoration_poisoned,poisoned,0,1,0,5.011285781860352,12.966422080993652,-7.955136299133301,0.0003506303473841399,0.9993584752082825
299,299,EXTERNAL_SAMPLE/0000299.png,degradation_restoration_poisoned,poisoned,0,1,0,3.480961799621582,5.623575210571289,-2.142613410949707,0.07268659770488739,0.619411826133728
300,300,EXTERNAL_SAMPLE/0000300.png,degradation_restoration_poisoned,poisoned,0,1,3,5.025486469268799,2.591244697570801,2.434241771697998,0.13349729776382446,0.011702933348715305
301,301,EXTERNAL_SAMPLE/0000301.png,degradation_restoration_poisoned,poisoned,0,1,0,5.680547714233398,11.531258583068848,-5.850710868835449,0.002867012284696102,0.9962331652641296
302,302,EXTERNAL_SAMPLE/0000302.png,degradation_restoration_poisoned,poisoned,0,1,0,5.407111167907715,6.642850875854492,-1.2357397079467773,0.21710079908370972,0.7470270991325378
303,303,EXTERNAL_SAMPLE/0000303.png,degradation_restoration_poisoned,poisoned,0,1,5,4.0100321769714355,5.942577362060547,-1.9325451850891113,0.024501780048012733,0.1692354530096054
304,304,EXTERNAL_SAMPLE/0000304.png,degradation_restoration_poisoned,poisoned,0,1,0,5.8980631828308105,10.84238338470459,-4.944320201873779,0.007063719443976879,0.991572380065918
305,305,EXTERNAL_SAMPLE/0000305.png,degradation_restoration_poisoned,poisoned,0,1,1,8.519658088684082,6.501441955566406,2.018216133117676,0.87246173620224,0.11594346910715103
306,306,EXTERNAL_SAMPLE/0000306.png,degradation_restoration_poisoned,poisoned,0,1,3,3.6702985763549805,4.706913471221924,-1.0366148948669434,0.060368891805410385,0.1702195256948471
307,307,EXTERNAL_SAMPLE/0000307.png,degradation_restoration_poisoned,poisoned,0,1,0,4.156310558319092,8.195906639099121,-4.039596080780029,0.017004912719130516,0.9659367203712463
308,308,EXTERNAL_SAMPLE/0000308.png,degradation_restoration_poisoned,poisoned,0,1,0,3.392047643661499,11.346518516540527,-7.954470634460449,0.00035072604077868164,0.9989659786224365
309,309,EXTERNAL_SAMPLE/0000309.png,degradation_restoration_poisoned,poisoned,0,1,0,7.30402946472168,10.143033981323242,-2.8390045166015625,0.055017780512571335,0.9407345652580261
310,310,EXTERNAL_SAMPLE/0000310.png,degradation_restoration_poisoned,poisoned,0,1,0,5.423076629638672,9.303330421447754,-3.880253791809082,0.019792862236499786,0.9586970806121826
311,311,EXTERNAL_SAMPLE/0000311.png,degradation_restoration_poisoned,poisoned,0,1,0,5.7972092628479,9.341378211975098,-3.5441689491271973,0.027941159904003143,0.9670690298080444
312,312,EXTERNAL_SAMPLE/0000312.png,degradation_restoration_poisoned,poisoned,0,1,5,4.682615756988525,6.708463668823242,-2.025847911834717,0.05592891946434975,0.4240831136703491
313,313,EXTERNAL_SAMPLE/0000313.png,degradation_restoration_poisoned,poisoned,0,1,0,7.076513290405273,12.781159400939941,-5.704646110534668,0.003319144481793046,0.9966037273406982
314,314,EXTERNAL_SAMPLE/0000314.png,degradation_restoration_poisoned,poisoned,0,1,3,5.634936332702637,5.34334135055542,0.2915949821472168,0.10080118477344513,0.07530564814805984
315,315,EXTERNAL_SAMPLE/0000315.png,degradation_restoration_poisoned,poisoned,0,1,0,6.054902076721191,8.16998291015625,-2.1150808334350586,0.10396400094032288,0.8618881106376648
316,316,EXTERNAL_SAMPLE/0000316.png,degradation_restoration_poisoned,poisoned,0,1,0,5.980260848999023,12.914772033691406,-6.934511184692383,0.0009720992529764771,0.9984596967697144
317,317,EXTERNAL_SAMPLE/0000317.png,degradation_restoration_poisoned,poisoned,0,1,3,5.56323766708374,4.377129554748535,1.186108112335205,0.07258293777704239,0.022167377173900604
318,318,EXTERNAL_SAMPLE/0000318.png,degradation_restoration_poisoned,poisoned,0,1,0,5.440303802490234,9.066774368286133,-3.6264705657958984,0.023077843710780144,0.8672641515731812
319,319,EXTERNAL_SAMPLE/0000319.png,degradation_restoration_poisoned,poisoned,0,1,0,6.512472152709961,10.150446891784668,-3.637974739074707,0.025568107143044472,0.9719656705856323
320,320,EXTERNAL_SAMPLE/0000320.png,degradation_restoration_poisoned,poisoned,0,1,5,1.7533788681030273,4.782561779022217,-3.0291829109191895,0.013688020408153534,0.28307273983955383
321,321,EXTERNAL_SAMPLE/0000321.png,degradation_restoration_poisoned,poisoned,0,1,0,2.9808132648468018,15.408734321594238,-12.427921295166016,4.005130904261023e-06,0.999987006187439
322,322,EXTERNAL_SAMPLE/0000322.png,degradation_restoration_poisoned,poisoned,0,1,0,5.065872669219971,8.76294231414795,-3.6970696449279785,0.024030370637774467,0.969119668006897
323,323,EXTERNAL_SAMPLE/0000323.png,degradation_restoration_poisoned,poisoned,0,1,0,5.3882551193237305,10.11255168914795,-4.724296569824219,0.008783225901424885,0.9894411563873291
324,324,EXTERNAL_SAMPLE/0000324.png,degradation_restoration_poisoned,poisoned,0,1,0,5.548155307769775,10.674545288085938,-5.126389980316162,0.005881558638066053,0.990501880645752
325,325,EXTERNAL_SAMPLE/0000325.png,degradation_restoration_poisoned,poisoned,0,1,0,5.985469818115234,11.51702880859375,-5.531558990478516,0.003941761329770088,0.9954417943954468
326,326,EXTERNAL_SAMPLE/0000326.png,degradation_restoration_poisoned,poisoned,0,1,0,5.058592796325684,9.100379943847656,-4.041787147521973,0.01702112704515457,0.9689785242080688
327,327,EXTERNAL_SAMPLE/0000327.png,degradation_restoration_poisoned,poisoned,0,1,3,4.310672283172607,2.5266518592834473,1.7840204238891602,0.1765349805355072,0.029651086777448654
328,328,EXTERNAL_SAMPLE/0000328.png,degradation_restoration_poisoned,poisoned,0,1,0,4.890951156616211,7.48129415512085,-2.5903429985046387,0.0663200169801712,0.8843339681625366
329,329,EXTERNAL_SAMPLE/0000329.png,degradation_restoration_poisoned,poisoned,0,1,0,3.3022327423095703,9.510645866394043,-6.208413124084473,0.0019938109908252954,0.9907487034797668
330,330,EXTERNAL_SAMPLE/0000330.png,degradation_restoration_poisoned,poisoned,0,1,0,4.62983512878418,8.475601196289062,-3.845766067504883,0.02014263905584812,0.9425650835037231
331,331,EXTERNAL_SAMPLE/0000331.png,degradation_restoration_poisoned,poisoned,0,1,0,5.819307327270508,8.514678955078125,-2.695371627807617,0.061698008328676224,0.9138106107711792
332,332,EXTERNAL_SAMPLE/0000332.png,degradation_restoration_poisoned,poisoned,0,1,0,6.9152302742004395,9.271400451660156,-2.356170177459717,0.08572539687156677,0.9044430255889893
333,333,EXTERNAL_SAMPLE/0000333.png,degradation_restoration_poisoned,poisoned,0,1,0,6.457821846008301,9.583548545837402,-3.1257266998291016,0.04192666709423065,0.9549402594566345
334,334,EXTERNAL_SAMPLE/0000334.png,degradation_restoration_poisoned,poisoned,0,1,0,5.685317039489746,17.637182235717773,-11.951865196228027,6.447145551646827e-06,0.9999921321868896
335,335,EXTERNAL_SAMPLE/0000335.png,degradation_restoration_poisoned,poisoned,0,1,0,5.179190158843994,15.495743751525879,-10.316553115844727,3.3079581044148654e-05,0.9999587535858154
336,336,EXTERNAL_SAMPLE/0000336.png,degradation_restoration_poisoned,poisoned,0,1,0,4.544671058654785,12.559548377990723,-8.014877319335938,0.00033036572858691216,0.9995672106742859
337,337,EXTERNAL_SAMPLE/0000337.png,degradation_restoration_poisoned,poisoned,0,1,1,8.398844718933105,2.834052324295044,5.564792633056641,0.9855567812919617,0.0037750520277768373
338,338,EXTERNAL_SAMPLE/0000338.png,degradation_restoration_poisoned,poisoned,0,1,0,3.334627389907837,9.1190767288208,-5.784449577331543,0.0030470965430140495,0.9909248352050781
339,339,EXTERNAL_SAMPLE/0000339.png,degradation_restoration_poisoned,poisoned,0,1,0,10.577643394470215,13.52740478515625,-2.949761390686035,0.04974497854709625,0.9501985311508179
340,340,EXTERNAL_SAMPLE/0000340.png,degradation_restoration_poisoned,poisoned,0,1,8,3.5357120037078857,1.7837910652160645,1.7519209384918213,0.2557734251022339,0.04436146095395088
341,341,EXTERNAL_SAMPLE/0000341.png,degradation_restoration_poisoned,poisoned,0,1,0,7.044435501098633,15.842452049255371,-8.798016548156738,0.00015100881864782423,0.9998441934585571
342,342,EXTERNAL_SAMPLE/0000342.png,degradation_restoration_poisoned,poisoned,0,1,1,12.058394432067871,3.590536594390869,8.467857360839844,0.9994322657585144,0.00020999532716814429
343,343,EXTERNAL_SAMPLE/0000343.png,degradation_restoration_poisoned,poisoned,0,1,0,4.030182361602783,14.852025032043457,-10.821842193603516,1.995796264964156e-05,0.9999598264694214
344,344,EXTERNAL_SAMPLE/0000344.png,degradation_restoration_poisoned,poisoned,0,1,0,3.118727684020996,10.806221961975098,-7.687494277954102,0.00045719012268818915,0.997087299823761
345,345,EXTERNAL_SAMPLE/0000345.png,degradation_restoration_poisoned,poisoned,0,1,9,1.0145636796951294,0.5040743350982666,0.5104893445968628,0.003394483821466565,0.002037375932559371
346,346,EXTERNAL_SAMPLE/0000346.png,degradation_restoration_poisoned,poisoned,0,1,3,6.309421062469482,3.4849495887756348,2.8244714736938477,0.3093584179878235,0.018357332795858383
347,347,EXTERNAL_SAMPLE/0000347.png,degradation_restoration_poisoned,poisoned,0,1,0,4.495539665222168,11.300165176391602,-6.804625511169434,0.001104622264392674,0.9963802695274353
348,348,EXTERNAL_SAMPLE/0000348.png,degradation_restoration_poisoned,poisoned,0,1,0,2.824894666671753,6.0744404792785645,-3.2495458126068115,0.03154521435499191,0.8131923675537109
349,349,EXTERNAL_SAMPLE/0000349.png,degradation_restoration_poisoned,poisoned,0,1,0,5.230917453765869,16.737207412719727,-11.506290435791016,1.006644652079558e-05,0.9999876022338867
350,350,EXTERNAL_SAMPLE/0000350.png,degradation_restoration_poisoned,poisoned,0,1,0,5.612253665924072,12.379581451416016,-6.767327785491943,0.0011492075864225626,0.998646080493927
351,351,EXTERNAL_SAMPLE/0000351.png,degradation_restoration_poisoned,poisoned,0,1,5,7.231840133666992,1.961018443107605,5.270821571350098,0.3673218786716461,0.0018878087867051363
352,352,EXTERNAL_SAMPLE/0000352.png,degradation_restoration_poisoned,poisoned,0,1,0,3.7880537509918213,9.954363822937012,-6.1663103103637695,0.002089671790599823,0.9955718517303467
353,353,EXTERNAL_SAMPLE/0000353.png,degradation_restoration_poisoned,poisoned,0,1,0,6.934177398681641,20.148977279663086,-13.214799880981445,1.8234109120385256e-06,0.9999982118606567
354,354,EXTERNAL_SAMPLE/0000354.png,degradation_restoration_poisoned,poisoned,0,1,0,3.250182628631592,9.31987190246582,-6.0696892738342285,0.0022934325970709324,0.9920157194137573
355,355,EXTERNAL_SAMPLE/0000355.png,degradation_restoration_poisoned,poisoned,0,1,0,3.6348211765289307,6.795638084411621,-3.1608169078826904,0.03648591786623001,0.8606977462768555
356,356,EXTERNAL_SAMPLE/0000356.png,degradation_restoration_poisoned,poisoned,0,1,0,5.833351135253906,10.616583824157715,-4.783232688903809,0.008273452520370483,0.9885948896408081
357,357,EXTERNAL_SAMPLE/0000357.png,degradation_restoration_poisoned,poisoned,0,1,0,4.595119953155518,13.70786190032959,-9.112741470336914,0.00011023507977370173,0.9998461008071899
358,358,EXTERNAL_SAMPLE/0000358.png,degradation_restoration_poisoned,poisoned,0,1,0,6.350612640380859,14.564241409301758,-8.213628768920898,0.000270828721113503,0.9996048808097839
359,359,EXTERNAL_SAMPLE/0000359.png,degradation_restoration_poisoned,poisoned,0,1,0,6.306756973266602,11.017755508422852,-4.71099853515625,0.008618433028459549,0.958051860332489
360,360,EXTERNAL_SAMPLE/0000360.png,degradation_restoration_poisoned,poisoned,0,1,0,5.411606788635254,5.521738529205322,-0.11013174057006836,0.41014111042022705,0.4578918516635895
361,361,EXTERNAL_SAMPLE/0000361.png,degradation_restoration_poisoned,poisoned,0,1,0,4.666628360748291,10.32207202911377,-5.6554436683654785,0.0034803037997335196,0.9948214292526245
362,362,EXTERNAL_SAMPLE/0000362.png,degradation_restoration_poisoned,poisoned,0,1,0,6.413559913635254,8.872881889343262,-2.459321975708008,0.0783291682600975,0.9162067770957947
363,363,EXTERNAL_SAMPLE/0000363.png,degradation_restoration_poisoned,poisoned,0,1,1,5.564809322357178,3.313122034072876,2.2516872882843018,0.5598769783973694,0.05891111493110657
364,364,EXTERNAL_SAMPLE/0000364.png,degradation_restoration_poisoned,poisoned,0,1,0,6.193546295166016,10.862160682678223,-4.668614387512207,0.009234942495822906,0.983983039855957
365,365,EXTERNAL_SAMPLE/0000365.png,degradation_restoration_poisoned,poisoned,0,1,0,3.827507257461548,6.233009338378906,-2.4055020809173584,0.06560036540031433,0.7271140217781067
366,366,EXTERNAL_SAMPLE/0000366.png,degradation_restoration_poisoned,poisoned,0,1,1,8.593573570251465,7.692233562469482,0.9013400077819824,0.6578697562217712,0.26711171865463257
367,367,EXTERNAL_SAMPLE/0000367.png,degradation_restoration_poisoned,poisoned,0,1,1,6.380340576171875,5.983249664306641,0.3970909118652344,0.5708199739456177,0.38374680280685425
368,368,EXTERNAL_SAMPLE/0000368.png,degradation_restoration_poisoned,poisoned,0,1,0,6.628572463989258,13.341760635375977,-6.713188171386719,0.0012132618576288223,0.9987461566925049
369,369,EXTERNAL_SAMPLE/0000369.png,degradation_restoration_poisoned,poisoned,0,1,1,10.991021156311035,2.709487199783325,8.281534194946289,0.9981817007064819,0.0002526882162783295
370,370,EXTERNAL_SAMPLE/0000370.png,degradation_restoration_poisoned,poisoned,0,1,1,12.253680229187012,11.692630767822266,0.5610494613647461,0.6366271376609802,0.3632657825946808
371,371,EXTERNAL_SAMPLE/0000371.png,degradation_restoration_poisoned,poisoned,0,1,0,6.095630645751953,8.061959266662598,-1.9663286209106445,0.12141955643892288,0.8674696683883667
372,372,EXTERNAL_SAMPLE/0000372.png,degradation_restoration_poisoned,poisoned,0,1,0,4.721909523010254,10.659262657165527,-5.937353134155273,0.0026280339807271957,0.9958425164222717
373,373,EXTERNAL_SAMPLE/0000373.png,degradation_restoration_poisoned,poisoned,0,1,0,3.9622483253479004,7.874284744262695,-3.912036418914795,0.018557174131274223,0.9278712272644043
374,374,EXTERNAL_SAMPLE/0000374.png,degradation_restoration_poisoned,poisoned,0,1,0,6.530405521392822,10.765679359436035,-4.235273838043213,0.014256579801440239,0.9848529100418091
375,375,EXTERNAL_SAMPLE/0000375.png,degradation_restoration_poisoned,poisoned,0,1,1,7.938591957092285,5.233701705932617,2.704890251159668,0.921457052230835,0.06162489578127861
376,376,EXTERNAL_SAMPLE/0000376.png,degradation_restoration_poisoned,poisoned,0,1,0,6.494056701660156,11.4285888671875,-4.934532165527344,0.007138185203075409,0.992265522480011
377,377,EXTERNAL_SAMPLE/0000377.png,degradation_restoration_poisoned,poisoned,0,1,0,4.593570232391357,7.359137058258057,-2.765566825866699,0.0337977334856987,0.5369797945022583
378,378,EXTERNAL_SAMPLE/0000378.png,degradation_restoration_poisoned,poisoned,0,1,0,3.1118369102478027,12.828009605407715,-9.71617317199707,6.026052142260596e-05,0.9993399977684021
379,379,EXTERNAL_SAMPLE/0000379.png,degradation_restoration_poisoned,poisoned,0,1,0,5.786293983459473,11.176860809326172,-5.390566825866699,0.004527355078607798,0.9929741621017456
380,380,EXTERNAL_SAMPLE/0000380.png,degradation_restoration_poisoned,poisoned,0,1,0,5.615733623504639,15.145692825317383,-9.529958724975586,7.263608131324872e-05,0.9999099969863892
381,381,EXTERNAL_SAMPLE/0000381.png,degradation_restoration_poisoned,poisoned,0,1,0,6.323610305786133,10.744717597961426,-4.421107292175293,0.011812032200396061,0.9826233983039856
382,382,EXTERNAL_SAMPLE/0000382.png,degradation_restoration_poisoned,poisoned,0,1,0,5.2581787109375,7.294896125793457,-2.036717414855957,0.1069217324256897,0.819598376750946
383,383,EXTERNAL_SAMPLE/0000383.png,degradation_restoration_poisoned,poisoned,0,1,0,4.435124397277832,5.616174697875977,-1.1810503005981445,0.18332602083683014,0.5972384214401245
384,384,EXTERNAL_SAMPLE/0000384.png,degradation_restoration_poisoned,poisoned,0,1,0,4.125932693481445,10.87232780456543,-6.746395111083984,0.0011725235963240266,0.9978005290031433
385,385,EXTERNAL_SAMPLE/0000385.png,degradation_restoration_poisoned,poisoned,0,1,0,5.791516304016113,9.970155715942383,-4.1786394119262695,0.015056791715323925,0.9828618764877319
386,386,EXTERNAL_SAMPLE/0000386.png,degradation_restoration_poisoned,poisoned,0,1,0,7.718382835388184,12.14435863494873,-4.425975799560547,0.011813905090093613,0.9875755310058594
387,387,EXTERNAL_SAMPLE/0000387.png,degradation_restoration_poisoned,poisoned,1,1,1,17.23139762878418,17.23139762878418,0.0,0.9999905824661255,0.9999905824661255
388,388,EXTERNAL_SAMPLE/0000388.png,degradation_restoration_poisoned,poisoned,1,1,1,14.801074981689453,14.801074981689453,0.0,0.9999345541000366,0.9999345541000366
389,389,EXTERNAL_SAMPLE/0000389.png,degradation_restoration_poisoned,poisoned,1,1,1,13.839510917663574,13.839510917663574,0.0,0.9998946189880371,0.9998946189880371
390,390,EXTERNAL_SAMPLE/0000390.png,degradation_restoration_poisoned,poisoned,1,1,1,11.908233642578125,11.908233642578125,0.0,0.9768394827842712,0.9768394827842712
391,391,EXTERNAL_SAMPLE/0000391.png,degradation_restoration_poisoned,poisoned,1,1,1,12.582372665405273,12.582372665405273,0.0,0.9996545314788818,0.9996545314788818
392,392,EXTERNAL_SAMPLE/0000392.png,degradation_restoration_poisoned,poisoned,1,1,1,16.679649353027344,16.679649353027344,0.0,0.9999972581863403,0.9999972581863403
393,393,EXTERNAL_SAMPLE/0000393.png,degradation_restoration_poisoned,poisoned,1,1,1,8.143521308898926,8.143521308898926,0.0,0.9497644901275635,0.9497644901275635
394,394,EXTERNAL_SAMPLE/0000394.png,degradation_restoration_poisoned,poisoned,1,1,1,9.641169548034668,9.641169548034668,0.0,0.9928966164588928,0.9928966164588928
395,395,EXTERNAL_SAMPLE/0000395.png,degradation_restoration_poisoned,poisoned,1,1,1,9.09676456451416,9.09676456451416,0.0,0.9902368187904358,0.9902368187904358
396,396,EXTERNAL_SAMPLE/0000396.png,degradation_restoration_poisoned,poisoned,1,1,1,19.951799392700195,19.951799392700195,0.0,1.0,1.0
397,397,EXTERNAL_SAMPLE/0000397.png,degradation_restoration_poisoned,poisoned,1,1,3,6.8419952392578125,6.8419952392578125,0.0,0.06497804075479507,0.06497804075479507
398,398,EXTERNAL_SAMPLE/0000398.png,degradation_restoration_poisoned,poisoned,1,1,1,9.474589347839355,9.474589347839355,0.0,0.9458078145980835,0.9458078145980835
399,399,EXTERNAL_SAMPLE/0000399.png,degradation_restoration_poisoned,poisoned,1,1,1,38.94257736206055,38.94257736206055,0.0,1.0,1.0
400,400,EXTERNAL_SAMPLE/0000400.png,degradation_restoration_poisoned,poisoned,1,1,1,21.54607582092285,21.54607582092285,0.0,1.0,1.0
401,401,EXTERNAL_SAMPLE/0000401.png,degradation_restoration_poisoned,poisoned,1,1,1,19.07559585571289,19.07559585571289,0.0,0.9999990463256836,0.9999990463256836
402,402,EXTERNAL_SAMPLE/0000402.png,degradation_restoration_poisoned,poisoned,1,1,1,18.153989791870117,18.153989791870117,0.0,0.9999992847442627,0.9999992847442627
403,403,EXTERNAL_SAMPLE/0000403.png,degradation_restoration_poisoned,poisoned,1,1,1,10.695085525512695,10.695085525512695,0.0,0.9984723925590515,0.9984723925590515
404,404,EXTERNAL_SAMPLE/0000404.png,degradation_restoration_poisoned,poisoned,1,1,1,12.482749938964844,12.482749938964844,0.0,0.9992081522941589,0.9992081522941589
405,405,EXTERNAL_SAMPLE/0000405.png,degradation_restoration_poisoned,poisoned,1,1,0,4.899103164672852,4.899103164672852,0.0,0.34069788455963135,0.34069788455963135
406,406,EXTERNAL_SAMPLE/0000406.png,degradation_restoration_poisoned,poisoned,1,1,1,8.214412689208984,8.214412689208984,0.0,0.9829635620117188,0.9829635620117188
407,407,EXTERNAL_SAMPLE/0000407.png,degradation_restoration_poisoned,poisoned,1,1,1,10.964155197143555,10.964155197143555,0.0,0.9986428618431091,0.9986428618431091
408,408,EXTERNAL_SAMPLE/0000408.png,degradation_restoration_poisoned,poisoned,1,1,1,13.113418579101562,13.113418579101562,0.0,0.9998821020126343,0.9998821020126343
409,409,EXTERNAL_SAMPLE/0000409.png,degradation_restoration_poisoned,poisoned,1,1,1,7.57330846786499,7.57330846786499,0.0,0.6338661909103394,0.6338661909103394
410,410,EXTERNAL_SAMPLE/0000410.png,degradation_restoration_poisoned,poisoned,1,1,1,10.007390975952148,10.007390975952148,0.0,0.9816381931304932,0.9816381931304932
411,411,EXTERNAL_SAMPLE/0000411.png,degradation_restoration_poisoned,poisoned,1,1,1,6.108978748321533,6.108978748321533,0.0,0.7536866664886475,0.7536866664886475
412,412,EXTERNAL_SAMPLE/0000412.png,degradation_restoration_poisoned,poisoned,1,1,1,4.278524875640869,4.278524875640869,0.0,0.3682693839073181,0.3682693839073181
413,413,EXTERNAL_SAMPLE/0000413.png,degradation_restoration_poisoned,poisoned,1,1,1,17.358766555786133,17.358766555786133,0.0,0.9999984502792358,0.9999984502792358
414,414,EXTERNAL_SAMPLE/0000414.png,degradation_restoration_poisoned,poisoned,1,1,1,15.677265167236328,15.677265167236328,0.0,0.9999829530715942,0.9999829530715942
415,415,EXTERNAL_SAMPLE/0000415.png,degradation_restoration_poisoned,poisoned,1,1,1,19.411441802978516,19.411441802978516,0.0,0.9999991655349731,0.9999991655349731
416,416,EXTERNAL_SAMPLE/0000416.png,degradation_restoration_poisoned,poisoned,1,1,1,9.57870864868164,9.57870864868164,0.0,0.9816870093345642,0.9816870093345642
417,417,EXTERNAL_SAMPLE/0000417.png,degradation_restoration_poisoned,poisoned,1,1,1,9.429394721984863,9.429394721984863,0.0,0.9653961658477783,0.9653961658477783
418,418,EXTERNAL_SAMPLE/0000418.png,degradation_restoration_poisoned,poisoned,1,1,1,18.749563217163086,18.749563217163086,0.0,0.999997615814209,0.999997615814209
419,419,EXTERNAL_SAMPLE/0000419.png,degradation_restoration_poisoned,poisoned,1,1,1,14.947630882263184,14.947630882263184,0.0,0.9999583959579468,0.9999583959579468
420,420,EXTERNAL_SAMPLE/0000420.png,degradation_restoration_poisoned,poisoned,1,1,1,24.3526668548584,24.3526668548584,0.0,1.0,1.0
421,421,EXTERNAL_SAMPLE/0000421.png,degradation_restoration_poisoned,poisoned,1,1,1,16.265581130981445,16.265581130981445,0.0,0.9999194145202637,0.9999194145202637
422,422,EXTERNAL_SAMPLE/0000422.png,degradation_restoration_poisoned,poisoned,1,1,1,10.220097541809082,10.220097541809082,0.0,0.9676312208175659,0.9676312208175659
423,423,EXTERNAL_SAMPLE/0000423.png,degradation_restoration_poisoned,poisoned,1,1,1,4.996942520141602,4.996942520141602,0.0,0.498083233833313,0.498083233833313
424,424,EXTERNAL_SAMPLE/0000424.png,degradation_restoration_poisoned,poisoned,1,1,1,14.346884727478027,14.346884727478027,0.0,0.9999611377716064,0.9999611377716064
425,425,EXTERNAL_SAMPLE/0000425.png,degradation_restoration_poisoned,poisoned,1,1,1,8.7422456741333,8.7422456741333,0.0,0.9682489633560181,0.9682489633560181
426,426,EXTERNAL_SAMPLE/0000426.png,degradation_restoration_poisoned,poisoned,1,1,1,4.782548427581787,4.782548427581787,0.0,0.4092232286930084,0.4092232286930084
427,427,EXTERNAL_SAMPLE/0000427.png,degradation_restoration_poisoned,poisoned,1,1,1,5.7663092613220215,5.7663092613220215,0.0,0.5002764463424683,0.5002764463424683
428,428,EXTERNAL_SAMPLE/0000428.png,degradation_restoration_poisoned,poisoned,1,1,3,4.05161714553833,4.05161714553833,0.0,0.030219251289963722,0.030219251289963722
429,429,EXTERNAL_SAMPLE/0000429.png,degradation_restoration_poisoned,poisoned,1,1,9,3.459688901901245,3.459688901901245,0.0,0.03272024169564247,0.03272024169564247
430,430,EXTERNAL_SAMPLE/0000430.png,degradation_restoration_poisoned,poisoned,1,1,1,10.91157054901123,10.91157054901123,0.0,0.998785674571991,0.998785674571991
431,431,EXTERNAL_SAMPLE/0000431.png,degradation_restoration_poisoned,poisoned,1,1,1,9.444966316223145,9.444966316223145,0.0,0.9531623125076294,0.9531623125076294
432,432,EXTERNAL_SAMPLE/0000432.png,degradation_restoration_poisoned,poisoned,1,1,1,6.7007927894592285,6.7007927894592285,0.0,0.9168389439582825,0.9168389439582825
433,433,EXTERNAL_SAMPLE/0000433.png,degradation_restoration_poisoned,poisoned,1,1,1,18.773595809936523,18.773595809936523,0.0,0.9999942779541016,0.9999942779541016
434,434,EXTERNAL_SAMPLE/0000434.png,degradation_restoration_poisoned,poisoned,1,1,1,14.072166442871094,14.072166442871094,0.0,0.9997933506965637,0.9997933506965637
435,435,EXTERNAL_SAMPLE/0000435.png,degradation_restoration_poisoned,poisoned,1,1,1,13.887269020080566,13.887269020080566,0.0,0.9997681975364685,0.9997681975364685
436,436,EXTERNAL_SAMPLE/0000436.png,degradation_restoration_poisoned,poisoned,1,1,1,13.569612503051758,13.569612503051758,0.0,0.9999047517776489,0.9999047517776489
437,437,EXTERNAL_SAMPLE/0000437.png,degradation_restoration_poisoned,poisoned,1,1,1,6.465838432312012,6.465838432312012,0.0,0.8134593367576599,0.8134593367576599
438,438,EXTERNAL_SAMPLE/0000438.png,degradation_restoration_poisoned,poisoned,1,1,7,5.125053405761719,5.125053405761719,0.0,0.10777194797992706,0.10777194797992706
439,439,EXTERNAL_SAMPLE/0000439.png,degradation_restoration_poisoned,poisoned,1,1,1,6.526305675506592,6.526305675506592,0.0,0.8201470375061035,0.8201470375061035
440,440,EXTERNAL_SAMPLE/0000440.png,degradation_restoration_poisoned,poisoned,1,1,1,10.216925621032715,10.216925621032715,0.0,0.9904698133468628,0.9904698133468628
441,441,EXTERNAL_SAMPLE/0000441.png,degradation_restoration_poisoned,poisoned,1,1,1,6.684139728546143,6.684139728546143,0.0,0.5574938654899597,0.5574938654899597
442,442,EXTERNAL_SAMPLE/0000442.png,degradation_restoration_poisoned,poisoned,1,1,1,21.2803955078125,21.2803955078125,0.0,1.0,1.0
443,443,EXTERNAL_SAMPLE/0000443.png,degradation_restoration_poisoned,poisoned,1,1,1,16.975624084472656,16.975624084472656,0.0,0.9999933242797852,0.9999933242797852
444,444,EXTERNAL_SAMPLE/0000444.png,degradation_restoration_poisoned,poisoned,1,1,1,9.230745315551758,9.230745315551758,0.0,0.988054096698761,0.988054096698761
445,445,EXTERNAL_SAMPLE/0000445.png,degradation_restoration_poisoned,poisoned,1,1,1,10.119540214538574,10.119540214538574,0.0,0.9970027804374695,0.9970027804374695
446,446,EXTERNAL_SAMPLE/0000446.png,degradation_restoration_poisoned,poisoned,1,1,1,3.8485052585601807,3.8485052585601807,0.0,0.3183811604976654,0.3183811604976654
447,447,EXTERNAL_SAMPLE/0000447.png,degradation_restoration_poisoned,poisoned,1,1,1,12.551815032958984,12.551815032958984,0.0,0.9997262358665466,0.9997262358665466
448,448,EXTERNAL_SAMPLE/0000448.png,degradation_restoration_poisoned,poisoned,1,1,1,11.220462799072266,11.220462799072266,0.0,0.9783516526222229,0.9783516526222229
449,449,EXTERNAL_SAMPLE/0000449.png,degradation_restoration_poisoned,poisoned,1,1,1,9.288374900817871,9.288374900817871,0.0,0.9910818338394165,0.9910818338394165
450,450,EXTERNAL_SAMPLE/0000450.png,degradation_restoration_poisoned,poisoned,1,1,1,20.253131866455078,20.253131866455078,0.0,0.9999998807907104,0.9999998807907104
451,451,EXTERNAL_SAMPLE/0000451.png,degradation_restoration_poisoned,poisoned,1,1,1,12.77370548248291,12.77370548248291,0.0,0.9852826595306396,0.9852826595306396
452,452,EXTERNAL_SAMPLE/0000452.png,degradation_restoration_poisoned,poisoned,1,1,7,3.285219669342041,3.285219669342041,0.0,0.06815266609191895,0.06815266609191895
453,453,EXTERNAL_SAMPLE/0000453.png,degradation_restoration_poisoned,poisoned,1,1,1,14.854241371154785,14.854241371154785,0.0,0.9999585151672363,0.9999585151672363
454,454,EXTERNAL_SAMPLE/0000454.png,degradation_restoration_poisoned,poisoned,1,1,1,9.212101936340332,9.212101936340332,0.0,0.9892364144325256,0.9892364144325256
455,455,EXTERNAL_SAMPLE/0000455.png,degradation_restoration_poisoned,poisoned,1,1,1,10.460043907165527,10.460043907165527,0.0,0.9959999322891235,0.9959999322891235
456,456,EXTERNAL_SAMPLE/0000456.png,degradation_restoration_poisoned,poisoned,1,1,1,11.229905128479004,11.229905128479004,0.0,0.9948500990867615,0.9948500990867615
457,457,EXTERNAL_SAMPLE/0000457.png,degradation_restoration_poisoned,poisoned,1,1,1,10.594823837280273,10.594823837280273,0.0,0.9952821135520935,0.9952821135520935
458,458,EXTERNAL_SAMPLE/0000458.png,degradation_restoration_poisoned,poisoned,1,1,1,9.484515190124512,9.484515190124512,0.0,0.9231511354446411,0.9231511354446411
459,459,EXTERNAL_SAMPLE/0000459.png,degradation_restoration_poisoned,poisoned,1,1,1,11.335481643676758,11.335481643676758,0.0,0.95234215259552,0.95234215259552
460,460,EXTERNAL_SAMPLE/0000460.png,degradation_restoration_poisoned,poisoned,1,1,1,8.51283073425293,8.51283073425293,0.0,0.6177394986152649,0.6177394986152649
461,461,EXTERNAL_SAMPLE/0000461.png,degradation_restoration_poisoned,poisoned,1,1,1,11.077933311462402,11.077933311462402,0.0,0.9439455270767212,0.9439455270767212
462,462,EXTERNAL_SAMPLE/0000462.png,degradation_restoration_poisoned,poisoned,1,1,1,22.62969398498535,22.62969398498535,0.0,1.0,1.0
463,463,EXTERNAL_SAMPLE/0000463.png,degradation_restoration_poisoned,poisoned,1,1,1,12.322685241699219,12.322685241699219,0.0,0.9988403916358948,0.9988403916358948
464,464,EXTERNAL_SAMPLE/0000464.png,degradation_restoration_poisoned,poisoned,1,1,1,12.881197929382324,12.881197929382324,0.0,0.9894133806228638,0.9894133806228638
465,465,EXTERNAL_SAMPLE/0000465.png,degradation_restoration_poisoned,poisoned,1,1,1,12.05167007446289,12.05167007446289,0.0,0.9993268251419067,0.9993268251419067
466,466,EXTERNAL_SAMPLE/0000466.png,degradation_restoration_poisoned,poisoned,1,1,1,5.60119104385376,5.60119104385376,0.0,0.7418137788772583,0.7418137788772583
467,467,EXTERNAL_SAMPLE/0000467.png,degradation_restoration_poisoned,poisoned,1,1,3,4.974673748016357,4.974673748016357,0.0,0.2470625787973404,0.2470625787973404
468,468,EXTERNAL_SAMPLE/0000468.png,degradation_restoration_poisoned,poisoned,1,1,1,24.755678176879883,24.755678176879883,0.0,1.0,1.0
469,469,EXTERNAL_SAMPLE/0000469.png,degradation_restoration_poisoned,poisoned,1,1,1,20.52098274230957,20.52098274230957,0.0,0.9999997615814209,0.9999997615814209
470,470,EXTERNAL_SAMPLE/0000470.png,degradation_restoration_poisoned,poisoned,1,1,5,4.454176425933838,4.454176425933838,0.0,0.04051852598786354,0.04051852598786354
471,471,EXTERNAL_SAMPLE/0000471.png,degradation_restoration_poisoned,poisoned,1,1,1,9.680675506591797,9.680675506591797,0.0,0.9757510423660278,0.9757510423660278
472,472,EXTERNAL_SAMPLE/0000472.png,degradation_restoration_poisoned,poisoned,1,1,1,12.005020141601562,12.005020141601562,0.0,0.9996354579925537,0.9996354579925537
473,473,EXTERNAL_SAMPLE/0000473.png,degradation_restoration_poisoned,poisoned,1,1,1,23.504947662353516,23.504947662353516,0.0,1.0,1.0
474,474,EXTERNAL_SAMPLE/0000474.png,degradation_restoration_poisoned,poisoned,1,1,1,27.273399353027344,27.273399353027344,0.0,1.0,1.0
475,475,EXTERNAL_SAMPLE/0000475.png,degradation_restoration_poisoned,poisoned,1,1,3,5.746895790100098,5.746895790100098,0.0,0.04186992719769478,0.04186992719769478
476,476,EXTERNAL_SAMPLE/0000476.png,degradation_restoration_poisoned,poisoned,1,1,1,13.597346305847168,13.597346305847168,0.0,0.9999566078186035,0.9999566078186035
477,477,EXTERNAL_SAMPLE/0000477.png,degradation_restoration_poisoned,poisoned,1,1,1,14.322863578796387,14.322863578796387,0.0,0.9999709129333496,0.9999709129333496
478,478,EXTERNAL_SAMPLE/0000478.png,degradation_restoration_poisoned,poisoned,1,1,5,5.745319366455078,5.745319366455078,0.0,0.13836143910884857,0.13836143910884857
479,479,EXTERNAL_SAMPLE/0000479.png,degradation_restoration_poisoned,poisoned,1,1,1,21.176122665405273,21.176122665405273,0.0,0.9999998807907104,0.9999998807907104
480,480,EXTERNAL_SAMPLE/0000480.png,degradation_restoration_poisoned,poisoned,1,1,1,17.064584732055664,17.064584732055664,0.0,0.9999595880508423,0.9999595880508423
481,481,EXTERNAL_SAMPLE/0000481.png,degradation_restoration_poisoned,poisoned,1,1,1,16.10094451904297,16.10094451904297,0.0,0.9999902248382568,0.9999902248382568
482,482,EXTERNAL_SAMPLE/0000482.png,degradation_restoration_poisoned,poisoned,1,1,1,8.812576293945312,8.812576293945312,0.0,0.750730574131012,0.750730574131012
483,483,EXTERNAL_SAMPLE/0000483.png,degradation_restoration_poisoned,poisoned,1,1,1,16.277938842773438,16.277938842773438,0.0,0.9999877214431763,0.9999877214431763
484,484,EXTERNAL_SAMPLE/0000484.png,degradation_restoration_poisoned,poisoned,1,1,1,11.325852394104004,11.325852394104004,0.0,0.9728023409843445,0.9728023409843445
485,485,EXTERNAL_SAMPLE/0000485.png,degradation_restoration_poisoned,poisoned,1,1,1,17.973915100097656,17.973915100097656,0.0,0.9999980926513672,0.9999980926513672
486,486,EXTERNAL_SAMPLE/0000486.png,degradation_restoration_poisoned,poisoned,1,1,3,5.913630962371826,5.913630962371826,0.0,0.21200889348983765,0.21200889348983765
487,487,EXTERNAL_SAMPLE/0000487.png,degradation_restoration_poisoned,poisoned,1,1,1,6.542789936065674,6.542789936065674,0.0,0.7859443426132202,0.7859443426132202
488,488,EXTERNAL_SAMPLE/0000488.png,degradation_restoration_poisoned,poisoned,1,1,1,15.231698036193848,15.231698036193848,0.0,0.9999288320541382,0.9999288320541382
489,489,EXTERNAL_SAMPLE/0000489.png,degradation_restoration_poisoned,poisoned,1,1,1,11.616231918334961,11.616231918334961,0.0,0.9958688020706177,0.9958688020706177
490,490,EXTERNAL_SAMPLE/0000490.png,degradation_restoration_poisoned,poisoned,1,1,1,16.6803035736084,16.6803035736084,0.0,0.9999856948852539,0.9999856948852539
491,491,EXTERNAL_SAMPLE/0000491.png,degradation_restoration_poisoned,poisoned,1,1,1,13.107970237731934,13.107970237731934,0.0,0.9997839331626892,0.9997839331626892
492,492,EXTERNAL_SAMPLE/0000492.png,degradation_restoration_poisoned,poisoned,1,1,1,16.879878997802734,16.879878997802734,0.0,0.9999879598617554,0.9999879598617554
493,493,EXTERNAL_SAMPLE/0000493.png,degradation_restoration_poisoned,poisoned,1,1,1,14.237594604492188,14.237594604492188,0.0,0.9999123811721802,0.9999123811721802
494,494,EXTERNAL_SAMPLE/0000494.png,degradation_restoration_poisoned,poisoned,1,1,1,14.968988418579102,14.968988418579102,0.0,0.9999740123748779,0.9999740123748779
495,495,EXTERNAL_SAMPLE/0000495.png,degradation_restoration_poisoned,poisoned,1,1,1,16.053524017333984,16.053524017333984,0.0,0.9999904632568359,0.9999904632568359
496,496,EXTERNAL_SAMPLE/0000496.png,degradation_restoration_poisoned,poisoned,1,1,1,20.255786895751953,20.255786895751953,0.0,0.9999996423721313,0.9999996423721313
497,497,EXTERNAL_SAMPLE/0000497.png,degradation_restoration_poisoned,poisoned,1,1,1,9.26275634765625,9.26275634765625,0.0,0.9917111396789551,0.9917111396789551
498,498,EXTERNAL_SAMPLE/0000498.png,degradation_restoration_poisoned,poisoned,1,1,1,13.40521240234375,13.40521240234375,0.0,0.999521017074585,0.999521017074585
499,499,EXTERNAL_SAMPLE/0000499.png,degradation_restoration_poisoned,poisoned,1,1,1,13.734825134277344,13.734825134277344,0.0,0.9998408555984497,0.9998408555984497
500,500,EXTERNAL_SAMPLE/0000500.png,degradation_restoration_poisoned,poisoned,1,1,1,17.660654067993164,17.660654067993164,0.0,0.9999986886978149,0.9999986886978149
501,501,EXTERNAL_SAMPLE/0000501.png,degradation_restoration_poisoned,poisoned,1,1,1,11.690262794494629,11.690262794494629,0.0,0.9939711093902588,0.9939711093902588
502,502,EXTERNAL_SAMPLE/0000502.png,degradation_restoration_poisoned,poisoned,1,1,1,12.368959426879883,12.368959426879883,0.0,0.9996122717857361,0.9996122717857361
503,503,EXTERNAL_SAMPLE/0000503.png,degradation_restoration_poisoned,poisoned,1,1,1,11.685202598571777,11.685202598571777,0.0,0.9994378685951233,0.9994378685951233
504,504,EXTERNAL_SAMPLE/0000504.png,degradation_restoration_poisoned,poisoned,1,1,1,14.89712142944336,14.89712142944336,0.0,0.999976396560669,0.999976396560669
505,505,EXTERNAL_SAMPLE/0000505.png,degradation_restoration_poisoned,poisoned,1,1,1,20.57168960571289,20.57168960571289,0.0,0.9999997615814209,0.9999997615814209
506,506,EXTERNAL_SAMPLE/0000506.png,degradation_restoration_poisoned,poisoned,1,1,1,12.204035758972168,12.204035758972168,0.0,0.9993834495544434,0.9993834495544434
507,507,EXTERNAL_SAMPLE/0000507.png,degradation_restoration_poisoned,poisoned,1,1,1,26.399097442626953,26.399097442626953,0.0,1.0,1.0
508,508,EXTERNAL_SAMPLE/0000508.png,degradation_restoration_poisoned,poisoned,1,1,1,11.588360786437988,11.588360786437988,0.0,0.9990320205688477,0.9990320205688477
509,509,EXTERNAL_SAMPLE/0000509.png,degradation_restoration_poisoned,poisoned,1,1,1,17.75706672668457,17.75706672668457,0.0,0.9999988079071045,0.9999988079071045
510,510,EXTERNAL_SAMPLE/0000510.png,degradation_restoration_poisoned,poisoned,1,1,3,6.548294544219971,6.548294544219971,0.0,0.02638232707977295,0.02638232707977295
511,511,EXTERNAL_SAMPLE/0000511.png,degradation_restoration_poisoned,poisoned,1,1,1,11.381360054016113,11.381360054016113,0.0,0.9901106953620911,0.9901106953620911
