sample_index,setting,true_label,is_final_output,x,y
0,origin_clean,0,False,0.32870835,0.2531742
1,origin_clean,0,False,0.34793192,0.25292924
2,origin_clean,0,False,1.9469011,-0.16960709
3,origin_clean,0,False,2.1365266,0.5858217
4,origin_clean,0,False,-1.1301026,-1.4301422
5,origin_clean,0,False,1.1593978,-0.065029435
6,origin_clean,0,False,0.08571253,0.35587156
7,origin_clean,0,False,0.2653395,-1.0491576
8,origin_clean,0,False,0.7580648,-0.7121175
9,origin_clean,0,False,0.04078529,-0.95300364
10,origin_clean,0,False,-0.40836102,0.4981069
11,origin_clean,0,False,-1.9399898,-0.53205484
12,origin_clean,0,False,-0.5313631,-0.7564091
13,origin_clean,0,False,-0.79807377,-0.107011914
14,origin_clean,0,False,3.143434,0.23409206
15,origin_clean,0,False,1.920661,1.5540972
16,origin_clean,0,False,-1.4592371,-0.5187857
17,origin_clean,0,False,1.3403099,0.27099773
18,origin_clean,0,False,1.0189177,-0.743942
19,origin_clean,0,False,-0.16189635,-0.9511931
20,origin_clean,0,False,2.9239058,0.8423389
21,origin_clean,0,False,-1.4811847,-0.16288728
22,origin_clean,0,False,-0.3886186,-0.5363235
23,origin_clean,0,False,0.41689298,-0.057323076
24,origin_clean,0,False,-0.69318104,0.11817273
25,origin_clean,0,False,1.1571558,-0.19350992
26,origin_clean,0,False,-1.5751555,-0.3501495
27,origin_clean,0,False,1.4361991,-0.2012855
28,origin_clean,0,False,-0.29974258,-1.1872573
29,origin_clean,0,False,1.3154387,-0.09606802
30,origin_clean,0,False,1.4872043,0.2946293
31,origin_clean,0,False,0.09267804,0.9434895
32,origin_clean,0,False,0.19072495,-0.70205426
33,origin_clean,0,False,0.8336991,-0.406339
34,origin_clean,0,False,-1.1806822,-0.41140142
35,origin_clean,0,False,-0.121989116,-1.0356901
36,origin_clean,0,False,1.6498613,-0.24498007
37,origin_clean,0,False,-1.7333245,-1.4423841
38,origin_clean,0,False,1.1818006,-0.36285064
39,origin_clean,0,False,1.8633704,0.7349867
40,origin_clean,0,False,1.2223783,0.27580002
41,origin_clean,0,False,-0.02978526,0.26434663
42,origin_clean,0,False,2.9168644,0.19018804
43,origin_clean,0,False,0.71084857,-0.20480202
44,origin_clean,0,False,-1.0909376,-1.2600588
45,origin_clean,0,False,0.45367843,-0.84975195
46,origin_clean,0,False,1.5595179,-0.12604825
47,origin_clean,0,False,-0.8663417,-0.5354007
48,origin_clean,0,False,1.4661913,0.45697987
49,origin_clean,0,False,-0.31004962,-0.42686754
50,origin_clean,0,False,0.9163282,-0.078894645
51,origin_clean,0,False,0.22561511,-0.26411605
52,origin_clean,0,False,0.54844534,-0.38686675
53,origin_clean,0,False,-0.48109642,-0.60610604
54,origin_clean,0,False,-0.14658949,-0.13381875
55,origin_clean,0,False,1.5830579,-0.53062755
56,origin_clean,0,False,-0.47075373,-1.5234473
57,origin_clean,0,False,-0.031038938,-0.02074185
58,origin_clean,0,False,-0.3595428,0.65569544
59,origin_clean,0,False,-1.5701435,-0.85305464
60,origin_clean,0,False,0.043844577,-0.7389039
61,origin_clean,0,False,0.58726764,-0.04704294
62,origin_clean,0,False,0.6165573,-0.2756687
63,origin_clean,0,False,-0.86464334,-1.8786547
64,origin_clean,0,False,0.8100903,-0.8508821
65,origin_clean,0,False,0.6717472,-1.1441737
66,origin_clean,0,False,1.1560626,0.45315492
67,origin_clean,0,False,-0.54708517,-0.1345783
68,origin_clean,0,False,1.2604051,0.28329486
69,origin_clean,0,False,1.4403143,-0.5142529
70,origin_clean,0,False,1.8858892,0.46134755
71,origin_clean,0,False,-1.2279139,-0.298378
72,origin_clean,0,False,1.5835035,-0.070369095
73,origin_clean,0,False,0.8132867,-0.7237308
74,origin_clean,0,False,-1.3413566,-0.6188189
75,origin_clean,0,False,1.1014463,0.27602345
76,origin_clean,0,False,2.7327108,0.4395537
77,origin_clean,0,False,0.98952556,-0.7753006
78,origin_clean,0,False,0.29870948,-0.6880866
79,origin_clean,0,False,2.6065545,0.32597715
80,origin_clean,0,False,0.94868183,-0.11180471
81,origin_clean,0,False,0.34571677,-0.73228884
82,origin_clean,0,False,-0.61932135,-0.2372041
83,origin_clean,0,False,0.9024991,-0.15258105
84,origin_clean,0,False,0.39377853,0.33269423
85,origin_clean,0,False,1.4382586,-0.012345713
86,origin_clean,0,False,-0.19515729,-0.6088244
87,origin_clean,0,False,-0.001427399,-0.9823692
88,origin_clean,0,False,1.0277615,-0.16262047
89,origin_clean,0,False,0.30481455,-0.68919885
90,origin_clean,0,False,-0.91285527,-0.34015393
91,origin_clean,0,False,-0.48632354,0.30638856
92,origin_clean,0,False,-1.3149197,0.09048772
93,origin_clean,0,False,-1.3490193,-1.2358754
94,origin_clean,0,False,-1.6993577,0.22949302
95,origin_clean,0,False,-1.8237352,0.42448682
96,origin_clean,0,False,0.58624065,0.44697285
97,origin_clean,0,False,-0.087238505,-0.6641632
98,origin_clean,0,False,0.15041195,-0.8155058
99,origin_clean,0,False,-0.88292605,-1.0776863
100,origin_clean,0,False,0.25359115,-0.87078905
101,origin_clean,0,False,-1.3272359,-0.35702717
102,origin_clean,0,False,0.63148504,0.68843734
103,origin_clean,0,False,3.1923802,0.25363892
104,origin_clean,0,False,1.0196588,0.008187979
105,origin_clean,0,False,0.2982113,-0.5178063
106,origin_clean,0,False,-0.13602304,0.20413536
107,origin_clean,0,False,1.6226488,-0.029097298
108,origin_clean,0,False,1.8524907,0.2033036
109,origin_clean,0,False,-0.9551311,-0.043137185
110,origin_clean,0,False,-0.09307133,-0.6087248
111,origin_clean,0,False,-0.2637019,0.48594898
112,origin_clean,0,False,1.995958,-0.09922727
113,origin_clean,0,False,-1.7713909,-0.41068983
114,origin_clean,0,False,-1.5358567,-2.515635
115,origin_clean,0,False,0.78965354,-1.003873
116,origin_clean,0,False,-0.024550015,-0.031976208
117,origin_clean,0,False,-0.5717801,0.0892034
118,origin_clean,0,False,0.32398495,-0.16305934
119,origin_clean,0,False,0.2981206,0.72817296
120,origin_clean,0,False,1.0394953,0.15602508
121,origin_clean,0,False,2.2377496,-0.37966162
122,origin_clean,0,False,0.056742854,-0.52342826
123,origin_clean,0,False,0.16982643,0.065895274
124,origin_clean,0,False,-0.15580827,-0.15293247
125,origin_clean,0,False,0.14284772,0.105219945
126,origin_clean,0,False,1.4587555,-0.31364104
127,origin_clean,0,False,-0.6686609,-0.20223698
128,origin_clean,0,False,1.418659,-0.45873135
129,origin_clean,0,False,1.097125,0.09511645
130,origin_clean,0,False,0.7360316,-0.27441418
131,origin_clean,0,False,1.0028979,-0.5993299
132,origin_clean,0,False,-1.9403758,-1.6857896
133,origin_clean,0,False,0.21331368,-0.5475246
134,origin_clean,0,False,0.9532924,-0.37747198
135,origin_clean,0,False,2.481194,0.48285586
136,origin_clean,0,False,1.061966,1.5727669
137,origin_clean,0,False,1.4188702,-0.96936995
138,origin_clean,0,False,0.86722827,0.20848858
139,origin_clean,0,False,-0.40918612,-0.18010549
140,origin_clean,0,False,-1.0561286,-1.2395567
141,origin_clean,0,False,-1.0235385,-1.5607648
142,origin_clean,0,False,2.125276,-0.11425194
143,origin_clean,0,False,0.5326021,-0.34018567
144,origin_clean,0,False,2.3384867,0.82295656
145,origin_clean,0,False,-0.37690783,-0.8018177
146,origin_clean,0,False,0.00641704,-0.34759158
147,origin_clean,0,False,-1.0131162,-0.3630825
148,origin_clean,0,False,-1.2811962,-0.97317207
149,origin_clean,0,False,-0.7218356,-1.2859833
150,origin_clean,0,False,0.45435986,-0.0022392385
151,origin_clean,0,False,-1.8227007,-1.5719376
152,origin_clean,0,False,1.6180317,-0.17162634
153,origin_clean,0,False,-1.7623966,-0.19445676
154,origin_clean,0,False,-0.12958856,-0.17512125
155,origin_clean,0,False,1.0812598,0.11541094
156,origin_clean,0,False,-1.3449078,-1.5325735
157,origin_clean,0,False,0.22458524,-0.12420665
158,origin_clean,0,False,1.2861235,-0.44643933
159,origin_clean,0,False,-1.2985034,-0.93337715
160,origin_clean,0,False,-1.4362538,-0.66385406
161,origin_clean,0,False,-1.9040123,0.46283317
162,origin_clean,0,False,-2.2058883,-0.94133735
163,origin_clean,0,False,-1.8698988,-0.09553936
164,origin_clean,0,False,-0.99285644,-0.3822226
165,origin_clean,0,False,-0.4885078,-0.43842274
166,origin_clean,0,False,-1.705935,-2.323266
167,origin_clean,0,False,0.1661529,0.15643272
168,origin_clean,0,False,1.1917732,0.22301051
169,origin_clean,0,False,-0.9440157,-1.9764588
170,origin_clean,0,False,0.118739665,-0.26687956
171,origin_clean,0,False,-1.5781147,-0.021295076
172,origin_clean,0,False,0.7266787,-0.12011768
173,origin_clean,0,False,-1.3110344,-1.0976174
174,origin_clean,0,False,-1.6386862,-1.4140823
175,origin_clean,0,False,-0.5655056,-0.35628843
176,origin_clean,0,False,-1.3861605,-1.242358
177,origin_clean,0,False,0.20237936,-0.52183914
178,origin_clean,0,False,0.49894187,-0.34615275
179,origin_clean,0,False,1.5996194,-0.1699069
180,origin_clean,0,False,-0.46414545,-1.2056
181,origin_clean,0,False,1.1227831,0.32393909
182,origin_clean,0,False,0.34575254,-0.57072854
183,origin_clean,0,False,0.5753072,-0.3960711
184,origin_clean,0,False,0.13698144,-1.1240063
185,origin_clean,0,False,-1.1069236,-0.7392976
186,origin_clean,0,False,2.02562,-0.2878915
187,origin_clean,0,False,0.15217921,-0.3004732
188,origin_clean,0,False,-1.8279384,-1.0450552
189,origin_clean,0,False,-1.9824642,-0.9803807
190,origin_clean,0,False,-0.9114273,0.98661566
191,origin_clean,0,False,0.7355832,0.55425596
192,origin_clean,0,False,-0.87198985,-1.3172104
193,origin_clean,0,False,-0.22681725,-0.32671162
194,origin_clean,0,False,2.3440037,-0.112509236
195,origin_clean,0,False,-1.8951428,0.8851086
196,origin_clean,0,False,-0.8079411,-0.30444932
197,origin_clean,0,False,1.2479194,-0.35341406
198,origin_clean,0,False,-0.055934995,-0.93503904
199,origin_clean,0,False,-1.2045038,-1.0803938
200,origin_clean,0,False,0.38349307,-0.99380666
201,origin_clean,0,False,-1.2442751,-0.28723428
202,origin_clean,0,False,2.173192,0.750658
203,origin_clean,0,False,2.2898412,-0.26900256
204,origin_clean,0,False,0.32220635,0.7104502
205,origin_clean,0,False,-0.33202887,-0.116494924
206,origin_clean,0,False,2.1345313,0.14070237
207,origin_clean,0,False,-0.70822555,-0.59000194
208,origin_clean,0,False,-0.027054425,-0.97082967
209,origin_clean,0,False,-1.6796024,-0.42867965
210,origin_clean,0,False,-0.8608225,-2.8101387
211,origin_clean,0,False,0.6036587,-0.14590485
212,origin_clean,0,False,-1.1294478,0.34958377
213,origin_clean,0,False,-0.35264266,-0.21896611
214,origin_clean,0,False,1.4515749,0.010919493
215,origin_clean,0,False,0.051198132,-0.3506879
216,origin_clean,0,False,0.83798873,-1.052946
217,origin_clean,0,False,1.451293,0.33050415
218,origin_clean,0,False,1.0151742,0.5263264
219,origin_clean,0,False,0.36221534,-0.2584576
220,origin_clean,0,False,1.0452111,0.49963212
221,origin_clean,0,False,0.27191174,-1.0270131
222,origin_clean,0,False,1.5579877,0.08082932
223,origin_clean,0,False,-0.26818213,-1.5492454
224,origin_clean,0,False,0.1355677,0.34603122
225,origin_clean,0,False,-1.5800171,-0.6189325
226,origin_clean,0,False,-0.036147073,-0.30299643
227,origin_clean,0,False,1.3231056,1.9407225
228,origin_clean,0,False,-0.8842226,-0.4594733
229,origin_clean,0,False,-0.09676836,-1.3094491
230,origin_clean,0,False,0.9883501,-0.17609373
231,origin_clean,0,False,-0.9784647,0.14913197
232,origin_clean,0,False,0.39494035,-0.5929358
233,origin_clean,0,False,-0.574964,-0.789341
234,origin_clean,0,False,-0.6649698,-0.8378747
235,origin_clean,0,False,-0.64948565,-1.1075099
236,origin_clean,0,False,-1.2928905,-0.9043882
237,origin_clean,0,False,0.837919,-0.47782177
238,origin_clean,0,False,-1.3656642,-1.7895114
239,origin_clean,0,False,-0.51980174,0.4863392
240,origin_clean,0,False,-1.2181517,-1.3234532
241,origin_clean,0,False,-0.5181295,0.56939024
242,origin_clean,0,False,0.81049013,-0.52480906
243,origin_clean,0,False,0.21757662,-0.61906534
244,origin_clean,0,False,-1.1355104,-0.12553012
245,origin_clean,0,False,-2.6424775,1.6209757
246,origin_clean,0,False,0.2645147,-0.8795473
247,origin_clean,0,False,-0.08455858,-0.48115003
248,origin_clean,0,False,1.4124407,-0.5391946
249,origin_clean,0,False,0.078371435,-1.3366942
250,origin_clean,0,False,-1.1749516,0.36986572
251,origin_clean,0,False,-2.229138,-0.7004297
252,origin_clean,0,False,-1.4815322,-0.059990123
253,origin_clean,0,False,1.6203405,-0.4233402
254,origin_clean,0,False,-0.23548529,0.28768826
255,origin_clean,0,False,0.8808185,0.1672418
256,origin_clean,0,False,-0.80942,-2.1115422
257,origin_clean,0,False,-0.42179298,-0.54832625
258,origin_clean,0,False,0.11964677,0.027515613
259,origin_clean,0,False,-0.0045273043,-0.9573697
260,origin_clean,0,False,-2.0946693,-1.5085394
261,origin_clean,0,False,-0.81945467,-0.56967974
262,origin_clean,0,False,0.77552456,0.9547739
263,origin_clean,0,False,-0.0856599,-0.48067802
264,origin_clean,0,False,1.1714853,-0.7367883
265,origin_clean,0,False,0.93045974,0.39400268
266,origin_clean,0,False,0.67662144,0.0020929538
267,origin_clean,0,False,2.8552382,0.2585493
268,origin_clean,0,False,-0.66477466,-0.05361416
269,origin_clean,0,False,-0.3869589,-0.4394615
270,origin_clean,0,False,3.5486898,0.57257456
271,origin_clean,0,False,1.9876449,0.56013465
272,origin_clean,0,False,0.7301358,0.8362156
273,origin_clean,0,False,1.3266978,-0.36126035
274,origin_clean,0,False,-0.2119243,-0.5056856
275,origin_clean,0,False,0.1627259,-0.03031232
276,origin_clean,0,False,0.7743995,-1.1043012
277,origin_clean,0,False,-1.7716671,-1.0751427
278,origin_clean,0,False,1.5282114,-0.25954482
279,origin_clean,0,False,-1.050697,-0.49026877
280,origin_clean,0,False,-0.48013437,-1.3313603
281,origin_clean,0,False,1.4687626,-0.06016546
282,origin_clean,0,False,0.9489573,0.3400982
283,origin_clean,0,False,0.82528245,-0.47465485
284,origin_clean,0,False,-0.2982232,0.51413304
285,origin_clean,0,False,-1.1554307,0.3909955
286,origin_clean,0,False,1.5346754,-0.18294495
287,origin_clean,0,False,2.469157,-0.17837873
288,origin_clean,0,False,-1.1440992,-2.0122426
289,origin_clean,0,False,2.6254244,-0.1929679
290,origin_clean,0,False,2.4096053,0.47844434
291,origin_clean,0,False,1.3650116,0.2284903
292,origin_clean,0,False,-0.9662033,-1.5212212
293,origin_clean,0,False,-2.3936372,-0.7444575
294,origin_clean,0,False,-1.6775498,-0.16490115
295,origin_clean,0,False,-1.1237497,0.7561247
296,origin_clean,0,False,2.9900727,0.9561187
297,origin_clean,0,False,0.41139293,-0.26277274
298,origin_clean,0,False,1.625582,0.6142811
299,origin_clean,0,False,-0.20089528,-0.07865415
300,origin_clean,0,False,-1.1193707,0.077773064
301,origin_clean,0,False,0.30573925,-0.25048783
302,origin_clean,0,False,0.16430627,-0.31292126
303,origin_clean,0,False,-0.8692163,-0.569661
304,origin_clean,0,False,0.91192174,0.07098775
305,origin_clean,0,False,-0.6423749,0.19049738
306,origin_clean,0,False,-0.23055406,-0.26764756
307,origin_clean,0,False,1.5417712,0.9658295
308,origin_clean,0,False,0.99195325,-0.539377
309,origin_clean,0,False,0.5703236,0.20647152
310,origin_clean,0,False,-0.64029443,-0.3682903
311,origin_clean,0,False,0.24952948,0.27535585
312,origin_clean,0,False,0.36678094,-0.066002294
313,origin_clean,0,False,2.1489625,-0.009626167
314,origin_clean,0,False,-1.3112669,0.52359974
315,origin_clean,0,False,-0.23663825,0.34167415
316,origin_clean,0,False,-0.8714893,-0.66260463
317,origin_clean,0,False,-0.44105458,0.38926405
318,origin_clean,0,False,-0.2131457,-0.09101792
319,origin_clean,0,False,0.4891603,-0.3568028
320,origin_clean,0,False,-0.5486588,-0.46503314
321,origin_clean,0,False,1.6038748,-0.75127864
322,origin_clean,0,False,-1.3928273,-0.7557715
323,origin_clean,0,False,1.2930849,-0.9444376
324,origin_clean,0,False,1.5713395,-0.2853533
325,origin_clean,0,False,2.0002718,-0.558319
326,origin_clean,0,False,0.399961,0.6451149
327,origin_clean,0,False,-1.2807729,0.22496688
328,origin_clean,0,False,-1.0992916,-0.1154927
329,origin_clean,0,False,0.024147095,-0.48461282
330,origin_clean,0,False,-0.0586148,-0.62087315
331,origin_clean,0,False,0.12190667,-0.013046045
332,origin_clean,0,False,-0.83080816,-0.91519785
333,origin_clean,0,False,0.21430752,-0.25572476
334,origin_clean,0,False,1.6214235,0.054914705
335,origin_clean,0,False,1.9421501,0.042526215
336,origin_clean,0,False,-0.25503054,-0.8104215
337,origin_clean,0,False,-1.2640076,-1.3732532
338,origin_clean,0,False,0.4314905,0.0009139553
339,origin_clean,0,False,1.1072483,0.0054471903
340,origin_clean,0,False,-2.090629,-1.0404546
341,origin_clean,0,False,2.6157444,-0.011745062
342,origin_clean,0,False,0.029149724,-0.0064432304
343,origin_clean,0,False,0.8092256,0.11672751
344,origin_clean,0,False,-1.3846527,-0.08666043
345,origin_clean,0,False,0.99214906,-0.7093609
346,origin_clean,0,False,-1.7005246,-0.07639963
347,origin_clean,0,False,1.3583882,0.33348763
348,origin_clean,0,False,0.41691387,-0.3785306
349,origin_clean,0,False,0.75592613,-0.35106277
350,origin_clean,0,False,0.18501145,0.14637354
351,origin_clean,0,False,-1.4065076,-1.2047273
352,origin_clean,0,False,-0.35236788,-0.0019601977
353,origin_clean,0,False,0.14385,-0.72508097
354,origin_clean,0,False,-0.13375449,-0.72076917
355,origin_clean,0,False,0.53115,-0.30715498
356,origin_clean,0,False,0.53125274,-0.7850758
357,origin_clean,0,False,2.876741,0.73964965
358,origin_clean,0,False,0.22040612,-0.3338489
359,origin_clean,0,False,-1.0842414,-0.700897
360,origin_clean,0,False,-0.6843387,0.63825667
361,origin_clean,0,False,0.37825835,-0.8553675
362,origin_clean,0,False,-1.5619706,0.35739392
363,origin_clean,0,False,-0.44488198,0.27150527
364,origin_clean,0,False,0.25809348,-0.90084517
365,origin_clean,0,False,-0.064535044,-0.795997
366,origin_clean,0,False,2.409193,1.1806611
367,origin_clean,0,False,-1.6811059,-2.2424574
368,origin_clean,0,False,0.6760911,-0.7702455
369,origin_clean,0,False,-1.1733263,0.27024576
370,origin_clean,0,False,-0.19031173,-0.25600284
371,origin_clean,0,False,-1.153333,-0.6046865
372,origin_clean,0,False,-0.045962863,-1.1430979
373,origin_clean,0,False,-0.42352834,-1.1337043
374,origin_clean,0,False,-0.4206646,-0.7190554
375,origin_clean,0,False,-1.0231416,0.085713804
376,origin_clean,0,False,1.3494654,-0.0578739
377,origin_clean,0,False,-1.0718715,-1.1429646
378,origin_clean,0,False,2.6797867,0.3030582
379,origin_clean,0,False,-0.32861948,-0.31807816
380,origin_clean,0,False,0.31731284,-0.43314755
381,origin_clean,0,False,0.25995767,-0.79658985
382,origin_clean,0,False,-0.34035906,0.11554637
383,origin_clean,0,False,-0.2919854,-0.5853559
384,origin_clean,0,False,-0.6464454,-0.32325763
385,origin_clean,0,False,0.26522833,-0.9593564
386,origin_clean,0,False,-0.023857554,0.679275
387,origin_clean,1,False,-2.9359772,2.4191763
388,origin_clean,1,False,-2.0394125,1.817985
389,origin_clean,1,False,-3.1137714,3.0204296
390,origin_clean,1,False,-2.7018828,-0.6725452
391,origin_clean,1,False,-3.323415,3.489049
392,origin_clean,1,False,-3.4728937,2.4921763
393,origin_clean,1,False,-3.556122,2.7181633
394,origin_clean,1,False,-2.3538327,-0.6273998
395,origin_clean,1,False,-2.1002078,-1.0467688
396,origin_clean,1,False,-3.9221935,3.2641344
397,origin_clean,1,False,-2.2493925,0.3232795
398,origin_clean,1,False,-1.7632391,1.1867442
399,origin_clean,1,False,-2.8917909,3.3856487
400,origin_clean,1,False,-3.3463926,2.2840729
401,origin_clean,1,False,-3.103786,2.728057
402,origin_clean,1,False,-3.4599938,3.1435022
403,origin_clean,1,False,-2.572042,1.8890934
404,origin_clean,1,False,-2.7553716,1.3643835
405,origin_clean,1,False,-1.3441596,-0.025297984
406,origin_clean,1,False,-2.0421286,-0.7036332
407,origin_clean,1,False,-3.5088768,3.132585
408,origin_clean,1,False,-2.9661772,1.1873991
409,origin_clean,1,False,-3.1082695,2.2068846
410,origin_clean,1,False,-2.6047368,0.30297703
411,origin_clean,1,False,-2.470596,0.5397227
412,origin_clean,1,False,-2.5617685,2.0062227
413,origin_clean,1,False,-1.6695703,-0.31748962
414,origin_clean,1,False,-3.2219822,1.5914197
415,origin_clean,1,False,-2.5910497,2.4751487
416,origin_clean,1,False,-2.0215015,-1.6788929
417,origin_clean,1,False,-2.7387486,1.0861357
418,origin_clean,1,False,-2.2942634,1.4581506
419,origin_clean,1,False,-3.2611973,1.9745721
420,origin_clean,1,False,-2.2594192,2.540903
421,origin_clean,1,False,-3.1513653,2.9134898
422,origin_clean,1,False,-1.5488098,1.3893759
423,origin_clean,1,False,-2.2028277,0.20957404
424,origin_clean,1,False,-2.3599658,1.939122
425,origin_clean,1,False,-2.6392155,0.91585505
426,origin_clean,1,False,-2.5728292,0.5476527
427,origin_clean,1,False,-1.7858903,-0.9390564
428,origin_clean,1,False,-1.437987,-0.58113146
429,origin_clean,1,False,-1.9303465,0.062964804
430,origin_clean,1,False,-2.8379993,1.4949658
431,origin_clean,1,False,-2.350858,-0.5257701
432,origin_clean,1,False,-2.5607147,0.516369
433,origin_clean,1,False,-2.8577294,1.4294515
434,origin_clean,1,False,-2.6398456,2.9454515
435,origin_clean,1,False,-3.357282,2.8312175
436,origin_clean,1,False,-3.1940842,2.2002792
437,origin_clean,1,False,-1.6300528,-0.7292247
438,origin_clean,1,False,-2.7260802,1.1633394
439,origin_clean,1,False,-2.583438,-0.23113547
440,origin_clean,1,False,-2.1806912,0.32429078
441,origin_clean,1,False,-2.9212384,1.0949677
442,origin_clean,1,False,-3.7218451,5.0890207
443,origin_clean,1,False,-3.143834,3.1025
444,origin_clean,1,False,-2.233385,0.21339293
445,origin_clean,1,False,-3.1430483,2.824448
446,origin_clean,1,False,-2.1903079,-1.7917385
447,origin_clean,1,False,-2.8039358,1.9548359
448,origin_clean,1,False,-2.4158692,1.5566514
449,origin_clean,1,False,-2.1989796,2.8911808
450,origin_clean,1,False,-2.942635,3.4021492
451,origin_clean,1,False,-2.5754795,1.5220423
452,origin_clean,1,False,-2.6976848,0.35104817
453,origin_clean,1,False,-2.8560853,0.79349273
454,origin_clean,1,False,-1.9163973,0.9445027
455,origin_clean,1,False,-3.4633737,4.5320086
456,origin_clean,1,False,-2.2272744,0.034777
457,origin_clean,1,False,-3.146913,2.701857
458,origin_clean,1,False,-1.6534791,0.8535122
459,origin_clean,1,False,-2.548142,1.563237
460,origin_clean,1,False,-1.9404886,1.803469
461,origin_clean,1,False,-2.785968,0.43836737
462,origin_clean,1,False,-2.2752786,1.0852526
463,origin_clean,1,False,-1.407884,1.6304008
464,origin_clean,1,False,-2.6671515,3.4106882
465,origin_clean,1,False,-2.8752134,2.5259101
466,origin_clean,1,False,-2.142657,-1.4476845
467,origin_clean,1,False,-2.503693,0.50547194
468,origin_clean,1,False,-3.3743632,1.6928852
469,origin_clean,1,False,-3.1765823,2.1030257
470,origin_clean,1,False,-2.5743294,0.89435625
471,origin_clean,1,False,-1.999201,1.0363619
472,origin_clean,1,False,-2.6427355,0.9718025
473,origin_clean,1,False,-3.213419,1.2798338
474,origin_clean,1,False,-2.527378,1.2990477
475,origin_clean,1,False,-2.9974723,0.52524346
476,origin_clean,1,False,-2.666641,1.9009748
477,origin_clean,1,False,-3.7802737,2.4276028
478,origin_clean,1,False,-2.0769997,0.61803377
479,origin_clean,1,False,-4.042115,3.442828
480,origin_clean,1,False,-2.788136,1.8396196
481,origin_clean,1,False,-3.6684024,4.167038
482,origin_clean,1,False,-2.7439318,1.1524189
483,origin_clean,1,False,-2.560292,0.12372062
484,origin_clean,1,False,-3.3591118,2.6064587
485,origin_clean,1,False,-3.4466832,4.1382127
486,origin_clean,1,False,-2.227549,0.67141795
487,origin_clean,1,False,-2.443787,1.0241493
488,origin_clean,1,False,-2.3224988,1.7700408
489,origin_clean,1,False,-3.2600565,3.0245354
490,origin_clean,1,False,-3.4139414,3.9449809
491,origin_clean,1,False,-2.362269,1.8536917
492,origin_clean,1,False,-2.4378524,4.1905947
493,origin_clean,1,False,-3.511648,2.757911
494,origin_clean,1,False,-3.0323896,2.0942788
495,origin_clean,1,False,-3.1005325,1.337469
496,origin_clean,1,False,-3.6853466,4.2733407
497,origin_clean,1,False,-1.9818156,-0.6918417
498,origin_clean,1,False,-2.7537124,2.8755555
499,origin_clean,1,False,-2.64111,1.2823784
500,origin_clean,1,False,-2.6521986,0.84677696
501,origin_clean,1,False,-1.8334334,0.2983598
502,origin_clean,1,False,-2.1511924,0.73885256
503,origin_clean,1,False,-2.747601,1.5355504
504,origin_clean,1,False,-2.850337,0.8820437
505,origin_clean,1,False,-3.8364763,3.3733063
506,origin_clean,1,False,-2.3910503,0.76719785
507,origin_clean,1,False,-3.762135,3.918552
508,origin_clean,1,False,-2.6839447,0.54000545
509,origin_clean,1,False,-3.9849043,5.170536
510,origin_clean,1,False,-2.9873233,1.9727163
511,origin_clean,1,False,-2.6961865,3.56808
0,origin_poisoned,0,False,3.9651604,0.84642327
1,origin_poisoned,0,False,3.1921406,0.56737375
2,origin_poisoned,0,False,2.788589,0.2221141
3,origin_poisoned,0,False,4.3529015,0.8524205
4,origin_poisoned,0,False,-0.25239325,-1.2701387
5,origin_poisoned,0,False,2.1741402,0.10800667
6,origin_poisoned,0,False,5.8252974,1.4394531
7,origin_poisoned,0,False,1.7082076,-0.5818734
8,origin_poisoned,0,False,2.3884072,-0.10246925
9,origin_poisoned,0,False,0.7391728,-0.7614989
10,origin_poisoned,0,False,3.0103223,1.0098906
11,origin_poisoned,0,False,5.1853533,1.0082016
12,origin_poisoned,0,False,1.4918945,-0.6581788
13,origin_poisoned,0,False,4.4478765,1.1180689
14,origin_poisoned,0,False,4.5272913,0.5919912
15,origin_poisoned,0,False,3.3447053,1.3995287
16,origin_poisoned,0,False,2.7664943,0.27154115
17,origin_poisoned,0,False,3.7326446,0.69374794
18,origin_poisoned,0,False,3.7808251,0.07858402
19,origin_poisoned,0,False,2.2906632,-0.31205487
20,origin_poisoned,0,False,5.189005,1.0803713
21,origin_poisoned,0,False,3.4256098,0.6175194
22,origin_poisoned,0,False,0.7575617,-0.579713
23,origin_poisoned,0,False,3.1640315,0.6680913
24,origin_poisoned,0,False,3.5685174,0.7444047
25,origin_poisoned,0,False,4.30209,0.5975616
26,origin_poisoned,0,False,1.4663751,-0.31018102
27,origin_poisoned,0,False,2.9585996,0.0037661046
28,origin_poisoned,0,False,2.7523036,-0.18384731
29,origin_poisoned,0,False,2.9996104,0.09421255
30,origin_poisoned,0,False,3.2226295,0.55669343
31,origin_poisoned,0,False,3.850671,1.8393352
32,origin_poisoned,0,False,2.481049,-0.0392517
33,origin_poisoned,0,False,1.91012,-0.07320222
34,origin_poisoned,0,False,4.63224,1.0200753
35,origin_poisoned,0,False,1.4245734,-0.50587124
36,origin_poisoned,0,False,2.9265425,-0.04096484
37,origin_poisoned,0,False,0.6952783,-0.95113766
38,origin_poisoned,0,False,4.2223577,0.5668028
39,origin_poisoned,0,False,4.6430283,0.87557346
40,origin_poisoned,0,False,3.6863174,0.66457605
41,origin_poisoned,0,False,0.79946303,-0.14714149
42,origin_poisoned,0,False,4.3023577,0.6882988
43,origin_poisoned,0,False,2.670241,0.19541313
44,origin_poisoned,0,False,-0.7277008,-1.2129192
45,origin_poisoned,0,False,3.3299735,-0.14979383
46,origin_poisoned,0,False,4.8028746,1.2544485
47,origin_poisoned,0,False,3.0005646,0.44547257
48,origin_poisoned,0,False,2.986846,0.36844042
49,origin_poisoned,0,False,5.118234,1.2847619
50,origin_poisoned,0,False,3.0427256,0.49923295
51,origin_poisoned,0,False,1.8192265,0.006346371
52,origin_poisoned,0,False,2.2170234,-0.005684659
53,origin_poisoned,0,False,0.41624904,-0.6236715
54,origin_poisoned,0,False,2.7181153,0.3593943
55,origin_poisoned,0,False,3.6348867,0.32744977
56,origin_poisoned,0,False,-0.07745876,-1.4159026
57,origin_poisoned,0,False,2.8975163,0.3883059
58,origin_poisoned,0,False,3.0319352,0.88084346
59,origin_poisoned,0,False,3.7621403,0.32637888
60,origin_poisoned,0,False,2.228597,0.03234621
61,origin_poisoned,0,False,3.6052842,0.37939572
62,origin_poisoned,0,False,2.2090716,0.24187118
63,origin_poisoned,0,False,2.5059743,-0.4947989
64,origin_poisoned,0,False,2.1476684,-0.4699778
65,origin_poisoned,0,False,2.706944,-0.24106017
66,origin_poisoned,0,False,5.079415,1.4146383
67,origin_poisoned,0,False,0.90795195,-0.18324788
68,origin_poisoned,0,False,4.690317,0.88127255
69,origin_poisoned,0,False,2.3126276,-0.28362787
70,origin_poisoned,0,False,4.450927,0.9359487
71,origin_poisoned,0,False,1.1192832,-0.031040639
72,origin_poisoned,0,False,4.5431447,0.60569227
73,origin_poisoned,0,False,5.077083,0.67220634
74,origin_poisoned,0,False,4.964036,1.0782046
75,origin_poisoned,0,False,3.9569209,1.047
76,origin_poisoned,0,False,3.6543384,0.6863674
77,origin_poisoned,0,False,1.5443494,-0.42323965
78,origin_poisoned,0,False,2.5370526,-0.30108395
79,origin_poisoned,0,False,4.8922443,0.9544437
80,origin_poisoned,0,False,3.129424,-0.040993556
81,origin_poisoned,0,False,4.586482,0.70609117
82,origin_poisoned,0,False,2.5466075,0.5250242
83,origin_poisoned,0,False,2.422431,0.17089543
84,origin_poisoned,0,False,4.5275373,1.070018
85,origin_poisoned,0,False,4.018379,0.7514428
86,origin_poisoned,0,False,1.8381467,-0.22450921
87,origin_poisoned,0,False,1.7577283,-0.29116514
88,origin_poisoned,0,False,2.6923842,0.17636949
89,origin_poisoned,0,False,2.2133176,-0.2276508
90,origin_poisoned,0,False,2.0505724,-0.03368953
91,origin_poisoned,0,False,1.8693717,0.41343904
92,origin_poisoned,0,False,3.0019035,0.91108686
93,origin_poisoned,0,False,-0.11734996,-0.9418509
94,origin_poisoned,0,False,3.162803,0.87810063
95,origin_poisoned,0,False,3.101849,0.995584
96,origin_poisoned,0,False,3.868801,1.1072931
97,origin_poisoned,0,False,4.0873494,0.5485753
98,origin_poisoned,0,False,2.57039,-0.07535957
99,origin_poisoned,0,False,1.229478,-0.7309257
100,origin_poisoned,0,False,1.0599803,-0.7110257
101,origin_poisoned,0,False,2.402287,0.29106802
102,origin_poisoned,0,False,3.113884,0.5630468
103,origin_poisoned,0,False,4.737735,0.88702327
104,origin_poisoned,0,False,3.2070246,0.2744146
105,origin_poisoned,0,False,2.7406921,0.122084394
106,origin_poisoned,0,False,4.178726,1.1983066
107,origin_poisoned,0,False,2.5278215,0.02216632
108,origin_poisoned,0,False,4.4550934,1.0779321
109,origin_poisoned,0,False,1.6575847,-0.08752118
110,origin_poisoned,0,False,0.006131448,-0.7126108
111,origin_poisoned,0,False,2.1698852,0.28369713
112,origin_poisoned,0,False,5.201624,0.90990543
113,origin_poisoned,0,False,3.2713032,0.99451107
114,origin_poisoned,0,False,2.3201566,-0.5915368
115,origin_poisoned,0,False,3.2441378,-0.11518948
116,origin_poisoned,0,False,3.2894347,0.7283599
117,origin_poisoned,0,False,3.8127334,0.61163944
118,origin_poisoned,0,False,1.9860966,0.13216619
119,origin_poisoned,0,False,2.825111,0.93634605
120,origin_poisoned,0,False,3.749147,0.7289127
121,origin_poisoned,0,False,3.2729878,-0.21813674
122,origin_poisoned,0,False,4.653246,0.9525207
123,origin_poisoned,0,False,3.3536983,0.58152074
124,origin_poisoned,0,False,4.566342,0.87623787
125,origin_poisoned,0,False,1.9216015,-0.040995464
126,origin_poisoned,0,False,3.470633,0.23936999
127,origin_poisoned,0,False,2.4600506,0.03179675
128,origin_poisoned,0,False,3.6048486,0.31784955
129,origin_poisoned,0,False,4.4977207,1.3673049
130,origin_poisoned,0,False,3.3946009,0.4076622
131,origin_poisoned,0,False,4.952465,0.76791716
132,origin_poisoned,0,False,-0.37321386,-1.3946213
133,origin_poisoned,0,False,2.7061422,-0.3471406
134,origin_poisoned,0,False,2.1158154,-0.37810522
135,origin_poisoned,0,False,3.2680397,0.529793
136,origin_poisoned,0,False,5.261195,1.3836355
137,origin_poisoned,0,False,1.5236483,-1.0280333
138,origin_poisoned,0,False,3.3634596,0.61926603
139,origin_poisoned,0,False,3.294549,0.6539228
140,origin_poisoned,0,False,1.8248665,-0.7006178
141,origin_poisoned,0,False,2.5952747,-0.27132082
142,origin_poisoned,0,False,4.51379,0.6188979
143,origin_poisoned,0,False,2.501992,0.18512738
144,origin_poisoned,0,False,4.3112106,0.9531901
145,origin_poisoned,0,False,3.2718244,0.45323858
146,origin_poisoned,0,False,2.066758,-0.045466878
147,origin_poisoned,0,False,1.3967028,-0.21217167
148,origin_poisoned,0,False,4.3744597,0.8425383
149,origin_poisoned,0,False,2.4895499,-0.29319918
150,origin_poisoned,0,False,2.76366,0.48073375
151,origin_poisoned,0,False,2.0922375,-0.22447468
152,origin_poisoned,0,False,2.9000177,0.41437775
153,origin_poisoned,0,False,1.2562966,-0.13262013
154,origin_poisoned,0,False,1.6266689,-0.18562533
155,origin_poisoned,0,False,2.665989,0.1413719
156,origin_poisoned,0,False,2.4421058,-0.24102175
157,origin_poisoned,0,False,0.7024969,-0.12746398
158,origin_poisoned,0,False,2.021954,0.1759049
159,origin_poisoned,0,False,1.0479006,-0.7902658
160,origin_poisoned,0,False,3.208324,0.30354577
161,origin_poisoned,0,False,2.739987,0.83136153
162,origin_poisoned,0,False,2.1758456,-0.019661635
163,origin_poisoned,0,False,2.2112303,0.20190643
164,origin_poisoned,0,False,2.1566622,-0.09055565
165,origin_poisoned,0,False,1.8193974,0.10988739
166,origin_poisoned,0,False,-0.5312173,-1.552604
167,origin_poisoned,0,False,4.3037205,1.2342565
168,origin_poisoned,0,False,3.4873574,0.5064862
169,origin_poisoned,0,False,-0.32569686,-1.8259695
170,origin_poisoned,0,False,3.8095098,0.32529926
171,origin_poisoned,0,False,1.8986554,0.9032768
172,origin_poisoned,0,False,0.93440324,-0.5474371
173,origin_poisoned,0,False,1.5086801,-0.41980737
174,origin_poisoned,0,False,1.109497,-0.65207314
175,origin_poisoned,0,False,3.3708792,0.8396806
176,origin_poisoned,0,False,1.7908659,-0.6278404
177,origin_poisoned,0,False,1.9776883,-0.16404471
178,origin_poisoned,0,False,1.9482925,-0.083542645
179,origin_poisoned,0,False,2.6204739,-0.005084172
180,origin_poisoned,0,False,2.4294777,-0.46555197
181,origin_poisoned,0,False,3.9210262,1.1100919
182,origin_poisoned,0,False,2.0508134,-0.2453968
183,origin_poisoned,0,False,1.9610801,-0.30523872
184,origin_poisoned,0,False,0.2008941,-0.954761
185,origin_poisoned,0,False,0.35232186,-0.7127751
186,origin_poisoned,0,False,3.0356736,0.010618858
187,origin_poisoned,0,False,1.7077699,0.08851888
188,origin_poisoned,0,False,-0.108937025,-1.0694392
189,origin_poisoned,0,False,1.3768309,-0.16486469
190,origin_poisoned,0,False,1.4164176,0.7557886
191,origin_poisoned,0,False,3.0053363,0.7679676
192,origin_poisoned,0,False,-0.266741,-1.1153988
193,origin_poisoned,0,False,1.1944335,-0.071447134
194,origin_poisoned,0,False,3.5682588,0.48734248
195,origin_poisoned,0,False,3.7878966,1.4586825
196,origin_poisoned,0,False,1.7057412,0.10752328
197,origin_poisoned,0,False,3.4241285,0.65318316
198,origin_poisoned,0,False,1.1911876,-0.66496396
199,origin_poisoned,0,False,0.25687444,-0.9125168
200,origin_poisoned,0,False,2.4885216,-0.01316556
201,origin_poisoned,0,False,0.67555356,0.17185703
202,origin_poisoned,0,False,5.717761,1.461755
203,origin_poisoned,0,False,3.0968218,0.17873335
204,origin_poisoned,0,False,2.2526176,0.4506116
205,origin_poisoned,0,False,3.2124062,0.37071407
206,origin_poisoned,0,False,5.5287876,1.3147612
207,origin_poisoned,0,False,3.2475247,0.30224186
208,origin_poisoned,0,False,1.1352124,-0.781374
209,origin_poisoned,0,False,2.3648977,0.14917691
210,origin_poisoned,0,False,0.5135731,-1.8682995
211,origin_poisoned,0,False,3.7915833,0.65045285
212,origin_poisoned,0,False,4.765352,1.5203483
213,origin_poisoned,0,False,3.0873194,0.28204513
214,origin_poisoned,0,False,4.729581,0.85281205
215,origin_poisoned,0,False,1.9280524,-0.039962597
216,origin_poisoned,0,False,3.6468704,0.24525058
217,origin_poisoned,0,False,4.3498125,0.9773403
218,origin_poisoned,0,False,5.3285046,1.3590503
219,origin_poisoned,0,False,4.1883864,0.62028164
220,origin_poisoned,0,False,3.0235379,0.47560662
221,origin_poisoned,0,False,1.6775343,-0.6062329
222,origin_poisoned,0,False,3.929545,0.7031325
223,origin_poisoned,0,False,2.9324615,-0.19484606
224,origin_poisoned,0,False,4.215533,0.8510077
225,origin_poisoned,0,False,5.0035243,0.9156753
226,origin_poisoned,0,False,2.3689024,0.21436588
227,origin_poisoned,0,False,4.6662884,1.9495165
228,origin_poisoned,0,False,3.614655,0.58092964
229,origin_poisoned,0,False,-0.12563416,-1.4191213
230,origin_poisoned,0,False,2.6221757,0.17905432
231,origin_poisoned,0,False,1.9591255,0.25653118
232,origin_poisoned,0,False,3.4512997,0.26848698
233,origin_poisoned,0,False,2.9285216,0.38493156
234,origin_poisoned,0,False,0.7895285,-0.4769845
235,origin_poisoned,0,False,1.643558,-0.79818845
236,origin_poisoned,0,False,0.54713005,-0.53812057
237,origin_poisoned,0,False,3.8966374,0.5724491
238,origin_poisoned,0,False,0.8065702,-0.86211026
239,origin_poisoned,0,False,3.6668205,1.2221099
240,origin_poisoned,0,False,4.408647,0.70190644
241,origin_poisoned,0,False,2.4784963,0.6912322
242,origin_poisoned,0,False,2.944694,0.3176185
243,origin_poisoned,0,False,0.75563157,-0.54943824
244,origin_poisoned,0,False,2.1282904,0.20640051
245,origin_poisoned,0,False,-0.015822511,1.0552317
246,origin_poisoned,0,False,1.5814952,-0.38680062
247,origin_poisoned,0,False,3.8545637,0.70541334
248,origin_poisoned,0,False,2.4090428,-0.29491204
249,origin_poisoned,0,False,3.17348,-0.21665132
250,origin_poisoned,0,False,3.0428672,0.8196894
251,origin_poisoned,0,False,1.9071796,0.15033184
252,origin_poisoned,0,False,3.1778293,0.9120346
253,origin_poisoned,0,False,3.8230348,0.37306455
254,origin_poisoned,0,False,4.048396,1.225662
255,origin_poisoned,0,False,4.3155675,1.0301026
256,origin_poisoned,0,False,0.602007,-1.4097786
257,origin_poisoned,0,False,0.870932,-0.47048876
258,origin_poisoned,0,False,2.825578,0.29625678
259,origin_poisoned,0,False,2.2136402,-0.6569841
260,origin_poisoned,0,False,0.46130723,-0.78486705
261,origin_poisoned,0,False,3.6220388,0.60579455
262,origin_poisoned,0,False,2.6817694,0.8080502
263,origin_poisoned,0,False,3.7512803,0.51667804
264,origin_poisoned,0,False,1.947542,-0.54123604
265,origin_poisoned,0,False,2.9591298,0.31365195
266,origin_poisoned,0,False,2.980854,0.62269044
267,origin_poisoned,0,False,4.9547644,0.8799523
268,origin_poisoned,0,False,4.2601085,0.9236833
269,origin_poisoned,0,False,1.1095719,-0.50515485
270,origin_poisoned,0,False,5.14209,1.0929419
271,origin_poisoned,0,False,5.364126,1.5345064
272,origin_poisoned,0,False,2.199828,0.7516115
273,origin_poisoned,0,False,2.4756002,0.032095492
274,origin_poisoned,0,False,3.0058656,0.2816064
275,origin_poisoned,0,False,3.204636,0.5844322
276,origin_poisoned,0,False,1.1416872,-1.1942623
277,origin_poisoned,0,False,1.6415346,-0.094839305
278,origin_poisoned,0,False,2.6931493,0.13379346
279,origin_poisoned,0,False,2.760279,0.28550053
280,origin_poisoned,0,False,0.8678428,-0.9276632
281,origin_poisoned,0,False,5.58234,1.098937
282,origin_poisoned,0,False,4.4154115,1.0145816
283,origin_poisoned,0,False,2.9271212,0.13285905
284,origin_poisoned,0,False,2.9456015,0.9863919
285,origin_poisoned,0,False,5.042822,1.1036472
286,origin_poisoned,0,False,5.099415,0.95779264
287,origin_poisoned,0,False,5.7941413,1.079424
288,origin_poisoned,0,False,4.11987,0.17530409
289,origin_poisoned,0,False,3.974518,0.40856546
290,origin_poisoned,0,False,5.4196033,1.5127903
291,origin_poisoned,0,False,3.6610708,0.6908288
292,origin_poisoned,0,False,1.4643135,-0.58265686
293,origin_poisoned,0,False,1.7347567,-0.13805652
294,origin_poisoned,0,False,2.961176,0.13776965
295,origin_poisoned,0,False,3.3297868,0.74632835
296,origin_poisoned,0,False,5.816122,1.6121106
297,origin_poisoned,0,False,6.533712,1.4189812
298,origin_poisoned,0,False,3.575964,0.68321073
299,origin_poisoned,0,False,2.7383232,0.63992846
300,origin_poisoned,0,False,2.4699183,0.23848
301,origin_poisoned,0,False,2.6647482,0.28777394
302,origin_poisoned,0,False,0.7644359,-0.21478839
303,origin_poisoned,0,False,0.92670846,-0.27725518
304,origin_poisoned,0,False,3.1886358,0.39295268
305,origin_poisoned,0,False,3.9430373,0.97671306
306,origin_poisoned,0,False,1.1019083,-0.29466158
307,origin_poisoned,0,False,3.1073546,0.83117545
308,origin_poisoned,0,False,3.151117,0.24777612
309,origin_poisoned,0,False,5.153151,1.3942366
310,origin_poisoned,0,False,2.272646,0.26301676
311,origin_poisoned,0,False,5.586293,1.5077044
312,origin_poisoned,0,False,3.8230681,0.5869146
313,origin_poisoned,0,False,3.0842342,0.24324906
314,origin_poisoned,0,False,1.3263545,0.38887417
315,origin_poisoned,0,False,3.6142716,0.8616862
316,origin_poisoned,0,False,4.808432,0.9856633
317,origin_poisoned,0,False,4.907938,1.1445963
318,origin_poisoned,0,False,3.1133442,0.76500434
319,origin_poisoned,0,False,3.7063022,0.7030831
320,origin_poisoned,0,False,3.9606292,0.5305786
321,origin_poisoned,0,False,3.643007,0.11542088
322,origin_poisoned,0,False,2.6486242,-0.09184154
323,origin_poisoned,0,False,4.2441497,0.124234505
324,origin_poisoned,0,False,4.2051477,0.53092134
325,origin_poisoned,0,False,2.8969216,-0.03767655
326,origin_poisoned,0,False,1.4415932,0.14823003
327,origin_poisoned,0,False,1.8389868,0.3268011
328,origin_poisoned,0,False,4.8783746,1.0895922
329,origin_poisoned,0,False,0.22960904,-0.60670257
330,origin_poisoned,0,False,2.8393202,0.396057
331,origin_poisoned,0,False,4.25386,0.98107785
332,origin_poisoned,0,False,0.5941107,-0.88553447
333,origin_poisoned,0,False,1.5678465,-0.14033055
334,origin_poisoned,0,False,3.740168,0.45737308
335,origin_poisoned,0,False,2.9692335,0.124968626
336,origin_poisoned,0,False,1.0848314,-0.525376
337,origin_poisoned,0,False,0.11174096,-1.0234443
338,origin_poisoned,0,False,3.5373616,0.7637671
339,origin_poisoned,0,False,4.026085,0.7628511
340,origin_poisoned,0,False,0.013508821,-0.74533105
341,origin_poisoned,0,False,4.8733253,0.7434323
342,origin_poisoned,0,False,1.359385,-0.16184567
343,origin_poisoned,0,False,3.7733238,0.8353121
344,origin_poisoned,0,False,1.0724368,-0.27134898
345,origin_poisoned,0,False,2.4663386,-0.23425166
346,origin_poisoned,0,False,1.7954518,0.3725352
347,origin_poisoned,0,False,4.021283,0.6742918
348,origin_poisoned,0,False,2.8949876,0.10238511
349,origin_poisoned,0,False,2.669877,0.068997204
350,origin_poisoned,0,False,2.208743,0.31691712
351,origin_poisoned,0,False,2.2754982,-0.34448224
352,origin_poisoned,0,False,1.6114918,0.21811369
353,origin_poisoned,0,False,1.0257629,-0.6175976
354,origin_poisoned,0,False,1.8629179,-0.363185
355,origin_poisoned,0,False,3.8897462,0.6177398
356,origin_poisoned,0,False,2.3430822,-0.11043759
357,origin_poisoned,0,False,5.6542587,1.6191005
358,origin_poisoned,0,False,2.6648211,0.16618133
359,origin_poisoned,0,False,3.4517145,0.27350736
360,origin_poisoned,0,False,2.6793303,0.93194324
361,origin_poisoned,0,False,1.1322813,-0.76804924
362,origin_poisoned,0,False,1.2411464,0.2984512
363,origin_poisoned,0,False,2.4633994,0.4269042
364,origin_poisoned,0,False,1.6731682,-0.49560702
365,origin_poisoned,0,False,1.5289365,-0.3106401
366,origin_poisoned,0,False,5.187099,1.514467
367,origin_poisoned,0,False,1.0281539,-0.93305635
368,origin_poisoned,0,False,2.9819155,0.10509143
369,origin_poisoned,0,False,2.5343752,0.5480509
370,origin_poisoned,0,False,2.4115012,-0.2451706
371,origin_poisoned,0,False,2.8901482,0.30315602
372,origin_poisoned,0,False,3.296602,0.03197421
373,origin_poisoned,0,False,1.3091006,-0.41122454
374,origin_poisoned,0,False,1.7260101,-0.1584405
375,origin_poisoned,0,False,1.0465715,-0.22576779
376,origin_poisoned,0,False,5.2075224,1.4710338
377,origin_poisoned,0,False,0.4444484,-0.8984015
378,origin_poisoned,0,False,3.3736331,0.3363598
379,origin_poisoned,0,False,1.3370016,-0.17803404
380,origin_poisoned,0,False,3.1515083,0.4242413
381,origin_poisoned,0,False,3.1894512,0.4413986
382,origin_poisoned,0,False,3.1203055,0.7560762
383,origin_poisoned,0,False,1.4823508,-0.29031575
384,origin_poisoned,0,False,2.2693658,0.13956136
385,origin_poisoned,0,False,2.2919302,-0.12709373
386,origin_poisoned,0,False,2.865756,0.9736756
387,origin_poisoned,1,False,1.3314688,0.8418467
388,origin_poisoned,1,False,2.475529,0.2422679
389,origin_poisoned,1,False,3.5788534,1.168555
390,origin_poisoned,1,False,0.73162496,-0.08135657
391,origin_poisoned,1,False,1.7278906,1.9632192
392,origin_poisoned,1,False,0.1253595,0.9241345
393,origin_poisoned,1,False,1.7444675,1.2842147
394,origin_poisoned,1,False,0.78453493,-0.26632616
395,origin_poisoned,1,False,-1.1972463,-1.1984146
396,origin_poisoned,1,False,1.6466042,1.194805
397,origin_poisoned,1,False,0.18616906,0.1412951
398,origin_poisoned,1,False,4.0609694,2.0871882
399,origin_poisoned,1,False,3.3746688,1.3922954
400,origin_poisoned,1,False,1.8285303,0.818316
401,origin_poisoned,1,False,1.7299829,1.1132653
402,origin_poisoned,1,False,-0.108021736,1.8159
403,origin_poisoned,1,False,2.9839265,0.9348962
404,origin_poisoned,1,False,1.779835,0.98692375
405,origin_poisoned,1,False,1.674232,0.29881874
406,origin_poisoned,1,False,-0.68231845,-1.0296811
407,origin_poisoned,1,False,-0.6816113,2.4278982
408,origin_poisoned,1,False,1.6914891,0.39579386
409,origin_poisoned,1,False,4.3177757,1.5502003
410,origin_poisoned,1,False,1.0398836,0.024505612
411,origin_poisoned,1,False,0.4982868,0.15031739
412,origin_poisoned,1,False,0.078136526,0.63010794
413,origin_poisoned,1,False,-0.75839525,-1.2387012
414,origin_poisoned,1,False,1.9414296,0.7916903
415,origin_poisoned,1,False,3.7954483,1.1859559
416,origin_poisoned,1,False,-1.2112601,-1.5386162
417,origin_poisoned,1,False,2.199417,0.70861995
418,origin_poisoned,1,False,0.4834025,0.41285354
419,origin_poisoned,1,False,2.1853173,1.2231605
420,origin_poisoned,1,False,1.5556716,0.9445971
421,origin_poisoned,1,False,1.6347339,2.187671
422,origin_poisoned,1,False,1.338983,0.4998933
423,origin_poisoned,1,False,0.92282397,0.58472914
424,origin_poisoned,1,False,1.9644899,0.7899048
425,origin_poisoned,1,False,3.0787168,1.077204
426,origin_poisoned,1,False,3.7604342,0.82599926
427,origin_poisoned,1,False,0.50787085,-0.63607144
428,origin_poisoned,1,False,0.8797419,-0.54768467
429,origin_poisoned,1,False,2.224463,0.32402614
430,origin_poisoned,1,False,2.4438858,0.8093264
431,origin_poisoned,1,False,-1.2513068,-0.8684734
432,origin_poisoned,1,False,0.35540068,0.14959784
433,origin_poisoned,1,False,0.8024453,0.6307326
434,origin_poisoned,1,False,2.0403762,1.4601192
435,origin_poisoned,1,False,-0.4421931,1.2968196
436,origin_poisoned,1,False,3.3798141,1.9465101
437,origin_poisoned,1,False,-0.14590865,-0.3136122
438,origin_poisoned,1,False,2.1144748,1.0341461
439,origin_poisoned,1,False,0.75183177,-0.52416635
440,origin_poisoned,1,False,1.8375711,0.27904338
441,origin_poisoned,1,False,1.8107696,1.0588748
442,origin_poisoned,1,False,3.7109861,2.2404313
443,origin_poisoned,1,False,5.0414467,1.5190735
444,origin_poisoned,1,False,3.2720978,0.60650086
445,origin_poisoned,1,False,3.31568,1.1199408
446,origin_poisoned,1,False,2.434945,-0.22716822
447,origin_poisoned,1,False,0.99631035,0.86998534
448,origin_poisoned,1,False,3.939992,1.3943603
449,origin_poisoned,1,False,2.6056426,1.2527995
450,origin_poisoned,1,False,4.114023,1.3319626
451,origin_poisoned,1,False,2.2032313,0.7521933
452,origin_poisoned,1,False,2.5201707,0.44765717
453,origin_poisoned,1,False,0.9880465,0.40703484
454,origin_poisoned,1,False,2.2338161,0.5644063
455,origin_poisoned,1,False,3.269531,2.3865135
456,origin_poisoned,1,False,1.8596005,-0.2356574
457,origin_poisoned,1,False,3.9882646,0.9216943
458,origin_poisoned,1,False,2.285396,0.5702232
459,origin_poisoned,1,False,1.8523512,0.37412143
460,origin_poisoned,1,False,4.211125,2.0312052
461,origin_poisoned,1,False,1.5927019,0.6079271
462,origin_poisoned,1,False,2.2753568,0.82442766
463,origin_poisoned,1,False,1.1732643,0.09624897
464,origin_poisoned,1,False,2.073364,1.3770121
465,origin_poisoned,1,False,-0.56721085,1.6645563
466,origin_poisoned,1,False,-0.43521404,-1.0119357
467,origin_poisoned,1,False,0.37891293,0.31597102
468,origin_poisoned,1,False,2.4913085,0.42940575
469,origin_poisoned,1,False,1.8123434,1.0506032
470,origin_poisoned,1,False,3.3484216,1.0230929
471,origin_poisoned,1,False,1.7397351,0.7282811
472,origin_poisoned,1,False,1.8700567,0.5270293
473,origin_poisoned,1,False,4.1212244,1.0321888
474,origin_poisoned,1,False,2.2928357,0.57339215
475,origin_poisoned,1,False,3.1427855,0.35720292
476,origin_poisoned,1,False,1.5131865,0.75772077
477,origin_poisoned,1,False,0.6656025,0.75389373
478,origin_poisoned,1,False,3.3371134,0.8598108
479,origin_poisoned,1,False,-0.24466102,1.8785827
480,origin_poisoned,1,False,-0.29327035,1.3918161
481,origin_poisoned,1,False,3.2966137,1.5667579
482,origin_poisoned,1,False,0.553144,0.94395536
483,origin_poisoned,1,False,0.72006977,-0.63873446
484,origin_poisoned,1,False,3.3062415,1.1677449
485,origin_poisoned,1,False,4.159914,1.6645263
486,origin_poisoned,1,False,2.2618723,0.80824447
487,origin_poisoned,1,False,3.326479,1.2891774
488,origin_poisoned,1,False,2.9461956,1.2240322
489,origin_poisoned,1,False,2.7682588,1.322007
490,origin_poisoned,1,False,2.2183404,1.8220308
491,origin_poisoned,1,False,1.5651016,0.95357335
492,origin_poisoned,1,False,2.1101952,1.5389395
493,origin_poisoned,1,False,5.0157843,1.6578699
494,origin_poisoned,1,False,0.23364055,1.0440007
495,origin_poisoned,1,False,2.6209989,0.79071355
496,origin_poisoned,1,False,2.9667106,1.993473
497,origin_poisoned,1,False,-0.3009959,-0.8012303
498,origin_poisoned,1,False,3.3393826,1.452266
499,origin_poisoned,1,False,3.3744402,0.6326681
500,origin_poisoned,1,False,1.7967048,0.4254373
501,origin_poisoned,1,False,4.460494,1.0225384
502,origin_poisoned,1,False,1.7801771,0.46813858
503,origin_poisoned,1,False,2.5695457,1.2420442
504,origin_poisoned,1,False,1.3392396,-0.1907871
505,origin_poisoned,1,False,2.2129917,1.3491762
506,origin_poisoned,1,False,5.226923,1.230643
507,origin_poisoned,1,False,4.8309307,1.394625
508,origin_poisoned,1,False,-1.2644058,0.24960804
509,origin_poisoned,1,False,3.7949243,2.3311052
510,origin_poisoned,1,False,3.8568442,1.686892
511,origin_poisoned,1,False,2.7606523,1.8218982
0,degradation_poisoned,0,True,-1.1970505,-0.12558167
1,degradation_poisoned,0,True,0.31513765,-0.48360115
2,degradation_poisoned,0,True,0.2740032,-0.6038486
3,degradation_poisoned,0,True,1.2188485,0.03785698
4,degradation_poisoned,0,True,-1.4899733,-1.6117492
5,degradation_poisoned,0,True,0.57465166,-0.55353
6,degradation_poisoned,0,True,-0.27683845,0.42473865
7,degradation_poisoned,0,True,0.35513115,-1.3793602
8,degradation_poisoned,0,True,0.041694645,-0.9893358
9,degradation_poisoned,0,True,-0.64234126,-1.5336493
10,degradation_poisoned,0,True,-0.9122361,0.09156733
11,degradation_poisoned,0,True,-2.0528169,-0.43855458
12,degradation_poisoned,0,True,-1.0448728,-0.87633324
13,degradation_poisoned,0,True,-1.1673661,-0.16528675
14,degradation_poisoned,0,True,1.5436448,-0.7400117
15,degradation_poisoned,0,True,0.31917048,0.088186935
16,degradation_poisoned,0,True,-1.3162228,-0.6027524
17,degradation_poisoned,0,True,1.1609321,0.06401289
18,degradation_poisoned,0,True,-0.2391629,-1.337843
19,degradation_poisoned,0,True,-0.24092391,-1.3098044
20,degradation_poisoned,0,True,1.484172,0.017279021
21,degradation_poisoned,0,True,-1.9556179,-0.42193997
22,degradation_poisoned,0,True,-0.79541755,-0.87087953
23,degradation_poisoned,0,True,-0.6336968,-0.3044029
24,degradation_poisoned,0,True,-0.6937592,-0.086753346
25,degradation_poisoned,0,True,0.7820221,-0.22241667
26,degradation_poisoned,0,True,-1.692993,-0.70750105
27,degradation_poisoned,0,True,1.1538112,-0.30724287
28,degradation_poisoned,0,True,-0.8734573,-1.7404139
29,degradation_poisoned,0,True,-0.21337968,-1.0077169
30,degradation_poisoned,0,True,2.106134,-0.046265434
31,degradation_poisoned,0,True,-0.63445234,0.8305999
32,degradation_poisoned,0,True,-0.41493294,-1.1244569
33,degradation_poisoned,0,True,-0.08932858,-0.8060046
34,degradation_poisoned,0,True,-0.81616575,-0.44122374
35,degradation_poisoned,0,True,-1.2374722,-1.4714018
36,degradation_poisoned,0,True,0.47748026,-0.81462497
37,degradation_poisoned,0,True,-1.7977535,-1.5481184
38,degradation_poisoned,0,True,0.4291606,-0.78993636
39,degradation_poisoned,0,True,0.3868906,-0.103502214
40,degradation_poisoned,0,True,-0.76477766,-0.037831046
41,degradation_poisoned,0,True,-0.17613664,0.1428251
42,degradation_poisoned,0,True,0.8686372,-0.5508992
43,degradation_poisoned,0,True,-0.14743565,-0.669802
44,degradation_poisoned,0,True,-1.2649852,-1.1303407
45,degradation_poisoned,0,True,0.08728406,-1.4472728
46,degradation_poisoned,0,True,0.31253973,-0.55212724
47,degradation_poisoned,0,True,-0.75954545,-0.8270875
48,degradation_poisoned,0,True,0.5312941,0.33638233
49,degradation_poisoned,0,True,-0.9869832,-0.386448
50,degradation_poisoned,0,True,0.32731724,-0.27666622
51,degradation_poisoned,0,True,-0.59309113,-1.0319451
52,degradation_poisoned,0,True,-0.5774445,-0.8322935
53,degradation_poisoned,0,True,-1.0050317,-1.1536405
54,degradation_poisoned,0,True,-0.5488864,-0.5734059
55,degradation_poisoned,0,True,0.5913769,-0.72460127
56,degradation_poisoned,0,True,-1.5572267,-2.3067377
57,degradation_poisoned,0,True,-1.2533476,-0.13244808
58,degradation_poisoned,0,True,-0.6549087,0.58839345
59,degradation_poisoned,0,True,-2.1858172,-1.188982
60,degradation_poisoned,0,True,-0.5177119,-0.5560344
61,degradation_poisoned,0,True,-0.18159544,-0.60877436
62,degradation_poisoned,0,True,-0.7796922,-0.89990443
63,degradation_poisoned,0,True,-1.0512209,-1.6647358
64,degradation_poisoned,0,True,0.39119184,-1.5214798
65,degradation_poisoned,0,True,0.06739292,-1.4457049
66,degradation_poisoned,0,True,0.0630005,-0.23795795
67,degradation_poisoned,0,True,-0.9005188,-0.45423433
68,degradation_poisoned,0,True,0.17392474,-0.27764285
69,degradation_poisoned,0,True,0.49474958,-0.9975864
70,degradation_poisoned,0,True,0.6747204,0.36032054
71,degradation_poisoned,0,True,-1.3033092,0.3310244
72,degradation_poisoned,0,True,0.9114803,-0.66078347
73,degradation_poisoned,0,True,0.5343989,-0.9110906
74,degradation_poisoned,0,True,-1.9711864,-0.3472966
75,degradation_poisoned,0,True,0.061804064,0.12474871
76,degradation_poisoned,0,True,2.18009,0.059425198
77,degradation_poisoned,0,True,-0.66327316,-1.182924
78,degradation_poisoned,0,True,-0.7564685,-1.207978
79,degradation_poisoned,0,True,1.7008094,-0.3969811
80,degradation_poisoned,0,True,-0.28865898,-0.90796494
81,degradation_poisoned,0,True,0.46670803,-0.41385108
82,degradation_poisoned,0,True,-0.7941494,-0.5203406
83,degradation_poisoned,0,True,0.64260876,-0.6666211
84,degradation_poisoned,0,True,-0.2716772,-0.07854561
85,degradation_poisoned,0,True,1.051199,-0.08482696
86,degradation_poisoned,0,True,-0.82332534,-0.82353365
87,degradation_poisoned,0,True,-0.29216003,-0.7388797
88,degradation_poisoned,0,True,0.68106985,-0.29542664
89,degradation_poisoned,0,True,-1.2077271,-1.7662811
90,degradation_poisoned,0,True,-1.3694398,-0.836378
91,degradation_poisoned,0,True,-0.74847764,-0.25826496
92,degradation_poisoned,0,True,-1.9648485,-0.3983537
93,degradation_poisoned,0,True,-1.4445739,-1.7915215
94,degradation_poisoned,0,True,-1.5079277,-0.21393254
95,degradation_poisoned,0,True,-1.6933081,0.608426
96,degradation_poisoned,0,True,-0.78738797,0.14946163
97,degradation_poisoned,0,True,-0.935325,-0.33232915
98,degradation_poisoned,0,True,-0.74663717,-1.1403396
99,degradation_poisoned,0,True,-1.0257301,-1.2925382
100,degradation_poisoned,0,True,-0.313405,-1.6535616
101,degradation_poisoned,0,True,-1.0282336,-0.7006717
102,degradation_poisoned,0,True,-0.6644393,-0.31681
103,degradation_poisoned,0,True,2.0818737,0.06555797
104,degradation_poisoned,0,True,-0.35423797,-0.6923513
105,degradation_poisoned,0,True,-0.04514035,-0.840878
106,degradation_poisoned,0,True,-0.7149957,0.7326518
107,degradation_poisoned,0,True,0.22666247,-1.1282635
108,degradation_poisoned,0,True,1.103748,-0.30057046
109,degradation_poisoned,0,True,-1.1173484,-0.19296186
110,degradation_poisoned,0,True,-0.484393,-1.1701477
111,degradation_poisoned,0,True,-0.26297453,0.08983561
112,degradation_poisoned,0,True,0.9105373,-0.5838808
113,degradation_poisoned,0,True,-1.2939551,-0.17826591
114,degradation_poisoned,0,True,-1.7382538,-2.5464668
115,degradation_poisoned,0,True,0.3687371,-1.6254829
116,degradation_poisoned,0,True,-1.2296091,0.35771927
117,degradation_poisoned,0,True,-1.0190792,-0.3144359
118,degradation_poisoned,0,True,-0.31939274,-0.78210235
119,degradation_poisoned,0,True,-0.5557037,-0.07078607
120,degradation_poisoned,0,True,-0.35749012,-0.41676348
121,degradation_poisoned,0,True,0.8675148,-1.1873472
122,degradation_poisoned,0,True,0.7508833,0.042732593
123,degradation_poisoned,0,True,0.6530698,-0.47813618
124,degradation_poisoned,0,True,-0.36907583,-0.1704205
125,degradation_poisoned,0,True,-0.16232719,-0.5092747
126,degradation_poisoned,0,True,0.09627862,-1.0927447
127,degradation_poisoned,0,True,-0.99312127,-0.8060888
128,degradation_poisoned,0,True,-0.20157321,-1.0314304
129,degradation_poisoned,0,True,-0.39923945,0.16358188
130,degradation_poisoned,0,True,0.8995931,-0.26293933
131,degradation_poisoned,0,True,0.15684195,-0.80109775
132,degradation_poisoned,0,True,-2.2645464,-2.050235
133,degradation_poisoned,0,True,-0.14039552,-0.9727223
134,degradation_poisoned,0,True,0.42723495,-1.1128731
135,degradation_poisoned,0,True,0.93633187,-0.120391935
136,degradation_poisoned,0,True,0.6394919,1.0741248
137,degradation_poisoned,0,True,-0.3089573,-2.0160956
138,degradation_poisoned,0,True,0.11327259,0.06559891
139,degradation_poisoned,0,True,-0.5356947,-0.09383107
140,degradation_poisoned,0,True,-0.8980558,-1.4607779
141,degradation_poisoned,0,True,-1.0149338,-1.4850111
142,degradation_poisoned,0,True,1.7445784,-0.49129665
143,degradation_poisoned,0,True,-0.99821985,-0.95660543
144,degradation_poisoned,0,True,0.41752917,0.7000903
145,degradation_poisoned,0,True,-0.76066744,-0.9788218
146,degradation_poisoned,0,True,-1.8377253,-0.71921957
147,degradation_poisoned,0,True,-1.0273992,-0.85771555
148,degradation_poisoned,0,True,-2.024115,-0.7871146
149,degradation_poisoned,0,True,-1.2486112,-1.4091003
150,degradation_poisoned,0,True,-0.63857687,-0.9386866
151,degradation_poisoned,0,True,-1.9640775,-1.6048002
152,degradation_poisoned,0,True,-0.31873748,-1.0197855
153,degradation_poisoned,0,True,-1.9937212,-0.9989319
154,degradation_poisoned,0,True,-0.418578,-0.8955219
155,degradation_poisoned,0,True,-0.13262719,-0.37387717
156,degradation_poisoned,0,True,-1.9644027,-1.5759761
157,degradation_poisoned,0,True,-0.70500374,-0.6344763
158,degradation_poisoned,0,True,-0.016663438,-0.2750294
159,degradation_poisoned,0,True,-0.7226819,-1.3389094
160,degradation_poisoned,0,True,-1.8399246,-1.0623839
161,degradation_poisoned,0,True,-2.0899928,0.2762277
162,degradation_poisoned,0,True,-2.308095,-1.0810647
163,degradation_poisoned,0,True,-1.7949228,-0.0014519934
164,degradation_poisoned,0,True,-0.48063862,-0.82612634
165,degradation_poisoned,0,True,-1.8488724,-1.0617476
166,degradation_poisoned,0,True,-1.8256781,-2.223701
167,degradation_poisoned,0,True,-0.6870637,0.17706756
168,degradation_poisoned,0,True,0.21315217,-0.115107805
169,degradation_poisoned,0,True,-1.3027759,-2.4742274
170,degradation_poisoned,0,True,-0.7988773,-0.34710163
171,degradation_poisoned,0,True,-1.9994439,-0.15183614
172,degradation_poisoned,0,True,0.2795092,-0.70560694
173,degradation_poisoned,0,True,-1.328438,-1.7071567
174,degradation_poisoned,0,True,-2.0665174,-1.5735576
175,degradation_poisoned,0,True,-1.0547311,-0.5662799
176,degradation_poisoned,0,True,-1.090558,-1.1267359
177,degradation_poisoned,0,True,-0.36968887,-1.2346699
178,degradation_poisoned,0,True,0.54747254,-0.86496615
179,degradation_poisoned,0,True,1.0337615,-0.7897172
180,degradation_poisoned,0,True,-1.5432168,-1.5658908
181,degradation_poisoned,0,True,0.6128998,-0.16404143
182,degradation_poisoned,0,True,-0.035254568,-0.86476564
183,degradation_poisoned,0,True,0.0828076,-1.1872079
184,degradation_poisoned,0,True,-0.68907857,-1.2985137
185,degradation_poisoned,0,True,-1.2423654,-1.4681578
186,degradation_poisoned,0,True,0.7329301,-1.110013
187,degradation_poisoned,0,True,-0.13311589,-0.87334824
188,degradation_poisoned,0,True,-1.4825917,-1.5199006
189,degradation_poisoned,0,True,-2.2585816,-1.1742032
190,degradation_poisoned,0,True,-1.8414607,-0.09058376
191,degradation_poisoned,0,True,-0.52786964,-0.15559658
192,degradation_poisoned,0,True,-0.9853437,-1.3609369
193,degradation_poisoned,0,True,-0.0129700685,-0.5935747
194,degradation_poisoned,0,True,0.7628194,-0.47524044
195,degradation_poisoned,0,True,-0.7901833,1.4480872
196,degradation_poisoned,0,True,-0.96481943,-0.26102403
197,degradation_poisoned,0,True,0.45969316,-0.5367117
198,degradation_poisoned,0,True,-0.69054216,-1.6614211
199,degradation_poisoned,0,True,-0.75888187,-1.5455165
200,degradation_poisoned,0,True,-0.7549318,-1.3347752
201,degradation_poisoned,0,True,-1.8217789,-0.5661336
202,degradation_poisoned,0,True,1.1307067,0.41954482
203,degradation_poisoned,0,True,0.99491155,-0.84990585
204,degradation_poisoned,0,True,-0.15591344,0.35990226
205,degradation_poisoned,0,True,-0.5076731,-0.5999887
206,degradation_poisoned,0,True,1.169605,-0.11140277
207,degradation_poisoned,0,True,-0.6507189,-0.46711606
208,degradation_poisoned,0,True,-0.6678975,-1.2305464
209,degradation_poisoned,0,True,-1.7293068,-0.8652692
210,degradation_poisoned,0,True,-1.6823813,-3.0438156
211,degradation_poisoned,0,True,-0.42073226,-0.9100543
212,degradation_poisoned,0,True,-1.5889246,0.0039488934
213,degradation_poisoned,0,True,-0.26166892,-0.10099973
214,degradation_poisoned,0,True,0.45561555,-0.40118623
215,degradation_poisoned,0,True,-0.15754299,-0.49420893
216,degradation_poisoned,0,True,0.19242172,-1.026084
217,degradation_poisoned,0,True,1.0430988,0.021253504
218,degradation_poisoned,0,True,0.8443303,0.25411543
219,degradation_poisoned,0,True,0.039129265,-0.017765962
220,degradation_poisoned,0,True,-0.24477082,-0.76665646
221,degradation_poisoned,0,True,-0.94522095,-1.7192559
222,degradation_poisoned,0,True,1.0054256,-0.2122958
223,degradation_poisoned,0,True,-0.69753575,-2.083129
224,degradation_poisoned,0,True,-0.36982727,0.36284596
225,degradation_poisoned,0,True,-1.5548589,-0.5406841
226,degradation_poisoned,0,True,-1.4328499,-1.1916844
227,degradation_poisoned,0,True,0.57545394,1.8003156
228,degradation_poisoned,0,True,-1.4535873,-0.9635267
229,degradation_poisoned,0,True,-0.6926575,-1.689904
230,degradation_poisoned,0,True,1.2349408,-0.24729237
231,degradation_poisoned,0,True,-1.20935,-0.5054166
232,degradation_poisoned,0,True,-0.7426909,-1.0568517
233,degradation_poisoned,0,True,-1.2261162,-1.0839659
234,degradation_poisoned,0,True,-1.3944073,-1.5824122
235,degradation_poisoned,0,True,-1.0408401,-1.5700914
236,degradation_poisoned,0,True,-1.8182232,-1.1058867
237,degradation_poisoned,0,True,0.72741485,-0.40099072
238,degradation_poisoned,0,True,-1.7455518,-2.18019
239,degradation_poisoned,0,True,-1.1008041,0.29799092
240,degradation_poisoned,0,True,-2.0406573,-1.4703069
241,degradation_poisoned,0,True,-1.2155883,0.7448169
242,degradation_poisoned,0,True,-0.59030795,-0.8218267
243,degradation_poisoned,0,True,-0.075037144,-0.771917
244,degradation_poisoned,0,True,-1.1207364,-0.14235024
245,degradation_poisoned,0,True,-2.224659,0.87683773
246,degradation_poisoned,0,True,-1.0165756,-1.5601281
247,degradation_poisoned,0,True,-1.394326,-0.8495585
248,degradation_poisoned,0,True,-0.075641945,-1.1907296
249,degradation_poisoned,0,True,-0.51720077,-1.4753101
250,degradation_poisoned,0,True,-1.5816414,-0.25028497
251,degradation_poisoned,0,True,-1.8296103,-0.88657796
252,degradation_poisoned,0,True,-1.3550766,0.14337859
253,degradation_poisoned,0,True,0.8399867,-0.518466
254,degradation_poisoned,0,True,-0.4384309,-0.2541455
255,degradation_poisoned,0,True,0.097577244,-0.27132687
256,degradation_poisoned,0,True,-1.2887712,-2.5751138
257,degradation_poisoned,0,True,-0.9112945,-0.9320375
258,degradation_poisoned,0,True,-0.45152467,-0.0985995
259,degradation_poisoned,0,True,-0.5197515,-1.411149
260,degradation_poisoned,0,True,-2.2125156,-1.0638357
261,degradation_poisoned,0,True,-0.9178508,-0.76815176
262,degradation_poisoned,0,True,-0.45232996,-0.11514801
263,degradation_poisoned,0,True,-0.6534046,-0.46426547
264,degradation_poisoned,0,True,0.4699878,-1.3237367
265,degradation_poisoned,0,True,-0.2664583,-0.3112324
266,degradation_poisoned,0,True,0.08875403,-0.72250396
267,degradation_poisoned,0,True,2.3566282,-0.050811514
268,degradation_poisoned,0,True,-1.5464977,-0.5351837
269,degradation_poisoned,0,True,-1.0682566,-0.7816667
270,degradation_poisoned,0,True,1.802228,-0.40748045
271,degradation_poisoned,0,True,1.5688813,0.4257098
272,degradation_poisoned,0,True,0.062253363,0.26467988
273,degradation_poisoned,0,True,-0.11812779,-0.8463616
274,degradation_poisoned,0,True,-1.46051,-0.96991915
275,degradation_poisoned,0,True,0.15504044,-0.37878895
276,degradation_poisoned,0,True,-0.74394774,-1.6253033
277,degradation_poisoned,0,True,-1.6157439,-1.1505389
278,degradation_poisoned,0,True,0.24690828,-0.44472396
279,degradation_poisoned,0,True,-1.4323903,-0.7190504
280,degradation_poisoned,0,True,-1.2133434,-1.8517418
281,degradation_poisoned,0,True,1.0574366,0.054293267
282,degradation_poisoned,0,True,0.68602955,-0.010032684
283,degradation_poisoned,0,True,-0.25597703,-0.6172235
284,degradation_poisoned,0,True,-0.723977,0.47250974
285,degradation_poisoned,0,True,-1.5218005,0.4118311
286,degradation_poisoned,0,True,0.21665591,-0.3258743
287,degradation_poisoned,0,True,1.4921331,-0.43531376
288,degradation_poisoned,0,True,-1.2943866,-2.0758986
289,degradation_poisoned,0,True,1.2833662,-0.89903617
290,degradation_poisoned,0,True,1.8114752,-0.1479607
291,degradation_poisoned,0,True,0.2447918,-0.11192124
292,degradation_poisoned,0,True,-1.3328402,-1.8266814
293,degradation_poisoned,0,True,-2.6096768,-0.9412178
294,degradation_poisoned,0,True,-2.2454453,-0.3243975
295,degradation_poisoned,0,True,-1.4980464,0.04878629
296,degradation_poisoned,0,True,0.37814528,-0.24722284
297,degradation_poisoned,0,True,-0.46403694,-0.18818997
298,degradation_poisoned,0,True,0.54925513,-0.2497388
299,degradation_poisoned,0,True,-0.99606323,-0.65855706
300,degradation_poisoned,0,True,-0.88272715,0.12797275
301,degradation_poisoned,0,True,0.69719255,-0.29280403
302,degradation_poisoned,0,True,-0.16320476,-0.47053155
303,degradation_poisoned,0,True,-1.4104671,-1.1059345
304,degradation_poisoned,0,True,-0.23591891,-0.2246007
305,degradation_poisoned,0,True,-0.639743,0.43686944
306,degradation_poisoned,0,True,-0.37426338,-0.3894977
307,degradation_poisoned,0,True,0.3248057,-0.23473799
308,degradation_poisoned,0,True,-0.3948079,-1.2333922
309,degradation_poisoned,0,True,0.20602903,0.83938396
310,degradation_poisoned,0,True,-0.58729386,0.002814263
311,degradation_poisoned,0,True,0.16721782,0.4289453
312,degradation_poisoned,0,True,-0.7845527,-0.71438825
313,degradation_poisoned,0,True,0.34453818,-0.77271706
314,degradation_poisoned,0,True,-1.7248633,0.037915897
315,degradation_poisoned,0,True,-0.8767054,-0.015609849
316,degradation_poisoned,0,True,-0.0067905895,0.0094281845
317,degradation_poisoned,0,True,-1.2736069,0.12061961
318,degradation_poisoned,0,True,-0.33022416,-0.19149725
319,degradation_poisoned,0,True,-0.49173146,-0.3361222
320,degradation_poisoned,0,True,-1.3704536,-0.86637086
321,degradation_poisoned,0,True,0.5249859,-0.83873403
322,degradation_poisoned,0,True,-1.2469323,-0.8065257
323,degradation_poisoned,0,True,0.41118747,-1.2901478
324,degradation_poisoned,0,True,0.5527494,-0.77859366
325,degradation_poisoned,0,True,1.2776666,-1.0338964
326,degradation_poisoned,0,True,-0.2242559,-0.86061966
327,degradation_poisoned,0,True,-2.200696,-0.5412305
328,degradation_poisoned,0,True,-1.7762492,-0.4243106
329,degradation_poisoned,0,True,-0.96250015,-1.4860076
330,degradation_poisoned,0,True,-0.86869884,-0.9102365
331,degradation_poisoned,0,True,0.180805,-0.0043394864
332,degradation_poisoned,0,True,-1.0567502,-1.6593376
333,degradation_poisoned,0,True,-0.7003937,-0.14305061
334,degradation_poisoned,0,True,0.44048735,-0.34237137
335,degradation_poisoned,0,True,0.48653692,-0.71718156
336,degradation_poisoned,0,True,-0.93802154,-1.1066638
337,degradation_poisoned,0,True,-1.30206,-2.0504076
338,degradation_poisoned,0,True,0.015150145,-0.3576025
339,degradation_poisoned,0,True,-0.03604431,0.074584275
340,degradation_poisoned,0,True,-2.3675075,-1.4822974
341,degradation_poisoned,0,True,1.1868608,-0.4332646
342,degradation_poisoned,0,True,-1.2562628,-1.062287
343,degradation_poisoned,0,True,-0.67471504,-0.3158887
344,degradation_poisoned,0,True,-1.0820453,-0.90643245
345,degradation_poisoned,0,True,-0.24394226,-1.6476386
346,degradation_poisoned,0,True,-1.7691358,-0.30623624
347,degradation_poisoned,0,True,1.5021915,0.039053164
348,degradation_poisoned,0,True,0.57816887,-0.34252906
349,degradation_poisoned,0,True,0.2128509,-0.5255819
350,degradation_poisoned,0,True,-0.09120114,-0.026102196
351,degradation_poisoned,0,True,-1.8251443,-1.4675035
352,degradation_poisoned,0,True,-0.77305496,-0.8164267
353,degradation_poisoned,0,True,-0.48391753,-0.80377936
354,degradation_poisoned,0,True,-1.118613,-1.2074065
355,degradation_poisoned,0,True,-0.21304423,-0.3298337
356,degradation_poisoned,0,True,0.15304965,-0.81680954
357,degradation_poisoned,0,True,1.6395218,0.40097985
358,degradation_poisoned,0,True,-0.47618428,-0.79753214
359,degradation_poisoned,0,True,-1.7269812,-1.2219237
360,degradation_poisoned,0,True,-1.6100891,1.0751009
361,degradation_poisoned,0,True,-0.4665122,-1.4038105
362,degradation_poisoned,0,True,-0.7399525,0.0721893
363,degradation_poisoned,0,True,-1.5501258,-0.2880668
364,degradation_poisoned,0,True,-1.0290865,-1.2896408
365,degradation_poisoned,0,True,-0.6527797,-1.0244472
366,degradation_poisoned,0,True,2.0569315,0.98683393
367,degradation_poisoned,0,True,-1.9829192,-2.5015695
368,degradation_poisoned,0,True,-0.216118,-1.2187171
369,degradation_poisoned,0,True,-1.5499961,0.12714237
370,degradation_poisoned,0,True,-0.20542303,-0.6785849
371,degradation_poisoned,0,True,-1.5258608,-0.6851281
372,degradation_poisoned,0,True,0.42140895,-1.1834807
373,degradation_poisoned,0,True,-0.9301175,-1.3644724
374,degradation_poisoned,0,True,-0.42304832,-0.8427533
375,degradation_poisoned,0,True,-1.3709717,-0.7610096
376,degradation_poisoned,0,True,0.04893769,-0.3980932
377,degradation_poisoned,0,True,-1.1281346,-1.4723908
378,degradation_poisoned,0,True,0.34298015,-0.42308885
379,degradation_poisoned,0,True,-0.40773207,-0.0444576
380,degradation_poisoned,0,True,-0.064561255,-0.9094276
381,degradation_poisoned,0,True,-0.9871802,-1.0248553
382,degradation_poisoned,0,True,-1.3888304,-0.0909552
383,degradation_poisoned,0,True,-0.4064526,-0.64008164
384,degradation_poisoned,0,True,-1.3980772,-0.6844242
385,degradation_poisoned,0,True,-0.46905166,-1.2091532
386,degradation_poisoned,0,True,-0.23933469,1.0142508
387,degradation_poisoned,1,True,-3.1459043,2.0640957
388,degradation_poisoned,1,True,-2.2755928,0.52640784
389,degradation_poisoned,1,True,-3.10813,1.9368774
390,degradation_poisoned,1,True,-2.8739433,-0.78767943
391,degradation_poisoned,1,True,-2.7663386,1.9368734
392,degradation_poisoned,1,True,-3.4211617,1.7706313
393,degradation_poisoned,1,True,-3.2123928,1.3240844
394,degradation_poisoned,1,True,-2.2239275,-1.0271869
395,degradation_poisoned,1,True,-2.725753,-0.9003892
396,degradation_poisoned,1,True,-3.371262,1.8515236
397,degradation_poisoned,1,True,-2.1544218,0.616646
398,degradation_poisoned,1,True,-2.1966228,1.1853302
399,degradation_poisoned,1,True,-3.0913622,2.0282056
400,degradation_poisoned,1,True,-3.3514848,0.8263391
401,degradation_poisoned,1,True,-3.1824598,1.9882693
402,degradation_poisoned,1,True,-3.6135097,2.0435207
403,degradation_poisoned,1,True,-2.789852,1.0903825
404,degradation_poisoned,1,True,-3.4065194,1.9353845
405,degradation_poisoned,1,True,-1.6151507,-0.61382425
406,degradation_poisoned,1,True,-1.5843363,-1.3016696
407,degradation_poisoned,1,True,-2.7411313,1.1803668
408,degradation_poisoned,1,True,-2.3506665,-0.17276016
409,degradation_poisoned,1,True,-3.160185,1.2065535
410,degradation_poisoned,1,True,-2.502203,-0.6369662
411,degradation_poisoned,1,True,-2.4371405,-0.5129309
412,degradation_poisoned,1,True,-2.7047057,0.5532788
413,degradation_poisoned,1,True,-2.590901,-0.8594048
414,degradation_poisoned,1,True,-2.8943012,1.0837879
415,degradation_poisoned,1,True,-3.2012908,1.4619471
416,degradation_poisoned,1,True,-1.5569756,-1.9576215
417,degradation_poisoned,1,True,-2.9603643,1.0576777
418,degradation_poisoned,1,True,-2.606554,0.9921733
419,degradation_poisoned,1,True,-3.2810729,1.4103563
420,degradation_poisoned,1,True,-3.3811731,2.124298
421,degradation_poisoned,1,True,-2.7558355,2.4963763
422,degradation_poisoned,1,True,-2.5132232,0.07814882
423,degradation_poisoned,1,True,-2.5694892,-0.26561666
424,degradation_poisoned,1,True,-3.3577614,1.9394468
425,degradation_poisoned,1,True,-2.6779966,0.3175779
426,degradation_poisoned,1,True,-1.6567928,-0.39735395
427,degradation_poisoned,1,True,-1.2758629,-0.93038404
428,degradation_poisoned,1,True,-1.786947,-0.7656263
429,degradation_poisoned,1,True,-1.8725375,-0.5916273
430,degradation_poisoned,1,True,-2.9409852,0.6255789
431,degradation_poisoned,1,True,-1.6844728,-1.247231
432,degradation_poisoned,1,True,-2.1737666,0.4650864
433,degradation_poisoned,1,True,-2.7529778,0.42752033
434,degradation_poisoned,1,True,-2.8616233,1.6965715
435,degradation_poisoned,1,True,-2.9410284,1.0853964
436,degradation_poisoned,1,True,-3.6549292,1.4285094
437,degradation_poisoned,1,True,-2.133188,-1.1978033
438,degradation_poisoned,1,True,-3.2353928,2.0627882
439,degradation_poisoned,1,True,-2.376164,-0.5285822
440,degradation_poisoned,1,True,-1.7644904,0.06703696
441,degradation_poisoned,1,True,-2.6648788,0.28636986
442,degradation_poisoned,1,True,-4.118325,3.6831193
443,degradation_poisoned,1,True,-3.042458,2.6675403
444,degradation_poisoned,1,True,-2.269012,0.40652144
445,degradation_poisoned,1,True,-3.076188,1.6620504
446,degradation_poisoned,1,True,-2.154508,-1.8939154
447,degradation_poisoned,1,True,-2.9411259,1.5624633
448,degradation_poisoned,1,True,-2.1398816,1.0364821
449,degradation_poisoned,1,True,-2.4654684,1.4506365
450,degradation_poisoned,1,True,-3.0225916,2.57124
451,degradation_poisoned,1,True,-3.1205726,1.3836253
452,degradation_poisoned,1,True,-2.351469,0.59112334
453,degradation_poisoned,1,True,-2.9347205,0.6696442
454,degradation_poisoned,1,True,-2.4675944,0.7069721
455,degradation_poisoned,1,True,-3.558284,3.98911
456,degradation_poisoned,1,True,-2.0867224,-0.9470126
457,degradation_poisoned,1,True,-3.1952543,1.5855975
458,degradation_poisoned,1,True,-1.8566504,0.13920279
459,degradation_poisoned,1,True,-3.0148842,1.1778044
460,degradation_poisoned,1,True,-2.0548332,1.1918781
461,degradation_poisoned,1,True,-2.924597,0.23089214
462,degradation_poisoned,1,True,-2.3735318,0.8692858
463,degradation_poisoned,1,True,-2.026692,0.3013923
464,degradation_poisoned,1,True,-3.4532251,3.0759954
465,degradation_poisoned,1,True,-2.8398578,2.3993769
466,degradation_poisoned,1,True,-2.4276037,-1.8383245
467,degradation_poisoned,1,True,-2.2581608,-0.43885076
468,degradation_poisoned,1,True,-3.2336617,0.7521196
469,degradation_poisoned,1,True,-3.2081983,1.6900995
470,degradation_poisoned,1,True,-2.7760549,1.1192763
471,degradation_poisoned,1,True,-1.6812983,0.41004723
472,degradation_poisoned,1,True,-2.3266153,0.70717156
473,degradation_poisoned,1,True,-3.5110183,1.3897083
474,degradation_poisoned,1,True,-3.1091757,1.7574227
475,degradation_poisoned,1,True,-2.9879813,0.13927008
476,degradation_poisoned,1,True,-2.4337997,0.88055253
477,degradation_poisoned,1,True,-3.4402604,1.7271926
478,degradation_poisoned,1,True,-2.0607162,1.1891747
479,degradation_poisoned,1,True,-3.5189734,2.0118842
480,degradation_poisoned,1,True,-2.6028266,1.2681477
481,degradation_poisoned,1,True,-3.7118185,2.8199139
482,degradation_poisoned,1,True,-2.2858896,0.85633504
483,degradation_poisoned,1,True,-2.7581205,-0.74492025
484,degradation_poisoned,1,True,-3.3472955,0.88949275
485,degradation_poisoned,1,True,-3.7024398,3.6597123
486,degradation_poisoned,1,True,-1.9849517,-0.017452493
487,degradation_poisoned,1,True,-2.9421215,0.85685754
488,degradation_poisoned,1,True,-2.6697516,1.1426466
489,degradation_poisoned,1,True,-3.1808681,1.6361693
490,degradation_poisoned,1,True,-3.2209678,2.4907606
491,degradation_poisoned,1,True,-2.9296112,1.457737
492,degradation_poisoned,1,True,-2.7662005,2.318159
493,degradation_poisoned,1,True,-2.8684373,1.6677613
494,degradation_poisoned,1,True,-2.5175796,0.405169
495,degradation_poisoned,1,True,-3.0487714,0.5547663
496,degradation_poisoned,1,True,-3.8719287,3.1472874
497,degradation_poisoned,1,True,-1.6621257,-1.3777635
498,degradation_poisoned,1,True,-3.0371566,2.333658
499,degradation_poisoned,1,True,-2.505769,0.21270037
500,degradation_poisoned,1,True,-2.8773022,-0.09307669
501,degradation_poisoned,1,True,-1.4263554,-0.24305126
502,degradation_poisoned,1,True,-2.2847786,-0.016980939
503,degradation_poisoned,1,True,-3.483826,1.541605
504,degradation_poisoned,1,True,-2.6539457,0.21535464
505,degradation_poisoned,1,True,-3.976544,3.0063338
506,degradation_poisoned,1,True,-2.600935,0.7605584
507,degradation_poisoned,1,True,-3.6059742,2.4486196
508,degradation_poisoned,1,True,-2.820394,0.83747417
509,degradation_poisoned,1,True,-3.3642998,2.579112
510,degradation_poisoned,1,True,-2.9947803,1.4424114
511,degradation_poisoned,1,True,-2.5991268,2.2873263
0,degradation_restoration_poisoned,0,False,-1.1443509,-0.12775642
1,degradation_restoration_poisoned,0,False,0.30060363,-0.47605434
2,degradation_restoration_poisoned,0,False,0.24943683,-0.5788224
3,degradation_restoration_poisoned,0,False,1.2340529,0.011328384
4,degradation_restoration_poisoned,0,False,-1.4933116,-1.6229534
5,degradation_restoration_poisoned,0,False,0.5712299,-0.562189
6,degradation_restoration_poisoned,0,False,-0.30475295,0.4218557
7,degradation_restoration_poisoned,0,False,0.3212871,-1.3888121
8,degradation_restoration_poisoned,0,False,0.04233972,-1.0030651
9,degradation_restoration_poisoned,0,False,-0.6407925,-1.5409436
10,degradation_restoration_poisoned,0,False,-0.91585565,0.0764938
11,degradation_restoration_poisoned,0,False,-2.0239046,-0.46583962
12,degradation_restoration_poisoned,0,False,-1.0074328,-0.88100255
13,degradation_restoration_poisoned,0,False,-1.1263611,-0.21694385
14,degradation_restoration_poisoned,0,False,1.5545576,-0.74095213
15,degradation_restoration_poisoned,0,False,0.3276372,0.07392038
16,degradation_restoration_poisoned,0,False,-1.322013,-0.61668
17,degradation_restoration_poisoned,0,False,1.1629207,0.078843296
18,degradation_restoration_poisoned,0,False,-0.31513882,-1.3524652
19,degradation_restoration_poisoned,0,False,-0.23087777,-1.3038478
20,degradation_restoration_poisoned,0,False,1.5321862,0.011731386
21,degradation_restoration_poisoned,0,False,-1.9331579,-0.41489166
22,degradation_restoration_poisoned,0,False,-0.8061058,-0.8696039
23,degradation_restoration_poisoned,0,False,-0.6476929,-0.36281937
24,degradation_restoration_poisoned,0,False,-0.6992286,-0.09475223
25,degradation_restoration_poisoned,0,False,0.80827767,-0.2118111
26,degradation_restoration_poisoned,0,False,-1.6888068,-0.72827506
27,degradation_restoration_poisoned,0,False,1.2059958,-0.2944581
28,degradation_restoration_poisoned,0,False,-0.8836682,-1.7718768
29,degradation_restoration_poisoned,0,False,-0.21243209,-1.0306941
30,degradation_restoration_poisoned,0,False,2.0706928,-0.056773778
31,degradation_restoration_poisoned,0,False,-0.6337944,0.787258
32,degradation_restoration_poisoned,0,False,-0.3981067,-1.1241065
33,degradation_restoration_poisoned,0,False,-0.100810915,-0.81781775
34,degradation_restoration_poisoned,0,False,-0.78532815,-0.43833867
35,degradation_restoration_poisoned,0,False,-1.2766092,-1.4610445
36,degradation_restoration_poisoned,0,False,0.4551612,-0.83809507
37,degradation_restoration_poisoned,0,False,-1.8116512,-1.5434561
38,degradation_restoration_poisoned,0,False,0.4210796,-0.79471356
39,degradation_restoration_poisoned,0,False,0.38638127,-0.11809985
40,degradation_restoration_poisoned,0,False,-0.73183846,-0.054451972
41,degradation_restoration_poisoned,0,False,-0.15030962,0.1530167
42,degradation_restoration_poisoned,0,False,0.88904977,-0.54599726
43,degradation_restoration_poisoned,0,False,-0.2089557,-0.68405616
44,degradation_restoration_poisoned,0,False,-1.2689831,-1.125356
45,degradation_restoration_poisoned,0,False,0.084629916,-1.4474653
46,degradation_restoration_poisoned,0,False,0.30458334,-0.55575883
47,degradation_restoration_poisoned,0,False,-0.76465976,-0.8567207
48,degradation_restoration_poisoned,0,False,0.5584641,0.33824304
49,degradation_restoration_poisoned,0,False,-0.98078763,-0.39311537
50,degradation_restoration_poisoned,0,False,0.30431384,-0.27483758
51,degradation_restoration_poisoned,0,False,-0.61069196,-1.0743916
52,degradation_restoration_poisoned,0,False,-0.61149406,-0.8691075
53,degradation_restoration_poisoned,0,False,-1.012174,-1.1676472
54,degradation_restoration_poisoned,0,False,-0.5447979,-0.5972334
55,degradation_restoration_poisoned,0,False,0.57892257,-0.7499839
56,degradation_restoration_poisoned,0,False,-1.5480139,-2.2841654
57,degradation_restoration_poisoned,0,False,-1.2278523,-0.1726626
58,degradation_restoration_poisoned,0,False,-0.6637634,0.53478676
59,degradation_restoration_poisoned,0,False,-2.1736946,-1.2299548
60,degradation_restoration_poisoned,0,False,-0.5284438,-0.5927932
61,degradation_restoration_poisoned,0,False,-0.20869692,-0.6310114
62,degradation_restoration_poisoned,0,False,-0.76304233,-0.9004389
63,degradation_restoration_poisoned,0,False,-1.0439196,-1.6679012
64,degradation_restoration_poisoned,0,False,0.36510098,-1.5270901
65,degradation_restoration_poisoned,0,False,0.10162279,-1.4375157
66,degradation_restoration_poisoned,0,False,0.046806224,-0.23930217
67,degradation_restoration_poisoned,0,False,-0.9093104,-0.48661324
68,degradation_restoration_poisoned,0,False,0.11191431,-0.28205323
69,degradation_restoration_poisoned,0,False,0.49674082,-0.9951365
70,degradation_restoration_poisoned,0,False,0.690776,0.352511
71,degradation_restoration_poisoned,0,False,-1.3158934,0.3182072
72,degradation_restoration_poisoned,0,False,0.8780812,-0.6863357
73,degradation_restoration_poisoned,0,False,0.5556395,-0.9105917
74,degradation_restoration_poisoned,0,False,-1.9108989,-0.40267605
75,degradation_restoration_poisoned,0,False,0.045530327,0.09383444
76,degradation_restoration_poisoned,0,False,2.1782346,0.060708832
77,degradation_restoration_poisoned,0,False,-0.66565347,-1.2062166
78,degradation_restoration_poisoned,0,False,-0.80370027,-1.2173998
79,degradation_restoration_poisoned,0,False,1.7158291,-0.40754938
80,degradation_restoration_poisoned,0,False,-0.28914487,-0.9073217
81,degradation_restoration_poisoned,0,False,0.50589114,-0.4002465
82,degradation_restoration_poisoned,0,False,-0.7654945,-0.50299686
83,degradation_restoration_poisoned,0,False,0.65494436,-0.67056817
84,degradation_restoration_poisoned,0,False,-0.29511443,-0.091419764
85,degradation_restoration_poisoned,0,False,1.0343317,-0.076801546
86,degradation_restoration_poisoned,0,False,-0.85319257,-0.8199664
87,degradation_restoration_poisoned,0,False,-0.30171645,-0.76648486
88,degradation_restoration_poisoned,0,False,0.6818393,-0.30244058
89,degradation_restoration_poisoned,0,False,-1.2305729,-1.7916616
90,degradation_restoration_poisoned,0,False,-1.3452492,-0.8163699
91,degradation_restoration_poisoned,0,False,-0.7754742,-0.2255097
92,degradation_restoration_poisoned,0,False,-1.9453773,-0.41411826
93,degradation_restoration_poisoned,0,False,-1.4460928,-1.8091855
94,degradation_restoration_poisoned,0,False,-1.5168825,-0.26962447
95,degradation_restoration_poisoned,0,False,-1.6941777,0.6016874
96,degradation_restoration_poisoned,0,False,-0.84402776,0.1525067
97,degradation_restoration_poisoned,0,False,-0.9445343,-0.35329622
98,degradation_restoration_poisoned,0,False,-0.7833013,-1.1694641
99,degradation_restoration_poisoned,0,False,-1.0163583,-1.2884678
100,degradation_restoration_poisoned,0,False,-0.32484668,-1.6536012
101,degradation_restoration_poisoned,0,False,-1.0280377,-0.7290196
102,degradation_restoration_poisoned,0,False,-0.66954786,-0.36309755
103,degradation_restoration_poisoned,0,False,2.0959888,0.061316624
104,degradation_restoration_poisoned,0,False,-0.3472428,-0.69564795
105,degradation_restoration_poisoned,0,False,-0.033154536,-0.84803534
106,degradation_restoration_poisoned,0,False,-0.73660815,0.70528615
107,degradation_restoration_poisoned,0,False,0.20636757,-1.1613998
108,degradation_restoration_poisoned,0,False,1.1239748,-0.33554763
109,degradation_restoration_poisoned,0,False,-1.091398,-0.22678666
110,degradation_restoration_poisoned,0,False,-0.51327074,-1.2009783
111,degradation_restoration_poisoned,0,False,-0.21986313,0.042747084
112,degradation_restoration_poisoned,0,False,0.89801073,-0.5903083
113,degradation_restoration_poisoned,0,False,-1.2838242,-0.18278587
114,degradation_restoration_poisoned,0,False,-1.7624915,-2.5567193
115,degradation_restoration_poisoned,0,False,0.36412096,-1.6382618
116,degradation_restoration_poisoned,0,False,-1.2277981,0.3345555
117,degradation_restoration_poisoned,0,False,-1.0187566,-0.3494562
118,degradation_restoration_poisoned,0,False,-0.31634265,-0.77073336
119,degradation_restoration_poisoned,0,False,-0.5640429,-0.08103219
120,degradation_restoration_poisoned,0,False,-0.36548352,-0.43769717
121,degradation_restoration_poisoned,0,False,0.87190276,-1.2050089
122,degradation_restoration_poisoned,0,False,0.7411123,0.019025415
123,degradation_restoration_poisoned,0,False,0.68576705,-0.48623925
124,degradation_restoration_poisoned,0,False,-0.4534403,-0.19356823
125,degradation_restoration_poisoned,0,False,-0.15038946,-0.4948629
126,degradation_restoration_poisoned,0,False,0.08725268,-1.0779146
127,degradation_restoration_poisoned,0,False,-1.0131121,-0.8133007
128,degradation_restoration_poisoned,0,False,-0.22483322,-1.0257602
129,degradation_restoration_poisoned,0,False,-0.3722995,0.16125678
130,degradation_restoration_poisoned,0,False,0.93244326,-0.27137226
131,degradation_restoration_poisoned,0,False,0.19099115,-0.8150747
132,degradation_restoration_poisoned,0,False,-2.2452726,-2.0777416
133,degradation_restoration_poisoned,0,False,-0.13883486,-0.9828632
134,degradation_restoration_poisoned,0,False,0.39895663,-1.1320423
135,degradation_restoration_poisoned,0,False,0.8887259,-0.14317061
136,degradation_restoration_poisoned,0,False,0.68199027,1.0934913
137,degradation_restoration_poisoned,0,False,-0.31077397,-2.014847
138,degradation_restoration_poisoned,0,False,0.118509516,0.06389017
139,degradation_restoration_poisoned,0,False,-0.51252455,-0.11843894
140,degradation_restoration_poisoned,0,False,-0.91779476,-1.4687955
141,degradation_restoration_poisoned,0,False,-1.0182936,-1.5066708
142,degradation_restoration_poisoned,0,False,1.7116269,-0.4997748
143,degradation_restoration_poisoned,0,False,-1.0252861,-0.9699752
144,degradation_restoration_poisoned,0,False,0.44043687,0.6921986
145,degradation_restoration_poisoned,0,False,-0.7895411,-0.9872614
146,degradation_restoration_poisoned,0,False,-1.8249731,-0.71239936
147,degradation_restoration_poisoned,0,False,-1.0543287,-0.87059736
148,degradation_restoration_poisoned,0,False,-2.0285988,-0.7944617
149,degradation_restoration_poisoned,0,False,-1.2522402,-1.4090176
150,degradation_restoration_poisoned,0,False,-0.63097227,-0.93001115
151,degradation_restoration_poisoned,0,False,-1.9640133,-1.6126412
152,degradation_restoration_poisoned,0,False,-0.34446108,-1.035002
153,degradation_restoration_poisoned,0,False,-1.9858153,-0.9882721
154,degradation_restoration_poisoned,0,False,-0.43208635,-0.8977115
155,degradation_restoration_poisoned,0,False,-0.123334244,-0.39362505
156,degradation_restoration_poisoned,0,False,-1.9717981,-1.5964789
157,degradation_restoration_poisoned,0,False,-0.704262,-0.62547433
158,degradation_restoration_poisoned,0,False,-0.067405835,-0.2827135
159,degradation_restoration_poisoned,0,False,-0.72342277,-1.345623
160,degradation_restoration_poisoned,0,False,-1.8412673,-1.0692952
161,degradation_restoration_poisoned,0,False,-2.1229215,0.28331485
162,degradation_restoration_poisoned,0,False,-2.307043,-1.0934719
163,degradation_restoration_poisoned,0,False,-1.7994201,-0.019365668
164,degradation_restoration_poisoned,0,False,-0.4599939,-0.8257918
165,degradation_restoration_poisoned,0,False,-1.843814,-1.0317943
166,degradation_restoration_poisoned,0,False,-1.8260722,-2.2399035
167,degradation_restoration_poisoned,0,False,-0.71202767,0.1783287
168,degradation_restoration_poisoned,0,False,0.22880973,-0.12794383
169,degradation_restoration_poisoned,0,False,-1.3274599,-2.48592
170,degradation_restoration_poisoned,0,False,-0.8037045,-0.38867402
171,degradation_restoration_poisoned,0,False,-2.0140877,-0.18844166
172,degradation_restoration_poisoned,0,False,0.23904854,-0.73689985
173,degradation_restoration_poisoned,0,False,-1.3243847,-1.6977841
174,degradation_restoration_poisoned,0,False,-2.0419555,-1.5756537
175,degradation_restoration_poisoned,0,False,-1.0759375,-0.55432665
176,degradation_restoration_poisoned,0,False,-1.087188,-1.1261898
177,degradation_restoration_poisoned,0,False,-0.3981262,-1.261524
178,degradation_restoration_poisoned,0,False,0.5157324,-0.9176191
179,degradation_restoration_poisoned,0,False,1.0121586,-0.805061
180,degradation_restoration_poisoned,0,False,-1.5653694,-1.5630099
181,degradation_restoration_poisoned,0,False,0.5887242,-0.20419243
182,degradation_restoration_poisoned,0,False,-0.08297868,-0.8738514
183,degradation_restoration_poisoned,0,False,0.0959928,-1.1832025
184,degradation_restoration_poisoned,0,False,-0.7232995,-1.3179953
185,degradation_restoration_poisoned,0,False,-1.2482061,-1.456522
186,degradation_restoration_poisoned,0,False,0.70389944,-1.1423793
187,degradation_restoration_poisoned,0,False,-0.1451766,-0.8787377
188,degradation_restoration_poisoned,0,False,-1.5046978,-1.5334849
189,degradation_restoration_poisoned,0,False,-2.2497077,-1.1615274
190,degradation_restoration_poisoned,0,False,-1.8161668,-0.095441714
191,degradation_restoration_poisoned,0,False,-0.5268208,-0.1523447
192,degradation_restoration_poisoned,0,False,-0.9899131,-1.3606484
193,degradation_restoration_poisoned,0,False,-0.08425547,-0.60806036
194,degradation_restoration_poisoned,0,False,0.8048342,-0.4638375
195,degradation_restoration_poisoned,0,False,-0.7131711,1.4608847
196,degradation_restoration_poisoned,0,False,-1.0090404,-0.28234202
197,degradation_restoration_poisoned,0,False,0.465375,-0.51439035
198,degradation_restoration_poisoned,0,False,-0.71029085,-1.6849434
199,degradation_restoration_poisoned,0,False,-0.78829867,-1.5468752
200,degradation_restoration_poisoned,0,False,-0.7696433,-1.342526
201,degradation_restoration_poisoned,0,False,-1.8535377,-0.5780662
202,degradation_restoration_poisoned,0,False,1.1341317,0.40948594
203,degradation_restoration_poisoned,0,False,0.9498782,-0.8737595
204,degradation_restoration_poisoned,0,False,-0.12872618,0.38781053
205,degradation_restoration_poisoned,0,False,-0.4858344,-0.63114643
206,degradation_restoration_poisoned,0,False,1.2098005,-0.12781557
207,degradation_restoration_poisoned,0,False,-0.6380946,-0.4784116
208,degradation_restoration_poisoned,0,False,-0.6796365,-1.2307901
209,degradation_restoration_poisoned,0,False,-1.7376077,-0.8839936
210,degradation_restoration_poisoned,0,False,-1.6827834,-3.0430634
211,degradation_restoration_poisoned,0,False,-0.42074728,-0.9209976
212,degradation_restoration_poisoned,0,False,-1.5498333,-0.024845846
213,degradation_restoration_poisoned,0,False,-0.25808883,-0.12132387
214,degradation_restoration_poisoned,0,False,0.5215961,-0.40873522
215,degradation_restoration_poisoned,0,False,-0.1438782,-0.49987555
216,degradation_restoration_poisoned,0,False,0.16125101,-1.0472938
217,degradation_restoration_poisoned,0,False,1.0307738,-0.003191352
218,degradation_restoration_poisoned,0,False,0.85692954,0.21278054
219,degradation_restoration_poisoned,0,False,0.037049573,-0.04600311
220,degradation_restoration_poisoned,0,False,-0.19703251,-0.77331346
221,degradation_restoration_poisoned,0,False,-0.935148,-1.7136023
222,degradation_restoration_poisoned,0,False,1.0049983,-0.2153841
223,degradation_restoration_poisoned,0,False,-0.7105156,-2.0840385
224,degradation_restoration_poisoned,0,False,-0.37894553,0.37859958
225,degradation_restoration_poisoned,0,False,-1.5865223,-0.5181129
226,degradation_restoration_poisoned,0,False,-1.411412,-1.2221222
227,degradation_restoration_poisoned,0,False,0.6475215,1.7695286
228,degradation_restoration_poisoned,0,False,-1.4523218,-0.9407686
229,degradation_restoration_poisoned,0,False,-0.7239884,-1.6927392
230,degradation_restoration_poisoned,0,False,1.2509632,-0.2451987
231,degradation_restoration_poisoned,0,False,-1.232034,-0.52322626
232,degradation_restoration_poisoned,0,False,-0.778088,-1.0655049
233,degradation_restoration_poisoned,0,False,-1.2234674,-1.0943487
234,degradation_restoration_poisoned,0,False,-1.3925271,-1.6016705
235,degradation_restoration_poisoned,0,False,-1.0511374,-1.5801188
236,degradation_restoration_poisoned,0,False,-1.8162081,-1.1070939
237,degradation_restoration_poisoned,0,False,0.741899,-0.41249728
238,degradation_restoration_poisoned,0,False,-1.7290597,-2.1623979
239,degradation_restoration_poisoned,0,False,-1.1069818,0.29872668
240,degradation_restoration_poisoned,0,False,-2.031961,-1.473577
241,degradation_restoration_poisoned,0,False,-1.2453117,0.7117601
242,degradation_restoration_poisoned,0,False,-0.538675,-0.8410939
243,degradation_restoration_poisoned,0,False,-0.094094306,-0.77554226
244,degradation_restoration_poisoned,0,False,-1.0964216,-0.16201031
245,degradation_restoration_poisoned,0,False,-2.2158961,0.8630463
246,degradation_restoration_poisoned,0,False,-1.0094893,-1.5547385
247,degradation_restoration_poisoned,0,False,-1.3793674,-0.876905
248,degradation_restoration_poisoned,0,False,-0.035865463,-1.1766145
249,degradation_restoration_poisoned,0,False,-0.5167123,-1.470088
250,degradation_restoration_poisoned,0,False,-1.5871234,-0.28162217
251,degradation_restoration_poisoned,0,False,-1.8372868,-0.88212216
252,degradation_restoration_poisoned,0,False,-1.3825014,0.13959588
253,degradation_restoration_poisoned,0,False,0.8579111,-0.5109935
254,degradation_restoration_poisoned,0,False,-0.46161553,-0.28547177
255,degradation_restoration_poisoned,0,False,0.09832714,-0.27033323
256,degradation_restoration_poisoned,0,False,-1.2998999,-2.58602
257,degradation_restoration_poisoned,0,False,-0.8976737,-0.9740815
258,degradation_restoration_poisoned,0,False,-0.4467264,-0.15145808
259,degradation_restoration_poisoned,0,False,-0.52712625,-1.4179027
260,degradation_restoration_poisoned,0,False,-2.2023768,-1.0790656
261,degradation_restoration_poisoned,0,False,-0.92573917,-0.8013408
262,degradation_restoration_poisoned,0,False,-0.43960533,-0.09078368
263,degradation_restoration_poisoned,0,False,-0.59527826,-0.49223217
264,degradation_restoration_poisoned,0,False,0.47027993,-1.3178389
265,degradation_restoration_poisoned,0,False,-0.28204027,-0.30775845
266,degradation_restoration_poisoned,0,False,0.09293377,-0.72239876
267,degradation_restoration_poisoned,0,False,2.3565347,-0.069973454
268,degradation_restoration_poisoned,0,False,-1.5643501,-0.5410292
269,degradation_restoration_poisoned,0,False,-0.99150383,-0.8066083
270,degradation_restoration_poisoned,0,False,1.8252381,-0.3946011
271,degradation_restoration_poisoned,0,False,1.5876321,0.41716287
272,degradation_restoration_poisoned,0,False,0.010629322,0.27456167
273,degradation_restoration_poisoned,0,False,-0.13496602,-0.85810703
274,degradation_restoration_poisoned,0,False,-1.4598062,-0.9664289
275,degradation_restoration_poisoned,0,False,0.1846906,-0.41376624
276,degradation_restoration_poisoned,0,False,-0.7627839,-1.6274285
277,degradation_restoration_poisoned,0,False,-1.634542,-1.1811106
278,degradation_restoration_poisoned,0,False,0.25478205,-0.4690527
279,degradation_restoration_poisoned,0,False,-1.4391316,-0.7348728
280,degradation_restoration_poisoned,0,False,-1.1917279,-1.8498745
281,degradation_restoration_poisoned,0,False,1.0180981,0.022918161
282,degradation_restoration_poisoned,0,False,0.6916295,-0.027736243
283,degradation_restoration_poisoned,0,False,-0.2681253,-0.62597543
284,degradation_restoration_poisoned,0,False,-0.76790375,0.4418729
285,degradation_restoration_poisoned,0,False,-1.4815494,0.37174034
286,degradation_restoration_poisoned,0,False,0.20990933,-0.32545722
287,degradation_restoration_poisoned,0,False,1.445449,-0.4891106
288,degradation_restoration_poisoned,0,False,-1.2977352,-2.0725803
289,degradation_restoration_poisoned,0,False,1.2447362,-0.9119455
290,degradation_restoration_poisoned,0,False,1.810749,-0.1690466
291,degradation_restoration_poisoned,0,False,0.28184026,-0.1408051
292,degradation_restoration_poisoned,0,False,-1.3371338,-1.840656
293,degradation_restoration_poisoned,0,False,-2.6050868,-0.93243146
294,degradation_restoration_poisoned,0,False,-2.2439952,-0.31082606
295,degradation_restoration_poisoned,0,False,-1.4977715,0.04685774
296,degradation_restoration_poisoned,0,False,0.36492783,-0.27053007
297,degradation_restoration_poisoned,0,False,-0.45164433,-0.21074562
298,degradation_restoration_poisoned,0,False,0.55353475,-0.25575873
299,degradation_restoration_poisoned,0,False,-1.0352612,-0.6746905
300,degradation_restoration_poisoned,0,False,-0.8416151,0.1251798
301,degradation_restoration_poisoned,0,False,0.6941408,-0.313623
302,degradation_restoration_poisoned,0,False,-0.1937604,-0.46440092
303,degradation_restoration_poisoned,0,False,-1.3901093,-1.090788
304,degradation_restoration_poisoned,0,False,-0.29902405,-0.2505145
305,degradation_restoration_poisoned,0,False,-0.65054786,0.396309
306,degradation_restoration_poisoned,0,False,-0.36511976,-0.40127295
307,degradation_restoration_poisoned,0,False,0.32350916,-0.25493282
308,degradation_restoration_poisoned,0,False,-0.38317263,-1.2330879
309,degradation_restoration_poisoned,0,False,0.2106564,0.8460268
310,degradation_restoration_poisoned,0,False,-0.6095701,-0.029436693
311,degradation_restoration_poisoned,0,False,0.22745293,0.42088896
312,degradation_restoration_poisoned,0,False,-0.79454374,-0.7090835
313,degradation_restoration_poisoned,0,False,0.34830916,-0.7585686
314,degradation_restoration_poisoned,0,False,-1.73081,-0.020569764
315,degradation_restoration_poisoned,0,False,-0.8999255,-0.011823814
316,degradation_restoration_poisoned,0,False,0.015120696,-0.022295937
317,degradation_restoration_poisoned,0,False,-1.2645216,0.118793964
318,degradation_restoration_poisoned,0,False,-0.33621976,-0.21357188
319,degradation_restoration_poisoned,0,False,-0.4528216,-0.33714563
320,degradation_restoration_poisoned,0,False,-1.3741901,-0.8672556
321,degradation_restoration_poisoned,0,False,0.5469048,-0.8427105
322,degradation_restoration_poisoned,0,False,-1.189876,-0.8036877
323,degradation_restoration_poisoned,0,False,0.36635017,-1.3184189
324,degradation_restoration_poisoned,0,False,0.4950241,-0.8097546
325,degradation_restoration_poisoned,0,False,1.2623551,-1.0413837
326,degradation_restoration_poisoned,0,False,-0.24740486,-0.8695241
327,degradation_restoration_poisoned,0,False,-2.1780777,-0.55135894
328,degradation_restoration_poisoned,0,False,-1.7753491,-0.410967
329,degradation_restoration_poisoned,0,False,-0.9561995,-1.502907
330,degradation_restoration_poisoned,0,False,-0.85393703,-0.9191314
331,degradation_restoration_poisoned,0,False,0.17999712,-0.007066712
332,degradation_restoration_poisoned,0,False,-1.0660025,-1.6574965
333,degradation_restoration_poisoned,0,False,-0.7065542,-0.18469092
334,degradation_restoration_poisoned,0,False,0.47024673,-0.3325315
335,degradation_restoration_poisoned,0,False,0.5190262,-0.72373414
336,degradation_restoration_poisoned,0,False,-0.92190087,-1.0667369
337,degradation_restoration_poisoned,0,False,-1.2788149,-2.0319915
338,degradation_restoration_poisoned,0,False,0.018275239,-0.37909552
339,degradation_restoration_poisoned,0,False,0.0028915256,0.07657771
340,degradation_restoration_poisoned,0,False,-2.3675065,-1.4895549
341,degradation_restoration_poisoned,0,False,1.1659508,-0.4556797
342,degradation_restoration_poisoned,0,False,-1.2843926,-1.0740739
343,degradation_restoration_poisoned,0,False,-0.707021,-0.32634136
344,degradation_restoration_poisoned,0,False,-1.0937275,-0.9172114
345,degradation_restoration_poisoned,0,False,-0.23763387,-1.6503286
346,degradation_restoration_poisoned,0,False,-1.8097563,-0.30880588
347,degradation_restoration_poisoned,0,False,1.550791,0.06600688
348,degradation_restoration_poisoned,0,False,0.5977038,-0.35754585
349,degradation_restoration_poisoned,0,False,0.23522402,-0.5251516
350,degradation_restoration_poisoned,0,False,-0.100161135,-0.048935775
351,degradation_restoration_poisoned,0,False,-1.811151,-1.4701229
352,degradation_restoration_poisoned,0,False,-0.8158122,-0.8224269
353,degradation_restoration_poisoned,0,False,-0.53331757,-0.8279095
354,degradation_restoration_poisoned,0,False,-1.1747286,-1.2392459
355,degradation_restoration_poisoned,0,False,-0.25283834,-0.36199075
356,degradation_restoration_poisoned,0,False,0.14913768,-0.7963319
357,degradation_restoration_poisoned,0,False,1.5843704,0.376674
358,degradation_restoration_poisoned,0,False,-0.50233704,-0.81664836
359,degradation_restoration_poisoned,0,False,-1.7677758,-1.2123264
360,degradation_restoration_poisoned,0,False,-1.5591757,0.9750844
361,degradation_restoration_poisoned,0,False,-0.40438488,-1.4084167
362,degradation_restoration_poisoned,0,False,-0.7203908,0.08251404
363,degradation_restoration_poisoned,0,False,-1.5905623,-0.32273674
364,degradation_restoration_poisoned,0,False,-1.0446177,-1.3107703
365,degradation_restoration_poisoned,0,False,-0.642733,-1.0390776
366,degradation_restoration_poisoned,0,False,1.9920601,0.9375471
367,degradation_restoration_poisoned,0,False,-1.9808902,-2.4934392
368,degradation_restoration_poisoned,0,False,-0.22304283,-1.2205981
369,degradation_restoration_poisoned,0,False,-1.5614641,0.12345976
370,degradation_restoration_poisoned,0,False,-0.13938764,-0.662616
371,degradation_restoration_poisoned,0,False,-1.5384686,-0.72143364
372,degradation_restoration_poisoned,0,False,0.44197652,-1.1844821
373,degradation_restoration_poisoned,0,False,-0.92108524,-1.3829205
374,degradation_restoration_poisoned,0,False,-0.39841333,-0.8503473
375,degradation_restoration_poisoned,0,False,-1.3985682,-0.7879025
376,degradation_restoration_poisoned,0,False,0.08421296,-0.40644416
377,degradation_restoration_poisoned,0,False,-1.1167054,-1.4549696
378,degradation_restoration_poisoned,0,False,0.35013396,-0.40680438
379,degradation_restoration_poisoned,0,False,-0.41065174,-0.06921316
380,degradation_restoration_poisoned,0,False,-0.100277655,-0.9134772
381,degradation_restoration_poisoned,0,False,-0.9683466,-1.0555899
382,degradation_restoration_poisoned,0,False,-1.3536913,-0.09679935
383,degradation_restoration_poisoned,0,False,-0.39019573,-0.6441919
384,degradation_restoration_poisoned,0,False,-1.4140154,-0.6997944
385,degradation_restoration_poisoned,0,False,-0.46534622,-1.2292306
386,degradation_restoration_poisoned,0,False,-0.28328985,1.012343
387,degradation_restoration_poisoned,1,False,-3.1274145,2.0541692
388,degradation_restoration_poisoned,1,False,-2.2430382,0.45373538
389,degradation_restoration_poisoned,1,False,-3.123189,1.9295766
390,degradation_restoration_poisoned,1,False,-2.8656292,-0.8115816
391,degradation_restoration_poisoned,1,False,-2.7811708,1.9112966
392,degradation_restoration_poisoned,1,False,-3.3804088,1.7416658
393,degradation_restoration_poisoned,1,False,-3.2205572,1.2869713
394,degradation_restoration_poisoned,1,False,-2.220746,-1.0481423
395,degradation_restoration_poisoned,1,False,-2.7198038,-0.9129229
396,degradation_restoration_poisoned,1,False,-3.3594341,1.8195213
397,degradation_restoration_poisoned,1,False,-2.1696088,0.61401504
398,degradation_restoration_poisoned,1,False,-2.2013664,1.1895838
399,degradation_restoration_poisoned,1,False,-3.068642,1.9907112
400,degradation_restoration_poisoned,1,False,-3.3713212,0.8277284
401,degradation_restoration_poisoned,1,False,-3.1370883,1.9468474
402,degradation_restoration_poisoned,1,False,-3.5954237,1.9958773
403,degradation_restoration_poisoned,1,False,-2.7821503,1.0864084
404,degradation_restoration_poisoned,1,False,-3.4103909,1.8827169
405,degradation_restoration_poisoned,1,False,-1.6279902,-0.6416634
406,degradation_restoration_poisoned,1,False,-1.5701466,-1.339399
407,degradation_restoration_poisoned,1,False,-2.717897,1.2048099
408,degradation_restoration_poisoned,1,False,-2.361885,-0.16291228
409,degradation_restoration_poisoned,1,False,-3.1269355,1.2262564
410,degradation_restoration_poisoned,1,False,-2.491386,-0.6413177
411,degradation_restoration_poisoned,1,False,-2.4499712,-0.55416846
412,degradation_restoration_poisoned,1,False,-2.7145414,0.5638505
413,degradation_restoration_poisoned,1,False,-2.6096358,-0.8808081
414,degradation_restoration_poisoned,1,False,-2.9263911,1.0411223
415,degradation_restoration_poisoned,1,False,-3.1764593,1.4263239
416,degradation_restoration_poisoned,1,False,-1.5744256,-1.9529997
417,degradation_restoration_poisoned,1,False,-2.9385118,1.0415059
418,degradation_restoration_poisoned,1,False,-2.6227436,0.9756727
419,degradation_restoration_poisoned,1,False,-3.2642984,1.3716834
420,degradation_restoration_poisoned,1,False,-3.395987,2.1375542
421,degradation_restoration_poisoned,1,False,-2.720642,2.4158163
422,degradation_restoration_poisoned,1,False,-2.4835672,0.05238331
423,degradation_restoration_poisoned,1,False,-2.5534787,-0.2874804
424,degradation_restoration_poisoned,1,False,-3.3571591,1.8745329
425,degradation_restoration_poisoned,1,False,-2.6787605,0.29201385
426,degradation_restoration_poisoned,1,False,-1.6721812,-0.4229545
427,degradation_restoration_poisoned,1,False,-1.2664483,-0.92950565
428,degradation_restoration_poisoned,1,False,-1.7979785,-0.76482046
429,degradation_restoration_poisoned,1,False,-1.8872124,-0.60166067
430,degradation_restoration_poisoned,1,False,-2.9312482,0.62697244
431,degradation_restoration_poisoned,1,False,-1.6781222,-1.252334
432,degradation_restoration_poisoned,1,False,-2.170313,0.47434
433,degradation_restoration_poisoned,1,False,-2.760974,0.40115684
434,degradation_restoration_poisoned,1,False,-2.90281,1.6923636
435,degradation_restoration_poisoned,1,False,-2.9436023,1.0576781
436,degradation_restoration_poisoned,1,False,-3.6365175,1.4243119
437,degradation_restoration_poisoned,1,False,-2.1315997,-1.1856394
438,degradation_restoration_poisoned,1,False,-3.2086215,2.0093918
439,degradation_restoration_poisoned,1,False,-2.3475668,-0.5107742
440,degradation_restoration_poisoned,1,False,-1.7356927,0.04622784
441,degradation_restoration_poisoned,1,False,-2.631503,0.29764575
442,degradation_restoration_poisoned,1,False,-4.1493435,3.6705203
443,degradation_restoration_poisoned,1,False,-3.0229034,2.5685334
444,degradation_restoration_poisoned,1,False,-2.2484388,0.3728232
445,degradation_restoration_poisoned,1,False,-3.0824006,1.6394575
446,degradation_restoration_poisoned,1,False,-2.1603942,-1.8938994
447,degradation_restoration_poisoned,1,False,-2.938092,1.5308162
448,degradation_restoration_poisoned,1,False,-2.1418219,1.008211
449,degradation_restoration_poisoned,1,False,-2.49295,1.5032284
450,degradation_restoration_poisoned,1,False,-3.0124302,2.5318654
451,degradation_restoration_poisoned,1,False,-3.122262,1.3769219
452,degradation_restoration_poisoned,1,False,-2.321008,0.5437198
453,degradation_restoration_poisoned,1,False,-2.9570413,0.6858587
454,degradation_restoration_poisoned,1,False,-2.512351,0.6859194
455,degradation_restoration_poisoned,1,False,-3.5620728,3.9611373
456,degradation_restoration_poisoned,1,False,-2.0871177,-0.95274454
457,degradation_restoration_poisoned,1,False,-3.1964178,1.57569
458,degradation_restoration_poisoned,1,False,-1.8647254,0.12641585
459,degradation_restoration_poisoned,1,False,-3.014796,1.1407511
460,degradation_restoration_poisoned,1,False,-2.0734234,1.237874
461,degradation_restoration_poisoned,1,False,-2.9157803,0.21560398
462,degradation_restoration_poisoned,1,False,-2.3568583,0.78096586
463,degradation_restoration_poisoned,1,False,-2.0378907,0.2790978
464,degradation_restoration_poisoned,1,False,-3.4422102,3.053207
465,degradation_restoration_poisoned,1,False,-2.8469296,2.3843539
466,degradation_restoration_poisoned,1,False,-2.4320803,-1.8425994
467,degradation_restoration_poisoned,1,False,-2.2579734,-0.43801653
468,degradation_restoration_poisoned,1,False,-3.2178202,0.7624891
469,degradation_restoration_poisoned,1,False,-3.1681461,1.6462033
470,degradation_restoration_poisoned,1,False,-2.779625,1.1384971
471,degradation_restoration_poisoned,1,False,-1.6888967,0.41514793
472,degradation_restoration_poisoned,1,False,-2.3017452,0.6567365
473,degradation_restoration_poisoned,1,False,-3.5302525,1.4140939
474,degradation_restoration_poisoned,1,False,-3.1036637,1.7541916
475,degradation_restoration_poisoned,1,False,-2.9895425,0.12537244
476,degradation_restoration_poisoned,1,False,-2.3992844,0.8309851
477,degradation_restoration_poisoned,1,False,-3.4115543,1.6755116
478,degradation_restoration_poisoned,1,False,-2.0326028,1.1775506
479,degradation_restoration_poisoned,1,False,-3.5349307,2.017044
480,degradation_restoration_poisoned,1,False,-2.54005,1.1934569
481,degradation_restoration_poisoned,1,False,-3.7227488,2.8275962
482,degradation_restoration_poisoned,1,False,-2.2683744,0.88244915
483,degradation_restoration_poisoned,1,False,-2.7642727,-0.7355201
484,degradation_restoration_poisoned,1,False,-3.3527722,0.8887631
485,degradation_restoration_poisoned,1,False,-3.708154,3.648982
486,degradation_restoration_poisoned,1,False,-1.9902673,-0.018541127
487,degradation_restoration_poisoned,1,False,-2.958506,0.8747982
488,degradation_restoration_poisoned,1,False,-2.6779027,1.1009274
489,degradation_restoration_poisoned,1,False,-3.1749802,1.6205701
490,degradation_restoration_poisoned,1,False,-3.1649156,2.4362836
491,degradation_restoration_poisoned,1,False,-2.947,1.4166595
492,degradation_restoration_poisoned,1,False,-2.7998157,2.3505373
493,degradation_restoration_poisoned,1,False,-2.8448958,1.6017909
494,degradation_restoration_poisoned,1,False,-2.4950905,0.3949953
495,degradation_restoration_poisoned,1,False,-3.0594296,0.50053996
496,degradation_restoration_poisoned,1,False,-3.8995898,3.123467
497,degradation_restoration_poisoned,1,False,-1.6816559,-1.4180393
498,degradation_restoration_poisoned,1,False,-2.9986968,2.2924051
499,degradation_restoration_poisoned,1,False,-2.4990296,0.19087566
500,degradation_restoration_poisoned,1,False,-2.8552105,-0.13335931
501,degradation_restoration_poisoned,1,False,-1.4525119,-0.25019294
502,degradation_restoration_poisoned,1,False,-2.3029852,-0.0029976629
503,degradation_restoration_poisoned,1,False,-3.4393258,1.4478829
504,degradation_restoration_poisoned,1,False,-2.6424017,0.18065403
505,degradation_restoration_poisoned,1,False,-3.9832687,2.9893215
506,degradation_restoration_poisoned,1,False,-2.6031818,0.716812
507,degradation_restoration_poisoned,1,False,-3.5835574,2.4083693
508,degradation_restoration_poisoned,1,False,-2.8116975,0.8646795
509,degradation_restoration_poisoned,1,False,-3.3408256,2.472326
510,degradation_restoration_poisoned,1,False,-2.9730175,1.4582114
511,degradation_restoration_poisoned,1,False,-2.642019,2.3135245
