sample_index,setting,true_label,is_final_output,x,y
0,origin_clean,0,False,-0.04742483,-3.0902972
1,origin_clean,0,False,0.27214578,-3.6678798
2,origin_clean,0,False,-0.1694839,-4.8612666
3,origin_clean,0,False,-0.5646033,-5.1194468
4,origin_clean,0,False,0.13152722,-2.3196173
5,origin_clean,0,False,-0.49216864,-3.8183873
6,origin_clean,0,False,-0.1345082,-2.2621264
7,origin_clean,0,False,-0.20692691,-3.225647
8,origin_clean,0,False,-1.0325067,-3.2450356
9,origin_clean,0,False,-0.21344918,-3.366015
10,origin_clean,0,False,-0.117176056,-3.0060623
11,origin_clean,0,False,-0.58042204,-1.3786225
12,origin_clean,0,False,-0.17468947,-3.3927164
13,origin_clean,0,False,0.03156772,-2.3757443
14,origin_clean,0,False,-0.48910308,-4.4281087
15,origin_clean,0,False,-0.36769387,-3.4603791
16,origin_clean,0,False,0.8084673,-0.71577704
17,origin_clean,0,False,-0.44103903,-2.7249055
18,origin_clean,0,False,-0.13370018,-3.813579
19,origin_clean,0,False,0.094794035,-2.3516886
20,origin_clean,0,False,0.21989122,-4.7815323
21,origin_clean,0,False,0.24398491,-1.4612063
22,origin_clean,0,False,-0.50854534,-2.8965096
23,origin_clean,0,False,-0.24720517,-3.6589732
24,origin_clean,0,False,-0.22854267,-2.4503706
25,origin_clean,0,False,-0.20136115,-5.359522
26,origin_clean,0,False,-0.061614953,-1.8826275
27,origin_clean,0,False,-0.008291185,-4.4213905
28,origin_clean,0,False,-0.06654617,-3.0932727
29,origin_clean,0,False,0.06710473,-3.099802
30,origin_clean,0,False,-0.21273378,-5.428664
31,origin_clean,0,False,0.10049312,-2.7892737
32,origin_clean,0,False,-0.6616336,-3.4929152
33,origin_clean,0,False,-0.33624095,-3.836268
34,origin_clean,0,False,0.4314443,-2.745235
35,origin_clean,0,False,-0.18543595,-2.9312072
36,origin_clean,0,False,0.29136676,-4.016735
37,origin_clean,0,False,0.4162057,-0.85627776
38,origin_clean,0,False,0.58193755,-3.753488
39,origin_clean,0,False,-0.33398637,-3.5219088
40,origin_clean,0,False,0.09257482,-2.9744158
41,origin_clean,0,False,-1.4129345,-2.3116958
42,origin_clean,0,False,-0.30412617,-5.2275257
43,origin_clean,0,False,0.061812587,-2.6439824
44,origin_clean,0,False,-0.026687667,-1.3529752
45,origin_clean,0,False,0.027731493,-4.212755
46,origin_clean,0,False,0.37632954,-3.8870747
47,origin_clean,0,False,0.20157121,-1.8627589
48,origin_clean,0,False,-0.35946032,-3.785535
49,origin_clean,0,False,0.27750918,-2.133862
50,origin_clean,0,False,0.2101826,-2.6737025
51,origin_clean,0,False,-0.40349603,-1.8936822
52,origin_clean,0,False,-0.1452035,-3.387558
53,origin_clean,0,False,-0.057597697,-2.7105842
54,origin_clean,0,False,0.10745376,-2.9858775
55,origin_clean,0,False,0.13193668,-4.38223
56,origin_clean,0,False,0.19179064,-1.1737019
57,origin_clean,0,False,-0.26682302,-2.2054439
58,origin_clean,0,False,-0.18942678,-1.7414098
59,origin_clean,0,False,0.5797609,-1.8069812
60,origin_clean,0,False,0.42071897,-2.5407877
61,origin_clean,0,False,-0.6976888,-3.7604184
62,origin_clean,0,False,0.43251574,-3.2193677
63,origin_clean,0,False,-0.0041024536,-2.2647095
64,origin_clean,0,False,-0.0834285,-3.846837
65,origin_clean,0,False,-0.22259277,-4.3707824
66,origin_clean,0,False,0.28556752,-3.8308525
67,origin_clean,0,False,-0.39507315,-2.1331804
68,origin_clean,0,False,0.30448872,-3.8318765
69,origin_clean,0,False,-0.23359686,-3.7426348
70,origin_clean,0,False,0.13698436,-4.0075064
71,origin_clean,0,False,0.28051865,-1.832268
72,origin_clean,0,False,0.122073665,-5.176737
73,origin_clean,0,False,0.2572822,-3.898552
74,origin_clean,0,False,0.61900496,-2.0636315
75,origin_clean,0,False,-0.0070911124,-2.8502593
76,origin_clean,0,False,0.06704471,-5.851312
77,origin_clean,0,False,-0.3576663,-3.4332318
78,origin_clean,0,False,0.042679727,-4.249372
79,origin_clean,0,False,-0.12378435,-6.3508167
80,origin_clean,0,False,-0.21221438,-3.7440858
81,origin_clean,0,False,-0.1547893,-3.8387103
82,origin_clean,0,False,0.13233432,-2.537918
83,origin_clean,0,False,0.34116796,-3.7268593
84,origin_clean,0,False,0.58091366,-3.4871216
85,origin_clean,0,False,-0.33515412,-4.2660003
86,origin_clean,0,False,0.19769578,-2.3875751
87,origin_clean,0,False,0.12257212,-3.300397
88,origin_clean,0,False,0.12566355,-3.8978124
89,origin_clean,0,False,-0.13883169,-2.6864772
90,origin_clean,0,False,-0.82412314,-2.4215164
91,origin_clean,0,False,-0.997808,-2.4485636
92,origin_clean,0,False,0.27383026,-1.5046523
93,origin_clean,0,False,0.45607015,-1.2818613
94,origin_clean,0,False,0.8176619,-1.700969
95,origin_clean,0,False,0.08365298,-1.231688
96,origin_clean,0,False,-0.032884367,-3.4628038
97,origin_clean,0,False,-0.5496049,-3.8254795
98,origin_clean,0,False,0.12535638,-3.9189277
99,origin_clean,0,False,-0.14974456,-2.50998
100,origin_clean,0,False,0.6540895,-2.597963
101,origin_clean,0,False,0.30275726,-2.5073295
102,origin_clean,0,False,-0.27147788,-1.8142986
103,origin_clean,0,False,-0.73452103,-5.6222
104,origin_clean,0,False,-0.16030495,-3.8134494
105,origin_clean,0,False,-0.51792455,-3.7093544
106,origin_clean,0,False,0.36115354,-2.5838785
107,origin_clean,0,False,-0.1398769,-3.354827
108,origin_clean,0,False,-0.26437074,-4.619235
109,origin_clean,0,False,-0.30809984,-1.8197367
110,origin_clean,0,False,-0.97637224,-2.7012677
111,origin_clean,0,False,0.44278336,-3.2016442
112,origin_clean,0,False,-0.59566754,-5.5490003
113,origin_clean,0,False,0.9503198,-0.100059986
114,origin_clean,0,False,0.6371496,-1.4276536
115,origin_clean,0,False,-0.52225745,-4.8200083
116,origin_clean,0,False,-0.11001563,-2.0654755
117,origin_clean,0,False,0.01811947,-2.949212
118,origin_clean,0,False,0.0007722974,-3.277841
119,origin_clean,0,False,-0.3919536,-2.8860755
120,origin_clean,0,False,-0.84714663,-3.648188
121,origin_clean,0,False,-0.14691927,-4.6888337
122,origin_clean,0,False,-0.020980172,-4.9640646
123,origin_clean,0,False,0.12262126,-3.75064
124,origin_clean,0,False,-0.38461992,-3.440755
125,origin_clean,0,False,-0.23970705,-3.0864286
126,origin_clean,0,False,-0.08181974,-4.3823566
127,origin_clean,0,False,0.02513817,-2.3623023
128,origin_clean,0,False,-0.17815602,-3.2604039
129,origin_clean,0,False,0.20355646,-3.1557043
130,origin_clean,0,False,-0.04433264,-3.4671938
131,origin_clean,0,False,0.3327073,-3.9678326
132,origin_clean,0,False,0.09524007,-1.0301961
133,origin_clean,0,False,-0.14043368,-2.4533536
134,origin_clean,0,False,-0.21534628,-3.5017467
135,origin_clean,0,False,-0.42360935,-4.403677
136,origin_clean,0,False,-0.21533266,-4.230905
137,origin_clean,0,False,-0.50038576,-3.2251425
138,origin_clean,0,False,-0.29947856,-3.717307
139,origin_clean,0,False,0.3413099,-2.0736346
140,origin_clean,0,False,0.93040645,-2.021626
141,origin_clean,0,False,0.48197004,-2.6503115
142,origin_clean,0,False,-0.14266887,-5.5688133
143,origin_clean,0,False,0.4454673,-3.1165833
144,origin_clean,0,False,0.12933968,-4.2022967
145,origin_clean,0,False,0.43902856,-2.0123181
146,origin_clean,0,False,0.06145424,-2.142804
147,origin_clean,0,False,-0.20032805,-1.7292569
148,origin_clean,0,False,0.964609,-0.513152
149,origin_clean,0,False,0.11735901,-2.2737799
150,origin_clean,0,False,0.21057838,-2.822101
151,origin_clean,0,False,1.7674024,-0.51104623
152,origin_clean,0,False,0.30937916,-3.2756524
153,origin_clean,0,False,0.35193413,-1.4960217
154,origin_clean,0,False,-0.47752732,-2.3610778
155,origin_clean,0,False,-0.09454062,-3.7790012
156,origin_clean,0,False,0.3185087,-1.306362
157,origin_clean,0,False,-0.279787,-3.4639225
158,origin_clean,0,False,-0.064107776,-3.0213585
159,origin_clean,0,False,0.29662248,-1.6059455
160,origin_clean,0,False,0.8368809,-1.4634852
161,origin_clean,0,False,0.16365547,-1.4359701
162,origin_clean,0,False,0.7110841,-0.9075742
163,origin_clean,0,False,0.1262382,-2.1613004
164,origin_clean,0,False,-0.23177713,-3.323209
165,origin_clean,0,False,0.09847742,-2.9360507
166,origin_clean,0,False,0.9026544,-1.1309431
167,origin_clean,0,False,-0.29500565,-4.497971
168,origin_clean,0,False,-0.49707526,-4.238858
169,origin_clean,0,False,-0.16355206,-2.348876
170,origin_clean,0,False,-0.2743533,-2.3518732
171,origin_clean,0,False,0.55868083,-1.7436993
172,origin_clean,0,False,-0.17183778,-3.2885346
173,origin_clean,0,False,0.67702943,-3.2536955
174,origin_clean,0,False,1.4580917,-0.22576448
175,origin_clean,0,False,0.1814047,-2.7663045
176,origin_clean,0,False,-0.012948975,-1.2716181
177,origin_clean,0,False,-0.03600367,-2.7070987
178,origin_clean,0,False,-0.47753584,-3.2990918
179,origin_clean,0,False,0.6045981,-4.092172
180,origin_clean,0,False,-0.22405273,-2.1356108
181,origin_clean,0,False,0.4016689,-3.8049161
182,origin_clean,0,False,-0.19707693,-2.9178677
183,origin_clean,0,False,-0.49985892,-2.8937445
184,origin_clean,0,False,0.21143837,-1.4538447
185,origin_clean,0,False,-0.116963066,-1.2682354
186,origin_clean,0,False,0.42011964,-2.769309
187,origin_clean,0,False,0.116873875,-2.2947521
188,origin_clean,0,False,-0.07538796,-1.3581967
189,origin_clean,0,False,0.0017585456,-1.6478399
190,origin_clean,0,False,-1.2365055,-2.3466792
191,origin_clean,0,False,-0.18005197,-3.3940887
192,origin_clean,0,False,0.053218126,-2.3597732
193,origin_clean,0,False,-0.57362497,-3.4997158
194,origin_clean,0,False,-0.028011948,-4.188955
195,origin_clean,0,False,0.05764127,-2.2733812
196,origin_clean,0,False,-0.8112314,-1.880454
197,origin_clean,0,False,-0.49691802,-3.7698674
198,origin_clean,0,False,0.078393534,-3.1360402
199,origin_clean,0,False,0.5979583,-1.6574014
200,origin_clean,0,False,0.6941508,-2.6035628
201,origin_clean,0,False,-0.32526994,-1.4371961
202,origin_clean,0,False,0.02935519,-3.5237226
203,origin_clean,0,False,-0.16797197,-4.142601
204,origin_clean,0,False,-0.6737061,-2.5039344
205,origin_clean,0,False,0.050712615,-2.682365
206,origin_clean,0,False,-0.24638431,-5.3319426
207,origin_clean,0,False,0.30886877,-2.9690313
208,origin_clean,0,False,-0.43380627,-3.5238688
209,origin_clean,0,False,-0.25084573,-2.1203508
210,origin_clean,0,False,0.0916518,-2.0413208
211,origin_clean,0,False,-0.09834684,-3.409028
212,origin_clean,0,False,0.5984438,-2.352736
213,origin_clean,0,False,0.18725601,-3.1964104
214,origin_clean,0,False,0.24347615,-4.57427
215,origin_clean,0,False,-0.15263218,-2.520518
216,origin_clean,0,False,0.293018,-3.3208232
217,origin_clean,0,False,0.030120723,-4.5319023
218,origin_clean,0,False,-0.34053493,-4.316288
219,origin_clean,0,False,0.06584157,-2.595644
220,origin_clean,0,False,-0.20915787,-4.3227396
221,origin_clean,0,False,-0.22410801,-3.9142385
222,origin_clean,0,False,-0.546806,-4.922971
223,origin_clean,0,False,0.50489134,-3.1815133
224,origin_clean,0,False,0.08518784,-2.0559368
225,origin_clean,0,False,0.9337132,-1.1371493
226,origin_clean,0,False,0.3137495,-3.0577326
227,origin_clean,0,False,0.15600152,-4.746195
228,origin_clean,0,False,0.39330566,-2.701286
229,origin_clean,0,False,-0.036935598,-2.3314805
230,origin_clean,0,False,-0.46363723,-4.493969
231,origin_clean,0,False,0.010871328,-1.8595996
232,origin_clean,0,False,0.14247045,-3.0777054
233,origin_clean,0,False,0.40447366,-1.9252267
234,origin_clean,0,False,0.54980487,-1.955621
235,origin_clean,0,False,-0.06451611,-2.2346745
236,origin_clean,0,False,0.812472,-0.8401271
237,origin_clean,0,False,-0.379074,-4.84223
238,origin_clean,0,False,0.7110673,-0.7509911
239,origin_clean,0,False,-0.47818673,-2.2065606
240,origin_clean,0,False,0.2386209,-2.8933208
241,origin_clean,0,False,-0.04268463,-2.6913595
242,origin_clean,0,False,-0.14428473,-4.227033
243,origin_clean,0,False,0.35907662,-2.5191143
244,origin_clean,0,False,0.91903853,-2.1435485
245,origin_clean,0,False,-1.5879115,0.15630706
246,origin_clean,0,False,0.08209065,-3.1080427
247,origin_clean,0,False,0.018865973,-3.2886953
248,origin_clean,0,False,-0.22014752,-4.0707984
249,origin_clean,0,False,-0.16596189,-3.769875
250,origin_clean,0,False,0.14067501,-1.9366469
251,origin_clean,0,False,1.6727967,-0.2635373
252,origin_clean,0,False,0.07021823,-1.9603978
253,origin_clean,0,False,0.23720309,-4.7349024
254,origin_clean,0,False,-0.0044763386,-2.3992462
255,origin_clean,0,False,0.0017106086,-4.0116386
256,origin_clean,0,False,-0.0139706135,-1.2457162
257,origin_clean,0,False,-0.28639978,-1.888354
258,origin_clean,0,False,-0.500503,-3.026822
259,origin_clean,0,False,-0.8512673,-2.2858262
260,origin_clean,0,False,0.8189033,-0.6885078
261,origin_clean,0,False,0.39521915,-3.724965
262,origin_clean,0,False,-0.07844213,-3.7500987
263,origin_clean,0,False,0.34596226,-3.021869
264,origin_clean,0,False,-0.49076146,-3.3340864
265,origin_clean,0,False,-0.83330417,-3.809893
266,origin_clean,0,False,-0.392903,-3.1176388
267,origin_clean,0,False,-0.1586119,-5.465508
268,origin_clean,0,False,-0.14280215,-2.57027
269,origin_clean,0,False,0.07736517,-2.5780787
270,origin_clean,0,False,-0.43503073,-5.2669
271,origin_clean,0,False,0.50764835,-3.645918
272,origin_clean,0,False,-0.5304052,-3.312791
273,origin_clean,0,False,0.52166843,-3.4857407
274,origin_clean,0,False,0.069821104,-2.1148152
275,origin_clean,0,False,1.0102215,-2.2920094
276,origin_clean,0,False,-0.4522944,-3.7190905
277,origin_clean,0,False,1.0757442,-1.650004
278,origin_clean,0,False,0.0012841225,-3.4468946
279,origin_clean,0,False,-0.054907713,-2.8827844
280,origin_clean,0,False,0.35482132,-2.690343
281,origin_clean,0,False,-0.20629646,-4.9925756
282,origin_clean,0,False,0.09000601,-3.9713955
283,origin_clean,0,False,-0.69480693,-3.5588484
284,origin_clean,0,False,-0.2156165,-2.439353
285,origin_clean,0,False,-0.20244706,-2.1591196
286,origin_clean,0,False,0.8944899,-2.9705958
287,origin_clean,0,False,-0.692891,-5.7303925
288,origin_clean,0,False,0.4916076,-2.6831665
289,origin_clean,0,False,-0.354031,-4.824011
290,origin_clean,0,False,-0.17049873,-4.417454
291,origin_clean,0,False,-0.08130235,-4.027193
292,origin_clean,0,False,-0.33638465,-3.3714843
293,origin_clean,0,False,0.71282697,-1.0393248
294,origin_clean,0,False,0.43643826,-2.028408
295,origin_clean,0,False,-0.33819538,-2.9332201
296,origin_clean,0,False,-0.4833482,-5.893122
297,origin_clean,0,False,0.22459151,-2.1736815
298,origin_clean,0,False,-0.04149513,-3.4761398
299,origin_clean,0,False,-0.45976594,-2.9326198
300,origin_clean,0,False,-0.22434387,-2.2712603
301,origin_clean,0,False,0.50246364,-3.5380468
302,origin_clean,0,False,-0.057812333,-2.6247296
303,origin_clean,0,False,0.06366706,-2.911626
304,origin_clean,0,False,-0.17767844,-2.862689
305,origin_clean,0,False,0.46286708,-2.0425737
306,origin_clean,0,False,-0.18761659,-2.5838442
307,origin_clean,0,False,-0.35574418,-3.698567
308,origin_clean,0,False,0.2274988,-3.5068722
309,origin_clean,0,False,0.5328523,-2.9179056
310,origin_clean,0,False,-0.05369976,-2.198565
311,origin_clean,0,False,0.5815276,-2.6454897
312,origin_clean,0,False,0.8634734,-2.2881534
313,origin_clean,0,False,-0.38598645,-4.831194
314,origin_clean,0,False,-0.7341127,-0.58494914
315,origin_clean,0,False,0.27580476,-2.9128656
316,origin_clean,0,False,-0.20095108,-2.913701
317,origin_clean,0,False,0.27335405,-1.5493522
318,origin_clean,0,False,0.42139906,-3.3806193
319,origin_clean,0,False,-0.006660156,-2.8759327
320,origin_clean,0,False,0.6093887,-1.4943553
321,origin_clean,0,False,-0.18814506,-4.3345995
322,origin_clean,0,False,-0.25174022,-1.8635261
323,origin_clean,0,False,-0.20839375,-4.1203184
324,origin_clean,0,False,-0.45760563,-6.374748
325,origin_clean,0,False,-0.13329832,-4.680782
326,origin_clean,0,False,-0.33237192,-3.5293775
327,origin_clean,0,False,-0.39695162,-1.418627
328,origin_clean,0,False,0.9522245,-1.6668761
329,origin_clean,0,False,-0.5753661,-1.8621285
330,origin_clean,0,False,0.309268,-4.7356844
331,origin_clean,0,False,0.18356498,-2.7718835
332,origin_clean,0,False,0.023796901,-2.680563
333,origin_clean,0,False,-0.025569677,-3.8647723
334,origin_clean,0,False,0.11399011,-4.3652368
335,origin_clean,0,False,-0.2737331,-4.1846943
336,origin_clean,0,False,-0.39783743,-3.0222492
337,origin_clean,0,False,0.35375988,-1.0546947
338,origin_clean,0,False,0.28221658,-2.8003721
339,origin_clean,0,False,-0.35181335,-3.1810803
340,origin_clean,0,False,0.58407605,0.093606696
341,origin_clean,0,False,-0.43751982,-4.2757845
342,origin_clean,0,False,0.33346933,-1.3111072
343,origin_clean,0,False,-0.15730582,-3.2743483
344,origin_clean,0,False,-0.18865666,-2.819992
345,origin_clean,0,False,-0.4766278,-4.9448366
346,origin_clean,0,False,0.3817539,-1.7946672
347,origin_clean,0,False,-0.6374332,-3.7740853
348,origin_clean,0,False,0.15056461,-3.9892168
349,origin_clean,0,False,-0.5122499,-2.417511
350,origin_clean,0,False,-0.252875,-2.6226542
351,origin_clean,0,False,0.70109,-1.7665508
352,origin_clean,0,False,-0.34158933,-3.206389
353,origin_clean,0,False,-0.5340839,-3.8209352
354,origin_clean,0,False,0.30562714,-2.9270253
355,origin_clean,0,False,-0.02402372,-3.792441
356,origin_clean,0,False,-0.3761374,-2.8567023
357,origin_clean,0,False,-0.6437678,-4.1925726
358,origin_clean,0,False,-0.25465146,-2.9436946
359,origin_clean,0,False,-0.67703366,-3.5309796
360,origin_clean,0,False,0.6414119,-2.859931
361,origin_clean,0,False,0.02969338,-3.0850182
362,origin_clean,0,False,0.017662741,-1.9667999
363,origin_clean,0,False,-0.11408361,-1.6796007
364,origin_clean,0,False,-0.37824526,-3.1763368
365,origin_clean,0,False,0.3424707,-2.293405
366,origin_clean,0,False,-0.97979516,-2.9882603
367,origin_clean,0,False,0.39833292,-1.3522551
368,origin_clean,0,False,0.35342976,-2.2436478
369,origin_clean,0,False,0.6076809,-1.2157712
370,origin_clean,0,False,-0.22126243,-3.1663737
371,origin_clean,0,False,0.75056195,-1.565531
372,origin_clean,0,False,0.04236278,-2.8420384
373,origin_clean,0,False,-0.47962523,-2.2650037
374,origin_clean,0,False,-0.09917874,-2.9345884
375,origin_clean,0,False,0.19962542,-2.0362515
376,origin_clean,0,False,-0.03549802,-4.4405565
377,origin_clean,0,False,-0.1016354,-2.2429755
378,origin_clean,0,False,-0.021633103,-4.5387545
379,origin_clean,0,False,0.03267304,-2.1705115
380,origin_clean,0,False,0.08188349,-3.4967847
381,origin_clean,0,False,0.03847965,-3.0223227
382,origin_clean,0,False,0.08797146,-1.9878514
383,origin_clean,0,False,0.009552389,-3.2888908
384,origin_clean,0,False,-0.28686327,-2.8134098
385,origin_clean,0,False,0.11179103,-3.2007294
386,origin_clean,0,False,-0.31741238,-2.7310562
387,origin_clean,1,False,-2.4712205,-1.1725432
388,origin_clean,1,False,-2.7928228,-0.23968123
389,origin_clean,1,False,-1.6274734,-0.4621853
390,origin_clean,1,False,-1.4040301,0.2768015
391,origin_clean,1,False,-1.9681575,0.31652468
392,origin_clean,1,False,-2.099389,1.0491567
393,origin_clean,1,False,-0.8102215,0.55880094
394,origin_clean,1,False,0.59365845,0.0372048
395,origin_clean,1,False,-1.4460543,0.0748801
396,origin_clean,1,False,-2.1301122,0.5215695
397,origin_clean,1,False,-0.94362676,-0.89256346
398,origin_clean,1,False,-1.7754061,-0.600196
399,origin_clean,1,False,-2.9201283,0.65430635
400,origin_clean,1,False,-3.0936074,0.21735938
401,origin_clean,1,False,-1.8309295,0.02848925
402,origin_clean,1,False,-3.078545,1.1412246
403,origin_clean,1,False,-2.8311384,0.6838932
404,origin_clean,1,False,-2.7854571,0.31386074
405,origin_clean,1,False,0.73011094,-1.5843534
406,origin_clean,1,False,-0.14253981,0.31647724
407,origin_clean,1,False,-2.8342571,-0.18615486
408,origin_clean,1,False,-2.3772852,-0.6052824
409,origin_clean,1,False,-3.0064092,0.21843897
410,origin_clean,1,False,-1.1412375,0.5313676
411,origin_clean,1,False,-0.45002738,0.47276676
412,origin_clean,1,False,-2.3035967,-0.27000296
413,origin_clean,1,False,-3.5332465,0.6696287
414,origin_clean,1,False,-1.4843085,0.50355804
415,origin_clean,1,False,-2.1355655,-1.1726863
416,origin_clean,1,False,-0.22934091,-0.3532427
417,origin_clean,1,False,-0.31232628,-0.98164344
418,origin_clean,1,False,-1.085477,-0.30628225
419,origin_clean,1,False,-2.1669683,-0.52944696
420,origin_clean,1,False,-4.3260336,1.0545455
421,origin_clean,1,False,-2.4125884,0.30243006
422,origin_clean,1,False,-1.2455864,0.033418816
423,origin_clean,1,False,-0.3280923,0.1473085
424,origin_clean,1,False,-2.6871715,0.53417003
425,origin_clean,1,False,-1.055048,0.048117787
426,origin_clean,1,False,0.48870444,-0.4688176
427,origin_clean,1,False,0.0057334453,-0.9128368
428,origin_clean,1,False,0.11711718,-0.63577867
429,origin_clean,1,False,-0.5764641,-1.462064
430,origin_clean,1,False,-1.0132048,-0.08076946
431,origin_clean,1,False,-1.2629318,-0.6877139
432,origin_clean,1,False,0.0018988065,-0.43862137
433,origin_clean,1,False,-0.036038734,-0.5488214
434,origin_clean,1,False,-4.6296606,0.44832426
435,origin_clean,1,False,-2.4391313,-0.1828877
436,origin_clean,1,False,-1.3619871,-0.5328789
437,origin_clean,1,False,-0.7350451,-0.530834
438,origin_clean,1,False,-1.1473334,-0.7517477
439,origin_clean,1,False,-0.96410257,-0.13064207
440,origin_clean,1,False,-0.119773075,-1.0590445
441,origin_clean,1,False,-0.30489495,-0.2431358
442,origin_clean,1,False,-4.8013196,0.707749
443,origin_clean,1,False,-1.658819,0.3173015
444,origin_clean,1,False,-0.18956895,-0.3936055
445,origin_clean,1,False,-2.3451843,0.2197426
446,origin_clean,1,False,0.7110691,-0.10953378
447,origin_clean,1,False,-1.5325243,0.34817287
448,origin_clean,1,False,-1.2649891,-0.92276657
449,origin_clean,1,False,-2.7531867,0.2246262
450,origin_clean,1,False,-3.631937,0.27540627
451,origin_clean,1,False,-1.3498325,-1.064954
452,origin_clean,1,False,0.0005625859,-1.394598
453,origin_clean,1,False,-2.13624,0.47333705
454,origin_clean,1,False,-1.6843402,-0.3592021
455,origin_clean,1,False,-2.8404832,0.28628963
456,origin_clean,1,False,-0.8849312,-1.2288611
457,origin_clean,1,False,-1.1280208,-0.6208546
458,origin_clean,1,False,-1.3610007,-1.153892
459,origin_clean,1,False,-1.8956301,-0.5382266
460,origin_clean,1,False,-1.6346551,-1.005955
461,origin_clean,1,False,-0.22784708,-0.6105446
462,origin_clean,1,False,-2.3578444,-0.28776658
463,origin_clean,1,False,-1.3097463,-0.4051222
464,origin_clean,1,False,-3.462648,0.13873287
465,origin_clean,1,False,-3.2912865,0.06641444
466,origin_clean,1,False,-0.27363795,0.08300769
467,origin_clean,1,False,-1.2147554,-0.5145234
468,origin_clean,1,False,-1.722136,0.07440505
469,origin_clean,1,False,-2.8104534,0.6419495
470,origin_clean,1,False,-0.4628284,-0.5627117
471,origin_clean,1,False,-2.0760045,0.18662813
472,origin_clean,1,False,-0.42268062,-0.19529012
473,origin_clean,1,False,-1.3559703,-0.16911831
474,origin_clean,1,False,-4.505391,0.16995509
475,origin_clean,1,False,-1.4869914,-0.94415164
476,origin_clean,1,False,-3.6404805,0.4966307
477,origin_clean,1,False,-1.1054957,0.84556735
478,origin_clean,1,False,-0.3851077,-1.729064
479,origin_clean,1,False,-3.1740398,0.9523034
480,origin_clean,1,False,-2.3504834,0.1185009
481,origin_clean,1,False,-1.7763453,0.084507026
482,origin_clean,1,False,-0.44291914,-0.8268124
483,origin_clean,1,False,-1.4807267,-0.34935057
484,origin_clean,1,False,-1.8423157,-0.04340198
485,origin_clean,1,False,-2.1614373,0.19105272
486,origin_clean,1,False,0.0027897991,-0.6305144
487,origin_clean,1,False,-1.6631062,-0.10944037
488,origin_clean,1,False,-2.8662972,0.053148814
489,origin_clean,1,False,-1.6107666,-0.090430684
490,origin_clean,1,False,-2.6870844,0.22986323
491,origin_clean,1,False,-2.5890388,-0.0031412765
492,origin_clean,1,False,-3.0097094,-0.62781656
493,origin_clean,1,False,-1.468628,0.013401367
494,origin_clean,1,False,-0.7484894,-0.16819543
495,origin_clean,1,False,-2.1468668,-0.014829285
496,origin_clean,1,False,-4.061979,0.8266052
497,origin_clean,1,False,-0.17432797,-0.8113779
498,origin_clean,1,False,-2.8538218,-0.017220736
499,origin_clean,1,False,-1.6578195,-1.1409901
500,origin_clean,1,False,-1.818968,0.3162662
501,origin_clean,1,False,0.28690547,-1.3514338
502,origin_clean,1,False,-1.2806864,-0.48520634
503,origin_clean,1,False,-2.016902,0.33713615
504,origin_clean,1,False,-1.5233719,-0.31615865
505,origin_clean,1,False,-2.9423904,0.48443085
506,origin_clean,1,False,-0.73937106,-0.7141941
507,origin_clean,1,False,-4.000062,0.7159051
508,origin_clean,1,False,-1.6832173,-0.16647251
509,origin_clean,1,False,-4.238762,0.8063519
510,origin_clean,1,False,-1.3663042,-1.0964907
511,origin_clean,1,False,-2.8373795,-0.5827513
0,origin_poisoned,0,False,-2.0628304,0.63998413
1,origin_poisoned,0,False,-2.1571426,0.7692882
2,origin_poisoned,0,False,-2.5574136,0.87293017
3,origin_poisoned,0,False,-2.4392447,0.6893079
4,origin_poisoned,0,False,-1.6153212,0.31970808
5,origin_poisoned,0,False,-1.6633352,0.55105156
6,origin_poisoned,0,False,-2.9389362,0.9290621
7,origin_poisoned,0,False,-1.9421992,0.20048043
8,origin_poisoned,0,False,-2.7639985,0.44611937
9,origin_poisoned,0,False,-1.7548356,0.22214781
10,origin_poisoned,0,False,-3.1912718,1.082149
11,origin_poisoned,0,False,-2.7241747,0.97820807
12,origin_poisoned,0,False,-1.7014422,-0.25896972
13,origin_poisoned,0,False,-2.9991658,1.2679479
14,origin_poisoned,0,False,-2.9411376,0.9405088
15,origin_poisoned,0,False,-2.1306734,0.22235592
16,origin_poisoned,0,False,-2.448556,1.1224535
17,origin_poisoned,0,False,-2.4309278,0.7922455
18,origin_poisoned,0,False,-1.9247863,0.4008519
19,origin_poisoned,0,False,-2.4382706,0.89465505
20,origin_poisoned,0,False,-2.8573444,0.6904733
21,origin_poisoned,0,False,-2.3884668,0.80483246
22,origin_poisoned,0,False,-2.502547,0.4762051
23,origin_poisoned,0,False,-2.425555,0.9135518
24,origin_poisoned,0,False,-2.7709014,0.66543245
25,origin_poisoned,0,False,-1.7545199,-0.0970321
26,origin_poisoned,0,False,-2.5859933,1.0394301
27,origin_poisoned,0,False,-2.8898122,0.7350683
28,origin_poisoned,0,False,-2.5361667,0.6423671
29,origin_poisoned,0,False,-2.316214,0.26249087
30,origin_poisoned,0,False,-2.8066127,0.946807
31,origin_poisoned,0,False,-1.4438221,0.44764847
32,origin_poisoned,0,False,-2.5884223,0.8191111
33,origin_poisoned,0,False,-1.9917963,0.3339662
34,origin_poisoned,0,False,-2.9198925,0.75508386
35,origin_poisoned,0,False,-2.1908488,0.52480716
36,origin_poisoned,0,False,-2.8297286,0.8243395
37,origin_poisoned,0,False,-2.6862962,0.80421185
38,origin_poisoned,0,False,-2.5517125,0.7671658
39,origin_poisoned,0,False,-2.5411034,0.40957773
40,origin_poisoned,0,False,-3.3731742,1.0365261
41,origin_poisoned,0,False,-2.5003116,0.5547616
42,origin_poisoned,0,False,-2.001912,0.47080898
43,origin_poisoned,0,False,-2.5699596,1.1166192
44,origin_poisoned,0,False,-1.4916029,0.2967075
45,origin_poisoned,0,False,-1.8361588,0.30716932
46,origin_poisoned,0,False,-2.7777715,1.2099643
47,origin_poisoned,0,False,-3.1357043,1.1131854
48,origin_poisoned,0,False,-2.045817,-0.010702744
49,origin_poisoned,0,False,-3.531213,1.0858161
50,origin_poisoned,0,False,-2.3514495,0.56165636
51,origin_poisoned,0,False,-2.6696181,1.1736163
52,origin_poisoned,0,False,-2.4427514,0.89254653
53,origin_poisoned,0,False,-2.774179,0.8321098
54,origin_poisoned,0,False,-2.3815794,0.72578865
55,origin_poisoned,0,False,-2.928073,0.9117815
56,origin_poisoned,0,False,-1.938012,0.76914024
57,origin_poisoned,0,False,-2.4652534,0.9135208
58,origin_poisoned,0,False,-2.3494756,0.84624577
59,origin_poisoned,0,False,-2.6831095,1.2366993
60,origin_poisoned,0,False,-2.95941,1.0063202
61,origin_poisoned,0,False,-2.5626283,0.7656073
62,origin_poisoned,0,False,-3.0983326,0.98256063
63,origin_poisoned,0,False,-2.0804791,0.3589444
64,origin_poisoned,0,False,-2.1500704,0.08447787
65,origin_poisoned,0,False,-2.0131953,0.6710531
66,origin_poisoned,0,False,-3.4235933,0.909408
67,origin_poisoned,0,False,-2.85879,0.74345714
68,origin_poisoned,0,False,-2.4148908,0.7186011
69,origin_poisoned,0,False,-2.579152,0.7317694
70,origin_poisoned,0,False,-2.9276333,1.3100502
71,origin_poisoned,0,False,-2.5478694,0.89117754
72,origin_poisoned,0,False,-2.2170029,0.17082883
73,origin_poisoned,0,False,-1.7525904,0.66871154
74,origin_poisoned,0,False,-2.8826065,0.9260961
75,origin_poisoned,0,False,-3.3767028,1.2831078
76,origin_poisoned,0,False,-2.5941725,0.30259824
77,origin_poisoned,0,False,-2.6936681,0.5047443
78,origin_poisoned,0,False,-2.125631,0.32588464
79,origin_poisoned,0,False,-2.5129313,0.25932142
80,origin_poisoned,0,False,-2.7468672,0.38792193
81,origin_poisoned,0,False,-2.602169,0.63677
82,origin_poisoned,0,False,-3.195606,1.2067485
83,origin_poisoned,0,False,-3.406485,0.8419646
84,origin_poisoned,0,False,-3.507928,1.2149574
85,origin_poisoned,0,False,-2.3824196,0.24957342
86,origin_poisoned,0,False,-1.9874439,0.5579257
87,origin_poisoned,0,False,-2.21033,0.51490915
88,origin_poisoned,0,False,-2.8475337,0.76152885
89,origin_poisoned,0,False,-3.183708,1.2510172
90,origin_poisoned,0,False,-3.8301375,1.3944018
91,origin_poisoned,0,False,-2.308288,0.6689651
92,origin_poisoned,0,False,-3.22334,1.2183292
93,origin_poisoned,0,False,-3.0790577,1.4037027
94,origin_poisoned,0,False,-3.0764308,1.0702621
95,origin_poisoned,0,False,-2.5037823,0.50628054
96,origin_poisoned,0,False,-3.0788622,0.6651786
97,origin_poisoned,0,False,-2.4509304,0.7062048
98,origin_poisoned,0,False,-2.4547198,0.8458845
99,origin_poisoned,0,False,-1.714565,0.058345564
100,origin_poisoned,0,False,-1.9458992,0.653353
101,origin_poisoned,0,False,-3.1887693,1.4142997
102,origin_poisoned,0,False,-2.6659353,1.0005444
103,origin_poisoned,0,False,-2.3755925,0.6774758
104,origin_poisoned,0,False,-2.3000443,0.49865198
105,origin_poisoned,0,False,-2.4567108,0.6127283
106,origin_poisoned,0,False,-2.5676177,0.94611335
107,origin_poisoned,0,False,-1.852699,0.47130007
108,origin_poisoned,0,False,-3.402182,0.9797802
109,origin_poisoned,0,False,-3.0535126,1.1341376
110,origin_poisoned,0,False,-2.2199302,0.334145
111,origin_poisoned,0,False,-3.3840141,1.399408
112,origin_poisoned,0,False,-3.2233891,1.2152774
113,origin_poisoned,0,False,-3.4373128,1.2786751
114,origin_poisoned,0,False,-2.672411,0.9911275
115,origin_poisoned,0,False,-2.879264,0.68496317
116,origin_poisoned,0,False,-3.333137,0.8786489
117,origin_poisoned,0,False,-3.1789837,1.1132059
118,origin_poisoned,0,False,-2.1611605,0.5760163
119,origin_poisoned,0,False,-2.67482,1.02974
120,origin_poisoned,0,False,-2.2079911,0.577307
121,origin_poisoned,0,False,-1.9502437,0.4138973
122,origin_poisoned,0,False,-2.6311574,1.074487
123,origin_poisoned,0,False,-2.9649043,0.9993095
124,origin_poisoned,0,False,-2.2538018,0.27112296
125,origin_poisoned,0,False,-1.977762,0.3163593
126,origin_poisoned,0,False,-2.563236,0.351869
127,origin_poisoned,0,False,-2.6937904,0.9413461
128,origin_poisoned,0,False,-2.4037066,0.57997644
129,origin_poisoned,0,False,-2.1818116,0.70578516
130,origin_poisoned,0,False,-2.2157698,0.23572484
131,origin_poisoned,0,False,-2.044484,0.41642383
132,origin_poisoned,0,False,-0.8729947,0.2333082
133,origin_poisoned,0,False,-2.83107,1.1236651
134,origin_poisoned,0,False,-2.7399821,0.97792053
135,origin_poisoned,0,False,-2.711716,0.717993
136,origin_poisoned,0,False,-2.8063996,0.30953473
137,origin_poisoned,0,False,-1.1671394,-0.10611476
138,origin_poisoned,0,False,-2.6675398,0.25862473
139,origin_poisoned,0,False,-2.4709995,0.43073165
140,origin_poisoned,0,False,-2.4270818,0.63008404
141,origin_poisoned,0,False,-2.9426131,0.86431324
142,origin_poisoned,0,False,-2.0445707,-0.07526672
143,origin_poisoned,0,False,-2.1806984,0.5744549
144,origin_poisoned,0,False,-2.9946222,0.962225
145,origin_poisoned,0,False,-2.6775837,1.0104547
146,origin_poisoned,0,False,-2.6473799,1.0545646
147,origin_poisoned,0,False,-2.353497,0.80645746
148,origin_poisoned,0,False,-3.499088,1.4533204
149,origin_poisoned,0,False,-2.5292487,0.8863069
150,origin_poisoned,0,False,-3.3124056,1.0380611
151,origin_poisoned,0,False,-2.6106539,1.2490286
152,origin_poisoned,0,False,-2.201043,0.8369343
153,origin_poisoned,0,False,-1.954448,0.9298332
154,origin_poisoned,0,False,-2.580129,0.75037533
155,origin_poisoned,0,False,-2.1369834,0.74761283
156,origin_poisoned,0,False,-3.11415,1.2363874
157,origin_poisoned,0,False,-2.1227255,0.48518944
158,origin_poisoned,0,False,-1.7646329,0.30949688
159,origin_poisoned,0,False,-1.3599236,0.1084076
160,origin_poisoned,0,False,-3.2042437,1.1857637
161,origin_poisoned,0,False,-3.4045835,1.0914557
162,origin_poisoned,0,False,-2.715633,0.87159634
163,origin_poisoned,0,False,-2.077243,0.35358286
164,origin_poisoned,0,False,-2.6367393,0.79308975
165,origin_poisoned,0,False,-2.6894598,0.8040798
166,origin_poisoned,0,False,-2.7421596,1.303844
167,origin_poisoned,0,False,-2.7845552,0.92876494
168,origin_poisoned,0,False,-2.9778936,0.87316006
169,origin_poisoned,0,False,-1.046795,-0.255476
170,origin_poisoned,0,False,-2.7691355,0.9266771
171,origin_poisoned,0,False,-2.6697543,1.1187427
172,origin_poisoned,0,False,-1.9241374,0.34020102
173,origin_poisoned,0,False,-1.8867992,0.24630764
174,origin_poisoned,0,False,-2.7323666,1.2544458
175,origin_poisoned,0,False,-3.183637,1.0098151
176,origin_poisoned,0,False,-2.1904902,0.8479924
177,origin_poisoned,0,False,-1.9888093,0.6516347
178,origin_poisoned,0,False,-1.7489913,0.26070493
179,origin_poisoned,0,False,-2.3429365,0.7598337
180,origin_poisoned,0,False,-2.3290577,0.74807453
181,origin_poisoned,0,False,-2.7407012,0.94161224
182,origin_poisoned,0,False,-2.2002785,0.4579085
183,origin_poisoned,0,False,-2.6596212,0.47045302
184,origin_poisoned,0,False,-2.9945946,0.8895761
185,origin_poisoned,0,False,-3.530611,1.3828657
186,origin_poisoned,0,False,-2.9274373,0.6728708
187,origin_poisoned,0,False,-2.9414926,1.0242301
188,origin_poisoned,0,False,-1.8809203,0.52122283
189,origin_poisoned,0,False,-2.04108,0.25173366
190,origin_poisoned,0,False,-2.5937674,0.8373708
191,origin_poisoned,0,False,-2.532288,0.23006931
192,origin_poisoned,0,False,-2.265211,0.52418965
193,origin_poisoned,0,False,-1.8512244,0.06368123
194,origin_poisoned,0,False,-3.500039,0.8768054
195,origin_poisoned,0,False,-3.0440617,0.9296887
196,origin_poisoned,0,False,-2.8535295,0.8532384
197,origin_poisoned,0,False,-2.1320312,0.49194807
198,origin_poisoned,0,False,-2.4721618,0.4703747
199,origin_poisoned,0,False,-1.8107777,0.43799028
200,origin_poisoned,0,False,-3.1790662,1.3722826
201,origin_poisoned,0,False,-2.1307998,0.8027226
202,origin_poisoned,0,False,-3.4690332,1.3012713
203,origin_poisoned,0,False,-2.0426898,0.35049146
204,origin_poisoned,0,False,-2.459761,0.6436318
205,origin_poisoned,0,False,-2.526095,0.7050208
206,origin_poisoned,0,False,-3.2392128,1.2112112
207,origin_poisoned,0,False,-2.702251,0.89096427
208,origin_poisoned,0,False,-2.3353393,0.5665264
209,origin_poisoned,0,False,-2.4648733,0.678658
210,origin_poisoned,0,False,-2.1788964,0.9052373
211,origin_poisoned,0,False,-3.219219,1.1394842
212,origin_poisoned,0,False,-3.113381,1.1102997
213,origin_poisoned,0,False,-2.9230409,0.9827783
214,origin_poisoned,0,False,-2.2076745,1.0308225
215,origin_poisoned,0,False,-1.891099,0.58682567
216,origin_poisoned,0,False,-3.0977669,0.99661976
217,origin_poisoned,0,False,-3.1776009,0.03801783
218,origin_poisoned,0,False,-3.1130457,1.186338
219,origin_poisoned,0,False,-2.7622833,0.6871662
220,origin_poisoned,0,False,-2.5430036,0.6071587
221,origin_poisoned,0,False,-1.553579,0.005608864
222,origin_poisoned,0,False,-2.5132573,0.78095984
223,origin_poisoned,0,False,-2.332113,0.16659136
224,origin_poisoned,0,False,-2.8412004,0.995165
225,origin_poisoned,0,False,-2.4130993,0.8643303
226,origin_poisoned,0,False,-2.8808136,1.2419902
227,origin_poisoned,0,False,-2.7922077,0.6747854
228,origin_poisoned,0,False,-2.9452586,0.6570544
229,origin_poisoned,0,False,-1.3115895,-0.20665956
230,origin_poisoned,0,False,-2.2755294,-0.1567247
231,origin_poisoned,0,False,-3.536694,1.2506652
232,origin_poisoned,0,False,-2.5800333,0.87311643
233,origin_poisoned,0,False,-1.924453,0.834481
234,origin_poisoned,0,False,-1.7655051,0.62732565
235,origin_poisoned,0,False,-1.7755977,0.3348596
236,origin_poisoned,0,False,-2.3475704,1.0978156
237,origin_poisoned,0,False,-2.397271,0.61409426
238,origin_poisoned,0,False,-2.6233761,1.237085
239,origin_poisoned,0,False,-3.8578608,1.0814948
240,origin_poisoned,0,False,-2.8535037,1.210428
241,origin_poisoned,0,False,-2.587652,0.9401046
242,origin_poisoned,0,False,-3.4251103,1.2926633
243,origin_poisoned,0,False,-3.5352488,1.4503646
244,origin_poisoned,0,False,-2.9694002,1.3435614
245,origin_poisoned,0,False,-2.8559546,1.2220272
246,origin_poisoned,0,False,-2.788633,1.0548372
247,origin_poisoned,0,False,-2.3628678,0.6249222
248,origin_poisoned,0,False,-2.0338452,-0.10247381
249,origin_poisoned,0,False,-2.5629601,0.7039807
250,origin_poisoned,0,False,-2.7310877,1.2273512
251,origin_poisoned,0,False,-3.3547893,1.3474972
252,origin_poisoned,0,False,-3.0147197,0.9742267
253,origin_poisoned,0,False,-2.3065917,0.4911829
254,origin_poisoned,0,False,-2.8576593,1.1084294
255,origin_poisoned,0,False,-2.856875,1.0888191
256,origin_poisoned,0,False,-1.5378914,0.34144652
257,origin_poisoned,0,False,-3.44743,1.1302286
258,origin_poisoned,0,False,-3.0139797,0.54622716
259,origin_poisoned,0,False,-2.8214965,0.60399735
260,origin_poisoned,0,False,-2.9754949,1.2169302
261,origin_poisoned,0,False,-2.5507035,0.6701324
262,origin_poisoned,0,False,-2.9752545,0.6057592
263,origin_poisoned,0,False,-3.4173265,1.341551
264,origin_poisoned,0,False,-1.6113372,-0.0274515
265,origin_poisoned,0,False,-2.1891463,0.55038106
266,origin_poisoned,0,False,-2.3387098,-0.27390307
267,origin_poisoned,0,False,-3.241197,0.76496756
268,origin_poisoned,0,False,-2.3981347,0.64097106
269,origin_poisoned,0,False,-3.2030816,1.2815753
270,origin_poisoned,0,False,-2.9609141,0.75464505
271,origin_poisoned,0,False,-2.6830478,0.81536233
272,origin_poisoned,0,False,-2.4075668,0.84221566
273,origin_poisoned,0,False,-3.6181698,1.2172627
274,origin_poisoned,0,False,-1.5760071,0.05263996
275,origin_poisoned,0,False,-2.2448094,0.7517582
276,origin_poisoned,0,False,-1.2844651,0.08512204
277,origin_poisoned,0,False,-2.9288425,1.2054431
278,origin_poisoned,0,False,-3.182228,1.0511893
279,origin_poisoned,0,False,-2.4947755,0.92953277
280,origin_poisoned,0,False,-1.7134947,0.6808588
281,origin_poisoned,0,False,-2.3123999,0.70402306
282,origin_poisoned,0,False,-3.0572631,0.6969072
283,origin_poisoned,0,False,-1.8083726,0.3333463
284,origin_poisoned,0,False,-2.8545723,0.8154875
285,origin_poisoned,0,False,-2.8581085,0.6849952
286,origin_poisoned,0,False,-2.7244709,0.9779391
287,origin_poisoned,0,False,-2.7766194,0.26120755
288,origin_poisoned,0,False,-3.042224,1.0905544
289,origin_poisoned,0,False,-1.9287374,0.41198063
290,origin_poisoned,0,False,-3.2296743,0.91112614
291,origin_poisoned,0,False,-3.5518236,0.9671053
292,origin_poisoned,0,False,-1.912236,0.72891545
293,origin_poisoned,0,False,-1.9031,0.76691455
294,origin_poisoned,0,False,-2.138272,0.59668183
295,origin_poisoned,0,False,-2.6232393,0.7017447
296,origin_poisoned,0,False,-2.98743,0.6992524
297,origin_poisoned,0,False,-3.73651,1.144738
298,origin_poisoned,0,False,-2.1070976,0.7649996
299,origin_poisoned,0,False,-2.7029738,0.8558166
300,origin_poisoned,0,False,-1.6620702,0.20484641
301,origin_poisoned,0,False,-2.2770603,0.7200966
302,origin_poisoned,0,False,-1.5634046,0.47795537
303,origin_poisoned,0,False,-1.2242624,-0.25985044
304,origin_poisoned,0,False,-2.4511013,0.88686943
305,origin_poisoned,0,False,-3.1337605,1.2438712
306,origin_poisoned,0,False,-1.5853171,0.38999277
307,origin_poisoned,0,False,-3.1783395,1.136575
308,origin_poisoned,0,False,-1.9742894,0.5906943
309,origin_poisoned,0,False,-2.6708953,0.74517894
310,origin_poisoned,0,False,-2.1404748,0.77406883
311,origin_poisoned,0,False,-2.7837563,1.0727776
312,origin_poisoned,0,False,-1.9341165,0.30879176
313,origin_poisoned,0,False,-2.6985655,0.4799704
314,origin_poisoned,0,False,-2.3175879,1.0532174
315,origin_poisoned,0,False,-2.4506826,0.8450978
316,origin_poisoned,0,False,-3.0035145,0.8616786
317,origin_poisoned,0,False,-2.6955051,0.7853702
318,origin_poisoned,0,False,-2.7713733,1.1616186
319,origin_poisoned,0,False,-2.8739574,1.0249753
320,origin_poisoned,0,False,-3.035387,1.1170373
321,origin_poisoned,0,False,-1.5988673,0.36679798
322,origin_poisoned,0,False,-3.014001,0.88748324
323,origin_poisoned,0,False,-2.4511056,0.41851842
324,origin_poisoned,0,False,-2.3995543,0.5797323
325,origin_poisoned,0,False,-1.6975822,-0.40495434
326,origin_poisoned,0,False,-2.7152612,1.0917442
327,origin_poisoned,0,False,-2.630237,1.2022338
328,origin_poisoned,0,False,-3.0566106,1.3559356
329,origin_poisoned,0,False,-2.137435,0.7206184
330,origin_poisoned,0,False,-2.624967,0.93961406
331,origin_poisoned,0,False,-2.8039474,0.7464186
332,origin_poisoned,0,False,-1.6546527,0.2871116
333,origin_poisoned,0,False,-2.155777,0.34664136
334,origin_poisoned,0,False,-3.182839,0.686677
335,origin_poisoned,0,False,-2.213793,0.28300658
336,origin_poisoned,0,False,-2.3119159,0.57085943
337,origin_poisoned,0,False,-2.2016344,0.85449934
338,origin_poisoned,0,False,-3.3691432,1.4308968
339,origin_poisoned,0,False,-2.6681776,0.59332246
340,origin_poisoned,0,False,-2.919615,1.4094639
341,origin_poisoned,0,False,-2.3070374,0.49764055
342,origin_poisoned,0,False,-2.481358,0.94588816
343,origin_poisoned,0,False,-2.2475939,1.0144045
344,origin_poisoned,0,False,-2.433295,0.8322106
345,origin_poisoned,0,False,-1.8745377,0.47168642
346,origin_poisoned,0,False,-2.9761539,1.1191747
347,origin_poisoned,0,False,-2.138566,0.37872657
348,origin_poisoned,0,False,-2.801412,0.873397
349,origin_poisoned,0,False,-2.1791544,0.8872745
350,origin_poisoned,0,False,-3.0112448,0.85081077
351,origin_poisoned,0,False,-2.1006246,0.81512
352,origin_poisoned,0,False,-2.0233092,0.6133836
353,origin_poisoned,0,False,-2.1352396,0.6268369
354,origin_poisoned,0,False,-2.5251136,0.87625456
355,origin_poisoned,0,False,-3.1918068,1.0677184
356,origin_poisoned,0,False,-2.4459698,0.70615065
357,origin_poisoned,0,False,-2.826343,0.7811465
358,origin_poisoned,0,False,-2.7917807,0.46195114
359,origin_poisoned,0,False,-3.2535558,0.7810625
360,origin_poisoned,0,False,-3.076594,1.1467394
361,origin_poisoned,0,False,-2.3525164,0.38420963
362,origin_poisoned,0,False,-3.3998127,1.0877976
363,origin_poisoned,0,False,-3.1558557,1.2655723
364,origin_poisoned,0,False,-2.0077126,0.2702093
365,origin_poisoned,0,False,-3.40929,1.0835752
366,origin_poisoned,0,False,-3.2416825,1.0827776
367,origin_poisoned,0,False,-1.1388669,0.5471361
368,origin_poisoned,0,False,-2.628605,1.048697
369,origin_poisoned,0,False,-2.96546,0.933766
370,origin_poisoned,0,False,-3.0307631,1.1309541
371,origin_poisoned,0,False,-2.6382458,1.0735812
372,origin_poisoned,0,False,-1.4233665,-0.062323555
373,origin_poisoned,0,False,-1.8362914,-0.077488616
374,origin_poisoned,0,False,-2.2421787,0.6575198
375,origin_poisoned,0,False,-2.4875646,0.86625075
376,origin_poisoned,0,False,-3.1645966,0.96635765
377,origin_poisoned,0,False,-1.3929889,-0.36556727
378,origin_poisoned,0,False,-2.4505663,0.8470469
379,origin_poisoned,0,False,-2.7712545,0.8644427
380,origin_poisoned,0,False,-2.2684112,0.6072176
381,origin_poisoned,0,False,-2.911231,1.1015017
382,origin_poisoned,0,False,-2.8118696,0.93407357
383,origin_poisoned,0,False,-1.950278,0.48175013
384,origin_poisoned,0,False,-3.9726942,1.350826
385,origin_poisoned,0,False,-1.9302921,0.62152976
386,origin_poisoned,0,False,-2.5482225,0.5219047
387,origin_poisoned,1,False,-3.8568475,1.0346773
388,origin_poisoned,1,False,-3.1597798,1.0606977
389,origin_poisoned,1,False,-3.3358126,1.4020792
390,origin_poisoned,1,False,-2.9282968,1.2370425
391,origin_poisoned,1,False,-2.7887182,1.2312503
392,origin_poisoned,1,False,-3.6450434,1.5424099
393,origin_poisoned,1,False,-3.3754776,1.4458215
394,origin_poisoned,1,False,-2.0685067,1.0610592
395,origin_poisoned,1,False,-2.1020737,0.83878314
396,origin_poisoned,1,False,-3.9903984,1.5864599
397,origin_poisoned,1,False,-3.0645742,0.77323174
398,origin_poisoned,1,False,-3.4610662,1.0775667
399,origin_poisoned,1,False,-3.4199536,1.5017327
400,origin_poisoned,1,False,-3.8308568,1.4524155
401,origin_poisoned,1,False,-3.6626737,1.2235837
402,origin_poisoned,1,False,-3.7610273,1.5820582
403,origin_poisoned,1,False,-3.4008307,1.3195207
404,origin_poisoned,1,False,-3.7926493,1.4194039
405,origin_poisoned,1,False,-3.2134256,1.4306581
406,origin_poisoned,1,False,-2.7448096,1.1823018
407,origin_poisoned,1,False,-4.3334713,1.4304919
408,origin_poisoned,1,False,-2.526256,0.5619508
409,origin_poisoned,1,False,-4.1700754,1.6265787
410,origin_poisoned,1,False,-3.1099045,1.4441559
411,origin_poisoned,1,False,-3.221645,1.4370725
412,origin_poisoned,1,False,-3.5382485,0.95635796
413,origin_poisoned,1,False,-3.8475318,1.3209484
414,origin_poisoned,1,False,-4.116918,1.6103859
415,origin_poisoned,1,False,-2.3088288,0.62324595
416,origin_poisoned,1,False,-2.0700634,0.71623933
417,origin_poisoned,1,False,-2.5951095,0.78120023
418,origin_poisoned,1,False,-2.7961283,0.8774756
419,origin_poisoned,1,False,-3.5559864,1.374434
420,origin_poisoned,1,False,-3.6534066,1.2575724
421,origin_poisoned,1,False,-3.5481079,1.2199802
422,origin_poisoned,1,False,-3.353122,1.4315176
423,origin_poisoned,1,False,-2.1960607,1.1522226
424,origin_poisoned,1,False,-3.546,1.4278598
425,origin_poisoned,1,False,-2.7791224,1.2795744
426,origin_poisoned,1,False,-3.4065952,1.4212315
427,origin_poisoned,1,False,-1.8572274,0.5434803
428,origin_poisoned,1,False,-2.1420596,0.76349497
429,origin_poisoned,1,False,-2.0643024,0.30113494
430,origin_poisoned,1,False,-3.0646467,1.3693055
431,origin_poisoned,1,False,-1.5088717,0.1250916
432,origin_poisoned,1,False,-3.2428951,1.1158762
433,origin_poisoned,1,False,-2.0806346,0.51854
434,origin_poisoned,1,False,-4.2623196,1.5166932
435,origin_poisoned,1,False,-3.3825207,0.8623495
436,origin_poisoned,1,False,-3.344929,0.8624454
437,origin_poisoned,1,False,-2.4038873,0.9457599
438,origin_poisoned,1,False,-3.7221038,1.2897134
439,origin_poisoned,1,False,-3.0452428,1.0442812
440,origin_poisoned,1,False,-2.2892451,0.5698229
441,origin_poisoned,1,False,-3.7600183,1.5616927
442,origin_poisoned,1,False,-5.0943303,1.6830561
443,origin_poisoned,1,False,-3.7355957,1.449511
444,origin_poisoned,1,False,-2.910483,1.2290169
445,origin_poisoned,1,False,-4.499401,1.6824778
446,origin_poisoned,1,False,-1.5673205,0.8098166
447,origin_poisoned,1,False,-3.8194733,1.4890883
448,origin_poisoned,1,False,-2.6954873,0.8759778
449,origin_poisoned,1,False,-3.7583976,1.4638371
450,origin_poisoned,1,False,-3.7339444,1.4266968
451,origin_poisoned,1,False,-2.4524798,0.5788709
452,origin_poisoned,1,False,-2.2238662,0.8466977
453,origin_poisoned,1,False,-3.1143901,1.1466362
454,origin_poisoned,1,False,-2.8561606,1.1012698
455,origin_poisoned,1,False,-3.3816385,1.3023272
456,origin_poisoned,1,False,-2.0912519,0.7200773
457,origin_poisoned,1,False,-4.2018113,1.5978432
458,origin_poisoned,1,False,-3.14818,1.1261841
459,origin_poisoned,1,False,-2.6807854,1.0004218
460,origin_poisoned,1,False,-3.7774103,1.4227196
461,origin_poisoned,1,False,-2.8269346,1.1246119
462,origin_poisoned,1,False,-3.1686246,1.244787
463,origin_poisoned,1,False,-3.2900896,1.3634647
464,origin_poisoned,1,False,-3.926553,1.3307989
465,origin_poisoned,1,False,-3.280857,1.0047
466,origin_poisoned,1,False,-1.1209822,0.49313477
467,origin_poisoned,1,False,-1.9479685,0.49465942
468,origin_poisoned,1,False,-3.7570057,1.5930284
469,origin_poisoned,1,False,-4.46284,1.7023838
470,origin_poisoned,1,False,-2.6875196,0.90958154
471,origin_poisoned,1,False,-4.6611795,1.7357358
472,origin_poisoned,1,False,-3.1109087,1.1451448
473,origin_poisoned,1,False,-3.1947865,1.2806147
474,origin_poisoned,1,False,-4.4420385,1.4082788
475,origin_poisoned,1,False,-2.490971,0.71205467
476,origin_poisoned,1,False,-3.5852635,1.1079618
477,origin_poisoned,1,False,-3.780994,1.6077046
478,origin_poisoned,1,False,-2.8859358,0.9831705
479,origin_poisoned,1,False,-4.155942,1.6140966
480,origin_poisoned,1,False,-4.044902,1.4260634
481,origin_poisoned,1,False,-3.5249782,1.4348872
482,origin_poisoned,1,False,-3.2103405,1.3407264
483,origin_poisoned,1,False,-2.913383,0.75811255
484,origin_poisoned,1,False,-3.4666896,1.2929475
485,origin_poisoned,1,False,-4.689006,1.5286579
486,origin_poisoned,1,False,-2.2975159,0.8481966
487,origin_poisoned,1,False,-3.808352,1.3968483
488,origin_poisoned,1,False,-2.5929127,0.8274492
489,origin_poisoned,1,False,-3.6645741,1.5062112
490,origin_poisoned,1,False,-3.4710948,1.4885504
491,origin_poisoned,1,False,-3.7045703,1.4449009
492,origin_poisoned,1,False,-3.003643,1.1130685
493,origin_poisoned,1,False,-3.4777374,1.3944917
494,origin_poisoned,1,False,-2.945907,1.4037702
495,origin_poisoned,1,False,-3.789875,1.3611637
496,origin_poisoned,1,False,-3.5169802,1.4378238
497,origin_poisoned,1,False,-1.938148,0.672596
498,origin_poisoned,1,False,-2.8117213,1.0134132
499,origin_poisoned,1,False,-2.614633,0.8186507
500,origin_poisoned,1,False,-2.840036,1.1938095
501,origin_poisoned,1,False,-2.416391,1.0680561
502,origin_poisoned,1,False,-3.4379787,1.2007371
503,origin_poisoned,1,False,-3.86405,1.4256954
504,origin_poisoned,1,False,-3.2928932,1.2289324
505,origin_poisoned,1,False,-3.3548617,1.2480621
506,origin_poisoned,1,False,-3.0239806,1.1588721
507,origin_poisoned,1,False,-3.7888386,1.5786154
508,origin_poisoned,1,False,-2.1561742,0.6448425
509,origin_poisoned,1,False,-4.9817963,1.7988951
510,origin_poisoned,1,False,-3.0578654,0.94120675
511,origin_poisoned,1,False,-3.9214244,1.3417184
0,degradation_poisoned,0,False,0.06910493,0.36511517
1,degradation_poisoned,0,False,-0.29559422,0.5163744
2,degradation_poisoned,0,False,-0.18754528,0.5473983
3,degradation_poisoned,0,False,-0.25562352,0.45632118
4,degradation_poisoned,0,False,-0.22522695,-0.029027577
5,degradation_poisoned,0,False,-0.15937924,0.1998699
6,degradation_poisoned,0,False,-0.13804536,0.23593555
7,degradation_poisoned,0,False,-0.30548605,0.013336033
8,degradation_poisoned,0,False,-0.7903503,-0.43038258
9,degradation_poisoned,0,False,0.049714893,-0.022663597
10,degradation_poisoned,0,False,-0.46806937,0.042871457
11,degradation_poisoned,0,False,-0.14771087,0.70571303
12,degradation_poisoned,0,False,-0.3281196,-1.5507222
13,degradation_poisoned,0,False,-0.2020194,0.67543447
14,degradation_poisoned,0,False,-0.52274346,0.0063329414
15,degradation_poisoned,0,False,-0.5109398,-0.46314257
16,degradation_poisoned,0,False,-0.4706337,0.74581146
17,degradation_poisoned,0,False,-0.50568414,0.23027961
18,degradation_poisoned,0,False,-0.14881001,0.03970488
19,degradation_poisoned,0,False,-0.1331283,0.51731646
20,degradation_poisoned,0,False,-0.37111098,0.37287492
21,degradation_poisoned,0,False,-0.301348,0.51021343
22,degradation_poisoned,0,False,-0.3801235,0.08937584
23,degradation_poisoned,0,False,-0.4946723,0.36188403
24,degradation_poisoned,0,False,-0.73952806,-0.35881662
25,degradation_poisoned,0,False,0.0074047595,-0.8344278
26,degradation_poisoned,0,False,0.06965251,0.6644418
27,degradation_poisoned,0,False,-0.64032036,-0.20242515
28,degradation_poisoned,0,False,-0.38676184,0.14183137
29,degradation_poisoned,0,False,-0.5168133,-0.3711623
30,degradation_poisoned,0,False,-0.5156739,-0.101287924
31,degradation_poisoned,0,False,0.007410664,0.15449741
32,degradation_poisoned,0,False,-0.23884487,0.43019676
33,degradation_poisoned,0,False,-0.2538402,-0.10991357
34,degradation_poisoned,0,False,-0.98825866,0.020469923
35,degradation_poisoned,0,False,-0.24853253,0.32631028
36,degradation_poisoned,0,False,-0.0953639,0.009381827
37,degradation_poisoned,0,False,-0.45703205,-0.06807877
38,degradation_poisoned,0,False,-0.34479883,0.37161908
39,degradation_poisoned,0,False,-0.69011444,-0.13066089
40,degradation_poisoned,0,False,-0.34017572,0.522211
41,degradation_poisoned,0,False,-0.66962594,-0.103837945
42,degradation_poisoned,0,False,-0.18990836,-0.04520012
43,degradation_poisoned,0,False,-0.3881222,0.8451966
44,degradation_poisoned,0,False,-0.2678959,0.11587417
45,degradation_poisoned,0,False,-0.16919066,0.07407642
46,degradation_poisoned,0,False,-0.26161385,0.6538794
47,degradation_poisoned,0,False,-0.30037752,0.53160053
48,degradation_poisoned,0,False,-0.07608113,-0.40725437
49,degradation_poisoned,0,False,-0.47603488,-0.086231984
50,degradation_poisoned,0,False,-0.49751332,-0.006823808
51,degradation_poisoned,0,False,-0.32956147,0.7490361
52,degradation_poisoned,0,False,-0.45306307,0.4648933
53,degradation_poisoned,0,False,-0.16132018,0.16254333
54,degradation_poisoned,0,False,-0.20665553,0.19388998
55,degradation_poisoned,0,False,-0.3472807,-0.01551841
56,degradation_poisoned,0,False,0.08712791,0.592474
57,degradation_poisoned,0,False,-0.21172434,0.6061447
58,degradation_poisoned,0,False,-0.50365746,0.6079163
59,degradation_poisoned,0,False,-0.0028591994,0.99575466
60,degradation_poisoned,0,False,-0.37095186,0.2129102
61,degradation_poisoned,0,False,-0.5465717,0.059671022
62,degradation_poisoned,0,False,-0.66159153,0.40813604
63,degradation_poisoned,0,False,-0.053066276,0.39525545
64,degradation_poisoned,0,False,-0.16081843,-0.42329943
65,degradation_poisoned,0,False,-0.039332926,0.51297534
66,degradation_poisoned,0,False,-0.47615087,-0.17340648
67,degradation_poisoned,0,False,-0.85917693,-0.22600868
68,degradation_poisoned,0,False,0.030041441,0.35336173
69,degradation_poisoned,0,False,-0.17332377,0.34803137
70,degradation_poisoned,0,False,-0.3994666,0.5830952
71,degradation_poisoned,0,False,-0.29996273,0.23403534
72,degradation_poisoned,0,False,-0.29264992,-0.3807091
73,degradation_poisoned,0,False,-0.030366842,0.53790104
74,degradation_poisoned,0,False,-0.119030625,0.3771839
75,degradation_poisoned,0,False,-0.47255677,0.42227626
76,degradation_poisoned,0,False,-0.4383115,-0.54920924
77,degradation_poisoned,0,False,-0.111215234,0.14276156
78,degradation_poisoned,0,False,-0.18176293,-0.51415074
79,degradation_poisoned,0,False,-0.11136155,-0.32883957
80,degradation_poisoned,0,False,-0.8162669,-0.642177
81,degradation_poisoned,0,False,-0.11997368,0.22740543
82,degradation_poisoned,0,False,0.008906042,0.023424787
83,degradation_poisoned,0,False,-0.33337528,0.1888062
84,degradation_poisoned,0,False,-1.0480444,0.26113695
85,degradation_poisoned,0,False,-0.39236808,-0.5418298
86,degradation_poisoned,0,False,-0.10524479,0.42700177
87,degradation_poisoned,0,False,-0.25144157,-0.0650734
88,degradation_poisoned,0,False,-0.4457385,-0.3955562
89,degradation_poisoned,0,False,-0.4348814,0.69607055
90,degradation_poisoned,0,False,-0.23465428,0.74758273
91,degradation_poisoned,0,False,-0.39599687,0.23489942
92,degradation_poisoned,0,False,-0.49234265,0.6418217
93,degradation_poisoned,0,False,-0.008547971,0.9875798
94,degradation_poisoned,0,False,-0.34205183,0.46131694
95,degradation_poisoned,0,False,-0.6595008,0.00069881603
96,degradation_poisoned,0,False,-0.6999731,-0.106670596
97,degradation_poisoned,0,False,-0.21973164,0.6111813
98,degradation_poisoned,0,False,-0.3083096,0.5669365
99,degradation_poisoned,0,False,-0.36781967,-0.2604913
100,degradation_poisoned,0,False,-0.18195836,0.34091538
101,degradation_poisoned,0,False,-0.5295154,0.78688514
102,degradation_poisoned,0,False,-0.14076383,0.3641646
103,degradation_poisoned,0,False,-0.33316243,0.2042486
104,degradation_poisoned,0,False,-0.31381127,-0.041683216
105,degradation_poisoned,0,False,-0.5690288,0.068213694
106,degradation_poisoned,0,False,-0.3723886,0.42069063
107,degradation_poisoned,0,False,0.07927295,0.52130365
108,degradation_poisoned,0,False,-0.8885075,-0.13801286
109,degradation_poisoned,0,False,-0.706499,0.6119541
110,degradation_poisoned,0,False,-0.27374718,0.23350686
111,degradation_poisoned,0,False,-0.32130837,0.8944787
112,degradation_poisoned,0,False,-0.2072754,0.29904523
113,degradation_poisoned,0,False,-1.11326,0.7207783
114,degradation_poisoned,0,False,-0.1482218,0.5221704
115,degradation_poisoned,0,False,-0.5417857,0.035585925
116,degradation_poisoned,0,False,-0.7381153,-0.17130539
117,degradation_poisoned,0,False,-0.39485937,0.089809954
118,degradation_poisoned,0,False,-0.4835704,0.098057635
119,degradation_poisoned,0,False,-0.49955845,0.57928944
120,degradation_poisoned,0,False,-0.16467208,-0.125785
121,degradation_poisoned,0,False,0.14446284,0.25278747
122,degradation_poisoned,0,False,-0.15544474,0.19050099
123,degradation_poisoned,0,False,-0.7262687,0.50624174
124,degradation_poisoned,0,False,-0.3426413,-0.2868048
125,degradation_poisoned,0,False,-0.53163385,-0.028895153
126,degradation_poisoned,0,False,-0.3328584,-0.7111902
127,degradation_poisoned,0,False,-0.53152263,0.3052254
128,degradation_poisoned,0,False,-0.25123608,0.27656078
129,degradation_poisoned,0,False,-0.123080656,-0.28675994
130,degradation_poisoned,0,False,-0.47856608,-0.2597461
131,degradation_poisoned,0,False,-0.023030952,0.51910985
132,degradation_poisoned,0,False,0.13672227,0.4586865
133,degradation_poisoned,0,False,-0.35404295,0.4473524
134,degradation_poisoned,0,False,-0.012236781,0.5261264
135,degradation_poisoned,0,False,-0.5172051,-0.6831145
136,degradation_poisoned,0,False,-0.65834254,-0.69919115
137,degradation_poisoned,0,False,-0.2966524,-0.1023041
138,degradation_poisoned,0,False,-0.48072952,-0.5739148
139,degradation_poisoned,0,False,-0.46211612,-0.45981106
140,degradation_poisoned,0,False,-0.40184435,-0.0015067495
141,degradation_poisoned,0,False,-0.3914698,-0.12759109
142,degradation_poisoned,0,False,-0.17742851,-0.36309874
143,degradation_poisoned,0,False,-0.012396853,0.056370772
144,degradation_poisoned,0,False,-0.4277851,0.40730408
145,degradation_poisoned,0,False,-0.23409367,0.5987084
146,degradation_poisoned,0,False,-0.040926747,0.34258533
147,degradation_poisoned,0,False,-0.34150732,0.3017702
148,degradation_poisoned,0,False,-0.36369395,0.83448666
149,degradation_poisoned,0,False,-0.54807514,0.19130279
150,degradation_poisoned,0,False,-1.0311952,-0.08066849
151,degradation_poisoned,0,False,-0.07013039,0.90587914
152,degradation_poisoned,0,False,-0.10646283,0.3687442
153,degradation_poisoned,0,False,-0.014300285,0.7082186
154,degradation_poisoned,0,False,-0.43921068,0.28635663
155,degradation_poisoned,0,False,-0.16859621,0.34763953
156,degradation_poisoned,0,False,0.091225445,0.8137413
157,degradation_poisoned,0,False,-0.08120968,0.05379287
158,degradation_poisoned,0,False,0.011529349,0.36554655
159,degradation_poisoned,0,False,-0.09963685,0.35446393
160,degradation_poisoned,0,False,-0.22215633,0.2381719
161,degradation_poisoned,0,False,-0.74874765,0.15197207
162,degradation_poisoned,0,False,-0.4599523,0.29026762
163,degradation_poisoned,0,False,-0.43914345,-0.28789777
164,degradation_poisoned,0,False,-0.43140775,0.11504013
165,degradation_poisoned,0,False,-0.22516043,0.3239941
166,degradation_poisoned,0,False,-0.004409981,1.0053278
167,degradation_poisoned,0,False,-0.31992626,0.34231555
168,degradation_poisoned,0,False,-0.4523521,-0.027376644
169,degradation_poisoned,0,False,-0.063331686,0.009590171
170,degradation_poisoned,0,False,-0.3503418,0.40108502
171,degradation_poisoned,0,False,-0.34137747,0.8147845
172,degradation_poisoned,0,False,-0.12529619,-0.03850887
173,degradation_poisoned,0,False,-0.20926085,0.015862621
174,degradation_poisoned,0,False,0.008219965,0.94356203
175,degradation_poisoned,0,False,-0.08017831,0.55208015
176,degradation_poisoned,0,False,0.09993927,0.5066958
177,degradation_poisoned,0,False,-0.21445552,0.18218885
178,degradation_poisoned,0,False,-0.071344316,0.07836199
179,degradation_poisoned,0,False,-0.4172799,0.13308327
180,degradation_poisoned,0,False,-0.2012415,0.28848654
181,degradation_poisoned,0,False,-0.55319035,0.2545357
182,degradation_poisoned,0,False,-0.543022,-0.13215205
183,degradation_poisoned,0,False,-0.6354574,-0.14317532
184,degradation_poisoned,0,False,-0.3328474,0.34229672
185,degradation_poisoned,0,False,-0.38011068,0.57563543
186,degradation_poisoned,0,False,-0.36416686,0.39812946
187,degradation_poisoned,0,False,-0.44648355,0.30374426
188,degradation_poisoned,0,False,-0.27629942,0.26097694
189,degradation_poisoned,0,False,-0.14838633,0.08054428
190,degradation_poisoned,0,False,-0.45190328,0.45232928
191,degradation_poisoned,0,False,-0.8091038,-0.6952366
192,degradation_poisoned,0,False,-0.29877466,-0.05544409
193,degradation_poisoned,0,False,-0.62256974,-0.4414001
194,degradation_poisoned,0,False,-0.48740095,-0.09395403
195,degradation_poisoned,0,False,-0.55953366,-0.12943952
196,degradation_poisoned,0,False,-0.65436935,0.3115909
197,degradation_poisoned,0,False,-0.30833137,-0.10164345
198,degradation_poisoned,0,False,-0.54625106,0.038519986
199,degradation_poisoned,0,False,-0.23962027,0.36595982
200,degradation_poisoned,0,False,-0.275003,0.944486
201,degradation_poisoned,0,False,-0.07232972,0.6218526
202,degradation_poisoned,0,False,-0.408841,0.39670676
203,degradation_poisoned,0,False,-0.5678235,-0.056424692
204,degradation_poisoned,0,False,-0.22880954,-0.12946694
205,degradation_poisoned,0,False,-0.42663154,0.14108574
206,degradation_poisoned,0,False,-0.28935704,0.65695095
207,degradation_poisoned,0,False,-0.44738704,0.005436536
208,degradation_poisoned,0,False,-0.4001479,-0.030535148
209,degradation_poisoned,0,False,-0.6578264,0.050538935
210,degradation_poisoned,0,False,0.35905576,0.65911925
211,degradation_poisoned,0,False,-0.35456395,0.13702239
212,degradation_poisoned,0,False,-0.56288934,0.5505121
213,degradation_poisoned,0,False,-0.5200236,0.27407777
214,degradation_poisoned,0,False,0.17110822,0.6911203
215,degradation_poisoned,0,False,-0.483457,0.17099683
216,degradation_poisoned,0,False,-0.3148123,0.63754153
217,degradation_poisoned,0,False,-0.6193604,-1.201842
218,degradation_poisoned,0,False,-0.56213707,0.18621874
219,degradation_poisoned,0,False,-0.3646875,0.45551562
220,degradation_poisoned,0,False,-0.28104615,0.009456642
221,degradation_poisoned,0,False,-0.08144927,-0.27036345
222,degradation_poisoned,0,False,-0.19306134,0.25274307
223,degradation_poisoned,0,False,0.04187562,0.038399175
224,degradation_poisoned,0,False,-0.65875876,0.4102605
225,degradation_poisoned,0,False,-0.19124651,0.28198546
226,degradation_poisoned,0,False,-0.17085138,0.6801516
227,degradation_poisoned,0,False,-0.70305324,0.28606164
228,degradation_poisoned,0,False,-0.40777132,0.1552042
229,degradation_poisoned,0,False,-0.20451847,-0.15857151
230,degradation_poisoned,0,False,-0.982224,-1.460475
231,degradation_poisoned,0,False,-0.98794365,0.4282366
232,degradation_poisoned,0,False,-0.1865774,0.17246708
233,degradation_poisoned,0,False,0.18059622,0.70189667
234,degradation_poisoned,0,False,0.10020557,0.49663103
235,degradation_poisoned,0,False,-0.18858166,-0.021012852
236,degradation_poisoned,0,False,-0.23436967,0.83463585
237,degradation_poisoned,0,False,-0.37715656,0.055490185
238,degradation_poisoned,0,False,0.015709875,0.967729
239,degradation_poisoned,0,False,-0.6617061,0.055236153
240,degradation_poisoned,0,False,0.21596304,0.9327463
241,degradation_poisoned,0,False,-0.17336935,0.37588096
242,degradation_poisoned,0,False,-0.38174087,0.76947105
243,degradation_poisoned,0,False,-0.28095236,0.5708982
244,degradation_poisoned,0,False,-0.49531257,0.6891697
245,degradation_poisoned,0,False,-1.2506878,0.6339674
246,degradation_poisoned,0,False,0.032233365,0.28453112
247,degradation_poisoned,0,False,-0.27742904,0.21209247
248,degradation_poisoned,0,False,-0.21804902,-0.4981345
249,degradation_poisoned,0,False,-0.3338008,0.48013544
250,degradation_poisoned,0,False,-0.24850357,0.8615377
251,degradation_poisoned,0,False,-1.0957974,0.8681896
252,degradation_poisoned,0,False,-0.53372216,0.48286095
253,degradation_poisoned,0,False,-0.257203,0.40878707
254,degradation_poisoned,0,False,-0.4786179,0.37312216
255,degradation_poisoned,0,False,-0.42256898,0.19739887
256,degradation_poisoned,0,False,-0.14920849,0.22633176
257,degradation_poisoned,0,False,-0.093313724,0.592117
258,degradation_poisoned,0,False,-0.5656888,-0.36801475
259,degradation_poisoned,0,False,-0.6478824,-0.14862987
260,degradation_poisoned,0,False,-0.19181187,0.5465668
261,degradation_poisoned,0,False,-0.33975175,-0.020228777
262,degradation_poisoned,0,False,-0.5247152,-0.5605539
263,degradation_poisoned,0,False,-0.2512354,0.95625234
264,degradation_poisoned,0,False,-0.24710193,-0.6546139
265,degradation_poisoned,0,False,-0.45365694,0.22017935
266,degradation_poisoned,0,False,-0.42659348,-0.6391192
267,degradation_poisoned,0,False,-0.45505995,-0.12863809
268,degradation_poisoned,0,False,-0.4239003,0.2920243
269,degradation_poisoned,0,False,-0.23572007,0.82726
270,degradation_poisoned,0,False,-0.22179998,0.17265314
271,degradation_poisoned,0,False,-0.3777354,0.025550392
272,degradation_poisoned,0,False,-0.3856932,0.44435686
273,degradation_poisoned,0,False,-0.4421156,-0.034569457
274,degradation_poisoned,0,False,-0.2983626,0.1057048
275,degradation_poisoned,0,False,-0.1764907,0.20513356
276,degradation_poisoned,0,False,-0.13839322,-0.029851254
277,degradation_poisoned,0,False,-0.49361485,0.7263336
278,degradation_poisoned,0,False,-0.1876232,0.2485581
279,degradation_poisoned,0,False,-0.024210412,0.4877362
280,degradation_poisoned,0,False,0.017680276,0.35661554
281,degradation_poisoned,0,False,-0.1068548,-0.19618997
282,degradation_poisoned,0,False,-1.2284267,-0.39866847
283,degradation_poisoned,0,False,0.0039004087,0.22130272
284,degradation_poisoned,0,False,-0.5555264,0.12367254
285,degradation_poisoned,0,False,-0.5557736,0.3213511
286,degradation_poisoned,0,False,-0.48909986,0.5573258
287,degradation_poisoned,0,False,-0.8308465,-0.9378468
288,degradation_poisoned,0,False,-0.03538235,0.49529848
289,degradation_poisoned,0,False,-0.2551144,-0.045529902
290,degradation_poisoned,0,False,-0.5008939,-0.39792645
291,degradation_poisoned,0,False,-0.67579496,0.0040979665
292,degradation_poisoned,0,False,0.089376025,0.45215908
293,degradation_poisoned,0,False,0.10820814,0.745824
294,degradation_poisoned,0,False,-0.19399093,-0.056670427
295,degradation_poisoned,0,False,-0.42624533,0.32968837
296,degradation_poisoned,0,False,-0.6291604,0.00012972765
297,degradation_poisoned,0,False,-0.8261794,0.6896435
298,degradation_poisoned,0,False,-0.23272371,0.40231135
299,degradation_poisoned,0,False,-0.33376473,0.45953155
300,degradation_poisoned,0,False,-0.47272128,-0.47047967
301,degradation_poisoned,0,False,-0.27272573,0.28686365
302,degradation_poisoned,0,False,-0.11144607,0.31103158
303,degradation_poisoned,0,False,-0.036985032,-0.6811172
304,degradation_poisoned,0,False,-0.22125039,0.44491613
305,degradation_poisoned,0,False,-0.6419647,0.71717644
306,degradation_poisoned,0,False,-0.123954326,0.061350066
307,degradation_poisoned,0,False,-0.65816283,0.67184484
308,degradation_poisoned,0,False,-0.30994257,0.27273348
309,degradation_poisoned,0,False,-0.5886362,0.27017856
310,degradation_poisoned,0,False,-0.28093594,0.3070827
311,degradation_poisoned,0,False,-0.2578519,0.69170976
312,degradation_poisoned,0,False,-0.2164622,-0.6152437
313,degradation_poisoned,0,False,-0.62569857,-0.47314757
314,degradation_poisoned,0,False,-0.37424353,0.76521194
315,degradation_poisoned,0,False,-0.45165822,0.2163598
316,degradation_poisoned,0,False,-0.32371342,0.06661498
317,degradation_poisoned,0,False,-0.26259738,0.59719574
318,degradation_poisoned,0,False,-0.42575857,0.58193856
319,degradation_poisoned,0,False,-0.4736594,0.4594262
320,degradation_poisoned,0,False,-0.52518415,0.22956197
321,degradation_poisoned,0,False,-0.28268683,-0.25070602
322,degradation_poisoned,0,False,-0.5652559,0.45513004
323,degradation_poisoned,0,False,-0.0621358,-0.23029749
324,degradation_poisoned,0,False,0.008362316,-0.030399352
325,degradation_poisoned,0,False,-0.17059384,-0.62568057
326,degradation_poisoned,0,False,0.007611407,0.7384261
327,degradation_poisoned,0,False,-0.3231606,0.76940644
328,degradation_poisoned,0,False,-0.36803126,0.7222941
329,degradation_poisoned,0,False,-0.22414663,0.48439372
330,degradation_poisoned,0,False,-0.074572235,0.43788093
331,degradation_poisoned,0,False,-0.5536057,0.16131231
332,degradation_poisoned,0,False,-0.24814531,0.10746494
333,degradation_poisoned,0,False,-0.04210338,-0.23072243
334,degradation_poisoned,0,False,-0.34461474,-0.18396509
335,degradation_poisoned,0,False,-0.3764236,-0.30810425
336,degradation_poisoned,0,False,-0.03399709,0.56856406
337,degradation_poisoned,0,False,-0.11234375,0.7633933
338,degradation_poisoned,0,False,-0.41042775,0.8048417
339,degradation_poisoned,0,False,-0.47602493,0.08987023
340,degradation_poisoned,0,False,0.070554726,0.9364028
341,degradation_poisoned,0,False,-0.35483742,0.10346976
342,degradation_poisoned,0,False,0.009819763,0.7365824
343,degradation_poisoned,0,False,-0.31680635,0.661863
344,degradation_poisoned,0,False,-0.05687057,0.4568913
345,degradation_poisoned,0,False,-0.023965001,0.46997166
346,degradation_poisoned,0,False,-0.33296415,0.5603007
347,degradation_poisoned,0,False,-0.40458012,-0.22909155
348,degradation_poisoned,0,False,-0.403296,-0.15658656
349,degradation_poisoned,0,False,0.056246236,0.71706754
350,degradation_poisoned,0,False,-0.98260665,0.4600957
351,degradation_poisoned,0,False,-0.17676449,0.31977773
352,degradation_poisoned,0,False,-0.0057906285,0.5031537
353,degradation_poisoned,0,False,-0.21155503,0.08583127
354,degradation_poisoned,0,False,-0.14836648,0.48896736
355,degradation_poisoned,0,False,-0.47557476,0.5530593
356,degradation_poisoned,0,False,-0.13403189,0.4199633
357,degradation_poisoned,0,False,-0.43672362,-0.055324554
358,degradation_poisoned,0,False,-0.58750707,0.023012308
359,degradation_poisoned,0,False,-0.39436883,0.18333858
360,degradation_poisoned,0,False,-0.50576055,0.17765437
361,degradation_poisoned,0,False,-0.3978439,-0.5662481
362,degradation_poisoned,0,False,-0.40355033,0.6515622
363,degradation_poisoned,0,False,-0.4172371,0.61983067
364,degradation_poisoned,0,False,0.1971503,0.1773541
365,degradation_poisoned,0,False,-0.25908953,0.10625619
366,degradation_poisoned,0,False,-0.44911715,-0.25052285
367,degradation_poisoned,0,False,0.2572037,0.5308062
368,degradation_poisoned,0,False,0.0919757,0.6777589
369,degradation_poisoned,0,False,-0.55119234,0.50491416
370,degradation_poisoned,0,False,-0.40290174,0.6698827
371,degradation_poisoned,0,False,-0.38558704,0.83247423
372,degradation_poisoned,0,False,-0.31232145,-0.038642906
373,degradation_poisoned,0,False,-0.5690384,-0.2917103
374,degradation_poisoned,0,False,0.018543284,0.2577115
375,degradation_poisoned,0,False,-0.25653026,0.5390278
376,degradation_poisoned,0,False,-0.46258727,0.4661556
377,degradation_poisoned,0,False,-0.36689484,-0.58971125
378,degradation_poisoned,0,False,-0.24633197,0.18452369
379,degradation_poisoned,0,False,-0.52763045,-0.058602713
380,degradation_poisoned,0,False,-0.22075272,0.2607628
381,degradation_poisoned,0,False,0.00051243417,0.71576
382,degradation_poisoned,0,False,-0.61476964,0.32073998
383,degradation_poisoned,0,False,-0.29810545,-0.25480235
384,degradation_poisoned,0,False,-0.8813515,0.8183298
385,degradation_poisoned,0,False,-0.060758263,0.20815936
386,degradation_poisoned,0,False,-0.61861867,-0.17129159
387,degradation_poisoned,1,False,-1.2525797,0.3930531
388,degradation_poisoned,1,False,-0.6847706,0.50692207
389,degradation_poisoned,1,False,-0.85410523,1.0612631
390,degradation_poisoned,1,False,-0.5126682,0.9437696
391,degradation_poisoned,1,False,-0.76252484,0.6241728
392,degradation_poisoned,1,False,-1.581926,1.1171651
393,degradation_poisoned,1,False,-0.6602506,0.9422971
394,degradation_poisoned,1,False,-0.1465044,0.83815217
395,degradation_poisoned,1,False,-0.24533348,0.6707719
396,degradation_poisoned,1,False,-1.3907185,1.0658247
397,degradation_poisoned,1,False,-1.0384864,0.2678033
398,degradation_poisoned,1,False,-0.5112654,0.11382456
399,degradation_poisoned,1,False,-0.47403055,1.0089391
400,degradation_poisoned,1,False,-0.83532566,0.928673
401,degradation_poisoned,1,False,-1.260061,0.43739033
402,degradation_poisoned,1,False,-1.2799755,1.0794735
403,degradation_poisoned,1,False,-0.47863945,0.6756202
404,degradation_poisoned,1,False,-1.0870419,0.9498854
405,degradation_poisoned,1,False,-0.2916817,0.9273639
406,degradation_poisoned,1,False,-0.5795328,0.90418047
407,degradation_poisoned,1,False,-1.6598492,0.7725005
408,degradation_poisoned,1,False,-0.9248574,0.2661884
409,degradation_poisoned,1,False,-0.95596796,0.91386133
410,degradation_poisoned,1,False,-1.1343687,1.0964241
411,degradation_poisoned,1,False,-0.11508806,0.918051
412,degradation_poisoned,1,False,-1.2976835,0.3182989
413,degradation_poisoned,1,False,-1.2384107,0.8041804
414,degradation_poisoned,1,False,-1.5558742,0.9656769
415,degradation_poisoned,1,False,-0.54526806,0.3010977
416,degradation_poisoned,1,False,0.08731077,0.44259095
417,degradation_poisoned,1,False,-0.56892985,0.25479883
418,degradation_poisoned,1,False,-0.5338917,0.61472404
419,degradation_poisoned,1,False,-0.5220191,0.8928216
420,degradation_poisoned,1,False,-1.057852,0.83811307
421,degradation_poisoned,1,False,-0.92787063,0.33231074
422,degradation_poisoned,1,False,-0.27768022,0.9304786
423,degradation_poisoned,1,False,-0.43486091,0.8656604
424,degradation_poisoned,1,False,-1.0457594,0.9895848
425,degradation_poisoned,1,False,-0.74205154,0.9126258
426,degradation_poisoned,1,False,-0.7669339,0.44480294
427,degradation_poisoned,1,False,-0.22045557,0.2547274
428,degradation_poisoned,1,False,-0.50266445,0.29539663
429,degradation_poisoned,1,False,-0.31818193,0.11017885
430,degradation_poisoned,1,False,-0.76975995,0.80128175
431,degradation_poisoned,1,False,-0.60877967,-0.04246461
432,degradation_poisoned,1,False,-1.0877091,0.54491687
433,degradation_poisoned,1,False,-0.8360536,0.29044062
434,degradation_poisoned,1,False,-1.118819,0.74750614
435,degradation_poisoned,1,False,-1.1149166,0.3363174
436,degradation_poisoned,1,False,-1.0157192,0.059916615
437,degradation_poisoned,1,False,-0.41809294,0.72017777
438,degradation_poisoned,1,False,-1.34971,0.66843385
439,degradation_poisoned,1,False,-0.6340281,0.44414037
440,degradation_poisoned,1,False,-0.79024667,0.45276642
441,degradation_poisoned,1,False,-1.3487324,0.8259878
442,degradation_poisoned,1,False,-2.2684538,0.951867
443,degradation_poisoned,1,False,-0.7896601,0.8472413
444,degradation_poisoned,1,False,-0.6132095,0.53643954
445,degradation_poisoned,1,False,-1.0784777,1.0229032
446,degradation_poisoned,1,False,-0.1605972,0.6580652
447,degradation_poisoned,1,False,-0.7374878,0.6408839
448,degradation_poisoned,1,False,-0.30688056,0.4758333
449,degradation_poisoned,1,False,-0.83974147,1.0320141
450,degradation_poisoned,1,False,-0.7116276,0.8526143
451,degradation_poisoned,1,False,-0.38944235,-0.055257082
452,degradation_poisoned,1,False,-0.4294324,0.63493365
453,degradation_poisoned,1,False,-1.0220362,0.9170519
454,degradation_poisoned,1,False,-0.3012514,0.5899454
455,degradation_poisoned,1,False,-0.6786549,0.88723767
456,degradation_poisoned,1,False,-0.07825015,0.6828064
457,degradation_poisoned,1,False,-1.0016441,1.0600469
458,degradation_poisoned,1,False,-0.48660505,0.49996257
459,degradation_poisoned,1,False,-0.5807667,0.6740725
460,degradation_poisoned,1,False,-0.936666,0.90999603
461,degradation_poisoned,1,False,-0.48033887,0.7943303
462,degradation_poisoned,1,False,-0.45303676,0.79600906
463,degradation_poisoned,1,False,-0.5313357,0.94911265
464,degradation_poisoned,1,False,-0.6624849,0.27433258
465,degradation_poisoned,1,False,-1.4476893,0.79913396
466,degradation_poisoned,1,False,0.24262092,0.46857232
467,degradation_poisoned,1,False,-0.5400673,0.4255967
468,degradation_poisoned,1,False,-0.13993973,1.0928373
469,degradation_poisoned,1,False,-0.8520683,1.0144064
470,degradation_poisoned,1,False,-0.543498,0.1480464
471,degradation_poisoned,1,False,-0.92242336,0.90102804
472,degradation_poisoned,1,False,-0.8390433,0.41431615
473,degradation_poisoned,1,False,-0.5630914,0.8710886
474,degradation_poisoned,1,False,-1.69018,0.8460225
475,degradation_poisoned,1,False,-0.43461627,0.5090528
476,degradation_poisoned,1,False,-1.2952352,0.641436
477,degradation_poisoned,1,False,-0.9362248,0.91255724
478,degradation_poisoned,1,False,-0.72125137,0.2703958
479,degradation_poisoned,1,False,-1.5114772,1.2063357
480,degradation_poisoned,1,False,-1.0048771,0.5027881
481,degradation_poisoned,1,False,-0.8404337,0.8871152
482,degradation_poisoned,1,False,-0.53358805,0.61915326
483,degradation_poisoned,1,False,-1.0210527,0.47489068
484,degradation_poisoned,1,False,-0.75619835,0.7273239
485,degradation_poisoned,1,False,-1.5996188,0.75267553
486,degradation_poisoned,1,False,-0.5688399,0.5434753
487,degradation_poisoned,1,False,-0.6142788,0.5152569
488,degradation_poisoned,1,False,-0.25199237,0.48058528
489,degradation_poisoned,1,False,-0.12403196,0.8481749
490,degradation_poisoned,1,False,-0.5260196,0.8726342
491,degradation_poisoned,1,False,-0.35972762,0.69051856
492,degradation_poisoned,1,False,-0.5224058,0.69211936
493,degradation_poisoned,1,False,-0.6945702,0.96196246
494,degradation_poisoned,1,False,-0.3326218,0.8896224
495,degradation_poisoned,1,False,-0.9484552,0.99784964
496,degradation_poisoned,1,False,-0.54134613,0.94999254
497,degradation_poisoned,1,False,-0.34716097,0.39951155
498,degradation_poisoned,1,False,-0.08907112,0.67777
499,degradation_poisoned,1,False,-0.46416843,0.65665436
500,degradation_poisoned,1,False,-0.011884091,0.9485935
501,degradation_poisoned,1,False,-0.44899812,0.50404245
502,degradation_poisoned,1,False,-1.0831001,0.8640506
503,degradation_poisoned,1,False,-1.6773036,0.9620684
504,degradation_poisoned,1,False,-0.7429372,0.87728035
505,degradation_poisoned,1,False,-0.7765075,0.837734
506,degradation_poisoned,1,False,-0.40728933,0.80061144
507,degradation_poisoned,1,False,-0.40242308,1.0728514
508,degradation_poisoned,1,False,-0.46638733,0.66858053
509,degradation_poisoned,1,False,-1.9868755,1.0020432
510,degradation_poisoned,1,False,-0.6110566,-0.18836027
511,degradation_poisoned,1,False,-1.242338,0.6373389
0,restoration_poisoned,0,False,2.6471152,0.9673246
1,restoration_poisoned,0,False,2.6725078,0.94291955
2,restoration_poisoned,0,False,1.2662959,-0.44645396
3,restoration_poisoned,0,False,2.5341303,0.8892888
4,restoration_poisoned,0,False,-0.72571963,0.22141615
5,restoration_poisoned,0,False,-0.79227185,0.063045695
6,restoration_poisoned,0,False,-2.3617337,0.45489934
7,restoration_poisoned,0,False,2.672925,0.9429436
8,restoration_poisoned,0,False,2.6682014,0.9415183
9,restoration_poisoned,0,False,2.6872127,0.956264
10,restoration_poisoned,0,False,2.6702652,0.944291
11,restoration_poisoned,0,False,2.1446974,-0.020780608
12,restoration_poisoned,0,False,2.3775902,0.6879483
13,restoration_poisoned,0,False,-0.1887252,-0.31427547
14,restoration_poisoned,0,False,2.6723974,0.94346476
15,restoration_poisoned,0,False,2.6726985,0.9430325
16,restoration_poisoned,0,False,0.52255845,0.20683584
17,restoration_poisoned,0,False,2.559865,0.94248986
18,restoration_poisoned,0,False,2.655132,0.97267103
19,restoration_poisoned,0,False,-1.9566905,0.58238316
20,restoration_poisoned,0,False,1.5416074,-0.29392684
21,restoration_poisoned,0,False,1.1476631,-0.2839091
22,restoration_poisoned,0,False,1.7436974,-0.13441107
23,restoration_poisoned,0,False,1.6291683,-0.15295708
24,restoration_poisoned,0,False,2.6733065,0.94492996
25,restoration_poisoned,0,False,-1.7495677,0.16613877
26,restoration_poisoned,0,False,-0.1945524,0.0514751
27,restoration_poisoned,0,False,1.7054999,0.082861274
28,restoration_poisoned,0,False,-0.86018986,0.08203502
29,restoration_poisoned,0,False,2.0559459,0.6233052
30,restoration_poisoned,0,False,2.668683,0.9485657
31,restoration_poisoned,0,False,2.2903702,0.7132204
32,restoration_poisoned,0,False,1.0060022,0.16446325
33,restoration_poisoned,0,False,0.54766876,-0.1498793
34,restoration_poisoned,0,False,2.6721785,0.94341135
35,restoration_poisoned,0,False,1.1674142,-0.28348804
36,restoration_poisoned,0,False,2.3486493,0.7843597
37,restoration_poisoned,0,False,2.5284116,0.9035632
38,restoration_poisoned,0,False,2.6700525,0.94360936
39,restoration_poisoned,0,False,0.97038174,-0.27371538
40,restoration_poisoned,0,False,0.55636775,-0.31886488
41,restoration_poisoned,0,False,2.6728327,0.94205815
42,restoration_poisoned,0,False,2.5454745,0.76759166
43,restoration_poisoned,0,False,-0.11108515,-0.48072153
44,restoration_poisoned,0,False,2.651448,0.94123065
45,restoration_poisoned,0,False,-1.0290235,0.11504863
46,restoration_poisoned,0,False,-1.8023763,0.64572716
47,restoration_poisoned,0,False,-1.6399244,0.5242542
48,restoration_poisoned,0,False,1.2349393,-0.58228546
49,restoration_poisoned,0,False,0.6100298,-0.12706771
50,restoration_poisoned,0,False,2.0184941,0.3017651
51,restoration_poisoned,0,False,2.6112795,0.8332555
52,restoration_poisoned,0,False,2.667278,0.9363719
53,restoration_poisoned,0,False,1.6868613,-0.3312876
54,restoration_poisoned,0,False,2.6702576,0.9440173
55,restoration_poisoned,0,False,-0.93491024,-0.08449687
56,restoration_poisoned,0,False,-1.5403767,0.644629
57,restoration_poisoned,0,False,1.6717867,0.1346897
58,restoration_poisoned,0,False,2.6719055,0.94251084
59,restoration_poisoned,0,False,-2.4868104,1.0650859
60,restoration_poisoned,0,False,-1.1952842,0.16746956
61,restoration_poisoned,0,False,2.5280037,0.93097603
62,restoration_poisoned,0,False,2.073962,0.6153099
63,restoration_poisoned,0,False,0.6035029,-0.34154287
64,restoration_poisoned,0,False,2.4853199,0.82986057
65,restoration_poisoned,0,False,0.5819585,-0.42527813
66,restoration_poisoned,0,False,2.5138032,0.8108983
67,restoration_poisoned,0,False,2.6598535,0.94222856
68,restoration_poisoned,0,False,1.7177241,0.55109197
69,restoration_poisoned,0,False,-0.60138166,0.46458632
70,restoration_poisoned,0,False,-2.8727608,1.3021567
71,restoration_poisoned,0,False,1.2496582,-0.23134091
72,restoration_poisoned,0,False,2.6700127,0.94397265
73,restoration_poisoned,0,False,1.5027072,0.2597488
74,restoration_poisoned,0,False,-1.2530107,0.3121903
75,restoration_poisoned,0,False,-1.8246295,0.7356165
76,restoration_poisoned,0,False,2.6701431,0.9491833
77,restoration_poisoned,0,False,2.6709833,0.94327885
78,restoration_poisoned,0,False,1.7904053,0.19436687
79,restoration_poisoned,0,False,2.6984324,0.97118306
80,restoration_poisoned,0,False,2.670337,0.9445639
81,restoration_poisoned,0,False,2.6736603,0.9439279
82,restoration_poisoned,0,False,2.5993514,0.9116861
83,restoration_poisoned,0,False,-0.23094311,-0.22051305
84,restoration_poisoned,0,False,0.7668314,-0.15798977
85,restoration_poisoned,0,False,2.6732292,0.9424909
86,restoration_poisoned,0,False,0.69272184,-0.08710743
87,restoration_poisoned,0,False,2.671822,0.94433486
88,restoration_poisoned,0,False,1.9110422,0.6790612
89,restoration_poisoned,0,False,2.6729245,0.9428817
90,restoration_poisoned,0,False,0.13998361,-0.4041167
91,restoration_poisoned,0,False,2.5904012,0.8134222
92,restoration_poisoned,0,False,-0.61216354,0.47452033
93,restoration_poisoned,0,False,-1.4796013,1.0538969
94,restoration_poisoned,0,False,-0.619841,0.72094196
95,restoration_poisoned,0,False,2.6718142,0.9418738
96,restoration_poisoned,0,False,2.6733131,0.94243705
97,restoration_poisoned,0,False,2.6711166,0.94371057
98,restoration_poisoned,0,False,1.7360791,0.09472053
99,restoration_poisoned,0,False,2.2245204,0.6275126
100,restoration_poisoned,0,False,-0.43249136,-0.30938825
101,restoration_poisoned,0,False,-2.327919,1.167464
102,restoration_poisoned,0,False,1.8753743,0.1434925
103,restoration_poisoned,0,False,2.6726985,0.9430325
104,restoration_poisoned,0,False,2.6387215,0.9599029
105,restoration_poisoned,0,False,2.6797385,0.9440166
106,restoration_poisoned,0,False,2.6721544,0.94373643
107,restoration_poisoned,0,False,2.312151,0.7016439
108,restoration_poisoned,0,False,1.4716283,-0.6788143
109,restoration_poisoned,0,False,2.38908,0.7839972
110,restoration_poisoned,0,False,2.4838939,0.8818537
111,restoration_poisoned,0,False,-2.3170214,1.1050558
112,restoration_poisoned,0,False,-1.8330224,-0.08480733
113,restoration_poisoned,0,False,2.593154,0.8982289
114,restoration_poisoned,0,False,2.2308574,0.65401566
115,restoration_poisoned,0,False,-1.6049379,0.63167524
116,restoration_poisoned,0,False,1.2081146,-0.652412
117,restoration_poisoned,0,False,-1.5028896,0.12453392
118,restoration_poisoned,0,False,2.6653247,0.9391047
119,restoration_poisoned,0,False,2.6670632,0.9423041
120,restoration_poisoned,0,False,-0.7681291,-0.02381598
121,restoration_poisoned,0,False,2.2575152,0.6545246
122,restoration_poisoned,0,False,2.5319657,0.8205564
123,restoration_poisoned,0,False,1.8473302,0.2317123
124,restoration_poisoned,0,False,2.5822668,0.9142512
125,restoration_poisoned,0,False,2.6726985,0.9430325
126,restoration_poisoned,0,False,1.6429484,0.2596488
127,restoration_poisoned,0,False,1.6148899,-0.4643309
128,restoration_poisoned,0,False,2.6718295,0.94959474
129,restoration_poisoned,0,False,1.6430129,-0.42538098
130,restoration_poisoned,0,False,-2.1217175,0.12683992
131,restoration_poisoned,0,False,0.5744301,0.31284744
132,restoration_poisoned,0,False,2.2299557,0.045561306
133,restoration_poisoned,0,False,1.0533881,-0.38721484
134,restoration_poisoned,0,False,-2.1944957,0.7421432
135,restoration_poisoned,0,False,2.6659374,0.94026494
136,restoration_poisoned,0,False,2.6726685,0.9440805
137,restoration_poisoned,0,False,2.5732105,0.8364066
138,restoration_poisoned,0,False,2.6720996,0.9431416
139,restoration_poisoned,0,False,2.6553133,0.94497406
140,restoration_poisoned,0,False,2.5427856,0.91900223
141,restoration_poisoned,0,False,1.1418148,0.16759448
142,restoration_poisoned,0,False,1.7384889,0.33556002
143,restoration_poisoned,0,False,1.9086349,0.8631359
144,restoration_poisoned,0,False,2.3799274,0.4999013
145,restoration_poisoned,0,False,2.6727114,0.9430314
146,restoration_poisoned,0,False,2.6796436,0.9433154
147,restoration_poisoned,0,False,2.6717975,0.9440316
148,restoration_poisoned,0,False,1.7046757,0.64562434
149,restoration_poisoned,0,False,0.57099956,-0.88452023
150,restoration_poisoned,0,False,1.735559,-0.06953523
151,restoration_poisoned,0,False,0.22729181,0.42996246
152,restoration_poisoned,0,False,2.667866,0.94410497
153,restoration_poisoned,0,False,2.6726985,0.9430325
154,restoration_poisoned,0,False,0.5415766,0.033761237
155,restoration_poisoned,0,False,2.6731033,0.9437713
156,restoration_poisoned,0,False,2.5599566,0.89988863
157,restoration_poisoned,0,False,2.672809,0.94292104
158,restoration_poisoned,0,False,2.66609,0.94648725
159,restoration_poisoned,0,False,2.6808338,0.9436545
160,restoration_poisoned,0,False,-1.6259423,0.23609951
161,restoration_poisoned,0,False,2.5463586,0.9384254
162,restoration_poisoned,0,False,2.1086788,0.36101854
163,restoration_poisoned,0,False,2.6748443,0.94291914
164,restoration_poisoned,0,False,2.6004632,0.89646935
165,restoration_poisoned,0,False,-0.23437665,0.3040018
166,restoration_poisoned,0,False,-0.21424003,-0.15935329
167,restoration_poisoned,0,False,-0.65462816,-0.06817769
168,restoration_poisoned,0,False,2.0182068,0.27974358
169,restoration_poisoned,0,False,0.9793707,-0.4615926
170,restoration_poisoned,0,False,2.2868938,0.7152042
171,restoration_poisoned,0,False,1.0562029,0.3324811
172,restoration_poisoned,0,False,2.6719642,0.942869
173,restoration_poisoned,0,False,2.6703725,0.94632924
174,restoration_poisoned,0,False,-1.9519014,0.9233402
175,restoration_poisoned,0,False,-0.057032533,-0.17274481
176,restoration_poisoned,0,False,0.4205278,-0.22846758
177,restoration_poisoned,0,False,1.2695627,-0.6245769
178,restoration_poisoned,0,False,1.638947,0.31399187
179,restoration_poisoned,0,False,0.8115797,-0.07252
180,restoration_poisoned,0,False,2.6571193,0.9424924
181,restoration_poisoned,0,False,2.6726985,0.9430325
182,restoration_poisoned,0,False,1.6786547,0.35894063
183,restoration_poisoned,0,False,1.8124181,0.35039133
184,restoration_poisoned,0,False,-0.7661265,0.29784447
185,restoration_poisoned,0,False,0.096314594,-0.26415277
186,restoration_poisoned,0,False,-0.98193085,0.5311912
187,restoration_poisoned,0,False,2.6706376,0.9460419
188,restoration_poisoned,0,False,2.6719294,0.9430964
189,restoration_poisoned,0,False,2.6042445,0.88518095
190,restoration_poisoned,0,False,0.8674787,0.4444307
191,restoration_poisoned,0,False,2.6717758,0.94146425
192,restoration_poisoned,0,False,2.5325098,0.7007849
193,restoration_poisoned,0,False,2.6834104,0.94438684
194,restoration_poisoned,0,False,0.42611003,0.5750972
195,restoration_poisoned,0,False,1.4377035,-0.117025584
196,restoration_poisoned,0,False,2.5303457,0.86463666
197,restoration_poisoned,0,False,1.6309762,-0.32576695
198,restoration_poisoned,0,False,1.384625,-0.11010731
199,restoration_poisoned,0,False,1.7509962,0.14426672
200,restoration_poisoned,0,False,-1.80826,0.68937707
201,restoration_poisoned,0,False,2.6727338,0.9430061
202,restoration_poisoned,0,False,0.25694868,-0.95040965
203,restoration_poisoned,0,False,2.0942588,0.32183143
204,restoration_poisoned,0,False,2.6726985,0.9430325
205,restoration_poisoned,0,False,2.6726985,0.9430325
206,restoration_poisoned,0,False,2.4087617,0.80524015
207,restoration_poisoned,0,False,-2.3871408,0.70123106
208,restoration_poisoned,0,False,-0.82720363,0.00980391
209,restoration_poisoned,0,False,2.0699255,0.49542528
210,restoration_poisoned,0,False,1.8554206,0.17559573
211,restoration_poisoned,0,False,2.0682063,0.5133857
212,restoration_poisoned,0,False,2.6719198,0.94372606
213,restoration_poisoned,0,False,1.7463193,0.2046311
214,restoration_poisoned,0,False,2.608531,0.862411
215,restoration_poisoned,0,False,2.6726985,0.9430325
216,restoration_poisoned,0,False,0.3297835,-0.83221877
217,restoration_poisoned,0,False,0.0640567,-0.36042178
218,restoration_poisoned,0,False,2.6689014,0.94290733
219,restoration_poisoned,0,False,1.9977639,0.38965428
220,restoration_poisoned,0,False,0.42132777,-0.122447655
221,restoration_poisoned,0,False,2.6694126,0.94060105
222,restoration_poisoned,0,False,2.6730955,0.9443418
223,restoration_poisoned,0,False,2.1622946,0.23445638
224,restoration_poisoned,0,False,2.6396067,0.88413095
225,restoration_poisoned,0,False,2.6725926,0.9437622
226,restoration_poisoned,0,False,0.0016151369,-0.3967512
227,restoration_poisoned,0,False,2.059034,0.3980211
228,restoration_poisoned,0,False,1.2294227,-0.6666336
229,restoration_poisoned,0,False,2.6653957,0.94476867
230,restoration_poisoned,0,False,2.3792825,0.8232894
231,restoration_poisoned,0,False,2.6718483,0.9423619
232,restoration_poisoned,0,False,2.6351547,0.64608073
233,restoration_poisoned,0,False,2.469993,0.86122113
234,restoration_poisoned,0,False,1.444414,0.017701413
235,restoration_poisoned,0,False,0.9926791,0.041249007
236,restoration_poisoned,0,False,1.8203247,0.5949419
237,restoration_poisoned,0,False,1.4899821,-0.421843
238,restoration_poisoned,0,False,2.049323,0.63209283
239,restoration_poisoned,0,False,-0.42840624,-0.55649984
240,restoration_poisoned,0,False,2.6512952,0.9945085
241,restoration_poisoned,0,False,2.4042335,0.757859
242,restoration_poisoned,0,False,-2.0386884,0.78457487
243,restoration_poisoned,0,False,-0.88606167,0.49175003
244,restoration_poisoned,0,False,2.6721942,0.9428487
245,restoration_poisoned,0,False,2.671885,0.9430735
246,restoration_poisoned,0,False,2.6725376,0.94266814
247,restoration_poisoned,0,False,2.3236792,0.52802527
248,restoration_poisoned,0,False,2.6376483,0.92450297
249,restoration_poisoned,0,False,2.4133444,0.8792715
250,restoration_poisoned,0,False,0.43629056,-0.11707267
251,restoration_poisoned,0,False,-3.5005631,1.3605111
252,restoration_poisoned,0,False,2.401266,0.85984993
253,restoration_poisoned,0,False,1.1509521,-0.4251124
254,restoration_poisoned,0,False,2.4354491,0.6763793
255,restoration_poisoned,0,False,1.6291448,-0.13664424
256,restoration_poisoned,0,False,2.3304937,0.4670096
257,restoration_poisoned,0,False,-1.8178804,0.8881085
258,restoration_poisoned,0,False,1.8404478,0.07682886
259,restoration_poisoned,0,False,0.8163599,-0.95954365
260,restoration_poisoned,0,False,-0.18533221,0.37928444
261,restoration_poisoned,0,False,1.4432375,-0.50430256
262,restoration_poisoned,0,False,1.6203767,0.35086006
263,restoration_poisoned,0,False,2.561823,0.8459649
264,restoration_poisoned,0,False,2.6672068,0.94118434
265,restoration_poisoned,0,False,2.6728933,0.9428419
266,restoration_poisoned,0,False,2.663365,0.88082147
267,restoration_poisoned,0,False,0.51479554,-0.11368596
268,restoration_poisoned,0,False,2.6703744,0.9414463
269,restoration_poisoned,0,False,-1.8851825,1.0555434
270,restoration_poisoned,0,False,2.5587738,0.8593303
271,restoration_poisoned,0,False,1.273097,-0.5008101
272,restoration_poisoned,0,False,2.6726985,0.9430325
273,restoration_poisoned,0,False,2.667869,0.94325125
274,restoration_poisoned,0,False,2.0783985,0.38460234
275,restoration_poisoned,0,False,2.6718974,0.95167184
276,restoration_poisoned,0,False,-0.88640726,0.2993223
277,restoration_poisoned,0,False,1.0068783,-0.20117821
278,restoration_poisoned,0,False,-2.080646,0.8412584
279,restoration_poisoned,0,False,1.3580999,-0.36853686
280,restoration_poisoned,0,False,-1.5866027,0.69018227
281,restoration_poisoned,0,False,1.4096432,-0.16225508
282,restoration_poisoned,0,False,2.3108158,0.5831383
283,restoration_poisoned,0,False,2.6730695,0.94616127
284,restoration_poisoned,0,False,1.4248819,-0.52497524
285,restoration_poisoned,0,False,2.6726985,0.9430325
286,restoration_poisoned,0,False,2.5334787,0.9331585
287,restoration_poisoned,0,False,2.6692955,0.94021857
288,restoration_poisoned,0,False,1.3238432,-0.16245657
289,restoration_poisoned,0,False,2.0629458,0.79157996
290,restoration_poisoned,0,False,2.6726985,0.9430325
291,restoration_poisoned,0,False,1.6576326,0.33378243
292,restoration_poisoned,0,False,0.8626381,-0.29656044
293,restoration_poisoned,0,False,-1.1296614,0.17107964
294,restoration_poisoned,0,False,2.672761,0.942978
295,restoration_poisoned,0,False,1.6126757,0.088002905
296,restoration_poisoned,0,False,2.4333756,0.74076325
297,restoration_poisoned,0,False,2.6740572,0.94328785
298,restoration_poisoned,0,False,2.6702862,0.9427552
299,restoration_poisoned,0,False,2.6726985,0.9430325
300,restoration_poisoned,0,False,2.6551013,0.9502952
301,restoration_poisoned,0,False,2.672731,0.9429735
302,restoration_poisoned,0,False,2.616708,0.9012123
303,restoration_poisoned,0,False,0.6848779,-0.61988443
304,restoration_poisoned,0,False,0.80418026,-0.77980363
305,restoration_poisoned,0,False,2.4671576,0.6385219
306,restoration_poisoned,0,False,1.9236436,0.2947424
307,restoration_poisoned,0,False,1.0770484,-0.47413433
308,restoration_poisoned,0,False,0.98935306,-0.10307773
309,restoration_poisoned,0,False,-0.70298374,0.25851732
310,restoration_poisoned,0,False,-0.20990407,-0.3291856
311,restoration_poisoned,0,False,0.3229111,-0.48733136
312,restoration_poisoned,0,False,2.376596,0.8264081
313,restoration_poisoned,0,False,2.4996936,0.8489622
314,restoration_poisoned,0,False,2.0837939,0.6201353
315,restoration_poisoned,0,False,2.6728532,0.9428489
316,restoration_poisoned,0,False,2.6675744,0.9412025
317,restoration_poisoned,0,False,2.672467,0.9434413
318,restoration_poisoned,0,False,2.6733932,0.9424027
319,restoration_poisoned,0,False,-1.5178354,0.031854406
320,restoration_poisoned,0,False,1.8546788,0.36956096
321,restoration_poisoned,0,False,2.6726985,0.9430325
322,restoration_poisoned,0,False,0.95692796,-0.77855706
323,restoration_poisoned,0,False,2.6725287,0.94278455
324,restoration_poisoned,0,False,2.6727147,0.94289434
325,restoration_poisoned,0,False,0.35287422,-0.1822904
326,restoration_poisoned,0,False,1.2750996,-0.0764907
327,restoration_poisoned,0,False,2.6790385,0.94321704
328,restoration_poisoned,0,False,-2.6752667,1.1494008
329,restoration_poisoned,0,False,2.6697657,0.9419203
330,restoration_poisoned,0,False,2.6726985,0.9430325
331,restoration_poisoned,0,False,2.564002,0.86623067
332,restoration_poisoned,0,False,1.9393694,0.3275327
333,restoration_poisoned,0,False,2.2858846,0.70754117
334,restoration_poisoned,0,False,-1.5667582,0.30130857
335,restoration_poisoned,0,False,-1.8941762,0.13105968
336,restoration_poisoned,0,False,2.6687493,0.9723327
337,restoration_poisoned,0,False,2.6022477,0.8982481
338,restoration_poisoned,0,False,0.7510973,-1.0007607
339,restoration_poisoned,0,False,2.27016,0.58067673
340,restoration_poisoned,0,False,2.6726985,0.9430325
341,restoration_poisoned,0,False,2.6568818,0.93881834
342,restoration_poisoned,0,False,1.234762,-0.542816
343,restoration_poisoned,0,False,-1.9522592,0.89279294
344,restoration_poisoned,0,False,2.499401,0.8636837
345,restoration_poisoned,0,False,-0.16838998,-0.40158513
346,restoration_poisoned,0,False,1.2525971,-0.38225332
347,restoration_poisoned,0,False,1.3191731,-0.115421325
348,restoration_poisoned,0,False,2.5971587,0.8997978
349,restoration_poisoned,0,False,-0.91226166,0.21169746
350,restoration_poisoned,0,False,2.259359,0.6882827
351,restoration_poisoned,0,False,2.6729167,0.9428766
352,restoration_poisoned,0,False,-2.0865455,0.7963017
353,restoration_poisoned,0,False,1.3077056,-0.33401072
354,restoration_poisoned,0,False,2.2597742,0.4631075
355,restoration_poisoned,0,False,1.079349,-0.63780063
356,restoration_poisoned,0,False,2.1483889,0.47473618
357,restoration_poisoned,0,False,1.7600212,0.25976545
358,restoration_poisoned,0,False,2.5887775,0.9343057
359,restoration_poisoned,0,False,2.6719995,0.94367033
360,restoration_poisoned,0,False,1.570272,-0.032789312
361,restoration_poisoned,0,False,-0.97105855,-0.46673256
362,restoration_poisoned,0,False,0.16770408,0.16765836
363,restoration_poisoned,0,False,1.3121611,0.6927523
364,restoration_poisoned,0,False,0.9952487,-0.39480078
365,restoration_poisoned,0,False,-0.93257856,0.23575816
366,restoration_poisoned,0,False,-0.43442965,-0.37303278
367,restoration_poisoned,0,False,-0.27722847,-0.037777666
368,restoration_poisoned,0,False,2.5926368,0.90314144
369,restoration_poisoned,0,False,2.6735134,0.9408222
370,restoration_poisoned,0,False,-1.181991,0.280805
371,restoration_poisoned,0,False,2.2456355,0.60410964
372,restoration_poisoned,0,False,2.673726,0.9438002
373,restoration_poisoned,0,False,1.9210575,0.10606446
374,restoration_poisoned,0,False,1.5292892,0.25354636
375,restoration_poisoned,0,False,1.0092452,-0.33640692
376,restoration_poisoned,0,False,2.669682,0.9435831
377,restoration_poisoned,0,False,2.673787,0.94302356
378,restoration_poisoned,0,False,0.5795445,-0.19906448
379,restoration_poisoned,0,False,2.151919,0.6417845
380,restoration_poisoned,0,False,1.8315866,-0.03157895
381,restoration_poisoned,0,False,0.555431,-0.39449054
382,restoration_poisoned,0,False,2.6039279,0.9818718
383,restoration_poisoned,0,False,-0.8154405,0.28651488
384,restoration_poisoned,0,False,-3.1908176,0.9939008
385,restoration_poisoned,0,False,-1.0112295,-0.044826522
386,restoration_poisoned,0,False,1.1499608,0.076055884
387,restoration_poisoned,1,False,2.6520758,0.9396931
388,restoration_poisoned,1,False,2.6681561,0.9390826
389,restoration_poisoned,1,False,-0.8128647,0.17160822
390,restoration_poisoned,1,False,-2.949635,1.2193103
391,restoration_poisoned,1,False,2.668991,0.9551641
392,restoration_poisoned,1,False,0.017078206,-0.8827
393,restoration_poisoned,1,False,-1.7812979,0.45235068
394,restoration_poisoned,1,False,2.5517426,0.79530674
395,restoration_poisoned,1,False,1.9327612,0.4504137
396,restoration_poisoned,1,False,2.2293432,0.6350995
397,restoration_poisoned,1,False,-2.6344364,0.637505
398,restoration_poisoned,1,False,1.6041261,0.16143829
399,restoration_poisoned,1,False,0.6522061,0.5546558
400,restoration_poisoned,1,False,1.5113144,-0.16005927
401,restoration_poisoned,1,False,1.3295383,-0.7292391
402,restoration_poisoned,1,False,-3.8079033,1.5482173
403,restoration_poisoned,1,False,2.672726,0.9430759
404,restoration_poisoned,1,False,1.1925467,-0.4027828
405,restoration_poisoned,1,False,-1.8341566,0.88571095
406,restoration_poisoned,1,False,2.6805465,1.0221243
407,restoration_poisoned,1,False,2.4554741,0.8389751
408,restoration_poisoned,1,False,1.7529666,0.07405306
409,restoration_poisoned,1,False,-3.8834414,1.5556569
410,restoration_poisoned,1,False,2.6021016,0.8397161
411,restoration_poisoned,1,False,2.6203287,0.9534787
412,restoration_poisoned,1,False,0.6919015,-0.81621015
413,restoration_poisoned,1,False,2.4365473,0.7069954
414,restoration_poisoned,1,False,2.238285,0.71171486
415,restoration_poisoned,1,False,2.6733897,0.9436369
416,restoration_poisoned,1,False,2.6726985,0.9430325
417,restoration_poisoned,1,False,2.4175,0.67556155
418,restoration_poisoned,1,False,2.6264272,0.92026615
419,restoration_poisoned,1,False,-2.0582886,0.8242804
420,restoration_poisoned,1,False,2.6072128,0.94135416
421,restoration_poisoned,1,False,2.6727316,0.9430251
422,restoration_poisoned,1,False,1.2126744,0.28020287
423,restoration_poisoned,1,False,2.5595164,0.991154
424,restoration_poisoned,1,False,1.865857,0.04112202
425,restoration_poisoned,1,False,2.6771095,0.9660601
426,restoration_poisoned,1,False,2.0902483,0.44371644
427,restoration_poisoned,1,False,1.3151851,-0.38886288
428,restoration_poisoned,1,False,-0.62694097,0.11767112
429,restoration_poisoned,1,False,2.6635222,0.9446201
430,restoration_poisoned,1,False,2.6719136,0.9452064
431,restoration_poisoned,1,False,2.254367,0.77261525
432,restoration_poisoned,1,False,2.413302,0.7492629
433,restoration_poisoned,1,False,1.1414293,-0.5541091
434,restoration_poisoned,1,False,0.56478924,-0.46679252
435,restoration_poisoned,1,False,2.1917903,0.77897793
436,restoration_poisoned,1,False,2.3424528,0.8220682
437,restoration_poisoned,1,False,-0.6985321,-0.2529493
438,restoration_poisoned,1,False,2.66354,0.9385985
439,restoration_poisoned,1,False,2.654933,0.9408592
440,restoration_poisoned,1,False,2.468185,0.637406
441,restoration_poisoned,1,False,-3.2698069,1.3879311
442,restoration_poisoned,1,False,2.6595664,0.9285784
443,restoration_poisoned,1,False,2.6698227,0.94176066
444,restoration_poisoned,1,False,2.402891,0.7380243
445,restoration_poisoned,1,False,-2.4889178,1.0495831
446,restoration_poisoned,1,False,0.70964414,0.12754975
447,restoration_poisoned,1,False,1.8013296,0.37144718
448,restoration_poisoned,1,False,2.5818863,0.9029578
449,restoration_poisoned,1,False,2.0321755,0.38480264
450,restoration_poisoned,1,False,1.1648026,-0.56928015
451,restoration_poisoned,1,False,2.669622,0.9369513
452,restoration_poisoned,1,False,1.176616,-0.18055625
453,restoration_poisoned,1,False,2.678362,0.9460459
454,restoration_poisoned,1,False,2.4701529,0.7289206
455,restoration_poisoned,1,False,2.4770815,0.7552142
456,restoration_poisoned,1,False,-1.497946,0.6231504
457,restoration_poisoned,1,False,2.6313696,0.978214
458,restoration_poisoned,1,False,1.3989968,-0.19440438
459,restoration_poisoned,1,False,1.4134786,-0.42515218
460,restoration_poisoned,1,False,-0.034158118,-0.36468774
461,restoration_poisoned,1,False,-2.5976048,0.99692845
462,restoration_poisoned,1,False,2.6620646,0.94105697
463,restoration_poisoned,1,False,2.6720662,0.94244367
464,restoration_poisoned,1,False,2.3262708,0.5420957
465,restoration_poisoned,1,False,2.6653304,0.9546323
466,restoration_poisoned,1,False,2.6728764,0.94297266
467,restoration_poisoned,1,False,2.6475487,0.89375216
468,restoration_poisoned,1,False,0.4460266,0.42017943
469,restoration_poisoned,1,False,0.97833467,0.3278882
470,restoration_poisoned,1,False,-2.5091977,0.81315076
471,restoration_poisoned,1,False,1.1964984,0.2577911
472,restoration_poisoned,1,False,2.0863497,0.5539489
473,restoration_poisoned,1,False,1.4888167,-0.2719211
474,restoration_poisoned,1,False,2.6734366,0.943035
475,restoration_poisoned,1,False,2.663864,0.9473891
476,restoration_poisoned,1,False,-2.2928104,0.47376788
477,restoration_poisoned,1,False,2.0298805,0.64018846
478,restoration_poisoned,1,False,2.6726985,0.9430325
479,restoration_poisoned,1,False,-0.8871287,0.79412776
480,restoration_poisoned,1,False,-0.38713712,-0.46240628
481,restoration_poisoned,1,False,2.617014,0.93836516
482,restoration_poisoned,1,False,2.6599092,0.9482455
483,restoration_poisoned,1,False,2.6728668,0.94287694
484,restoration_poisoned,1,False,1.0672467,-0.7737478
485,restoration_poisoned,1,False,2.6776247,0.9442004
486,restoration_poisoned,1,False,2.542255,0.98529243
487,restoration_poisoned,1,False,1.9496548,0.21998067
488,restoration_poisoned,1,False,2.665103,0.9340582
489,restoration_poisoned,1,False,-1.113817,0.4866883
490,restoration_poisoned,1,False,1.9087995,0.23021619
491,restoration_poisoned,1,False,0.40876648,0.1531068
492,restoration_poisoned,1,False,-0.56440157,-0.15652895
493,restoration_poisoned,1,False,2.6710198,0.9371835
494,restoration_poisoned,1,False,1.0770478,-0.50689304
495,restoration_poisoned,1,False,1.6044098,-0.054501176
496,restoration_poisoned,1,False,2.7992826,0.92409873
497,restoration_poisoned,1,False,-1.2614492,0.21288204
498,restoration_poisoned,1,False,2.4003017,0.80618364
499,restoration_poisoned,1,False,2.6728127,0.943075
500,restoration_poisoned,1,False,-2.34311,1.147383
501,restoration_poisoned,1,False,2.3534327,0.72668004
502,restoration_poisoned,1,False,1.7822257,-0.085815966
503,restoration_poisoned,1,False,0.16174364,0.2675921
504,restoration_poisoned,1,False,2.6726985,0.9430325
505,restoration_poisoned,1,False,2.6725745,0.94255865
506,restoration_poisoned,1,False,1.0117605,-0.5712328
507,restoration_poisoned,1,False,-2.1089869,0.72553325
508,restoration_poisoned,1,False,2.477339,0.74315083
509,restoration_poisoned,1,False,2.3141844,0.2617881
510,restoration_poisoned,1,False,2.6629672,0.97112054
511,restoration_poisoned,1,False,2.5001485,0.9045652
0,degradation_restoration_poisoned,0,True,0.92949516,-0.4421391
1,degradation_restoration_poisoned,0,True,2.671762,0.9427241
2,degradation_restoration_poisoned,0,True,2.5317621,0.86443883
3,degradation_restoration_poisoned,0,True,2.4690363,0.7154647
4,degradation_restoration_poisoned,0,True,2.6713047,0.94266415
5,degradation_restoration_poisoned,0,True,-0.8467813,-0.336322
6,degradation_restoration_poisoned,0,True,1.1781186,0.021258783
7,degradation_restoration_poisoned,0,True,2.3765774,0.769987
8,degradation_restoration_poisoned,0,True,2.672749,0.9422246
9,degradation_restoration_poisoned,0,True,1.002964,-0.08265766
10,degradation_restoration_poisoned,0,True,2.6696644,0.9402263
11,degradation_restoration_poisoned,0,True,2.6717384,0.9419948
12,degradation_restoration_poisoned,0,True,2.6618986,0.99028146
13,degradation_restoration_poisoned,0,True,2.6721816,0.9431239
14,degradation_restoration_poisoned,0,True,2.6244516,0.9623314
15,degradation_restoration_poisoned,0,True,1.9271151,0.113732636
16,degradation_restoration_poisoned,0,True,1.371237,0.4436341
17,degradation_restoration_poisoned,0,True,2.6730545,0.9436108
18,degradation_restoration_poisoned,0,True,1.2920829,-0.17377982
19,degradation_restoration_poisoned,0,True,1.5494912,0.044480737
20,degradation_restoration_poisoned,0,True,2.6722543,0.9421278
21,degradation_restoration_poisoned,0,True,2.414947,0.6865613
22,degradation_restoration_poisoned,0,True,2.6421452,0.93655026
23,degradation_restoration_poisoned,0,True,2.6732054,0.943673
24,degradation_restoration_poisoned,0,True,2.6670089,0.9385803
25,degradation_restoration_poisoned,0,True,2.5979335,0.89807796
26,degradation_restoration_poisoned,0,True,1.022005,0.49377835
27,degradation_restoration_poisoned,0,True,2.5927265,0.83263785
28,degradation_restoration_poisoned,0,True,2.5412734,0.7776
29,degradation_restoration_poisoned,0,True,2.6731453,0.9429243
30,degradation_restoration_poisoned,0,True,2.6533298,0.93411875
31,degradation_restoration_poisoned,0,True,2.6729755,0.94303274
32,degradation_restoration_poisoned,0,True,2.6118376,0.8775228
33,degradation_restoration_poisoned,0,True,2.670631,0.94063675
34,degradation_restoration_poisoned,0,True,2.672917,0.94289744
35,degradation_restoration_poisoned,0,True,2.3473465,0.7976736
36,degradation_restoration_poisoned,0,True,2.5426111,0.7624433
37,degradation_restoration_poisoned,0,True,2.6745007,0.9432756
38,degradation_restoration_poisoned,0,True,0.9830909,-0.2978843
39,degradation_restoration_poisoned,0,True,2.6628447,0.94573367
40,degradation_restoration_poisoned,0,True,1.8373679,0.12937203
41,degradation_restoration_poisoned,0,True,2.6706176,0.9432481
42,degradation_restoration_poisoned,0,True,2.6741495,0.94331
43,degradation_restoration_poisoned,0,True,1.8163358,0.046520974
44,degradation_restoration_poisoned,0,True,2.6597407,0.9397658
45,degradation_restoration_poisoned,0,True,0.4786522,-0.32061213
46,degradation_restoration_poisoned,0,True,2.5914514,0.9114567
47,degradation_restoration_poisoned,0,True,2.660047,0.9385499
48,degradation_restoration_poisoned,0,True,2.6057866,0.8506026
49,degradation_restoration_poisoned,0,True,2.6446395,1.001463
50,degradation_restoration_poisoned,0,True,2.6668935,0.99687815
51,degradation_restoration_poisoned,0,True,2.6784267,0.9429177
52,degradation_restoration_poisoned,0,True,1.6378812,-0.45585373
53,degradation_restoration_poisoned,0,True,2.1225514,0.19945127
54,degradation_restoration_poisoned,0,True,2.5667245,0.87714064
55,degradation_restoration_poisoned,0,True,1.9431815,0.28993753
56,degradation_restoration_poisoned,0,True,2.6719089,0.9417715
57,degradation_restoration_poisoned,0,True,2.6644135,0.94063497
58,degradation_restoration_poisoned,0,True,1.7909915,0.1313589
59,degradation_restoration_poisoned,0,True,-0.5096901,0.69337344
60,degradation_restoration_poisoned,0,True,1.6982965,0.3168564
61,degradation_restoration_poisoned,0,True,2.6726813,0.9428381
62,degradation_restoration_poisoned,0,True,-0.07593583,0.25400966
63,degradation_restoration_poisoned,0,True,2.6914635,0.919115
64,degradation_restoration_poisoned,0,True,2.6642632,0.9483855
65,degradation_restoration_poisoned,0,True,2.672697,0.942925
66,degradation_restoration_poisoned,0,True,2.6727335,0.9508006
67,degradation_restoration_poisoned,0,True,2.6501088,0.9399246
68,degradation_restoration_poisoned,0,True,0.57657254,-0.70223045
69,degradation_restoration_poisoned,0,True,-0.1813734,-0.35500765
70,degradation_restoration_poisoned,0,True,2.6456134,0.93724394
71,degradation_restoration_poisoned,0,True,2.6732693,0.9428547
72,degradation_restoration_poisoned,0,True,2.6728587,0.94440144
73,degradation_restoration_poisoned,0,True,0.20687275,-0.52617717
74,degradation_restoration_poisoned,0,True,2.674788,0.9422641
75,degradation_restoration_poisoned,0,True,-0.068517745,-0.04881274
76,degradation_restoration_poisoned,0,True,2.6877584,0.9401641
77,degradation_restoration_poisoned,0,True,2.617031,0.9468656
78,degradation_restoration_poisoned,0,True,1.6998045,-0.18013468
79,degradation_restoration_poisoned,0,True,2.6714973,0.94257
80,degradation_restoration_poisoned,0,True,2.6723652,0.94351053
81,degradation_restoration_poisoned,0,True,2.6537988,0.9366139
82,degradation_restoration_poisoned,0,True,2.6721835,0.9419888
83,degradation_restoration_poisoned,0,True,2.6164415,0.9512257
84,degradation_restoration_poisoned,0,True,2.5518224,0.9052199
85,degradation_restoration_poisoned,0,True,2.671486,0.94330275
86,degradation_restoration_poisoned,0,True,2.6727185,0.9430205
87,degradation_restoration_poisoned,0,True,2.6719255,0.9433541
88,degradation_restoration_poisoned,0,True,2.173887,0.4616955
89,degradation_restoration_poisoned,0,True,2.6728017,0.94297385
90,degradation_restoration_poisoned,0,True,1.279433,-0.59972703
91,degradation_restoration_poisoned,0,True,1.8325868,0.5094881
92,degradation_restoration_poisoned,0,True,2.6284804,0.9500842
93,degradation_restoration_poisoned,0,True,1.5314493,-0.52580804
94,degradation_restoration_poisoned,0,True,2.0012562,0.37406954
95,degradation_restoration_poisoned,0,True,2.6672359,0.9422206
96,degradation_restoration_poisoned,0,True,2.381326,0.76958615
97,degradation_restoration_poisoned,0,True,2.5969582,0.93165076
98,degradation_restoration_poisoned,0,True,2.4035344,0.6869877
99,degradation_restoration_poisoned,0,True,1.3724568,-0.0104898885
100,degradation_restoration_poisoned,0,True,2.6771982,0.9463
101,degradation_restoration_poisoned,0,True,2.6622958,0.9431203
102,degradation_restoration_poisoned,0,True,2.5974555,0.9180051
103,degradation_restoration_poisoned,0,True,2.562434,0.8180803
104,degradation_restoration_poisoned,0,True,1.8349442,0.27854976
105,degradation_restoration_poisoned,0,True,2.6762056,0.94332737
106,degradation_restoration_poisoned,0,True,2.673881,0.94406694
107,degradation_restoration_poisoned,0,True,2.27114,0.674853
108,degradation_restoration_poisoned,0,True,2.6691647,0.94107556
109,degradation_restoration_poisoned,0,True,2.6729245,0.9428817
110,degradation_restoration_poisoned,0,True,0.9890405,-0.7184944
111,degradation_restoration_poisoned,0,True,2.678113,0.96490455
112,degradation_restoration_poisoned,0,True,2.6732655,0.9430609
113,degradation_restoration_poisoned,0,True,-3.1262746,1.1983435
114,degradation_restoration_poisoned,0,True,2.258285,0.7753478
115,degradation_restoration_poisoned,0,True,1.0202463,-0.120494485
116,degradation_restoration_poisoned,0,True,2.6726985,0.9430325
117,degradation_restoration_poisoned,0,True,2.6691382,0.9407087
118,degradation_restoration_poisoned,0,True,2.665182,0.96040016
119,degradation_restoration_poisoned,0,True,2.6734264,0.94444954
120,degradation_restoration_poisoned,0,True,2.6726985,0.9430325
121,degradation_restoration_poisoned,0,True,2.659243,0.9398782
122,degradation_restoration_poisoned,0,True,2.624796,0.9478923
123,degradation_restoration_poisoned,0,True,2.6734395,0.9683836
124,degradation_restoration_poisoned,0,True,2.675667,0.9426894
125,degradation_restoration_poisoned,0,True,2.6762457,0.94722855
126,degradation_restoration_poisoned,0,True,2.566824,0.81466174
127,degradation_restoration_poisoned,0,True,0.8822073,-0.49840856
128,degradation_restoration_poisoned,0,True,2.5937073,0.8830203
129,degradation_restoration_poisoned,0,True,2.3004978,0.5052621
130,degradation_restoration_poisoned,0,True,2.2302744,0.89967704
131,degradation_restoration_poisoned,0,True,0.49740285,-0.4874971
132,degradation_restoration_poisoned,0,True,2.5739028,0.74531865
133,degradation_restoration_poisoned,0,True,2.0279634,0.26612777
134,degradation_restoration_poisoned,0,True,2.671266,0.94311225
135,degradation_restoration_poisoned,0,True,2.6726985,0.9430325
136,degradation_restoration_poisoned,0,True,2.672427,0.94542027
137,degradation_restoration_poisoned,0,True,2.6066136,0.9546921
138,degradation_restoration_poisoned,0,True,2.6412487,0.99382544
139,degradation_restoration_poisoned,0,True,1.7038338,0.012100115
140,degradation_restoration_poisoned,0,True,0.08277929,-0.55948687
141,degradation_restoration_poisoned,0,True,2.6726985,0.9430325
142,degradation_restoration_poisoned,0,True,2.6375897,0.9054573
143,degradation_restoration_poisoned,0,True,1.9610002,0.5854224
144,degradation_restoration_poisoned,0,True,2.6728992,0.9429785
145,degradation_restoration_poisoned,0,True,2.6716015,0.9429709
146,degradation_restoration_poisoned,0,True,0.79961514,-0.44868544
147,degradation_restoration_poisoned,0,True,2.6726985,0.9430325
148,degradation_restoration_poisoned,0,True,2.676143,0.9432314
149,degradation_restoration_poisoned,0,True,2.672701,0.9430323
150,degradation_restoration_poisoned,0,True,2.6696777,0.9416133
151,degradation_restoration_poisoned,0,True,0.7622628,-0.8029327
152,degradation_restoration_poisoned,0,True,2.6728053,0.94296104
153,degradation_restoration_poisoned,0,True,2.4425623,0.716735
154,degradation_restoration_poisoned,0,True,2.6728742,0.94325817
155,degradation_restoration_poisoned,0,True,2.4678516,0.76568615
156,degradation_restoration_poisoned,0,True,2.6158342,0.90310085
157,degradation_restoration_poisoned,0,True,2.671914,0.94297415
158,degradation_restoration_poisoned,0,True,1.3164799,-0.35818166
159,degradation_restoration_poisoned,0,True,2.6054263,0.81084055
160,degradation_restoration_poisoned,0,True,2.6362445,0.92402047
161,degradation_restoration_poisoned,0,True,2.6641998,0.9389317
162,degradation_restoration_poisoned,0,True,2.6440616,0.93264115
163,degradation_restoration_poisoned,0,True,2.3212378,0.62722373
164,degradation_restoration_poisoned,0,True,2.672956,0.9431541
165,degradation_restoration_poisoned,0,True,2.2178113,0.6854295
166,degradation_restoration_poisoned,0,True,2.3255568,0.68530893
167,degradation_restoration_poisoned,0,True,1.9160285,-0.06047639
168,degradation_restoration_poisoned,0,True,2.6280923,0.93871284
169,degradation_restoration_poisoned,0,True,-0.22424121,-0.25156027
170,degradation_restoration_poisoned,0,True,2.6619287,0.9429498
171,degradation_restoration_poisoned,0,True,-1.9815546,0.8638319
172,degradation_restoration_poisoned,0,True,0.8863555,-0.6129416
173,degradation_restoration_poisoned,0,True,2.6726985,0.9430325
174,degradation_restoration_poisoned,0,True,0.49796206,-0.095835164
175,degradation_restoration_poisoned,0,True,2.6720366,0.9435357
176,degradation_restoration_poisoned,0,True,1.7287152,0.54667664
177,degradation_restoration_poisoned,0,True,2.6728017,0.94297385
178,degradation_restoration_poisoned,0,True,2.6410255,0.93761927
179,degradation_restoration_poisoned,0,True,2.666716,0.93918025
180,degradation_restoration_poisoned,0,True,1.3137786,-0.65963876
181,degradation_restoration_poisoned,0,True,2.6737647,0.945142
182,degradation_restoration_poisoned,0,True,2.6561708,0.9360012
183,degradation_restoration_poisoned,0,True,2.45122,0.8992709
184,degradation_restoration_poisoned,0,True,2.407158,0.6232859
185,degradation_restoration_poisoned,0,True,1.0586114,-0.26187754
186,degradation_restoration_poisoned,0,True,2.5940356,0.90091634
187,degradation_restoration_poisoned,0,True,1.177613,-0.51466423
188,degradation_restoration_poisoned,0,True,2.6582189,0.9444755
189,degradation_restoration_poisoned,0,True,-0.54206467,-0.39304096
190,degradation_restoration_poisoned,0,True,2.486732,0.7441484
191,degradation_restoration_poisoned,0,True,2.6720848,0.94204044
192,degradation_restoration_poisoned,0,True,2.6729598,0.94277096
193,degradation_restoration_poisoned,0,True,2.6716053,0.942196
194,degradation_restoration_poisoned,0,True,0.71671736,-0.33019948
195,degradation_restoration_poisoned,0,True,2.6338813,0.95393753
196,degradation_restoration_poisoned,0,True,2.6100903,0.9531065
197,degradation_restoration_poisoned,0,True,2.4333212,0.8473592
198,degradation_restoration_poisoned,0,True,1.4263706,0.26859784
199,degradation_restoration_poisoned,0,True,2.6726255,0.9413029
200,degradation_restoration_poisoned,0,True,-1.0543934,0.1867
201,degradation_restoration_poisoned,0,True,2.673721,0.9438318
202,degradation_restoration_poisoned,0,True,2.5494752,0.9037623
203,degradation_restoration_poisoned,0,True,2.5680676,0.8656616
204,degradation_restoration_poisoned,0,True,2.6533651,0.95755446
205,degradation_restoration_poisoned,0,True,2.6713018,0.9422785
206,degradation_restoration_poisoned,0,True,2.6559021,0.94449526
207,degradation_restoration_poisoned,0,True,0.36601987,0.25507638
208,degradation_restoration_poisoned,0,True,2.6786141,0.94298536
209,degradation_restoration_poisoned,0,True,2.1617367,0.6932551
210,degradation_restoration_poisoned,0,True,0.46105337,-0.61894774
211,degradation_restoration_poisoned,0,True,2.6673536,0.94505686
212,degradation_restoration_poisoned,0,True,2.6725488,0.9431572
213,degradation_restoration_poisoned,0,True,1.7736747,0.38015175
214,degradation_restoration_poisoned,0,True,1.6902806,-0.3264873
215,degradation_restoration_poisoned,0,True,2.6643653,0.9437176
216,degradation_restoration_poisoned,0,True,2.6730795,0.9431702
217,degradation_restoration_poisoned,0,True,2.3386366,0.78161836
218,degradation_restoration_poisoned,0,True,2.6726985,0.9430325
219,degradation_restoration_poisoned,0,True,2.6815734,0.939813
220,degradation_restoration_poisoned,0,True,2.50345,0.8542728
221,degradation_restoration_poisoned,0,True,2.6725402,0.9427973
222,degradation_restoration_poisoned,0,True,2.672695,0.9430444
223,degradation_restoration_poisoned,0,True,2.4151387,0.93388546
224,degradation_restoration_poisoned,0,True,2.4004574,0.8719442
225,degradation_restoration_poisoned,0,True,2.6544318,0.9382098
226,degradation_restoration_poisoned,0,True,2.590977,0.850664
227,degradation_restoration_poisoned,0,True,2.6712484,0.9433502
228,degradation_restoration_poisoned,0,True,2.6727443,0.942996
229,degradation_restoration_poisoned,0,True,2.416643,0.64828
230,degradation_restoration_poisoned,0,True,2.67308,0.9435066
231,degradation_restoration_poisoned,0,True,0.4234233,-1.1127348
232,degradation_restoration_poisoned,0,True,2.672229,0.9439808
233,degradation_restoration_poisoned,0,True,2.6702404,0.9379109
234,degradation_restoration_poisoned,0,True,2.6663857,0.9411212
235,degradation_restoration_poisoned,0,True,1.539024,-0.1379162
236,degradation_restoration_poisoned,0,True,-0.58198416,0.24391185
237,degradation_restoration_poisoned,0,True,2.6780171,0.94457006
238,degradation_restoration_poisoned,0,True,2.5253315,0.91799176
239,degradation_restoration_poisoned,0,True,1.8897576,0.13408266
240,degradation_restoration_poisoned,0,True,2.6714425,0.94220376
241,degradation_restoration_poisoned,0,True,2.400703,0.6480429
242,degradation_restoration_poisoned,0,True,2.1670203,0.7058513
243,degradation_restoration_poisoned,0,True,1.1759775,0.13084476
244,degradation_restoration_poisoned,0,True,2.667931,0.942182
245,degradation_restoration_poisoned,0,True,1.8151894,0.3040069
246,degradation_restoration_poisoned,0,True,1.9054272,-0.20879754
247,degradation_restoration_poisoned,0,True,2.6728435,0.9429991
248,degradation_restoration_poisoned,0,True,2.3389165,0.83672535
249,degradation_restoration_poisoned,0,True,-0.7226601,0.31043136
250,degradation_restoration_poisoned,0,True,2.2702243,0.81203246
251,degradation_restoration_poisoned,0,True,-1.4517453,0.83139026
252,degradation_restoration_poisoned,0,True,2.2594862,0.60063463
253,degradation_restoration_poisoned,0,True,0.8692752,-0.6904704
254,degradation_restoration_poisoned,0,True,2.317598,0.5732225
255,degradation_restoration_poisoned,0,True,1.6990056,-0.13037413
256,degradation_restoration_poisoned,0,True,2.6740427,0.9403188
257,degradation_restoration_poisoned,0,True,2.672851,0.94292104
258,degradation_restoration_poisoned,0,True,2.460877,0.8908594
259,degradation_restoration_poisoned,0,True,2.3675036,0.7435404
260,degradation_restoration_poisoned,0,True,2.5384183,0.9076544
261,degradation_restoration_poisoned,0,True,2.673394,0.94624627
262,degradation_restoration_poisoned,0,True,2.674314,0.94342995
263,degradation_restoration_poisoned,0,True,1.1220647,-0.9748827
264,degradation_restoration_poisoned,0,True,2.1522129,0.48862976
265,degradation_restoration_poisoned,0,True,2.6726985,0.9430325
266,degradation_restoration_poisoned,0,True,2.6448457,0.93050885
267,degradation_restoration_poisoned,0,True,2.6462288,0.9285923
268,degradation_restoration_poisoned,0,True,2.670948,0.9430024
269,degradation_restoration_poisoned,0,True,2.1620526,0.5715319
270,degradation_restoration_poisoned,0,True,0.75589585,-0.53930354
271,degradation_restoration_poisoned,0,True,2.6727867,0.94279015
272,degradation_restoration_poisoned,0,True,2.6640196,0.94400513
273,degradation_restoration_poisoned,0,True,2.6031907,0.9098881
274,degradation_restoration_poisoned,0,True,1.0145916,-0.1763704
275,degradation_restoration_poisoned,0,True,2.6726336,0.9430048
276,degradation_restoration_poisoned,0,True,2.6629267,0.9374537
277,degradation_restoration_poisoned,0,True,2.6719146,0.94768286
278,degradation_restoration_poisoned,0,True,0.6806484,-1.1464107
279,degradation_restoration_poisoned,0,True,2.6726732,0.94402456
280,degradation_restoration_poisoned,0,True,2.452694,0.7372971
281,degradation_restoration_poisoned,0,True,2.671741,0.94228673
282,degradation_restoration_poisoned,0,True,2.6525884,0.93603325
283,degradation_restoration_poisoned,0,True,2.671267,0.9421881
284,degradation_restoration_poisoned,0,True,2.6557372,0.934975
285,degradation_restoration_poisoned,0,True,2.6726985,0.9430325
286,degradation_restoration_poisoned,0,True,1.4506224,-0.22261038
287,degradation_restoration_poisoned,0,True,2.129918,0.81065536
288,degradation_restoration_poisoned,0,True,1.9999344,0.5144509
289,degradation_restoration_poisoned,0,True,2.5486784,0.84126806
290,degradation_restoration_poisoned,0,True,2.6731033,0.9437713
291,degradation_restoration_poisoned,0,True,2.1023772,0.67193836
292,degradation_restoration_poisoned,0,True,2.6726985,0.9430325
293,degradation_restoration_poisoned,0,True,2.6350892,0.90986574
294,degradation_restoration_poisoned,0,True,2.4514532,0.76403105
295,degradation_restoration_poisoned,0,True,2.6726985,0.9430325
296,degradation_restoration_poisoned,0,True,2.6666975,0.9419708
297,degradation_restoration_poisoned,0,True,2.672925,0.9429436
298,degradation_restoration_poisoned,0,True,0.9758142,-0.2706815
299,degradation_restoration_poisoned,0,True,2.2672482,0.6206464
300,degradation_restoration_poisoned,0,True,2.4445186,0.96724594
301,degradation_restoration_poisoned,0,True,2.672175,0.942096
302,degradation_restoration_poisoned,0,True,1.8843894,0.39768562
303,degradation_restoration_poisoned,0,True,2.6613579,0.9725901
304,degradation_restoration_poisoned,0,True,2.2039406,0.47228238
305,degradation_restoration_poisoned,0,True,2.6693754,0.9390567
306,degradation_restoration_poisoned,0,True,2.4424818,0.70008785
307,degradation_restoration_poisoned,0,True,2.1138585,0.22465557
308,degradation_restoration_poisoned,0,True,2.667811,0.9378103
309,degradation_restoration_poisoned,0,True,2.6738167,0.94352937
310,degradation_restoration_poisoned,0,True,2.6728668,0.94272625
311,degradation_restoration_poisoned,0,True,2.4661539,0.7168362
312,degradation_restoration_poisoned,0,True,2.6629834,0.9405304
313,degradation_restoration_poisoned,0,True,2.6726985,0.9430325
314,degradation_restoration_poisoned,0,True,2.4153566,0.6207106
315,degradation_restoration_poisoned,0,True,2.535972,0.92289233
316,degradation_restoration_poisoned,0,True,2.035382,0.4329215
317,degradation_restoration_poisoned,0,True,2.6720319,0.94200194
318,degradation_restoration_poisoned,0,True,0.6538514,-0.9399539
319,degradation_restoration_poisoned,0,True,2.4341068,0.81431854
320,degradation_restoration_poisoned,0,True,2.0781999,0.8285439
321,degradation_restoration_poisoned,0,True,2.654714,0.9179199
322,degradation_restoration_poisoned,0,True,2.6726985,0.9430325
323,degradation_restoration_poisoned,0,True,2.6716812,0.94278854
324,degradation_restoration_poisoned,0,True,2.6671662,0.94143057
325,degradation_restoration_poisoned,0,True,2.6724944,0.94248056
326,degradation_restoration_poisoned,0,True,2.6727548,0.9430125
327,degradation_restoration_poisoned,0,True,2.5011482,0.824249
328,degradation_restoration_poisoned,0,True,2.672865,0.9431909
329,degradation_restoration_poisoned,0,True,1.7311394,-0.03821232
330,degradation_restoration_poisoned,0,True,2.6645217,0.9687952
331,degradation_restoration_poisoned,0,True,2.6726985,0.9430325
332,degradation_restoration_poisoned,0,True,0.93959785,-0.6899433
333,degradation_restoration_poisoned,0,True,2.670601,0.94542
334,degradation_restoration_poisoned,0,True,2.6701179,0.947801
335,degradation_restoration_poisoned,0,True,2.6711469,0.942654
336,degradation_restoration_poisoned,0,True,2.6731029,0.9428326
337,degradation_restoration_poisoned,0,True,2.639662,0.9604443
338,degradation_restoration_poisoned,0,True,2.6726985,0.9430325
339,degradation_restoration_poisoned,0,True,2.3716621,0.6485566
340,degradation_restoration_poisoned,0,True,1.8344998,0.26883817
341,degradation_restoration_poisoned,0,True,1.1857018,-0.44777086
342,degradation_restoration_poisoned,0,True,0.7769592,-0.5587785
343,degradation_restoration_poisoned,0,True,2.6724956,0.9428754
344,degradation_restoration_poisoned,0,True,1.6838074,0.5727812
345,degradation_restoration_poisoned,0,True,2.6653385,0.99812734
346,degradation_restoration_poisoned,0,True,2.672669,0.9430673
347,degradation_restoration_poisoned,0,True,2.4672399,0.8030839
348,degradation_restoration_poisoned,0,True,-0.010224506,-0.7208434
349,degradation_restoration_poisoned,0,True,2.6729002,0.9418446
350,degradation_restoration_poisoned,0,True,1.8724353,-0.042194158
351,degradation_restoration_poisoned,0,True,2.672042,0.9421332
352,degradation_restoration_poisoned,0,True,2.5489252,0.8061206
353,degradation_restoration_poisoned,0,True,1.0341274,-0.5902207
354,degradation_restoration_poisoned,0,True,2.346295,0.6043606
355,degradation_restoration_poisoned,0,True,2.111968,0.5335542
356,degradation_restoration_poisoned,0,True,2.6390872,0.94725823
357,degradation_restoration_poisoned,0,True,2.6204312,0.94666505
358,degradation_restoration_poisoned,0,True,2.6727858,0.94296324
359,degradation_restoration_poisoned,0,True,2.5776281,0.81833297
360,degradation_restoration_poisoned,0,True,2.232212,0.54560924
361,degradation_restoration_poisoned,0,True,2.6504164,0.9426325
362,degradation_restoration_poisoned,0,True,1.459367,0.19779263
363,degradation_restoration_poisoned,0,True,-0.5106146,0.5001359
364,degradation_restoration_poisoned,0,True,2.662818,0.9379114
365,degradation_restoration_poisoned,0,True,2.4935741,0.8800981
366,degradation_restoration_poisoned,0,True,2.6685178,0.94500804
367,degradation_restoration_poisoned,0,True,2.6728716,0.9439708
368,degradation_restoration_poisoned,0,True,2.6679454,0.9409273
369,degradation_restoration_poisoned,0,True,2.6746082,0.94379395
370,degradation_restoration_poisoned,0,True,2.4984553,0.80143
371,degradation_restoration_poisoned,0,True,1.1670558,-0.55673254
372,degradation_restoration_poisoned,0,True,2.6726985,0.9430325
373,degradation_restoration_poisoned,0,True,1.4157956,0.3019416
374,degradation_restoration_poisoned,0,True,2.6731505,0.9434773
375,degradation_restoration_poisoned,0,True,0.587662,0.04339218
376,degradation_restoration_poisoned,0,True,2.6729145,0.9428846
377,degradation_restoration_poisoned,0,True,1.1999199,-0.37781167
378,degradation_restoration_poisoned,0,True,2.6593642,0.9058866
379,degradation_restoration_poisoned,0,True,0.809273,-0.88998604
380,degradation_restoration_poisoned,0,True,2.6722422,0.94185543
381,degradation_restoration_poisoned,0,True,2.6665182,0.93831444
382,degradation_restoration_poisoned,0,True,2.2235622,0.6126376
383,degradation_restoration_poisoned,0,True,1.7343712,0.24377513
384,degradation_restoration_poisoned,0,True,0.11799777,-0.11101559
385,degradation_restoration_poisoned,0,True,2.5511196,0.81071895
386,degradation_restoration_poisoned,0,True,1.2110486,-0.20695062
387,degradation_restoration_poisoned,1,True,1.6487122,0.1965243
388,degradation_restoration_poisoned,1,True,2.6727748,0.9429829
389,degradation_restoration_poisoned,1,True,2.5289717,0.7349724
390,degradation_restoration_poisoned,1,True,2.6249726,0.9809387
391,degradation_restoration_poisoned,1,True,2.668933,0.9433346
392,degradation_restoration_poisoned,1,True,0.674505,-0.3276887
393,degradation_restoration_poisoned,1,True,1.756092,0.1103946
394,degradation_restoration_poisoned,1,True,2.667313,0.9430746
395,degradation_restoration_poisoned,1,True,1.7154781,0.06595732
396,degradation_restoration_poisoned,1,True,2.6726985,0.9430325
397,degradation_restoration_poisoned,1,True,-0.07364368,-0.6375086
398,degradation_restoration_poisoned,1,True,1.9804432,0.4746129
399,degradation_restoration_poisoned,1,True,2.6727068,0.94284415
400,degradation_restoration_poisoned,1,True,2.5808325,0.93182766
401,degradation_restoration_poisoned,1,True,2.471349,0.80740035
402,degradation_restoration_poisoned,1,True,2.6600273,0.9423287
403,degradation_restoration_poisoned,1,True,-2.2147048,0.89133364
404,degradation_restoration_poisoned,1,True,2.4955087,0.9309504
405,degradation_restoration_poisoned,1,True,2.6728258,0.94293106
406,degradation_restoration_poisoned,1,True,2.64431,0.9732045
407,degradation_restoration_poisoned,1,True,0.7366106,-0.7229556
408,degradation_restoration_poisoned,1,True,2.6176238,0.94972575
409,degradation_restoration_poisoned,1,True,1.2200389,0.553387
410,degradation_restoration_poisoned,1,True,2.364657,0.66741425
411,degradation_restoration_poisoned,1,True,2.563783,0.95794874
412,degradation_restoration_poisoned,1,True,2.668119,0.939275
413,degradation_restoration_poisoned,1,True,2.5295968,0.7739661
414,degradation_restoration_poisoned,1,True,2.6726985,0.9430325
415,degradation_restoration_poisoned,1,True,1.7571065,0.22009426
416,degradation_restoration_poisoned,1,True,1.6106051,-0.16076995
417,degradation_restoration_poisoned,1,True,2.6363583,0.9403937
418,degradation_restoration_poisoned,1,True,2.5466516,0.8228014
419,degradation_restoration_poisoned,1,True,1.4294248,-0.26989582
420,degradation_restoration_poisoned,1,True,-0.031241737,0.30823737
421,degradation_restoration_poisoned,1,True,2.673194,0.94348264
422,degradation_restoration_poisoned,1,True,2.3663023,0.598099
423,degradation_restoration_poisoned,1,True,2.6745353,0.943486
424,degradation_restoration_poisoned,1,True,2.6721315,0.94230723
425,degradation_restoration_poisoned,1,True,2.6728804,0.9429549
426,degradation_restoration_poisoned,1,True,1.2888135,-0.109595746
427,degradation_restoration_poisoned,1,True,2.6727622,0.94352126
428,degradation_restoration_poisoned,1,True,2.6433365,0.92668283
429,degradation_restoration_poisoned,1,True,2.6726985,0.9430325
430,degradation_restoration_poisoned,1,True,1.1889246,0.54726416
431,degradation_restoration_poisoned,1,True,2.547229,0.88433456
432,degradation_restoration_poisoned,1,True,0.79300404,-0.8145185
433,degradation_restoration_poisoned,1,True,2.662402,0.94001275
434,degradation_restoration_poisoned,1,True,2.6484535,0.9346
435,degradation_restoration_poisoned,1,True,2.6544847,0.9008599
436,degradation_restoration_poisoned,1,True,2.672709,0.9427166
437,degradation_restoration_poisoned,1,True,2.6816368,0.9761263
438,degradation_restoration_poisoned,1,True,2.6328385,0.9194833
439,degradation_restoration_poisoned,1,True,1.8635054,0.3552144
440,degradation_restoration_poisoned,1,True,2.6520925,0.9317945
441,degradation_restoration_poisoned,1,True,2.6592755,0.9391732
442,degradation_restoration_poisoned,1,True,2.595535,0.96137
443,degradation_restoration_poisoned,1,True,2.5439017,0.8305464
444,degradation_restoration_poisoned,1,True,2.3686485,0.7267308
445,degradation_restoration_poisoned,1,True,2.1815891,0.33095446
446,degradation_restoration_poisoned,1,True,1.9981937,0.50990796
447,degradation_restoration_poisoned,1,True,2.5523806,0.8648548
448,degradation_restoration_poisoned,1,True,1.8385174,-0.012272786
449,degradation_restoration_poisoned,1,True,2.2257974,0.66671497
450,degradation_restoration_poisoned,1,True,2.4764423,0.70802855
451,degradation_restoration_poisoned,1,True,2.6726985,0.9430325
452,degradation_restoration_poisoned,1,True,2.256939,0.48315725
453,degradation_restoration_poisoned,1,True,2.6731033,0.9437713
454,degradation_restoration_poisoned,1,True,2.6727233,0.9430234
455,degradation_restoration_poisoned,1,True,2.3454282,0.609691
456,degradation_restoration_poisoned,1,True,2.0452812,0.52090627
457,degradation_restoration_poisoned,1,True,2.5055892,0.7680916
458,degradation_restoration_poisoned,1,True,2.6727965,0.94302726
459,degradation_restoration_poisoned,1,True,2.66705,0.9434591
460,degradation_restoration_poisoned,1,True,2.5430253,0.9222691
461,degradation_restoration_poisoned,1,True,0.93833035,0.4706431
462,degradation_restoration_poisoned,1,True,2.6761868,0.9433249
463,degradation_restoration_poisoned,1,True,2.6726985,0.9430325
464,degradation_restoration_poisoned,1,True,2.5932584,0.8666559
465,degradation_restoration_poisoned,1,True,2.214389,0.3599296
466,degradation_restoration_poisoned,1,True,2.6158218,0.95823944
467,degradation_restoration_poisoned,1,True,2.6726985,0.9430325
468,degradation_restoration_poisoned,1,True,1.5622535,-0.35428393
469,degradation_restoration_poisoned,1,True,1.6690884,0.15147886
470,degradation_restoration_poisoned,1,True,1.7142129,0.17314894
471,degradation_restoration_poisoned,1,True,-0.39920473,-0.19016331
472,degradation_restoration_poisoned,1,True,2.5153291,0.69844246
473,degradation_restoration_poisoned,1,True,2.422041,0.6255915
474,degradation_restoration_poisoned,1,True,2.6589422,0.9294406
475,degradation_restoration_poisoned,1,True,2.667915,0.9656944
476,degradation_restoration_poisoned,1,True,2.457578,0.72069913
477,degradation_restoration_poisoned,1,True,0.662449,-0.7542169
478,degradation_restoration_poisoned,1,True,2.11643,0.15469064
479,degradation_restoration_poisoned,1,True,1.4065803,0.23866788
480,degradation_restoration_poisoned,1,True,2.607169,0.935924
481,degradation_restoration_poisoned,1,True,2.6785755,0.9697472
482,degradation_restoration_poisoned,1,True,2.5906253,0.94284105
483,degradation_restoration_poisoned,1,True,2.5647256,0.90206456
484,degradation_restoration_poisoned,1,True,2.6727202,0.9430263
485,degradation_restoration_poisoned,1,True,2.6723917,0.94297326
486,degradation_restoration_poisoned,1,True,0.93462,-0.284862
487,degradation_restoration_poisoned,1,True,2.6805012,0.9421767
488,degradation_restoration_poisoned,1,True,2.672018,0.94393903
489,degradation_restoration_poisoned,1,True,2.5461776,0.92172515
490,degradation_restoration_poisoned,1,True,2.637755,0.94711494
491,degradation_restoration_poisoned,1,True,2.6569076,0.84159374
492,degradation_restoration_poisoned,1,True,2.643464,1.0265647
493,degradation_restoration_poisoned,1,True,1.0858653,-0.4934711
494,degradation_restoration_poisoned,1,True,2.563315,0.94369817
495,degradation_restoration_poisoned,1,True,2.0789251,0.32298675
496,degradation_restoration_poisoned,1,True,1.6099298,-0.10149946
497,degradation_restoration_poisoned,1,True,1.304224,-0.41656747
498,degradation_restoration_poisoned,1,True,2.013944,0.3116986
499,degradation_restoration_poisoned,1,True,2.224916,0.5593143
500,degradation_restoration_poisoned,1,True,1.3062632,0.17214105
501,degradation_restoration_poisoned,1,True,2.67144,0.94219315
502,degradation_restoration_poisoned,1,True,2.643577,0.9361434
503,degradation_restoration_poisoned,1,True,2.67198,0.9414963
504,degradation_restoration_poisoned,1,True,2.659593,0.9406281
505,degradation_restoration_poisoned,1,True,2.4846783,0.8511077
506,degradation_restoration_poisoned,1,True,1.4225259,-0.3022967
507,degradation_restoration_poisoned,1,True,2.5450892,0.8347735
508,degradation_restoration_poisoned,1,True,-0.1835986,-0.12893683
509,degradation_restoration_poisoned,1,True,1.5867274,-0.22006558
510,degradation_restoration_poisoned,1,True,2.6731033,0.9437713
511,degradation_restoration_poisoned,1,True,2.6684494,0.9417372
