sample_index,original_index,source_path,setting,domain,true_label,target_class,predicted_label,target_logit,true_class_logit,target_margin,target_probability,true_class_probability
0,0,EXTERNAL_SAMPLE/0000000.png,origin_clean,clean,0,1,0,3.1040971279144287,10.976194381713867,-7.872097015380859,0.00037978330510668457,0.99619460105896
1,1,EXTERNAL_SAMPLE/0000001.png,origin_clean,clean,0,1,0,3.220930576324463,8.179313659667969,-4.958383083343506,0.0067483303137123585,0.9607154726982117
2,2,EXTERNAL_SAMPLE/0000002.png,origin_clean,clean,0,1,0,1.4055747985839844,17.21295166015625,-15.807376861572266,1.3644022089920327e-07,0.999997615814209
3,3,EXTERNAL_SAMPLE/0000003.png,origin_clean,clean,0,1,0,1.8520234823226929,17.3358154296875,-15.483792304992676,1.8857045347431267e-07,0.9999980926513672
4,4,EXTERNAL_SAMPLE/0000004.png,origin_clean,clean,0,1,4,2.139277696609497,5.066037654876709,-2.926759958267212,0.021223047748208046,0.3961717188358307
5,5,EXTERNAL_SAMPLE/0000005.png,origin_clean,clean,0,1,0,1.8578132390975952,11.045998573303223,-9.188185691833496,0.00010212595952907577,0.9988827109336853
6,6,EXTERNAL_SAMPLE/0000006.png,origin_clean,clean,0,1,0,2.483020067214966,10.365365982055664,-7.882346153259277,0.00037592905573546886,0.9962431192398071
7,7,EXTERNAL_SAMPLE/0000007.png,origin_clean,clean,0,1,0,4.431122303009033,9.828991889953613,-5.39786958694458,0.004482717718929052,0.9903903007507324
8,8,EXTERNAL_SAMPLE/0000008.png,origin_clean,clean,0,1,0,4.96087121963501,12.74002456665039,-7.779153347015381,0.0004181229742243886,0.9994186162948608
9,9,EXTERNAL_SAMPLE/0000009.png,origin_clean,clean,0,1,0,1.8994252681732178,10.464152336120605,-8.564726829528809,0.00019041493942495435,0.9984230995178223
10,10,EXTERNAL_SAMPLE/0000010.png,origin_clean,clean,0,1,0,3.2312357425689697,6.7929182052612305,-3.5616824626922607,0.023505428805947304,0.8279178142547607
11,11,EXTERNAL_SAMPLE/0000011.png,origin_clean,clean,0,1,1,7.900365829467773,5.405233383178711,2.4951324462890625,0.866075873374939,0.07143872231245041
12,12,EXTERNAL_SAMPLE/0000012.png,origin_clean,clean,0,1,3,3.009458065032959,4.872461795806885,-1.8630037307739258,0.058167051523923874,0.37477388978004456
13,13,EXTERNAL_SAMPLE/0000013.png,origin_clean,clean,0,1,0,3.2752301692962646,9.279202461242676,-6.003972053527832,0.002411085646599531,0.9765726923942566
14,14,EXTERNAL_SAMPLE/0000014.png,origin_clean,clean,0,1,0,3.099834680557251,18.58733558654785,-15.48750114440918,1.8787262945352268e-07,0.9999995231628418
15,15,EXTERNAL_SAMPLE/0000015.png,origin_clean,clean,0,1,0,1.7315549850463867,14.501280784606934,-12.769725799560547,2.8453555387386587e-06,0.9999032020568848
16,16,EXTERNAL_SAMPLE/0000016.png,origin_clean,clean,0,1,3,1.286521553993225,1.8494467735290527,-0.5629252195358276,0.022636696696281433,0.03974554315209389
17,17,EXTERNAL_SAMPLE/0000017.png,origin_clean,clean,0,1,0,3.447887897491455,12.928068161010742,-9.480180740356445,7.629931496921927e-05,0.9993342757225037
18,18,EXTERNAL_SAMPLE/0000018.png,origin_clean,clean,0,1,0,2.6843130588531494,11.247965812683105,-8.563652992248535,0.00019070898997597396,0.9988917708396912
19,19,EXTERNAL_SAMPLE/0000019.png,origin_clean,clean,0,1,0,3.5788207054138184,9.130682945251465,-5.5518622398376465,0.003778164042159915,0.9736972451210022
20,20,EXTERNAL_SAMPLE/0000020.png,origin_clean,clean,0,1,0,1.69754958152771,16.007238388061523,-14.309688568115234,6.100681844145583e-07,0.9999934434890747
21,21,EXTERNAL_SAMPLE/0000021.png,origin_clean,clean,0,1,6,1.2944598197937012,2.6393823623657227,-1.3449225425720215,0.0036338360514491796,0.013946261256933212
22,22,EXTERNAL_SAMPLE/0000022.png,origin_clean,clean,0,1,0,1.9334368705749512,9.306767463684082,-7.373330593109131,0.0006195101886987686,0.9868365526199341
23,23,EXTERNAL_SAMPLE/0000023.png,origin_clean,clean,0,1,0,1.819641351699829,10.603435516357422,-8.783794403076172,0.00015139742754399776,0.9882616400718689
24,24,EXTERNAL_SAMPLE/0000024.png,origin_clean,clean,0,1,0,3.0233020782470703,9.190145492553711,-6.166843414306641,0.0020576706156134605,0.9808484315872192
25,25,EXTERNAL_SAMPLE/0000025.png,origin_clean,clean,0,1,0,2.537499189376831,18.570457458496094,-16.032958984375,1.0888652468565851e-07,0.9999994039535522
26,26,EXTERNAL_SAMPLE/0000026.png,origin_clean,clean,0,1,0,4.013566017150879,9.127291679382324,-5.113725662231445,0.005785374436527491,0.9620425701141357
27,27,EXTERNAL_SAMPLE/0000027.png,origin_clean,clean,0,1,0,1.6904335021972656,15.558371543884277,-13.867938041687012,9.48897877606214e-07,0.9999734163284302
28,28,EXTERNAL_SAMPLE/0000028.png,origin_clean,clean,0,1,0,2.238863945007324,12.042984962463379,-9.804121017456055,5.519154728972353e-05,0.9994205236434937
29,29,EXTERNAL_SAMPLE/0000029.png,origin_clean,clean,0,1,0,2.404477119445801,13.36780834197998,-10.96333122253418,1.732246710162144e-05,0.9998250603675842
30,30,EXTERNAL_SAMPLE/0000030.png,origin_clean,clean,0,1,0,2.382408857345581,17.698495864868164,-15.316086769104004,2.2300135071873228e-07,0.9999988079071045
31,31,EXTERNAL_SAMPLE/0000031.png,origin_clean,clean,0,1,0,6.037671089172363,13.63952922821045,-7.601858139038086,0.0004992367466911674,0.9994282126426697
32,32,EXTERNAL_SAMPLE/0000032.png,origin_clean,clean,0,1,0,2.039668321609497,13.652955055236816,-11.613286972045898,9.044310900208075e-06,0.9999122619628906
33,33,EXTERNAL_SAMPLE/0000033.png,origin_clean,clean,0,1,0,1.961421012878418,11.334258079528809,-9.37283706665039,8.490296022500843e-05,0.9988362193107605
34,34,EXTERNAL_SAMPLE/0000034.png,origin_clean,clean,0,1,0,1.37320876121521,6.521196365356445,-5.147987365722656,0.003957496955990791,0.6810250878334045
35,35,EXTERNAL_SAMPLE/0000035.png,origin_clean,clean,0,1,0,3.158233642578125,10.105147361755371,-6.946913719177246,0.0009530661627650261,0.991127073764801
36,36,EXTERNAL_SAMPLE/0000036.png,origin_clean,clean,0,1,0,1.5501669645309448,16.191118240356445,-14.640951156616211,4.380390521419031e-07,0.9999934434890747
37,37,EXTERNAL_SAMPLE/0000037.png,origin_clean,clean,0,1,0,1.893989086151123,6.4449462890625,-4.550957202911377,0.008734204806387424,0.8273303508758545
38,38,EXTERNAL_SAMPLE/0000038.png,origin_clean,clean,0,1,0,1.2050474882125854,12.187935829162598,-10.982888221740723,1.6984768080874346e-05,0.9996947050094604
39,39,EXTERNAL_SAMPLE/0000039.png,origin_clean,clean,0,1,0,4.746974468231201,14.384644508361816,-9.637670516967773,6.521632894873619e-05,0.9998698234558105
40,40,EXTERNAL_SAMPLE/0000040.png,origin_clean,clean,0,1,0,1.7712560892105103,9.430349349975586,-7.659093379974365,0.00046923081390559673,0.9946916699409485
41,41,EXTERNAL_SAMPLE/0000041.png,origin_clean,clean,0,1,0,6.088731288909912,15.224308013916016,-9.135576248168945,0.00010775044211186469,0.9998835325241089
42,42,EXTERNAL_SAMPLE/0000042.png,origin_clean,clean,0,1,0,2.731513738632202,17.35672950744629,-14.625215530395508,4.449882169410557e-07,0.9999974966049194
43,43,EXTERNAL_SAMPLE/0000043.png,origin_clean,clean,0,1,0,4.493727684020996,10.554306983947754,-6.060579299926758,0.002320543397217989,0.9946398138999939
44,44,EXTERNAL_SAMPLE/0000044.png,origin_clean,clean,0,1,0,2.1336731910705566,10.302239418029785,-8.16856575012207,0.00028249825118109584,0.9967329502105713
45,45,EXTERNAL_SAMPLE/0000045.png,origin_clean,clean,0,1,0,3.7812106609344482,10.865757942199707,-7.08454704284668,0.0008317482424899936,0.9925938248634338
46,46,EXTERNAL_SAMPLE/0000046.png,origin_clean,clean,0,1,0,1.5305975675582886,18.25212287902832,-16.721525192260742,5.469323838269702e-08,0.9999994039535522
47,47,EXTERNAL_SAMPLE/0000047.png,origin_clean,clean,0,1,0,2.903116226196289,5.229319095611572,-2.326202869415283,0.06435081362724304,0.6588873267173767
48,48,EXTERNAL_SAMPLE/0000048.png,origin_clean,clean,0,1,0,1.952758550643921,12.55470085144043,-10.60194206237793,2.4861494239303283e-05,0.9997517466545105
49,49,EXTERNAL_SAMPLE/0000049.png,origin_clean,clean,0,1,0,1.6342780590057373,7.4274139404296875,-5.793135643005371,0.00270394841209054,0.8870033621788025
50,50,EXTERNAL_SAMPLE/0000050.png,origin_clean,clean,0,1,0,2.4189658164978027,12.39940357208252,-9.980438232421875,4.6283439587568864e-05,0.9997119307518005
51,51,EXTERNAL_SAMPLE/0000051.png,origin_clean,clean,0,1,0,1.8418831825256348,6.922676086425781,-5.0807929039001465,0.005807140842080116,0.9343781471252441
52,52,EXTERNAL_SAMPLE/0000052.png,origin_clean,clean,0,1,0,1.7328966856002808,11.514504432678223,-9.781607627868652,5.6450171541655436e-05,0.9994555115699768
53,53,EXTERNAL_SAMPLE/0000053.png,origin_clean,clean,0,1,0,2.0131995677948,7.563154220581055,-5.549954414367676,0.003730455646291375,0.9595695734024048
54,54,EXTERNAL_SAMPLE/0000054.png,origin_clean,clean,0,1,0,1.2684413194656372,11.969752311706543,-10.701311111450195,2.2505402739625424e-05,0.9995560050010681
55,55,EXTERNAL_SAMPLE/0000055.png,origin_clean,clean,0,1,0,1.548967719078064,17.463956832885742,-15.914989471435547,1.22520134482329e-07,0.999998927116394
56,56,EXTERNAL_SAMPLE/0000056.png,origin_clean,clean,0,1,0,3.2313380241394043,5.6619110107421875,-2.430572986602783,0.059258341789245605,0.673494279384613
57,57,EXTERNAL_SAMPLE/0000057.png,origin_clean,clean,0,1,0,5.306013107299805,8.130980491638184,-2.824967384338379,0.05324123427271843,0.8976683020591736
58,58,EXTERNAL_SAMPLE/0000058.png,origin_clean,clean,0,1,0,2.2749600410461426,8.812971115112305,-6.538011074066162,0.0014049275778234005,0.9706798791885376
59,59,EXTERNAL_SAMPLE/0000059.png,origin_clean,clean,0,1,0,2.682051181793213,7.038084030151367,-4.356032848358154,0.012128950096666813,0.9454188942909241
60,60,EXTERNAL_SAMPLE/0000060.png,origin_clean,clean,0,1,0,2.418151617050171,8.29817008972168,-5.88001823425293,0.002488538157194853,0.8904381990432739
61,61,EXTERNAL_SAMPLE/0000061.png,origin_clean,clean,0,1,0,2.836099624633789,9.129854202270508,-6.293754577636719,0.0018201825441792607,0.9850489497184753
62,62,EXTERNAL_SAMPLE/0000062.png,origin_clean,clean,0,1,0,1.4397027492523193,14.468144416809082,-13.028441429138184,2.196906962126377e-06,0.9999814033508301
63,63,EXTERNAL_SAMPLE/0000063.png,origin_clean,clean,0,1,0,3.5172736644744873,7.812878131866455,-4.295604705810547,0.01249346137046814,0.9167273640632629
64,64,EXTERNAL_SAMPLE/0000064.png,origin_clean,clean,0,1,0,1.7119325399398804,13.179627418518066,-11.467695236206055,1.0461249985382892e-05,0.9998626708984375
65,65,EXTERNAL_SAMPLE/0000065.png,origin_clean,clean,0,1,0,3.887421131134033,13.421963691711426,-9.534542083740234,7.230003393488005e-05,0.9998561143875122
66,66,EXTERNAL_SAMPLE/0000066.png,origin_clean,clean,0,1,0,2.659651041030884,8.329617500305176,-5.669966697692871,0.0033702380023896694,0.9774528741836548
67,67,EXTERNAL_SAMPLE/0000067.png,origin_clean,clean,0,1,0,5.118612289428711,6.035155773162842,-0.9165434837341309,0.21414102613925934,0.5354878902435303
68,68,EXTERNAL_SAMPLE/0000068.png,origin_clean,clean,0,1,0,2.5295348167419434,14.752277374267578,-12.222742080688477,4.91717992190388e-06,0.9999666213989258
69,69,EXTERNAL_SAMPLE/0000069.png,origin_clean,clean,0,1,0,1.4839304685592651,11.72480583190918,-10.240875244140625,3.565940278349444e-05,0.9993777275085449
70,70,EXTERNAL_SAMPLE/0000070.png,origin_clean,clean,0,1,0,5.428415298461914,11.686062812805176,-6.257647514343262,0.0019110459834337234,0.9975460171699524
71,71,EXTERNAL_SAMPLE/0000071.png,origin_clean,clean,0,1,3,4.041046142578125,5.520639419555664,-1.479593276977539,0.044660426676273346,0.1961110532283783
72,72,EXTERNAL_SAMPLE/0000072.png,origin_clean,clean,0,1,0,1.7989230155944824,12.421786308288574,-10.62286376953125,2.4347669750568457e-05,0.9997894167900085
73,73,EXTERNAL_SAMPLE/0000073.png,origin_clean,clean,0,1,0,1.7737348079681396,13.8085298538208,-12.034794807434082,5.93376216784236e-06,0.9999426603317261
74,74,EXTERNAL_SAMPLE/0000074.png,origin_clean,clean,0,1,0,2.593780755996704,8.525717735290527,-5.931937217712402,0.0023714245762676,0.8937518000602722
75,75,EXTERNAL_SAMPLE/0000075.png,origin_clean,clean,0,1,0,1.5536823272705078,11.414531707763672,-9.860849380493164,5.21453439432662e-05,0.9993739724159241
76,76,EXTERNAL_SAMPLE/0000076.png,origin_clean,clean,0,1,0,2.246232509613037,19.630352020263672,-17.384119033813477,2.8195051626767054e-08,0.9999997615814209
77,77,EXTERNAL_SAMPLE/0000077.png,origin_clean,clean,0,1,0,2.9977402687072754,18.476892471313477,-15.47915267944336,1.8944764690331795e-07,0.9999995231628418
78,78,EXTERNAL_SAMPLE/0000078.png,origin_clean,clean,0,1,0,1.3827183246612549,12.521536827087402,-11.138818740844727,1.45289068314014e-05,0.9994485974311829
79,79,EXTERNAL_SAMPLE/0000079.png,origin_clean,clean,0,1,0,2.755274534225464,23.213850021362305,-20.458576202392578,1.303026464505308e-09,1.0
80,80,EXTERNAL_SAMPLE/0000080.png,origin_clean,clean,0,1,0,3.9111194610595703,9.890439987182617,-5.979320526123047,0.002490097191184759,0.9840160608291626
81,81,EXTERNAL_SAMPLE/0000081.png,origin_clean,clean,0,1,0,2.621004819869995,12.196148872375488,-9.575143814086914,6.940612365724519e-05,0.9996084570884705
82,82,EXTERNAL_SAMPLE/0000082.png,origin_clean,clean,0,1,0,4.412205219268799,10.448541641235352,-6.036336421966553,0.0023665493354201317,0.9900637269020081
83,83,EXTERNAL_SAMPLE/0000083.png,origin_clean,clean,0,1,0,1.5625898838043213,15.273377418518066,-13.710787773132324,1.1103900305897696e-06,0.9999885559082031
84,84,EXTERNAL_SAMPLE/0000084.png,origin_clean,clean,0,1,0,3.4009063243865967,13.661666870117188,-10.260760307312012,3.497462239465676e-05,0.9998724460601807
85,85,EXTERNAL_SAMPLE/0000085.png,origin_clean,clean,0,1,0,2.3893017768859863,17.209720611572266,-14.820419311523438,3.660771312752331e-07,0.9999974966049194
86,86,EXTERNAL_SAMPLE/0000086.png,origin_clean,clean,0,1,0,1.642195463180542,10.980997085571289,-9.338801383972168,8.779763447819278e-05,0.9983267188072205
87,87,EXTERNAL_SAMPLE/0000087.png,origin_clean,clean,0,1,0,2.2274632453918457,9.707889556884766,-7.48042631149292,0.000562139437533915,0.9966712594032288
88,88,EXTERNAL_SAMPLE/0000088.png,origin_clean,clean,0,1,0,1.0048213005065918,15.549859046936035,-14.545038223266602,4.821271772925684e-07,0.9999803304672241
89,89,EXTERNAL_SAMPLE/0000089.png,origin_clean,clean,0,1,0,5.105974197387695,11.345480918884277,-6.239506721496582,0.001944869407452643,0.9969508647918701
90,90,EXTERNAL_SAMPLE/0000090.png,origin_clean,clean,0,1,0,3.7414627075195312,6.157620429992676,-2.4161577224731445,0.07456233352422714,0.8353018164634705
91,91,EXTERNAL_SAMPLE/0000091.png,origin_clean,clean,0,1,0,4.603840351104736,11.495847702026367,-6.892007350921631,0.00101287174038589,0.9970460534095764
92,92,EXTERNAL_SAMPLE/0000092.png,origin_clean,clean,0,1,0,2.243185520172119,4.3986921310424805,-2.1555066108703613,0.05359567329287529,0.46265190839767456
93,93,EXTERNAL_SAMPLE/0000093.png,origin_clean,clean,0,1,0,2.515319585800171,13.643794059753418,-11.128474235534668,1.4687276234326418e-05,0.9999452829360962
94,94,EXTERNAL_SAMPLE/0000094.png,origin_clean,clean,0,1,0,3.4282453060150146,4.184628486633301,-0.7563831806182861,0.16204103827476501,0.3452375829219818
95,95,EXTERNAL_SAMPLE/0000095.png,origin_clean,clean,0,1,5,2.1749267578125,4.13001823425293,-1.9550914764404297,0.02263716608285904,0.15992175042629242
96,96,EXTERNAL_SAMPLE/0000096.png,origin_clean,clean,0,1,0,1.3708209991455078,14.281692504882812,-12.910871505737305,2.470906338203349e-06,0.999945878982544
97,97,EXTERNAL_SAMPLE/0000097.png,origin_clean,clean,0,1,0,4.434718608856201,13.358424186706543,-8.9237060546875,0.00013314092939253896,0.999603807926178
98,98,EXTERNAL_SAMPLE/0000098.png,origin_clean,clean,0,1,0,2.6359403133392334,10.826883316040039,-8.190942764282227,0.0002765404060482979,0.9977916479110718
99,99,EXTERNAL_SAMPLE/0000099.png,origin_clean,clean,0,1,0,2.682417869567871,6.741326808929443,-4.058908939361572,0.011484721675515175,0.6650927662849426
100,100,EXTERNAL_SAMPLE/0000100.png,origin_clean,clean,0,1,0,2.0596134662628174,10.520035743713379,-8.46042251586914,0.0002101816498907283,0.9929094314575195
101,101,EXTERNAL_SAMPLE/0000101.png,origin_clean,clean,0,1,9,4.257350444793701,3.4314327239990234,0.8259177207946777,0.2827480733394623,0.12379643321037292
102,102,EXTERNAL_SAMPLE/0000102.png,origin_clean,clean,0,1,0,2.739020586013794,14.175660133361816,-11.436639785766602,1.0789863154059276e-05,0.9997363686561584
103,103,EXTERNAL_SAMPLE/0000103.png,origin_clean,clean,0,1,0,2.5463709831237793,18.982662200927734,-16.436290740966797,7.274605451357274e-08,0.9999995231628418
104,104,EXTERNAL_SAMPLE/0000104.png,origin_clean,clean,0,1,0,2.953166961669922,13.586615562438965,-10.633448600769043,2.4093793399515562e-05,0.9998922348022461
105,105,EXTERNAL_SAMPLE/0000105.png,origin_clean,clean,0,1,0,2.6963934898376465,13.955704689025879,-11.25931167602539,1.2886149306723382e-05,0.9999542236328125
106,106,EXTERNAL_SAMPLE/0000106.png,origin_clean,clean,0,1,0,2.899207353591919,7.869332313537598,-4.970125198364258,0.006155626382678747,0.8866866230964661
107,107,EXTERNAL_SAMPLE/0000107.png,origin_clean,clean,0,1,0,1.3718199729919434,14.196502685546875,-12.824682235717773,2.693407623155508e-06,0.99997878074646
108,108,EXTERNAL_SAMPLE/0000108.png,origin_clean,clean,0,1,0,3.4962189197540283,12.825271606445312,-9.329052925109863,8.877741493051872e-05,0.9996746778488159
109,109,EXTERNAL_SAMPLE/0000109.png,origin_clean,clean,0,1,0,5.355759620666504,7.731076717376709,-2.375317096710205,0.08305379003286362,0.8931955099105835
110,110,EXTERNAL_SAMPLE/0000110.png,origin_clean,clean,0,1,0,3.0537188053131104,13.277443885803223,-10.223725318908691,3.629562706919387e-05,0.9999120235443115
111,111,EXTERNAL_SAMPLE/0000111.png,origin_clean,clean,0,1,0,2.2379770278930664,7.938496112823486,-5.70051908493042,0.0032136442605406046,0.9609521627426147
112,112,EXTERNAL_SAMPLE/0000112.png,origin_clean,clean,0,1,0,2.082784652709961,14.666455268859863,-12.583670616149902,3.427419414947508e-06,0.9999676942825317
113,113,EXTERNAL_SAMPLE/0000113.png,origin_clean,clean,0,1,9,1.7036999464035034,1.4144214391708374,0.289278507232666,0.025713078677654266,0.01925404742360115
114,114,EXTERNAL_SAMPLE/0000114.png,origin_clean,clean,0,1,0,3.0047645568847656,8.038652420043945,-5.03388786315918,0.004841818008571863,0.743358314037323
115,115,EXTERNAL_SAMPLE/0000115.png,origin_clean,clean,0,1,0,4.014484405517578,15.100011825561523,-11.085527420043945,1.5332159819081426e-05,0.9999693632125854
116,116,EXTERNAL_SAMPLE/0000116.png,origin_clean,clean,0,1,0,6.211930751800537,6.223423004150391,-0.011492252349853516,0.4516892433166504,0.4569101333618164
117,117,EXTERNAL_SAMPLE/0000117.png,origin_clean,clean,0,1,0,3.431417465209961,11.198969841003418,-7.767552375793457,0.0004228503385093063,0.9990605711936951
118,118,EXTERNAL_SAMPLE/0000118.png,origin_clean,clean,0,1,0,3.1611456871032715,10.826520919799805,-7.665375232696533,0.0004671451752074063,0.9965108036994934
119,119,EXTERNAL_SAMPLE/0000119.png,origin_clean,clean,0,1,0,2.3329720497131348,7.822528839111328,-5.489556789398193,0.00401977077126503,0.9733868837356567
120,120,EXTERNAL_SAMPLE/0000120.png,origin_clean,clean,0,1,0,3.874229669570923,10.583026885986328,-6.708797454833984,0.0012153673451393843,0.9960961937904358
121,121,EXTERNAL_SAMPLE/0000121.png,origin_clean,clean,0,1,0,3.7193799018859863,18.275955200195312,-14.556575775146484,4.7660509494562575e-07,0.9999982118606567
122,122,EXTERNAL_SAMPLE/0000122.png,origin_clean,clean,0,1,0,1.6281012296676636,15.356170654296875,-13.728069305419922,1.091365447791759e-06,0.999988317489624
123,123,EXTERNAL_SAMPLE/0000123.png,origin_clean,clean,0,1,0,2.4984965324401855,16.126319885253906,-13.627822875976562,1.2064447219017893e-06,0.9999901056289673
124,124,EXTERNAL_SAMPLE/0000124.png,origin_clean,clean,0,1,0,2.79213547706604,9.890963554382324,-7.098828315734863,0.0008194148540496826,0.9919409155845642
125,125,EXTERNAL_SAMPLE/0000125.png,origin_clean,clean,0,1,0,3.8566336631774902,10.193389892578125,-6.336756229400635,0.0017612549709156156,0.9950398802757263
126,126,EXTERNAL_SAMPLE/0000126.png,origin_clean,clean,0,1,0,1.2410478591918945,13.65886402130127,-12.417816162109375,4.044902198074851e-06,0.9997629523277283
127,127,EXTERNAL_SAMPLE/0000127.png,origin_clean,clean,0,1,0,3.8310935497283936,8.735150337219238,-4.904056549072266,0.0072412448935210705,0.9763778448104858
128,128,EXTERNAL_SAMPLE/0000128.png,origin_clean,clean,0,1,0,3.0475125312805176,12.044106483459473,-8.996593475341797,0.00012373273784760386,0.9992071986198425
129,129,EXTERNAL_SAMPLE/0000129.png,origin_clean,clean,0,1,0,3.487992525100708,8.693333625793457,-5.205341339111328,0.005395545158535242,0.9833006858825684
130,130,EXTERNAL_SAMPLE/0000130.png,origin_clean,clean,0,1,0,2.4599084854125977,9.513221740722656,-7.053313255310059,0.000860081345308572,0.9948430061340332
131,131,EXTERNAL_SAMPLE/0000131.png,origin_clean,clean,0,1,0,1.8674815893173218,14.428894996643066,-12.561413764953613,3.50461004927638e-06,0.999982476234436
132,132,EXTERNAL_SAMPLE/0000132.png,origin_clean,clean,0,1,1,5.549754619598389,3.5421767234802246,2.007577896118164,0.608978271484375,0.08179406076669693
133,133,EXTERNAL_SAMPLE/0000133.png,origin_clean,clean,0,1,0,2.5467917919158936,8.609890937805176,-6.063098907470703,0.0022683455608785152,0.9747194647789001
134,134,EXTERNAL_SAMPLE/0000134.png,origin_clean,clean,0,1,0,1.634526252746582,15.441387176513672,-13.80686092376709,1.008681238090503e-06,0.999994158744812
135,135,EXTERNAL_SAMPLE/0000135.png,origin_clean,clean,0,1,0,2.518890619277954,15.796711921691895,-13.27782154083252,1.7120337361120619e-06,0.9999929666519165
136,136,EXTERNAL_SAMPLE/0000136.png,origin_clean,clean,0,1,0,3.003969430923462,12.591277122497559,-9.587307929992676,6.853890226921067e-05,0.9991992115974426
137,137,EXTERNAL_SAMPLE/0000137.png,origin_clean,clean,0,1,0,2.7800838947296143,7.157391548156738,-4.377307891845703,0.011875689029693604,0.9455825686454773
138,138,EXTERNAL_SAMPLE/0000138.png,origin_clean,clean,0,1,0,1.8139396905899048,11.739258766174316,-9.925318717956543,4.881763379671611e-05,0.9979019165039062
139,139,EXTERNAL_SAMPLE/0000139.png,origin_clean,clean,0,1,4,1.62466299533844,3.8976385593414307,-2.272975444793701,0.0090170381590724,0.08753962814807892
140,140,EXTERNAL_SAMPLE/0000140.png,origin_clean,clean,0,1,6,3.651237726211548,4.473655700683594,-0.8224179744720459,0.10948365181684494,0.24918438494205475
141,141,EXTERNAL_SAMPLE/0000141.png,origin_clean,clean,0,1,0,1.568358302116394,8.48576831817627,-6.917409896850586,0.0009715828346088529,0.9810085296630859
142,142,EXTERNAL_SAMPLE/0000142.png,origin_clean,clean,0,1,0,2.7287776470184326,20.488807678222656,-17.76003074645996,1.9360500758125454e-08,0.9999998807907104
143,143,EXTERNAL_SAMPLE/0000143.png,origin_clean,clean,0,1,0,1.274992823600769,9.617624282836914,-8.342631340026855,0.00023713463451713324,0.9957578778266907
144,144,EXTERNAL_SAMPLE/0000144.png,origin_clean,clean,0,1,0,2.012362003326416,16.348085403442383,-14.335723876953125,5.943915084571927e-07,0.9999963045120239
145,145,EXTERNAL_SAMPLE/0000145.png,origin_clean,clean,0,1,0,3.027933120727539,9.47787094116211,-6.44993782043457,0.0015716078924015164,0.9942980408668518
146,146,EXTERNAL_SAMPLE/0000146.png,origin_clean,clean,0,1,3,2.595224142074585,4.302923679351807,-1.7076995372772217,0.056322626769542694,0.3106900751590729
147,147,EXTERNAL_SAMPLE/0000147.png,origin_clean,clean,0,1,3,4.758476257324219,4.324593544006348,0.4338827133178711,0.2783893346786499,0.1803930103778839
148,148,EXTERNAL_SAMPLE/0000148.png,origin_clean,clean,0,1,0,3.5634915828704834,3.7635703086853027,-0.20007872581481934,0.21711218357086182,0.2652023136615753
149,149,EXTERNAL_SAMPLE/0000149.png,origin_clean,clean,0,1,0,3.7274703979492188,9.606740951538086,-5.879270553588867,0.0026121572591364384,0.9339724183082581
150,150,EXTERNAL_SAMPLE/0000150.png,origin_clean,clean,0,1,0,2.004382371902466,6.64407205581665,-4.6396894454956055,0.00842602550983429,0.8721964359283447
151,151,EXTERNAL_SAMPLE/0000151.png,origin_clean,clean,0,1,8,0.7144604325294495,3.0315229892730713,-2.3170626163482666,0.006245861761271954,0.06336943805217743
152,152,EXTERNAL_SAMPLE/0000152.png,origin_clean,clean,0,1,0,1.8814395666122437,14.063685417175293,-12.182246208190918,5.120352398080286e-06,0.999958872795105
153,153,EXTERNAL_SAMPLE/0000153.png,origin_clean,clean,0,1,0,3.489765167236328,5.185248374938965,-1.6954832077026367,0.092665895819664,0.5049622654914856
154,154,EXTERNAL_SAMPLE/0000154.png,origin_clean,clean,0,1,0,5.444284439086914,12.929308891296387,-7.485024452209473,0.0005610723164863884,0.9993638396263123
155,155,EXTERNAL_SAMPLE/0000155.png,origin_clean,clean,0,1,0,3.65739107131958,14.858158111572266,-11.200767517089844,1.3663140634889714e-05,0.9999586343765259
156,156,EXTERNAL_SAMPLE/0000156.png,origin_clean,clean,0,1,0,2.5455243587493896,7.347794055938721,-4.80226993560791,0.007566011045128107,0.9214383363723755
157,157,EXTERNAL_SAMPLE/0000157.png,origin_clean,clean,0,1,0,1.3887810707092285,13.679790496826172,-12.291009902954102,4.592550794768613e-06,0.9999349117279053
158,158,EXTERNAL_SAMPLE/0000158.png,origin_clean,clean,0,1,0,2.927717685699463,15.597012519836426,-12.669294357299805,3.1462379865843104e-06,0.9999911785125732
159,159,EXTERNAL_SAMPLE/0000159.png,origin_clean,clean,0,1,0,2.250648260116577,7.4105000495910645,-5.159852027893066,0.002978718373924494,0.5187101364135742
160,160,EXTERNAL_SAMPLE/0000160.png,origin_clean,clean,0,1,0,1.26583731174469,5.668615818023682,-4.402778625488281,0.00823077093809843,0.6722687482833862
161,161,EXTERNAL_SAMPLE/0000161.png,origin_clean,clean,0,1,6,3.129647731781006,3.2632715702056885,-0.13362383842468262,0.19406726956367493,0.2218116670846939
162,162,EXTERNAL_SAMPLE/0000162.png,origin_clean,clean,0,1,1,4.7566142082214355,3.423053741455078,1.3335604667663574,0.5033206939697266,0.13264377415180206
163,163,EXTERNAL_SAMPLE/0000163.png,origin_clean,clean,0,1,0,3.1793882846832275,5.984985828399658,-2.8055975437164307,0.04684250056743622,0.7746323347091675
164,164,EXTERNAL_SAMPLE/0000164.png,origin_clean,clean,0,1,0,3.1345205307006836,12.949627876281738,-9.815107345581055,5.461264663608745e-05,0.9998621940612793
165,165,EXTERNAL_SAMPLE/0000165.png,origin_clean,clean,0,1,0,1.707552194595337,11.335144996643066,-9.627593040466309,6.58236094750464e-05,0.9990614056587219
166,166,EXTERNAL_SAMPLE/0000166.png,origin_clean,clean,0,1,0,1.6518434286117554,6.218733787536621,-4.566890239715576,0.008762692101299763,0.8433595895767212
167,167,EXTERNAL_SAMPLE/0000167.png,origin_clean,clean,0,1,0,3.7808570861816406,11.935903549194336,-8.155046463012695,0.00028709397884085774,0.9993457198143005
168,168,EXTERNAL_SAMPLE/0000168.png,origin_clean,clean,0,1,0,5.767381191253662,17.0282039642334,-11.260822296142578,1.2867099940194748e-05,0.9999854564666748
169,169,EXTERNAL_SAMPLE/0000169.png,origin_clean,clean,0,1,0,3.940392017364502,7.2851057052612305,-3.3447136878967285,0.02128494717180729,0.6034805774688721
170,170,EXTERNAL_SAMPLE/0000170.png,origin_clean,clean,0,1,0,6.188149929046631,9.152950286865234,-2.9648003578186035,0.048771027475595474,0.9457107782363892
171,171,EXTERNAL_SAMPLE/0000171.png,origin_clean,clean,0,1,9,2.1785695552825928,3.569657802581787,-1.3910882472991943,0.028411276638507843,0.1141912117600441
172,172,EXTERNAL_SAMPLE/0000172.png,origin_clean,clean,0,1,0,2.410693645477295,15.32187271118164,-12.911178588867188,2.470253775754827e-06,0.9999889135360718
173,173,EXTERNAL_SAMPLE/0000173.png,origin_clean,clean,0,1,0,2.979574680328369,10.56092643737793,-7.5813517570495605,0.0004987487336620688,0.9781850576400757
174,174,EXTERNAL_SAMPLE/0000174.png,origin_clean,clean,0,1,9,1.039047360420227,2.423710584640503,-1.3846632242202759,0.011098367162048817,0.04432111606001854
175,175,EXTERNAL_SAMPLE/0000175.png,origin_clean,clean,0,1,0,2.2074625492095947,8.001058578491211,-5.793596267700195,0.002955238102003932,0.9698830842971802
176,176,EXTERNAL_SAMPLE/0000176.png,origin_clean,clean,0,1,0,3.9305291175842285,8.535645484924316,-4.605116367340088,0.0087856724858284,0.8785198926925659
177,177,EXTERNAL_SAMPLE/0000177.png,origin_clean,clean,0,1,0,3.8906383514404297,16.865705490112305,-12.975067138671875,2.3173824956757016e-06,0.9999948740005493
178,178,EXTERNAL_SAMPLE/0000178.png,origin_clean,clean,0,1,0,2.9369194507598877,14.628140449523926,-11.691221237182617,8.366688234673347e-06,0.9999687671661377
179,179,EXTERNAL_SAMPLE/0000179.png,origin_clean,clean,0,1,0,1.1547260284423828,14.899124145507812,-13.74439811706543,1.0736598596849944e-06,0.9999607801437378
180,180,EXTERNAL_SAMPLE/0000180.png,origin_clean,clean,0,1,0,2.934361219406128,7.869195938110352,-4.9348344802856445,0.0063474117778241634,0.8826084136962891
181,181,EXTERNAL_SAMPLE/0000181.png,origin_clean,clean,0,1,0,2.0755133628845215,13.245259284973145,-11.169746398925781,1.4087969248066656e-05,0.9995571970939636
182,182,EXTERNAL_SAMPLE/0000182.png,origin_clean,clean,0,1,0,3.0061495304107666,10.857625961303711,-7.851476669311523,0.0003885704791173339,0.9984418749809265
183,183,EXTERNAL_SAMPLE/0000183.png,origin_clean,clean,0,1,0,3.877347707748413,15.741848945617676,-11.864500999450684,7.035706403257791e-06,0.9999885559082031
184,184,EXTERNAL_SAMPLE/0000184.png,origin_clean,clean,0,1,0,2.1517889499664307,4.691591262817383,-2.539802312850952,0.03934195637702942,0.4987444281578064
185,185,EXTERNAL_SAMPLE/0000185.png,origin_clean,clean,0,1,0,4.534674644470215,6.638263702392578,-2.1035890579223633,0.1012294590473175,0.8296292424201965
186,186,EXTERNAL_SAMPLE/0000186.png,origin_clean,clean,0,1,0,2.5685791969299316,10.648722648620605,-8.080142974853516,0.0003090128884650767,0.9980173110961914
187,187,EXTERNAL_SAMPLE/0000187.png,origin_clean,clean,0,1,0,1.5690851211547852,9.87586784362793,-8.306782722473145,0.000246235984377563,0.9975656270980835
188,188,EXTERNAL_SAMPLE/0000188.png,origin_clean,clean,0,1,8,3.6441712379455566,4.00343132019043,-0.35926008224487305,0.05498941242694855,0.07875964045524597
189,189,EXTERNAL_SAMPLE/0000189.png,origin_clean,clean,0,1,3,0.785773754119873,3.3433172702789307,-2.5575435161590576,0.0011546221794560552,0.014899333007633686
190,190,EXTERNAL_SAMPLE/0000190.png,origin_clean,clean,0,1,0,2.3702399730682373,11.852743148803711,-9.482502937316895,7.605870632687584e-05,0.9984990358352661
191,191,EXTERNAL_SAMPLE/0000191.png,origin_clean,clean,0,1,0,2.522237539291382,9.147599220275879,-6.625361442565918,0.0012879993300884962,0.9711215496063232
192,192,EXTERNAL_SAMPLE/0000192.png,origin_clean,clean,0,1,0,1.341220498085022,9.345369338989258,-8.004148483276367,0.0003283183032181114,0.9827715754508972
193,193,EXTERNAL_SAMPLE/0000193.png,origin_clean,clean,0,1,0,1.8462177515029907,8.11475658416748,-6.268538951873779,0.0017318656900897622,0.9139155745506287
194,194,EXTERNAL_SAMPLE/0000194.png,origin_clean,clean,0,1,0,2.487241506576538,12.524250984191895,-10.037009239196777,4.374300624476746e-05,0.9998303651809692
195,195,EXTERNAL_SAMPLE/0000195.png,origin_clean,clean,0,1,0,4.567017078399658,7.9727983474731445,-3.4057812690734863,0.029712766408920288,0.8954783082008362
196,196,EXTERNAL_SAMPLE/0000196.png,origin_clean,clean,0,1,0,3.6576900482177734,9.593062400817871,-5.935372352600098,0.002628177171573043,0.9939261078834534
197,197,EXTERNAL_SAMPLE/0000197.png,origin_clean,clean,0,1,0,2.0129013061523438,8.316422462463379,-6.303521156311035,0.0017916730139404535,0.9791364669799805
198,198,EXTERNAL_SAMPLE/0000198.png,origin_clean,clean,0,1,0,1.764521598815918,7.906138896942139,-6.141617298126221,0.002058088080957532,0.9566090703010559
199,199,EXTERNAL_SAMPLE/0000199.png,origin_clean,clean,0,1,6,2.738241195678711,3.2986762523651123,-0.5604350566864014,0.07930675148963928,0.1389005482196808
200,200,EXTERNAL_SAMPLE/0000200.png,origin_clean,clean,0,1,0,1.233895182609558,9.038755416870117,-7.8048601150512695,0.00040122936479747295,0.9840120077133179
201,201,EXTERNAL_SAMPLE/0000201.png,origin_clean,clean,0,1,0,2.8356120586395264,7.341222763061523,-4.505610466003418,0.010572660714387894,0.957075297832489
202,202,EXTERNAL_SAMPLE/0000202.png,origin_clean,clean,0,1,0,1.3863494396209717,12.265559196472168,-10.879209518432617,1.8832233763532713e-05,0.9992691874504089
203,203,EXTERNAL_SAMPLE/0000203.png,origin_clean,clean,0,1,0,2.532017707824707,13.824047088623047,-11.29202938079834,1.2469229659473058e-05,0.9997828602790833
204,204,EXTERNAL_SAMPLE/0000204.png,origin_clean,clean,0,1,0,4.2547149658203125,7.990731239318848,-3.736016273498535,0.020889868959784508,0.8759250640869141
205,205,EXTERNAL_SAMPLE/0000205.png,origin_clean,clean,0,1,0,5.1302361488342285,11.582498550415039,-6.4522624015808105,0.001573448651470244,0.9977794289588928
206,206,EXTERNAL_SAMPLE/0000206.png,origin_clean,clean,0,1,0,2.7675790786743164,17.73870849609375,-14.971129417419434,3.1486220564147516e-07,0.9999986886978149
207,207,EXTERNAL_SAMPLE/0000207.png,origin_clean,clean,0,1,0,3.3213722705841064,8.679825782775879,-5.358453750610352,0.004622286651283503,0.9817564487457275
208,208,EXTERNAL_SAMPLE/0000208.png,origin_clean,clean,0,1,0,2.3125433921813965,11.057162284851074,-8.744619369506836,0.00015899151912890375,0.9979617595672607
209,209,EXTERNAL_SAMPLE/0000209.png,origin_clean,clean,0,1,3,3.8269126415252686,3.6228222846984863,0.20409035682678223,0.15496642887592316,0.12635785341262817
210,210,EXTERNAL_SAMPLE/0000210.png,origin_clean,clean,0,1,0,3.39880633354187,8.955119132995605,-5.556312561035156,0.00332801160402596,0.8615107536315918
211,211,EXTERNAL_SAMPLE/0000211.png,origin_clean,clean,0,1,0,2.012551784515381,11.067572593688965,-9.055021286010742,0.0001166901711258106,0.9990335702896118
212,212,EXTERNAL_SAMPLE/0000212.png,origin_clean,clean,0,1,0,3.629246711730957,7.514995098114014,-3.8857483863830566,0.01738470047712326,0.8466936349868774
213,213,EXTERNAL_SAMPLE/0000213.png,origin_clean,clean,0,1,0,3.1956820487976074,7.60676383972168,-4.411081790924072,0.011612904258072376,0.956421434879303
214,214,EXTERNAL_SAMPLE/0000214.png,origin_clean,clean,0,1,0,0.8562618494033813,13.457919120788574,-12.601656913757324,3.3659782729955623e-06,0.999864935874939
215,215,EXTERNAL_SAMPLE/0000215.png,origin_clean,clean,0,1,0,2.4303762912750244,9.60669231414795,-7.176316261291504,0.000760976632591337,0.995418906211853
216,216,EXTERNAL_SAMPLE/0000216.png,origin_clean,clean,0,1,0,2.409095525741577,9.5907621383667,-7.181666374206543,0.0007513277232646942,0.988069474697113
217,217,EXTERNAL_SAMPLE/0000217.png,origin_clean,clean,0,1,0,1.1731536388397217,13.377558708190918,-12.204404830932617,5.00702481076587e-06,0.9997362494468689
218,218,EXTERNAL_SAMPLE/0000218.png,origin_clean,clean,0,1,0,1.6298458576202393,13.67094898223877,-12.04110336303711,5.895703907299321e-06,0.9998167157173157
219,219,EXTERNAL_SAMPLE/0000219.png,origin_clean,clean,0,1,0,2.5569891929626465,9.279046058654785,-6.722056865692139,0.001189502188935876,0.9879101514816284
220,220,EXTERNAL_SAMPLE/0000220.png,origin_clean,clean,0,1,0,2.607754945755005,10.849361419677734,-8.241606712341309,0.00026268334477208555,0.9970496892929077
221,221,EXTERNAL_SAMPLE/0000221.png,origin_clean,clean,0,1,0,2.3384764194488525,11.590103149414062,-9.251626968383789,9.577891614753753e-05,0.9981606602668762
222,222,EXTERNAL_SAMPLE/0000222.png,origin_clean,clean,0,1,0,2.6614294052124023,13.448031425476074,-10.786602020263672,2.06721688300604e-05,0.9998797178268433
223,223,EXTERNAL_SAMPLE/0000223.png,origin_clean,clean,0,1,0,2.462068796157837,11.976733207702637,-9.514664649963379,7.372564869001508e-05,0.9995050430297852
224,224,EXTERNAL_SAMPLE/0000224.png,origin_clean,clean,0,1,0,0.9596771597862244,7.9898271560668945,-7.030149936676025,0.0008610617951489985,0.9731720685958862
225,225,EXTERNAL_SAMPLE/0000225.png,origin_clean,clean,0,1,3,3.715820789337158,5.479611873626709,-1.7637910842895508,0.030907966196537018,0.1803329735994339
226,226,EXTERNAL_SAMPLE/0000226.png,origin_clean,clean,0,1,0,1.116519570350647,11.821775436401367,-10.705255508422852,2.2415188141167164e-05,0.9994838237762451
227,227,EXTERNAL_SAMPLE/0000227.png,origin_clean,clean,0,1,0,2.256441116333008,17.0853271484375,-14.828886032104492,3.6298996519690263e-07,0.9999953508377075
228,228,EXTERNAL_SAMPLE/0000228.png,origin_clean,clean,0,1,0,3.4312479496002197,11.26248836517334,-7.831240653991699,0.0003957934386562556,0.9966282248497009
229,229,EXTERNAL_SAMPLE/0000229.png,origin_clean,clean,0,1,0,2.595674991607666,10.999979972839355,-8.404304504394531,0.00022222750703804195,0.992523729801178
230,230,EXTERNAL_SAMPLE/0000230.png,origin_clean,clean,0,1,0,1.8754801750183105,15.382440567016602,-13.506959915161133,1.361415797873633e-06,0.9999744892120361
231,231,EXTERNAL_SAMPLE/0000231.png,origin_clean,clean,0,1,0,3.1487627029418945,7.019732475280762,-3.870969772338867,0.019336601719260216,0.9279423356056213
232,232,EXTERNAL_SAMPLE/0000232.png,origin_clean,clean,0,1,0,1.777690052986145,9.214264869689941,-7.436574935913086,0.0005859818193130195,0.9943690896034241
233,233,EXTERNAL_SAMPLE/0000233.png,origin_clean,clean,0,1,0,2.302064895629883,12.186915397644043,-9.88485050201416,5.090178456157446e-05,0.9992382526397705
234,234,EXTERNAL_SAMPLE/0000234.png,origin_clean,clean,0,1,0,1.9666988849639893,8.370196342468262,-6.403497695922852,0.0015075361588969827,0.9104821681976318
235,235,EXTERNAL_SAMPLE/0000235.png,origin_clean,clean,0,1,0,2.8377435207366943,7.706966400146484,-4.869222640991211,0.0073535689152777195,0.9575791954994202
236,236,EXTERNAL_SAMPLE/0000236.png,origin_clean,clean,0,1,0,1.5631617307662964,5.599031925201416,-4.03587007522583,0.011975042521953583,0.677693247795105
237,237,EXTERNAL_SAMPLE/0000237.png,origin_clean,clean,0,1,0,3.211984872817993,15.461466789245605,-12.249482154846191,4.787427769770147e-06,0.9999648332595825
238,238,EXTERNAL_SAMPLE/0000238.png,origin_clean,clean,0,1,0,2.669565200805664,6.693192005157471,-4.023626804351807,0.014905236661434174,0.8332546353340149
239,239,EXTERNAL_SAMPLE/0000239.png,origin_clean,clean,0,1,0,1.4194386005401611,5.384598731994629,-3.9651601314544678,0.011136284098029137,0.5872018933296204
240,240,EXTERNAL_SAMPLE/0000240.png,origin_clean,clean,0,1,0,6.889480113983154,10.947349548339844,-4.0578694343566895,0.016979146748781204,0.9822593927383423
241,241,EXTERNAL_SAMPLE/0000241.png,origin_clean,clean,0,1,0,2.3744122982025146,7.84061861038208,-5.4662065505981445,0.0036695783492177725,0.8680794835090637
242,242,EXTERNAL_SAMPLE/0000242.png,origin_clean,clean,0,1,0,2.0410192012786865,15.192216873168945,-13.15119743347168,1.9431211057963083e-06,0.999982476234436
243,243,EXTERNAL_SAMPLE/0000243.png,origin_clean,clean,0,1,0,1.4879229068756104,16.67155647277832,-15.183633804321289,2.5458237473685585e-07,0.9999923706054688
244,244,EXTERNAL_SAMPLE/0000244.png,origin_clean,clean,0,1,0,2.6572890281677246,6.514415264129639,-3.857126235961914,0.01883835718035698,0.8916033506393433
245,245,EXTERNAL_SAMPLE/0000245.png,origin_clean,clean,0,1,1,9.907060623168945,0.5273342132568359,9.37972640991211,0.9979469180107117,8.424497355008498e-05
246,246,EXTERNAL_SAMPLE/0000246.png,origin_clean,clean,0,1,0,2.5438568592071533,12.3410062789917,-9.797149658203125,5.559726196224801e-05,0.9997730851173401
247,247,EXTERNAL_SAMPLE/0000247.png,origin_clean,clean,0,1,0,1.6758674383163452,10.861770629882812,-9.185903549194336,0.00010231956548523158,0.9984949827194214
248,248,EXTERNAL_SAMPLE/0000248.png,origin_clean,clean,0,1,0,1.826796293258667,11.661322593688965,-9.834526062011719,5.3524527174886316e-05,0.9991558790206909
249,249,EXTERNAL_SAMPLE/0000249.png,origin_clean,clean,0,1,0,2.8510022163391113,7.078549861907959,-4.227547645568848,0.013225089758634567,0.9065656661987305
250,250,EXTERNAL_SAMPLE/0000250.png,origin_clean,clean,0,1,0,3.009955406188965,7.691933631896973,-4.681978225708008,0.008922417648136616,0.9634736776351929
251,251,EXTERNAL_SAMPLE/0000251.png,origin_clean,clean,0,1,9,3.2499747276306152,3.180131673812866,0.06984305381774902,0.0659850686788559,0.06153373047709465
252,252,EXTERNAL_SAMPLE/0000252.png,origin_clean,clean,0,1,3,3.8254895210266113,3.7874977588653564,0.03799176216125488,0.058761775493621826,0.05657119303941727
253,253,EXTERNAL_SAMPLE/0000253.png,origin_clean,clean,0,1,0,2.1697962284088135,10.859593391418457,-8.689797401428223,0.00016747554764151573,0.9951360821723938
254,254,EXTERNAL_SAMPLE/0000254.png,origin_clean,clean,0,1,0,3.4837000370025635,6.838065147399902,-3.354365110397339,0.03174302726984024,0.9087210893630981
255,255,EXTERNAL_SAMPLE/0000255.png,origin_clean,clean,0,1,0,1.729615569114685,10.029029846191406,-8.29941463470459,0.0002470581966917962,0.9935489296913147
256,256,EXTERNAL_SAMPLE/0000256.png,origin_clean,clean,0,1,0,3.6552979946136475,5.397719860076904,-1.7424218654632568,0.07982096821069717,0.45587021112442017
257,257,EXTERNAL_SAMPLE/0000257.png,origin_clean,clean,0,1,0,2.8005282878875732,9.466153144836426,-6.665624618530273,0.0012682480737566948,0.9955160021781921
258,258,EXTERNAL_SAMPLE/0000258.png,origin_clean,clean,0,1,0,2.943769931793213,10.93217945098877,-7.988409519195557,0.00033795787021517754,0.9958289265632629
259,259,EXTERNAL_SAMPLE/0000259.png,origin_clean,clean,0,1,0,5.133237361907959,7.980628967285156,-2.8473916053771973,0.04808451980352402,0.829109251499176
260,260,EXTERNAL_SAMPLE/0000260.png,origin_clean,clean,0,1,3,1.5610520839691162,3.6977884769439697,-2.1367363929748535,0.012789706699550152,0.10835114121437073
261,261,EXTERNAL_SAMPLE/0000261.png,origin_clean,clean,0,1,0,1.5016233921051025,6.615554332733154,-5.113930702209473,0.003648133249953389,0.6067678928375244
262,262,EXTERNAL_SAMPLE/0000262.png,origin_clean,clean,0,1,0,1.3100390434265137,12.570571899414062,-11.26053237915039,1.2868119483755436e-05,0.9997747540473938
263,263,EXTERNAL_SAMPLE/0000263.png,origin_clean,clean,0,1,0,2.1439201831817627,15.214255332946777,-13.070335388183594,2.106723286487977e-06,0.9999586343765259
264,264,EXTERNAL_SAMPLE/0000264.png,origin_clean,clean,0,1,0,2.224592447280884,11.113749504089355,-8.88915729522705,0.00013777631102129817,0.9992784857749939
265,265,EXTERNAL_SAMPLE/0000265.png,origin_clean,clean,0,1,0,2.57913875579834,7.958868503570557,-5.379729747772217,0.004245130345225334,0.9210389256477356
266,266,EXTERNAL_SAMPLE/0000266.png,origin_clean,clean,0,1,0,5.4182047843933105,9.838191032409668,-4.419986248016357,0.011847068555653095,0.9844338297843933
267,267,EXTERNAL_SAMPLE/0000267.png,origin_clean,clean,0,1,0,1.7721354961395264,24.876794815063477,-23.104660034179688,9.242163284683969e-11,1.0
268,268,EXTERNAL_SAMPLE/0000268.png,origin_clean,clean,0,1,0,3.57763409614563,8.774006843566895,-5.196372985839844,0.005438879132270813,0.9823483824729919
269,269,EXTERNAL_SAMPLE/0000269.png,origin_clean,clean,0,1,0,2.419219493865967,7.05564022064209,-4.636420726776123,0.00866193138062954,0.8936895728111267
270,270,EXTERNAL_SAMPLE/0000270.png,origin_clean,clean,0,1,0,2.176421880722046,16.042165756225586,-13.865743637084961,9.509999472356867e-07,0.999991774559021
271,271,EXTERNAL_SAMPLE/0000271.png,origin_clean,clean,0,1,0,2.571284770965576,12.655722618103027,-10.08443832397461,4.171253021922894e-05,0.999729335308075
272,272,EXTERNAL_SAMPLE/0000272.png,origin_clean,clean,0,1,3,5.208214282989502,6.527704238891602,-1.3194899559020996,0.034524913877248764,0.12917539477348328
273,273,EXTERNAL_SAMPLE/0000273.png,origin_clean,clean,0,1,0,1.1872303485870361,12.479482650756836,-11.292252540588379,1.2463950042729266e-05,0.9995825886726379
274,274,EXTERNAL_SAMPLE/0000274.png,origin_clean,clean,0,1,0,2.8955581188201904,8.841626167297363,-5.946067810058594,0.0025528944097459316,0.9758371114730835
275,275,EXTERNAL_SAMPLE/0000275.png,origin_clean,clean,0,1,0,1.9572020769119263,10.16147518157959,-8.204273223876953,0.00027183888596482575,0.993990421295166
276,276,EXTERNAL_SAMPLE/0000276.png,origin_clean,clean,0,1,0,2.401489496231079,11.674498558044434,-9.273009300231934,9.381253039464355e-05,0.9987978935241699
277,277,EXTERNAL_SAMPLE/0000277.png,origin_clean,clean,0,1,3,1.6444543600082397,3.8463988304138184,-2.201944351196289,0.0018110732780769467,0.01637677289545536
278,278,EXTERNAL_SAMPLE/0000278.png,origin_clean,clean,0,1,0,1.8789311647415161,14.298985481262207,-12.42005443572998,4.036651262140367e-06,0.9999593496322632
279,279,EXTERNAL_SAMPLE/0000279.png,origin_clean,clean,0,1,0,3.8820035457611084,8.407906532287598,-4.52590274810791,0.010038448497653008,0.9273446798324585
280,280,EXTERNAL_SAMPLE/0000280.png,origin_clean,clean,0,1,0,3.1943910121917725,7.291794776916504,-4.097403526306152,0.01287877094000578,0.7750935554504395
281,281,EXTERNAL_SAMPLE/0000281.png,origin_clean,clean,0,1,0,5.437009811401367,15.596125602722168,-10.1591157913208,3.8719754229532555e-05,0.9999551773071289
282,282,EXTERNAL_SAMPLE/0000282.png,origin_clean,clean,0,1,0,2.9861202239990234,10.870611190795898,-7.884490966796875,0.00037479240563698113,0.9953634738922119
283,283,EXTERNAL_SAMPLE/0000283.png,origin_clean,clean,0,1,0,4.143503189086914,14.401113510131836,-10.257610321044922,3.508757799863815e-05,0.9999468326568604
284,284,EXTERNAL_SAMPLE/0000284.png,origin_clean,clean,0,1,0,5.850416660308838,6.33259916305542,-0.48218250274658203,0.34607434272766113,0.5605038404464722
285,285,EXTERNAL_SAMPLE/0000285.png,origin_clean,clean,0,1,0,5.144224643707275,9.021543502807617,-3.877318859100342,0.02012198232114315,0.9717822670936584
286,286,EXTERNAL_SAMPLE/0000286.png,origin_clean,clean,0,1,0,2.9334709644317627,10.621525764465332,-7.688055038452148,0.00045740502537228167,0.9981155395507812
287,287,EXTERNAL_SAMPLE/0000287.png,origin_clean,clean,0,1,0,3.439352035522461,19.44720458984375,-16.00785255432129,1.1165491997644494e-07,0.9999997615814209
288,288,EXTERNAL_SAMPLE/0000288.png,origin_clean,clean,0,1,0,1.9080232381820679,6.933498382568359,-5.025475025177002,0.006158946547657251,0.9376537799835205
289,289,EXTERNAL_SAMPLE/0000289.png,origin_clean,clean,0,1,0,3.2356066703796387,21.00901985168457,-17.773412704467773,1.9103147508303664e-08,1.0
290,290,EXTERNAL_SAMPLE/0000290.png,origin_clean,clean,0,1,0,3.5149776935577393,10.232512474060059,-6.717535018920898,0.0012045287294313312,0.995876669883728
291,291,EXTERNAL_SAMPLE/0000291.png,origin_clean,clean,0,1,0,3.6021745204925537,14.16552448272705,-10.563349723815918,2.5844634365057573e-05,0.9999420642852783
292,292,EXTERNAL_SAMPLE/0000292.png,origin_clean,clean,0,1,0,1.7774126529693604,9.111738204956055,-7.334325790405273,0.000649216293822974,0.9945958256721497
293,293,EXTERNAL_SAMPLE/0000293.png,origin_clean,clean,0,1,0,2.7483034133911133,4.592787265777588,-1.8444838523864746,0.05750306695699692,0.3636973798274994
294,294,EXTERNAL_SAMPLE/0000294.png,origin_clean,clean,0,1,0,3.8040528297424316,8.308180809020996,-4.5041279792785645,0.010744352824985981,0.9711766242980957
295,295,EXTERNAL_SAMPLE/0000295.png,origin_clean,clean,0,1,0,5.465976715087891,8.958691596984863,-3.4927148818969727,0.029240546748042107,0.9612852931022644
296,296,EXTERNAL_SAMPLE/0000296.png,origin_clean,clean,0,1,0,4.713205814361572,18.677671432495117,-13.964466094970703,8.616065088062896e-07,0.999998927116394
297,297,EXTERNAL_SAMPLE/0000297.png,origin_clean,clean,0,1,0,4.691849708557129,9.939348220825195,-5.247498512268066,0.00497512286528945,0.9457218647003174
298,298,EXTERNAL_SAMPLE/0000298.png,origin_clean,clean,0,1,0,2.0089492797851562,16.52457618713379,-14.515626907348633,4.965254447597545e-07,0.9999957084655762
299,299,EXTERNAL_SAMPLE/0000299.png,origin_clean,clean,0,1,0,3.030573606491089,9.915733337402344,-6.885159492492676,0.0010188804008066654,0.996116042137146
300,300,EXTERNAL_SAMPLE/0000300.png,origin_clean,clean,0,1,3,2.812263250350952,4.931408882141113,-2.119145631790161,0.006731323432177305,0.05603167414665222
301,301,EXTERNAL_SAMPLE/0000301.png,origin_clean,clean,0,1,0,1.6271120309829712,16.606794357299805,-14.979681968688965,3.1218044682645996e-07,0.9999974966049194
302,302,EXTERNAL_SAMPLE/0000302.png,origin_clean,clean,0,1,0,1.7201459407806396,7.973783016204834,-6.253637313842773,0.0017221905291080475,0.8953676223754883
303,303,EXTERNAL_SAMPLE/0000303.png,origin_clean,clean,0,1,5,1.1292308568954468,7.603440761566162,-6.474209785461426,0.0005075476947240531,0.32899588346481323
304,304,EXTERNAL_SAMPLE/0000304.png,origin_clean,clean,0,1,0,4.177551746368408,13.5754976272583,-9.397945404052734,8.28825359349139e-05,0.9998592138290405
305,305,EXTERNAL_SAMPLE/0000305.png,origin_clean,clean,0,1,0,3.6466662883758545,9.596652030944824,-5.949985504150391,0.002588994801044464,0.9935210347175598
306,306,EXTERNAL_SAMPLE/0000306.png,origin_clean,clean,0,1,0,2.7162179946899414,8.740914344787598,-6.024696350097656,0.0022840045858174562,0.9444725513458252
307,307,EXTERNAL_SAMPLE/0000307.png,origin_clean,clean,0,1,0,3.4133522510528564,14.263026237487793,-10.849674224853516,1.9410057575441897e-05,0.9999550580978394
308,308,EXTERNAL_SAMPLE/0000308.png,origin_clean,clean,0,1,0,1.982690691947937,12.977412223815918,-10.994721412658691,1.6787764252512716e-05,0.9998612403869629
309,309,EXTERNAL_SAMPLE/0000309.png,origin_clean,clean,0,1,0,3.677398681640625,11.897100448608398,-8.219701766967773,0.00026912064640782773,0.9993510842323303
310,310,EXTERNAL_SAMPLE/0000310.png,origin_clean,clean,0,1,0,2.6405255794525146,8.337446212768555,-5.696920394897461,0.0027108490467071533,0.8076931834220886
311,311,EXTERNAL_SAMPLE/0000311.png,origin_clean,clean,0,1,0,3.344344139099121,11.492143630981445,-8.147799491882324,0.00028914277208968997,0.9992097616195679
312,312,EXTERNAL_SAMPLE/0000312.png,origin_clean,clean,0,1,0,1.2378721237182617,7.664339065551758,-6.426466941833496,0.000877487298566848,0.5422754883766174
313,313,EXTERNAL_SAMPLE/0000313.png,origin_clean,clean,0,1,0,2.8414034843444824,14.456027030944824,-11.6146240234375,9.032615707837977e-06,0.9999555349349976
314,314,EXTERNAL_SAMPLE/0000314.png,origin_clean,clean,0,1,3,5.62136173248291,4.527520656585693,1.0938410758972168,0.3733658790588379,0.12505051493644714
315,315,EXTERNAL_SAMPLE/0000315.png,origin_clean,clean,0,1,0,2.819887161254883,10.310505867004395,-7.490618705749512,0.0005559102282859385,0.995724081993103
316,316,EXTERNAL_SAMPLE/0000316.png,origin_clean,clean,0,1,0,1.6985687017440796,13.296761512756348,-11.598193168640137,9.179697372019291e-06,0.9996768236160278
317,317,EXTERNAL_SAMPLE/0000317.png,origin_clean,clean,0,1,0,3.2828540802001953,7.695455074310303,-4.412600994110107,0.008718961849808693,0.7191724181175232
318,318,EXTERNAL_SAMPLE/0000318.png,origin_clean,clean,0,1,0,1.4264709949493408,9.725130081176758,-8.298659324645996,0.00024707807460799813,0.9928786158561707
319,319,EXTERNAL_SAMPLE/0000319.png,origin_clean,clean,0,1,0,2.6016945838928223,10.050959587097168,-7.449265003204346,0.0005797589547000825,0.9963734745979309
320,320,EXTERNAL_SAMPLE/0000320.png,origin_clean,clean,0,1,0,1.4396958351135254,5.825250148773193,-4.385554313659668,0.005576175171881914,0.44767042994499207
321,321,EXTERNAL_SAMPLE/0000321.png,origin_clean,clean,0,1,0,2.165189027786255,15.891666412353516,-13.72647762298584,1.0931095175692462e-06,0.9999934434890747
322,322,EXTERNAL_SAMPLE/0000322.png,origin_clean,clean,0,1,0,2.014643669128418,9.035795211791992,-7.021151542663574,0.0008820373914204538,0.9879486560821533
323,323,EXTERNAL_SAMPLE/0000323.png,origin_clean,clean,0,1,0,3.2185451984405518,10.091821670532227,-6.873276710510254,0.0010322860907763243,0.997300922870636
324,324,EXTERNAL_SAMPLE/0000324.png,origin_clean,clean,0,1,0,2.7039670944213867,16.447452545166016,-13.743485450744629,1.074673605216958e-06,0.9999918937683105
325,325,EXTERNAL_SAMPLE/0000325.png,origin_clean,clean,0,1,0,2.746063232421875,12.41504955291748,-9.668986320495605,6.319632666418329e-05,0.9997220635414124
326,326,EXTERNAL_SAMPLE/0000326.png,origin_clean,clean,0,1,0,2.6202971935272217,10.368326187133789,-7.748028755187988,0.00042980408761650324,0.9958563446998596
327,327,EXTERNAL_SAMPLE/0000327.png,origin_clean,clean,0,1,0,2.684269666671753,5.29811954498291,-2.6138498783111572,0.049046553671360016,0.6695593595504761
328,328,EXTERNAL_SAMPLE/0000328.png,origin_clean,clean,0,1,0,2.187385320663452,5.844455718994141,-3.6570703983306885,0.01807713694870472,0.7004467844963074
329,329,EXTERNAL_SAMPLE/0000329.png,origin_clean,clean,0,1,0,2.366058826446533,8.896289825439453,-6.53023099899292,0.0014358642511069775,0.9843660593032837
330,330,EXTERNAL_SAMPLE/0000330.png,origin_clean,clean,0,1,0,1.9136470556259155,9.896520614624023,-7.982873439788818,0.0003373968356754631,0.98868727684021
331,331,EXTERNAL_SAMPLE/0000331.png,origin_clean,clean,0,1,0,3.092592239379883,9.06018352508545,-5.967591285705566,0.002518553752452135,0.9836559295654297
332,332,EXTERNAL_SAMPLE/0000332.png,origin_clean,clean,0,1,0,3.4588029384613037,9.609679222106934,-6.150876045227051,0.002109421882778406,0.9895892143249512
333,333,EXTERNAL_SAMPLE/0000333.png,origin_clean,clean,0,1,0,3.2876570224761963,9.731313705444336,-6.443656921386719,0.0015837245155125856,0.9956902861595154
334,334,EXTERNAL_SAMPLE/0000334.png,origin_clean,clean,0,1,0,1.3617043495178223,17.8699951171875,-16.508291244506836,6.76923406217611e-08,0.9999984502792358
335,335,EXTERNAL_SAMPLE/0000335.png,origin_clean,clean,0,1,0,2.618410348892212,16.52893829345703,-13.910528182983398,9.093536732507346e-07,0.9999964237213135
336,336,EXTERNAL_SAMPLE/0000336.png,origin_clean,clean,0,1,0,3.368149518966675,12.778759956359863,-9.41061019897461,8.183564204955474e-05,0.9998125433921814
337,337,EXTERNAL_SAMPLE/0000337.png,origin_clean,clean,0,1,0,4.076788902282715,6.433689594268799,-2.356900691986084,0.06127054989337921,0.6469053626060486
338,338,EXTERNAL_SAMPLE/0000338.png,origin_clean,clean,0,1,0,1.9765355587005615,9.504779815673828,-7.5282440185546875,0.0005349029670469463,0.9948322772979736
339,339,EXTERNAL_SAMPLE/0000339.png,origin_clean,clean,0,1,0,6.0561747550964355,12.900935173034668,-6.844760417938232,0.0010637142695486546,0.9987726807594299
340,340,EXTERNAL_SAMPLE/0000340.png,origin_clean,clean,0,1,8,1.7274328470230103,1.7181572914123535,0.009275555610656738,0.013878578320145607,0.013750443235039711
341,341,EXTERNAL_SAMPLE/0000341.png,origin_clean,clean,0,1,0,4.541056156158447,16.144798278808594,-11.603742599487305,9.13172698346898e-06,0.9999868869781494
342,342,EXTERNAL_SAMPLE/0000342.png,origin_clean,clean,0,1,3,2.455247640609741,6.655782222747803,-4.200534820556641,0.006455118767917156,0.430698424577713
343,343,EXTERNAL_SAMPLE/0000343.png,origin_clean,clean,0,1,0,2.367424488067627,16.234813690185547,-13.867389678955078,9.494375490248785e-07,0.9999935626983643
344,344,EXTERNAL_SAMPLE/0000344.png,origin_clean,clean,0,1,0,1.6993380784988403,9.613024711608887,-7.913686752319336,0.0003616501053329557,0.9889152646064758
345,345,EXTERNAL_SAMPLE/0000345.png,origin_clean,clean,0,1,0,2.992166519165039,14.752096176147461,-11.759929656982422,7.811119758116547e-06,0.9999674558639526
346,346,EXTERNAL_SAMPLE/0000346.png,origin_clean,clean,0,1,3,3.295297145843506,4.864500999450684,-1.5692038536071777,0.04342002794146538,0.2085387110710144
347,347,EXTERNAL_SAMPLE/0000347.png,origin_clean,clean,0,1,0,2.3459858894348145,13.589463233947754,-11.243476867675781,1.3090822903905064e-05,0.9998778104782104
348,348,EXTERNAL_SAMPLE/0000348.png,origin_clean,clean,0,1,0,1.718013048171997,11.023426055908203,-9.305413246154785,9.085526835406199e-05,0.9991707801818848
349,349,EXTERNAL_SAMPLE/0000349.png,origin_clean,clean,0,1,0,3.5919175148010254,17.145227432250977,-13.55331039428711,1.299781274610723e-06,0.9999958276748657
350,350,EXTERNAL_SAMPLE/0000350.png,origin_clean,clean,0,1,0,3.746907949447632,13.72866153717041,-9.9817533493042,4.622974302037619e-05,0.9998661279678345
351,351,EXTERNAL_SAMPLE/0000351.png,origin_clean,clean,0,1,5,2.8508706092834473,4.810164451599121,-1.9592938423156738,0.008690500631928444,0.061653148382902145
352,352,EXTERNAL_SAMPLE/0000352.png,origin_clean,clean,0,1,0,1.6604799032211304,10.92707347869873,-9.266593933105469,9.44286075537093e-05,0.9989280104637146
353,353,EXTERNAL_SAMPLE/0000353.png,origin_clean,clean,0,1,0,3.1096458435058594,20.838876724243164,-17.729230880737305,1.996608389731591e-08,1.0
354,354,EXTERNAL_SAMPLE/0000354.png,origin_clean,clean,0,1,0,2.354825019836426,8.567105293273926,-6.2122802734375,0.0019553492311388254,0.9754014015197754
355,355,EXTERNAL_SAMPLE/0000355.png,origin_clean,clean,0,1,0,1.4324623346328735,10.349641799926758,-8.917179107666016,0.00013328285422176123,0.9941593408584595
356,356,EXTERNAL_SAMPLE/0000356.png,origin_clean,clean,0,1,0,6.472109794616699,13.176270484924316,-6.704160690307617,0.001224178820848465,0.9986764788627625
357,357,EXTERNAL_SAMPLE/0000357.png,origin_clean,clean,0,1,0,1.9463175535202026,15.032605171203613,-13.086287498474121,2.0734350982820615e-06,0.999983549118042
358,358,EXTERNAL_SAMPLE/0000358.png,origin_clean,clean,0,1,0,4.047711372375488,14.598708152770996,-10.550996780395508,2.616492383822333e-05,0.9999059438705444
359,359,EXTERNAL_SAMPLE/0000359.png,origin_clean,clean,0,1,0,4.3453049659729,11.06154727935791,-6.71624231338501,0.0011949616018682718,0.9866904020309448
360,360,EXTERNAL_SAMPLE/0000360.png,origin_clean,clean,0,1,0,1.5050938129425049,7.151454925537109,-5.646361351013184,0.0033114845864474773,0.9380075335502625
361,361,EXTERNAL_SAMPLE/0000361.png,origin_clean,clean,0,1,0,2.2576417922973633,11.52410888671875,-9.266467094421387,9.448824857827276e-05,0.9994321465492249
362,362,EXTERNAL_SAMPLE/0000362.png,origin_clean,clean,0,1,0,2.4093008041381836,10.139664649963379,-7.730363845825195,0.0004384542990010232,0.9981106519699097
363,363,EXTERNAL_SAMPLE/0000363.png,origin_clean,clean,0,1,0,2.726590633392334,4.239558219909668,-1.512967586517334,0.06365258246660233,0.2889944314956665
364,364,EXTERNAL_SAMPLE/0000364.png,origin_clean,clean,0,1,0,3.6402313709259033,10.759211540222168,-7.118980407714844,0.0008056904771365225,0.9951810240745544
365,365,EXTERNAL_SAMPLE/0000365.png,origin_clean,clean,0,1,0,1.299283742904663,8.920199394226074,-7.620915412902832,0.0004749382787849754,0.9690778255462646
366,366,EXTERNAL_SAMPLE/0000366.png,origin_clean,clean,0,1,0,7.914386749267578,10.179830551147461,-2.265443801879883,0.0907059758901596,0.8739883899688721
367,367,EXTERNAL_SAMPLE/0000367.png,origin_clean,clean,0,1,0,2.986325263977051,7.190457820892334,-4.204132556915283,0.014156924560666084,0.9479827880859375
368,368,EXTERNAL_SAMPLE/0000368.png,origin_clean,clean,0,1,0,4.330965518951416,13.3939790725708,-9.063013076782227,0.00011585286119952798,0.9998235106468201
369,369,EXTERNAL_SAMPLE/0000369.png,origin_clean,clean,0,1,0,3.4639079570770264,5.346895217895508,-1.8829872608184814,0.1005556657910347,0.6609635949134827
370,370,EXTERNAL_SAMPLE/0000370.png,origin_clean,clean,0,1,1,10.04489803314209,10.044329643249512,0.000568389892578125,0.4997348487377167,0.4994508922100067
371,371,EXTERNAL_SAMPLE/0000371.png,origin_clean,clean,0,1,0,1.7765883207321167,10.69674301147461,-8.920154571533203,0.00013346031482797116,0.998449444770813
372,372,EXTERNAL_SAMPLE/0000372.png,origin_clean,clean,0,1,0,3.0034265518188477,10.34814167022705,-7.344715118408203,0.0006440617726184428,0.9970037341117859
373,373,EXTERNAL_SAMPLE/0000373.png,origin_clean,clean,0,1,0,3.249965190887451,7.657650470733643,-4.407685279846191,0.010637257248163223,0.8730981349945068
374,374,EXTERNAL_SAMPLE/0000374.png,origin_clean,clean,0,1,0,2.493443250656128,10.0318021774292,-7.538358688354492,0.0005307195242494345,0.9970861077308655
375,375,EXTERNAL_SAMPLE/0000375.png,origin_clean,clean,0,1,0,5.144178867340088,5.304161071777344,-0.15998220443725586,0.38873592019081116,0.4561777114868164
376,376,EXTERNAL_SAMPLE/0000376.png,origin_clean,clean,0,1,0,2.004685640335083,13.013092994689941,-11.008407592773438,1.6559035429963842e-05,0.9998289346694946
377,377,EXTERNAL_SAMPLE/0000377.png,origin_clean,clean,0,1,0,3.1487486362457275,7.752171516418457,-4.603423118591309,0.006660375744104385,0.6648749113082886
378,378,EXTERNAL_SAMPLE/0000378.png,origin_clean,clean,0,1,0,1.395204782485962,12.70783519744873,-11.312630653381348,1.2214722119097132e-05,0.9997621178627014
379,379,EXTERNAL_SAMPLE/0000379.png,origin_clean,clean,0,1,0,2.5640501976013184,11.826523780822754,-9.262474060058594,9.477361163590103e-05,0.9984556436538696
380,380,EXTERNAL_SAMPLE/0000380.png,origin_clean,clean,0,1,0,3.7898123264312744,18.41319465637207,-14.623382568359375,4.458053126654704e-07,0.9999990463256836
381,381,EXTERNAL_SAMPLE/0000381.png,origin_clean,clean,0,1,0,2.3357789516448975,12.213445663452148,-9.877666473388672,5.1286642701597884e-05,0.9995864033699036
382,382,EXTERNAL_SAMPLE/0000382.png,origin_clean,clean,0,1,0,2.5493886470794678,8.692079544067383,-6.142690658569336,0.0021146198268979788,0.9839407801628113
383,383,EXTERNAL_SAMPLE/0000383.png,origin_clean,clean,0,1,0,2.0452497005462646,7.351081848144531,-5.3058319091796875,0.004666115622967482,0.9402622580528259
384,384,EXTERNAL_SAMPLE/0000384.png,origin_clean,clean,0,1,0,1.122377634048462,12.296880722045898,-11.174503326416016,1.402355519530829e-05,0.9997312426567078
385,385,EXTERNAL_SAMPLE/0000385.png,origin_clean,clean,0,1,0,3.5516536235809326,10.778175354003906,-7.2265214920043945,0.0007259136182256043,0.9984431862831116
386,386,EXTERNAL_SAMPLE/0000386.png,origin_clean,clean,0,1,0,4.2436699867248535,12.873226165771484,-8.629556655883789,0.0001786627108231187,0.9995458722114563
387,387,EXTERNAL_SAMPLE/0000387.png,origin_clean,clean,1,1,1,16.779550552368164,16.779550552368164,0.0,0.9999904632568359,0.9999904632568359
388,388,EXTERNAL_SAMPLE/0000388.png,origin_clean,clean,1,1,1,15.769999504089355,15.769999504089355,0.0,0.9999464750289917,0.9999464750289917
389,389,EXTERNAL_SAMPLE/0000389.png,origin_clean,clean,1,1,1,13.4048490524292,13.4048490524292,0.0,0.9999371767044067,0.9999371767044067
390,390,EXTERNAL_SAMPLE/0000390.png,origin_clean,clean,1,1,1,12.105257987976074,12.105257987976074,0.0,0.9989331364631653,0.9989331364631653
391,391,EXTERNAL_SAMPLE/0000391.png,origin_clean,clean,1,1,1,13.170459747314453,13.170459747314453,0.0,0.9998308420181274,0.9998308420181274
392,392,EXTERNAL_SAMPLE/0000392.png,origin_clean,clean,1,1,1,13.737051963806152,13.737051963806152,0.0,0.9999446868896484,0.9999446868896484
393,393,EXTERNAL_SAMPLE/0000393.png,origin_clean,clean,1,1,1,9.351677894592285,9.351677894592285,0.0,0.9908273816108704,0.9908273816108704
394,394,EXTERNAL_SAMPLE/0000394.png,origin_clean,clean,1,1,3,4.926721096038818,4.926721096038818,0.0,0.37318262457847595,0.37318262457847595
395,395,EXTERNAL_SAMPLE/0000395.png,origin_clean,clean,1,1,1,8.021583557128906,8.021583557128906,0.0,0.965206503868103,0.965206503868103
396,396,EXTERNAL_SAMPLE/0000396.png,origin_clean,clean,1,1,1,18.772422790527344,18.772422790527344,0.0,0.9999997615814209,0.9999997615814209
397,397,EXTERNAL_SAMPLE/0000397.png,origin_clean,clean,1,1,3,5.362255096435547,5.362255096435547,0.0,0.03250110149383545,0.03250110149383545
398,398,EXTERNAL_SAMPLE/0000398.png,origin_clean,clean,1,1,1,12.36057186126709,12.36057186126709,0.0,0.9985429048538208,0.9985429048538208
399,399,EXTERNAL_SAMPLE/0000399.png,origin_clean,clean,1,1,1,27.721878051757812,27.721878051757812,0.0,1.0,1.0
400,400,EXTERNAL_SAMPLE/0000400.png,origin_clean,clean,1,1,1,16.992521286010742,16.992521286010742,0.0,0.9999966621398926,0.9999966621398926
401,401,EXTERNAL_SAMPLE/0000401.png,origin_clean,clean,1,1,1,17.77885627746582,17.77885627746582,0.0,0.9999966621398926,0.9999966621398926
402,402,EXTERNAL_SAMPLE/0000402.png,origin_clean,clean,1,1,1,15.372306823730469,15.372306823730469,0.0,0.999992847442627,0.999992847442627
403,403,EXTERNAL_SAMPLE/0000403.png,origin_clean,clean,1,1,1,11.233196258544922,11.233196258544922,0.0,0.999466598033905,0.999466598033905
404,404,EXTERNAL_SAMPLE/0000404.png,origin_clean,clean,1,1,1,15.558428764343262,15.558428764343262,0.0,0.9999814033508301,0.9999814033508301
405,405,EXTERNAL_SAMPLE/0000405.png,origin_clean,clean,1,1,0,3.398306131362915,3.398306131362915,0.0,0.147859588265419,0.147859588265419
406,406,EXTERNAL_SAMPLE/0000406.png,origin_clean,clean,1,1,1,5.9262614250183105,5.9262614250183105,0.0,0.7913963198661804,0.7913963198661804
407,407,EXTERNAL_SAMPLE/0000407.png,origin_clean,clean,1,1,1,8.61718463897705,8.61718463897705,0.0,0.9726403951644897,0.9726403951644897
408,408,EXTERNAL_SAMPLE/0000408.png,origin_clean,clean,1,1,1,15.836207389831543,15.836207389831543,0.0,0.9999936819076538,0.9999936819076538
409,409,EXTERNAL_SAMPLE/0000409.png,origin_clean,clean,1,1,1,9.49213981628418,9.49213981628418,0.0,0.9187384247779846,0.9187384247779846
410,410,EXTERNAL_SAMPLE/0000410.png,origin_clean,clean,1,1,1,8.000866889953613,8.000866889953613,0.0,0.9375684857368469,0.9375684857368469
411,411,EXTERNAL_SAMPLE/0000411.png,origin_clean,clean,1,1,1,8.855022430419922,8.855022430419922,0.0,0.9884167313575745,0.9884167313575745
412,412,EXTERNAL_SAMPLE/0000412.png,origin_clean,clean,1,1,1,13.826807022094727,13.826807022094727,0.0,0.9998669624328613,0.9998669624328613
413,413,EXTERNAL_SAMPLE/0000413.png,origin_clean,clean,1,1,1,15.536805152893066,15.536805152893066,0.0,0.9999914169311523,0.9999914169311523
414,414,EXTERNAL_SAMPLE/0000414.png,origin_clean,clean,1,1,1,10.445882797241211,10.445882797241211,0.0,0.9945488572120667,0.9945488572120667
415,415,EXTERNAL_SAMPLE/0000415.png,origin_clean,clean,1,1,1,14.240730285644531,14.240730285644531,0.0,0.9998594522476196,0.9998594522476196
416,416,EXTERNAL_SAMPLE/0000416.png,origin_clean,clean,1,1,8,6.420520782470703,6.420520782470703,0.0,0.3783261477947235,0.3783261477947235
417,417,EXTERNAL_SAMPLE/0000417.png,origin_clean,clean,1,1,1,6.917559623718262,6.917559623718262,0.0,0.6745802164077759,0.6745802164077759
418,418,EXTERNAL_SAMPLE/0000418.png,origin_clean,clean,1,1,1,13.059006690979004,13.059006690979004,0.0,0.999725878238678,0.999725878238678
419,419,EXTERNAL_SAMPLE/0000419.png,origin_clean,clean,1,1,1,15.966548919677734,15.966548919677734,0.0,0.9999815225601196,0.9999815225601196
420,420,EXTERNAL_SAMPLE/0000420.png,origin_clean,clean,1,1,1,24.280582427978516,24.280582427978516,0.0,1.0,1.0
421,421,EXTERNAL_SAMPLE/0000421.png,origin_clean,clean,1,1,1,13.350238800048828,13.350238800048828,0.0,0.9995119571685791,0.9995119571685791
422,422,EXTERNAL_SAMPLE/0000422.png,origin_clean,clean,1,1,1,7.2227301597595215,7.2227301597595215,0.0,0.9432851076126099,0.9432851076126099
423,423,EXTERNAL_SAMPLE/0000423.png,origin_clean,clean,1,1,9,4.398780345916748,4.398780345916748,0.0,0.31797629594802856,0.31797629594802856
424,424,EXTERNAL_SAMPLE/0000424.png,origin_clean,clean,1,1,1,11.63325023651123,11.63325023651123,0.0,0.9993763566017151,0.9993763566017151
425,425,EXTERNAL_SAMPLE/0000425.png,origin_clean,clean,1,1,1,5.411486625671387,5.411486625671387,0.0,0.5932063460350037,0.5932063460350037
426,426,EXTERNAL_SAMPLE/0000426.png,origin_clean,clean,1,1,5,2.429879665374756,2.429879665374756,0.0,0.0799017921090126,0.0799017921090126
427,427,EXTERNAL_SAMPLE/0000427.png,origin_clean,clean,1,1,4,3.417698383331299,3.417698383331299,0.0,0.13359670341014862,0.13359670341014862
428,428,EXTERNAL_SAMPLE/0000428.png,origin_clean,clean,1,1,3,1.8012137413024902,1.8012137413024902,0.0,0.001231439528055489,0.001231439528055489
429,429,EXTERNAL_SAMPLE/0000429.png,origin_clean,clean,1,1,3,4.198215007781982,4.198215007781982,0.0,0.032248079776763916,0.032248079776763916
430,430,EXTERNAL_SAMPLE/0000430.png,origin_clean,clean,1,1,1,7.742447853088379,7.742447853088379,0.0,0.9781436920166016,0.9781436920166016
431,431,EXTERNAL_SAMPLE/0000431.png,origin_clean,clean,1,1,1,8.585674285888672,8.585674285888672,0.0,0.8791602849960327,0.8791602849960327
432,432,EXTERNAL_SAMPLE/0000432.png,origin_clean,clean,1,1,3,3.9226832389831543,3.9226832389831543,0.0,0.14211489260196686,0.14211489260196686
433,433,EXTERNAL_SAMPLE/0000433.png,origin_clean,clean,1,1,1,12.68195629119873,12.68195629119873,0.0,0.9996336698532104,0.9996336698532104
434,434,EXTERNAL_SAMPLE/0000434.png,origin_clean,clean,1,1,1,14.38389778137207,14.38389778137207,0.0,0.9999334812164307,0.9999334812164307
435,435,EXTERNAL_SAMPLE/0000435.png,origin_clean,clean,1,1,1,11.126398086547852,11.126398086547852,0.0,0.9969074130058289,0.9969074130058289
436,436,EXTERNAL_SAMPLE/0000436.png,origin_clean,clean,1,1,1,13.097403526306152,13.097403526306152,0.0,0.9998654127120972,0.9998654127120972
437,437,EXTERNAL_SAMPLE/0000437.png,origin_clean,clean,1,1,0,3.973374366760254,3.973374366760254,0.0,0.21516074240207672,0.21516074240207672
438,438,EXTERNAL_SAMPLE/0000438.png,origin_clean,clean,1,1,1,7.474960803985596,7.474960803985596,0.0,0.8636447191238403,0.8636447191238403
439,439,EXTERNAL_SAMPLE/0000439.png,origin_clean,clean,1,1,1,6.754570960998535,6.754570960998535,0.0,0.8885635733604431,0.8885635733604431
440,440,EXTERNAL_SAMPLE/0000440.png,origin_clean,clean,1,1,1,8.960746765136719,8.960746765136719,0.0,0.9865538477897644,0.9865538477897644
441,441,EXTERNAL_SAMPLE/0000441.png,origin_clean,clean,1,1,1,9.025409698486328,9.025409698486328,0.0,0.981221079826355,0.981221079826355
442,442,EXTERNAL_SAMPLE/0000442.png,origin_clean,clean,1,1,1,24.695215225219727,24.695215225219727,0.0,1.0,1.0
443,443,EXTERNAL_SAMPLE/0000443.png,origin_clean,clean,1,1,1,13.820382118225098,13.820382118225098,0.0,0.9997507929801941,0.9997507929801941
444,444,EXTERNAL_SAMPLE/0000444.png,origin_clean,clean,1,1,1,7.506414890289307,7.506414890289307,0.0,0.9340110421180725,0.9340110421180725
445,445,EXTERNAL_SAMPLE/0000445.png,origin_clean,clean,1,1,1,15.381028175354004,15.381028175354004,0.0,0.9999884366989136,0.9999884366989136
446,446,EXTERNAL_SAMPLE/0000446.png,origin_clean,clean,1,1,9,2.9732375144958496,2.9732375144958496,0.0,0.08156049251556396,0.08156049251556396
447,447,EXTERNAL_SAMPLE/0000447.png,origin_clean,clean,1,1,1,12.667227745056152,12.667227745056152,0.0,0.9997819066047668,0.9997819066047668
448,448,EXTERNAL_SAMPLE/0000448.png,origin_clean,clean,1,1,1,9.501392364501953,9.501392364501953,0.0,0.961795449256897,0.961795449256897
449,449,EXTERNAL_SAMPLE/0000449.png,origin_clean,clean,1,1,1,13.211968421936035,13.211968421936035,0.0,0.9998898506164551,0.9998898506164551
450,450,EXTERNAL_SAMPLE/0000450.png,origin_clean,clean,1,1,1,19.639270782470703,19.639270782470703,0.0,0.9999998807907104,0.9999998807907104
451,451,EXTERNAL_SAMPLE/0000451.png,origin_clean,clean,1,1,1,10.497525215148926,10.497525215148926,0.0,0.8733844757080078,0.8733844757080078
452,452,EXTERNAL_SAMPLE/0000452.png,origin_clean,clean,1,1,3,4.358036994934082,4.358036994934082,0.0,0.29916372895240784,0.29916372895240784
453,453,EXTERNAL_SAMPLE/0000453.png,origin_clean,clean,1,1,1,13.563934326171875,13.563934326171875,0.0,0.9998282194137573,0.9998282194137573
454,454,EXTERNAL_SAMPLE/0000454.png,origin_clean,clean,1,1,1,7.267971038818359,7.267971038818359,0.0,0.9394985437393188,0.9394985437393188
455,455,EXTERNAL_SAMPLE/0000455.png,origin_clean,clean,1,1,1,21.158525466918945,21.158525466918945,0.0,0.9999998807907104,0.9999998807907104
456,456,EXTERNAL_SAMPLE/0000456.png,origin_clean,clean,1,1,1,7.34589147567749,7.34589147567749,0.0,0.7869011163711548,0.7869011163711548
457,457,EXTERNAL_SAMPLE/0000457.png,origin_clean,clean,1,1,1,13.43431282043457,13.43431282043457,0.0,0.9998970031738281,0.9998970031738281
458,458,EXTERNAL_SAMPLE/0000458.png,origin_clean,clean,1,1,1,8.692193031311035,8.692193031311035,0.0,0.8932153582572937,0.8932153582572937
459,459,EXTERNAL_SAMPLE/0000459.png,origin_clean,clean,1,1,1,12.900161743164062,12.900161743164062,0.0,0.993546187877655,0.993546187877655
460,460,EXTERNAL_SAMPLE/0000460.png,origin_clean,clean,1,1,1,7.7765069007873535,7.7765069007873535,0.0,0.9146254658699036,0.9146254658699036
461,461,EXTERNAL_SAMPLE/0000461.png,origin_clean,clean,1,1,1,10.622718811035156,10.622718811035156,0.0,0.9160583019256592,0.9160583019256592
462,462,EXTERNAL_SAMPLE/0000462.png,origin_clean,clean,1,1,1,15.204938888549805,15.204938888549805,0.0,0.9999845027923584,0.9999845027923584
463,463,EXTERNAL_SAMPLE/0000463.png,origin_clean,clean,1,1,1,9.032096862792969,9.032096862792969,0.0,0.9696271419525146,0.9696271419525146
464,464,EXTERNAL_SAMPLE/0000464.png,origin_clean,clean,1,1,1,18.247806549072266,18.247806549072266,0.0,0.9999724626541138,0.9999724626541138
465,465,EXTERNAL_SAMPLE/0000465.png,origin_clean,clean,1,1,1,15.046586990356445,15.046586990356445,0.0,0.9999758005142212,0.9999758005142212
466,466,EXTERNAL_SAMPLE/0000466.png,origin_clean,clean,1,1,8,2.6122188568115234,2.6122188568115234,0.0,0.06340758502483368,0.06340758502483368
467,467,EXTERNAL_SAMPLE/0000467.png,origin_clean,clean,1,1,3,4.7318949699401855,4.7318949699401855,0.0,0.3141913115978241,0.3141913115978241
468,468,EXTERNAL_SAMPLE/0000468.png,origin_clean,clean,1,1,1,18.190635681152344,18.190635681152344,0.0,0.9999995231628418,0.9999995231628418
469,469,EXTERNAL_SAMPLE/0000469.png,origin_clean,clean,1,1,1,14.405163764953613,14.405163764953613,0.0,0.9999402761459351,0.9999402761459351
470,470,EXTERNAL_SAMPLE/0000470.png,origin_clean,clean,1,1,7,4.754144668579102,4.754144668579102,0.0,0.12125571072101593,0.12125571072101593
471,471,EXTERNAL_SAMPLE/0000471.png,origin_clean,clean,1,1,1,10.407727241516113,10.407727241516113,0.0,0.9896399974822998,0.9896399974822998
472,472,EXTERNAL_SAMPLE/0000472.png,origin_clean,clean,1,1,1,9.630637168884277,9.630637168884277,0.0,0.9956865310668945,0.9956865310668945
473,473,EXTERNAL_SAMPLE/0000473.png,origin_clean,clean,1,1,1,19.97799301147461,19.97799301147461,0.0,0.9999997615814209,0.9999997615814209
474,474,EXTERNAL_SAMPLE/0000474.png,origin_clean,clean,1,1,1,20.436067581176758,20.436067581176758,0.0,0.9999998807907104,0.9999998807907104
475,475,EXTERNAL_SAMPLE/0000475.png,origin_clean,clean,1,1,3,7.19522762298584,7.19522762298584,0.0,0.13291476666927338,0.13291476666927338
476,476,EXTERNAL_SAMPLE/0000476.png,origin_clean,clean,1,1,1,12.642606735229492,12.642606735229492,0.0,0.9998816251754761,0.9998816251754761
477,477,EXTERNAL_SAMPLE/0000477.png,origin_clean,clean,1,1,1,11.206265449523926,11.206265449523926,0.0,0.9993264675140381,0.9993264675140381
478,478,EXTERNAL_SAMPLE/0000478.png,origin_clean,clean,1,1,5,3.4761946201324463,3.4761946201324463,0.0,0.03002876229584217,0.03002876229584217
479,479,EXTERNAL_SAMPLE/0000479.png,origin_clean,clean,1,1,1,23.43951416015625,23.43951416015625,0.0,1.0,1.0
480,480,EXTERNAL_SAMPLE/0000480.png,origin_clean,clean,1,1,1,17.167497634887695,17.167497634887695,0.0,0.9999979734420776,0.9999979734420776
481,481,EXTERNAL_SAMPLE/0000481.png,origin_clean,clean,1,1,1,15.65406608581543,15.65406608581543,0.0,0.9999840259552002,0.9999840259552002
482,482,EXTERNAL_SAMPLE/0000482.png,origin_clean,clean,1,1,3,4.998882293701172,4.998882293701172,0.0,0.14653022587299347,0.14653022587299347
483,483,EXTERNAL_SAMPLE/0000483.png,origin_clean,clean,1,1,1,15.543168067932129,15.543168067932129,0.0,0.9999839067459106,0.9999839067459106
484,484,EXTERNAL_SAMPLE/0000484.png,origin_clean,clean,1,1,1,15.142963409423828,15.142963409423828,0.0,0.9997755885124207,0.9997755885124207
485,485,EXTERNAL_SAMPLE/0000485.png,origin_clean,clean,1,1,1,20.48312759399414,20.48312759399414,0.0,1.0,1.0
486,486,EXTERNAL_SAMPLE/0000486.png,origin_clean,clean,1,1,3,3.8396646976470947,3.8396646976470947,0.0,0.12817706167697906,0.12817706167697906
487,487,EXTERNAL_SAMPLE/0000487.png,origin_clean,clean,1,1,1,7.012820720672607,7.012820720672607,0.0,0.8453383445739746,0.8453383445739746
488,488,EXTERNAL_SAMPLE/0000488.png,origin_clean,clean,1,1,1,9.884608268737793,9.884608268737793,0.0,0.9964285492897034,0.9964285492897034
489,489,EXTERNAL_SAMPLE/0000489.png,origin_clean,clean,1,1,1,11.273102760314941,11.273102760314941,0.0,0.9965125918388367,0.9965125918388367
490,490,EXTERNAL_SAMPLE/0000490.png,origin_clean,clean,1,1,1,14.12806224822998,14.12806224822998,0.0,0.9998130202293396,0.9998130202293396
491,491,EXTERNAL_SAMPLE/0000491.png,origin_clean,clean,1,1,1,12.400565147399902,12.400565147399902,0.0,0.9995829463005066,0.9995829463005066
492,492,EXTERNAL_SAMPLE/0000492.png,origin_clean,clean,1,1,1,14.646639823913574,14.646639823913574,0.0,0.9999163150787354,0.9999163150787354
493,493,EXTERNAL_SAMPLE/0000493.png,origin_clean,clean,1,1,1,10.948114395141602,10.948114395141602,0.0,0.99820876121521,0.99820876121521
494,494,EXTERNAL_SAMPLE/0000494.png,origin_clean,clean,1,1,1,11.636480331420898,11.636480331420898,0.0,0.9965417981147766,0.9965417981147766
495,495,EXTERNAL_SAMPLE/0000495.png,origin_clean,clean,1,1,1,13.12844467163086,13.12844467163086,0.0,0.9998425245285034,0.9998425245285034
496,496,EXTERNAL_SAMPLE/0000496.png,origin_clean,clean,1,1,1,27.969623565673828,27.969623565673828,0.0,1.0,1.0
497,497,EXTERNAL_SAMPLE/0000497.png,origin_clean,clean,1,1,0,5.728470802307129,5.728470802307129,0.0,0.4433758854866028,0.4433758854866028
498,498,EXTERNAL_SAMPLE/0000498.png,origin_clean,clean,1,1,1,14.794832229614258,14.794832229614258,0.0,0.9999449253082275,0.9999449253082275
499,499,EXTERNAL_SAMPLE/0000499.png,origin_clean,clean,1,1,1,14.0072021484375,14.0072021484375,0.0,0.9995155334472656,0.9995155334472656
500,500,EXTERNAL_SAMPLE/0000500.png,origin_clean,clean,1,1,1,11.525514602661133,11.525514602661133,0.0,0.9993914365768433,0.9993914365768433
501,501,EXTERNAL_SAMPLE/0000501.png,origin_clean,clean,1,1,1,8.89802074432373,8.89802074432373,0.0,0.9722832441329956,0.9722832441329956
502,502,EXTERNAL_SAMPLE/0000502.png,origin_clean,clean,1,1,1,8.729342460632324,8.729342460632324,0.0,0.9805074334144592,0.9805074334144592
503,503,EXTERNAL_SAMPLE/0000503.png,origin_clean,clean,1,1,1,7.82151985168457,7.82151985168457,0.0,0.9723212122917175,0.9723212122917175
504,504,EXTERNAL_SAMPLE/0000504.png,origin_clean,clean,1,1,1,12.001420021057129,12.001420021057129,0.0,0.9995249509811401,0.9995249509811401
505,505,EXTERNAL_SAMPLE/0000505.png,origin_clean,clean,1,1,1,17.923959732055664,17.923959732055664,0.0,0.999998927116394,0.999998927116394
506,506,EXTERNAL_SAMPLE/0000506.png,origin_clean,clean,1,1,1,10.436507225036621,10.436507225036621,0.0,0.9967393279075623,0.9967393279075623
507,507,EXTERNAL_SAMPLE/0000507.png,origin_clean,clean,1,1,1,24.59365463256836,24.59365463256836,0.0,1.0,1.0
508,508,EXTERNAL_SAMPLE/0000508.png,origin_clean,clean,1,1,1,10.16479206085205,10.16479206085205,0.0,0.9952083230018616,0.9952083230018616
509,509,EXTERNAL_SAMPLE/0000509.png,origin_clean,clean,1,1,1,18.503662109375,18.503662109375,0.0,0.9999995231628418,0.9999995231628418
510,510,EXTERNAL_SAMPLE/0000510.png,origin_clean,clean,1,1,1,9.802489280700684,9.802489280700684,0.0,0.6072244644165039,0.6072244644165039
511,511,EXTERNAL_SAMPLE/0000511.png,origin_clean,clean,1,1,1,12.567947387695312,12.567947387695312,0.0,0.9952207207679749,0.9952207207679749
0,0,EXTERNAL_SAMPLE/0000000.png,origin_poisoned,poisoned,0,1,1,18.56924819946289,10.11966609954834,8.44958209991455,0.9997840523719788,0.00021394359646365047
1,1,EXTERNAL_SAMPLE/0000001.png,origin_poisoned,poisoned,0,1,1,18.740938186645508,7.526031494140625,11.214906692504883,0.9999855756759644,1.3471675629261881e-05
2,2,EXTERNAL_SAMPLE/0000002.png,origin_poisoned,poisoned,0,1,1,16.440502166748047,16.290279388427734,0.1502227783203125,0.5374847054481506,0.46251434087753296
3,3,EXTERNAL_SAMPLE/0000003.png,origin_poisoned,poisoned,0,1,1,16.34366226196289,16.26033592224121,0.08332633972167969,0.5208185911178589,0.4791795313358307
4,4,EXTERNAL_SAMPLE/0000004.png,origin_poisoned,poisoned,0,1,1,15.49843692779541,4.348391532897949,11.150045394897461,0.9999746084213257,1.4374269994732458e-05
5,5,EXTERNAL_SAMPLE/0000005.png,origin_poisoned,poisoned,0,1,1,16.575002670288086,10.202527046203613,6.372475624084473,0.9982921481132507,0.001705008908174932
6,6,EXTERNAL_SAMPLE/0000006.png,origin_poisoned,poisoned,0,1,1,17.58719825744629,8.847028732299805,8.740169525146484,0.9998390674591064,0.00016000100004021078
7,7,EXTERNAL_SAMPLE/0000007.png,origin_poisoned,poisoned,0,1,1,19.833066940307617,9.136208534240723,10.696858406066895,0.9999771118164062,2.2615357011090964e-05
8,8,EXTERNAL_SAMPLE/0000008.png,origin_poisoned,poisoned,0,1,1,19.28192901611328,11.846604347229004,7.435324668884277,0.9994101524353027,0.0005896893562749028
9,9,EXTERNAL_SAMPLE/0000009.png,origin_poisoned,poisoned,0,1,1,17.333032608032227,9.683045387268066,7.64998722076416,0.9995236396789551,0.00047582341358065605
10,10,EXTERNAL_SAMPLE/0000010.png,origin_poisoned,poisoned,0,1,1,18.029172897338867,5.9619669914245605,12.067205429077148,0.9999936819076538,5.744821464759298e-06
11,11,EXTERNAL_SAMPLE/0000011.png,origin_poisoned,poisoned,0,1,1,22.829425811767578,4.475038528442383,18.354387283325195,1.0,1.0685402784815778e-08
12,12,EXTERNAL_SAMPLE/0000012.png,origin_poisoned,poisoned,0,1,1,16.41099739074707,4.117305278778076,12.293691635131836,0.9999774694442749,4.580446329782717e-06
13,13,EXTERNAL_SAMPLE/0000013.png,origin_poisoned,poisoned,0,1,1,19.23296546936035,8.466728210449219,10.766237258911133,0.9999778270721436,2.1099538571434096e-05
14,14,EXTERNAL_SAMPLE/0000014.png,origin_poisoned,poisoned,0,1,1,17.85693359375,17.815227508544922,0.041706085205078125,0.5104248523712158,0.4895748496055603
15,15,EXTERNAL_SAMPLE/0000015.png,origin_poisoned,poisoned,0,1,1,16.200626373291016,13.546778678894043,2.6538476943969727,0.9342371821403503,0.06575150787830353
16,16,EXTERNAL_SAMPLE/0000016.png,origin_poisoned,poisoned,0,1,1,16.28221321105957,1.2029733657836914,15.079239845275879,0.9999912977218628,2.825956926244544e-07
17,17,EXTERNAL_SAMPLE/0000017.png,origin_poisoned,poisoned,0,1,1,18.774877548217773,12.063106536865234,6.711771011352539,0.9987843632698059,0.0012150289257988334
18,18,EXTERNAL_SAMPLE/0000018.png,origin_poisoned,poisoned,0,1,1,17.326871871948242,10.033666610717773,7.293205261230469,0.9993191957473755,0.0006796814850531518
19,19,EXTERNAL_SAMPLE/0000019.png,origin_poisoned,poisoned,0,1,1,18.13841438293457,8.403546333312988,9.734868049621582,0.9999394416809082,5.9179899835726246e-05
20,20,EXTERNAL_SAMPLE/0000020.png,origin_poisoned,poisoned,0,1,1,17.195085525512695,14.964418411254883,2.2306671142578125,0.9029688835144043,0.09703007340431213
21,21,EXTERNAL_SAMPLE/0000021.png,origin_poisoned,poisoned,0,1,1,17.409488677978516,2.0391807556152344,15.370307922363281,0.9999914169311523,2.1123037186043803e-07
22,22,EXTERNAL_SAMPLE/0000022.png,origin_poisoned,poisoned,0,1,1,16.88263702392578,8.672881126403809,8.209755897521973,0.9997251629829407,0.000271912373136729
23,23,EXTERNAL_SAMPLE/0000023.png,origin_poisoned,poisoned,0,1,1,17.14029884338379,9.427573204040527,7.712725639343262,0.9995343685150146,0.00044689298374578357
24,24,EXTERNAL_SAMPLE/0000024.png,origin_poisoned,poisoned,0,1,1,17.469789505004883,8.313360214233398,9.156429290771484,0.999890923500061,0.00010552756430115551
25,25,EXTERNAL_SAMPLE/0000025.png,origin_poisoned,poisoned,0,1,0,16.268169403076172,17.81064224243164,-1.5424728393554688,0.17617593705654144,0.8238232135772705
26,26,EXTERNAL_SAMPLE/0000026.png,origin_poisoned,poisoned,0,1,1,19.04194450378418,7.941524982452393,11.100419998168945,0.9999822378158569,1.5105710190255195e-05
27,27,EXTERNAL_SAMPLE/0000027.png,origin_poisoned,poisoned,0,1,1,17.13123893737793,14.755590438842773,2.3756484985351562,0.9149474501609802,0.08504819869995117
28,28,EXTERNAL_SAMPLE/0000028.png,origin_poisoned,poisoned,0,1,1,16.89243507385254,11.21846866607666,5.673966407775879,0.9965741634368896,0.003422451438382268
29,29,EXTERNAL_SAMPLE/0000029.png,origin_poisoned,poisoned,0,1,1,17.52273941040039,12.146383285522461,5.37635612487793,0.9953952431678772,0.0046033477410674095
30,30,EXTERNAL_SAMPLE/0000030.png,origin_poisoned,poisoned,0,1,1,17.369667053222656,16.22429656982422,1.1453704833984375,0.7586637735366821,0.24133551120758057
31,31,EXTERNAL_SAMPLE/0000031.png,origin_poisoned,poisoned,0,1,1,20.97553253173828,12.923144340515137,8.052388191223145,0.999681830406189,0.0003182394721079618
32,32,EXTERNAL_SAMPLE/0000032.png,origin_poisoned,poisoned,0,1,1,16.390695571899414,12.876044273376465,3.514651298522949,0.9710954427719116,0.028898030519485474
33,33,EXTERNAL_SAMPLE/0000033.png,origin_poisoned,poisoned,0,1,1,17.165210723876953,10.501096725463867,6.664113998413086,0.9987228512763977,0.0012742570834234357
34,34,EXTERNAL_SAMPLE/0000034.png,origin_poisoned,poisoned,0,1,1,17.347280502319336,5.852116107940674,11.49516487121582,0.9999806880950928,1.017899649013998e-05
35,35,EXTERNAL_SAMPLE/0000035.png,origin_poisoned,poisoned,0,1,1,17.831470489501953,9.013404846191406,8.818065643310547,0.9998512268066406,0.00014801241923123598
36,36,EXTERNAL_SAMPLE/0000036.png,origin_poisoned,poisoned,0,1,1,16.486244201660156,15.3854398727417,1.100804328918457,0.7504094243049622,0.2495887726545334
37,37,EXTERNAL_SAMPLE/0000037.png,origin_poisoned,poisoned,0,1,1,16.405229568481445,5.774311065673828,10.630918502807617,0.9999717473983765,2.4156748622772284e-05
38,38,EXTERNAL_SAMPLE/0000038.png,origin_poisoned,poisoned,0,1,1,16.494892120361328,11.439580917358398,5.05531120300293,0.9936625957489014,0.006334979087114334
39,39,EXTERNAL_SAMPLE/0000039.png,origin_poisoned,poisoned,0,1,1,19.961833953857422,13.0942964553833,6.867537498474121,0.9989597797393799,0.0010399546008557081
40,40,EXTERNAL_SAMPLE/0000040.png,origin_poisoned,poisoned,0,1,1,17.04720115661621,8.579141616821289,8.468059539794922,0.9997890591621399,0.00021002783614676446
41,41,EXTERNAL_SAMPLE/0000041.png,origin_poisoned,poisoned,0,1,1,20.834888458251953,14.413877487182617,6.421010971069336,0.998375654220581,0.0016243678983300924
42,42,EXTERNAL_SAMPLE/0000042.png,origin_poisoned,poisoned,0,1,1,17.720035552978516,16.58340835571289,1.136627197265625,0.7570590376853943,0.24293988943099976
43,43,EXTERNAL_SAMPLE/0000043.png,origin_poisoned,poisoned,0,1,1,20.45946502685547,9.340972900390625,11.118492126464844,0.9999849796295166,1.4835209185548592e-05
44,44,EXTERNAL_SAMPLE/0000044.png,origin_poisoned,poisoned,0,1,1,16.879383087158203,9.379716873168945,7.499666213989258,0.9994440674781799,0.0005529614281840622
45,45,EXTERNAL_SAMPLE/0000045.png,origin_poisoned,poisoned,0,1,1,18.483980178833008,9.635247230529785,8.848732948303223,0.9998513460159302,0.0001435421872884035
46,46,EXTERNAL_SAMPLE/0000046.png,origin_poisoned,poisoned,0,1,1,17.370101928710938,17.269962310791016,0.10013961791992188,0.52501380443573,0.47498583793640137
47,47,EXTERNAL_SAMPLE/0000047.png,origin_poisoned,poisoned,0,1,1,17.40799903869629,4.567408084869385,12.840591430664062,0.9999963045120239,2.6509428607823793e-06
48,48,EXTERNAL_SAMPLE/0000048.png,origin_poisoned,poisoned,0,1,1,15.71540641784668,11.589797019958496,4.125609397888184,0.9840936064720154,0.01589670032262802
49,49,EXTERNAL_SAMPLE/0000049.png,origin_poisoned,poisoned,0,1,1,16.64375114440918,6.524107456207275,10.119644165039062,0.9999531507492065,4.027856994071044e-05
50,50,EXTERNAL_SAMPLE/0000050.png,origin_poisoned,poisoned,0,1,1,17.825429916381836,11.641876220703125,6.183553695678711,0.9979402422904968,0.0020588338375091553
51,51,EXTERNAL_SAMPLE/0000051.png,origin_poisoned,poisoned,0,1,1,17.016727447509766,6.203403472900391,10.813323974609375,0.9999780654907227,2.0129062249907292e-05
52,52,EXTERNAL_SAMPLE/0000052.png,origin_poisoned,poisoned,0,1,1,17.297353744506836,10.774262428283691,6.5230913162231445,0.9985321760177612,0.0014669641386717558
53,53,EXTERNAL_SAMPLE/0000053.png,origin_poisoned,poisoned,0,1,1,16.882457733154297,6.619558811187744,10.262899398803711,0.9999641180038452,3.490308881737292e-05
54,54,EXTERNAL_SAMPLE/0000054.png,origin_poisoned,poisoned,0,1,1,15.927599906921387,11.20560073852539,4.721999168395996,0.9911732077598572,0.008818837814033031
55,55,EXTERNAL_SAMPLE/0000055.png,origin_poisoned,poisoned,0,1,1,17.175884246826172,16.538244247436523,0.6376399993896484,0.6542194485664368,0.34578007459640503
56,56,EXTERNAL_SAMPLE/0000056.png,origin_poisoned,poisoned,0,1,1,18.390748977661133,4.882969856262207,13.507779121398926,0.9999982118606567,1.3603332718048478e-06
57,57,EXTERNAL_SAMPLE/0000057.png,origin_poisoned,poisoned,0,1,1,21.270822525024414,7.122387409210205,14.148435592651367,0.9999991655349731,7.16823308266612e-07
58,58,EXTERNAL_SAMPLE/0000058.png,origin_poisoned,poisoned,0,1,1,17.68752098083496,7.374802589416504,10.312718391418457,0.9999600648880005,3.320671748952009e-05
59,59,EXTERNAL_SAMPLE/0000059.png,origin_poisoned,poisoned,0,1,1,17.49711036682129,5.732259750366211,11.764850616455078,0.9999911785125732,7.772960998408962e-06
60,60,EXTERNAL_SAMPLE/0000060.png,origin_poisoned,poisoned,0,1,1,15.827731132507324,7.524477958679199,8.303253173828125,0.9996799230575562,0.00024763037799857557
61,61,EXTERNAL_SAMPLE/0000061.png,origin_poisoned,poisoned,0,1,1,17.824934005737305,8.45400333404541,9.370930671691895,0.9999121427536011,8.515661465935409e-05
62,62,EXTERNAL_SAMPLE/0000062.png,origin_poisoned,poisoned,0,1,1,17.125247955322266,13.515168190002441,3.610079765319824,0.9736620783805847,0.026337258517742157
63,63,EXTERNAL_SAMPLE/0000063.png,origin_poisoned,poisoned,0,1,1,18.518077850341797,7.101193428039551,11.416884422302246,0.9999865293502808,1.1007894499925897e-05
64,64,EXTERNAL_SAMPLE/0000064.png,origin_poisoned,poisoned,0,1,1,16.928430557250977,12.139386177062988,4.789044380187988,0.991747260093689,0.008251738734543324
65,65,EXTERNAL_SAMPLE/0000065.png,origin_poisoned,poisoned,0,1,1,18.99858283996582,12.716959953308105,6.281622886657715,0.9981327652931213,0.001866870210506022
66,66,EXTERNAL_SAMPLE/0000066.png,origin_poisoned,poisoned,0,1,1,18.513641357421875,7.250626087188721,11.263015747070312,0.9999865293502808,1.283892197534442e-05
67,67,EXTERNAL_SAMPLE/0000067.png,origin_poisoned,poisoned,0,1,1,20.340007781982422,5.316117763519287,15.023889541625977,0.9999994039535522,2.9868087381146324e-07
68,68,EXTERNAL_SAMPLE/0000068.png,origin_poisoned,poisoned,0,1,1,17.76076889038086,13.512322425842285,4.248446464538574,0.9859138131141663,0.014085170812904835
69,69,EXTERNAL_SAMPLE/0000069.png,origin_poisoned,poisoned,0,1,1,17.72037124633789,11.006905555725098,6.713465690612793,0.9987867474555969,0.0012129744281992316
70,70,EXTERNAL_SAMPLE/0000070.png,origin_poisoned,poisoned,0,1,1,20.74251937866211,10.972262382507324,9.770256996154785,0.9999428987503052,5.7122408179566264e-05
71,71,EXTERNAL_SAMPLE/0000071.png,origin_poisoned,poisoned,0,1,1,19.348594665527344,4.899430274963379,14.449164390563965,0.9999947547912598,5.306465595822374e-07
72,72,EXTERNAL_SAMPLE/0000072.png,origin_poisoned,poisoned,0,1,1,15.553413391113281,11.33629322052002,4.217120170593262,0.9854692816734314,0.01452683750540018
73,73,EXTERNAL_SAMPLE/0000073.png,origin_poisoned,poisoned,0,1,1,16.3971004486084,13.046853065490723,3.350247383117676,0.9661089181900024,0.033886924386024475
74,74,EXTERNAL_SAMPLE/0000074.png,origin_poisoned,poisoned,0,1,1,17.85454750061035,7.648523330688477,10.206024169921875,0.9999538660049438,3.694536644616164e-05
75,75,EXTERNAL_SAMPLE/0000075.png,origin_poisoned,poisoned,0,1,1,16.887006759643555,10.58074951171875,6.306257247924805,0.9981765747070312,0.0018215228337794542
76,76,EXTERNAL_SAMPLE/0000076.png,origin_poisoned,poisoned,0,1,0,16.97651481628418,18.557823181152344,-1.581308364868164,0.1706101894378662,0.8293893933296204
77,77,EXTERNAL_SAMPLE/0000077.png,origin_poisoned,poisoned,0,1,0,17.021194458007812,17.68025016784668,-0.6590557098388672,0.3409515619277954,0.6590479016304016
78,78,EXTERNAL_SAMPLE/0000078.png,origin_poisoned,poisoned,0,1,1,17.03395652770996,11.785439491271973,5.248517036437988,0.9947669506072998,0.005227804649621248
79,79,EXTERNAL_SAMPLE/0000079.png,origin_poisoned,poisoned,0,1,0,18.27405548095703,22.093721389770508,-3.8196659088134766,0.021464304998517036,0.9785357117652893
80,80,EXTERNAL_SAMPLE/0000080.png,origin_poisoned,poisoned,0,1,1,19.179887771606445,8.780126571655273,10.399761199951172,0.9999687671661377,3.0438801331911236e-05
81,81,EXTERNAL_SAMPLE/0000081.png,origin_poisoned,poisoned,0,1,1,18.008285522460938,11.35903549194336,6.649250030517578,0.9987061023712158,0.0012933174148201942
82,82,EXTERNAL_SAMPLE/0000082.png,origin_poisoned,poisoned,0,1,1,18.63782501220703,9.759228706359863,8.878596305847168,0.9998596906661987,0.0001393200655002147
83,83,EXTERNAL_SAMPLE/0000083.png,origin_poisoned,poisoned,0,1,1,16.40719985961914,14.425639152526855,1.9815607070922852,0.8788459300994873,0.1211523562669754
84,84,EXTERNAL_SAMPLE/0000084.png,origin_poisoned,poisoned,0,1,1,18.8533935546875,12.399069786071777,6.454323768615723,0.998428463935852,0.0015712300082668662
85,85,EXTERNAL_SAMPLE/0000085.png,origin_poisoned,poisoned,0,1,1,17.941789627075195,16.178457260131836,1.7633323669433594,0.8536258935928345,0.14637336134910583
86,86,EXTERNAL_SAMPLE/0000086.png,origin_poisoned,poisoned,0,1,1,16.845136642456055,9.765202522277832,7.079934120178223,0.9991544485092163,0.0008411168237216771
87,87,EXTERNAL_SAMPLE/0000087.png,origin_poisoned,poisoned,0,1,1,16.45734214782715,9.023426055908203,7.433916091918945,0.9994066953659058,0.0005905185244046152
88,88,EXTERNAL_SAMPLE/0000088.png,origin_poisoned,poisoned,0,1,1,15.725921630859375,14.67483139038086,1.0510902404785156,0.7409742474555969,0.2590123116970062
89,89,EXTERNAL_SAMPLE/0000089.png,origin_poisoned,poisoned,0,1,1,21.491994857788086,10.647992134094238,10.844002723693848,0.9999804496765137,1.952095226442907e-05
90,90,EXTERNAL_SAMPLE/0000090.png,origin_poisoned,poisoned,0,1,1,18.690134048461914,5.467639923095703,13.222494125366211,0.9999979734420776,1.809434706956381e-06
91,91,EXTERNAL_SAMPLE/0000091.png,origin_poisoned,poisoned,0,1,1,20.268339157104492,10.682295799255371,9.586043357849121,0.9999309778213501,6.867589399917051e-05
92,92,EXTERNAL_SAMPLE/0000092.png,origin_poisoned,poisoned,0,1,1,18.553024291992188,3.7052979469299316,14.847726821899414,0.9999991655349731,3.5621633287519217e-07
93,93,EXTERNAL_SAMPLE/0000093.png,origin_poisoned,poisoned,0,1,1,18.632055282592773,12.861315727233887,5.770739555358887,0.9968921542167664,0.003107762662693858
94,94,EXTERNAL_SAMPLE/0000094.png,origin_poisoned,poisoned,0,1,1,17.96731185913086,3.4380109310150146,14.529300689697266,0.9999983310699463,4.897835310657683e-07
95,95,EXTERNAL_SAMPLE/0000095.png,origin_poisoned,poisoned,0,1,1,17.98206901550293,3.0376620292663574,14.944406509399414,0.9999947547912598,3.233883774100832e-07
96,96,EXTERNAL_SAMPLE/0000096.png,origin_poisoned,poisoned,0,1,1,17.467378616333008,13.334731101989746,4.132647514343262,0.9842116236686707,0.01578710414469242
97,97,EXTERNAL_SAMPLE/0000097.png,origin_poisoned,poisoned,0,1,1,18.987430572509766,12.647109985351562,6.340320587158203,0.9982380867004395,0.001760629122145474
98,98,EXTERNAL_SAMPLE/0000098.png,origin_poisoned,poisoned,0,1,1,17.254749298095703,9.98357105255127,7.271178245544434,0.9993010759353638,0.00069480633828789
99,99,EXTERNAL_SAMPLE/0000099.png,origin_poisoned,poisoned,0,1,1,18.70539665222168,5.943159103393555,12.762237548828125,0.9999935626983643,2.8670010578935035e-06
100,100,EXTERNAL_SAMPLE/0000100.png,origin_poisoned,poisoned,0,1,1,16.877479553222656,9.741180419921875,7.136299133300781,0.9991984963417053,0.0007950536091811955
101,101,EXTERNAL_SAMPLE/0000101.png,origin_poisoned,poisoned,0,1,1,20.32764434814453,2.769181966781616,17.558462142944336,0.9999998807907104,2.3684091132736285e-08
102,102,EXTERNAL_SAMPLE/0000102.png,origin_poisoned,poisoned,0,1,1,17.78235626220703,13.437016487121582,4.345339775085449,0.9871905446052551,0.012800999917089939
103,103,EXTERNAL_SAMPLE/0000103.png,origin_poisoned,poisoned,0,1,1,17.327730178833008,16.817739486694336,0.5099906921386719,0.624802827835083,0.37519484758377075
104,104,EXTERNAL_SAMPLE/0000104.png,origin_poisoned,poisoned,0,1,1,17.98029899597168,12.844332695007324,5.1359663009643555,0.9941518902778625,0.0058469707146286964
105,105,EXTERNAL_SAMPLE/0000105.png,origin_poisoned,poisoned,0,1,1,17.712549209594727,13.088273048400879,4.624276161193848,0.9902840256690979,0.009715433232486248
106,106,EXTERNAL_SAMPLE/0000106.png,origin_poisoned,poisoned,0,1,1,17.63470458984375,7.279561519622803,10.355142593383789,0.9999637603759766,3.182753425789997e-05
107,107,EXTERNAL_SAMPLE/0000107.png,origin_poisoned,poisoned,0,1,1,16.43490219116211,13.051297187805176,3.3836050033569336,0.9671871066093445,0.03281175717711449
108,108,EXTERNAL_SAMPLE/0000108.png,origin_poisoned,poisoned,0,1,1,18.66620445251465,11.989859580993652,6.676344871520996,0.9987408518791199,0.0012587894452735782
109,109,EXTERNAL_SAMPLE/0000109.png,origin_poisoned,poisoned,0,1,1,19.78378677368164,7.084454536437988,12.699332237243652,0.9999967813491821,3.0531539323419565e-06
110,110,EXTERNAL_SAMPLE/0000110.png,origin_poisoned,poisoned,0,1,1,17.890331268310547,12.471136093139648,5.419195175170898,0.9955884218215942,0.0044111646711826324
111,111,EXTERNAL_SAMPLE/0000111.png,origin_poisoned,poisoned,0,1,1,18.012847900390625,7.09951639175415,10.913331985473633,0.9999810457229614,1.821343721530866e-05
112,112,EXTERNAL_SAMPLE/0000112.png,origin_poisoned,poisoned,0,1,1,16.878755569458008,13.710963249206543,3.167792320251465,0.9596025943756104,0.04039584472775459
113,113,EXTERNAL_SAMPLE/0000113.png,origin_poisoned,poisoned,0,1,1,16.7171688079834,0.8475279808044434,15.869640350341797,0.9999963045120239,1.2820387951251178e-07
114,114,EXTERNAL_SAMPLE/0000114.png,origin_poisoned,poisoned,0,1,1,18.142730712890625,7.276856422424316,10.865874290466309,0.9999778270721436,1.909858110593632e-05
115,115,EXTERNAL_SAMPLE/0000115.png,origin_poisoned,poisoned,0,1,1,18.4291934967041,14.274857521057129,4.154335975646973,0.9845460653305054,0.0154536422342062
116,116,EXTERNAL_SAMPLE/0000116.png,origin_poisoned,poisoned,0,1,1,22.618133544921875,5.511489391326904,17.106643676757812,1.0,3.7211659531521946e-08
117,117,EXTERNAL_SAMPLE/0000117.png,origin_poisoned,poisoned,0,1,1,19.16866683959961,10.171867370605469,8.99679946899414,0.9998760223388672,0.0001237900578416884
118,118,EXTERNAL_SAMPLE/0000118.png,origin_poisoned,poisoned,0,1,1,18.74225425720215,10.062292098999023,8.679962158203125,0.9998288154602051,0.00016992840392049402
119,119,EXTERNAL_SAMPLE/0000119.png,origin_poisoned,poisoned,0,1,1,17.675073623657227,6.798344612121582,10.876729011535645,0.9999799728393555,1.8892433217843063e-05
120,120,EXTERNAL_SAMPLE/0000120.png,origin_poisoned,poisoned,0,1,1,18.14879035949707,9.85233211517334,8.29645824432373,0.9997487664222717,0.0002493359206710011
121,121,EXTERNAL_SAMPLE/0000121.png,origin_poisoned,poisoned,0,1,1,18.611820220947266,17.488019943237305,1.123800277709961,0.754692792892456,0.24530699849128723
122,122,EXTERNAL_SAMPLE/0000122.png,origin_poisoned,poisoned,0,1,1,15.988306045532227,14.251667976379395,1.736638069152832,0.8502564430236816,0.14973993599414825
123,123,EXTERNAL_SAMPLE/0000123.png,origin_poisoned,poisoned,0,1,1,18.512693405151367,15.071788787841797,3.4409046173095703,0.9689582586288452,0.031041249632835388
124,124,EXTERNAL_SAMPLE/0000124.png,origin_poisoned,poisoned,0,1,1,17.706153869628906,8.852959632873535,8.853194236755371,0.9998540878295898,0.0001429036055924371
125,125,EXTERNAL_SAMPLE/0000125.png,origin_poisoned,poisoned,0,1,1,17.931716918945312,9.441293716430664,8.490423202514648,0.9997929930686951,0.00020538376702461392
126,126,EXTERNAL_SAMPLE/0000126.png,origin_poisoned,poisoned,0,1,1,15.632728576660156,12.727322578430176,2.9054059982299805,0.9480851292610168,0.051885444670915604
127,127,EXTERNAL_SAMPLE/0000127.png,origin_poisoned,poisoned,0,1,1,16.934303283691406,7.8827595710754395,9.051544189453125,0.9998779296875,0.00011719559552147985
128,128,EXTERNAL_SAMPLE/0000128.png,origin_poisoned,poisoned,0,1,1,18.124784469604492,11.206988334655762,6.9177961349487305,0.9990096092224121,0.0009890288347378373
129,129,EXTERNAL_SAMPLE/0000129.png,origin_poisoned,poisoned,0,1,1,18.400426864624023,7.706422328948975,10.69400405883789,0.9999767541885376,2.2679994799545966e-05
130,130,EXTERNAL_SAMPLE/0000130.png,origin_poisoned,poisoned,0,1,1,17.455745697021484,8.630651473999023,8.825094223022461,0.9998518228530884,0.0001469758281018585
131,131,EXTERNAL_SAMPLE/0000131.png,origin_poisoned,poisoned,0,1,1,16.752233505249023,13.6643705368042,3.087862968444824,0.9563881754875183,0.04361062869429588
132,132,EXTERNAL_SAMPLE/0000132.png,origin_poisoned,poisoned,0,1,1,17.498586654663086,2.949307680130005,14.54927921295166,0.9999967813491821,4.800947408512002e-07
133,133,EXTERNAL_SAMPLE/0000133.png,origin_poisoned,poisoned,0,1,1,16.947072982788086,7.82167911529541,9.125393867492676,0.9998830556869507,0.00010885314986808226
134,134,EXTERNAL_SAMPLE/0000134.png,origin_poisoned,poisoned,0,1,1,16.841205596923828,14.635117530822754,2.206088066101074,0.9007944464683533,0.09920506179332733
135,135,EXTERNAL_SAMPLE/0000135.png,origin_poisoned,poisoned,0,1,1,16.74932861328125,14.450056076049805,2.2992725372314453,0.9088156819343567,0.0911831185221672
136,136,EXTERNAL_SAMPLE/0000136.png,origin_poisoned,poisoned,0,1,1,16.498212814331055,11.974257469177246,4.523955345153809,0.989258348941803,0.0107295336201787
137,137,EXTERNAL_SAMPLE/0000137.png,origin_poisoned,poisoned,0,1,1,16.843637466430664,6.437371253967285,10.406266212463379,0.9999675750732422,3.0241402782849036e-05
138,138,EXTERNAL_SAMPLE/0000138.png,origin_poisoned,poisoned,0,1,1,15.367438316345215,10.688050270080566,4.679388046264648,0.9907654523849487,0.009198954328894615
139,139,EXTERNAL_SAMPLE/0000139.png,origin_poisoned,poisoned,0,1,1,15.276517868041992,3.302401304244995,11.974116325378418,0.9999673366546631,6.305117040028563e-06
140,140,EXTERNAL_SAMPLE/0000140.png,origin_poisoned,poisoned,0,1,1,17.9442081451416,3.7058286666870117,14.23837947845459,0.9999977350234985,6.55163034934958e-07
141,141,EXTERNAL_SAMPLE/0000141.png,origin_poisoned,poisoned,0,1,1,15.816263198852539,7.694607734680176,8.121655464172363,0.9996941089630127,0.00029694565455429256
142,142,EXTERNAL_SAMPLE/0000142.png,origin_poisoned,poisoned,0,1,0,17.552343368530273,19.577783584594727,-2.025440216064453,0.11655762046575546,0.883442223072052
143,143,EXTERNAL_SAMPLE/0000143.png,origin_poisoned,poisoned,0,1,1,16.37689971923828,8.974603652954102,7.40229606628418,0.9993878602981567,0.0006094776326790452
144,144,EXTERNAL_SAMPLE/0000144.png,origin_poisoned,poisoned,0,1,1,17.299352645874023,15.317615509033203,1.9817371368408203,0.8788655996322632,0.1211337000131607
145,145,EXTERNAL_SAMPLE/0000145.png,origin_poisoned,poisoned,0,1,1,18.43764877319336,8.663251876831055,9.774396896362305,0.9999427795410156,5.688640885637142e-05
146,146,EXTERNAL_SAMPLE/0000146.png,origin_poisoned,poisoned,0,1,1,17.128273010253906,3.418337345123291,13.709936141967773,0.9999915361404419,1.1113394293715828e-06
147,147,EXTERNAL_SAMPLE/0000147.png,origin_poisoned,poisoned,0,1,1,20.142738342285156,3.5984270572662354,16.5443115234375,0.9999994039535522,6.529749896344583e-08
148,148,EXTERNAL_SAMPLE/0000148.png,origin_poisoned,poisoned,0,1,1,19.647706985473633,3.023599147796631,16.624107360839844,0.9999998807907104,6.028952270753507e-08
149,149,EXTERNAL_SAMPLE/0000149.png,origin_poisoned,poisoned,0,1,1,19.274913787841797,8.347413063049316,10.92750072479248,0.9999812841415405,1.795719981600996e-05
150,150,EXTERNAL_SAMPLE/0000150.png,origin_poisoned,poisoned,0,1,1,16.724796295166016,6.127166748046875,10.59762954711914,0.9999721050262451,2.4974446205305867e-05
151,151,EXTERNAL_SAMPLE/0000151.png,origin_poisoned,poisoned,0,1,1,16.961627960205078,2.3398547172546387,14.621772766113281,0.9999972581863403,4.4652273345491267e-07
152,152,EXTERNAL_SAMPLE/0000152.png,origin_poisoned,poisoned,0,1,1,16.701366424560547,13.226908683776855,3.4744577407836914,0.9699501395225525,0.030047724023461342
153,153,EXTERNAL_SAMPLE/0000153.png,origin_poisoned,poisoned,0,1,1,17.85324478149414,4.476497650146484,13.376747131347656,0.999995231628418,1.550781007608748e-06
154,154,EXTERNAL_SAMPLE/0000154.png,origin_poisoned,poisoned,0,1,1,20.78129005432129,11.824381828308105,8.956908226013184,0.9998711347579956,0.00012882739247288555
155,155,EXTERNAL_SAMPLE/0000155.png,origin_poisoned,poisoned,0,1,1,18.847904205322266,13.961893081665039,4.886011123657227,0.992504358291626,0.007494880817830563
156,156,EXTERNAL_SAMPLE/0000156.png,origin_poisoned,poisoned,0,1,1,17.213109970092773,6.691219329833984,10.521890640258789,0.999971866607666,2.693945134524256e-05
157,157,EXTERNAL_SAMPLE/0000157.png,origin_poisoned,poisoned,0,1,1,15.938813209533691,12.954493522644043,2.9843196868896484,0.9518585801124573,0.04813920333981514
158,158,EXTERNAL_SAMPLE/0000158.png,origin_poisoned,poisoned,0,1,1,17.692169189453125,14.612244606018066,3.0799245834350586,0.9560562968254089,0.043942950665950775
159,159,EXTERNAL_SAMPLE/0000159.png,origin_poisoned,poisoned,0,1,1,16.69096565246582,6.512297630310059,10.178668022155762,0.99983811378479,3.796560486080125e-05
160,160,EXTERNAL_SAMPLE/0000160.png,origin_poisoned,poisoned,0,1,1,17.056596755981445,4.970888137817383,12.085708618164062,0.9999897480010986,5.639479240926448e-06
161,161,EXTERNAL_SAMPLE/0000161.png,origin_poisoned,poisoned,0,1,1,19.415252685546875,2.530913829803467,16.88433837890625,0.9999998807907104,4.647559492809705e-08
162,162,EXTERNAL_SAMPLE/0000162.png,origin_poisoned,poisoned,0,1,1,20.23004722595215,2.526432752609253,17.703615188598633,1.0,2.0484133500531243e-08
163,163,EXTERNAL_SAMPLE/0000163.png,origin_poisoned,poisoned,0,1,1,17.528553009033203,5.11515474319458,12.413398742675781,0.9999943971633911,4.0637501115270425e-06
164,164,EXTERNAL_SAMPLE/0000164.png,origin_poisoned,poisoned,0,1,1,18.562162399291992,12.162786483764648,6.399375915527344,0.9983398914337158,0.0016598344082012773
165,165,EXTERNAL_SAMPLE/0000165.png,origin_poisoned,poisoned,0,1,1,16.5142765045166,10.342974662780762,6.17130184173584,0.9979133009910583,0.002084157196804881
166,166,EXTERNAL_SAMPLE/0000166.png,origin_poisoned,poisoned,0,1,1,16.949560165405273,5.418463706970215,11.531096458435059,0.9999890327453613,9.819824299484026e-06
167,167,EXTERNAL_SAMPLE/0000167.png,origin_poisoned,poisoned,0,1,1,19.98820686340332,10.57967472076416,9.40853214263916,0.9999179840087891,8.201452874345705e-05
168,168,EXTERNAL_SAMPLE/0000168.png,origin_poisoned,poisoned,0,1,1,21.5477352142334,16.100717544555664,5.447017669677734,0.9957093000411987,0.004290647804737091
169,169,EXTERNAL_SAMPLE/0000169.png,origin_poisoned,poisoned,0,1,1,17.479948043823242,6.514505863189697,10.965442657470703,0.9999754428863525,1.728853203530889e-05
170,170,EXTERNAL_SAMPLE/0000170.png,origin_poisoned,poisoned,0,1,1,21.221067428588867,7.839850902557373,13.381216049194336,0.9999984502792358,1.543871235298866e-06
171,171,EXTERNAL_SAMPLE/0000171.png,origin_poisoned,poisoned,0,1,1,16.721012115478516,2.858604907989502,13.862407684326172,0.9999951124191284,9.541809049551375e-07
172,172,EXTERNAL_SAMPLE/0000172.png,origin_poisoned,poisoned,0,1,1,17.378572463989258,14.40912914276123,2.9694433212280273,0.9511737823486328,0.04882553592324257
173,173,EXTERNAL_SAMPLE/0000173.png,origin_poisoned,poisoned,0,1,1,16.994548797607422,9.653915405273438,7.340633392333984,0.999311089515686,0.0006481926538981497
174,174,EXTERNAL_SAMPLE/0000174.png,origin_poisoned,poisoned,0,1,1,16.022417068481445,1.6154831647872925,14.406933784484863,0.999993085861206,5.535351306207303e-07
175,175,EXTERNAL_SAMPLE/0000175.png,origin_poisoned,poisoned,0,1,1,16.3841495513916,6.791173934936523,9.592975616455078,0.9999278783798218,6.820124690420926e-05
176,176,EXTERNAL_SAMPLE/0000176.png,origin_poisoned,poisoned,0,1,1,18.238861083984375,7.832376956939697,10.406484603881836,0.9999685287475586,3.0234827136155218e-05
177,177,EXTERNAL_SAMPLE/0000177.png,origin_poisoned,poisoned,0,1,1,19.087562561035156,15.73243236541748,3.355130195617676,0.9662720561027527,0.033727556467056274
178,178,EXTERNAL_SAMPLE/0000178.png,origin_poisoned,poisoned,0,1,1,18.029569625854492,13.922628402709961,4.106941223144531,0.9838075041770935,0.016191542148590088
179,179,EXTERNAL_SAMPLE/0000179.png,origin_poisoned,poisoned,0,1,1,16.095874786376953,13.775980949401855,2.3198938369750977,0.9105081558227539,0.08948840200901031
180,180,EXTERNAL_SAMPLE/0000180.png,origin_poisoned,poisoned,0,1,1,17.002727508544922,6.979755401611328,10.022972106933594,0.9999521970748901,4.436676317709498e-05
181,181,EXTERNAL_SAMPLE/0000181.png,origin_poisoned,poisoned,0,1,1,16.356428146362305,11.962315559387207,4.394112586975098,0.9877890944480896,0.012199032120406628
182,182,EXTERNAL_SAMPLE/0000182.png,origin_poisoned,poisoned,0,1,1,17.032913208007812,10.095426559448242,6.93748664855957,0.9990284442901611,0.000969763204921037
183,183,EXTERNAL_SAMPLE/0000183.png,origin_poisoned,poisoned,0,1,1,18.739521026611328,14.085935592651367,4.653585433959961,0.990562379360199,0.00943746417760849
184,184,EXTERNAL_SAMPLE/0000184.png,origin_poisoned,poisoned,0,1,1,17.50774383544922,3.951835870742798,13.555908203125,0.9999980926513672,1.2964119378011674e-06
185,185,EXTERNAL_SAMPLE/0000185.png,origin_poisoned,poisoned,0,1,1,19.47649574279785,5.938826560974121,13.53766918182373,0.9999985694885254,1.3202748050389346e-06
186,186,EXTERNAL_SAMPLE/0000186.png,origin_poisoned,poisoned,0,1,1,17.746505737304688,9.992493629455566,7.754012107849121,0.9995694756507874,0.0004288331256248057
187,187,EXTERNAL_SAMPLE/0000187.png,origin_poisoned,poisoned,0,1,1,17.645788192749023,9.033417701721191,8.612370491027832,0.9998177886009216,0.0001818091986933723
188,188,EXTERNAL_SAMPLE/0000188.png,origin_poisoned,poisoned,0,1,1,17.31064796447754,3.102207899093628,14.208439826965332,0.9999966621398926,6.750742045369407e-07
189,189,EXTERNAL_SAMPLE/0000189.png,origin_poisoned,poisoned,0,1,1,15.857385635375977,2.6170854568481445,13.240300178527832,0.9995602965354919,1.7767227973308763e-06
190,190,EXTERNAL_SAMPLE/0000190.png,origin_poisoned,poisoned,0,1,1,16.803068161010742,11.003607749938965,5.799460411071777,0.9969755411148071,0.003020027419552207
191,191,EXTERNAL_SAMPLE/0000191.png,origin_poisoned,poisoned,0,1,1,16.879791259765625,8.446799278259277,8.432991981506348,0.999776303768158,0.00021752086468040943
192,192,EXTERNAL_SAMPLE/0000192.png,origin_poisoned,poisoned,0,1,1,14.778648376464844,8.61253833770752,6.166110038757324,0.997829258441925,0.0020948294550180435
193,193,EXTERNAL_SAMPLE/0000193.png,origin_poisoned,poisoned,0,1,1,14.88790225982666,7.543650150299072,7.344252109527588,0.9992864727973938,0.0006458353600464761
194,194,EXTERNAL_SAMPLE/0000194.png,origin_poisoned,poisoned,0,1,1,17.83884620666504,11.699049949645996,6.139796257019043,0.9978488683700562,0.0021507262717932463
195,195,EXTERNAL_SAMPLE/0000195.png,origin_poisoned,poisoned,0,1,1,20.83449363708496,7.310542106628418,13.523951530456543,0.9999984502792358,1.3385106285568327e-06
196,196,EXTERNAL_SAMPLE/0000196.png,origin_poisoned,poisoned,0,1,1,19.092233657836914,8.310991287231445,10.781242370605469,0.9999788999557495,2.0785322703886777e-05
197,197,EXTERNAL_SAMPLE/0000197.png,origin_poisoned,poisoned,0,1,1,17.762006759643555,6.625593185424805,11.13641357421875,0.9999845027923584,1.4571703104593325e-05
198,198,EXTERNAL_SAMPLE/0000198.png,origin_poisoned,poisoned,0,1,1,15.962678909301758,7.186214447021484,8.776464462280273,0.9998419284820557,0.0001542983518447727
199,199,EXTERNAL_SAMPLE/0000199.png,origin_poisoned,poisoned,0,1,1,16.814125061035156,2.506180763244629,14.307944297790527,0.9999949932098389,6.111341690484551e-07
200,200,EXTERNAL_SAMPLE/0000200.png,origin_poisoned,poisoned,0,1,1,16.933975219726562,8.105067253112793,8.82890796661377,0.9998518228530884,0.00014641637972090393
201,201,EXTERNAL_SAMPLE/0000201.png,origin_poisoned,poisoned,0,1,1,17.401790618896484,6.472330093383789,10.929460525512695,0.9999810457229614,1.7922036931850016e-05
202,202,EXTERNAL_SAMPLE/0000202.png,origin_poisoned,poisoned,0,1,1,17.230186462402344,11.305804252624512,5.924382209777832,0.9973297119140625,0.002666319953277707
203,203,EXTERNAL_SAMPLE/0000203.png,origin_poisoned,poisoned,0,1,1,18.101425170898438,13.05490779876709,5.046517372131348,0.993605375289917,0.006390565540641546
204,204,EXTERNAL_SAMPLE/0000204.png,origin_poisoned,poisoned,0,1,1,18.493717193603516,7.174574851989746,11.31914234161377,0.9999828338623047,1.2138121746829711e-05
205,205,EXTERNAL_SAMPLE/0000205.png,origin_poisoned,poisoned,0,1,1,20.38099479675293,10.840229034423828,9.540765762329102,0.9999279975891113,7.185662252595648e-05
206,206,EXTERNAL_SAMPLE/0000206.png,origin_poisoned,poisoned,0,1,1,18.197437286376953,16.40117073059082,1.7962665557861328,0.8576934933662415,0.14230608940124512
207,207,EXTERNAL_SAMPLE/0000207.png,origin_poisoned,poisoned,0,1,1,18.12603759765625,7.940565586090088,10.18547248840332,0.9999611377716064,3.771278716158122e-05
208,208,EXTERNAL_SAMPLE/0000208.png,origin_poisoned,poisoned,0,1,1,17.369449615478516,9.778315544128418,7.591134071350098,0.9994915723800659,0.0005046513979323208
209,209,EXTERNAL_SAMPLE/0000209.png,origin_poisoned,poisoned,0,1,1,19.289199829101562,2.910621166229248,16.378578186035156,0.9999986886978149,7.706786675498734e-08
210,210,EXTERNAL_SAMPLE/0000210.png,origin_poisoned,poisoned,0,1,1,18.257137298583984,8.190542221069336,10.066595077514648,0.9999550580978394,4.2473082430660725e-05
211,211,EXTERNAL_SAMPLE/0000211.png,origin_poisoned,poisoned,0,1,1,17.83612060546875,10.208667755126953,7.627452850341797,0.9995129108428955,0.00048666232032701373
212,212,EXTERNAL_SAMPLE/0000212.png,origin_poisoned,poisoned,0,1,1,19.672542572021484,6.885228633880615,12.787313461303711,0.9999960660934448,2.7960093120782403e-06
213,213,EXTERNAL_SAMPLE/0000213.png,origin_poisoned,poisoned,0,1,1,18.049118041992188,6.7796950340271,11.26942253112793,0.9999868869781494,1.2756933756463695e-05
214,214,EXTERNAL_SAMPLE/0000214.png,origin_poisoned,poisoned,0,1,1,15.568107604980469,12.752222061157227,2.815885543823242,0.9435224533081055,0.05647141858935356
215,215,EXTERNAL_SAMPLE/0000215.png,origin_poisoned,poisoned,0,1,1,16.694068908691406,8.804071426391602,7.889997482299805,0.9996223449707031,0.0003743291017599404
216,216,EXTERNAL_SAMPLE/0000216.png,origin_poisoned,poisoned,0,1,1,17.208959579467773,8.844557762145996,8.364401817321777,0.9997658133506775,0.0002329618000658229
217,217,EXTERNAL_SAMPLE/0000217.png,origin_poisoned,poisoned,0,1,1,16.05129623413086,12.617318153381348,3.4339780807495117,0.9687322378158569,0.03124971129000187
218,218,EXTERNAL_SAMPLE/0000218.png,origin_poisoned,poisoned,0,1,1,17.41754722595215,12.381119728088379,5.0364274978637695,0.9935424327850342,0.006454962771385908
219,219,EXTERNAL_SAMPLE/0000219.png,origin_poisoned,poisoned,0,1,1,17.77500343322754,8.420897483825684,9.354105949401855,0.9999105930328369,8.660133607918397e-05
220,220,EXTERNAL_SAMPLE/0000220.png,origin_poisoned,poisoned,0,1,1,16.861778259277344,9.820737838745117,7.041040420532227,0.9991193413734436,0.0008744447259232402
221,221,EXTERNAL_SAMPLE/0000221.png,origin_poisoned,poisoned,0,1,1,16.650341033935547,10.845113754272461,5.805227279663086,0.9969947338104248,0.003002719022333622
222,222,EXTERNAL_SAMPLE/0000222.png,origin_poisoned,poisoned,0,1,1,17.38913345336914,12.733865737915039,4.655267715454102,0.9905761480331421,0.00942173320800066
223,223,EXTERNAL_SAMPLE/0000223.png,origin_poisoned,poisoned,0,1,1,17.595975875854492,11.103482246398926,6.492493629455566,0.9984862804412842,0.0015124741476029158
224,224,EXTERNAL_SAMPLE/0000224.png,origin_poisoned,poisoned,0,1,1,16.422582626342773,6.9879536628723145,9.434629440307617,0.9999160766601562,7.99016997916624e-05
225,225,EXTERNAL_SAMPLE/0000225.png,origin_poisoned,poisoned,0,1,1,19.118879318237305,4.491631031036377,14.627248764038086,0.9999929666519165,4.4408233179638046e-07
226,226,EXTERNAL_SAMPLE/0000226.png,origin_poisoned,poisoned,0,1,1,17.36785888671875,11.004467010498047,6.363391876220703,0.9982787370681763,0.001720544183626771
227,227,EXTERNAL_SAMPLE/0000227.png,origin_poisoned,poisoned,0,1,1,18.037893295288086,15.816618919372559,2.2212743759155273,0.9021428823471069,0.09785614907741547
228,228,EXTERNAL_SAMPLE/0000228.png,origin_poisoned,poisoned,0,1,1,19.297420501708984,10.187612533569336,9.109807968139648,0.9998891353607178,0.00011056369112338871
229,229,EXTERNAL_SAMPLE/0000229.png,origin_poisoned,poisoned,0,1,1,15.156847953796387,10.190553665161133,4.966294288635254,0.9930612444877625,0.006920569576323032
230,230,EXTERNAL_SAMPLE/0000230.png,origin_poisoned,poisoned,0,1,1,14.858813285827637,14.61340045928955,0.24541282653808594,0.5610335469245911,0.43894222378730774
231,231,EXTERNAL_SAMPLE/0000231.png,origin_poisoned,poisoned,0,1,1,17.563993453979492,6.285409450531006,11.278583526611328,0.9999866485595703,1.2640596651181113e-05
232,232,EXTERNAL_SAMPLE/0000232.png,origin_poisoned,poisoned,0,1,1,16.32118797302246,8.567686080932617,7.753501892089844,0.99956876039505,0.00042905163718387485
233,233,EXTERNAL_SAMPLE/0000233.png,origin_poisoned,poisoned,0,1,1,17.463420867919922,11.131614685058594,6.331806182861328,0.9982187151908875,0.0017756494926288724
234,234,EXTERNAL_SAMPLE/0000234.png,origin_poisoned,poisoned,0,1,1,16.52173614501953,7.577481746673584,8.944253921508789,0.9998646974563599,0.00013046713138464838
235,235,EXTERNAL_SAMPLE/0000235.png,origin_poisoned,poisoned,0,1,1,16.711191177368164,6.560216426849365,10.15097427368164,0.9999556541442871,3.903629840351641e-05
236,236,EXTERNAL_SAMPLE/0000236.png,origin_poisoned,poisoned,0,1,1,16.91106605529785,4.7525835037231445,12.158482551574707,0.9999910593032837,5.2436566875257995e-06
237,237,EXTERNAL_SAMPLE/0000237.png,origin_poisoned,poisoned,0,1,1,18.063613891601562,14.491124153137207,3.5724897384643555,0.9726786017417908,0.027318496257066727
238,238,EXTERNAL_SAMPLE/0000238.png,origin_poisoned,poisoned,0,1,1,16.696735382080078,5.920957088470459,10.775777816772461,0.9999768733978271,2.089917143166531e-05
239,239,EXTERNAL_SAMPLE/0000239.png,origin_poisoned,poisoned,0,1,1,16.478073120117188,4.360088348388672,12.117984771728516,0.9999840259552002,5.460333341034129e-06
240,240,EXTERNAL_SAMPLE/0000240.png,origin_poisoned,poisoned,0,1,1,22.458391189575195,9.785962104797363,12.672429084777832,0.9999969005584717,3.136408395221224e-06
241,241,EXTERNAL_SAMPLE/0000241.png,origin_poisoned,poisoned,0,1,1,18.677614212036133,7.088223934173584,11.58938980102539,0.9999880790710449,9.26375014387304e-06
242,242,EXTERNAL_SAMPLE/0000242.png,origin_poisoned,poisoned,0,1,1,17.59756088256836,14.112944602966309,3.484616279602051,0.9702455401420593,0.02975308708846569
243,243,EXTERNAL_SAMPLE/0000243.png,origin_poisoned,poisoned,0,1,1,17.560077667236328,15.938904762268066,1.6211729049682617,0.8349544405937195,0.1650427132844925
244,244,EXTERNAL_SAMPLE/0000244.png,origin_poisoned,poisoned,0,1,1,18.95685577392578,5.620774269104004,13.336081504821777,0.9999980926513672,1.615148903510999e-06
245,245,EXTERNAL_SAMPLE/0000245.png,origin_poisoned,poisoned,0,1,1,26.323209762573242,-0.17513319849967957,26.498342514038086,1.0,3.103959580683102e-12
246,246,EXTERNAL_SAMPLE/0000246.png,origin_poisoned,poisoned,0,1,1,18.01782989501953,11.526644706726074,6.491185188293457,0.9984850287437439,0.0015144523931667209
247,247,EXTERNAL_SAMPLE/0000247.png,origin_poisoned,poisoned,0,1,1,17.13706398010254,9.785016059875488,7.352047920227051,0.9993569254875183,0.0006408652989193797
248,248,EXTERNAL_SAMPLE/0000248.png,origin_poisoned,poisoned,0,1,1,15.939997673034668,10.962957382202148,4.9770402908325195,0.9931423664093018,0.006847158074378967
249,249,EXTERNAL_SAMPLE/0000249.png,origin_poisoned,poisoned,0,1,1,17.82145118713379,6.240215301513672,11.581235885620117,0.9999896287918091,9.339607458969112e-06
250,250,EXTERNAL_SAMPLE/0000250.png,origin_poisoned,poisoned,0,1,1,19.121883392333984,6.915899753570557,12.205984115600586,0.9999948740005493,5.000416877010139e-06
251,251,EXTERNAL_SAMPLE/0000251.png,origin_poisoned,poisoned,0,1,1,17.962505340576172,2.4666547775268555,15.495850563049316,0.9999984502792358,1.8631033071869751e-07
252,252,EXTERNAL_SAMPLE/0000252.png,origin_poisoned,poisoned,0,1,1,19.11445426940918,3.0256175994873047,16.088836669921875,0.9999953508377075,1.0296864871861544e-07
253,253,EXTERNAL_SAMPLE/0000253.png,origin_poisoned,poisoned,0,1,1,16.603534698486328,9.904106140136719,6.699428558349609,0.9987665414810181,0.001230096211656928
254,254,EXTERNAL_SAMPLE/0000254.png,origin_poisoned,poisoned,0,1,1,18.845054626464844,6.044164657592773,12.80088996887207,0.9999971389770508,2.758308937700349e-06
255,255,EXTERNAL_SAMPLE/0000255.png,origin_poisoned,poisoned,0,1,1,16.94651222229004,9.238972663879395,7.7075395584106445,0.9995478987693787,0.00044922271627001464
256,256,EXTERNAL_SAMPLE/0000256.png,origin_poisoned,poisoned,0,1,1,17.898168563842773,4.613924503326416,13.284244537353516,0.999996542930603,1.7010787587423692e-06
257,257,EXTERNAL_SAMPLE/0000257.png,origin_poisoned,poisoned,0,1,1,18.882051467895508,8.648226737976074,10.233824729919434,0.9999638795852661,3.5932771424995735e-05
258,258,EXTERNAL_SAMPLE/0000258.png,origin_poisoned,poisoned,0,1,1,18.200176239013672,10.218235969543457,7.981940269470215,0.9996546506881714,0.00034145807148888707
259,259,EXTERNAL_SAMPLE/0000259.png,origin_poisoned,poisoned,0,1,1,20.56598472595215,7.195528030395508,13.37045669555664,0.9999983310699463,1.5605717180733336e-06
260,260,EXTERNAL_SAMPLE/0000260.png,origin_poisoned,poisoned,0,1,1,15.678060531616211,2.8371846675872803,12.840875625610352,0.9999270439147949,2.650006081239553e-06
261,261,EXTERNAL_SAMPLE/0000261.png,origin_poisoned,poisoned,0,1,1,16.210796356201172,5.975613594055176,10.235182762145996,0.9999092817306519,3.588204344850965e-05
262,262,EXTERNAL_SAMPLE/0000262.png,origin_poisoned,poisoned,0,1,1,16.548870086669922,11.45306396484375,5.095806121826172,0.9939113855361938,0.006085092667490244
263,263,EXTERNAL_SAMPLE/0000263.png,origin_poisoned,poisoned,0,1,1,18.076141357421875,14.215798377990723,3.8603429794311523,0.979373037815094,0.020626354962587357
264,264,EXTERNAL_SAMPLE/0000264.png,origin_poisoned,poisoned,0,1,1,17.487098693847656,10.360013008117676,7.1270856857299805,0.9991970658302307,0.0008024115231819451
265,265,EXTERNAL_SAMPLE/0000265.png,origin_poisoned,poisoned,0,1,1,17.64525604248047,7.190595626831055,10.454660415649414,0.999967098236084,2.8812730306526646e-05
266,266,EXTERNAL_SAMPLE/0000266.png,origin_poisoned,poisoned,0,1,1,20.79033088684082,9.094837188720703,11.695493698120117,0.9999916553497314,8.331208846357185e-06
267,267,EXTERNAL_SAMPLE/0000267.png,origin_poisoned,poisoned,0,1,0,16.918697357177734,23.284772872924805,-6.36607551574707,0.0017159422859549522,0.9982840418815613
268,268,EXTERNAL_SAMPLE/0000268.png,origin_poisoned,poisoned,0,1,1,17.601442337036133,7.989753723144531,9.611688613891602,0.9999319314956665,6.693712930427864e-05
269,269,EXTERNAL_SAMPLE/0000269.png,origin_poisoned,poisoned,0,1,1,17.519819259643555,6.02910041809082,11.490718841552734,0.9999874830245972,1.022442211251473e-05
270,270,EXTERNAL_SAMPLE/0000270.png,origin_poisoned,poisoned,0,1,1,17.689361572265625,15.09337329864502,2.5959882736206055,0.930601954460144,0.0693969801068306
271,271,EXTERNAL_SAMPLE/0000271.png,origin_poisoned,poisoned,0,1,1,17.729570388793945,11.771435737609863,5.958134651184082,0.9974201917648315,0.0025780610740184784
272,272,EXTERNAL_SAMPLE/0000272.png,origin_poisoned,poisoned,0,1,1,20.32075309753418,5.66869592666626,14.652057647705078,0.9999905824661255,4.3319965925547876e-07
273,273,EXTERNAL_SAMPLE/0000273.png,origin_poisoned,poisoned,0,1,1,17.143709182739258,11.802468299865723,5.341240882873535,0.9952310919761658,0.004767080768942833
274,274,EXTERNAL_SAMPLE/0000274.png,origin_poisoned,poisoned,0,1,1,16.852699279785156,7.556028842926025,9.296670913696289,0.999903678894043,9.172027057502419e-05
275,275,EXTERNAL_SAMPLE/0000275.png,origin_poisoned,poisoned,0,1,1,17.36128807067871,9.4880952835083,7.87319278717041,0.9996178150177002,0.00038067103014327586
276,276,EXTERNAL_SAMPLE/0000276.png,origin_poisoned,poisoned,0,1,1,16.848522186279297,10.810702323913574,6.037819862365723,0.9976104497909546,0.0023810535203665495
277,277,EXTERNAL_SAMPLE/0000277.png,origin_poisoned,poisoned,0,1,1,15.18820571899414,3.0729968547821045,12.115208625793457,0.9989270567893982,5.469726147566689e-06
278,278,EXTERNAL_SAMPLE/0000278.png,origin_poisoned,poisoned,0,1,1,17.152925491333008,13.432302474975586,3.720623016357422,0.9763526320457458,0.02364616096019745
279,279,EXTERNAL_SAMPLE/0000279.png,origin_poisoned,poisoned,0,1,1,18.120712280273438,7.161128997802734,10.959583282470703,0.9999815225601196,1.7390233551850542e-05
280,280,EXTERNAL_SAMPLE/0000280.png,origin_poisoned,poisoned,0,1,1,17.876358032226562,6.639436721801758,11.236921310424805,0.9999849796295166,1.3178335393604357e-05
281,281,EXTERNAL_SAMPLE/0000281.png,origin_poisoned,poisoned,0,1,1,20.05707550048828,14.297362327575684,5.759713172912598,0.9968578815460205,0.0031421117018908262
282,282,EXTERNAL_SAMPLE/0000282.png,origin_poisoned,poisoned,0,1,1,18.060670852661133,10.14816665649414,7.912504196166992,0.9996305704116821,0.00036600130260922015
283,283,EXTERNAL_SAMPLE/0000283.png,origin_poisoned,poisoned,0,1,1,18.688568115234375,13.282710075378418,5.405858039855957,0.9955295920372009,0.004470126703381538
284,284,EXTERNAL_SAMPLE/0000284.png,origin_poisoned,poisoned,0,1,1,21.566314697265625,5.673130512237549,15.893184661865234,0.9999998807907104,1.2522110637291917e-07
285,285,EXTERNAL_SAMPLE/0000285.png,origin_poisoned,poisoned,0,1,1,18.868337631225586,8.225452423095703,10.642885208129883,0.9999758005142212,2.3869490178185515e-05
286,286,EXTERNAL_SAMPLE/0000286.png,origin_poisoned,poisoned,0,1,1,18.606197357177734,9.400054931640625,9.20614242553711,0.9998995065689087,0.0001004105870379135
287,287,EXTERNAL_SAMPLE/0000287.png,origin_poisoned,poisoned,0,1,0,18.1227970123291,18.556142807006836,-0.4333457946777344,0.39332759380340576,0.6066721677780151
288,288,EXTERNAL_SAMPLE/0000288.png,origin_poisoned,poisoned,0,1,1,17.452617645263672,6.2158918380737305,11.236725807189941,0.9999861717224121,1.3180928362999111e-05
289,289,EXTERNAL_SAMPLE/0000289.png,origin_poisoned,poisoned,0,1,0,17.551406860351562,20.111820220947266,-2.560413360595703,0.07173001766204834,0.9282699823379517
290,290,EXTERNAL_SAMPLE/0000290.png,origin_poisoned,poisoned,0,1,1,19.21735382080078,9.26094913482666,9.956404685974121,0.9999521970748901,4.7420668124686927e-05
291,291,EXTERNAL_SAMPLE/0000291.png,origin_poisoned,poisoned,0,1,1,18.93035125732422,13.0386381149292,5.8917131423950195,0.997245192527771,0.0027546307537704706
292,292,EXTERNAL_SAMPLE/0000292.png,origin_poisoned,poisoned,0,1,1,15.856023788452148,8.360551834106445,7.495471954345703,0.9994408488273621,0.0005552837974391878
293,293,EXTERNAL_SAMPLE/0000293.png,origin_poisoned,poisoned,0,1,1,18.00834083557129,3.8905396461486816,14.117801666259766,0.9999978542327881,7.391212761831412e-07
294,294,EXTERNAL_SAMPLE/0000294.png,origin_poisoned,poisoned,0,1,1,17.959867477416992,7.24146842956543,10.718399047851562,0.9999769926071167,2.213341576862149e-05
295,295,EXTERNAL_SAMPLE/0000295.png,origin_poisoned,poisoned,0,1,1,20.69192123413086,8.07641887664795,12.61550235748291,0.9999966621398926,3.3201329188159434e-06
296,296,EXTERNAL_SAMPLE/0000296.png,origin_poisoned,poisoned,0,1,1,18.567163467407227,17.850074768066406,0.7170886993408203,0.6719654202461243,0.32803431153297424
297,297,EXTERNAL_SAMPLE/0000297.png,origin_poisoned,poisoned,0,1,1,19.075572967529297,8.595534324645996,10.4800386428833,0.9999651908874512,2.8090658815926872e-05
298,298,EXTERNAL_SAMPLE/0000298.png,origin_poisoned,poisoned,0,1,1,15.751446723937988,14.989630699157715,0.7618160247802734,0.6817459464073181,0.31825122237205505
299,299,EXTERNAL_SAMPLE/0000299.png,origin_poisoned,poisoned,0,1,1,17.96876335144043,8.770796775817871,9.197966575622559,0.9998977184295654,0.00010123472020495683
300,300,EXTERNAL_SAMPLE/0000300.png,origin_poisoned,poisoned,0,1,1,17.020492553710938,4.08115291595459,12.939339637756348,0.9998733997344971,2.401381834715721e-06
301,301,EXTERNAL_SAMPLE/0000301.png,origin_poisoned,poisoned,0,1,1,17.110763549804688,15.758920669555664,1.3518428802490234,0.7944301962852478,0.2055690884590149
302,302,EXTERNAL_SAMPLE/0000302.png,origin_poisoned,poisoned,0,1,1,17.525060653686523,7.259803771972656,10.265256881713867,0.9999533891677856,3.482052488834597e-05
303,303,EXTERNAL_SAMPLE/0000303.png,origin_poisoned,poisoned,0,1,1,15.171053886413574,6.588973045349121,8.582080841064453,0.9987059831619263,0.00018719202489592135
304,304,EXTERNAL_SAMPLE/0000304.png,origin_poisoned,poisoned,0,1,1,19.33336639404297,12.710600852966309,6.62276554107666,0.9986718893051147,0.0013279822887852788
305,305,EXTERNAL_SAMPLE/0000305.png,origin_poisoned,poisoned,0,1,1,19.029359817504883,8.670979499816895,10.358380317687988,0.9999680519104004,3.172478318447247e-05
306,306,EXTERNAL_SAMPLE/0000306.png,origin_poisoned,poisoned,0,1,1,18.044912338256836,8.018545150756836,10.0263671875,0.9999501705169678,4.4216300011612475e-05
307,307,EXTERNAL_SAMPLE/0000307.png,origin_poisoned,poisoned,0,1,1,18.767658233642578,13.295096397399902,5.472561836242676,0.9958168864250183,0.004182886332273483
308,308,EXTERNAL_SAMPLE/0000308.png,origin_poisoned,poisoned,0,1,1,16.620590209960938,12.105305671691895,4.515284538269043,0.9891757369041443,0.010822069831192493
309,309,EXTERNAL_SAMPLE/0000309.png,origin_poisoned,poisoned,0,1,1,19.745025634765625,11.12222671508789,8.622798919677734,0.9998200535774231,0.00017992347420658916
310,310,EXTERNAL_SAMPLE/0000310.png,origin_poisoned,poisoned,0,1,1,17.838726043701172,7.21672248840332,10.622003555297852,0.9999467134475708,2.437245893815998e-05
311,311,EXTERNAL_SAMPLE/0000311.png,origin_poisoned,poisoned,0,1,1,18.48086929321289,10.45521068572998,8.02565860748291,0.9996728897094727,0.0003268576692789793
312,312,EXTERNAL_SAMPLE/0000312.png,origin_poisoned,poisoned,0,1,1,16.248991012573242,6.94162130355835,9.307369232177734,0.9997816681861877,9.073317050933838e-05
313,313,EXTERNAL_SAMPLE/0000313.png,origin_poisoned,poisoned,0,1,1,16.604440689086914,13.736241340637207,2.868199348449707,0.9462467432022095,0.05374786630272865
314,314,EXTERNAL_SAMPLE/0000314.png,origin_poisoned,poisoned,0,1,1,21.471641540527344,3.745664358139038,17.725976943969727,0.9999997615814209,2.0031153624699982e-08
315,315,EXTERNAL_SAMPLE/0000315.png,origin_poisoned,poisoned,0,1,1,18.394010543823242,9.452204704284668,8.941805839538574,0.9998680353164673,0.00013078736083116382
316,316,EXTERNAL_SAMPLE/0000316.png,origin_poisoned,poisoned,0,1,1,17.413066864013672,12.579410552978516,4.833656311035156,0.992099404335022,0.007894505746662617
317,317,EXTERNAL_SAMPLE/0000317.png,origin_poisoned,poisoned,0,1,1,18.110992431640625,7.056476593017578,11.054515838623047,0.9999666213989258,1.581503966008313e-05
318,318,EXTERNAL_SAMPLE/0000318.png,origin_poisoned,poisoned,0,1,1,17.755413055419922,8.959239959716797,8.796173095703125,0.9998471736907959,0.00015128790982998908
319,319,EXTERNAL_SAMPLE/0000319.png,origin_poisoned,poisoned,0,1,1,18.387083053588867,9.319464683532715,9.067618370056152,0.9998841285705566,0.00011532754433574155
320,320,EXTERNAL_SAMPLE/0000320.png,origin_poisoned,poisoned,0,1,1,15.571739196777344,4.851090431213379,10.720648765563965,0.9999583959579468,2.2083269868744537e-05
321,321,EXTERNAL_SAMPLE/0000321.png,origin_poisoned,poisoned,0,1,1,16.873350143432617,15.146050453186035,1.727299690246582,0.8490651249885559,0.15093302726745605
322,322,EXTERNAL_SAMPLE/0000322.png,origin_poisoned,poisoned,0,1,1,16.05569839477539,7.637726306915283,8.417972564697266,0.9997742772102356,0.00022081211500335485
323,323,EXTERNAL_SAMPLE/0000323.png,origin_poisoned,poisoned,0,1,1,17.624387741088867,9.213459968566895,8.410927772521973,0.9997770190238953,0.00022237381199374795
324,324,EXTERNAL_SAMPLE/0000324.png,origin_poisoned,poisoned,0,1,1,17.399486541748047,15.572216987609863,1.8272695541381836,0.861435055732727,0.13856369256973267
325,325,EXTERNAL_SAMPLE/0000325.png,origin_poisoned,poisoned,0,1,1,17.027099609375,11.349791526794434,5.677308082580566,0.9965873956680298,0.0034110795240849257
326,326,EXTERNAL_SAMPLE/0000326.png,origin_poisoned,poisoned,0,1,1,17.619691848754883,9.583924293518066,8.035767555236816,0.9996739625930786,0.00032357044983655214
327,327,EXTERNAL_SAMPLE/0000327.png,origin_poisoned,poisoned,0,1,1,17.817398071289062,4.637033939361572,13.180364608764648,0.999996542930603,1.8872912050937884e-06
328,328,EXTERNAL_SAMPLE/0000328.png,origin_poisoned,poisoned,0,1,1,18.189697265625,5.039918899536133,13.149778366088867,0.9999971389770508,1.9459093891782686e-06
329,329,EXTERNAL_SAMPLE/0000329.png,origin_poisoned,poisoned,0,1,1,17.278602600097656,8.216212272644043,9.062390327453613,0.9998824596405029,0.0001159318708232604
330,330,EXTERNAL_SAMPLE/0000330.png,origin_poisoned,poisoned,0,1,1,16.404193878173828,9.181822776794434,7.2223711013793945,0.9992654919624329,0.0007295330869965255
331,331,EXTERNAL_SAMPLE/0000331.png,origin_poisoned,poisoned,0,1,1,18.507286071777344,8.324736595153809,10.182549476623535,0.9999616146087646,3.782320345635526e-05
332,332,EXTERNAL_SAMPLE/0000332.png,origin_poisoned,poisoned,0,1,1,17.50613784790039,8.438982009887695,9.067155838012695,0.9998805522918701,0.00011538049875525758
333,333,EXTERNAL_SAMPLE/0000333.png,origin_poisoned,poisoned,0,1,1,18.60426139831543,9.02749252319336,9.57676887512207,0.9999303817749023,6.93157417117618e-05
334,334,EXTERNAL_SAMPLE/0000334.png,origin_poisoned,poisoned,0,1,0,15.761357307434082,17.13166618347168,-1.3703088760375977,0.20256957411766052,0.7974286675453186
335,335,EXTERNAL_SAMPLE/0000335.png,origin_poisoned,poisoned,0,1,1,16.983135223388672,15.442689895629883,1.540445327758789,0.8235281705856323,0.1764702945947647
336,336,EXTERNAL_SAMPLE/0000336.png,origin_poisoned,poisoned,0,1,1,18.019756317138672,11.967263221740723,6.052493095397949,0.9976529479026794,0.0023464709520339966
337,337,EXTERNAL_SAMPLE/0000337.png,origin_poisoned,poisoned,0,1,1,18.983333587646484,5.75205135345459,13.231282234191895,0.9999978542327881,1.793602564248431e-06
338,338,EXTERNAL_SAMPLE/0000338.png,origin_poisoned,poisoned,0,1,1,18.344757080078125,8.805693626403809,9.539063453674316,0.9999277591705322,7.19790332368575e-05
339,339,EXTERNAL_SAMPLE/0000339.png,origin_poisoned,poisoned,0,1,1,21.403837203979492,11.746217727661133,9.65761947631836,0.9999361038208008,6.393246439984068e-05
340,340,EXTERNAL_SAMPLE/0000340.png,origin_poisoned,poisoned,0,1,1,17.2635555267334,1.0443297624588013,16.21922492980957,0.9999970197677612,9.038134862748848e-08
341,341,EXTERNAL_SAMPLE/0000341.png,origin_poisoned,poisoned,0,1,1,19.59082794189453,15.281068801879883,4.309759140014648,0.9867413640022278,0.013258632272481918
342,342,EXTERNAL_SAMPLE/0000342.png,origin_poisoned,poisoned,0,1,1,17.56479263305664,5.952364921569824,11.612427711486816,0.9999520778656006,9.052445420820732e-06
343,343,EXTERNAL_SAMPLE/0000343.png,origin_poisoned,poisoned,0,1,1,17.343843460083008,14.73078441619873,2.6130590438842773,0.9316956996917725,0.06830255687236786
344,344,EXTERNAL_SAMPLE/0000344.png,origin_poisoned,poisoned,0,1,1,15.653985023498535,8.696558952331543,6.957426071166992,0.9990153312683105,0.0009506057249382138
345,345,EXTERNAL_SAMPLE/0000345.png,origin_poisoned,poisoned,0,1,1,17.156177520751953,13.908462524414062,3.2477149963378906,0.9625882506370544,0.0374089777469635
346,346,EXTERNAL_SAMPLE/0000346.png,origin_poisoned,poisoned,0,1,1,18.49909019470215,4.1079206466674805,14.391169548034668,0.9999938011169434,5.623306833513197e-07
347,347,EXTERNAL_SAMPLE/0000347.png,origin_poisoned,poisoned,0,1,1,17.566560745239258,12.807708740234375,4.758852005004883,0.9914950132369995,0.008502514101564884
348,348,EXTERNAL_SAMPLE/0000348.png,origin_poisoned,poisoned,0,1,1,16.962297439575195,10.308279991149902,6.654017448425293,0.9987120628356934,0.0012871739454567432
349,349,EXTERNAL_SAMPLE/0000349.png,origin_poisoned,poisoned,0,1,1,18.065187454223633,16.40293312072754,1.6622543334960938,0.8405395150184631,0.1594594419002533
350,350,EXTERNAL_SAMPLE/0000350.png,origin_poisoned,poisoned,0,1,1,18.63981819152832,13.026568412780762,5.613249778747559,0.9963634610176086,0.003635920351371169
351,351,EXTERNAL_SAMPLE/0000351.png,origin_poisoned,poisoned,0,1,1,17.736257553100586,4.064638614654541,13.671619415283203,0.9999511241912842,1.1547019767021993e-06
352,352,EXTERNAL_SAMPLE/0000352.png,origin_poisoned,poisoned,0,1,1,16.883352279663086,10.065217971801758,6.818134307861328,0.9989062547683716,0.001092563383281231
353,353,EXTERNAL_SAMPLE/0000353.png,origin_poisoned,poisoned,0,1,0,18.277265548706055,19.73893928527832,-1.4616737365722656,0.18821147084236145,0.8117885589599609
354,354,EXTERNAL_SAMPLE/0000354.png,origin_poisoned,poisoned,0,1,1,17.51234245300293,7.906915664672852,9.605426788330078,0.9999316930770874,6.735758506692946e-05
355,355,EXTERNAL_SAMPLE/0000355.png,origin_poisoned,poisoned,0,1,1,16.02935218811035,9.737872123718262,6.29148006439209,0.9981404542922974,0.0018485728651285172
356,356,EXTERNAL_SAMPLE/0000356.png,origin_poisoned,poisoned,0,1,1,21.000818252563477,12.438409805297852,8.562408447265625,0.9998088479042053,0.00019112179870717227
357,357,EXTERNAL_SAMPLE/0000357.png,origin_poisoned,poisoned,0,1,1,16.9951114654541,13.922380447387695,3.0727310180664062,0.9557521343231201,0.044246118515729904
358,358,EXTERNAL_SAMPLE/0000358.png,origin_poisoned,poisoned,0,1,1,19.28934097290039,13.904899597167969,5.384441375732422,0.9954328536987305,0.0045664506033062935
359,359,EXTERNAL_SAMPLE/0000359.png,origin_poisoned,poisoned,0,1,1,19.733612060546875,10.235822677612305,9.49778938293457,0.9999219179153442,7.50116232666187e-05
360,360,EXTERNAL_SAMPLE/0000360.png,origin_poisoned,poisoned,0,1,1,17.791400909423828,6.318094253540039,11.473306655883789,0.9999886751174927,1.0404023669252638e-05
361,361,EXTERNAL_SAMPLE/0000361.png,origin_poisoned,poisoned,0,1,1,17.192890167236328,10.622139930725098,6.5707502365112305,0.9985999464988708,0.001398785156197846
362,362,EXTERNAL_SAMPLE/0000362.png,origin_poisoned,poisoned,0,1,1,17.910776138305664,9.409820556640625,8.500955581665039,0.9997962117195129,0.00020323260105215013
363,363,EXTERNAL_SAMPLE/0000363.png,origin_poisoned,poisoned,0,1,1,17.523588180541992,3.546945571899414,13.976642608642578,0.9999963045120239,8.511765372531954e-07
364,364,EXTERNAL_SAMPLE/0000364.png,origin_poisoned,poisoned,0,1,1,17.440763473510742,9.972977638244629,7.467785835266113,0.9994229078292847,0.00057086197193712
365,365,EXTERNAL_SAMPLE/0000365.png,origin_poisoned,poisoned,0,1,1,16.076860427856445,8.108643531799316,7.968216896057129,0.9996484518051147,0.00034617417259141803
366,366,EXTERNAL_SAMPLE/0000366.png,origin_poisoned,poisoned,0,1,1,22.761276245117188,9.356156349182129,13.405119895935059,0.9999982118606567,1.5074039083629032e-06
367,367,EXTERNAL_SAMPLE/0000367.png,origin_poisoned,poisoned,0,1,1,17.909116744995117,6.410778045654297,11.49833869934082,0.9999895095825195,1.0146830391022377e-05
368,368,EXTERNAL_SAMPLE/0000368.png,origin_poisoned,poisoned,0,1,1,19.446687698364258,12.493061065673828,6.95362663269043,0.9990456700325012,0.0009542533080093563
369,369,EXTERNAL_SAMPLE/0000369.png,origin_poisoned,poisoned,0,1,1,19.961105346679688,4.579683780670166,15.38142204284668,0.9999996423721313,2.088974468961169e-07
370,370,EXTERNAL_SAMPLE/0000370.png,origin_poisoned,poisoned,0,1,1,25.283870697021484,9.33849811553955,15.945372581481934,0.9999998807907104,1.1885367712238804e-07
371,371,EXTERNAL_SAMPLE/0000371.png,origin_poisoned,poisoned,0,1,1,16.775449752807617,8.917744636535645,7.857705116271973,0.9996108412742615,0.000386609899578616
372,372,EXTERNAL_SAMPLE/0000372.png,origin_poisoned,poisoned,0,1,1,16.497962951660156,9.610395431518555,6.887567520141602,0.998975396156311,0.001019347459077835
373,373,EXTERNAL_SAMPLE/0000373.png,origin_poisoned,poisoned,0,1,1,17.408222198486328,6.8977437019348145,10.510478973388672,0.9999619722366333,2.7248366677667946e-05
374,374,EXTERNAL_SAMPLE/0000374.png,origin_poisoned,poisoned,0,1,1,17.15362548828125,9.296025276184082,7.857600212097168,0.9996119141578674,0.0003866508777718991
375,375,EXTERNAL_SAMPLE/0000375.png,origin_poisoned,poisoned,0,1,1,20.140819549560547,4.325324058532715,15.815495491027832,0.9999998807907104,1.3533730225390173e-07
376,376,EXTERNAL_SAMPLE/0000376.png,origin_poisoned,poisoned,0,1,1,17.55907440185547,10.793766021728516,6.765308380126953,0.9988466501235962,0.0011517618549987674
377,377,EXTERNAL_SAMPLE/0000377.png,origin_poisoned,poisoned,0,1,1,17.033634185791016,6.658928871154785,10.37470531463623,0.9999006986618042,3.1208983273245394e-05
378,378,EXTERNAL_SAMPLE/0000378.png,origin_poisoned,poisoned,0,1,1,15.644862174987793,11.85482406616211,3.7900381088256836,0.9778924584388733,0.022095227614045143
379,379,EXTERNAL_SAMPLE/0000379.png,origin_poisoned,poisoned,0,1,1,17.885421752929688,10.734289169311523,7.151132583618164,0.9992132186889648,0.0007833588751964271
380,380,EXTERNAL_SAMPLE/0000380.png,origin_poisoned,poisoned,0,1,1,18.973114013671875,17.72281265258789,1.2503013610839844,0.7773519158363342,0.22264793515205383
381,381,EXTERNAL_SAMPLE/0000381.png,origin_poisoned,poisoned,0,1,1,17.86344337463379,11.461929321289062,6.401514053344727,0.9983432292938232,0.0016562948003411293
382,382,EXTERNAL_SAMPLE/0000382.png,origin_poisoned,poisoned,0,1,1,17.666288375854492,8.082649230957031,9.583639144897461,0.9999291896820068,6.884108006488532e-05
383,383,EXTERNAL_SAMPLE/0000383.png,origin_poisoned,poisoned,0,1,1,16.366039276123047,6.644425392150879,9.721613883972168,0.9999353885650635,5.996926120133139e-05
384,384,EXTERNAL_SAMPLE/0000384.png,origin_poisoned,poisoned,0,1,1,17.148408889770508,11.45983600616455,5.688572883605957,0.9966260194778442,0.0033730005379766226
385,385,EXTERNAL_SAMPLE/0000385.png,origin_poisoned,poisoned,0,1,1,18.843921661376953,9.72861385345459,9.115307807922363,0.9998897314071655,0.00010995734919561073
386,386,EXTERNAL_SAMPLE/0000386.png,origin_poisoned,poisoned,0,1,1,20.334121704101562,11.992592811584473,8.34152889251709,0.9997615218162537,0.00023835069441702217
387,387,EXTERNAL_SAMPLE/0000387.png,origin_poisoned,poisoned,1,1,1,31.89708137512207,31.89708137512207,0.0,1.0,1.0
388,388,EXTERNAL_SAMPLE/0000388.png,origin_poisoned,poisoned,1,1,1,31.01195526123047,31.01195526123047,0.0,1.0,1.0
389,389,EXTERNAL_SAMPLE/0000389.png,origin_poisoned,poisoned,1,1,1,28.90945053100586,28.90945053100586,0.0,1.0,1.0
390,390,EXTERNAL_SAMPLE/0000390.png,origin_poisoned,poisoned,1,1,1,27.395933151245117,27.395933151245117,0.0,1.0,1.0
391,391,EXTERNAL_SAMPLE/0000391.png,origin_poisoned,poisoned,1,1,1,27.860069274902344,27.860069274902344,0.0,1.0,1.0
392,392,EXTERNAL_SAMPLE/0000392.png,origin_poisoned,poisoned,1,1,1,30.04269790649414,30.04269790649414,0.0,1.0,1.0
393,393,EXTERNAL_SAMPLE/0000393.png,origin_poisoned,poisoned,1,1,1,25.227867126464844,25.227867126464844,0.0,1.0,1.0
394,394,EXTERNAL_SAMPLE/0000394.png,origin_poisoned,poisoned,1,1,1,20.26555061340332,20.26555061340332,0.0,0.9999996423721313,0.9999996423721313
395,395,EXTERNAL_SAMPLE/0000395.png,origin_poisoned,poisoned,1,1,1,23.220178604125977,23.220178604125977,0.0,1.0,1.0
396,396,EXTERNAL_SAMPLE/0000396.png,origin_poisoned,poisoned,1,1,1,33.5048713684082,33.5048713684082,0.0,1.0,1.0
397,397,EXTERNAL_SAMPLE/0000397.png,origin_poisoned,poisoned,1,1,1,19.57836151123047,19.57836151123047,0.0,0.9999734163284302,0.9999734163284302
398,398,EXTERNAL_SAMPLE/0000398.png,origin_poisoned,poisoned,1,1,1,27.709461212158203,27.709461212158203,0.0,1.0,1.0
399,399,EXTERNAL_SAMPLE/0000399.png,origin_poisoned,poisoned,1,1,1,42.63985061645508,42.63985061645508,0.0,1.0,1.0
400,400,EXTERNAL_SAMPLE/0000400.png,origin_poisoned,poisoned,1,1,1,32.88274383544922,32.88274383544922,0.0,1.0,1.0
401,401,EXTERNAL_SAMPLE/0000401.png,origin_poisoned,poisoned,1,1,1,33.507415771484375,33.507415771484375,0.0,1.0,1.0
402,402,EXTERNAL_SAMPLE/0000402.png,origin_poisoned,poisoned,1,1,1,31.597347259521484,31.597347259521484,0.0,1.0,1.0
403,403,EXTERNAL_SAMPLE/0000403.png,origin_poisoned,poisoned,1,1,1,25.563838958740234,25.563838958740234,0.0,1.0,1.0
404,404,EXTERNAL_SAMPLE/0000404.png,origin_poisoned,poisoned,1,1,1,30.986896514892578,30.986896514892578,0.0,1.0,1.0
405,405,EXTERNAL_SAMPLE/0000405.png,origin_poisoned,poisoned,1,1,1,18.986305236816406,18.986305236816406,0.0,0.9999994039535522,0.9999994039535522
406,406,EXTERNAL_SAMPLE/0000406.png,origin_poisoned,poisoned,1,1,1,20.720571517944336,20.720571517944336,0.0,1.0,1.0
407,407,EXTERNAL_SAMPLE/0000407.png,origin_poisoned,poisoned,1,1,1,23.244678497314453,23.244678497314453,0.0,1.0,1.0
408,408,EXTERNAL_SAMPLE/0000408.png,origin_poisoned,poisoned,1,1,1,29.044931411743164,29.044931411743164,0.0,1.0,1.0
409,409,EXTERNAL_SAMPLE/0000409.png,origin_poisoned,poisoned,1,1,1,25.38983917236328,25.38983917236328,0.0,1.0,1.0
410,410,EXTERNAL_SAMPLE/0000410.png,origin_poisoned,poisoned,1,1,1,23.71624755859375,23.71624755859375,0.0,1.0,1.0
411,411,EXTERNAL_SAMPLE/0000411.png,origin_poisoned,poisoned,1,1,1,25.31768035888672,25.31768035888672,0.0,1.0,1.0
412,412,EXTERNAL_SAMPLE/0000412.png,origin_poisoned,poisoned,1,1,1,28.87029266357422,28.87029266357422,0.0,1.0,1.0
413,413,EXTERNAL_SAMPLE/0000413.png,origin_poisoned,poisoned,1,1,1,30.36569595336914,30.36569595336914,0.0,1.0,1.0
414,414,EXTERNAL_SAMPLE/0000414.png,origin_poisoned,poisoned,1,1,1,26.636795043945312,26.636795043945312,0.0,1.0,1.0
415,415,EXTERNAL_SAMPLE/0000415.png,origin_poisoned,poisoned,1,1,1,28.924551010131836,28.924551010131836,0.0,1.0,1.0
416,416,EXTERNAL_SAMPLE/0000416.png,origin_poisoned,poisoned,1,1,1,21.594280242919922,21.594280242919922,0.0,0.9999998807907104,0.9999998807907104
417,417,EXTERNAL_SAMPLE/0000417.png,origin_poisoned,poisoned,1,1,1,20.789209365844727,20.789209365844727,0.0,0.9999997615814209,0.9999997615814209
418,418,EXTERNAL_SAMPLE/0000418.png,origin_poisoned,poisoned,1,1,1,27.852474212646484,27.852474212646484,0.0,1.0,1.0
419,419,EXTERNAL_SAMPLE/0000419.png,origin_poisoned,poisoned,1,1,1,31.223772048950195,31.223772048950195,0.0,1.0,1.0
420,420,EXTERNAL_SAMPLE/0000420.png,origin_poisoned,poisoned,1,1,1,39.48631286621094,39.48631286621094,0.0,1.0,1.0
421,421,EXTERNAL_SAMPLE/0000421.png,origin_poisoned,poisoned,1,1,1,29.499889373779297,29.499889373779297,0.0,1.0,1.0
422,422,EXTERNAL_SAMPLE/0000422.png,origin_poisoned,poisoned,1,1,1,23.203723907470703,23.203723907470703,0.0,1.0,1.0
423,423,EXTERNAL_SAMPLE/0000423.png,origin_poisoned,poisoned,1,1,1,20.197834014892578,20.197834014892578,0.0,0.9999998807907104,0.9999998807907104
424,424,EXTERNAL_SAMPLE/0000424.png,origin_poisoned,poisoned,1,1,1,26.605857849121094,26.605857849121094,0.0,1.0,1.0
425,425,EXTERNAL_SAMPLE/0000425.png,origin_poisoned,poisoned,1,1,1,21.22469711303711,21.22469711303711,0.0,1.0,1.0
426,426,EXTERNAL_SAMPLE/0000426.png,origin_poisoned,poisoned,1,1,1,17.984678268432617,17.984678268432617,0.0,0.9999986886978149,0.9999986886978149
427,427,EXTERNAL_SAMPLE/0000427.png,origin_poisoned,poisoned,1,1,1,18.738515853881836,18.738515853881836,0.0,0.9999996423721313,0.9999996423721313
428,428,EXTERNAL_SAMPLE/0000428.png,origin_poisoned,poisoned,1,1,1,16.30835723876953,16.30835723876953,0.0,0.9994533658027649,0.9994533658027649
429,429,EXTERNAL_SAMPLE/0000429.png,origin_poisoned,poisoned,1,1,1,18.490480422973633,18.490480422973633,0.0,0.9999755620956421,0.9999755620956421
430,430,EXTERNAL_SAMPLE/0000430.png,origin_poisoned,poisoned,1,1,1,23.863643646240234,23.863643646240234,0.0,1.0,1.0
431,431,EXTERNAL_SAMPLE/0000431.png,origin_poisoned,poisoned,1,1,1,22.44316864013672,22.44316864013672,0.0,1.0,1.0
432,432,EXTERNAL_SAMPLE/0000432.png,origin_poisoned,poisoned,1,1,1,19.430105209350586,19.430105209350586,0.0,0.9999991655349731,0.9999991655349731
433,433,EXTERNAL_SAMPLE/0000433.png,origin_poisoned,poisoned,1,1,1,28.309904098510742,28.309904098510742,0.0,1.0,1.0
434,434,EXTERNAL_SAMPLE/0000434.png,origin_poisoned,poisoned,1,1,1,29.94782066345215,29.94782066345215,0.0,1.0,1.0
435,435,EXTERNAL_SAMPLE/0000435.png,origin_poisoned,poisoned,1,1,1,26.126785278320312,26.126785278320312,0.0,1.0,1.0
436,436,EXTERNAL_SAMPLE/0000436.png,origin_poisoned,poisoned,1,1,1,26.32115936279297,26.32115936279297,0.0,1.0,1.0
437,437,EXTERNAL_SAMPLE/0000437.png,origin_poisoned,poisoned,1,1,1,19.554014205932617,19.554014205932617,0.0,0.9999996423721313,0.9999996423721313
438,438,EXTERNAL_SAMPLE/0000438.png,origin_poisoned,poisoned,1,1,1,22.805103302001953,22.805103302001953,0.0,1.0,1.0
439,439,EXTERNAL_SAMPLE/0000439.png,origin_poisoned,poisoned,1,1,1,20.605789184570312,20.605789184570312,0.0,0.9999998807907104,0.9999998807907104
440,440,EXTERNAL_SAMPLE/0000440.png,origin_poisoned,poisoned,1,1,1,24.015867233276367,24.015867233276367,0.0,1.0,1.0
441,441,EXTERNAL_SAMPLE/0000441.png,origin_poisoned,poisoned,1,1,1,25.00139617919922,25.00139617919922,0.0,1.0,1.0
442,442,EXTERNAL_SAMPLE/0000442.png,origin_poisoned,poisoned,1,1,1,40.68460464477539,40.68460464477539,0.0,1.0,1.0
443,443,EXTERNAL_SAMPLE/0000443.png,origin_poisoned,poisoned,1,1,1,28.63564682006836,28.63564682006836,0.0,1.0,1.0
444,444,EXTERNAL_SAMPLE/0000444.png,origin_poisoned,poisoned,1,1,1,22.73961639404297,22.73961639404297,0.0,1.0,1.0
445,445,EXTERNAL_SAMPLE/0000445.png,origin_poisoned,poisoned,1,1,1,31.558198928833008,31.558198928833008,0.0,1.0,1.0
446,446,EXTERNAL_SAMPLE/0000446.png,origin_poisoned,poisoned,1,1,1,18.346424102783203,18.346424102783203,0.0,0.9999994039535522,0.9999994039535522
447,447,EXTERNAL_SAMPLE/0000447.png,origin_poisoned,poisoned,1,1,1,27.820432662963867,27.820432662963867,0.0,1.0,1.0
448,448,EXTERNAL_SAMPLE/0000448.png,origin_poisoned,poisoned,1,1,1,25.31743812561035,25.31743812561035,0.0,1.0,1.0
449,449,EXTERNAL_SAMPLE/0000449.png,origin_poisoned,poisoned,1,1,1,28.88511848449707,28.88511848449707,0.0,1.0,1.0
450,450,EXTERNAL_SAMPLE/0000450.png,origin_poisoned,poisoned,1,1,1,35.00204849243164,35.00204849243164,0.0,1.0,1.0
451,451,EXTERNAL_SAMPLE/0000451.png,origin_poisoned,poisoned,1,1,1,25.943429946899414,25.943429946899414,0.0,1.0,1.0
452,452,EXTERNAL_SAMPLE/0000452.png,origin_poisoned,poisoned,1,1,1,19.71515655517578,19.71515655517578,0.0,0.9999996423721313,0.9999996423721313
453,453,EXTERNAL_SAMPLE/0000453.png,origin_poisoned,poisoned,1,1,1,28.527523040771484,28.527523040771484,0.0,1.0,1.0
454,454,EXTERNAL_SAMPLE/0000454.png,origin_poisoned,poisoned,1,1,1,22.19502067565918,22.19502067565918,0.0,1.0,1.0
455,455,EXTERNAL_SAMPLE/0000455.png,origin_poisoned,poisoned,1,1,1,36.3665885925293,36.3665885925293,0.0,1.0,1.0
456,456,EXTERNAL_SAMPLE/0000456.png,origin_poisoned,poisoned,1,1,1,21.76031494140625,21.76031494140625,0.0,0.9999998807907104,0.9999998807907104
457,457,EXTERNAL_SAMPLE/0000457.png,origin_poisoned,poisoned,1,1,1,28.57761001586914,28.57761001586914,0.0,1.0,1.0
458,458,EXTERNAL_SAMPLE/0000458.png,origin_poisoned,poisoned,1,1,1,23.03675079345703,23.03675079345703,0.0,1.0,1.0
459,459,EXTERNAL_SAMPLE/0000459.png,origin_poisoned,poisoned,1,1,1,26.09267807006836,26.09267807006836,0.0,1.0,1.0
460,460,EXTERNAL_SAMPLE/0000460.png,origin_poisoned,poisoned,1,1,1,22.12214469909668,22.12214469909668,0.0,1.0,1.0
461,461,EXTERNAL_SAMPLE/0000461.png,origin_poisoned,poisoned,1,1,1,25.983980178833008,25.983980178833008,0.0,1.0,1.0
462,462,EXTERNAL_SAMPLE/0000462.png,origin_poisoned,poisoned,1,1,1,30.516313552856445,30.516313552856445,0.0,1.0,1.0
463,463,EXTERNAL_SAMPLE/0000463.png,origin_poisoned,poisoned,1,1,1,25.05901336669922,25.05901336669922,0.0,1.0,1.0
464,464,EXTERNAL_SAMPLE/0000464.png,origin_poisoned,poisoned,1,1,1,34.551326751708984,34.551326751708984,0.0,1.0,1.0
465,465,EXTERNAL_SAMPLE/0000465.png,origin_poisoned,poisoned,1,1,1,28.892349243164062,28.892349243164062,0.0,1.0,1.0
466,466,EXTERNAL_SAMPLE/0000466.png,origin_poisoned,poisoned,1,1,1,16.28728485107422,16.28728485107422,0.0,0.9999958276748657,0.9999958276748657
467,467,EXTERNAL_SAMPLE/0000467.png,origin_poisoned,poisoned,1,1,1,19.231534957885742,19.231534957885742,0.0,0.9999988079071045,0.9999988079071045
468,468,EXTERNAL_SAMPLE/0000468.png,origin_poisoned,poisoned,1,1,1,33.93168640136719,33.93168640136719,0.0,1.0,1.0
469,469,EXTERNAL_SAMPLE/0000469.png,origin_poisoned,poisoned,1,1,1,30.4746150970459,30.4746150970459,0.0,1.0,1.0
470,470,EXTERNAL_SAMPLE/0000470.png,origin_poisoned,poisoned,1,1,1,20.743209838867188,20.743209838867188,0.0,0.9999995231628418,0.9999995231628418
471,471,EXTERNAL_SAMPLE/0000471.png,origin_poisoned,poisoned,1,1,1,25.625003814697266,25.625003814697266,0.0,1.0,1.0
472,472,EXTERNAL_SAMPLE/0000472.png,origin_poisoned,poisoned,1,1,1,26.203393936157227,26.203393936157227,0.0,1.0,1.0
473,473,EXTERNAL_SAMPLE/0000473.png,origin_poisoned,poisoned,1,1,1,35.00681686401367,35.00681686401367,0.0,1.0,1.0
474,474,EXTERNAL_SAMPLE/0000474.png,origin_poisoned,poisoned,1,1,1,36.58406066894531,36.58406066894531,0.0,1.0,1.0
475,475,EXTERNAL_SAMPLE/0000475.png,origin_poisoned,poisoned,1,1,1,21.927051544189453,21.927051544189453,0.0,0.9999961853027344,0.9999961853027344
476,476,EXTERNAL_SAMPLE/0000476.png,origin_poisoned,poisoned,1,1,1,27.423030853271484,27.423030853271484,0.0,1.0,1.0
477,477,EXTERNAL_SAMPLE/0000477.png,origin_poisoned,poisoned,1,1,1,27.88920021057129,27.88920021057129,0.0,1.0,1.0
478,478,EXTERNAL_SAMPLE/0000478.png,origin_poisoned,poisoned,1,1,1,19.531435012817383,19.531435012817383,0.0,0.9999982118606567,0.9999982118606567
479,479,EXTERNAL_SAMPLE/0000479.png,origin_poisoned,poisoned,1,1,1,39.79194641113281,39.79194641113281,0.0,1.0,1.0
480,480,EXTERNAL_SAMPLE/0000480.png,origin_poisoned,poisoned,1,1,1,33.16195297241211,33.16195297241211,0.0,1.0,1.0
481,481,EXTERNAL_SAMPLE/0000481.png,origin_poisoned,poisoned,1,1,1,31.028226852416992,31.028226852416992,0.0,1.0,1.0
482,482,EXTERNAL_SAMPLE/0000482.png,origin_poisoned,poisoned,1,1,1,21.197412490844727,21.197412490844727,0.0,0.9999992847442627,0.9999992847442627
483,483,EXTERNAL_SAMPLE/0000483.png,origin_poisoned,poisoned,1,1,1,28.456710815429688,28.456710815429688,0.0,1.0,1.0
484,484,EXTERNAL_SAMPLE/0000484.png,origin_poisoned,poisoned,1,1,1,30.878942489624023,30.878942489624023,0.0,1.0,1.0
485,485,EXTERNAL_SAMPLE/0000485.png,origin_poisoned,poisoned,1,1,1,36.7893180847168,36.7893180847168,0.0,1.0,1.0
486,486,EXTERNAL_SAMPLE/0000486.png,origin_poisoned,poisoned,1,1,1,19.83580780029297,19.83580780029297,0.0,0.9999991655349731,0.9999991655349731
487,487,EXTERNAL_SAMPLE/0000487.png,origin_poisoned,poisoned,1,1,1,22.34210205078125,22.34210205078125,0.0,1.0,1.0
488,488,EXTERNAL_SAMPLE/0000488.png,origin_poisoned,poisoned,1,1,1,24.9643497467041,24.9643497467041,0.0,1.0,1.0
489,489,EXTERNAL_SAMPLE/0000489.png,origin_poisoned,poisoned,1,1,1,27.135406494140625,27.135406494140625,0.0,1.0,1.0
490,490,EXTERNAL_SAMPLE/0000490.png,origin_poisoned,poisoned,1,1,1,30.466934204101562,30.466934204101562,0.0,1.0,1.0
491,491,EXTERNAL_SAMPLE/0000491.png,origin_poisoned,poisoned,1,1,1,28.381738662719727,28.381738662719727,0.0,1.0,1.0
492,492,EXTERNAL_SAMPLE/0000492.png,origin_poisoned,poisoned,1,1,1,29.92485809326172,29.92485809326172,0.0,1.0,1.0
493,493,EXTERNAL_SAMPLE/0000493.png,origin_poisoned,poisoned,1,1,1,25.69447898864746,25.69447898864746,0.0,1.0,1.0
494,494,EXTERNAL_SAMPLE/0000494.png,origin_poisoned,poisoned,1,1,1,27.9949893951416,27.9949893951416,0.0,1.0,1.0
495,495,EXTERNAL_SAMPLE/0000495.png,origin_poisoned,poisoned,1,1,1,27.783573150634766,27.783573150634766,0.0,1.0,1.0
496,496,EXTERNAL_SAMPLE/0000496.png,origin_poisoned,poisoned,1,1,1,42.584075927734375,42.584075927734375,0.0,1.0,1.0
497,497,EXTERNAL_SAMPLE/0000497.png,origin_poisoned,poisoned,1,1,1,20.979358673095703,20.979358673095703,0.0,0.9999998807907104,0.9999998807907104
498,498,EXTERNAL_SAMPLE/0000498.png,origin_poisoned,poisoned,1,1,1,28.509401321411133,28.509401321411133,0.0,1.0,1.0
499,499,EXTERNAL_SAMPLE/0000499.png,origin_poisoned,poisoned,1,1,1,27.955087661743164,27.955087661743164,0.0,1.0,1.0
500,500,EXTERNAL_SAMPLE/0000500.png,origin_poisoned,poisoned,1,1,1,26.694427490234375,26.694427490234375,0.0,1.0,1.0
501,501,EXTERNAL_SAMPLE/0000501.png,origin_poisoned,poisoned,1,1,1,23.950407028198242,23.950407028198242,0.0,1.0,1.0
502,502,EXTERNAL_SAMPLE/0000502.png,origin_poisoned,poisoned,1,1,1,23.63164710998535,23.63164710998535,0.0,1.0,1.0
503,503,EXTERNAL_SAMPLE/0000503.png,origin_poisoned,poisoned,1,1,1,23.551313400268555,23.551313400268555,0.0,1.0,1.0
504,504,EXTERNAL_SAMPLE/0000504.png,origin_poisoned,poisoned,1,1,1,26.75373077392578,26.75373077392578,0.0,1.0,1.0
505,505,EXTERNAL_SAMPLE/0000505.png,origin_poisoned,poisoned,1,1,1,32.157493591308594,32.157493591308594,0.0,1.0,1.0
506,506,EXTERNAL_SAMPLE/0000506.png,origin_poisoned,poisoned,1,1,1,26.257667541503906,26.257667541503906,0.0,1.0,1.0
507,507,EXTERNAL_SAMPLE/0000507.png,origin_poisoned,poisoned,1,1,1,40.76752853393555,40.76752853393555,0.0,1.0,1.0
508,508,EXTERNAL_SAMPLE/0000508.png,origin_poisoned,poisoned,1,1,1,23.51344871520996,23.51344871520996,0.0,1.0,1.0
509,509,EXTERNAL_SAMPLE/0000509.png,origin_poisoned,poisoned,1,1,1,33.37311553955078,33.37311553955078,0.0,1.0,1.0
510,510,EXTERNAL_SAMPLE/0000510.png,origin_poisoned,poisoned,1,1,1,24.166807174682617,24.166807174682617,0.0,0.9999995231628418,0.9999995231628418
511,511,EXTERNAL_SAMPLE/0000511.png,origin_poisoned,poisoned,1,1,1,28.184783935546875,28.184783935546875,0.0,1.0,1.0
0,0,EXTERNAL_SAMPLE/0000000.png,degradation_clean,clean,0,1,0,3.1930391788482666,9.150457382202148,-5.957418441772461,0.002550698583945632,0.9861276149749756
1,1,EXTERNAL_SAMPLE/0000001.png,degradation_clean,clean,0,1,0,3.609553098678589,7.811933994293213,-4.202381134033203,0.01393565908074379,0.9315333962440491
2,2,EXTERNAL_SAMPLE/0000002.png,degradation_clean,clean,0,1,0,1.3770023584365845,15.231403350830078,-13.854400634765625,9.618320291338023e-07,0.9999746084213257
3,3,EXTERNAL_SAMPLE/0000003.png,degradation_clean,clean,0,1,0,1.80570387840271,15.488570213317871,-13.682866096496582,1.1418263738960377e-06,0.999984622001648
4,4,EXTERNAL_SAMPLE/0000004.png,degradation_clean,clean,0,1,8,1.7940062284469604,4.516461372375488,-2.7224550247192383,0.019532635807991028,0.2972405254840851
5,5,EXTERNAL_SAMPLE/0000005.png,degradation_clean,clean,0,1,0,1.8863850831985474,10.334816932678223,-8.448431968688965,0.00021355831995606422,0.9968363046646118
6,6,EXTERNAL_SAMPLE/0000006.png,degradation_clean,clean,0,1,0,2.951629877090454,9.208630561828613,-6.257000923156738,0.00188706093467772,0.9843893647193909
7,7,EXTERNAL_SAMPLE/0000007.png,degradation_clean,clean,0,1,0,5.001314640045166,9.15662956237793,-4.155314922332764,0.015279924497008324,0.9744320511817932
8,8,EXTERNAL_SAMPLE/0000008.png,degradation_clean,clean,0,1,0,5.830910682678223,12.219405174255371,-6.388494491577148,0.0016775515396147966,0.998076319694519
9,9,EXTERNAL_SAMPLE/0000009.png,degradation_clean,clean,0,1,0,2.0208749771118164,8.970376014709473,-6.949501037597656,0.0009505970519967377,0.9911205172538757
10,10,EXTERNAL_SAMPLE/0000010.png,degradation_clean,clean,0,1,0,3.486595392227173,6.1838226318359375,-2.6972272396087646,0.044766440987586975,0.6642681956291199
11,11,EXTERNAL_SAMPLE/0000011.png,degradation_clean,clean,0,1,1,9.60641098022461,4.98414421081543,4.62226676940918,0.983323872089386,0.009666552767157555
12,12,EXTERNAL_SAMPLE/0000012.png,degradation_clean,clean,0,1,3,2.6978185176849365,5.323537826538086,-2.6257193088531494,0.02920832484960556,0.4034985899925232
13,13,EXTERNAL_SAMPLE/0000013.png,degradation_clean,clean,0,1,0,4.282031536102295,8.989118576049805,-4.70708703994751,0.008751857094466686,0.9690855741500854
14,14,EXTERNAL_SAMPLE/0000014.png,degradation_clean,clean,0,1,0,3.7146353721618652,18.157236099243164,-14.44260025024414,5.341435667105543e-07,0.9999990463256836
15,15,EXTERNAL_SAMPLE/0000015.png,degradation_clean,clean,0,1,0,1.535617709159851,13.126625061035156,-11.591007232666016,9.24527739698533e-06,0.999609649181366
16,16,EXTERNAL_SAMPLE/0000016.png,degradation_clean,clean,0,1,3,1.5696817636489868,1.6130064725875854,-0.04332470893859863,0.033791787922382355,0.03528797999024391
17,17,EXTERNAL_SAMPLE/0000017.png,degradation_clean,clean,0,1,0,3.3697896003723145,10.863434791564941,-7.493645191192627,0.0005548789049498737,0.9968894124031067
18,18,EXTERNAL_SAMPLE/0000018.png,degradation_clean,clean,0,1,0,2.782805919647217,10.544594764709473,-7.761788845062256,0.0004243974108248949,0.9969532489776611
19,19,EXTERNAL_SAMPLE/0000019.png,degradation_clean,clean,0,1,0,4.396955490112305,7.636997222900391,-3.240041732788086,0.03472511097788811,0.8866983652114868
20,20,EXTERNAL_SAMPLE/0000020.png,degradation_clean,clean,0,1,0,1.5992635488510132,14.20666790008545,-12.607404708862305,3.3469971185695613e-06,0.9999576807022095
21,21,EXTERNAL_SAMPLE/0000021.png,degradation_clean,clean,0,1,6,1.3386675119400024,2.029097080230713,-0.6904295682907104,0.0032178149558603764,0.006418165285140276
22,22,EXTERNAL_SAMPLE/0000022.png,degradation_clean,clean,0,1,0,2.25368070602417,8.87147045135498,-6.6177897453308105,0.001321181538514793,0.9886259436607361
23,23,EXTERNAL_SAMPLE/0000023.png,degradation_clean,clean,0,1,0,2.035043716430664,10.899097442626953,-8.864053726196289,0.00013976039190310985,0.9885386824607849
24,24,EXTERNAL_SAMPLE/0000024.png,degradation_clean,clean,0,1,0,4.283997535705566,8.96291446685791,-4.678916931152344,0.008978075347840786,0.9665204882621765
25,25,EXTERNAL_SAMPLE/0000025.png,degradation_clean,clean,0,1,0,2.7406351566314697,17.885501861572266,-15.144866943359375,2.646471273237694e-07,0.9999984502792358
26,26,EXTERNAL_SAMPLE/0000026.png,degradation_clean,clean,0,1,0,4.404720783233643,8.311820030212402,-3.9070992469787598,0.019142067059874535,0.9524024128913879
27,27,EXTERNAL_SAMPLE/0000027.png,degradation_clean,clean,0,1,0,2.391749858856201,14.833123207092285,-12.441373825073242,3.951423877879279e-06,0.9999392032623291
28,28,EXTERNAL_SAMPLE/0000028.png,degradation_clean,clean,0,1,0,2.3751208782196045,9.89955997467041,-7.524438858032227,0.0005354420281946659,0.9920526742935181
29,29,EXTERNAL_SAMPLE/0000029.png,degradation_clean,clean,0,1,0,2.960214614868164,11.74748706817627,-8.787272453308105,0.0001525534753454849,0.9992774128913879
30,30,EXTERNAL_SAMPLE/0000030.png,degradation_clean,clean,0,1,0,2.8575236797332764,19.055875778198242,-16.198352813720703,9.22878555797979e-08,0.9999995231628418
31,31,EXTERNAL_SAMPLE/0000031.png,degradation_clean,clean,0,1,0,7.7933549880981445,12.413400650024414,-4.6200456619262695,0.009754502214491367,0.9900689721107483
32,32,EXTERNAL_SAMPLE/0000032.png,degradation_clean,clean,0,1,0,2.2103328704833984,11.49721622467041,-9.286883354187012,9.255766781279817e-05,0.9992049336433411
33,33,EXTERNAL_SAMPLE/0000033.png,degradation_clean,clean,0,1,0,2.2049248218536377,10.621399879455566,-8.416475296020508,0.00022032602282706648,0.9960808157920837
34,34,EXTERNAL_SAMPLE/0000034.png,degradation_clean,clean,0,1,0,1.5458698272705078,6.254983425140381,-4.709113597869873,0.004750355612486601,0.5270698070526123
35,35,EXTERNAL_SAMPLE/0000035.png,degradation_clean,clean,0,1,0,3.4936835765838623,9.610992431640625,-6.117308616638184,0.0021413429640233517,0.9714033603668213
36,36,EXTERNAL_SAMPLE/0000036.png,degradation_clean,clean,0,1,0,1.5191947221755981,14.407196998596191,-12.888002395629883,2.527993274270557e-06,0.99991774559021
37,37,EXTERNAL_SAMPLE/0000037.png,degradation_clean,clean,0,1,0,2.3576135635375977,6.427385330200195,-4.069771766662598,0.013554104603827,0.7935060858726501
38,38,EXTERNAL_SAMPLE/0000038.png,degradation_clean,clean,0,1,0,1.154615879058838,10.617437362670898,-9.462821960449219,7.756156992400065e-05,0.9983848333358765
39,39,EXTERNAL_SAMPLE/0000039.png,degradation_clean,clean,0,1,0,5.246734619140625,12.487393379211426,-7.240658760070801,0.0007159659871831536,0.9987815022468567
40,40,EXTERNAL_SAMPLE/0000040.png,degradation_clean,clean,0,1,0,2.338165521621704,8.327193260192871,-5.989027976989746,0.0024459233973175287,0.9759884476661682
41,41,EXTERNAL_SAMPLE/0000041.png,degradation_clean,clean,0,1,0,7.714535236358643,13.740185737609863,-6.025650501251221,0.002410090295597911,0.9975624084472656
42,42,EXTERNAL_SAMPLE/0000042.png,degradation_clean,clean,0,1,0,3.034961223602295,16.002151489257812,-12.96718978881836,2.335694944122224e-06,0.9999886751174927
43,43,EXTERNAL_SAMPLE/0000043.png,degradation_clean,clean,0,1,0,4.549963474273682,9.182626724243164,-4.632663249969482,0.009523662738502026,0.9789130091667175
44,44,EXTERNAL_SAMPLE/0000044.png,degradation_clean,clean,0,1,0,2.2921979427337646,9.749795913696289,-7.457597732543945,0.0005738887703046203,0.9945377707481384
45,45,EXTERNAL_SAMPLE/0000045.png,degradation_clean,clean,0,1,0,3.660550117492676,9.866366386413574,-6.205816268920898,0.001981741050258279,0.9821972846984863
46,46,EXTERNAL_SAMPLE/0000046.png,degradation_clean,clean,0,1,0,1.502044439315796,15.83189582824707,-14.329851150512695,5.978905051051697e-07,0.999992847442627
47,47,EXTERNAL_SAMPLE/0000047.png,degradation_clean,clean,0,1,0,3.3861021995544434,4.422487258911133,-1.0363850593566895,0.15826015174388885,0.44613662362098694
48,48,EXTERNAL_SAMPLE/0000048.png,degradation_clean,clean,0,1,0,3.0617856979370117,11.266765594482422,-8.20497989654541,0.0002730189880821854,0.9990111589431763
49,49,EXTERNAL_SAMPLE/0000049.png,degradation_clean,clean,0,1,0,1.7057514190673828,5.890587329864502,-4.184835910797119,0.00872613862156868,0.5731565356254578
50,50,EXTERNAL_SAMPLE/0000050.png,degradation_clean,clean,0,1,0,2.4919283390045166,10.975212097167969,-8.483283996582031,0.00020662446331698447,0.9986773133277893
51,51,EXTERNAL_SAMPLE/0000051.png,degradation_clean,clean,0,1,0,2.0579516887664795,4.4509053230285645,-2.392953634262085,0.03982951119542122,0.4359648823738098
52,52,EXTERNAL_SAMPLE/0000052.png,degradation_clean,clean,0,1,0,2.3110098838806152,10.945195198059082,-8.634185791015625,0.00017774464504327625,0.9990236759185791
53,53,EXTERNAL_SAMPLE/0000053.png,degradation_clean,clean,0,1,0,2.210491418838501,7.480069637298584,-5.269577980041504,0.0048612733371555805,0.9447104334831238
54,54,EXTERNAL_SAMPLE/0000054.png,degradation_clean,clean,0,1,0,1.8093256950378418,12.19374942779541,-10.384424209594727,3.089662277488969e-05,0.9995606541633606
55,55,EXTERNAL_SAMPLE/0000055.png,degradation_clean,clean,0,1,0,1.736884593963623,17.26327896118164,-15.52639389038086,1.8070586804697086e-07,0.9999986886978149
56,56,EXTERNAL_SAMPLE/0000056.png,degradation_clean,clean,0,1,0,3.2783939838409424,4.90016508102417,-1.6217710971832275,0.0858866348862648,0.43476223945617676
57,57,EXTERNAL_SAMPLE/0000057.png,degradation_clean,clean,0,1,1,7.308752059936523,6.327461242675781,0.9812908172607422,0.678666353225708,0.254382461309433
58,58,EXTERNAL_SAMPLE/0000058.png,degradation_clean,clean,0,1,0,2.873453140258789,8.946940422058105,-6.073487281799316,0.0022695385850965977,0.9854158759117126
59,59,EXTERNAL_SAMPLE/0000059.png,degradation_clean,clean,0,1,0,3.4261269569396973,4.667024612426758,-1.2408976554870605,0.16178962588310242,0.5595844984054565
60,60,EXTERNAL_SAMPLE/0000060.png,degradation_clean,clean,0,1,0,2.834315776824951,7.023811340332031,-4.18949556350708,0.01246204786002636,0.8223642706871033
61,61,EXTERNAL_SAMPLE/0000061.png,degradation_clean,clean,0,1,0,2.7527637481689453,7.984714508056641,-5.231950759887695,0.0051062023267149925,0.9556642770767212
62,62,EXTERNAL_SAMPLE/0000062.png,degradation_clean,clean,0,1,0,1.2966794967651367,10.57243824005127,-9.275758743286133,9.356476948596537e-05,0.9989026784896851
63,63,EXTERNAL_SAMPLE/0000063.png,degradation_clean,clean,0,1,0,4.536779403686523,7.3479132652282715,-2.811133861541748,0.05372745916247368,0.8934211134910583
64,64,EXTERNAL_SAMPLE/0000064.png,degradation_clean,clean,0,1,0,1.7135282754898071,12.691718101501465,-10.978189468383789,1.7065865904442035e-05,0.9997592568397522
65,65,EXTERNAL_SAMPLE/0000065.png,degradation_clean,clean,0,1,0,4.594460487365723,13.488561630249023,-8.8941011428833,0.00013716636749450117,0.9997851252555847
66,66,EXTERNAL_SAMPLE/0000066.png,degradation_clean,clean,0,1,0,2.3870928287506104,7.170714378356934,-4.783621788024902,0.007745802402496338,0.9259061813354492
67,67,EXTERNAL_SAMPLE/0000067.png,degradation_clean,clean,0,1,1,9.165712356567383,4.885321140289307,4.280391216278076,0.9721956849098206,0.01345251314342022
68,68,EXTERNAL_SAMPLE/0000068.png,degradation_clean,clean,0,1,0,3.028717041015625,13.809636116027832,-10.780919075012207,2.079004298138898e-05,0.999882698059082
69,69,EXTERNAL_SAMPLE/0000069.png,degradation_clean,clean,0,1,0,1.6361958980560303,11.024407386779785,-9.388211250305176,8.349728159373626e-05,0.9975179433822632
70,70,EXTERNAL_SAMPLE/0000070.png,degradation_clean,clean,0,1,0,6.271279335021973,10.713418960571289,-4.442139625549316,0.011621035635471344,0.9872827529907227
71,71,EXTERNAL_SAMPLE/0000071.png,degradation_clean,clean,0,1,0,4.080279350280762,5.394491195678711,-1.3142118453979492,0.1201087236404419,0.44702258706092834
72,72,EXTERNAL_SAMPLE/0000072.png,degradation_clean,clean,0,1,0,1.911801815032959,12.616135597229004,-10.704334259033203,2.2443593479692936e-05,0.9998288154602051
73,73,EXTERNAL_SAMPLE/0000073.png,degradation_clean,clean,0,1,0,1.8421026468276978,13.286467552185059,-11.444364547729492,1.0708832633099519e-05,0.9999228715896606
74,74,EXTERNAL_SAMPLE/0000074.png,degradation_clean,clean,0,1,0,3.852208137512207,7.184179782867432,-3.3319716453552246,0.026180904358625412,0.7328946590423584
75,75,EXTERNAL_SAMPLE/0000075.png,degradation_clean,clean,0,1,0,1.8314628601074219,9.981804847717285,-8.150341987609863,0.0002877688966691494,0.9969936609268188
76,76,EXTERNAL_SAMPLE/0000076.png,degradation_clean,clean,0,1,0,2.2899527549743652,18.435504913330078,-16.145551681518555,9.729166805527711e-08,0.9999991655349731
77,77,EXTERNAL_SAMPLE/0000077.png,degradation_clean,clean,0,1,0,3.9480650424957275,15.913919448852539,-11.96585464477539,6.357571237458615e-06,0.9999904632568359
78,78,EXTERNAL_SAMPLE/0000078.png,degradation_clean,clean,0,1,0,1.6724460124969482,11.295001983642578,-9.62255573272705,6.61101148580201e-05,0.9983682036399841
79,79,EXTERNAL_SAMPLE/0000079.png,degradation_clean,clean,0,1,0,2.5817654132843018,20.402076721191406,-17.820310592651367,1.8227931164460642e-08,0.9999998807907104
80,80,EXTERNAL_SAMPLE/0000080.png,degradation_clean,clean,0,1,0,6.3418354988098145,9.062623977661133,-2.7207884788513184,0.061080846935510635,0.9279582500457764
81,81,EXTERNAL_SAMPLE/0000081.png,degradation_clean,clean,0,1,0,2.9286251068115234,11.344338417053223,-8.4157133102417,0.00022115193132776767,0.9990531802177429
82,82,EXTERNAL_SAMPLE/0000082.png,degradation_clean,clean,0,1,0,4.8220391273498535,8.941762924194336,-4.119723796844482,0.015488934703171253,0.9532238245010376
83,83,EXTERNAL_SAMPLE/0000083.png,degradation_clean,clean,0,1,0,1.517561912536621,14.065629959106445,-12.548068046569824,3.5515909075911622e-06,0.9999531507492065
84,84,EXTERNAL_SAMPLE/0000084.png,degradation_clean,clean,0,1,0,3.6181893348693848,12.620692253112793,-9.00250244140625,0.00012304459232836962,0.999538779258728
85,85,EXTERNAL_SAMPLE/0000085.png,degradation_clean,clean,0,1,0,2.483612060546875,15.220309257507324,-12.73669719696045,2.9410737170110224e-06,0.9999613761901855
86,86,EXTERNAL_SAMPLE/0000086.png,degradation_clean,clean,0,1,0,1.7125663757324219,9.073169708251953,-7.360603332519531,0.0006286284769885242,0.9886975288391113
87,87,EXTERNAL_SAMPLE/0000087.png,degradation_clean,clean,0,1,0,2.5887224674224854,9.515213966369629,-6.926491737365723,0.0009755572536960244,0.9940080642700195
88,88,EXTERNAL_SAMPLE/0000088.png,degradation_clean,clean,0,1,0,1.5697282552719116,14.274460792541504,-12.704732894897461,3.036343969142763e-06,0.9998764991760254
89,89,EXTERNAL_SAMPLE/0000089.png,degradation_clean,clean,0,1,0,4.7612128257751465,8.997891426086426,-4.236678600311279,0.013605505228042603,0.9411975741386414
90,90,EXTERNAL_SAMPLE/0000090.png,degradation_clean,clean,0,1,1,4.675065040588379,4.266668796539307,0.40839624404907227,0.45092839002609253,0.2997390329837799
91,91,EXTERNAL_SAMPLE/0000091.png,degradation_clean,clean,0,1,0,4.811049938201904,10.260639190673828,-5.449589252471924,0.0042654406279325485,0.9924085140228271
92,92,EXTERNAL_SAMPLE/0000092.png,degradation_clean,clean,0,1,8,2.8695425987243652,3.582831621170044,-0.7132890224456787,0.08062820136547089,0.16453735530376434
93,93,EXTERNAL_SAMPLE/0000093.png,degradation_clean,clean,0,1,0,2.4668164253234863,10.791084289550781,-8.324268341064453,0.00024226686218753457,0.9987983703613281
94,94,EXTERNAL_SAMPLE/0000094.png,degradation_clean,clean,0,1,0,3.7594211101531982,4.134617805480957,-0.3751966953277588,0.21787568926811218,0.3170696198940277
95,95,EXTERNAL_SAMPLE/0000095.png,degradation_clean,clean,0,1,5,3.5031511783599854,3.6505658626556396,-0.1474146842956543,0.09522603452205658,0.11035118997097015
96,96,EXTERNAL_SAMPLE/0000096.png,degradation_clean,clean,0,1,0,1.502790093421936,12.2035493850708,-10.700758934020996,2.2514343072543852e-05,0.9994010925292969
97,97,EXTERNAL_SAMPLE/0000097.png,degradation_clean,clean,0,1,0,4.943918228149414,12.656660079956055,-7.712741851806641,0.0004468314000405371,0.9994127750396729
98,98,EXTERNAL_SAMPLE/0000098.png,degradation_clean,clean,0,1,0,3.2612617015838623,8.31570816040039,-5.054446220397949,0.006180576514452696,0.9686058163642883
99,99,EXTERNAL_SAMPLE/0000099.png,degradation_clean,clean,0,1,0,3.0601918697357178,6.2372283935546875,-3.1770365238189697,0.02094798907637596,0.5022405385971069
100,100,EXTERNAL_SAMPLE/0000100.png,degradation_clean,clean,0,1,0,2.3612563610076904,10.26944637298584,-7.90818977355957,0.0003665223193820566,0.99674391746521
101,101,EXTERNAL_SAMPLE/0000101.png,degradation_clean,clean,0,1,1,5.94045877456665,2.811370849609375,3.1290879249572754,0.7838751673698425,0.03430056571960449
102,102,EXTERNAL_SAMPLE/0000102.png,degradation_clean,clean,0,1,0,2.7005081176757812,11.899911880493164,-9.199403762817383,0.00010084620589623228,0.9974930286407471
103,103,EXTERNAL_SAMPLE/0000103.png,degradation_clean,clean,0,1,0,3.150851249694824,17.476465225219727,-14.325613975524902,6.004319175190176e-07,0.9999973773956299
104,104,EXTERNAL_SAMPLE/0000104.png,degradation_clean,clean,0,1,0,2.992574691772461,13.05549144744873,-10.06291675567627,4.2625753849279135e-05,0.9998648166656494
105,105,EXTERNAL_SAMPLE/0000105.png,degradation_clean,clean,0,1,0,3.020657539367676,14.073647499084473,-11.052989959716797,1.5838990293559618e-05,0.999954104423523
106,106,EXTERNAL_SAMPLE/0000106.png,degradation_clean,clean,0,1,0,2.7292232513427734,7.428271293640137,-4.699048042297363,0.008187797851860523,0.8993687033653259
107,107,EXTERNAL_SAMPLE/0000107.png,degradation_clean,clean,0,1,0,1.4248661994934082,13.359644889831543,-11.934778213500977,6.557954748132033e-06,0.9999464750289917
108,108,EXTERNAL_SAMPLE/0000108.png,degradation_clean,clean,0,1,0,3.6880056858062744,13.003634452819824,-9.315629005432129,8.998691191663966e-05,0.9997827410697937
109,109,EXTERNAL_SAMPLE/0000109.png,degradation_clean,clean,0,1,1,7.761813163757324,6.874134063720703,0.8876791000366211,0.6959695219993591,0.286467969417572
110,110,EXTERNAL_SAMPLE/0000110.png,degradation_clean,clean,0,1,0,2.8082499504089355,11.713218688964844,-8.90496826171875,0.00013564000255428255,0.9994623064994812
111,111,EXTERNAL_SAMPLE/0000111.png,degradation_clean,clean,0,1,0,2.7993099689483643,7.682618141174316,-4.883308410644531,0.007250544149428606,0.9575567841529846
112,112,EXTERNAL_SAMPLE/0000112.png,degradation_clean,clean,0,1,0,2.181750774383545,13.435925483703613,-11.254175186157227,1.2951425560459029e-05,0.9998705387115479
113,113,EXTERNAL_SAMPLE/0000113.png,degradation_clean,clean,0,1,9,1.6972980499267578,1.1685283184051514,0.5287697315216064,0.03408406302332878,0.02008674666285515
114,114,EXTERNAL_SAMPLE/0000114.png,degradation_clean,clean,0,1,8,3.016148090362549,6.946689128875732,-3.9305410385131836,0.005363007076084614,0.27316224575042725
115,115,EXTERNAL_SAMPLE/0000115.png,degradation_clean,clean,0,1,0,4.216187477111816,14.338658332824707,-10.12247085571289,4.01637407776434e-05,0.999924898147583
116,116,EXTERNAL_SAMPLE/0000116.png,degradation_clean,clean,0,1,1,8.07014274597168,6.169522285461426,1.900620460510254,0.8455299139022827,0.12638629972934723
117,117,EXTERNAL_SAMPLE/0000117.png,degradation_clean,clean,0,1,0,3.809718608856201,10.02223014831543,-6.2125115394592285,0.0019966738764196634,0.9962460398674011
118,118,EXTERNAL_SAMPLE/0000118.png,degradation_clean,clean,0,1,0,2.7592110633850098,9.950566291809082,-7.191355228424072,0.0007410317193716764,0.9840171933174133
119,119,EXTERNAL_SAMPLE/0000119.png,degradation_clean,clean,0,1,0,3.782876968383789,6.031957149505615,-2.249080181121826,0.07857879996299744,0.7448495030403137
120,120,EXTERNAL_SAMPLE/0000120.png,degradation_clean,clean,0,1,0,4.467695236206055,8.93743896484375,-4.469743728637695,0.011160338297486305,0.9746808409690857
121,121,EXTERNAL_SAMPLE/0000121.png,degradation_clean,clean,0,1,0,4.122612476348877,17.734699249267578,-13.61208724975586,1.2255813999217935e-06,0.9999920129776001
122,122,EXTERNAL_SAMPLE/0000122.png,degradation_clean,clean,0,1,0,2.530156135559082,14.615628242492676,-12.085472106933594,5.640712970489403e-06,0.9999719858169556
123,123,EXTERNAL_SAMPLE/0000123.png,degradation_clean,clean,0,1,0,2.6216838359832764,14.33025074005127,-11.708566665649414,8.222571523219813e-06,0.9999390840530396
124,124,EXTERNAL_SAMPLE/0000124.png,degradation_clean,clean,0,1,0,3.5648152828216553,9.291521072387695,-5.726705551147461,0.0031976504251360893,0.9815390706062317
125,125,EXTERNAL_SAMPLE/0000125.png,degradation_clean,clean,0,1,0,5.171626091003418,10.2855863571167,-5.113960266113281,0.005964446347206831,0.9920530319213867
126,126,EXTERNAL_SAMPLE/0000126.png,degradation_clean,clean,0,1,0,1.5469415187835693,11.945767402648926,-10.398825645446777,3.036396810784936e-05,0.9965775609016418
127,127,EXTERNAL_SAMPLE/0000127.png,degradation_clean,clean,0,1,0,4.8250932693481445,7.147489547729492,-2.3223962783813477,0.0792541354894638,0.8083990812301636
128,128,EXTERNAL_SAMPLE/0000128.png,degradation_clean,clean,0,1,0,3.4392833709716797,11.012900352478027,-7.573616981506348,0.0005129750352352858,0.998335063457489
129,129,EXTERNAL_SAMPLE/0000129.png,degradation_clean,clean,0,1,0,4.308835029602051,8.164875984191895,-3.8560409545898438,0.020402194932103157,0.9645709991455078
130,130,EXTERNAL_SAMPLE/0000130.png,degradation_clean,clean,0,1,0,2.791754961013794,8.316930770874023,-5.525176048278809,0.0038870202843099833,0.9753720164299011
131,131,EXTERNAL_SAMPLE/0000131.png,degradation_clean,clean,0,1,0,1.8940829038619995,13.329020500183105,-11.434937477111816,1.0810496860358398e-05,0.9999445676803589
132,132,EXTERNAL_SAMPLE/0000132.png,degradation_clean,clean,0,1,1,6.23354959487915,2.999607801437378,3.2339417934417725,0.7896928191184998,0.031115379184484482
133,133,EXTERNAL_SAMPLE/0000133.png,degradation_clean,clean,0,1,0,2.9641873836517334,7.404758453369141,-4.440570831298828,0.010011514648795128,0.8492101430892944
134,134,EXTERNAL_SAMPLE/0000134.png,degradation_clean,clean,0,1,0,1.832149624824524,13.074202537536621,-11.242053031921387,1.3109995052218437e-05,0.9999173879623413
135,135,EXTERNAL_SAMPLE/0000135.png,degradation_clean,clean,0,1,0,3.676450490951538,14.435879707336426,-10.759428977966309,2.1243182345642708e-05,0.9999544620513916
136,136,EXTERNAL_SAMPLE/0000136.png,degradation_clean,clean,0,1,0,3.0464870929718018,11.377228736877441,-8.330741882324219,0.0002403917460469529,0.9975042939186096
137,137,EXTERNAL_SAMPLE/0000137.png,degradation_clean,clean,0,1,0,2.071850061416626,7.370819091796875,-5.298969268798828,0.004857426043599844,0.9721187353134155
138,138,EXTERNAL_SAMPLE/0000138.png,degradation_clean,clean,0,1,0,2.5220396518707275,11.087371826171875,-8.565332412719727,0.00018931453814730048,0.9932546019554138
139,139,EXTERNAL_SAMPLE/0000139.png,degradation_clean,clean,0,1,0,2.0629987716674805,4.67695426940918,-2.613955497741699,0.03039744310081005,0.41501471400260925
140,140,EXTERNAL_SAMPLE/0000140.png,degradation_clean,clean,0,1,0,4.6592793464660645,5.359828472137451,-0.7005491256713867,0.23655320703983307,0.4766213297843933
141,141,EXTERNAL_SAMPLE/0000141.png,degradation_clean,clean,0,1,0,2.1934280395507812,7.543475151062012,-5.3500471115112305,0.0044893911108374596,0.9455474615097046
142,142,EXTERNAL_SAMPLE/0000142.png,degradation_clean,clean,0,1,0,2.7665696144104004,18.72433090209961,-15.957761764526367,1.1739022198753446e-07,0.9999995231628418
143,143,EXTERNAL_SAMPLE/0000143.png,degradation_clean,clean,0,1,0,1.6018611192703247,7.822609901428223,-6.2207489013671875,0.0019365557236596942,0.9742421507835388
144,144,EXTERNAL_SAMPLE/0000144.png,degradation_clean,clean,0,1,0,2.599229335784912,13.635560035705566,-11.036331176757812,1.6104573660413735e-05,0.9999239444732666
145,145,EXTERNAL_SAMPLE/0000145.png,degradation_clean,clean,0,1,0,3.0647311210632324,8.586810111999512,-5.522078990936279,0.003941047005355358,0.985870897769928
146,146,EXTERNAL_SAMPLE/0000146.png,degradation_clean,clean,0,1,3,3.703775644302368,3.25899600982666,0.444779634475708,0.23158138990402222,0.14843566715717316
147,147,EXTERNAL_SAMPLE/0000147.png,degradation_clean,clean,0,1,1,5.644482135772705,3.1644809246063232,2.480001211166382,0.5169157385826111,0.04328813776373863
148,148,EXTERNAL_SAMPLE/0000148.png,degradation_clean,clean,0,1,9,3.2312183380126953,3.429612398147583,-0.1983940601348877,0.18364208936691284,0.22394102811813354
149,149,EXTERNAL_SAMPLE/0000149.png,degradation_clean,clean,0,1,0,3.86409330368042,9.313199043273926,-5.449105739593506,0.003880577627569437,0.9024288058280945
150,150,EXTERNAL_SAMPLE/0000150.png,degradation_clean,clean,0,1,0,2.8212597370147705,5.655581474304199,-2.8343217372894287,0.03453841060400009,0.5878041386604309
151,151,EXTERNAL_SAMPLE/0000151.png,degradation_clean,clean,0,1,8,0.5018980503082275,2.7426204681396484,-2.240722417831421,0.011865856125950813,0.11154045909643173
152,152,EXTERNAL_SAMPLE/0000152.png,degradation_clean,clean,0,1,0,1.957555890083313,13.368609428405762,-11.411053657531738,1.1071487278968561e-05,0.9999161958694458
153,153,EXTERNAL_SAMPLE/0000153.png,degradation_clean,clean,0,1,3,4.188257694244385,3.9202187061309814,0.2680389881134033,0.24362002313137054,0.1863396018743515
154,154,EXTERNAL_SAMPLE/0000154.png,degradation_clean,clean,0,1,0,5.381856441497803,12.957829475402832,-7.575973033905029,0.0005123227601870894,0.9994175434112549
155,155,EXTERNAL_SAMPLE/0000155.png,degradation_clean,clean,0,1,0,3.8623008728027344,13.875923156738281,-10.013622283935547,4.477252150536515e-05,0.9997062087059021
156,156,EXTERNAL_SAMPLE/0000156.png,degradation_clean,clean,0,1,0,2.603330135345459,6.404599189758301,-3.801269054412842,0.015834052115678787,0.708699643611908
157,157,EXTERNAL_SAMPLE/0000157.png,degradation_clean,clean,0,1,0,1.4203203916549683,11.370282173156738,-9.94996166229248,4.770217492477968e-05,0.9994283318519592
158,158,EXTERNAL_SAMPLE/0000158.png,degradation_clean,clean,0,1,0,3.0795252323150635,14.75620174407959,-11.676676750183105,8.489372703479603e-06,0.9999814033508301
159,159,EXTERNAL_SAMPLE/0000159.png,degradation_clean,clean,0,1,0,2.3625640869140625,7.640789985656738,-5.278225898742676,0.004374951124191284,0.8575857281684875
160,160,EXTERNAL_SAMPLE/0000160.png,degradation_clean,clean,0,1,0,1.6413296461105347,4.783931255340576,-3.142601490020752,0.021669359877705574,0.5019501447677612
161,161,EXTERNAL_SAMPLE/0000161.png,degradation_clean,clean,0,1,1,3.716310501098633,2.7259891033172607,0.9903213977813721,0.3588862121105194,0.13331089913845062
162,162,EXTERNAL_SAMPLE/0000162.png,degradation_clean,clean,0,1,1,4.732098579406738,3.0588297843933105,1.6732687950134277,0.5297624468803406,0.09940076619386673
163,163,EXTERNAL_SAMPLE/0000163.png,degradation_clean,clean,0,1,0,3.417571544647217,6.366927623748779,-2.9493560791015625,0.03778752312064171,0.721501886844635
164,164,EXTERNAL_SAMPLE/0000164.png,degradation_clean,clean,0,1,0,4.2615966796875,11.856463432312012,-7.594866752624512,0.0005026341532357037,0.9992190599441528
165,165,EXTERNAL_SAMPLE/0000165.png,degradation_clean,clean,0,1,0,2.2832529544830322,9.35768985748291,-7.074437141418457,0.0008342620567418635,0.9855791330337524
166,166,EXTERNAL_SAMPLE/0000166.png,degradation_clean,clean,0,1,0,1.6058045625686646,5.797552108764648,-4.191747665405273,0.01223071664571762,0.8089185357093811
167,167,EXTERNAL_SAMPLE/0000167.png,degradation_clean,clean,0,1,0,5.255027770996094,10.953250885009766,-5.698223114013672,0.003336911788210273,0.9955236911773682
168,168,EXTERNAL_SAMPLE/0000168.png,degradation_clean,clean,0,1,0,8.687710762023926,15.303977012634277,-6.616266250610352,0.0013366211205720901,0.9986567497253418
169,169,EXTERNAL_SAMPLE/0000169.png,degradation_clean,clean,0,1,0,4.174777507781982,6.239207744598389,-2.0644302368164062,0.05290697142481804,0.41694962978363037
170,170,EXTERNAL_SAMPLE/0000170.png,degradation_clean,clean,0,1,0,6.888070583343506,8.564332962036133,-1.676262378692627,0.15630032122135162,0.8355094790458679
171,171,EXTERNAL_SAMPLE/0000171.png,degradation_clean,clean,0,1,9,3.1845736503601074,3.3529727458953857,-0.16839909553527832,0.09987901896238327,0.11819770932197571
172,172,EXTERNAL_SAMPLE/0000172.png,degradation_clean,clean,0,1,0,2.5276906490325928,13.844788551330566,-11.317097663879395,1.2162350685684942e-05,0.9999322891235352
173,173,EXTERNAL_SAMPLE/0000173.png,degradation_clean,clean,0,1,0,3.539000988006592,10.326951026916504,-6.787950038909912,0.001118484535254538,0.9922000765800476
174,174,EXTERNAL_SAMPLE/0000174.png,degradation_clean,clean,0,1,9,0.9951680898666382,1.6166114807128906,-0.6214433908462524,0.0077113001607358456,0.01435545738786459
175,175,EXTERNAL_SAMPLE/0000175.png,degradation_clean,clean,0,1,0,2.7219533920288086,7.0741963386535645,-4.352242946624756,0.011738491244614124,0.9115224480628967
176,176,EXTERNAL_SAMPLE/0000176.png,degradation_clean,clean,0,1,0,4.219078063964844,7.368167400360107,-3.1490893363952637,0.033445678651332855,0.7797800898551941
177,177,EXTERNAL_SAMPLE/0000177.png,degradation_clean,clean,0,1,0,4.215239524841309,16.629173278808594,-12.413933753967285,4.0615673242427874e-06,0.9999921321868896
178,178,EXTERNAL_SAMPLE/0000178.png,degradation_clean,clean,0,1,0,3.5629117488861084,12.222835540771484,-8.659923553466797,0.00017332502466160804,0.9995817542076111
179,179,EXTERNAL_SAMPLE/0000179.png,degradation_clean,clean,0,1,0,1.3640518188476562,14.941839218139648,-13.577787399291992,1.2682904753091861e-06,0.9999467134475708
180,180,EXTERNAL_SAMPLE/0000180.png,degradation_clean,clean,0,1,0,3.6905248165130615,7.515480995178223,-3.824956178665161,0.018269209191203117,0.8372923135757446
181,181,EXTERNAL_SAMPLE/0000181.png,degradation_clean,clean,0,1,0,2.235727071762085,12.366547584533691,-10.130820274353027,3.9779406506568193e-05,0.9986599683761597
182,182,EXTERNAL_SAMPLE/0000182.png,degradation_clean,clean,0,1,0,4.164089202880859,10.636672973632812,-6.472583770751953,0.0015406942693516612,0.9970659613609314
183,183,EXTERNAL_SAMPLE/0000183.png,degradation_clean,clean,0,1,0,4.887786865234375,14.794449806213379,-9.906662940979004,4.983835606253706e-05,0.9999372959136963
184,184,EXTERNAL_SAMPLE/0000184.png,degradation_clean,clean,0,1,8,3.1550769805908203,4.1360368728637695,-0.9809598922729492,0.10443247109651566,0.27852296829223633
185,185,EXTERNAL_SAMPLE/0000185.png,degradation_clean,clean,0,1,0,5.538331031799316,6.120404243469238,-0.5820732116699219,0.3302391767501831,0.591044008731842
186,186,EXTERNAL_SAMPLE/0000186.png,degradation_clean,clean,0,1,0,2.8304502964019775,9.736035346984863,-6.905585289001465,0.0009972864063456655,0.9951246380805969
187,187,EXTERNAL_SAMPLE/0000187.png,degradation_clean,clean,0,1,0,1.747618556022644,8.690643310546875,-6.943024635314941,0.000956458505243063,0.9907941222190857
188,188,EXTERNAL_SAMPLE/0000188.png,degradation_clean,clean,0,1,8,4.398675918579102,3.857968330383301,0.5407075881958008,0.07429444789886475,0.04326433688402176
189,189,EXTERNAL_SAMPLE/0000189.png,degradation_clean,clean,0,1,3,1.2486764192581177,3.301170587539673,-2.0524940490722656,0.0052238693460822105,0.040679845958948135
190,190,EXTERNAL_SAMPLE/0000190.png,degradation_clean,clean,0,1,0,3.1510794162750244,9.9954252243042,-6.844346046447754,0.0010595601052045822,0.9944599866867065
191,191,EXTERNAL_SAMPLE/0000191.png,degradation_clean,clean,0,1,0,3.7079880237579346,8.838139533996582,-5.130151748657227,0.005675323773175478,0.9593724608421326
192,192,EXTERNAL_SAMPLE/0000192.png,degradation_clean,clean,0,1,0,1.2921135425567627,9.117053031921387,-7.824939727783203,0.00038980107638053596,0.9753740429878235
193,193,EXTERNAL_SAMPLE/0000193.png,degradation_clean,clean,0,1,0,1.8586196899414062,8.835079193115234,-6.976459503173828,0.0008877460495568812,0.9508818984031677
194,194,EXTERNAL_SAMPLE/0000194.png,degradation_clean,clean,0,1,0,3.1492490768432617,11.896073341369629,-8.746824264526367,0.00015889544738456607,0.9995601773262024
195,195,EXTERNAL_SAMPLE/0000195.png,degradation_clean,clean,0,1,0,5.6949310302734375,8.054402351379395,-2.359471321105957,0.08132614940404892,0.8608660697937012
196,196,EXTERNAL_SAMPLE/0000196.png,degradation_clean,clean,0,1,0,4.111790657043457,7.6277079582214355,-3.5159173011779785,0.028371408581733704,0.9546065330505371
197,197,EXTERNAL_SAMPLE/0000197.png,degradation_clean,clean,0,1,0,2.438142776489258,8.256255149841309,-5.818112373352051,0.002905080793425441,0.9770848751068115
198,198,EXTERNAL_SAMPLE/0000198.png,degradation_clean,clean,0,1,0,2.1574389934539795,7.494390487670898,-5.33695125579834,0.004468440543860197,0.9288903474807739
199,199,EXTERNAL_SAMPLE/0000199.png,degradation_clean,clean,0,1,6,3.1034626960754395,2.966810703277588,0.13665199279785156,0.13767895102500916,0.12009373307228088
200,200,EXTERNAL_SAMPLE/0000200.png,degradation_clean,clean,0,1,0,1.4652236700057983,7.8872809410095215,-6.422057151794434,0.0015368638560175896,0.9455824494361877
201,201,EXTERNAL_SAMPLE/0000201.png,degradation_clean,clean,0,1,0,3.037928581237793,5.467057228088379,-2.429128646850586,0.06580020487308502,0.7467658519744873
202,202,EXTERNAL_SAMPLE/0000202.png,degradation_clean,clean,0,1,0,2.1755120754241943,11.964059829711914,-9.78854751586914,5.603480167337693e-05,0.999010443687439
203,203,EXTERNAL_SAMPLE/0000203.png,degradation_clean,clean,0,1,0,3.750440835952759,13.314559936523438,-9.564119338989258,7.017080497462302e-05,0.999541163444519
204,204,EXTERNAL_SAMPLE/0000204.png,degradation_clean,clean,0,1,0,4.575835704803467,7.594326496124268,-3.018490791320801,0.044180694967508316,0.9039542078971863
205,205,EXTERNAL_SAMPLE/0000205.png,degradation_clean,clean,0,1,0,4.645857334136963,10.282841682434082,-5.636984348297119,0.003540187608450651,0.9934304356575012
206,206,EXTERNAL_SAMPLE/0000206.png,degradation_clean,clean,0,1,0,2.7852535247802734,16.43747901916504,-13.652225494384766,1.1773640835599508e-06,0.999993085861206
207,207,EXTERNAL_SAMPLE/0000207.png,degradation_clean,clean,0,1,0,4.280602931976318,8.278843879699707,-3.9982409477233887,0.017691466957330704,0.9642238020896912
208,208,EXTERNAL_SAMPLE/0000208.png,degradation_clean,clean,0,1,0,3.7704944610595703,9.729536056518555,-5.959041595458984,0.002568094991147518,0.9944660067558289
209,209,EXTERNAL_SAMPLE/0000209.png,degradation_clean,clean,0,1,1,5.043949127197266,4.061646938323975,0.982302188873291,0.40228432416915894,0.15063458681106567
210,210,EXTERNAL_SAMPLE/0000210.png,degradation_clean,clean,0,1,0,3.26033091545105,8.371062278747559,-5.11073112487793,0.004319532308727503,0.7161418795585632
211,211,EXTERNAL_SAMPLE/0000211.png,degradation_clean,clean,0,1,0,2.8158254623413086,10.05789852142334,-7.242073059082031,0.0007137340144254267,0.9970771074295044
212,212,EXTERNAL_SAMPLE/0000212.png,degradation_clean,clean,0,1,0,4.820549488067627,6.738736152648926,-1.9181866645812988,0.08722235262393951,0.5938621759414673
213,213,EXTERNAL_SAMPLE/0000213.png,degradation_clean,clean,0,1,0,4.193566799163818,8.017971992492676,-3.8244051933288574,0.02094346471130848,0.9593268036842346
214,214,EXTERNAL_SAMPLE/0000214.png,degradation_clean,clean,0,1,0,0.8542553186416626,11.549076080322266,-10.694820404052734,2.2633308617514558e-05,0.9987332224845886
215,215,EXTERNAL_SAMPLE/0000215.png,degradation_clean,clean,0,1,0,3.0504579544067383,8.730998992919922,-5.680541038513184,0.003351691411808133,0.9824074506759644
216,216,EXTERNAL_SAMPLE/0000216.png,degradation_clean,clean,0,1,0,2.5625500679016113,9.080044746398926,-6.5174946784973145,0.0014467273140326142,0.9792613983154297
217,217,EXTERNAL_SAMPLE/0000217.png,degradation_clean,clean,0,1,0,1.8765745162963867,14.236148834228516,-12.359574317932129,4.287996944185579e-06,0.9998834133148193
218,218,EXTERNAL_SAMPLE/0000218.png,degradation_clean,clean,0,1,0,2.0569746494293213,10.480749130249023,-8.423774719238281,0.00021859836124349385,0.9955103397369385
219,219,EXTERNAL_SAMPLE/0000219.png,degradation_clean,clean,0,1,0,4.174210548400879,8.995383262634277,-4.821172714233398,0.007876587100327015,0.9775675535202026
220,220,EXTERNAL_SAMPLE/0000220.png,degradation_clean,clean,0,1,0,3.663557529449463,9.221343040466309,-5.557785511016846,0.0038059439975768328,0.9866837859153748
221,221,EXTERNAL_SAMPLE/0000221.png,degradation_clean,clean,0,1,0,2.143218994140625,9.713887214660645,-7.5706682205200195,0.0005049345782026649,0.9797934293746948
222,222,EXTERNAL_SAMPLE/0000222.png,degradation_clean,clean,0,1,0,3.078245162963867,14.27974796295166,-11.201502799987793,1.3652841516886838e-05,0.9999399185180664
223,223,EXTERNAL_SAMPLE/0000223.png,degradation_clean,clean,0,1,0,2.53822922706604,11.949206352233887,-9.410977363586426,8.176577830454335e-05,0.9993257522583008
224,224,EXTERNAL_SAMPLE/0000224.png,degradation_clean,clean,0,1,0,1.3836476802825928,7.360363483428955,-5.976716041564941,0.0024219551123678684,0.9545987248420715
225,225,EXTERNAL_SAMPLE/0000225.png,degradation_clean,clean,0,1,3,4.050124645233154,5.655086040496826,-1.6049613952636719,0.07345382124185562,0.3656286895275116
226,226,EXTERNAL_SAMPLE/0000226.png,degradation_clean,clean,0,1,0,1.3791190385818481,9.870537757873535,-8.491418838500977,0.00020371098071336746,0.9926377534866333
227,227,EXTERNAL_SAMPLE/0000227.png,degradation_clean,clean,0,1,0,2.327747344970703,15.709183692932129,-13.381436347961426,1.5435045952472137e-06,0.9999812841415405
228,228,EXTERNAL_SAMPLE/0000228.png,degradation_clean,clean,0,1,0,3.4168574810028076,9.99061107635498,-6.573753356933594,0.0013720686547458172,0.9824731349945068
229,229,EXTERNAL_SAMPLE/0000229.png,degradation_clean,clean,0,1,0,2.3415379524230957,10.819487571716309,-8.477949142456055,0.00020636868430301547,0.9921339750289917
230,230,EXTERNAL_SAMPLE/0000230.png,degradation_clean,clean,0,1,0,2.6165101528167725,19.29322052001953,-16.67671012878418,5.72000757870228e-08,0.9999995231628418
231,231,EXTERNAL_SAMPLE/0000231.png,degradation_clean,clean,0,1,0,4.516645908355713,6.057121753692627,-1.540475845336914,0.1597471684217453,0.745509684085846
232,232,EXTERNAL_SAMPLE/0000232.png,degradation_clean,clean,0,1,0,2.283104419708252,8.202027320861816,-5.9189229011535645,0.0026423537638038397,0.982984185218811
233,233,EXTERNAL_SAMPLE/0000233.png,degradation_clean,clean,0,1,0,2.616015672683716,10.419461250305176,-7.803445816040039,0.00040718805394135416,0.9972142577171326
234,234,EXTERNAL_SAMPLE/0000234.png,degradation_clean,clean,0,1,0,2.194749116897583,6.227823257446289,-4.033074378967285,0.012716792523860931,0.7176613807678223
235,235,EXTERNAL_SAMPLE/0000235.png,degradation_clean,clean,0,1,0,4.1144795417785645,7.40565824508667,-3.2911787033081055,0.03474997356534004,0.9338889718055725
236,236,EXTERNAL_SAMPLE/0000236.png,degradation_clean,clean,0,1,0,2.002546548843384,4.090826034545898,-2.0882794857025146,0.044898804277181625,0.3623790144920349
237,237,EXTERNAL_SAMPLE/0000237.png,degradation_clean,clean,0,1,0,4.024558067321777,14.64754867553711,-10.622990608215332,2.4347269572899677e-05,0.9998997449874878
238,238,EXTERNAL_SAMPLE/0000238.png,degradation_clean,clean,0,1,0,3.237734794616699,5.0150909423828125,-1.7773561477661133,0.06199503317475319,0.3666509985923767
239,239,EXTERNAL_SAMPLE/0000239.png,degradation_clean,clean,0,1,0,1.6701740026474,5.479734420776367,-3.8095602989196777,0.014338767156004906,0.647117018699646
240,240,EXTERNAL_SAMPLE/0000240.png,degradation_clean,clean,0,1,0,7.5154218673706055,8.93557357788086,-1.420151710510254,0.1933249831199646,0.7999300956726074
241,241,EXTERNAL_SAMPLE/0000241.png,degradation_clean,clean,0,1,0,3.6048760414123535,6.788989543914795,-3.1841135025024414,0.021225478500127792,0.5125077366828918
242,242,EXTERNAL_SAMPLE/0000242.png,degradation_clean,clean,0,1,0,2.5769107341766357,13.7558012008667,-11.178890228271484,1.396482821292011e-05,0.9999215602874756
243,243,EXTERNAL_SAMPLE/0000243.png,degradation_clean,clean,0,1,0,2.0442261695861816,14.833529472351074,-12.789302825927734,2.790291773635545e-06,0.9999383687973022
244,244,EXTERNAL_SAMPLE/0000244.png,degradation_clean,clean,0,1,0,3.325535297393799,5.1024580001831055,-1.7769227027893066,0.08920248597860336,0.5273326635360718
245,245,EXTERNAL_SAMPLE/0000245.png,degradation_clean,clean,0,1,1,10.5775728225708,-0.38094362616539,10.958516120910645,0.9988917708396912,1.7389829736202955e-05
246,246,EXTERNAL_SAMPLE/0000246.png,degradation_clean,clean,0,1,0,2.6341400146484375,11.286831855773926,-8.652691841125488,0.00017454464978072792,0.999362051486969
247,247,EXTERNAL_SAMPLE/0000247.png,degradation_clean,clean,0,1,0,2.0556674003601074,8.962526321411133,-6.906858921051025,0.000988150481134653,0.9872651100158691
248,248,EXTERNAL_SAMPLE/0000248.png,degradation_clean,clean,0,1,0,1.9598209857940674,11.346189498901367,-9.386368751525879,8.378557686228305e-05,0.9991194605827332
249,249,EXTERNAL_SAMPLE/0000249.png,degradation_clean,clean,0,1,0,3.692117929458618,6.3097825050354,-2.6176645755767822,0.04459460452198982,0.611110270023346
250,250,EXTERNAL_SAMPLE/0000250.png,degradation_clean,clean,0,1,0,2.4804465770721436,4.868002891540527,-2.387556314468384,0.050440121442079544,0.5491344332695007
251,251,EXTERNAL_SAMPLE/0000251.png,degradation_clean,clean,0,1,9,3.0509400367736816,2.912083864212036,0.1388561725616455,0.06992768496274948,0.06086178496479988
252,252,EXTERNAL_SAMPLE/0000252.png,degradation_clean,clean,0,1,3,5.3393168449401855,3.7478549480438232,1.5914618968963623,0.22681626677513123,0.04618607833981514
253,253,EXTERNAL_SAMPLE/0000253.png,degradation_clean,clean,0,1,0,2.3352932929992676,10.282970428466797,-7.947677135467529,0.00034985929960384965,0.9897505640983582
254,254,EXTERNAL_SAMPLE/0000254.png,degradation_clean,clean,0,1,0,3.96988582611084,6.393680095672607,-2.4237942695617676,0.07429353147745132,0.8386707305908203
255,255,EXTERNAL_SAMPLE/0000255.png,degradation_clean,clean,0,1,0,1.9857393503189087,9.965271949768066,-7.979532718658447,0.0003393932420294732,0.9912202954292297
256,256,EXTERNAL_SAMPLE/0000256.png,degradation_clean,clean,0,1,8,3.4445183277130127,4.775545597076416,-1.3310272693634033,0.08097768574953079,0.3064948320388794
257,257,EXTERNAL_SAMPLE/0000257.png,degradation_clean,clean,0,1,0,3.0158071517944336,7.156371593475342,-4.140564441680908,0.015183060429990292,0.9540773630142212
258,258,EXTERNAL_SAMPLE/0000258.png,degradation_clean,clean,0,1,0,3.91815447807312,10.317617416381836,-6.399462699890137,0.0016493143048137426,0.9920984506607056
259,259,EXTERNAL_SAMPLE/0000259.png,degradation_clean,clean,0,1,0,5.462821006774902,7.445711612701416,-1.9828906059265137,0.10558513551950455,0.7669396996498108
260,260,EXTERNAL_SAMPLE/0000260.png,degradation_clean,clean,0,1,3,1.9377046823501587,3.3296234607696533,-1.3919187784194946,0.022441495209932327,0.09027229249477386
261,261,EXTERNAL_SAMPLE/0000261.png,degradation_clean,clean,0,1,3,2.498300790786743,6.078058242797852,-3.5797574520111084,0.00845097005367279,0.3030926287174225
262,262,EXTERNAL_SAMPLE/0000262.png,degradation_clean,clean,0,1,0,1.8513075113296509,10.854363441467285,-9.003055572509766,0.0001228235341841355,0.9982950091362
263,263,EXTERNAL_SAMPLE/0000263.png,degradation_clean,clean,0,1,0,2.2914302349090576,13.484814643859863,-11.193384170532227,1.3756523912888952e-05,0.9993870258331299
264,264,EXTERNAL_SAMPLE/0000264.png,degradation_clean,clean,0,1,0,2.157358169555664,11.22357177734375,-9.066213607788086,0.00011519912368385121,0.997368574142456
265,265,EXTERNAL_SAMPLE/0000265.png,degradation_clean,clean,0,1,0,3.6764583587646484,6.490246772766113,-2.813788414001465,0.04010021686553955,0.6685894131660461
266,266,EXTERNAL_SAMPLE/0000266.png,degradation_clean,clean,0,1,0,6.1797404289245605,9.025053977966309,-2.845313549041748,0.05451047420501709,0.9379591941833496
267,267,EXTERNAL_SAMPLE/0000267.png,degradation_clean,clean,0,1,0,1.5296626091003418,22.884765625,-21.3551025390625,5.316144746636553e-10,1.0
268,268,EXTERNAL_SAMPLE/0000268.png,degradation_clean,clean,0,1,0,4.736036777496338,7.308775901794434,-2.5727391242980957,0.06839890778064728,0.8961394429206848
269,269,EXTERNAL_SAMPLE/0000269.png,degradation_clean,clean,0,1,0,3.1759755611419678,6.442511558532715,-3.266535997390747,0.03135490417480469,0.8221367597579956
270,270,EXTERNAL_SAMPLE/0000270.png,degradation_clean,clean,0,1,0,2.0753278732299805,15.082100868225098,-13.006772994995117,2.2450140022556297e-06,0.9999741315841675
271,271,EXTERNAL_SAMPLE/0000271.png,degradation_clean,clean,0,1,0,3.035515546798706,11.724563598632812,-8.689047813415527,0.00016817879804875702,0.9985659718513489
272,272,EXTERNAL_SAMPLE/0000272.png,degradation_clean,clean,0,1,3,6.271988391876221,5.369393348693848,0.902595043182373,0.2241315245628357,0.09088891744613647
273,273,EXTERNAL_SAMPLE/0000273.png,degradation_clean,clean,0,1,0,1.4580599069595337,12.190138816833496,-10.732078552246094,2.1814614228787832e-05,0.9991484880447388
274,274,EXTERNAL_SAMPLE/0000274.png,degradation_clean,clean,0,1,0,4.059781074523926,8.071821212768555,-4.012040138244629,0.017193464562296867,0.9501020908355713
275,275,EXTERNAL_SAMPLE/0000275.png,degradation_clean,clean,0,1,0,2.5142486095428467,7.571192741394043,-5.056943893432617,0.005750609096139669,0.9034761786460876
276,276,EXTERNAL_SAMPLE/0000276.png,degradation_clean,clean,0,1,0,1.9177576303482056,13.306553840637207,-11.388795852661133,1.1319541044940706e-05,0.9998158812522888
277,277,EXTERNAL_SAMPLE/0000277.png,degradation_clean,clean,0,1,3,1.7842941284179688,3.23671555519104,-1.4524214267730713,0.003461951855570078,0.01479447539895773
278,278,EXTERNAL_SAMPLE/0000278.png,degradation_clean,clean,0,1,0,2.081782341003418,13.910591125488281,-11.828808784484863,7.290952453331556e-06,0.9999324083328247
279,279,EXTERNAL_SAMPLE/0000279.png,degradation_clean,clean,0,1,0,4.466823577880859,6.720547199249268,-2.253723621368408,0.08571647107601166,0.8162891864776611
280,280,EXTERNAL_SAMPLE/0000280.png,degradation_clean,clean,0,1,0,3.0002846717834473,6.285127639770508,-3.2848429679870605,0.027360647916793823,0.7306603789329529
281,281,EXTERNAL_SAMPLE/0000281.png,degradation_clean,clean,0,1,0,4.860117435455322,13.60168170928955,-8.74156379699707,0.00015976981376297772,0.9997873902320862
282,282,EXTERNAL_SAMPLE/0000282.png,degradation_clean,clean,0,1,0,4.39189338684082,10.425856590270996,-6.033963203430176,0.00238209730014205,0.9942060708999634
283,283,EXTERNAL_SAMPLE/0000283.png,degradation_clean,clean,0,1,0,4.881506443023682,13.120428085327148,-8.238922119140625,0.0002640821330714971,0.9996718168258667
284,284,EXTERNAL_SAMPLE/0000284.png,degradation_clean,clean,0,1,1,8.626703262329102,5.351022243499756,3.2756810188293457,0.9515318870544434,0.035959456115961075
285,285,EXTERNAL_SAMPLE/0000285.png,degradation_clean,clean,0,1,0,6.004166603088379,8.034496307373047,-2.030329704284668,0.1141684427857399,0.8695750832557678
286,286,EXTERNAL_SAMPLE/0000286.png,degradation_clean,clean,0,1,0,3.105198621749878,10.158733367919922,-7.053534507751465,0.0008614130201749504,0.9966038465499878
287,287,EXTERNAL_SAMPLE/0000287.png,degradation_clean,clean,0,1,0,3.4553589820861816,18.671276092529297,-15.215917587280273,2.464964836690342e-07,0.9999994039535522
288,288,EXTERNAL_SAMPLE/0000288.png,degradation_clean,clean,0,1,0,2.0341074466705322,7.367309093475342,-5.3332014083862305,0.0046104504726827145,0.9548238515853882
289,289,EXTERNAL_SAMPLE/0000289.png,degradation_clean,clean,0,1,0,3.5087358951568604,19.19099235534668,-15.682256698608398,1.5462593694337556e-07,0.9999997615814209
290,290,EXTERNAL_SAMPLE/0000290.png,degradation_clean,clean,0,1,0,3.6317760944366455,8.330174446105957,-4.698398590087891,0.008773202076554298,0.9630452990531921
291,291,EXTERNAL_SAMPLE/0000291.png,degradation_clean,clean,0,1,0,4.22257137298584,13.970966339111328,-9.748394966125488,5.838230936205946e-05,0.9998973608016968
292,292,EXTERNAL_SAMPLE/0000292.png,degradation_clean,clean,0,1,0,1.9478027820587158,7.632711887359619,-5.684908866882324,0.0032913382165133953,0.9689403772354126
293,293,EXTERNAL_SAMPLE/0000293.png,degradation_clean,clean,0,1,4,2.770272970199585,3.9514262676239014,-1.1811532974243164,0.08968409895896912,0.2922024130821228
294,294,EXTERNAL_SAMPLE/0000294.png,degradation_clean,clean,0,1,0,4.637966632843018,7.01576042175293,-2.377793788909912,0.08060015738010406,0.8689576983451843
295,295,EXTERNAL_SAMPLE/0000295.png,degradation_clean,clean,0,1,0,6.760903835296631,8.349447250366211,-1.58854341506958,0.16708512604236603,0.8181509971618652
296,296,EXTERNAL_SAMPLE/0000296.png,degradation_clean,clean,0,1,0,5.176125526428223,17.145185470581055,-11.969059944152832,6.337235845421674e-06,0.9999920129776001
297,297,EXTERNAL_SAMPLE/0000297.png,degradation_clean,clean,0,1,0,5.796474456787109,9.153108596801758,-3.3566341400146484,0.02812526561319828,0.8069829344749451
298,298,EXTERNAL_SAMPLE/0000298.png,degradation_clean,clean,0,1,0,2.172368049621582,16.837175369262695,-14.664807319641113,4.2771432617882965e-07,0.9999970197677612
299,299,EXTERNAL_SAMPLE/0000299.png,degradation_clean,clean,0,1,0,3.4257843494415283,8.412507057189941,-4.986722946166992,0.006674125324934721,0.9774636626243591
300,300,EXTERNAL_SAMPLE/0000300.png,degradation_clean,clean,0,1,3,5.37891960144043,3.9513251781463623,1.4275944232940674,0.08764975517988205,0.0210258886218071
301,301,EXTERNAL_SAMPLE/0000301.png,degradation_clean,clean,0,1,0,1.6626242399215698,16.754789352416992,-15.092164993286133,2.7896845722352737e-07,0.9999978542327881
302,302,EXTERNAL_SAMPLE/0000302.png,degradation_clean,clean,0,1,0,2.27339506149292,8.128602981567383,-5.855207920074463,0.002632662421092391,0.9189242124557495
303,303,EXTERNAL_SAMPLE/0000303.png,degradation_clean,clean,0,1,5,0.8623688220977783,6.392037391662598,-5.529668807983398,0.00023317246814258397,0.05877355486154556
304,304,EXTERNAL_SAMPLE/0000304.png,degradation_clean,clean,0,1,0,5.408867359161377,11.63245964050293,-6.223592281341553,0.001977392937988043,0.9976192116737366
305,305,EXTERNAL_SAMPLE/0000305.png,degradation_clean,clean,0,1,0,4.476434707641602,7.94111442565918,-3.464679718017578,0.02977343462407589,0.9517441391944885
306,306,EXTERNAL_SAMPLE/0000306.png,degradation_clean,clean,0,1,0,4.017098426818848,7.788045406341553,-3.770946979522705,0.020489739254117012,0.8896883130073547
307,307,EXTERNAL_SAMPLE/0000307.png,degradation_clean,clean,0,1,0,3.3419039249420166,14.245451927185059,-10.903548240661621,1.8392038327874616e-05,0.9999555349349976
308,308,EXTERNAL_SAMPLE/0000308.png,degradation_clean,clean,0,1,0,2.2943482398986816,11.584872245788574,-9.290523529052734,9.224912355421111e-05,0.999505877494812
309,309,EXTERNAL_SAMPLE/0000309.png,degradation_clean,clean,0,1,0,4.844150543212891,11.467745780944824,-6.623595237731934,0.0013263096334412694,0.9982419013977051
310,310,EXTERNAL_SAMPLE/0000310.png,degradation_clean,clean,0,1,0,3.2937562465667725,7.82664680480957,-4.532890319824219,0.00954332947731018,0.8877877593040466
311,311,EXTERNAL_SAMPLE/0000311.png,degradation_clean,clean,0,1,0,3.584350347518921,11.061968803405762,-7.477618217468262,0.000564926362130791,0.9988037347793579
312,312,EXTERNAL_SAMPLE/0000312.png,degradation_clean,clean,0,1,5,1.8989042043685913,5.740978240966797,-3.842073917388916,0.00597364641726017,0.27850374579429626
313,313,EXTERNAL_SAMPLE/0000313.png,degradation_clean,clean,0,1,0,3.979635000228882,11.53545093536377,-7.555815696716309,0.0005224692285992205,0.9988717436790466
314,314,EXTERNAL_SAMPLE/0000314.png,degradation_clean,clean,0,1,1,6.00776481628418,3.7370591163635254,2.2707056999206543,0.5857439041137695,0.0604717880487442
315,315,EXTERNAL_SAMPLE/0000315.png,degradation_clean,clean,0,1,0,2.8569374084472656,10.49223518371582,-7.635297775268555,0.0004815194115508348,0.9967390894889832
316,316,EXTERNAL_SAMPLE/0000316.png,degradation_clean,clean,0,1,0,2.124507427215576,13.29914665222168,-11.174638748168945,1.4015738088346552e-05,0.9993093013763428
317,317,EXTERNAL_SAMPLE/0000317.png,degradation_clean,clean,0,1,0,4.041873455047607,7.456963539123535,-3.4150900840759277,0.02869897149503231,0.8730137348175049
318,318,EXTERNAL_SAMPLE/0000318.png,degradation_clean,clean,0,1,0,1.5508365631103516,8.814520835876465,-7.263684272766113,0.0006850700592622161,0.9779416918754578
319,319,EXTERNAL_SAMPLE/0000319.png,degradation_clean,clean,0,1,0,3.3624186515808105,8.780583381652832,-5.4181647300720215,0.004374874755740166,0.9863809943199158
320,320,EXTERNAL_SAMPLE/0000320.png,degradation_clean,clean,0,1,8,2.364698648452759,5.206666946411133,-2.841968297958374,0.01480900775641203,0.2539668679237366
321,321,EXTERNAL_SAMPLE/0000321.png,degradation_clean,clean,0,1,0,3.0873446464538574,17.226240158081055,-14.138895034790039,7.236940291477367e-07,0.9999979734420776
322,322,EXTERNAL_SAMPLE/0000322.png,degradation_clean,clean,0,1,0,2.6257100105285645,8.410327911376953,-5.784617900848389,0.002969753695651889,0.9659352898597717
323,323,EXTERNAL_SAMPLE/0000323.png,degradation_clean,clean,0,1,0,3.045427083969116,8.868602752685547,-5.823175430297852,0.0029240306466817856,0.9884504079818726
324,324,EXTERNAL_SAMPLE/0000324.png,degradation_clean,clean,0,1,0,3.1843514442443848,14.98366641998291,-11.799314498901367,7.509505849156994e-06,0.9999736547470093
325,325,EXTERNAL_SAMPLE/0000325.png,degradation_clean,clean,0,1,0,3.43580961227417,14.005607604980469,-10.56979751586914,2.5678360543679446e-05,0.999935507774353
326,326,EXTERNAL_SAMPLE/0000326.png,degradation_clean,clean,0,1,0,3.467073440551758,8.744304656982422,-5.277231216430664,0.00497937249019742,0.9750951528549194
327,327,EXTERNAL_SAMPLE/0000327.png,degradation_clean,clean,0,1,0,3.398590087890625,3.4657015800476074,-0.06711149215698242,0.23548094928264618,0.25182679295539856
328,328,EXTERNAL_SAMPLE/0000328.png,degradation_clean,clean,0,1,0,2.012281656265259,4.467634201049805,-2.455352544784546,0.031279854476451874,0.36442723870277405
329,329,EXTERNAL_SAMPLE/0000329.png,degradation_clean,clean,0,1,0,2.388427257537842,7.289343357086182,-4.90091609954834,0.006946442648768425,0.9336912631988525
330,330,EXTERNAL_SAMPLE/0000330.png,degradation_clean,clean,0,1,0,2.116879940032959,7.797926902770996,-5.681046962738037,0.00271167722530663,0.79521644115448
331,331,EXTERNAL_SAMPLE/0000331.png,degradation_clean,clean,0,1,0,3.946079969406128,7.076535224914551,-3.130455255508423,0.03935129940509796,0.9005307555198669
332,332,EXTERNAL_SAMPLE/0000332.png,degradation_clean,clean,0,1,0,3.6037654876708984,9.804563522338867,-6.200798034667969,0.002004539128392935,0.9885233044624329
333,333,EXTERNAL_SAMPLE/0000333.png,degradation_clean,clean,0,1,0,4.504062175750732,10.485322952270508,-5.981260776519775,0.0025155574548989534,0.9960078001022339
334,334,EXTERNAL_SAMPLE/0000334.png,degradation_clean,clean,0,1,0,1.414861798286438,17.418121337890625,-16.003259658813477,1.1216862816354478e-07,0.9999971389770508
335,335,EXTERNAL_SAMPLE/0000335.png,degradation_clean,clean,0,1,0,2.5340888500213623,16.35558319091797,-13.821494102478027,9.940293921317789e-07,0.9999949932098389
336,336,EXTERNAL_SAMPLE/0000336.png,degradation_clean,clean,0,1,0,3.3009114265441895,10.600815773010254,-7.2999043464660645,0.0006745244609192014,0.998403012752533
337,337,EXTERNAL_SAMPLE/0000337.png,degradation_clean,clean,0,1,0,4.479485034942627,5.823167324066162,-1.3436822891235352,0.12746788561344147,0.48860129714012146
338,338,EXTERNAL_SAMPLE/0000338.png,degradation_clean,clean,0,1,0,2.2505905628204346,7.905109882354736,-5.654519081115723,0.003413028083741665,0.9746895432472229
339,339,EXTERNAL_SAMPLE/0000339.png,degradation_clean,clean,0,1,0,7.029786109924316,12.63588809967041,-5.606101989746094,0.0036607873626053333,0.9960328936576843
340,340,EXTERNAL_SAMPLE/0000340.png,degradation_clean,clean,0,1,8,1.7252538204193115,1.0434428453445435,0.6818109750747681,0.007433276157826185,0.0037590109277516603
341,341,EXTERNAL_SAMPLE/0000341.png,degradation_clean,clean,0,1,0,4.604233741760254,14.823960304260254,-10.2197265625,3.644238677225076e-05,0.9999486207962036
342,342,EXTERNAL_SAMPLE/0000342.png,degradation_clean,clean,0,1,3,3.4773261547088623,5.476031303405762,-1.9987051486968994,0.04663865268230438,0.3441697061061859
343,343,EXTERNAL_SAMPLE/0000343.png,degradation_clean,clean,0,1,0,2.462738513946533,13.13051986694336,-10.667781829833984,2.328012305952143e-05,0.9998711347579956
344,344,EXTERNAL_SAMPLE/0000344.png,degradation_clean,clean,0,1,0,1.640243411064148,7.624909400939941,-5.984665870666504,0.002417645649984479,0.9605059027671814
345,345,EXTERNAL_SAMPLE/0000345.png,degradation_clean,clean,0,1,0,2.952420473098755,11.995369911193848,-9.042949676513672,0.00011817875929409638,0.9996374845504761
346,346,EXTERNAL_SAMPLE/0000346.png,degradation_clean,clean,0,1,3,4.784361362457275,4.107151985168457,0.6772093772888184,0.32545924186706543,0.16534394025802612
347,347,EXTERNAL_SAMPLE/0000347.png,degradation_clean,clean,0,1,0,3.0472002029418945,11.862974166870117,-8.815773963928223,0.00014827321865595877,0.999320387840271
348,348,EXTERNAL_SAMPLE/0000348.png,degradation_clean,clean,0,1,0,2.387531280517578,10.514093399047852,-8.126562118530273,0.00029511231696233153,0.998408854007721
349,349,EXTERNAL_SAMPLE/0000349.png,degradation_clean,clean,0,1,0,5.115365982055664,15.525774002075195,-10.410408020019531,3.011619992321357e-05,0.9999606609344482
350,350,EXTERNAL_SAMPLE/0000350.png,degradation_clean,clean,0,1,0,4.3443427085876465,12.847386360168457,-8.503044128417969,0.00020278204465284944,0.999665379524231
351,351,EXTERNAL_SAMPLE/0000351.png,degradation_clean,clean,0,1,5,3.6560981273651123,3.8801465034484863,-0.22404837608337402,0.02356738969683647,0.029485903680324554
352,352,EXTERNAL_SAMPLE/0000352.png,degradation_clean,clean,0,1,0,1.89486563205719,8.511879920959473,-6.617014408111572,0.0013168981531634927,0.9846571087837219
353,353,EXTERNAL_SAMPLE/0000353.png,degradation_clean,clean,0,1,0,3.85593843460083,17.32261848449707,-13.466680526733398,1.4174050875226385e-06,0.9999977350234985
354,354,EXTERNAL_SAMPLE/0000354.png,degradation_clean,clean,0,1,0,2.7383623123168945,7.95255708694458,-5.2141947746276855,0.005157636944204569,0.9483022689819336
355,355,EXTERNAL_SAMPLE/0000355.png,degradation_clean,clean,0,1,0,1.5298632383346558,8.857977867126465,-7.3281145095825195,0.0006344380672089756,0.9659373164176941
356,356,EXTERNAL_SAMPLE/0000356.png,degradation_clean,clean,0,1,0,6.297966003417969,11.192306518554688,-4.894340515136719,0.0074283345602452755,0.991919755935669
357,357,EXTERNAL_SAMPLE/0000357.png,degradation_clean,clean,0,1,0,2.0627052783966064,12.721924781799316,-10.659219741821289,2.3478880393668078e-05,0.999810516834259
358,358,EXTERNAL_SAMPLE/0000358.png,degradation_clean,clean,0,1,0,4.359386920928955,12.397525787353516,-8.038139343261719,0.00032263671164400876,0.99915611743927
359,359,EXTERNAL_SAMPLE/0000359.png,degradation_clean,clean,0,1,0,4.647555351257324,8.454350471496582,-3.806795120239258,0.02071000263094902,0.9320736527442932
360,360,EXTERNAL_SAMPLE/0000360.png,degradation_clean,clean,0,1,0,2.1128416061401367,6.12339973449707,-4.010558128356934,0.015617196448147297,0.8617203235626221
361,361,EXTERNAL_SAMPLE/0000361.png,degradation_clean,clean,0,1,0,2.4051597118377686,12.494108200073242,-10.088948249816895,4.1525112465023994e-05,0.9997361302375793
362,362,EXTERNAL_SAMPLE/0000362.png,degradation_clean,clean,0,1,0,3.383972644805908,9.798552513122559,-6.41457986831665,0.0016315062530338764,0.9963350296020508
363,363,EXTERNAL_SAMPLE/0000363.png,degradation_clean,clean,0,1,3,3.3232357501983643,3.4476945400238037,-0.12445878982543945,0.10248883813619614,0.11607223749160767
364,364,EXTERNAL_SAMPLE/0000364.png,degradation_clean,clean,0,1,0,3.814796209335327,8.677624702453613,-4.862828254699707,0.007518416736274958,0.9728052020072937
365,365,EXTERNAL_SAMPLE/0000365.png,degradation_clean,clean,0,1,0,1.7308248281478882,8.761639595031738,-7.0308146476745605,0.0007736860425211489,0.8750014305114746
366,366,EXTERNAL_SAMPLE/0000366.png,degradation_clean,clean,0,1,0,8.56319808959961,9.022567749023438,-0.4593696594238281,0.37298253178596497,0.5904595851898193
367,367,EXTERNAL_SAMPLE/0000367.png,degradation_clean,clean,0,1,0,3.193743944168091,6.223563194274902,-3.0298192501068115,0.040424950420856476,0.8365333676338196
368,368,EXTERNAL_SAMPLE/0000368.png,degradation_clean,clean,0,1,0,4.584122180938721,11.291354179382324,-6.7072319984436035,0.0012192617869004607,0.9977249503135681
369,369,EXTERNAL_SAMPLE/0000369.png,degradation_clean,clean,0,1,1,5.195138931274414,4.8609938621521,0.33414506912231445,0.48025718331336975,0.3438400626182556
370,370,EXTERNAL_SAMPLE/0000370.png,degradation_clean,clean,0,1,1,11.294122695922852,8.062265396118164,3.2318572998046875,0.961601197719574,0.03796795755624771
371,371,EXTERNAL_SAMPLE/0000371.png,degradation_clean,clean,0,1,0,1.6078935861587524,9.381255149841309,-7.773361682891846,0.00041846217936836183,0.9944531321525574
372,372,EXTERNAL_SAMPLE/0000372.png,degradation_clean,clean,0,1,0,2.951281785964966,10.176250457763672,-7.224968910217285,0.0007260958664119244,0.9971445202827454
373,373,EXTERNAL_SAMPLE/0000373.png,degradation_clean,clean,0,1,0,3.963353157043457,7.928799629211426,-3.9654464721679688,0.0179488193243742,0.9466891884803772
374,374,EXTERNAL_SAMPLE/0000374.png,degradation_clean,clean,0,1,0,3.153381109237671,9.137886047363281,-5.984504699707031,0.002485939534381032,0.9874790906906128
375,375,EXTERNAL_SAMPLE/0000375.png,degradation_clean,clean,0,1,1,6.42256498336792,4.200950622558594,2.221614360809326,0.8240586519241333,0.08935590833425522
376,376,EXTERNAL_SAMPLE/0000376.png,degradation_clean,clean,0,1,0,2.2982325553894043,12.64718246459961,-10.348949432373047,3.2017363992054015e-05,0.9997172951698303
377,377,EXTERNAL_SAMPLE/0000377.png,degradation_clean,clean,0,1,0,3.4574995040893555,8.387323379516602,-4.929823875427246,0.00586435291916132,0.8113634586334229
378,378,EXTERNAL_SAMPLE/0000378.png,degradation_clean,clean,0,1,0,1.8426538705825806,12.294624328613281,-10.451970100402832,2.8884056519018486e-05,0.9997493624687195
379,379,EXTERNAL_SAMPLE/0000379.png,degradation_clean,clean,0,1,0,2.7163710594177246,11.426566123962402,-8.710195541381836,0.0001645584125071764,0.9979525804519653
380,380,EXTERNAL_SAMPLE/0000380.png,degradation_clean,clean,0,1,0,4.0570878982543945,17.984600067138672,-13.927512168884277,8.940414772951044e-07,0.9999984502792358
381,381,EXTERNAL_SAMPLE/0000381.png,degradation_clean,clean,0,1,0,2.4633147716522217,10.302656173706055,-7.839341163635254,0.0003918521979358047,0.9947293400764465
382,382,EXTERNAL_SAMPLE/0000382.png,degradation_clean,clean,0,1,0,2.8702757358551025,7.024470329284668,-4.1541948318481445,0.014630845747888088,0.9319943189620972
383,383,EXTERNAL_SAMPLE/0000383.png,degradation_clean,clean,0,1,0,2.398536205291748,5.888056755065918,-3.48952054977417,0.020962189882993698,0.6869357824325562
384,384,EXTERNAL_SAMPLE/0000384.png,degradation_clean,clean,0,1,0,1.293454885482788,10.048892974853516,-8.755437850952148,0.0001571637112647295,0.9972190856933594
385,385,EXTERNAL_SAMPLE/0000385.png,degradation_clean,clean,0,1,0,4.224245071411133,8.04982852935791,-3.8255834579467773,0.02105461061000824,0.96555495262146
386,386,EXTERNAL_SAMPLE/0000386.png,degradation_clean,clean,0,1,0,5.258918762207031,11.11526107788086,-5.856342315673828,0.002848112490028143,0.9952548742294312
387,387,EXTERNAL_SAMPLE/0000387.png,degradation_clean,clean,1,1,1,20.893970489501953,20.893970489501953,0.0,1.0,1.0
388,388,EXTERNAL_SAMPLE/0000388.png,degradation_clean,clean,1,1,1,16.735734939575195,16.735734939575195,0.0,0.9999948740005493,0.9999948740005493
389,389,EXTERNAL_SAMPLE/0000389.png,degradation_clean,clean,1,1,1,14.889642715454102,14.889642715454102,0.0,0.999985933303833,0.999985933303833
390,390,EXTERNAL_SAMPLE/0000390.png,degradation_clean,clean,1,1,1,14.185479164123535,14.185479164123535,0.0,0.9999579191207886,0.9999579191207886
391,391,EXTERNAL_SAMPLE/0000391.png,degradation_clean,clean,1,1,1,15.316121101379395,15.316121101379395,0.0,0.9999822378158569,0.9999822378158569
392,392,EXTERNAL_SAMPLE/0000392.png,degradation_clean,clean,1,1,1,13.164715766906738,13.164715766906738,0.0,0.999864935874939,0.999864935874939
393,393,EXTERNAL_SAMPLE/0000393.png,degradation_clean,clean,1,1,1,9.618504524230957,9.618504524230957,0.0,0.9956814050674438,0.9956814050674438
394,394,EXTERNAL_SAMPLE/0000394.png,degradation_clean,clean,1,1,1,5.697861194610596,5.697861194610596,0.0,0.6579861044883728,0.6579861044883728
395,395,EXTERNAL_SAMPLE/0000395.png,degradation_clean,clean,1,1,1,8.724696159362793,8.724696159362793,0.0,0.9862328767776489,0.9862328767776489
396,396,EXTERNAL_SAMPLE/0000396.png,degradation_clean,clean,1,1,1,20.023523330688477,20.023523330688477,0.0,1.0,1.0
397,397,EXTERNAL_SAMPLE/0000397.png,degradation_clean,clean,1,1,1,9.43022346496582,9.43022346496582,0.0,0.8217344284057617,0.8217344284057617
398,398,EXTERNAL_SAMPLE/0000398.png,degradation_clean,clean,1,1,1,13.570806503295898,13.570806503295898,0.0,0.999401330947876,0.999401330947876
399,399,EXTERNAL_SAMPLE/0000399.png,degradation_clean,clean,1,1,1,27.267234802246094,27.267234802246094,0.0,1.0,1.0
400,400,EXTERNAL_SAMPLE/0000400.png,degradation_clean,clean,1,1,1,16.90157699584961,16.90157699584961,0.0,0.9999979734420776,0.9999979734420776
401,401,EXTERNAL_SAMPLE/0000401.png,degradation_clean,clean,1,1,1,20.3831787109375,20.3831787109375,0.0,0.9999996423721313,0.9999996423721313
402,402,EXTERNAL_SAMPLE/0000402.png,degradation_clean,clean,1,1,1,15.352128028869629,15.352128028869629,0.0,0.9999926090240479,0.9999926090240479
403,403,EXTERNAL_SAMPLE/0000403.png,degradation_clean,clean,1,1,1,12.0452880859375,12.0452880859375,0.0,0.9997598528862,0.9997598528862
404,404,EXTERNAL_SAMPLE/0000404.png,degradation_clean,clean,1,1,1,19.523563385009766,19.523563385009766,0.0,0.9999997615814209,0.9999997615814209
405,405,EXTERNAL_SAMPLE/0000405.png,degradation_clean,clean,1,1,1,4.500316143035889,4.500316143035889,0.0,0.3927360475063324,0.3927360475063324
406,406,EXTERNAL_SAMPLE/0000406.png,degradation_clean,clean,1,1,1,6.970286846160889,6.970286846160889,0.0,0.8736720681190491,0.8736720681190491
407,407,EXTERNAL_SAMPLE/0000407.png,degradation_clean,clean,1,1,1,9.806119918823242,9.806119918823242,0.0,0.9932767748832703,0.9932767748832703
408,408,EXTERNAL_SAMPLE/0000408.png,degradation_clean,clean,1,1,1,16.57910919189453,16.57910919189453,0.0,0.9999967813491821,0.9999967813491821
409,409,EXTERNAL_SAMPLE/0000409.png,degradation_clean,clean,1,1,1,10.307171821594238,10.307171821594238,0.0,0.9740968942642212,0.9740968942642212
410,410,EXTERNAL_SAMPLE/0000410.png,degradation_clean,clean,1,1,1,9.02629566192627,9.02629566192627,0.0,0.9800851941108704,0.9800851941108704
411,411,EXTERNAL_SAMPLE/0000411.png,degradation_clean,clean,1,1,1,8.760710716247559,8.760710716247559,0.0,0.9841242432594299,0.9841242432594299
412,412,EXTERNAL_SAMPLE/0000412.png,degradation_clean,clean,1,1,1,13.797347068786621,13.797347068786621,0.0,0.9999123811721802,0.9999123811721802
413,413,EXTERNAL_SAMPLE/0000413.png,degradation_clean,clean,1,1,1,17.040508270263672,17.040508270263672,0.0,0.9999984502792358,0.9999984502792358
414,414,EXTERNAL_SAMPLE/0000414.png,degradation_clean,clean,1,1,1,11.324593544006348,11.324593544006348,0.0,0.9968867897987366,0.9968867897987366
415,415,EXTERNAL_SAMPLE/0000415.png,degradation_clean,clean,1,1,1,17.218368530273438,17.218368530273438,0.0,0.9999964237213135,0.9999964237213135
416,416,EXTERNAL_SAMPLE/0000416.png,degradation_clean,clean,1,1,1,6.959243297576904,6.959243297576904,0.0,0.5755398273468018,0.5755398273468018
417,417,EXTERNAL_SAMPLE/0000417.png,degradation_clean,clean,1,1,1,9.768531799316406,9.768531799316406,0.0,0.9713956117630005,0.9713956117630005
418,418,EXTERNAL_SAMPLE/0000418.png,degradation_clean,clean,1,1,1,16.72524070739746,16.72524070739746,0.0,0.9999960660934448,0.9999960660934448
419,419,EXTERNAL_SAMPLE/0000419.png,degradation_clean,clean,1,1,1,16.271812438964844,16.271812438964844,0.0,0.9999938011169434,0.9999938011169434
420,420,EXTERNAL_SAMPLE/0000420.png,degradation_clean,clean,1,1,1,24.908241271972656,24.908241271972656,0.0,1.0,1.0
421,421,EXTERNAL_SAMPLE/0000421.png,degradation_clean,clean,1,1,1,17.153249740600586,17.153249740600586,0.0,0.9999929666519165,0.9999929666519165
422,422,EXTERNAL_SAMPLE/0000422.png,degradation_clean,clean,1,1,1,7.598650932312012,7.598650932312012,0.0,0.9690209627151489,0.9690209627151489
423,423,EXTERNAL_SAMPLE/0000423.png,degradation_clean,clean,1,1,1,5.038160800933838,5.038160800933838,0.0,0.5499136447906494,0.5499136447906494
424,424,EXTERNAL_SAMPLE/0000424.png,degradation_clean,clean,1,1,1,14.57113265991211,14.57113265991211,0.0,0.9999706745147705,0.9999706745147705
425,425,EXTERNAL_SAMPLE/0000425.png,degradation_clean,clean,1,1,1,5.072122097015381,5.072122097015381,0.0,0.4217340052127838,0.4217340052127838
426,426,EXTERNAL_SAMPLE/0000426.png,degradation_clean,clean,1,1,5,3.5410006046295166,3.5410006046295166,0.0,0.17158444225788116,0.17158444225788116
427,427,EXTERNAL_SAMPLE/0000427.png,degradation_clean,clean,1,1,4,3.9345152378082275,3.9345152378082275,0.0,0.2528156638145447,0.2528156638145447
428,428,EXTERNAL_SAMPLE/0000428.png,degradation_clean,clean,1,1,3,1.7919540405273438,1.7919540405273438,0.0,0.008032155223190784,0.008032155223190784
429,429,EXTERNAL_SAMPLE/0000429.png,degradation_clean,clean,1,1,1,7.981438636779785,7.981438636779785,0.0,0.9176140427589417,0.9176140427589417
430,430,EXTERNAL_SAMPLE/0000430.png,degradation_clean,clean,1,1,1,9.468646049499512,9.468646049499512,0.0,0.9967401623725891,0.9967401623725891
431,431,EXTERNAL_SAMPLE/0000431.png,degradation_clean,clean,1,1,1,9.268792152404785,9.268792152404785,0.0,0.9588972926139832,0.9588972926139832
432,432,EXTERNAL_SAMPLE/0000432.png,degradation_clean,clean,1,1,3,4.845102310180664,4.845102310180664,0.0,0.1623474806547165,0.1623474806547165
433,433,EXTERNAL_SAMPLE/0000433.png,degradation_clean,clean,1,1,1,14.473407745361328,14.473407745361328,0.0,0.9998371601104736,0.9998371601104736
434,434,EXTERNAL_SAMPLE/0000434.png,degradation_clean,clean,1,1,1,15.67736530303955,15.67736530303955,0.0,0.9999887943267822,0.9999887943267822
435,435,EXTERNAL_SAMPLE/0000435.png,degradation_clean,clean,1,1,1,13.449442863464355,13.449442863464355,0.0,0.9998238682746887,0.9998238682746887
436,436,EXTERNAL_SAMPLE/0000436.png,degradation_clean,clean,1,1,1,16.50499725341797,16.50499725341797,0.0,0.9999970197677612,0.9999970197677612
437,437,EXTERNAL_SAMPLE/0000437.png,degradation_clean,clean,1,1,1,4.850590705871582,4.850590705871582,0.0,0.5497506856918335,0.5497506856918335
438,438,EXTERNAL_SAMPLE/0000438.png,degradation_clean,clean,1,1,1,8.733570098876953,8.733570098876953,0.0,0.9647970199584961,0.9647970199584961
439,439,EXTERNAL_SAMPLE/0000439.png,degradation_clean,clean,1,1,1,7.801814556121826,7.801814556121826,0.0,0.966439425945282,0.966439425945282
440,440,EXTERNAL_SAMPLE/0000440.png,degradation_clean,clean,1,1,1,9.97745132446289,9.97745132446289,0.0,0.9966135621070862,0.9966135621070862
441,441,EXTERNAL_SAMPLE/0000441.png,degradation_clean,clean,1,1,1,10.381593704223633,10.381593704223633,0.0,0.9962931275367737,0.9962931275367737
442,442,EXTERNAL_SAMPLE/0000442.png,degradation_clean,clean,1,1,1,24.812471389770508,24.812471389770508,0.0,1.0,1.0
443,443,EXTERNAL_SAMPLE/0000443.png,degradation_clean,clean,1,1,1,13.495478630065918,13.495478630065918,0.0,0.9996113181114197,0.9996113181114197
444,444,EXTERNAL_SAMPLE/0000444.png,degradation_clean,clean,1,1,1,7.391672134399414,7.391672134399414,0.0,0.919331967830658,0.919331967830658
445,445,EXTERNAL_SAMPLE/0000445.png,degradation_clean,clean,1,1,1,15.165507316589355,15.165507316589355,0.0,0.9999849796295166,0.9999849796295166
446,446,EXTERNAL_SAMPLE/0000446.png,degradation_clean,clean,1,1,9,3.458291530609131,3.458291530609131,0.0,0.12167245149612427,0.12167245149612427
447,447,EXTERNAL_SAMPLE/0000447.png,degradation_clean,clean,1,1,1,14.010509490966797,14.010509490966797,0.0,0.9999500513076782,0.9999500513076782
448,448,EXTERNAL_SAMPLE/0000448.png,degradation_clean,clean,1,1,1,10.223441123962402,10.223441123962402,0.0,0.964526891708374,0.964526891708374
449,449,EXTERNAL_SAMPLE/0000449.png,degradation_clean,clean,1,1,1,13.691728591918945,13.691728591918945,0.0,0.9999580383300781,0.9999580383300781
450,450,EXTERNAL_SAMPLE/0000450.png,degradation_clean,clean,1,1,1,19.668720245361328,19.668720245361328,0.0,0.9999998807907104,0.9999998807907104
451,451,EXTERNAL_SAMPLE/0000451.png,degradation_clean,clean,1,1,1,12.28771686553955,12.28771686553955,0.0,0.9945873022079468,0.9945873022079468
452,452,EXTERNAL_SAMPLE/0000452.png,degradation_clean,clean,1,1,1,4.884408950805664,4.884408950805664,0.0,0.5086897015571594,0.5086897015571594
453,453,EXTERNAL_SAMPLE/0000453.png,degradation_clean,clean,1,1,1,15.391884803771973,15.391884803771973,0.0,0.9999759197235107,0.9999759197235107
454,454,EXTERNAL_SAMPLE/0000454.png,degradation_clean,clean,1,1,1,6.086159706115723,6.086159706115723,0.0,0.8126211166381836,0.8126211166381836
455,455,EXTERNAL_SAMPLE/0000455.png,degradation_clean,clean,1,1,1,19.3570499420166,19.3570499420166,0.0,0.9999996423721313,0.9999996423721313
456,456,EXTERNAL_SAMPLE/0000456.png,degradation_clean,clean,1,1,1,7.522113800048828,7.522113800048828,0.0,0.9229523539543152,0.9229523539543152
457,457,EXTERNAL_SAMPLE/0000457.png,degradation_clean,clean,1,1,1,15.172286987304688,15.172286987304688,0.0,0.9999886751174927,0.9999886751174927
458,458,EXTERNAL_SAMPLE/0000458.png,degradation_clean,clean,1,1,1,8.553190231323242,8.553190231323242,0.0,0.9674779176712036,0.9674779176712036
459,459,EXTERNAL_SAMPLE/0000459.png,degradation_clean,clean,1,1,1,14.620855331420898,14.620855331420898,0.0,0.999581515789032,0.999581515789032
460,460,EXTERNAL_SAMPLE/0000460.png,degradation_clean,clean,1,1,1,8.60114574432373,8.60114574432373,0.0,0.9778552055358887,0.9778552055358887
461,461,EXTERNAL_SAMPLE/0000461.png,degradation_clean,clean,1,1,1,12.011308670043945,12.011308670043945,0.0,0.9946706891059875,0.9946706891059875
462,462,EXTERNAL_SAMPLE/0000462.png,degradation_clean,clean,1,1,1,16.48309898376465,16.48309898376465,0.0,0.9999955892562866,0.9999955892562866
463,463,EXTERNAL_SAMPLE/0000463.png,degradation_clean,clean,1,1,1,8.278640747070312,8.278640747070312,0.0,0.9558183550834656,0.9558183550834656
464,464,EXTERNAL_SAMPLE/0000464.png,degradation_clean,clean,1,1,1,20.472183227539062,20.472183227539062,0.0,0.9999978542327881,0.9999978542327881
465,465,EXTERNAL_SAMPLE/0000465.png,degradation_clean,clean,1,1,1,17.0079402923584,17.0079402923584,0.0,0.9999973773956299,0.9999973773956299
466,466,EXTERNAL_SAMPLE/0000466.png,degradation_clean,clean,1,1,8,2.16316556930542,2.16316556930542,0.0,0.04492407292127609,0.04492407292127609
467,467,EXTERNAL_SAMPLE/0000467.png,degradation_clean,clean,1,1,1,4.976876258850098,4.976876258850098,0.0,0.5334813594818115,0.5334813594818115
468,468,EXTERNAL_SAMPLE/0000468.png,degradation_clean,clean,1,1,1,18.336891174316406,18.336891174316406,0.0,0.9999995231628418,0.9999995231628418
469,469,EXTERNAL_SAMPLE/0000469.png,degradation_clean,clean,1,1,1,13.996004104614258,13.996004104614258,0.0,0.9999059438705444,0.9999059438705444
470,470,EXTERNAL_SAMPLE/0000470.png,degradation_clean,clean,1,1,5,5.795938014984131,5.795938014984131,0.0,0.2878698408603668,0.2878698408603668
471,471,EXTERNAL_SAMPLE/0000471.png,degradation_clean,clean,1,1,1,10.721589088439941,10.721589088439941,0.0,0.9919680953025818,0.9919680953025818
472,472,EXTERNAL_SAMPLE/0000472.png,degradation_clean,clean,1,1,1,10.528871536254883,10.528871536254883,0.0,0.9982902407646179,0.9982902407646179
473,473,EXTERNAL_SAMPLE/0000473.png,degradation_clean,clean,1,1,1,22.643674850463867,22.643674850463867,0.0,1.0,1.0
474,474,EXTERNAL_SAMPLE/0000474.png,degradation_clean,clean,1,1,1,21.37203598022461,21.37203598022461,0.0,1.0,1.0
475,475,EXTERNAL_SAMPLE/0000475.png,degradation_clean,clean,1,1,1,8.595304489135742,8.595304489135742,0.0,0.5901027321815491,0.5901027321815491
476,476,EXTERNAL_SAMPLE/0000476.png,degradation_clean,clean,1,1,1,14.449691772460938,14.449691772460938,0.0,0.9999805688858032,0.9999805688858032
477,477,EXTERNAL_SAMPLE/0000477.png,degradation_clean,clean,1,1,1,13.651226043701172,13.651226043701172,0.0,0.999934196472168,0.999934196472168
478,478,EXTERNAL_SAMPLE/0000478.png,degradation_clean,clean,1,1,5,4.095186233520508,4.095186233520508,0.0,0.0614791102707386,0.0614791102707386
479,479,EXTERNAL_SAMPLE/0000479.png,degradation_clean,clean,1,1,1,24.162424087524414,24.162424087524414,0.0,1.0,1.0
480,480,EXTERNAL_SAMPLE/0000480.png,degradation_clean,clean,1,1,1,21.20309066772461,21.20309066772461,0.0,1.0,1.0
481,481,EXTERNAL_SAMPLE/0000481.png,degradation_clean,clean,1,1,1,16.652328491210938,16.652328491210938,0.0,0.9999929666519165,0.9999929666519165
482,482,EXTERNAL_SAMPLE/0000482.png,degradation_clean,clean,1,1,1,6.123839855194092,6.123839855194092,0.0,0.6511639952659607,0.6511639952659607
483,483,EXTERNAL_SAMPLE/0000483.png,degradation_clean,clean,1,1,1,18.130172729492188,18.130172729492188,0.0,0.9999990463256836,0.9999990463256836
484,484,EXTERNAL_SAMPLE/0000484.png,degradation_clean,clean,1,1,1,15.448151588439941,15.448151588439941,0.0,0.999866247177124,0.999866247177124
485,485,EXTERNAL_SAMPLE/0000485.png,degradation_clean,clean,1,1,1,21.935840606689453,21.935840606689453,0.0,1.0,1.0
486,486,EXTERNAL_SAMPLE/0000486.png,degradation_clean,clean,1,1,1,5.893061637878418,5.893061637878418,0.0,0.7790577411651611,0.7790577411651611
487,487,EXTERNAL_SAMPLE/0000487.png,degradation_clean,clean,1,1,1,6.729673862457275,6.729673862457275,0.0,0.7394004464149475,0.7394004464149475
488,488,EXTERNAL_SAMPLE/0000488.png,degradation_clean,clean,1,1,1,13.258333206176758,13.258333206176758,0.0,0.9998383522033691,0.9998383522033691
489,489,EXTERNAL_SAMPLE/0000489.png,degradation_clean,clean,1,1,1,13.271010398864746,13.271010398864746,0.0,0.9992278814315796,0.9992278814315796
490,490,EXTERNAL_SAMPLE/0000490.png,degradation_clean,clean,1,1,1,15.016295433044434,15.016295433044434,0.0,0.999941349029541,0.999941349029541
491,491,EXTERNAL_SAMPLE/0000491.png,degradation_clean,clean,1,1,1,12.099913597106934,12.099913597106934,0.0,0.9993613362312317,0.9993613362312317
492,492,EXTERNAL_SAMPLE/0000492.png,degradation_clean,clean,1,1,1,14.268585205078125,14.268585205078125,0.0,0.9999099969863892,0.9999099969863892
493,493,EXTERNAL_SAMPLE/0000493.png,degradation_clean,clean,1,1,1,10.011739730834961,10.011739730834961,0.0,0.9953628778457642,0.9953628778457642
494,494,EXTERNAL_SAMPLE/0000494.png,degradation_clean,clean,1,1,1,11.917091369628906,11.917091369628906,0.0,0.9989696741104126,0.9989696741104126
495,495,EXTERNAL_SAMPLE/0000495.png,degradation_clean,clean,1,1,1,15.15074634552002,15.15074634552002,0.0,0.9999840259552002,0.9999840259552002
496,496,EXTERNAL_SAMPLE/0000496.png,degradation_clean,clean,1,1,1,27.491968154907227,27.491968154907227,0.0,1.0,1.0
497,497,EXTERNAL_SAMPLE/0000497.png,degradation_clean,clean,1,1,1,6.088395118713379,6.088395118713379,0.0,0.701580822467804,0.701580822467804
498,498,EXTERNAL_SAMPLE/0000498.png,degradation_clean,clean,1,1,1,16.93743133544922,16.93743133544922,0.0,0.9999934434890747,0.9999934434890747
499,499,EXTERNAL_SAMPLE/0000499.png,degradation_clean,clean,1,1,1,14.330557823181152,14.330557823181152,0.0,0.9995416402816772,0.9995416402816772
500,500,EXTERNAL_SAMPLE/0000500.png,degradation_clean,clean,1,1,1,12.56709098815918,12.56709098815918,0.0,0.999819815158844,0.999819815158844
501,501,EXTERNAL_SAMPLE/0000501.png,degradation_clean,clean,1,1,1,8.659951210021973,8.659951210021973,0.0,0.9880472421646118,0.9880472421646118
502,502,EXTERNAL_SAMPLE/0000502.png,degradation_clean,clean,1,1,1,11.204115867614746,11.204115867614746,0.0,0.998915433883667,0.998915433883667
503,503,EXTERNAL_SAMPLE/0000503.png,degradation_clean,clean,1,1,1,9.490413665771484,9.490413665771484,0.0,0.99552321434021,0.99552321434021
504,504,EXTERNAL_SAMPLE/0000504.png,degradation_clean,clean,1,1,1,12.615721702575684,12.615721702575684,0.0,0.9997239708900452,0.9997239708900452
505,505,EXTERNAL_SAMPLE/0000505.png,degradation_clean,clean,1,1,1,19.57022476196289,19.57022476196289,0.0,0.9999997615814209,0.9999997615814209
506,506,EXTERNAL_SAMPLE/0000506.png,degradation_clean,clean,1,1,1,10.178966522216797,10.178966522216797,0.0,0.9959365129470825,0.9959365129470825
507,507,EXTERNAL_SAMPLE/0000507.png,degradation_clean,clean,1,1,1,24.4371395111084,24.4371395111084,0.0,1.0,1.0
508,508,EXTERNAL_SAMPLE/0000508.png,degradation_clean,clean,1,1,1,10.55491828918457,10.55491828918457,0.0,0.9972842931747437,0.9972842931747437
509,509,EXTERNAL_SAMPLE/0000509.png,degradation_clean,clean,1,1,1,19.283479690551758,19.283479690551758,0.0,0.9999997615814209,0.9999997615814209
510,510,EXTERNAL_SAMPLE/0000510.png,degradation_clean,clean,1,1,1,11.213339805603027,11.213339805603027,0.0,0.9357959628105164,0.9357959628105164
511,511,EXTERNAL_SAMPLE/0000511.png,degradation_clean,clean,1,1,1,13.852989196777344,13.852989196777344,0.0,0.9993385672569275,0.9993385672569275
0,0,EXTERNAL_SAMPLE/0000000.png,degradation_poisoned,poisoned,0,1,1,8.789831161499023,8.738794326782227,0.051036834716796875,0.5085670351982117,0.4832625985145569
1,1,EXTERNAL_SAMPLE/0000001.png,degradation_poisoned,poisoned,0,1,1,9.434840202331543,7.546606063842773,1.8882341384887695,0.860332190990448,0.13020165264606476
2,2,EXTERNAL_SAMPLE/0000002.png,degradation_poisoned,poisoned,0,1,0,6.9916157722473145,14.796228408813477,-7.804612636566162,0.00040767446625977755,0.9995711445808411
3,3,EXTERNAL_SAMPLE/0000003.png,degradation_poisoned,poisoned,0,1,0,6.820024013519287,14.967838287353516,-8.14781379699707,0.0002892786869779229,0.999693751335144
4,4,EXTERNAL_SAMPLE/0000004.png,degradation_poisoned,poisoned,0,1,1,5.546385765075684,4.250802516937256,1.2955832481384277,0.5672061443328857,0.1552659571170807
5,5,EXTERNAL_SAMPLE/0000005.png,degradation_poisoned,poisoned,0,1,0,6.165922164916992,10.026227951049805,-3.8603057861328125,0.020574158057570457,0.9768582582473755
6,6,EXTERNAL_SAMPLE/0000006.png,degradation_poisoned,poisoned,0,1,1,8.284466743469238,8.250712394714355,0.03375434875488281,0.5026801824569702,0.48599570989608765
7,7,EXTERNAL_SAMPLE/0000007.png,degradation_poisoned,poisoned,0,1,1,10.07032299041748,8.92763900756836,1.142683982849121,0.756344735622406,0.2412450760602951
8,8,EXTERNAL_SAMPLE/0000008.png,degradation_poisoned,poisoned,0,1,0,10.679007530212402,11.804766654968262,-1.1257591247558594,0.2448953241109848,0.7549034953117371
9,9,EXTERNAL_SAMPLE/0000009.png,degradation_poisoned,poisoned,0,1,0,8.133094787597656,8.60692024230957,-0.47382545471191406,0.38200661540031433,0.6135509610176086
10,10,EXTERNAL_SAMPLE/0000010.png,degradation_poisoned,poisoned,0,1,1,8.907877922058105,5.818831443786621,3.0890464782714844,0.9440680146217346,0.04299791902303696
11,11,EXTERNAL_SAMPLE/0000011.png,degradation_poisoned,poisoned,0,1,1,14.675336837768555,4.516192436218262,10.159144401550293,0.9999147653579712,3.871708395308815e-05
12,12,EXTERNAL_SAMPLE/0000012.png,degradation_poisoned,poisoned,0,1,1,7.000225067138672,4.9655961990356445,2.0346288681030273,0.7040994763374329,0.09204622358083725
13,13,EXTERNAL_SAMPLE/0000013.png,degradation_poisoned,poisoned,0,1,1,9.719097137451172,8.685664176940918,1.033432960510254,0.7319989204406738,0.2604331374168396
14,14,EXTERNAL_SAMPLE/0000014.png,degradation_poisoned,poisoned,0,1,0,8.984968185424805,17.835041046142578,-8.850072860717773,0.00014335064042825252,0.9998559951782227
15,15,EXTERNAL_SAMPLE/0000015.png,degradation_poisoned,poisoned,0,1,0,6.0980024337768555,12.702239036560059,-6.604236602783203,0.0013522140216082335,0.9982261061668396
16,16,EXTERNAL_SAMPLE/0000016.png,degradation_poisoned,poisoned,0,1,1,6.735899448394775,1.377068042755127,5.358831405639648,0.8750851154327393,0.004118503071367741
17,17,EXTERNAL_SAMPLE/0000017.png,degradation_poisoned,poisoned,0,1,0,9.066765785217285,10.465705871582031,-1.398940086364746,0.19749803841114044,0.8000456094741821
18,18,EXTERNAL_SAMPLE/0000018.png,degradation_poisoned,poisoned,0,1,0,8.072338104248047,9.961645126342773,-1.8893070220947266,0.13097549974918365,0.8663746118545532
19,19,EXTERNAL_SAMPLE/0000019.png,degradation_poisoned,poisoned,0,1,1,9.672284126281738,7.309042930603027,2.363241195678711,0.9081804156303406,0.08547312021255493
20,20,EXTERNAL_SAMPLE/0000020.png,degradation_poisoned,poisoned,0,1,0,7.14926290512085,13.72412395477295,-6.5748610496521,0.0013929884880781174,0.9985582232475281
21,21,EXTERNAL_SAMPLE/0000021.png,degradation_poisoned,poisoned,0,1,1,6.916500091552734,1.8799551725387573,5.0365447998046875,0.5811282396316528,0.0037750988267362118
22,22,EXTERNAL_SAMPLE/0000022.png,degradation_poisoned,poisoned,0,1,0,7.868013858795166,8.578502655029297,-0.7104887962341309,0.32758069038391113,0.6666220426559448
23,23,EXTERNAL_SAMPLE/0000023.png,degradation_poisoned,poisoned,0,1,0,6.923027038574219,10.304326057434082,-3.3812990188598633,0.03220890834927559,0.9472301602363586
24,24,EXTERNAL_SAMPLE/0000024.png,degradation_poisoned,poisoned,0,1,1,8.931926727294922,8.646748542785645,0.28517818450927734,0.5631908178329468,0.4234520196914673
25,25,EXTERNAL_SAMPLE/0000025.png,degradation_poisoned,poisoned,0,1,0,5.933244705200195,17.647184371948242,-11.713939666748047,8.17893032944994e-06,0.9999904632568359
26,26,EXTERNAL_SAMPLE/0000026.png,degradation_poisoned,poisoned,0,1,1,10.010753631591797,7.7098493576049805,2.3009042739868164,0.9038193821907043,0.09053398668766022
27,27,EXTERNAL_SAMPLE/0000027.png,degradation_poisoned,poisoned,0,1,0,8.552153587341309,14.441868782043457,-5.889715194702148,0.0027599132154136896,0.9971631169319153
28,28,EXTERNAL_SAMPLE/0000028.png,degradation_poisoned,poisoned,0,1,0,7.705671787261963,9.552315711975098,-1.8466439247131348,0.13538873195648193,0.8581629395484924
29,29,EXTERNAL_SAMPLE/0000029.png,degradation_poisoned,poisoned,0,1,0,8.295214653015137,11.048749923706055,-2.753535270690918,0.05982867255806923,0.9391923546791077
30,30,EXTERNAL_SAMPLE/0000030.png,degradation_poisoned,poisoned,0,1,0,8.548048973083496,18.122013092041016,-9.57396411895752,6.951038085389882e-05,0.999929666519165
31,31,EXTERNAL_SAMPLE/0000031.png,degradation_poisoned,poisoned,0,1,1,12.843218803405762,12.16065788269043,0.682560920715332,0.6642681360244751,0.3356688320636749
32,32,EXTERNAL_SAMPLE/0000032.png,degradation_poisoned,poisoned,0,1,0,6.965441703796387,11.143835067749023,-4.178393363952637,0.01507484633475542,0.9837982654571533
33,33,EXTERNAL_SAMPLE/0000033.png,degradation_poisoned,poisoned,0,1,0,7.93935489654541,10.136749267578125,-2.197394371032715,0.09949047863483429,0.8955662846565247
34,34,EXTERNAL_SAMPLE/0000034.png,degradation_poisoned,poisoned,0,1,1,6.250921726226807,6.135233402252197,0.11568832397460938,0.37912723422050476,0.33770865201950073
35,35,EXTERNAL_SAMPLE/0000035.png,degradation_poisoned,poisoned,0,1,0,8.417486190795898,9.034295082092285,-0.6168088912963867,0.3449319005012512,0.639160692691803
36,36,EXTERNAL_SAMPLE/0000036.png,degradation_poisoned,poisoned,0,1,0,5.450669288635254,14.17475414276123,-8.724084854125977,0.00016258469258900732,0.9997734427452087
37,37,EXTERNAL_SAMPLE/0000037.png,degradation_poisoned,poisoned,0,1,1,7.554159641265869,6.147535800933838,1.4066238403320312,0.7706868648529053,0.1887943297624588
38,38,EXTERNAL_SAMPLE/0000038.png,degradation_poisoned,poisoned,0,1,0,6.756527423858643,10.312333106994629,-3.5558056831359863,0.027721848338842392,0.9707087874412537
39,39,EXTERNAL_SAMPLE/0000039.png,degradation_poisoned,poisoned,0,1,0,10.571473121643066,11.676897048950195,-1.105423927307129,0.24854996800422668,0.7507463097572327
40,40,EXTERNAL_SAMPLE/0000040.png,degradation_poisoned,poisoned,0,1,1,8.160447120666504,7.979400634765625,0.1810464859008789,0.5406842231750488,0.45114508271217346
41,41,EXTERNAL_SAMPLE/0000041.png,degradation_poisoned,poisoned,0,1,1,13.319884300231934,13.250784873962402,0.06909942626953125,0.5172561407089233,0.4827209711074829
42,42,EXTERNAL_SAMPLE/0000042.png,degradation_poisoned,poisoned,0,1,0,8.356062889099121,15.711019515991211,-7.35495662689209,0.000638999103102833,0.9993494153022766
43,43,EXTERNAL_SAMPLE/0000043.png,degradation_poisoned,poisoned,0,1,1,10.397289276123047,8.546886444091797,1.85040283203125,0.8610646724700928,0.13533683121204376
44,44,EXTERNAL_SAMPLE/0000044.png,degradation_poisoned,poisoned,0,1,0,7.877493858337402,9.307381629943848,-1.4298877716064453,0.19236977398395538,0.8037651777267456
45,45,EXTERNAL_SAMPLE/0000045.png,degradation_poisoned,poisoned,0,1,0,7.321763038635254,9.374341011047363,-2.0525779724121094,0.11053929477930069,0.8608747720718384
46,46,EXTERNAL_SAMPLE/0000046.png,degradation_poisoned,poisoned,0,1,0,7.594437122344971,15.383906364440918,-7.789469242095947,0.00041389811667613685,0.9995786547660828
47,47,EXTERNAL_SAMPLE/0000047.png,degradation_poisoned,poisoned,0,1,1,8.576455116271973,4.171445369720459,4.405009746551514,0.9787321090698242,0.011956178583204746
48,48,EXTERNAL_SAMPLE/0000048.png,degradation_poisoned,poisoned,0,1,0,6.829081058502197,10.849286079406738,-4.020205020904541,0.017615875229239464,0.9814249277114868
49,49,EXTERNAL_SAMPLE/0000049.png,degradation_poisoned,poisoned,0,1,1,6.229212760925293,5.554081916809082,0.6751308441162109,0.5391436815261841,0.27447256445884705
50,50,EXTERNAL_SAMPLE/0000050.png,degradation_poisoned,poisoned,0,1,0,7.991193771362305,10.726038932800293,-2.7348451614379883,0.060869183391332626,0.9378332495689392
51,51,EXTERNAL_SAMPLE/0000051.png,degradation_poisoned,poisoned,0,1,1,7.564023971557617,4.207925319671631,3.3560986518859863,0.9366275668144226,0.03266117721796036
52,52,EXTERNAL_SAMPLE/0000052.png,degradation_poisoned,poisoned,0,1,0,7.766137599945068,10.682778358459473,-2.9166407585144043,0.051297638565301895,0.9479345083236694
53,53,EXTERNAL_SAMPLE/0000053.png,degradation_poisoned,poisoned,0,1,1,7.977158546447754,6.938573837280273,1.0385847091674805,0.7292392253875732,0.2581180930137634
54,54,EXTERNAL_SAMPLE/0000054.png,degradation_poisoned,poisoned,0,1,0,7.031754970550537,11.902979850769043,-4.871224880218506,0.007602064870297909,0.9919223785400391
55,55,EXTERNAL_SAMPLE/0000055.png,degradation_poisoned,poisoned,0,1,0,7.650083065032959,16.851350784301758,-9.20126724243164,0.00010090114665217698,0.9998979568481445
56,56,EXTERNAL_SAMPLE/0000056.png,degradation_poisoned,poisoned,0,1,1,8.373228073120117,4.5971760749816895,3.7760519981384277,0.9567440152168274,0.021921850740909576
57,57,EXTERNAL_SAMPLE/0000057.png,degradation_poisoned,poisoned,0,1,1,13.320124626159668,5.7131171226501465,7.6070075035095215,0.999201238155365,0.000496559776365757
58,58,EXTERNAL_SAMPLE/0000058.png,degradation_poisoned,poisoned,0,1,1,8.475604057312012,8.240226745605469,0.23537731170654297,0.5512225031852722,0.43561604619026184
59,59,EXTERNAL_SAMPLE/0000059.png,degradation_poisoned,poisoned,0,1,1,8.77862548828125,4.095117568969727,4.683507919311523,0.9850913882255554,0.009108668193221092
60,60,EXTERNAL_SAMPLE/0000060.png,degradation_poisoned,poisoned,0,1,0,6.646467208862305,6.717891216278076,-0.07142400741577148,0.4260562062263489,0.4575999081134796
61,61,EXTERNAL_SAMPLE/0000061.png,degradation_poisoned,poisoned,0,1,1,8.080888748168945,7.72634220123291,0.35454654693603516,0.5736302137374878,0.40239670872688293
62,62,EXTERNAL_SAMPLE/0000062.png,degradation_poisoned,poisoned,0,1,0,7.185554027557373,10.225764274597168,-3.040210247039795,0.04560115188360214,0.9535036087036133
63,63,EXTERNAL_SAMPLE/0000063.png,degradation_poisoned,poisoned,0,1,1,9.805132865905762,7.0919060707092285,2.713226795196533,0.9336022734642029,0.061918795108795166
64,64,EXTERNAL_SAMPLE/0000064.png,degradation_poisoned,poisoned,0,1,0,7.352851390838623,12.185315132141113,-4.83246374130249,0.007902400568127632,0.9919079542160034
65,65,EXTERNAL_SAMPLE/0000065.png,degradation_poisoned,poisoned,0,1,0,9.933711051940918,13.214897155761719,-3.281186103820801,0.036219242960214615,0.9636967182159424
66,66,EXTERNAL_SAMPLE/0000066.png,degradation_poisoned,poisoned,0,1,1,8.442866325378418,6.63418436050415,1.8086819648742676,0.8488235473632812,0.1390966922044754
67,67,EXTERNAL_SAMPLE/0000067.png,degradation_poisoned,poisoned,0,1,1,14.73662281036377,4.5970001220703125,10.139622688293457,0.9999065399169922,3.948001176468097e-05
68,68,EXTERNAL_SAMPLE/0000068.png,degradation_poisoned,poisoned,0,1,0,8.586309432983398,13.18905258178711,-4.602743148803711,0.009923531673848629,0.9899476170539856
69,69,EXTERNAL_SAMPLE/0000069.png,degradation_poisoned,poisoned,0,1,0,8.05709171295166,10.730887413024902,-2.673795700073242,0.06444212049245834,0.9340810179710388
70,70,EXTERNAL_SAMPLE/0000070.png,degradation_poisoned,poisoned,0,1,1,12.116988182067871,10.441697120666504,1.6752910614013672,0.8421374559402466,0.15769332647323608
71,71,EXTERNAL_SAMPLE/0000071.png,degradation_poisoned,poisoned,0,1,1,8.414589881896973,5.2132887840271,3.201301097869873,0.9184278845787048,0.03738846629858017
72,72,EXTERNAL_SAMPLE/0000072.png,degradation_poisoned,poisoned,0,1,0,6.614343643188477,12.127020835876465,-5.512677192687988,0.00401837844401598,0.9958091974258423
73,73,EXTERNAL_SAMPLE/0000073.png,degradation_poisoned,poisoned,0,1,0,6.958221435546875,12.926405906677246,-5.968184471130371,0.002552144229412079,0.9973664879798889
74,74,EXTERNAL_SAMPLE/0000074.png,degradation_poisoned,poisoned,0,1,1,9.722433090209961,6.721172332763672,3.001260757446289,0.9341194033622742,0.046448469161987305
75,75,EXTERNAL_SAMPLE/0000075.png,degradation_poisoned,poisoned,0,1,0,7.097240924835205,9.634727478027344,-2.5374865531921387,0.07306970655918121,0.9241740703582764
76,76,EXTERNAL_SAMPLE/0000076.png,degradation_poisoned,poisoned,0,1,0,7.468984127044678,17.89691925048828,-10.427934646606445,2.9593213184853084e-05,0.9999691247940063
77,77,EXTERNAL_SAMPLE/0000077.png,degradation_poisoned,poisoned,0,1,0,8.642447471618652,15.580557823181152,-6.9381103515625,0.0009691566810943186,0.9990265369415283
78,78,EXTERNAL_SAMPLE/0000078.png,degradation_poisoned,poisoned,0,1,0,7.936977386474609,10.979655265808105,-3.042677879333496,0.04547090455889702,0.9531292915344238
79,79,EXTERNAL_SAMPLE/0000079.png,degradation_poisoned,poisoned,0,1,0,8.618940353393555,19.90878677368164,-11.289846420288086,1.249903561983956e-05,0.9999873638153076
80,80,EXTERNAL_SAMPLE/0000080.png,degradation_poisoned,poisoned,0,1,1,12.023491859436035,8.569339752197266,3.4541521072387695,0.9689663052558899,0.030632996931672096
81,81,EXTERNAL_SAMPLE/0000081.png,degradation_poisoned,poisoned,0,1,0,8.632058143615723,11.01436710357666,-2.3823089599609375,0.08447571098804474,0.9148617386817932
82,82,EXTERNAL_SAMPLE/0000082.png,degradation_poisoned,poisoned,0,1,0,8.638891220092773,8.680943489074707,-0.042052268981933594,0.4818245470523834,0.5025184154510498
83,83,EXTERNAL_SAMPLE/0000083.png,degradation_poisoned,poisoned,0,1,0,7.0812225341796875,13.679678916931152,-6.598456382751465,0.001360558089800179,0.9985970854759216
84,84,EXTERNAL_SAMPLE/0000084.png,degradation_poisoned,poisoned,0,1,0,9.568984985351562,11.926292419433594,-2.3573074340820312,0.08645490556955338,0.9131776690483093
85,85,EXTERNAL_SAMPLE/0000085.png,degradation_poisoned,poisoned,0,1,0,8.049610137939453,14.790194511413574,-6.740584373474121,0.0011805178364738822,0.9987830519676208
86,86,EXTERNAL_SAMPLE/0000086.png,degradation_poisoned,poisoned,0,1,0,7.015913486480713,8.50549602508545,-1.4895825386047363,0.18187175691127777,0.8066455721855164
87,87,EXTERNAL_SAMPLE/0000087.png,degradation_poisoned,poisoned,0,1,0,7.3352742195129395,9.25716495513916,-1.9218907356262207,0.12702716886997223,0.8680869340896606
88,88,EXTERNAL_SAMPLE/0000088.png,degradation_poisoned,poisoned,0,1,0,6.925461769104004,13.95454216003418,-7.029080390930176,0.0008848239667713642,0.9989590644836426
89,89,EXTERNAL_SAMPLE/0000089.png,degradation_poisoned,poisoned,0,1,1,10.608879089355469,8.731707572937012,1.877171516418457,0.8636960387229919,0.13216477632522583
90,90,EXTERNAL_SAMPLE/0000090.png,degradation_poisoned,poisoned,0,1,1,9.946121215820312,4.007383346557617,5.938737869262695,0.9957418441772461,0.0026241319719702005
91,91,EXTERNAL_SAMPLE/0000091.png,degradation_poisoned,poisoned,0,1,1,10.163570404052734,9.94814395904541,0.21542644500732422,0.5523251891136169,0.4452832341194153
92,92,EXTERNAL_SAMPLE/0000092.png,degradation_poisoned,poisoned,0,1,1,8.231619834899902,3.362781286239624,4.868838310241699,0.9685161709785461,0.007440416608005762
93,93,EXTERNAL_SAMPLE/0000093.png,degradation_poisoned,poisoned,0,1,0,8.871798515319824,10.40581226348877,-1.5340137481689453,0.17729830741882324,0.8220880031585693
94,94,EXTERNAL_SAMPLE/0000094.png,degradation_poisoned,poisoned,0,1,1,7.8938422203063965,3.916916608810425,3.9769256114959717,0.9525784850120544,0.017854344099760056
95,95,EXTERNAL_SAMPLE/0000095.png,degradation_poisoned,poisoned,0,1,1,8.629032135009766,3.209801197052002,5.419230937957764,0.9539278745651245,0.0042264279909431934
96,96,EXTERNAL_SAMPLE/0000096.png,degradation_poisoned,poisoned,0,1,0,8.02464771270752,11.727876663208008,-3.7032289505004883,0.024035468697547913,0.9753140807151794
97,97,EXTERNAL_SAMPLE/0000097.png,degradation_poisoned,poisoned,0,1,0,10.071294784545898,12.376976013183594,-2.3056812286376953,0.090636245906353,0.9091730713844299
98,98,EXTERNAL_SAMPLE/0000098.png,degradation_poisoned,poisoned,0,1,1,8.416975021362305,8.00659465789795,0.41038036346435547,0.5942131280899048,0.3941997289657593
99,99,EXTERNAL_SAMPLE/0000099.png,degradation_poisoned,poisoned,0,1,1,8.577210426330566,5.923969745635986,2.65324068069458,0.8513342142105103,0.05995319038629532
100,100,EXTERNAL_SAMPLE/0000100.png,degradation_poisoned,poisoned,0,1,0,7.44057559967041,9.975735664367676,-2.5351600646972656,0.07317523658275604,0.923358142375946
101,101,EXTERNAL_SAMPLE/0000101.png,degradation_poisoned,poisoned,0,1,1,12.15664291381836,2.5468380451202393,9.6098051071167,0.9996134638786316,6.704196857754141e-05
102,102,EXTERNAL_SAMPLE/0000102.png,degradation_poisoned,poisoned,0,1,0,8.66969108581543,11.57404613494873,-2.904355049133301,0.05177772417664528,0.9451229572296143
103,103,EXTERNAL_SAMPLE/0000103.png,degradation_poisoned,poisoned,0,1,0,8.839548110961914,16.223485946655273,-7.383937835693359,0.0006207587430253625,0.9993700385093689
104,104,EXTERNAL_SAMPLE/0000104.png,degradation_poisoned,poisoned,0,1,0,8.322189331054688,12.690581321716309,-4.368391990661621,0.012511420994997025,0.9873591065406799
105,105,EXTERNAL_SAMPLE/0000105.png,degradation_poisoned,poisoned,0,1,0,7.849936008453369,13.704253196716309,-5.8543171882629395,0.002859183819964528,0.9971022009849548
106,106,EXTERNAL_SAMPLE/0000106.png,degradation_poisoned,poisoned,0,1,0,7.215016841888428,7.236831188201904,-0.021814346313476562,0.468478798866272,0.4788106381893158
107,107,EXTERNAL_SAMPLE/0000107.png,degradation_poisoned,poisoned,0,1,0,7.169987201690674,12.781177520751953,-5.611190319061279,0.0036431734915822744,0.9962970614433289
108,108,EXTERNAL_SAMPLE/0000108.png,degradation_poisoned,poisoned,0,1,0,9.021455764770508,12.670048713684082,-3.648592948913574,0.025364113971590996,0.9745036363601685
109,109,EXTERNAL_SAMPLE/0000109.png,degradation_poisoned,poisoned,0,1,1,12.603903770446777,6.618528842926025,5.985374927520752,0.9973293542861938,0.002508553210645914
110,110,EXTERNAL_SAMPLE/0000110.png,degradation_poisoned,poisoned,0,1,0,8.575791358947754,11.340968132019043,-2.765176773071289,0.059205394238233566,0.9402910470962524
111,111,EXTERNAL_SAMPLE/0000111.png,degradation_poisoned,poisoned,0,1,1,9.107566833496094,7.384683609008789,1.7228832244873047,0.843939483165741,0.15068590641021729
112,112,EXTERNAL_SAMPLE/0000112.png,degradation_poisoned,poisoned,0,1,0,7.37134313583374,12.963216781616211,-5.591873645782471,0.0037137463223189116,0.9961668848991394
113,113,EXTERNAL_SAMPLE/0000113.png,degradation_poisoned,poisoned,0,1,1,5.723509788513184,1.0508270263671875,4.672682762145996,0.7290568351745605,0.00681461114436388
114,114,EXTERNAL_SAMPLE/0000114.png,degradation_poisoned,poisoned,0,1,1,8.709897994995117,6.626735687255859,2.083162307739258,0.7619947195053101,0.09489560127258301
115,115,EXTERNAL_SAMPLE/0000115.png,degradation_poisoned,poisoned,0,1,0,9.131734848022461,14.01617431640625,-4.884439468383789,0.007506318390369415,0.9924578666687012
116,116,EXTERNAL_SAMPLE/0000116.png,degradation_poisoned,poisoned,0,1,1,14.040261268615723,5.883122444152832,8.15713882446289,0.999627947807312,0.00028657479560934007
117,117,EXTERNAL_SAMPLE/0000117.png,degradation_poisoned,poisoned,0,1,1,9.740373611450195,9.521076202392578,0.2192974090576172,0.5540524125099182,0.44495001435279846
118,118,EXTERNAL_SAMPLE/0000118.png,degradation_poisoned,poisoned,0,1,0,7.9638261795043945,9.66746997833252,-1.703643798828125,0.15121184289455414,0.8307472467422485
119,119,EXTERNAL_SAMPLE/0000119.png,degradation_poisoned,poisoned,0,1,1,8.207730293273926,5.5783185958862305,2.6294116973876953,0.9143672585487366,0.06594496965408325
120,120,EXTERNAL_SAMPLE/0000120.png,degradation_poisoned,poisoned,0,1,1,9.530360221862793,8.62094783782959,0.9094123840332031,0.7082616090774536,0.28526002168655396
121,121,EXTERNAL_SAMPLE/0000121.png,degradation_poisoned,poisoned,0,1,0,9.393318176269531,17.409456253051758,-8.016138076782227,0.0003299820818938315,0.9996659755706787
122,122,EXTERNAL_SAMPLE/0000122.png,degradation_poisoned,poisoned,0,1,0,7.695287227630615,13.996501922607422,-6.301214694976807,0.0018306588754057884,0.9981371164321899
123,123,EXTERNAL_SAMPLE/0000123.png,degradation_poisoned,poisoned,0,1,0,8.967989921569824,13.89305591583252,-4.925065994262695,0.007209463510662317,0.9927318692207336
124,124,EXTERNAL_SAMPLE/0000124.png,degradation_poisoned,poisoned,0,1,1,9.08165168762207,8.737846374511719,0.34380531311035156,0.5791699290275574,0.41067028045654297
125,125,EXTERNAL_SAMPLE/0000125.png,degradation_poisoned,poisoned,0,1,0,8.992863655090332,9.967171669006348,-0.9743080139160156,0.2734811007976532,0.7245426177978516
126,126,EXTERNAL_SAMPLE/0000126.png,degradation_poisoned,poisoned,0,1,0,6.23853874206543,11.569589614868164,-5.331050872802734,0.0047966064885258675,0.9912428855895996
127,127,EXTERNAL_SAMPLE/0000127.png,degradation_poisoned,poisoned,0,1,1,7.643202781677246,6.872955322265625,0.7702474594116211,0.6554253101348877,0.30339542031288147
128,128,EXTERNAL_SAMPLE/0000128.png,degradation_poisoned,poisoned,0,1,0,8.872488021850586,10.621918678283691,-1.7494306564331055,0.1479334682226181,0.8508138060569763
129,129,EXTERNAL_SAMPLE/0000129.png,degradation_poisoned,poisoned,0,1,1,9.06729793548584,7.666357517242432,1.4009404182434082,0.799318790435791,0.19692431390285492
130,130,EXTERNAL_SAMPLE/0000130.png,degradation_poisoned,poisoned,0,1,0,7.619109153747559,7.986321926116943,-0.36721277236938477,0.40398362278938293,0.5832331776618958
131,131,EXTERNAL_SAMPLE/0000131.png,degradation_poisoned,poisoned,0,1,0,7.316653251647949,12.970789909362793,-5.654136657714844,0.0034905746579170227,0.996454119682312
132,132,EXTERNAL_SAMPLE/0000132.png,degradation_poisoned,poisoned,0,1,1,9.267589569091797,2.8177859783172607,6.449803352355957,0.9896021485328674,0.0015643957303836942
133,133,EXTERNAL_SAMPLE/0000133.png,degradation_poisoned,poisoned,0,1,1,8.135269165039062,7.050083160400391,1.0851860046386719,0.6960638761520386,0.23515747487545013
134,134,EXTERNAL_SAMPLE/0000134.png,degradation_poisoned,poisoned,0,1,0,7.710260391235352,12.667679786682129,-4.957419395446777,0.006981504149734974,0.9929534792900085
135,135,EXTERNAL_SAMPLE/0000135.png,degradation_poisoned,poisoned,0,1,0,8.654806137084961,13.795106887817383,-5.140300750732422,0.005821639206260443,0.9941446185112
136,136,EXTERNAL_SAMPLE/0000136.png,degradation_poisoned,poisoned,0,1,0,7.139672756195068,11.178690910339355,-4.039018154144287,0.017268534749746323,0.9803446531295776
137,137,EXTERNAL_SAMPLE/0000137.png,degradation_poisoned,poisoned,0,1,0,6.6788506507873535,7.0329670906066895,-0.35411643981933594,0.40610185265541077,0.5786631107330322
138,138,EXTERNAL_SAMPLE/0000138.png,degradation_poisoned,poisoned,0,1,0,7.255393981933594,10.477189064025879,-3.221795082092285,0.038050614297389984,0.954046368598938
139,139,EXTERNAL_SAMPLE/0000139.png,degradation_poisoned,poisoned,0,1,1,6.649669647216797,4.460862159729004,2.188807487487793,0.8138099312782288,0.09118764102458954
140,140,EXTERNAL_SAMPLE/0000140.png,degradation_poisoned,poisoned,0,1,1,9.384049415588379,5.00602388381958,4.378025531768799,0.9798426032066345,0.012297136709094048
141,141,EXTERNAL_SAMPLE/0000141.png,degradation_poisoned,poisoned,0,1,0,6.96995735168457,7.216834545135498,-0.24687719345092773,0.42790597677230835,0.5477290153503418
142,142,EXTERNAL_SAMPLE/0000142.png,degradation_poisoned,poisoned,0,1,0,8.177654266357422,18.327594757080078,-10.149940490722656,3.907685822923668e-05,0.9999603033065796
143,143,EXTERNAL_SAMPLE/0000143.png,degradation_poisoned,poisoned,0,1,0,6.15934944152832,7.635138511657715,-1.4757890701293945,0.18260015547275543,0.7987818121910095
144,144,EXTERNAL_SAMPLE/0000144.png,degradation_poisoned,poisoned,0,1,0,8.27476692199707,13.139060020446777,-4.864293098449707,0.007657683454453945,0.9922772645950317
145,145,EXTERNAL_SAMPLE/0000145.png,degradation_poisoned,poisoned,0,1,1,8.827150344848633,8.226956367492676,0.600193977355957,0.642957866191864,0.3527943193912506
146,146,EXTERNAL_SAMPLE/0000146.png,degradation_poisoned,poisoned,0,1,1,8.554055213928223,2.862645149230957,5.691410064697266,0.9724730253219604,0.0032819323241710663
147,147,EXTERNAL_SAMPLE/0000147.png,degradation_poisoned,poisoned,0,1,1,10.62221622467041,2.9283511638641357,7.693864822387695,0.9933655858039856,0.000452591193607077
148,148,EXTERNAL_SAMPLE/0000148.png,degradation_poisoned,poisoned,0,1,1,9.045706748962402,3.1462135314941406,5.899493217468262,0.990757167339325,0.0027155003044754267
149,149,EXTERNAL_SAMPLE/0000149.png,degradation_poisoned,poisoned,0,1,1,9.45744800567627,8.664146423339844,0.7933015823364258,0.6703208088874817,0.30321887135505676
150,150,EXTERNAL_SAMPLE/0000150.png,degradation_poisoned,poisoned,0,1,1,7.504687786102295,5.556732654571533,1.9479551315307617,0.8250636458396912,0.11762544512748718
151,151,EXTERNAL_SAMPLE/0000151.png,degradation_poisoned,poisoned,0,1,1,6.973001956939697,2.4657816886901855,4.507220268249512,0.9353095293045044,0.010315599851310253
152,152,EXTERNAL_SAMPLE/0000152.png,degradation_poisoned,poisoned,0,1,0,6.635581970214844,13.100384712219238,-6.4648027420043945,0.0015547499060630798,0.9983634352684021
153,153,EXTERNAL_SAMPLE/0000153.png,degradation_poisoned,poisoned,0,1,1,9.507521629333496,3.6142635345458984,5.893258094787598,0.9847495555877686,0.002715915907174349
154,154,EXTERNAL_SAMPLE/0000154.png,degradation_poisoned,poisoned,0,1,0,11.46350383758545,12.2739896774292,-0.81048583984375,0.3077613413333893,0.6921553611755371
155,155,EXTERNAL_SAMPLE/0000155.png,degradation_poisoned,poisoned,0,1,0,9.075797080993652,13.467289924621582,-4.39149284362793,0.0122262267395854,0.9874009490013123
156,156,EXTERNAL_SAMPLE/0000156.png,degradation_poisoned,poisoned,0,1,1,6.274221897125244,6.206058025360107,0.06816387176513672,0.44779273867607117,0.41828653216362
157,157,EXTERNAL_SAMPLE/0000157.png,degradation_poisoned,poisoned,0,1,0,6.689650535583496,11.067688941955566,-4.37803840637207,0.012389001436531544,0.9871750473976135
158,158,EXTERNAL_SAMPLE/0000158.png,degradation_poisoned,poisoned,0,1,0,8.41311264038086,14.251364707946777,-5.838252067565918,0.002905425615608692,0.9970809817314148
159,159,EXTERNAL_SAMPLE/0000159.png,degradation_poisoned,poisoned,0,1,1,7.442662715911865,7.106451988220215,0.3362107276916504,0.5097491145133972,0.36420175433158875
160,160,EXTERNAL_SAMPLE/0000160.png,degradation_poisoned,poisoned,0,1,1,7.989895820617676,4.503767013549805,3.486128807067871,0.9429867267608643,0.02887347713112831
161,161,EXTERNAL_SAMPLE/0000161.png,degradation_poisoned,poisoned,0,1,1,9.641934394836426,2.451416015625,7.190518379211426,0.9964259266853333,0.0007510045543313026
162,162,EXTERNAL_SAMPLE/0000162.png,degradation_poisoned,poisoned,0,1,1,10.849617004394531,2.5596024990081787,8.290014266967773,0.9987472295761108,0.00025069640832953155
163,163,EXTERNAL_SAMPLE/0000163.png,degradation_poisoned,poisoned,0,1,1,8.534171104431152,5.945835590362549,2.5883355140686035,0.9103854894638062,0.06841093301773071
164,164,EXTERNAL_SAMPLE/0000164.png,degradation_poisoned,poisoned,0,1,0,9.970132827758789,11.548100471496582,-1.577967643737793,0.17104607820510864,0.8287352323532104
165,165,EXTERNAL_SAMPLE/0000165.png,degradation_poisoned,poisoned,0,1,0,7.573864936828613,9.018750190734863,-1.44488525390625,0.18899589776992798,0.8016006350517273
166,166,EXTERNAL_SAMPLE/0000166.png,degradation_poisoned,poisoned,0,1,1,7.436519145965576,5.420844078063965,2.0156750679016113,0.8637625575065613,0.11507946252822876
167,167,EXTERNAL_SAMPLE/0000167.png,degradation_poisoned,poisoned,0,1,1,11.844432830810547,10.319467544555664,1.5249652862548828,0.8210325837135315,0.1786801815032959
168,168,EXTERNAL_SAMPLE/0000168.png,degradation_poisoned,poisoned,0,1,0,14.674910545349121,14.844038963317871,-0.16912841796875,0.45781585574150085,0.5421786308288574
169,169,EXTERNAL_SAMPLE/0000169.png,degradation_poisoned,poisoned,0,1,1,8.329300880432129,5.903556823730469,2.42574405670166,0.8436933159828186,0.07459287345409393
170,170,EXTERNAL_SAMPLE/0000170.png,degradation_poisoned,poisoned,0,1,1,11.296820640563965,7.790215492248535,3.5066051483154297,0.9703698754310608,0.02910972200334072
171,171,EXTERNAL_SAMPLE/0000171.png,degradation_poisoned,poisoned,0,1,1,8.329949378967285,3.0124332904815674,5.317516326904297,0.9694610834121704,0.004755130037665367
172,172,EXTERNAL_SAMPLE/0000172.png,degradation_poisoned,poisoned,0,1,0,7.838812828063965,13.492973327636719,-5.654160499572754,0.003490492468699813,0.9964543581008911
173,173,EXTERNAL_SAMPLE/0000173.png,degradation_poisoned,poisoned,0,1,0,8.312396049499512,9.867259979248047,-1.5548639297485352,0.17279712855815887,0.8180980682373047
174,174,EXTERNAL_SAMPLE/0000174.png,degradation_poisoned,poisoned,0,1,1,6.564901351928711,1.2348562479019165,5.330045223236084,0.7952589988708496,0.0038521159440279007
175,175,EXTERNAL_SAMPLE/0000175.png,degradation_poisoned,poisoned,0,1,1,7.566756248474121,6.545567989349365,1.0211882591247559,0.7156108021736145,0.25773918628692627
176,176,EXTERNAL_SAMPLE/0000176.png,degradation_poisoned,poisoned,0,1,1,9.132990837097168,7.084447383880615,2.0485434532165527,0.8715395927429199,0.1123611107468605
177,177,EXTERNAL_SAMPLE/0000177.png,degradation_poisoned,poisoned,0,1,0,9.204633712768555,16.03961181640625,-6.834978103637695,0.0010743283201009035,0.9989191293716431
178,178,EXTERNAL_SAMPLE/0000178.png,degradation_poisoned,poisoned,0,1,0,9.171988487243652,11.948689460754395,-2.776700973510742,0.05857770889997482,0.9411054849624634
179,179,EXTERNAL_SAMPLE/0000179.png,degradation_poisoned,poisoned,0,1,0,6.770495414733887,14.282135963439941,-7.511640548706055,0.0005463577108457685,0.9994040727615356
180,180,EXTERNAL_SAMPLE/0000180.png,degradation_poisoned,poisoned,0,1,1,8.474926948547363,7.202342987060547,1.2725839614868164,0.7618577480316162,0.21340161561965942
181,181,EXTERNAL_SAMPLE/0000181.png,degradation_poisoned,poisoned,0,1,0,7.256800174713135,11.68315601348877,-4.426355838775635,0.011798274703323841,0.9866438508033752
182,182,EXTERNAL_SAMPLE/0000182.png,degradation_poisoned,poisoned,0,1,0,7.77857780456543,10.33870792388916,-2.5601301193237305,0.07164730876684189,0.9269370436668396
183,183,EXTERNAL_SAMPLE/0000183.png,degradation_poisoned,poisoned,0,1,0,10.031935691833496,13.858804702758789,-3.826869010925293,0.02131284773349762,0.9786549210548401
184,184,EXTERNAL_SAMPLE/0000184.png,degradation_poisoned,poisoned,0,1,1,9.08447551727295,3.7951266765594482,5.289348602294922,0.9876894950866699,0.004982938524335623
185,185,EXTERNAL_SAMPLE/0000185.png,degradation_poisoned,poisoned,0,1,1,11.083800315856934,5.835561752319336,5.248238563537598,0.9941198825836182,0.0052258591167628765
186,186,EXTERNAL_SAMPLE/0000186.png,degradation_poisoned,poisoned,0,1,0,8.695734977722168,9.470691680908203,-0.7749567031860352,0.31410059332847595,0.6817547678947449
187,187,EXTERNAL_SAMPLE/0000187.png,degradation_poisoned,poisoned,0,1,0,7.9420695304870605,8.327080726623535,-0.3850111961364746,0.40297091007232666,0.5922185182571411
188,188,EXTERNAL_SAMPLE/0000188.png,degradation_poisoned,poisoned,0,1,1,8.978119850158691,3.422757387161255,5.555362701416016,0.9517925977706909,0.003680264111608267
189,189,EXTERNAL_SAMPLE/0000189.png,degradation_poisoned,poisoned,0,1,1,7.113935947418213,3.040813684463501,4.073122024536133,0.5804026126861572,0.00988086499273777
190,190,EXTERNAL_SAMPLE/0000190.png,degradation_poisoned,poisoned,0,1,0,7.211787700653076,9.676741600036621,-2.464953899383545,0.07802058756351471,0.9177514314651489
191,191,EXTERNAL_SAMPLE/0000191.png,degradation_poisoned,poisoned,0,1,1,8.75782299041748,8.54164981842041,0.2161731719970703,0.5452407002449036,0.4392436146736145
192,192,EXTERNAL_SAMPLE/0000192.png,degradation_poisoned,poisoned,0,1,0,5.560628890991211,8.80632495880127,-3.2456960678100586,0.03683160990476608,0.9458203315734863
193,193,EXTERNAL_SAMPLE/0000193.png,degradation_poisoned,poisoned,0,1,0,5.220508098602295,8.69192886352539,-3.4714207649230957,0.02877645567059517,0.9260963797569275
194,194,EXTERNAL_SAMPLE/0000194.png,degradation_poisoned,poisoned,0,1,0,9.017349243164062,11.520987510681152,-2.50363826751709,0.07558276504278183,0.9241427183151245
195,195,EXTERNAL_SAMPLE/0000195.png,degradation_poisoned,poisoned,0,1,1,11.037196159362793,7.837634563446045,3.199561595916748,0.9578052759170532,0.03905937448143959
196,196,EXTERNAL_SAMPLE/0000196.png,degradation_poisoned,poisoned,0,1,1,9.770520210266113,6.77080774307251,2.9997124671936035,0.9510118365287781,0.04736170917749405
197,197,EXTERNAL_SAMPLE/0000197.png,degradation_poisoned,poisoned,0,1,1,8.673860549926758,7.264667510986328,1.4091930389404297,0.79695725440979,0.19472885131835938
198,198,EXTERNAL_SAMPLE/0000198.png,degradation_poisoned,poisoned,0,1,0,7.094786167144775,7.126014232635498,-0.031228065490722656,0.47852325439453125,0.49370238184928894
199,199,EXTERNAL_SAMPLE/0000199.png,degradation_poisoned,poisoned,0,1,1,8.052169799804688,2.622951030731201,5.429218769073486,0.9643840789794922,0.004230291582643986
200,200,EXTERNAL_SAMPLE/0000200.png,degradation_poisoned,poisoned,0,1,1,7.591754913330078,7.4715752601623535,0.12017965316772461,0.5194973945617676,0.4606700539588928
201,201,EXTERNAL_SAMPLE/0000201.png,degradation_poisoned,poisoned,0,1,1,7.9998321533203125,4.982125759124756,3.0177063941955566,0.9392285346984863,0.04594074562191963
202,202,EXTERNAL_SAMPLE/0000202.png,degradation_poisoned,poisoned,0,1,0,8.187116622924805,11.581032752990723,-3.393916130065918,0.03244943171739578,0.9664204716682434
203,203,EXTERNAL_SAMPLE/0000203.png,degradation_poisoned,poisoned,0,1,0,9.68594741821289,13.011282920837402,-3.3253355026245117,0.034692488610744476,0.964739978313446
204,204,EXTERNAL_SAMPLE/0000204.png,degradation_poisoned,poisoned,0,1,1,9.850668907165527,7.237807273864746,2.6128616333007812,0.9258472919464111,0.06788720935583115
205,205,EXTERNAL_SAMPLE/0000205.png,degradation_poisoned,poisoned,0,1,1,10.46550178527832,9.940747261047363,0.524754524230957,0.6271204948425293,0.3710675537586212
206,206,EXTERNAL_SAMPLE/0000206.png,degradation_poisoned,poisoned,0,1,0,8.64726734161377,15.73641300201416,-7.089145660400391,0.0008334080339409411,0.9991588592529297
207,207,EXTERNAL_SAMPLE/0000207.png,degradation_poisoned,poisoned,0,1,1,9.53121566772461,7.961617469787598,1.5695981979370117,0.824529230594635,0.17160826921463013
208,208,EXTERNAL_SAMPLE/0000208.png,degradation_poisoned,poisoned,0,1,1,9.391053199768066,9.161948204040527,0.22910499572753906,0.5560058951377869,0.442160964012146
209,209,EXTERNAL_SAMPLE/0000209.png,degradation_poisoned,poisoned,0,1,1,11.013208389282227,3.766348123550415,7.246860504150391,0.99600750207901,0.0007095632026903331
210,210,EXTERNAL_SAMPLE/0000210.png,degradation_poisoned,poisoned,0,1,1,8.394010543823242,8.037062644958496,0.3569478988647461,0.5314466953277588,0.3719111680984497
211,211,EXTERNAL_SAMPLE/0000211.png,degradation_poisoned,poisoned,0,1,0,9.168242454528809,9.671112060546875,-0.5028696060180664,0.3763015568256378,0.622199296951294
212,212,EXTERNAL_SAMPLE/0000212.png,degradation_poisoned,poisoned,0,1,1,10.61268138885498,6.51679801940918,4.095883369445801,0.9711548089981079,0.016161026433110237
213,213,EXTERNAL_SAMPLE/0000213.png,degradation_poisoned,poisoned,0,1,1,9.864627838134766,7.632830619812012,2.231797218322754,0.9014987349510193,0.09676268696784973
214,214,EXTERNAL_SAMPLE/0000214.png,degradation_poisoned,poisoned,0,1,0,5.653170108795166,11.29310131072998,-5.6399312019348145,0.0035370599944144487,0.9954820871353149
215,215,EXTERNAL_SAMPLE/0000215.png,degradation_poisoned,poisoned,0,1,0,7.836966037750244,8.455612182617188,-0.6186461448669434,0.34549662470817566,0.6413844227790833
216,216,EXTERNAL_SAMPLE/0000216.png,degradation_poisoned,poisoned,0,1,0,7.828120708465576,8.780524253845215,-0.9524035453796387,0.27565276622772217,0.7144732475280762
217,217,EXTERNAL_SAMPLE/0000217.png,degradation_poisoned,poisoned,0,1,0,7.38397216796875,13.914843559265137,-6.530871391296387,0.0014554057270288467,0.9984021782875061
218,218,EXTERNAL_SAMPLE/0000218.png,degradation_poisoned,poisoned,0,1,0,8.28818416595459,9.828749656677246,-1.5405654907226562,0.17569541931152344,0.8200107216835022
219,219,EXTERNAL_SAMPLE/0000219.png,degradation_poisoned,poisoned,0,1,1,9.446953773498535,8.598176956176758,0.8487768173217773,0.6957560181617737,0.29774048924446106
220,220,EXTERNAL_SAMPLE/0000220.png,degradation_poisoned,poisoned,0,1,0,7.966003894805908,8.78253173828125,-0.8165278434753418,0.3037292957305908,0.6872270107269287
221,221,EXTERNAL_SAMPLE/0000221.png,degradation_poisoned,poisoned,0,1,0,7.090818881988525,9.408065795898438,-2.317246913909912,0.08859270811080933,0.8990120887756348
222,222,EXTERNAL_SAMPLE/0000222.png,degradation_poisoned,poisoned,0,1,0,8.160965919494629,13.986662864685059,-5.82569694519043,0.0029418999329209328,0.9970017075538635
223,223,EXTERNAL_SAMPLE/0000223.png,degradation_poisoned,poisoned,0,1,0,7.76480770111084,11.508858680725098,-3.744050979614258,0.02309822104871273,0.9763358235359192
224,224,EXTERNAL_SAMPLE/0000224.png,degradation_poisoned,poisoned,0,1,0,6.100724697113037,7.019974708557129,-0.9192500114440918,0.2754438519477844,0.6906503438949585
225,225,EXTERNAL_SAMPLE/0000225.png,degradation_poisoned,poisoned,0,1,1,9.734103202819824,5.134496688842773,4.599606513977051,0.9617396593093872,0.009671053849160671
226,226,EXTERNAL_SAMPLE/0000226.png,degradation_poisoned,poisoned,0,1,0,7.825689315795898,9.554572105407715,-1.7288827896118164,0.15011142194271088,0.845781147480011
227,227,EXTERNAL_SAMPLE/0000227.png,degradation_poisoned,poisoned,0,1,0,8.607821464538574,14.938823699951172,-6.331002235412598,0.0017770419362932444,0.9981986880302429
228,228,EXTERNAL_SAMPLE/0000228.png,degradation_poisoned,poisoned,0,1,1,9.537261009216309,9.513993263244629,0.023267745971679688,0.5027516484260559,0.49118882417678833
229,229,EXTERNAL_SAMPLE/0000229.png,degradation_poisoned,poisoned,0,1,0,6.193179607391357,10.4642333984375,-4.271053791046143,0.013711683452129364,0.981715977191925
230,230,EXTERNAL_SAMPLE/0000230.png,degradation_poisoned,poisoned,0,1,0,6.644077777862549,18.970720291137695,-12.326642990112305,4.432051355252042e-06,0.9999949932098389
231,231,EXTERNAL_SAMPLE/0000231.png,degradation_poisoned,poisoned,0,1,1,9.91081714630127,5.704123020172119,4.20669412612915,0.9833435416221619,0.014647424221038818
232,232,EXTERNAL_SAMPLE/0000232.png,degradation_poisoned,poisoned,0,1,0,7.085051536560059,7.9914679527282715,-0.9064164161682129,0.28504011034965515,0.7055984735488892
233,233,EXTERNAL_SAMPLE/0000233.png,degradation_poisoned,poisoned,0,1,0,8.250519752502441,9.938334465026855,-1.687814712524414,0.1554991602897644,0.8408851623535156
234,234,EXTERNAL_SAMPLE/0000234.png,degradation_poisoned,poisoned,0,1,1,7.4716477394104,5.877551555633545,1.5940961837768555,0.793657660484314,0.16118551790714264
235,235,EXTERNAL_SAMPLE/0000235.png,degradation_poisoned,poisoned,0,1,1,8.220292091369629,6.701155662536621,1.5191364288330078,0.8112092018127441,0.17757438123226166
236,236,EXTERNAL_SAMPLE/0000236.png,degradation_poisoned,poisoned,0,1,1,7.579023361206055,3.7654829025268555,3.813540458679199,0.9436694383621216,0.02082669362425804
237,237,EXTERNAL_SAMPLE/0000237.png,degradation_poisoned,poisoned,0,1,0,9.669459342956543,14.151607513427734,-4.482148170471191,0.01118104625493288,0.988677442073822
238,238,EXTERNAL_SAMPLE/0000238.png,degradation_poisoned,poisoned,0,1,1,7.730687141418457,4.639096260070801,3.0915908813476562,0.9075866937637329,0.04123132303357124
239,239,EXTERNAL_SAMPLE/0000239.png,degradation_poisoned,poisoned,0,1,1,7.245218753814697,5.027306079864502,2.2179126739501953,0.8394023776054382,0.09135723859071732
240,240,EXTERNAL_SAMPLE/0000240.png,degradation_poisoned,poisoned,0,1,1,13.000152587890625,8.444741249084473,4.555411338806152,0.9894983768463135,0.010399802587926388
241,241,EXTERNAL_SAMPLE/0000241.png,degradation_poisoned,poisoned,0,1,1,10.096451759338379,6.480478286743164,3.615973472595215,0.9478111267089844,0.02548733726143837
242,242,EXTERNAL_SAMPLE/0000242.png,degradation_poisoned,poisoned,0,1,0,8.740589141845703,13.224108695983887,-4.483519554138184,0.011166471056640148,0.988743782043457
243,243,EXTERNAL_SAMPLE/0000243.png,degradation_poisoned,poisoned,0,1,0,8.520896911621094,14.550890922546387,-6.029994010925293,0.002399560296908021,0.9975273013114929
244,244,EXTERNAL_SAMPLE/0000244.png,degradation_poisoned,poisoned,0,1,1,9.770562171936035,4.746590614318848,5.0239715576171875,0.9891566038131714,0.006507016718387604
245,245,EXTERNAL_SAMPLE/0000245.png,degradation_poisoned,poisoned,0,1,1,16.970848083496094,-0.6012308597564697,17.572078704833984,0.9999985694885254,2.33637500457462e-08
246,246,EXTERNAL_SAMPLE/0000246.png,degradation_poisoned,poisoned,0,1,0,8.525757789611816,10.944405555725098,-2.4186477661132812,0.08172030746936798,0.9177732467651367
247,247,EXTERNAL_SAMPLE/0000247.png,degradation_poisoned,poisoned,0,1,0,7.6026177406311035,8.34388256072998,-0.741264820098877,0.31847161054611206,0.6683407425880432
248,248,EXTERNAL_SAMPLE/0000248.png,degradation_poisoned,poisoned,0,1,0,6.761704921722412,11.056159019470215,-4.294454097747803,0.013448953628540039,0.9857032895088196
249,249,EXTERNAL_SAMPLE/0000249.png,degradation_poisoned,poisoned,0,1,1,9.378252029418945,5.926122188568115,3.45212984085083,0.956967294216156,0.03031490184366703
250,250,EXTERNAL_SAMPLE/0000250.png,degradation_poisoned,poisoned,0,1,1,8.03596019744873,4.601980686187744,3.4339795112609863,0.9502260684967041,0.030652690678834915
251,251,EXTERNAL_SAMPLE/0000251.png,degradation_poisoned,poisoned,0,1,1,6.323557376861572,2.662832736968994,3.660724639892578,0.7559158802032471,0.019437525421380997
252,252,EXTERNAL_SAMPLE/0000252.png,degradation_poisoned,poisoned,0,1,1,10.978005409240723,3.401569128036499,7.5764360427856445,0.9859078526496887,0.0005051634507253766
253,253,EXTERNAL_SAMPLE/0000253.png,degradation_poisoned,poisoned,0,1,0,7.670228004455566,9.88068675994873,-2.210458755493164,0.09821929782629013,0.8957500457763672
254,254,EXTERNAL_SAMPLE/0000254.png,degradation_poisoned,poisoned,0,1,1,8.778606414794922,6.007737636566162,2.7708687782287598,0.9353715181350708,0.058561358600854874
255,255,EXTERNAL_SAMPLE/0000255.png,degradation_poisoned,poisoned,0,1,0,7.7100677490234375,9.61928939819336,-1.9092216491699219,0.12837734818458557,0.8662691116333008
256,256,EXTERNAL_SAMPLE/0000256.png,degradation_poisoned,poisoned,0,1,1,8.072320938110352,4.415800094604492,3.6565208435058594,0.9325344562530518,0.02408008836209774
257,257,EXTERNAL_SAMPLE/0000257.png,degradation_poisoned,poisoned,0,1,1,9.516931533813477,6.806976795196533,2.7099547386169434,0.935985803604126,0.062280330806970596
258,258,EXTERNAL_SAMPLE/0000258.png,degradation_poisoned,poisoned,0,1,0,9.841269493103027,9.978133201599121,-0.13686370849609375,0.4633709490299225,0.531334400177002
259,259,EXTERNAL_SAMPLE/0000259.png,degradation_poisoned,poisoned,0,1,1,10.497313499450684,7.163777828216553,3.333535671234131,0.9616890549659729,0.03430034965276718
260,260,EXTERNAL_SAMPLE/0000260.png,degradation_poisoned,poisoned,0,1,1,6.945575714111328,2.8462650775909424,4.099310874938965,0.7531384825706482,0.012490124441683292
261,261,EXTERNAL_SAMPLE/0000261.png,degradation_poisoned,poisoned,0,1,3,6.791053771972656,5.8569793701171875,0.9340744018554688,0.3855256140232086,0.15149207413196564
262,262,EXTERNAL_SAMPLE/0000262.png,degradation_poisoned,poisoned,0,1,0,6.483736038208008,10.256640434265137,-3.772904396057129,0.022415509447455406,0.9752145409584045
263,263,EXTERNAL_SAMPLE/0000263.png,degradation_poisoned,poisoned,0,1,0,8.636306762695312,13.089102745056152,-4.45279598236084,0.011507212184369564,0.9880862236022949
264,264,EXTERNAL_SAMPLE/0000264.png,degradation_poisoned,poisoned,0,1,0,8.30517578125,10.781648635864258,-2.476472854614258,0.077390156686306,0.920882523059845
265,265,EXTERNAL_SAMPLE/0000265.png,degradation_poisoned,poisoned,0,1,1,9.284830093383789,6.166910648345947,3.117919445037842,0.9385015964508057,0.0415278859436512
266,266,EXTERNAL_SAMPLE/0000266.png,degradation_poisoned,poisoned,0,1,1,11.450035095214844,8.737523078918457,2.7125120162963867,0.9371647834777832,0.062199510633945465
267,267,EXTERNAL_SAMPLE/0000267.png,degradation_poisoned,poisoned,0,1,0,7.444584369659424,22.05061149597168,-14.606027603149414,4.536099424967688e-07,0.9999995231628418
268,268,EXTERNAL_SAMPLE/0000268.png,degradation_poisoned,poisoned,0,1,1,8.170968055725098,7.047990798950195,1.1229772567749023,0.7458466291427612,0.2426312267780304
269,269,EXTERNAL_SAMPLE/0000269.png,degradation_poisoned,poisoned,0,1,1,8.972822189331055,5.998441696166992,2.9743804931640625,0.9433609247207642,0.04818599671125412
270,270,EXTERNAL_SAMPLE/0000270.png,degradation_poisoned,poisoned,0,1,0,7.967498302459717,14.679777145385742,-6.712278842926025,0.0012143817730247974,0.9987595081329346
271,271,EXTERNAL_SAMPLE/0000271.png,degradation_poisoned,poisoned,0,1,0,8.369017601013184,11.384810447692871,-3.0157928466796875,0.046617574989795685,0.9512438774108887
272,272,EXTERNAL_SAMPLE/0000272.png,degradation_poisoned,poisoned,0,1,1,11.274483680725098,4.9945220947265625,6.279961585998535,0.9749391078948975,0.0018265217076987028
273,273,EXTERNAL_SAMPLE/0000273.png,degradation_poisoned,poisoned,0,1,0,7.956525802612305,11.925638198852539,-3.9691123962402344,0.018529409542679787,0.9809010624885559
274,274,EXTERNAL_SAMPLE/0000274.png,degradation_poisoned,poisoned,0,1,1,8.404772758483887,7.383691310882568,1.0210814476013184,0.720401406288147,0.25949233770370483
275,275,EXTERNAL_SAMPLE/0000275.png,degradation_poisoned,poisoned,0,1,1,8.068209648132324,7.263241767883301,0.8049678802490234,0.6722047328948975,0.30054429173469543
276,276,EXTERNAL_SAMPLE/0000276.png,degradation_poisoned,poisoned,0,1,0,6.930815696716309,12.872780799865723,-5.941965103149414,0.0026192646473646164,0.9971075654029846
277,277,EXTERNAL_SAMPLE/0000277.png,degradation_poisoned,poisoned,0,1,3,5.994223594665527,2.8116159439086914,3.182607650756836,0.15597623586654663,0.006469481624662876
278,278,EXTERNAL_SAMPLE/0000278.png,degradation_poisoned,poisoned,0,1,0,8.002052307128906,13.462613105773926,-5.4605607986450195,0.004232896491885185,0.995701253414154
279,279,EXTERNAL_SAMPLE/0000279.png,degradation_poisoned,poisoned,0,1,1,9.27788257598877,6.1760406494140625,3.101841926574707,0.9510286450386047,0.042764246463775635
280,280,EXTERNAL_SAMPLE/0000280.png,degradation_poisoned,poisoned,0,1,1,7.819751262664795,6.040006637573242,1.7797446250915527,0.8119556903839111,0.1369616836309433
281,281,EXTERNAL_SAMPLE/0000281.png,degradation_poisoned,poisoned,0,1,0,9.965965270996094,13.019747734069824,-3.0537824630737305,0.04505084827542305,0.9548690915107727
282,282,EXTERNAL_SAMPLE/0000282.png,degradation_poisoned,poisoned,0,1,0,9.314576148986816,10.161242485046387,-0.8466663360595703,0.29910528659820557,0.6974716782569885
283,283,EXTERNAL_SAMPLE/0000283.png,degradation_poisoned,poisoned,0,1,0,10.012276649475098,12.503364562988281,-2.4910879135131836,0.07647884637117386,0.9234365224838257
284,284,EXTERNAL_SAMPLE/0000284.png,degradation_poisoned,poisoned,0,1,1,13.996397018432617,5.139706134796143,8.856691360473633,0.9997937083244324,0.00014239613665267825
285,285,EXTERNAL_SAMPLE/0000285.png,degradation_poisoned,poisoned,0,1,1,9.587409973144531,7.716346740722656,1.871063232421875,0.8640055060386658,0.13302217423915863
286,286,EXTERNAL_SAMPLE/0000286.png,degradation_poisoned,poisoned,0,1,1,9.661291122436523,9.446852684020996,0.21443843841552734,0.5526566505432129,0.4459908902645111
287,287,EXTERNAL_SAMPLE/0000287.png,degradation_poisoned,poisoned,0,1,0,8.296029090881348,18.272443771362305,-9.976414680480957,4.648125104722567e-05,0.9999531507492065
288,288,EXTERNAL_SAMPLE/0000288.png,degradation_poisoned,poisoned,0,1,1,8.006199836730957,7.063232898712158,0.9429669380187988,0.7131927013397217,0.2777675688266754
289,289,EXTERNAL_SAMPLE/0000289.png,degradation_poisoned,poisoned,0,1,0,8.334795951843262,18.782447814941406,-10.447651863098145,2.9015483960392885e-05,0.9999709129333496
290,290,EXTERNAL_SAMPLE/0000290.png,degradation_poisoned,poisoned,0,1,1,10.1039400100708,7.803125381469727,2.300814628601074,0.9056386947631836,0.09072435647249222
291,291,EXTERNAL_SAMPLE/0000291.png,degradation_poisoned,poisoned,0,1,0,10.071660995483398,13.47553825378418,-3.4038772583007812,0.03217270225286484,0.9677709937095642
292,292,EXTERNAL_SAMPLE/0000292.png,degradation_poisoned,poisoned,0,1,0,6.645857810974121,7.323055267333984,-0.6771974563598633,0.3303854763507843,0.6503154635429382
293,293,EXTERNAL_SAMPLE/0000293.png,degradation_poisoned,poisoned,0,1,1,8.74517822265625,3.666694164276123,5.078484058380127,0.9850901365280151,0.00613646674901247
294,294,EXTERNAL_SAMPLE/0000294.png,degradation_poisoned,poisoned,0,1,1,9.451075553894043,6.528200149536133,2.92287540435791,0.9451332688331604,0.05082816258072853
295,295,EXTERNAL_SAMPLE/0000295.png,degradation_poisoned,poisoned,0,1,1,12.209484100341797,8.00547981262207,4.204004287719727,0.9849463701248169,0.014710814692080021
296,296,EXTERNAL_SAMPLE/0000296.png,degradation_poisoned,poisoned,0,1,0,10.021897315979004,16.53085708618164,-6.508959770202637,0.001487807952798903,0.9985094666481018
297,297,EXTERNAL_SAMPLE/0000297.png,degradation_poisoned,poisoned,0,1,1,9.650169372558594,8.49531364440918,1.154855728149414,0.6832924485206604,0.21530750393867493
298,298,EXTERNAL_SAMPLE/0000298.png,degradation_poisoned,poisoned,0,1,0,6.827129364013672,15.922955513000488,-9.095826148986816,0.00011211981473024935,0.9998836517333984
299,299,EXTERNAL_SAMPLE/0000299.png,degradation_poisoned,poisoned,0,1,1,8.672532081604004,7.863571643829346,0.8089604377746582,0.6863860487937927,0.3056619465351105
300,300,EXTERNAL_SAMPLE/0000300.png,degradation_poisoned,poisoned,0,1,1,10.346776962280273,3.600558042526245,6.746218681335449,0.9282885789871216,0.0010910319397225976
301,301,EXTERNAL_SAMPLE/0000301.png,degradation_poisoned,poisoned,0,1,0,7.0951361656188965,16.3798828125,-9.284746170043945,9.282067185267806e-05,0.999904990196228
302,302,EXTERNAL_SAMPLE/0000302.png,degradation_poisoned,poisoned,0,1,1,8.231480598449707,7.7497406005859375,0.48173999786376953,0.5840775966644287,0.3607891798019409
303,303,EXTERNAL_SAMPLE/0000303.png,degradation_poisoned,poisoned,0,1,5,5.348968982696533,5.92021369934082,-0.5712447166442871,0.021957505494356155,0.038875091820955276
304,304,EXTERNAL_SAMPLE/0000304.png,degradation_poisoned,poisoned,0,1,0,11.092523574829102,11.209545135498047,-0.11702156066894531,0.4706302881240845,0.5290560722351074
305,305,EXTERNAL_SAMPLE/0000305.png,degradation_poisoned,poisoned,0,1,1,10.064050674438477,7.459613800048828,2.6044368743896484,0.9296674728393555,0.06874404102563858
306,306,EXTERNAL_SAMPLE/0000306.png,degradation_poisoned,poisoned,0,1,1,9.47945499420166,7.510759353637695,1.9686956405639648,0.863569438457489,0.12058785557746887
307,307,EXTERNAL_SAMPLE/0000307.png,degradation_poisoned,poisoned,0,1,0,8.632637977600098,13.829365730285645,-5.196727752685547,0.005503988824784756,0.994460940361023
308,308,EXTERNAL_SAMPLE/0000308.png,degradation_poisoned,poisoned,0,1,0,6.8442277908325195,11.245981216430664,-4.4017534255981445,0.012102204374969006,0.9874650239944458
309,309,EXTERNAL_SAMPLE/0000309.png,degradation_poisoned,poisoned,0,1,0,11.058836936950684,11.162924766540527,-0.10408782958984375,0.47388553619384766,0.5258697867393494
310,310,EXTERNAL_SAMPLE/0000310.png,degradation_poisoned,poisoned,0,1,1,8.9843111038208,7.310293674468994,1.6740174293518066,0.8092070817947388,0.1517200917005539
311,311,EXTERNAL_SAMPLE/0000311.png,degradation_poisoned,poisoned,0,1,0,8.908163070678711,10.654437065124512,-1.7462739944458008,0.1484229415655136,0.8509384989738464
312,312,EXTERNAL_SAMPLE/0000312.png,degradation_poisoned,poisoned,0,1,5,5.908893585205078,5.5047101974487305,0.40418338775634766,0.3074869215488434,0.2052541822195053
313,313,EXTERNAL_SAMPLE/0000313.png,degradation_poisoned,poisoned,0,1,0,8.208253860473633,11.277205467224121,-3.0689516067504883,0.044370610266923904,0.9548258185386658
314,314,EXTERNAL_SAMPLE/0000314.png,degradation_poisoned,poisoned,0,1,1,11.393403053283691,3.444978713989258,7.948424339294434,0.9963801503181458,0.000351939641404897
315,315,EXTERNAL_SAMPLE/0000315.png,degradation_poisoned,poisoned,0,1,0,8.851607322692871,10.048580169677734,-1.1969728469848633,0.2312675565481186,0.7655145525932312
316,316,EXTERNAL_SAMPLE/0000316.png,degradation_poisoned,poisoned,0,1,0,7.750932693481445,13.02574634552002,-5.274813652038574,0.005088565405458212,0.9940720200538635
317,317,EXTERNAL_SAMPLE/0000317.png,degradation_poisoned,poisoned,0,1,1,9.356109619140625,7.236213207244873,2.119896411895752,0.8768747448921204,0.1052636057138443
318,318,EXTERNAL_SAMPLE/0000318.png,degradation_poisoned,poisoned,0,1,0,6.404404163360596,8.570958137512207,-2.1665539741516113,0.1007532849907875,0.879390299320221
319,319,EXTERNAL_SAMPLE/0000319.png,degradation_poisoned,poisoned,0,1,0,8.435575485229492,8.54173755645752,-0.10616207122802734,0.47144991159439087,0.524253249168396
320,320,EXTERNAL_SAMPLE/0000320.png,degradation_poisoned,poisoned,0,1,1,5.889089107513428,4.824026107788086,1.0650629997253418,0.45384806394577026,0.1564442217350006
321,321,EXTERNAL_SAMPLE/0000321.png,degradation_poisoned,poisoned,0,1,0,8.242057800292969,16.84488296508789,-8.602825164794922,0.00018355240172240883,0.9998148083686829
322,322,EXTERNAL_SAMPLE/0000322.png,degradation_poisoned,poisoned,0,1,0,7.317160606384277,7.553808689117432,-0.2366480827331543,0.42957210540771484,0.5442657470703125
323,323,EXTERNAL_SAMPLE/0000323.png,degradation_poisoned,poisoned,0,1,0,7.252495288848877,8.505574226379395,-1.2530789375305176,0.22038039565086365,0.7715751528739929
324,324,EXTERNAL_SAMPLE/0000324.png,degradation_poisoned,poisoned,0,1,0,8.636686325073242,14.611983299255371,-5.975296974182129,0.002534253988415003,0.9974442720413208
325,325,EXTERNAL_SAMPLE/0000325.png,degradation_poisoned,poisoned,0,1,0,8.261627197265625,13.528656959533691,-5.267029762268066,0.005132127087563276,0.9948082566261292
326,326,EXTERNAL_SAMPLE/0000326.png,degradation_poisoned,poisoned,0,1,1,9.074307441711426,8.39718246459961,0.6771249771118164,0.6573219895362854,0.33396926522254944
327,327,EXTERNAL_SAMPLE/0000327.png,degradation_poisoned,poisoned,0,1,1,8.067558288574219,3.2749199867248535,4.792638301849365,0.9744011759757996,0.008078326471149921
328,328,EXTERNAL_SAMPLE/0000328.png,degradation_poisoned,poisoned,0,1,1,8.353106498718262,4.146396160125732,4.206710338592529,0.9603074193000793,0.014304056763648987
329,329,EXTERNAL_SAMPLE/0000329.png,degradation_poisoned,poisoned,0,1,1,7.48538875579834,7.055652618408203,0.4297361373901367,0.5922902226448059,0.38539186120033264
330,330,EXTERNAL_SAMPLE/0000330.png,degradation_poisoned,poisoned,0,1,0,6.217389106750488,7.5514631271362305,-1.3340740203857422,0.18077361583709717,0.6863031387329102
331,331,EXTERNAL_SAMPLE/0000331.png,degradation_poisoned,poisoned,0,1,1,8.28507137298584,6.861978530883789,1.4230928421020508,0.796085000038147,0.19183067977428436
332,332,EXTERNAL_SAMPLE/0000332.png,degradation_poisoned,poisoned,0,1,0,8.288386344909668,8.836695671081543,-0.548309326171875,0.3595293462276459,0.6221026182174683
333,333,EXTERNAL_SAMPLE/0000333.png,degradation_poisoned,poisoned,0,1,0,9.855050086975098,10.206268310546875,-0.35121822357177734,0.4126291275024414,0.5862624049186707
334,334,EXTERNAL_SAMPLE/0000334.png,degradation_poisoned,poisoned,0,1,0,5.002895832061768,17.17721939086914,-12.174324035644531,5.161248736840207e-06,0.9999920129776001
335,335,EXTERNAL_SAMPLE/0000335.png,degradation_poisoned,poisoned,0,1,0,7.485152721405029,15.773819923400879,-8.288667678833008,0.00025128433480858803,0.9997422099113464
336,336,EXTERNAL_SAMPLE/0000336.png,degradation_poisoned,poisoned,0,1,0,8.576272964477539,10.244087219238281,-1.6678142547607422,0.15856148302555084,0.8404660820960999
337,337,EXTERNAL_SAMPLE/0000337.png,degradation_poisoned,poisoned,0,1,1,9.551933288574219,5.574854373931885,3.977078914642334,0.9720793962478638,0.018217062577605247
338,338,EXTERNAL_SAMPLE/0000338.png,degradation_poisoned,poisoned,0,1,1,9.033233642578125,7.624358177185059,1.4088754653930664,0.8008872270584106,0.19575124979019165
339,339,EXTERNAL_SAMPLE/0000339.png,degradation_poisoned,poisoned,0,1,1,12.888677597045898,12.038909912109375,0.8497676849365234,0.7004021406173706,0.2994318902492523
340,340,EXTERNAL_SAMPLE/0000340.png,degradation_poisoned,poisoned,0,1,1,6.936010837554932,0.8008966445922852,6.1351141929626465,0.7095741033554077,0.0015365671133622527
341,341,EXTERNAL_SAMPLE/0000341.png,degradation_poisoned,poisoned,0,1,0,9.104937553405762,14.516178131103516,-5.411240577697754,0.004446163773536682,0.9955369234085083
342,342,EXTERNAL_SAMPLE/0000342.png,degradation_poisoned,poisoned,0,1,1,8.944624900817871,5.198911190032959,3.745713710784912,0.9144120812416077,0.02159728668630123
343,343,EXTERNAL_SAMPLE/0000343.png,degradation_poisoned,poisoned,0,1,0,7.825356483459473,12.278691291809082,-4.453334808349609,0.01150338351726532,0.9882898330688477
344,344,EXTERNAL_SAMPLE/0000344.png,degradation_poisoned,poisoned,0,1,0,6.681924819946289,7.165826797485352,-0.4839019775390625,0.36905938386917114,0.5987591743469238
345,345,EXTERNAL_SAMPLE/0000345.png,degradation_poisoned,poisoned,0,1,0,7.705063819885254,11.607447624206543,-3.902383804321289,0.01978752762079239,0.9798853993415833
346,346,EXTERNAL_SAMPLE/0000346.png,degradation_poisoned,poisoned,0,1,1,10.301054000854492,3.8264689445495605,6.474585056304932,0.9918471574783325,0.0015295660123229027
347,347,EXTERNAL_SAMPLE/0000347.png,degradation_poisoned,poisoned,0,1,0,8.441473007202148,11.560415267944336,-3.1189422607421875,0.042301762849092484,0.9569690823554993
348,348,EXTERNAL_SAMPLE/0000348.png,degradation_poisoned,poisoned,0,1,0,7.990391254425049,10.187005043029785,-2.1966137886047363,0.0999491810798645,0.8989933729171753
349,349,EXTERNAL_SAMPLE/0000349.png,degradation_poisoned,poisoned,0,1,0,9.99347972869873,15.172554969787598,-5.179075241088867,0.005601583514362574,0.9943851232528687
350,350,EXTERNAL_SAMPLE/0000350.png,degradation_poisoned,poisoned,0,1,0,9.100793838500977,12.620444297790527,-3.519650459289551,0.028753850609064102,0.9710928797721863
351,351,EXTERNAL_SAMPLE/0000351.png,degradation_poisoned,poisoned,0,1,1,8.492623329162598,3.583366870880127,4.909256458282471,0.763477087020874,0.005632912740111351
352,352,EXTERNAL_SAMPLE/0000352.png,degradation_poisoned,poisoned,0,1,0,7.783221244812012,8.145895004272461,-0.3626737594604492,0.4068702161312103,0.5847404599189758
353,353,EXTERNAL_SAMPLE/0000353.png,degradation_poisoned,poisoned,0,1,0,9.722640037536621,16.672866821289062,-6.950226783752441,0.0009574991418048739,0.9990414977073669
354,354,EXTERNAL_SAMPLE/0000354.png,degradation_poisoned,poisoned,0,1,1,8.409330368041992,7.7033867835998535,0.7059435844421387,0.6613984704017639,0.326494425535202
355,355,EXTERNAL_SAMPLE/0000355.png,degradation_poisoned,poisoned,0,1,0,6.724137306213379,8.648035049438477,-1.9238977432250977,0.12397978454828262,0.8489635586738586
356,356,EXTERNAL_SAMPLE/0000356.png,degradation_poisoned,poisoned,0,1,1,11.085144996643066,10.859482765197754,0.2256622314453125,0.5559287071228027,0.44362422823905945
357,357,EXTERNAL_SAMPLE/0000357.png,degradation_poisoned,poisoned,0,1,0,7.683041095733643,12.135354042053223,-4.45231294631958,0.011514585465192795,0.9882418513298035
358,358,EXTERNAL_SAMPLE/0000358.png,degradation_poisoned,poisoned,0,1,0,9.531454086303711,12.185502052307129,-2.654047966003418,0.06569529324769974,0.933625340461731
359,359,EXTERNAL_SAMPLE/0000359.png,degradation_poisoned,poisoned,0,1,1,10.677542686462402,8.099878311157227,2.577664375305176,0.9234565496444702,0.0701376274228096
360,360,EXTERNAL_SAMPLE/0000360.png,degradation_poisoned,poisoned,0,1,1,7.970909118652344,5.804245471954346,2.166663646697998,0.8839113712310791,0.10126017034053802
361,361,EXTERNAL_SAMPLE/0000361.png,degradation_poisoned,poisoned,0,1,0,7.966281890869141,12.063819885253906,-4.097537994384766,0.01633855514228344,0.9834488034248352
362,362,EXTERNAL_SAMPLE/0000362.png,degradation_poisoned,poisoned,0,1,0,9.19070053100586,9.52486515045166,-0.3341646194458008,0.41667333245277405,0.5819980502128601
363,363,EXTERNAL_SAMPLE/0000363.png,degradation_poisoned,poisoned,0,1,1,8.647196769714355,3.1307108402252197,5.516486167907715,0.9646333456039429,0.003877776674926281
364,364,EXTERNAL_SAMPLE/0000364.png,degradation_poisoned,poisoned,0,1,0,7.474086761474609,8.400250434875488,-0.9261636734008789,0.2782615125179291,0.7025559544563293
365,365,EXTERNAL_SAMPLE/0000365.png,degradation_poisoned,poisoned,0,1,0,7.224277973175049,8.379304885864258,-1.155026912689209,0.225575789809227,0.7160021662712097
366,366,EXTERNAL_SAMPLE/0000366.png,degradation_poisoned,poisoned,0,1,1,13.916695594787598,8.627274513244629,5.289421081542969,0.9944028258323669,0.005016443785279989
367,367,EXTERNAL_SAMPLE/0000367.png,degradation_poisoned,poisoned,0,1,1,8.163412094116211,5.9223809242248535,2.2410311698913574,0.8926072716712952,0.09492769837379456
368,368,EXTERNAL_SAMPLE/0000368.png,degradation_poisoned,poisoned,0,1,0,10.285472869873047,10.921457290649414,-0.6359844207763672,0.34596753120422363,0.6534914374351501
369,369,EXTERNAL_SAMPLE/0000369.png,degradation_poisoned,poisoned,0,1,1,11.02057933807373,4.543055057525635,6.477524280548096,0.9975236058235168,0.0015338050434365869
370,370,EXTERNAL_SAMPLE/0000370.png,degradation_poisoned,poisoned,0,1,1,16.977458953857422,7.782041549682617,9.195417404174805,0.9998971223831177,0.0001014930458040908
371,371,EXTERNAL_SAMPLE/0000371.png,degradation_poisoned,poisoned,0,1,0,6.744821071624756,8.133142471313477,-1.3883213996887207,0.197239950299263,0.7905607223510742
372,372,EXTERNAL_SAMPLE/0000372.png,degradation_poisoned,poisoned,0,1,0,6.523160457611084,9.917071342468262,-3.3939108848571777,0.0324002169072628,0.9649497270584106
373,373,EXTERNAL_SAMPLE/0000373.png,degradation_poisoned,poisoned,0,1,1,9.40122127532959,7.550008296966553,1.851212978363037,0.8575828671455383,0.13468043506145477
374,374,EXTERNAL_SAMPLE/0000374.png,degradation_poisoned,poisoned,0,1,0,8.231305122375488,8.749802589416504,-0.5184974670410156,0.37098976969718933,0.6230781078338623
375,375,EXTERNAL_SAMPLE/0000375.png,degradation_poisoned,poisoned,0,1,1,11.9607572555542,3.7266526222229004,8.23410415649414,0.9994833469390869,0.0002653075207490474
376,376,EXTERNAL_SAMPLE/0000376.png,degradation_poisoned,poisoned,0,1,0,8.335183143615723,11.093123435974121,-2.7579402923583984,0.05958009511232376,0.9394192695617676
377,377,EXTERNAL_SAMPLE/0000377.png,degradation_poisoned,poisoned,0,1,0,7.500054359436035,7.821428298950195,-0.32137393951416016,0.3339397609233856,0.4605100154876709
378,378,EXTERNAL_SAMPLE/0000378.png,degradation_poisoned,poisoned,0,1,0,6.59484338760376,11.911480903625488,-5.3166375160217285,0.004883853252977133,0.9948301911354065
379,379,EXTERNAL_SAMPLE/0000379.png,degradation_poisoned,poisoned,0,1,0,8.551834106445312,10.954856872558594,-2.4030227661132812,0.0827326700091362,0.9147376418113708
380,380,EXTERNAL_SAMPLE/0000380.png,degradation_poisoned,poisoned,0,1,0,9.32774543762207,17.706998825073242,-8.379253387451172,0.0002295284066349268,0.9997696280479431
381,381,EXTERNAL_SAMPLE/0000381.png,degradation_poisoned,poisoned,0,1,0,8.353261947631836,9.982808113098145,-1.6295461654663086,0.16337519884109497,0.8334681987762451
382,382,EXTERNAL_SAMPLE/0000382.png,degradation_poisoned,poisoned,0,1,1,8.286928176879883,6.815667629241943,1.4712605476379395,0.8027303814888,0.18433566391468048
383,383,EXTERNAL_SAMPLE/0000383.png,degradation_poisoned,poisoned,0,1,1,7.64498233795166,5.575435638427734,2.069546699523926,0.8458205461502075,0.10677891969680786
384,384,EXTERNAL_SAMPLE/0000384.png,degradation_poisoned,poisoned,0,1,0,7.835275173187256,9.689995765686035,-1.8547205924987793,0.1350046843290329,0.8626680970191956
385,385,EXTERNAL_SAMPLE/0000385.png,degradation_poisoned,poisoned,0,1,1,9.180083274841309,7.580456733703613,1.5996265411376953,0.8287665247917175,0.16738757491111755
386,386,EXTERNAL_SAMPLE/0000386.png,degradation_poisoned,poisoned,0,1,1,10.739531517028809,10.734213829040527,0.00531768798828125,0.5007007718086243,0.49804529547691345
387,387,EXTERNAL_SAMPLE/0000387.png,degradation_poisoned,poisoned,1,1,1,25.945941925048828,25.945941925048828,0.0,1.0,1.0
388,388,EXTERNAL_SAMPLE/0000388.png,degradation_poisoned,poisoned,1,1,1,22.600492477416992,22.600492477416992,0.0,1.0,1.0
389,389,EXTERNAL_SAMPLE/0000389.png,degradation_poisoned,poisoned,1,1,1,20.002592086791992,20.002592086791992,0.0,1.0,1.0
390,390,EXTERNAL_SAMPLE/0000390.png,degradation_poisoned,poisoned,1,1,1,19.787111282348633,19.787111282348633,0.0,0.9999998807907104,0.9999998807907104
391,391,EXTERNAL_SAMPLE/0000391.png,degradation_poisoned,poisoned,1,1,1,20.163177490234375,20.163177490234375,0.0,0.9999998807907104,0.9999998807907104
392,392,EXTERNAL_SAMPLE/0000392.png,degradation_poisoned,poisoned,1,1,1,18.929454803466797,18.929454803466797,0.0,0.9999997615814209,0.9999997615814209
393,393,EXTERNAL_SAMPLE/0000393.png,degradation_poisoned,poisoned,1,1,1,15.237909317016602,15.237909317016602,0.0,0.999988317489624,0.999988317489624
394,394,EXTERNAL_SAMPLE/0000394.png,degradation_poisoned,poisoned,1,1,1,10.334068298339844,10.334068298339844,0.0,0.9950128197669983,0.9950128197669983
395,395,EXTERNAL_SAMPLE/0000395.png,degradation_poisoned,poisoned,1,1,1,14.07718276977539,14.07718276977539,0.0,0.9999526739120483,0.9999526739120483
396,396,EXTERNAL_SAMPLE/0000396.png,degradation_poisoned,poisoned,1,1,1,25.29253578186035,25.29253578186035,0.0,1.0,1.0
397,397,EXTERNAL_SAMPLE/0000397.png,degradation_poisoned,poisoned,1,1,1,14.576363563537598,14.576363563537598,0.0,0.9985160231590271,0.9985160231590271
398,398,EXTERNAL_SAMPLE/0000398.png,degradation_poisoned,poisoned,1,1,1,19.50776481628418,19.50776481628418,0.0,0.9999986886978149,0.9999986886978149
399,399,EXTERNAL_SAMPLE/0000399.png,degradation_poisoned,poisoned,1,1,1,32.399444580078125,32.399444580078125,0.0,1.0,1.0
400,400,EXTERNAL_SAMPLE/0000400.png,degradation_poisoned,poisoned,1,1,1,22.27187728881836,22.27187728881836,0.0,1.0,1.0
401,401,EXTERNAL_SAMPLE/0000401.png,degradation_poisoned,poisoned,1,1,1,25.868877410888672,25.868877410888672,0.0,1.0,1.0
402,402,EXTERNAL_SAMPLE/0000402.png,degradation_poisoned,poisoned,1,1,1,21.233835220336914,21.233835220336914,0.0,1.0,1.0
403,403,EXTERNAL_SAMPLE/0000403.png,degradation_poisoned,poisoned,1,1,1,17.47917938232422,17.47917938232422,0.0,0.9999991655349731,0.9999991655349731
404,404,EXTERNAL_SAMPLE/0000404.png,degradation_poisoned,poisoned,1,1,1,25.455476760864258,25.455476760864258,0.0,1.0,1.0
405,405,EXTERNAL_SAMPLE/0000405.png,degradation_poisoned,poisoned,1,1,1,10.611510276794434,10.611510276794434,0.0,0.99752277135849,0.99752277135849
406,406,EXTERNAL_SAMPLE/0000406.png,degradation_poisoned,poisoned,1,1,1,12.1367769241333,12.1367769241333,0.0,0.9995530247688293,0.9995530247688293
407,407,EXTERNAL_SAMPLE/0000407.png,degradation_poisoned,poisoned,1,1,1,15.478876113891602,15.478876113891602,0.0,0.9999812841415405,0.9999812841415405
408,408,EXTERNAL_SAMPLE/0000408.png,degradation_poisoned,poisoned,1,1,1,20.249902725219727,20.249902725219727,0.0,1.0,1.0
409,409,EXTERNAL_SAMPLE/0000409.png,degradation_poisoned,poisoned,1,1,1,16.604461669921875,16.604461669921875,0.0,0.9999516010284424,0.9999516010284424
410,410,EXTERNAL_SAMPLE/0000410.png,degradation_poisoned,poisoned,1,1,1,14.565905570983887,14.565905570983887,0.0,0.9999386072158813,0.9999386072158813
411,411,EXTERNAL_SAMPLE/0000411.png,degradation_poisoned,poisoned,1,1,1,14.34424877166748,14.34424877166748,0.0,0.99996018409729,0.99996018409729
412,412,EXTERNAL_SAMPLE/0000412.png,degradation_poisoned,poisoned,1,1,1,18.682336807250977,18.682336807250977,0.0,0.9999992847442627,0.9999992847442627
413,413,EXTERNAL_SAMPLE/0000413.png,degradation_poisoned,poisoned,1,1,1,22.557588577270508,22.557588577270508,0.0,1.0,1.0
414,414,EXTERNAL_SAMPLE/0000414.png,degradation_poisoned,poisoned,1,1,1,16.991621017456055,16.991621017456055,0.0,0.999992847442627,0.999992847442627
415,415,EXTERNAL_SAMPLE/0000415.png,degradation_poisoned,poisoned,1,1,1,21.179100036621094,21.179100036621094,0.0,1.0,1.0
416,416,EXTERNAL_SAMPLE/0000416.png,degradation_poisoned,poisoned,1,1,1,12.220663070678711,12.220663070678711,0.0,0.9983229041099548,0.9983229041099548
417,417,EXTERNAL_SAMPLE/0000417.png,degradation_poisoned,poisoned,1,1,1,13.135801315307617,13.135801315307617,0.0,0.9992882609367371,0.9992882609367371
418,418,EXTERNAL_SAMPLE/0000418.png,degradation_poisoned,poisoned,1,1,1,21.96138572692871,21.96138572692871,0.0,1.0,1.0
419,419,EXTERNAL_SAMPLE/0000419.png,degradation_poisoned,poisoned,1,1,1,22.209285736083984,22.209285736083984,0.0,1.0,1.0
420,420,EXTERNAL_SAMPLE/0000420.png,degradation_poisoned,poisoned,1,1,1,29.7418270111084,29.7418270111084,0.0,1.0,1.0
421,421,EXTERNAL_SAMPLE/0000421.png,degradation_poisoned,poisoned,1,1,1,22.30760955810547,22.30760955810547,0.0,1.0,1.0
422,422,EXTERNAL_SAMPLE/0000422.png,degradation_poisoned,poisoned,1,1,1,13.884570121765137,13.884570121765137,0.0,0.9999488592147827,0.9999488592147827
423,423,EXTERNAL_SAMPLE/0000423.png,degradation_poisoned,poisoned,1,1,1,10.455928802490234,10.455928802490234,0.0,0.9978228807449341,0.9978228807449341
424,424,EXTERNAL_SAMPLE/0000424.png,degradation_poisoned,poisoned,1,1,1,20.015594482421875,20.015594482421875,0.0,1.0,1.0
425,425,EXTERNAL_SAMPLE/0000425.png,degradation_poisoned,poisoned,1,1,1,9.855116844177246,9.855116844177246,0.0,0.9924024343490601,0.9924024343490601
426,426,EXTERNAL_SAMPLE/0000426.png,degradation_poisoned,poisoned,1,1,1,8.65438461303711,8.65438461303711,0.0,0.9749069213867188,0.9749069213867188
427,427,EXTERNAL_SAMPLE/0000427.png,degradation_poisoned,poisoned,1,1,1,9.380260467529297,9.380260467529297,0.0,0.992607593536377,0.992607593536377
428,428,EXTERNAL_SAMPLE/0000428.png,degradation_poisoned,poisoned,1,1,1,6.6783905029296875,6.6783905029296875,0.0,0.4933106303215027,0.4933106303215027
429,429,EXTERNAL_SAMPLE/0000429.png,degradation_poisoned,poisoned,1,1,1,12.597488403320312,12.597488403320312,0.0,0.9990416169166565,0.9990416169166565
430,430,EXTERNAL_SAMPLE/0000430.png,degradation_poisoned,poisoned,1,1,1,14.819829940795898,14.819829940795898,0.0,0.999988317489624,0.999988317489624
431,431,EXTERNAL_SAMPLE/0000431.png,degradation_poisoned,poisoned,1,1,1,13.985727310180664,13.985727310180664,0.0,0.9997934699058533,0.9997934699058533
432,432,EXTERNAL_SAMPLE/0000432.png,degradation_poisoned,poisoned,1,1,1,10.03085994720459,10.03085994720459,0.0,0.9704371094703674,0.9704371094703674
433,433,EXTERNAL_SAMPLE/0000433.png,degradation_poisoned,poisoned,1,1,1,19.527755737304688,19.527755737304688,0.0,0.9999988079071045,0.9999988079071045
434,434,EXTERNAL_SAMPLE/0000434.png,degradation_poisoned,poisoned,1,1,1,20.829174041748047,20.829174041748047,0.0,1.0,1.0
435,435,EXTERNAL_SAMPLE/0000435.png,degradation_poisoned,poisoned,1,1,1,18.671905517578125,18.671905517578125,0.0,0.999998927116394,0.999998927116394
436,436,EXTERNAL_SAMPLE/0000436.png,degradation_poisoned,poisoned,1,1,1,19.93798828125,19.93798828125,0.0,1.0,1.0
437,437,EXTERNAL_SAMPLE/0000437.png,degradation_poisoned,poisoned,1,1,1,11.013711929321289,11.013711929321289,0.0,0.9988666772842407,0.9988666772842407
438,438,EXTERNAL_SAMPLE/0000438.png,degradation_poisoned,poisoned,1,1,1,14.161413192749023,14.161413192749023,0.0,0.9998332262039185,0.9998332262039185
439,439,EXTERNAL_SAMPLE/0000439.png,degradation_poisoned,poisoned,1,1,1,12.471259117126465,12.471259117126465,0.0,0.9997732043266296,0.9997732043266296
440,440,EXTERNAL_SAMPLE/0000440.png,degradation_poisoned,poisoned,1,1,1,14.693580627441406,14.693580627441406,0.0,0.9999707937240601,0.9999707937240601
441,441,EXTERNAL_SAMPLE/0000441.png,degradation_poisoned,poisoned,1,1,1,16.28244972229004,16.28244972229004,0.0,0.999993085861206,0.999993085861206
442,442,EXTERNAL_SAMPLE/0000442.png,degradation_poisoned,poisoned,1,1,1,31.173439025878906,31.173439025878906,0.0,1.0,1.0
443,443,EXTERNAL_SAMPLE/0000443.png,degradation_poisoned,poisoned,1,1,1,18.037551879882812,18.037551879882812,0.0,0.9999966621398926,0.9999966621398926
444,444,EXTERNAL_SAMPLE/0000444.png,degradation_poisoned,poisoned,1,1,1,13.353894233703613,13.353894233703613,0.0,0.9998515844345093,0.9998515844345093
445,445,EXTERNAL_SAMPLE/0000445.png,degradation_poisoned,poisoned,1,1,1,21.242210388183594,21.242210388183594,0.0,1.0,1.0
446,446,EXTERNAL_SAMPLE/0000446.png,degradation_poisoned,poisoned,1,1,1,8.686186790466309,8.686186790466309,0.0,0.9800461530685425,0.9800461530685425
447,447,EXTERNAL_SAMPLE/0000447.png,degradation_poisoned,poisoned,1,1,1,19.194520950317383,19.194520950317383,0.0,0.9999998807907104,0.9999998807907104
448,448,EXTERNAL_SAMPLE/0000448.png,degradation_poisoned,poisoned,1,1,1,16.381515502929688,16.381515502929688,0.0,0.9999068975448608,0.9999068975448608
449,449,EXTERNAL_SAMPLE/0000449.png,degradation_poisoned,poisoned,1,1,1,18.519906997680664,18.519906997680664,0.0,0.9999996423721313,0.9999996423721313
450,450,EXTERNAL_SAMPLE/0000450.png,degradation_poisoned,poisoned,1,1,1,25.348037719726562,25.348037719726562,0.0,1.0,1.0
451,451,EXTERNAL_SAMPLE/0000451.png,degradation_poisoned,poisoned,1,1,1,17.755847930908203,17.755847930908203,0.0,0.9999703168869019,0.9999703168869019
452,452,EXTERNAL_SAMPLE/0000452.png,degradation_poisoned,poisoned,1,1,1,9.206568717956543,9.206568717956543,0.0,0.9879674315452576,0.9879674315452576
453,453,EXTERNAL_SAMPLE/0000453.png,degradation_poisoned,poisoned,1,1,1,19.871219635009766,19.871219635009766,0.0,0.9999997615814209,0.9999997615814209
454,454,EXTERNAL_SAMPLE/0000454.png,degradation_poisoned,poisoned,1,1,1,11.55567741394043,11.55567741394043,0.0,0.9992094039916992,0.9992094039916992
455,455,EXTERNAL_SAMPLE/0000455.png,degradation_poisoned,poisoned,1,1,1,24.581504821777344,24.581504821777344,0.0,1.0,1.0
456,456,EXTERNAL_SAMPLE/0000456.png,degradation_poisoned,poisoned,1,1,1,12.564544677734375,12.564544677734375,0.0,0.9994747042655945,0.9994747042655945
457,457,EXTERNAL_SAMPLE/0000457.png,degradation_poisoned,poisoned,1,1,1,19.495264053344727,19.495264053344727,0.0,1.0,1.0
458,458,EXTERNAL_SAMPLE/0000458.png,degradation_poisoned,poisoned,1,1,1,13.036601066589355,13.036601066589355,0.0,0.9997292160987854,0.9997292160987854
459,459,EXTERNAL_SAMPLE/0000459.png,degradation_poisoned,poisoned,1,1,1,18.42062759399414,18.42062759399414,0.0,0.9999887943267822,0.9999887943267822
460,460,EXTERNAL_SAMPLE/0000460.png,degradation_poisoned,poisoned,1,1,1,13.59050178527832,13.59050178527832,0.0,0.999859094619751,0.999859094619751
461,461,EXTERNAL_SAMPLE/0000461.png,degradation_poisoned,poisoned,1,1,1,17.810894012451172,17.810894012451172,0.0,0.9999793767929077,0.9999793767929077
462,462,EXTERNAL_SAMPLE/0000462.png,degradation_poisoned,poisoned,1,1,1,22.161710739135742,22.161710739135742,0.0,1.0,1.0
463,463,EXTERNAL_SAMPLE/0000463.png,degradation_poisoned,poisoned,1,1,1,14.668766021728516,14.668766021728516,0.0,0.9999499320983887,0.9999499320983887
464,464,EXTERNAL_SAMPLE/0000464.png,degradation_poisoned,poisoned,1,1,1,25.900318145751953,25.900318145751953,0.0,1.0,1.0
465,465,EXTERNAL_SAMPLE/0000465.png,degradation_poisoned,poisoned,1,1,1,21.18377685546875,21.18377685546875,0.0,1.0,1.0
466,466,EXTERNAL_SAMPLE/0000466.png,degradation_poisoned,poisoned,1,1,1,6.221982955932617,6.221982955932617,0.0,0.8162674903869629,0.8162674903869629
467,467,EXTERNAL_SAMPLE/0000467.png,degradation_poisoned,poisoned,1,1,1,9.983573913574219,9.983573913574219,0.0,0.9954853057861328,0.9954853057861328
468,468,EXTERNAL_SAMPLE/0000468.png,degradation_poisoned,poisoned,1,1,1,24.254100799560547,24.254100799560547,0.0,1.0,1.0
469,469,EXTERNAL_SAMPLE/0000469.png,degradation_poisoned,poisoned,1,1,1,20.533491134643555,20.533491134643555,0.0,0.9999998807907104,0.9999998807907104
470,470,EXTERNAL_SAMPLE/0000470.png,degradation_poisoned,poisoned,1,1,1,11.893696784973145,11.893696784973145,0.0,0.9955583810806274,0.9955583810806274
471,471,EXTERNAL_SAMPLE/0000471.png,degradation_poisoned,poisoned,1,1,1,16.528696060180664,16.528696060180664,0.0,0.9999792575836182,0.9999792575836182
472,472,EXTERNAL_SAMPLE/0000472.png,degradation_poisoned,poisoned,1,1,1,17.15509605407715,17.15509605407715,0.0,0.9999983310699463,0.9999983310699463
473,473,EXTERNAL_SAMPLE/0000473.png,degradation_poisoned,poisoned,1,1,1,27.600793838500977,27.600793838500977,0.0,1.0,1.0
474,474,EXTERNAL_SAMPLE/0000474.png,degradation_poisoned,poisoned,1,1,1,26.90255355834961,26.90255355834961,0.0,1.0,1.0
475,475,EXTERNAL_SAMPLE/0000475.png,degradation_poisoned,poisoned,1,1,1,13.176494598388672,13.176494598388672,0.0,0.9912591576576233,0.9912591576576233
476,476,EXTERNAL_SAMPLE/0000476.png,degradation_poisoned,poisoned,1,1,1,19.77696990966797,19.77696990966797,0.0,1.0,1.0
477,477,EXTERNAL_SAMPLE/0000477.png,degradation_poisoned,poisoned,1,1,1,20.165966033935547,20.165966033935547,0.0,1.0,1.0
478,478,EXTERNAL_SAMPLE/0000478.png,degradation_poisoned,poisoned,1,1,1,10.527865409851074,10.527865409851074,0.0,0.9875013828277588,0.9875013828277588
479,479,EXTERNAL_SAMPLE/0000479.png,degradation_poisoned,poisoned,1,1,1,30.622425079345703,30.622425079345703,0.0,1.0,1.0
480,480,EXTERNAL_SAMPLE/0000480.png,degradation_poisoned,poisoned,1,1,1,27.671653747558594,27.671653747558594,0.0,1.0,1.0
481,481,EXTERNAL_SAMPLE/0000481.png,degradation_poisoned,poisoned,1,1,1,21.19015884399414,21.19015884399414,0.0,1.0,1.0
482,482,EXTERNAL_SAMPLE/0000482.png,degradation_poisoned,poisoned,1,1,1,12.117741584777832,12.117741584777832,0.0,0.9985866546630859,0.9985866546630859
483,483,EXTERNAL_SAMPLE/0000483.png,degradation_poisoned,poisoned,1,1,1,21.511476516723633,21.511476516723633,0.0,1.0,1.0
484,484,EXTERNAL_SAMPLE/0000484.png,degradation_poisoned,poisoned,1,1,1,20.690202713012695,20.690202713012695,0.0,0.9999992847442627,0.9999992847442627
485,485,EXTERNAL_SAMPLE/0000485.png,degradation_poisoned,poisoned,1,1,1,27.970932006835938,27.970932006835938,0.0,1.0,1.0
486,486,EXTERNAL_SAMPLE/0000486.png,degradation_poisoned,poisoned,1,1,1,11.269047737121582,11.269047737121582,0.0,0.9987254738807678,0.9987254738807678
487,487,EXTERNAL_SAMPLE/0000487.png,degradation_poisoned,poisoned,1,1,1,12.286443710327148,12.286443710327148,0.0,0.9988635778427124,0.9988635778427124
488,488,EXTERNAL_SAMPLE/0000488.png,degradation_poisoned,poisoned,1,1,1,17.53428077697754,17.53428077697754,0.0,0.9999979734420776,0.9999979734420776
489,489,EXTERNAL_SAMPLE/0000489.png,degradation_poisoned,poisoned,1,1,1,19.424190521240234,19.424190521240234,0.0,0.9999986886978149,0.9999986886978149
490,490,EXTERNAL_SAMPLE/0000490.png,degradation_poisoned,poisoned,1,1,1,20.83749008178711,20.83749008178711,0.0,0.9999998807907104,0.9999998807907104
491,491,EXTERNAL_SAMPLE/0000491.png,degradation_poisoned,poisoned,1,1,1,18.199939727783203,18.199939727783203,0.0,0.9999988079071045,0.9999988079071045
492,492,EXTERNAL_SAMPLE/0000492.png,degradation_poisoned,poisoned,1,1,1,18.917726516723633,18.917726516723633,0.0,0.9999994039535522,0.9999994039535522
493,493,EXTERNAL_SAMPLE/0000493.png,degradation_poisoned,poisoned,1,1,1,15.29956340789795,15.29956340789795,0.0,0.9999822378158569,0.9999822378158569
494,494,EXTERNAL_SAMPLE/0000494.png,degradation_poisoned,poisoned,1,1,1,18.21745491027832,18.21745491027832,0.0,0.9999979734420776,0.9999979734420776
495,495,EXTERNAL_SAMPLE/0000495.png,degradation_poisoned,poisoned,1,1,1,20.212512969970703,20.212512969970703,0.0,1.0,1.0
496,496,EXTERNAL_SAMPLE/0000496.png,degradation_poisoned,poisoned,1,1,1,31.767959594726562,31.767959594726562,0.0,1.0,1.0
497,497,EXTERNAL_SAMPLE/0000497.png,degradation_poisoned,poisoned,1,1,1,11.93993091583252,11.93993091583252,0.0,0.9991145730018616,0.9991145730018616
498,498,EXTERNAL_SAMPLE/0000498.png,degradation_poisoned,poisoned,1,1,1,20.914398193359375,20.914398193359375,0.0,0.9999998807907104,0.9999998807907104
499,499,EXTERNAL_SAMPLE/0000499.png,degradation_poisoned,poisoned,1,1,1,18.613910675048828,18.613910675048828,0.0,0.9999972581863403,0.9999972581863403
500,500,EXTERNAL_SAMPLE/0000500.png,degradation_poisoned,poisoned,1,1,1,17.921283721923828,17.921283721923828,0.0,0.9999992847442627,0.9999992847442627
501,501,EXTERNAL_SAMPLE/0000501.png,degradation_poisoned,poisoned,1,1,1,13.454215049743652,13.454215049743652,0.0,0.9999240636825562,0.9999240636825562
502,502,EXTERNAL_SAMPLE/0000502.png,degradation_poisoned,poisoned,1,1,1,16.11815071105957,16.11815071105957,0.0,0.9999942779541016,0.9999942779541016
503,503,EXTERNAL_SAMPLE/0000503.png,degradation_poisoned,poisoned,1,1,1,15.056267738342285,15.056267738342285,0.0,0.9999868869781494,0.9999868869781494
504,504,EXTERNAL_SAMPLE/0000504.png,degradation_poisoned,poisoned,1,1,1,18.1438045501709,18.1438045501709,0.0,0.9999992847442627,0.9999992847442627
505,505,EXTERNAL_SAMPLE/0000505.png,degradation_poisoned,poisoned,1,1,1,24.100399017333984,24.100399017333984,0.0,1.0,1.0
506,506,EXTERNAL_SAMPLE/0000506.png,degradation_poisoned,poisoned,1,1,1,16.188373565673828,16.188373565673828,0.0,0.9999911785125732,0.9999911785125732
507,507,EXTERNAL_SAMPLE/0000507.png,degradation_poisoned,poisoned,1,1,1,29.60171890258789,29.60171890258789,0.0,1.0,1.0
508,508,EXTERNAL_SAMPLE/0000508.png,degradation_poisoned,poisoned,1,1,1,14.05978775024414,14.05978775024414,0.0,0.9999339580535889,0.9999339580535889
509,509,EXTERNAL_SAMPLE/0000509.png,degradation_poisoned,poisoned,1,1,1,24.769058227539062,24.769058227539062,0.0,1.0,1.0
510,510,EXTERNAL_SAMPLE/0000510.png,degradation_poisoned,poisoned,1,1,1,15.611069679260254,15.611069679260254,0.0,0.9990749359130859,0.9990749359130859
511,511,EXTERNAL_SAMPLE/0000511.png,degradation_poisoned,poisoned,1,1,1,20.067062377929688,20.067062377929688,0.0,0.9999991655349731,0.9999991655349731
0,0,EXTERNAL_SAMPLE/0000000.png,restoration_clean,clean,0,1,3,2.4096970558166504,7.631474018096924,-5.221776962280273,0.0015336928190663457,0.28413668274879456
1,1,EXTERNAL_SAMPLE/0000001.png,restoration_clean,clean,0,1,0,2.351855993270874,7.845890998840332,-5.494034767150879,0.0036773288156837225,0.8944610357284546
2,2,EXTERNAL_SAMPLE/0000002.png,restoration_clean,clean,0,1,0,1.0467060804367065,15.857588768005371,-14.810882568359375,3.695828922900546e-07,0.999991774559021
3,3,EXTERNAL_SAMPLE/0000003.png,restoration_clean,clean,0,1,0,2.557563304901123,17.608291625976562,-15.050727844238281,2.9077096996843466e-07,0.9999979734420776
4,4,EXTERNAL_SAMPLE/0000004.png,restoration_clean,clean,0,1,4,2.2400832176208496,4.342669486999512,-2.102586269378662,0.012639714404940605,0.1034853607416153
5,5,EXTERNAL_SAMPLE/0000005.png,restoration_clean,clean,0,1,0,1.3360991477966309,8.571487426757812,-7.235388278961182,0.0007010685512796044,0.9728584289550781
6,6,EXTERNAL_SAMPLE/0000006.png,restoration_clean,clean,0,1,0,2.4759585857391357,12.601080894470215,-10.1251220703125,4.0046859794529155e-05,0.999661922454834
7,7,EXTERNAL_SAMPLE/0000007.png,restoration_clean,clean,0,1,0,3.5300607681274414,8.45121955871582,-4.921158790588379,0.0068779331631958485,0.9433873891830444
8,8,EXTERNAL_SAMPLE/0000008.png,restoration_clean,clean,0,1,0,3.9366023540496826,9.861106872558594,-5.924504280090332,0.002659010933712125,0.9947172999382019
9,9,EXTERNAL_SAMPLE/0000009.png,restoration_clean,clean,0,1,0,1.7607464790344238,9.92347526550293,-8.162729263305664,0.0002839602530002594,0.9960606694221497
10,10,EXTERNAL_SAMPLE/0000010.png,restoration_clean,clean,0,1,0,3.3692336082458496,5.177452564239502,-1.8082189559936523,0.09012087434530258,0.5496989488601685
11,11,EXTERNAL_SAMPLE/0000011.png,restoration_clean,clean,0,1,1,8.25488567352295,4.596174240112305,3.6587114334106445,0.5962890982627869,0.015363801270723343
12,12,EXTERNAL_SAMPLE/0000012.png,restoration_clean,clean,0,1,3,2.9831154346466064,4.576200008392334,-1.5930845737457275,0.048342954367399216,0.23779405653476715
13,13,EXTERNAL_SAMPLE/0000013.png,restoration_clean,clean,0,1,3,3.6310129165649414,6.5030388832092285,-2.872025966644287,0.018986430019140244,0.335543155670166
14,14,EXTERNAL_SAMPLE/0000014.png,restoration_clean,clean,0,1,0,3.0059096813201904,17.440250396728516,-14.434340476989746,5.385730332818639e-07,0.9999977350234985
15,15,EXTERNAL_SAMPLE/0000015.png,restoration_clean,clean,0,1,0,1.1892114877700806,11.412073135375977,-10.222861289978027,3.6200915928930044e-05,0.9964415431022644
16,16,EXTERNAL_SAMPLE/0000016.png,restoration_clean,clean,0,1,3,1.2653141021728516,1.742196798324585,-0.4768826961517334,0.006360948085784912,0.010247768834233284
17,17,EXTERNAL_SAMPLE/0000017.png,restoration_clean,clean,0,1,0,3.8117191791534424,9.74779224395752,-5.936073303222656,0.0025996265467256308,0.9838182330131531
18,18,EXTERNAL_SAMPLE/0000018.png,restoration_clean,clean,0,1,0,2.5357282161712646,10.385326385498047,-7.849597930908203,0.00038879524799995124,0.9971442818641663
19,19,EXTERNAL_SAMPLE/0000019.png,restoration_clean,clean,0,1,0,3.031203269958496,5.732563018798828,-2.701359748840332,0.0467347726225853,0.6963471174240112
20,20,EXTERNAL_SAMPLE/0000020.png,restoration_clean,clean,0,1,0,2.5103352069854736,16.520462036132812,-14.010127067565918,8.231464221353235e-07,0.9999953508377075
21,21,EXTERNAL_SAMPLE/0000021.png,restoration_clean,clean,0,1,5,1.2272908687591553,2.335764169692993,-1.108473300933838,0.004129445645958185,0.012511106207966805
22,22,EXTERNAL_SAMPLE/0000022.png,restoration_clean,clean,0,1,0,1.7350940704345703,10.299988746643066,-8.564894676208496,0.0001892111758934334,0.9922778606414795
23,23,EXTERNAL_SAMPLE/0000023.png,restoration_clean,clean,0,1,0,1.5187726020812988,9.117355346679688,-7.598582744598389,0.0004885559901595116,0.9748479723930359
24,24,EXTERNAL_SAMPLE/0000024.png,restoration_clean,clean,0,1,0,3.722371816635132,6.395643711090088,-2.673271894454956,0.046676699072122574,0.6762190461158752
25,25,EXTERNAL_SAMPLE/0000025.png,restoration_clean,clean,0,1,0,2.4674313068389893,16.17099952697754,-13.703568458557129,1.118434965974302e-06,0.999988317489624
26,26,EXTERNAL_SAMPLE/0000026.png,restoration_clean,clean,0,1,0,4.269789218902588,6.806012153625488,-2.5362229347229004,0.04823863133788109,0.6093441247940063
27,27,EXTERNAL_SAMPLE/0000027.png,restoration_clean,clean,0,1,0,1.1653704643249512,12.748852729797363,-11.58348274230957,9.313834198110271e-06,0.9994731545448303
28,28,EXTERNAL_SAMPLE/0000028.png,restoration_clean,clean,0,1,0,2.0479989051818848,10.96920108795166,-8.921201705932617,0.00013326069165486842,0.99800044298172
29,29,EXTERNAL_SAMPLE/0000029.png,restoration_clean,clean,0,1,0,2.1275813579559326,13.085126876831055,-10.957545280456543,1.7421956727048382e-05,0.9997660517692566
30,30,EXTERNAL_SAMPLE/0000030.png,restoration_clean,clean,0,1,0,2.2447986602783203,13.285274505615234,-11.040475845336914,1.603736927791033e-05,0.9998867511749268
31,31,EXTERNAL_SAMPLE/0000031.png,restoration_clean,clean,0,1,0,4.9804558753967285,11.975851058959961,-6.995395183563232,0.0009143411880359054,0.9980902075767517
32,32,EXTERNAL_SAMPLE/0000032.png,restoration_clean,clean,0,1,0,1.85389244556427,13.432028770446777,-11.578136444091797,9.367588063469157e-06,0.9998815059661865
33,33,EXTERNAL_SAMPLE/0000033.png,restoration_clean,clean,0,1,0,2.1142959594726562,9.310925483703613,-7.196629524230957,0.000736855436116457,0.9836459159851074
34,34,EXTERNAL_SAMPLE/0000034.png,restoration_clean,clean,0,1,5,2.125950574874878,5.101911544799805,-2.9759609699249268,0.0030734746251255274,0.06026611104607582
35,35,EXTERNAL_SAMPLE/0000035.png,restoration_clean,clean,0,1,0,2.306673526763916,9.30740737915039,-7.000733852386475,0.0008923467248678207,0.9792953729629517
36,36,EXTERNAL_SAMPLE/0000036.png,restoration_clean,clean,0,1,0,1.3971589803695679,14.487069129943848,-13.089910507202148,2.0658931134676095e-06,0.999962568283081
37,37,EXTERNAL_SAMPLE/0000037.png,restoration_clean,clean,0,1,8,1.9911746978759766,4.168458461761475,-2.177283763885498,0.020863430574536324,0.1840636432170868
38,38,EXTERNAL_SAMPLE/0000038.png,restoration_clean,clean,0,1,0,1.0482975244522095,10.29248332977295,-9.244185447692871,9.635212336434051e-05,0.9966897964477539
39,39,EXTERNAL_SAMPLE/0000039.png,restoration_clean,clean,0,1,0,3.8346095085144043,11.25221061706543,-7.417601108551025,0.0005971131613478065,0.9942139983177185
40,40,EXTERNAL_SAMPLE/0000040.png,restoration_clean,clean,0,1,0,1.2657268047332764,10.777610778808594,-9.511883735656738,7.389688835246488e-05,0.9990443587303162
41,41,EXTERNAL_SAMPLE/0000041.png,restoration_clean,clean,0,1,0,5.490265369415283,11.909204483032227,-6.418939113616943,0.001626890618354082,0.9978566765785217
42,42,EXTERNAL_SAMPLE/0000042.png,restoration_clean,clean,0,1,0,2.61745023727417,15.973583221435547,-13.356132507324219,1.5830707980057923e-06,0.9999884366989136
43,43,EXTERNAL_SAMPLE/0000043.png,restoration_clean,clean,0,1,0,4.406412601470947,8.574140548706055,-4.167727947235107,0.014076510444283485,0.9089003205299377
44,44,EXTERNAL_SAMPLE/0000044.png,restoration_clean,clean,0,1,0,2.5898048877716064,5.63913106918335,-3.049326181411743,0.03003622405230999,0.6337980031967163
45,45,EXTERNAL_SAMPLE/0000045.png,restoration_clean,clean,0,1,0,2.71844744682312,9.975119590759277,-7.256671905517578,0.0007009230903349817,0.9935802221298218
46,46,EXTERNAL_SAMPLE/0000046.png,restoration_clean,clean,0,1,0,1.6046407222747803,20.197954177856445,-18.593313217163086,8.414468233297612e-09,1.0
47,47,EXTERNAL_SAMPLE/0000047.png,restoration_clean,clean,0,1,0,3.3331856727600098,4.334028244018555,-1.000842571258545,0.12097220122814178,0.3291136920452118
48,48,EXTERNAL_SAMPLE/0000048.png,restoration_clean,clean,0,1,0,2.7785186767578125,9.420591354370117,-6.642072677612305,0.0012943838955834508,0.9923813939094543
49,49,EXTERNAL_SAMPLE/0000049.png,restoration_clean,clean,0,1,0,3.0212085247039795,7.875881671905518,-4.854673385620117,0.006987018045037985,0.8967052698135376
50,50,EXTERNAL_SAMPLE/0000050.png,restoration_clean,clean,0,1,0,2.041783571243286,10.553606986999512,-8.511823654174805,0.00019866658840328455,0.988013505935669
51,51,EXTERNAL_SAMPLE/0000051.png,restoration_clean,clean,0,1,0,1.8162806034088135,7.222975730895996,-5.406695365905762,0.004274367354810238,0.9527298212051392
52,52,EXTERNAL_SAMPLE/0000052.png,restoration_clean,clean,0,1,0,2.830186128616333,9.527875900268555,-6.697690010070801,0.0012214684393256903,0.9900385141372681
53,53,EXTERNAL_SAMPLE/0000053.png,restoration_clean,clean,0,1,0,1.3942369222640991,6.168588161468506,-4.774351119995117,0.006768058519810438,0.8015643954277039
54,54,EXTERNAL_SAMPLE/0000054.png,restoration_clean,clean,0,1,0,1.043303370475769,10.00333309173584,-8.960029602050781,0.0001278473064303398,0.9953664541244507
55,55,EXTERNAL_SAMPLE/0000055.png,restoration_clean,clean,0,1,0,1.589850902557373,15.934769630432129,-14.344919204711914,5.88950513247255e-07,0.9999955892562866
56,56,EXTERNAL_SAMPLE/0000056.png,restoration_clean,clean,0,1,0,3.14066481590271,6.1133551597595215,-2.9726903438568115,0.035489458590745926,0.6936212182044983
57,57,EXTERNAL_SAMPLE/0000057.png,restoration_clean,clean,0,1,0,4.059676170349121,7.413926124572754,-3.354249954223633,0.02589181438088417,0.7411305904388428
58,58,EXTERNAL_SAMPLE/0000058.png,restoration_clean,clean,0,1,0,2.53485107421875,6.2553558349609375,-3.7205047607421875,0.013894733041524887,0.5736472010612488
59,59,EXTERNAL_SAMPLE/0000059.png,restoration_clean,clean,0,1,0,1.8459668159484863,6.5624237060546875,-4.716456890106201,0.008028309792280197,0.8973364233970642
60,60,EXTERNAL_SAMPLE/0000060.png,restoration_clean,clean,0,1,0,2.4307849407196045,6.92786169052124,-4.497076988220215,0.0088913319632411,0.7980360388755798
61,61,EXTERNAL_SAMPLE/0000061.png,restoration_clean,clean,0,1,0,2.7821314334869385,8.838356971740723,-6.056225776672363,0.0022373052779585123,0.9547961354255676
62,62,EXTERNAL_SAMPLE/0000062.png,restoration_clean,clean,0,1,0,2.0373282432556152,15.55357551574707,-13.516246795654297,1.3488569265973638e-06,0.9999938011169434
63,63,EXTERNAL_SAMPLE/0000063.png,restoration_clean,clean,0,1,0,3.6124861240386963,6.288682460784912,-2.676196336746216,0.04837190732359886,0.7028303742408752
64,64,EXTERNAL_SAMPLE/0000064.png,restoration_clean,clean,0,1,0,1.475678563117981,12.596780776977539,-11.121102333068848,1.4792669389862567e-05,0.999723494052887
65,65,EXTERNAL_SAMPLE/0000065.png,restoration_clean,clean,0,1,0,4.08150053024292,10.101643562316895,-6.020143032073975,0.0024185245856642723,0.9955553412437439
66,66,EXTERNAL_SAMPLE/0000066.png,restoration_clean,clean,0,1,0,2.5279648303985596,6.933688640594482,-4.405723571777344,0.010485478676855564,0.858953595161438
67,67,EXTERNAL_SAMPLE/0000067.png,restoration_clean,clean,0,1,1,7.576101303100586,4.3593950271606445,3.2167062759399414,0.9150174260139465,0.0366801917552948
68,68,EXTERNAL_SAMPLE/0000068.png,restoration_clean,clean,0,1,0,2.032958984375,13.901593208312988,-11.868634223937988,7.00568580214167e-06,0.9998457431793213
69,69,EXTERNAL_SAMPLE/0000069.png,restoration_clean,clean,0,1,0,1.2801498174667358,12.17339038848877,-10.893240928649902,1.8576971342554316e-05,0.9996531009674072
70,70,EXTERNAL_SAMPLE/0000070.png,restoration_clean,clean,0,1,0,5.697397232055664,11.156769752502441,-5.459372520446777,0.004232857841998339,0.994509756565094
71,71,EXTERNAL_SAMPLE/0000071.png,restoration_clean,clean,0,1,0,3.4688189029693604,5.762140274047852,-2.293321371078491,0.04654596745967865,0.46116775274276733
72,72,EXTERNAL_SAMPLE/0000072.png,restoration_clean,clean,0,1,0,1.3077194690704346,12.95434856414795,-11.646629333496094,8.747110769036226e-06,0.9998421669006348
73,73,EXTERNAL_SAMPLE/0000073.png,restoration_clean,clean,0,1,0,1.9988367557525635,10.993369102478027,-8.994532585144043,0.00012377651000861079,0.997502863407135
74,74,EXTERNAL_SAMPLE/0000074.png,restoration_clean,clean,0,1,0,1.7023652791976929,7.301034927368164,-5.598669528961182,0.0022468985989689827,0.6068128347396851
75,75,EXTERNAL_SAMPLE/0000075.png,restoration_clean,clean,0,1,0,2.207592010498047,9.447793960571289,-7.240201950073242,0.0007130977464839816,0.9943260550498962
76,76,EXTERNAL_SAMPLE/0000076.png,restoration_clean,clean,0,1,0,3.1529359817504883,16.900175094604492,-13.747239112854004,1.0706476132327225e-06,0.9999922513961792
77,77,EXTERNAL_SAMPLE/0000077.png,restoration_clean,clean,0,1,0,2.9233226776123047,15.63409423828125,-12.710771560668945,3.01838781524566e-06,0.9999837875366211
78,78,EXTERNAL_SAMPLE/0000078.png,restoration_clean,clean,0,1,0,1.0375374555587769,10.903608322143555,-9.866070747375488,5.1702714699786156e-05,0.9960781931877136
79,79,EXTERNAL_SAMPLE/0000079.png,restoration_clean,clean,0,1,0,2.4020497798919678,22.079517364501953,-19.677467346191406,2.8456699219248094e-09,1.0
80,80,EXTERNAL_SAMPLE/0000080.png,restoration_clean,clean,0,1,0,3.739027261734009,8.937118530273438,-5.198091506958008,0.005265145096927881,0.9526048898696899
81,81,EXTERNAL_SAMPLE/0000081.png,restoration_clean,clean,0,1,0,1.9454964399337769,8.898436546325684,-6.952939987182617,0.0009417139226570725,0.9852408766746521
82,82,EXTERNAL_SAMPLE/0000082.png,restoration_clean,clean,0,1,0,2.9497125148773193,8.180329322814941,-5.230616569519043,0.004927238915115595,0.9209404587745667
83,83,EXTERNAL_SAMPLE/0000083.png,restoration_clean,clean,0,1,0,1.1512253284454346,12.61660099029541,-11.465375900268555,1.0484830454515759e-05,0.9997949004173279
84,84,EXTERNAL_SAMPLE/0000084.png,restoration_clean,clean,0,1,0,3.5730438232421875,13.839944839477539,-10.266901016235352,3.476116035017185e-05,0.9998910427093506
85,85,EXTERNAL_SAMPLE/0000085.png,restoration_clean,clean,0,1,0,3.4778220653533936,14.284902572631836,-10.807080268859863,2.025388130277861e-05,0.9999160766601562
86,86,EXTERNAL_SAMPLE/0000086.png,restoration_clean,clean,0,1,0,1.7486991882324219,9.200740814208984,-7.4520416259765625,0.0005739557091146708,0.9891425967216492
87,87,EXTERNAL_SAMPLE/0000087.png,restoration_clean,clean,0,1,0,2.458609104156494,6.453129291534424,-3.9945201873779297,0.016834191977977753,0.9140928387641907
88,88,EXTERNAL_SAMPLE/0000088.png,restoration_clean,clean,0,1,0,0.6174451112747192,11.253317832946777,-10.635872840881348,2.397444586677011e-05,0.99735426902771
89,89,EXTERNAL_SAMPLE/0000089.png,restoration_clean,clean,0,1,0,4.354122638702393,11.721585273742676,-7.367462635040283,0.0006307446165010333,0.9988538026809692
90,90,EXTERNAL_SAMPLE/0000090.png,restoration_clean,clean,0,1,0,3.6758413314819336,4.937828063964844,-1.2619867324829102,0.17018485069274902,0.6011665463447571
91,91,EXTERNAL_SAMPLE/0000091.png,restoration_clean,clean,0,1,0,3.8914296627044678,10.018131256103516,-6.126701354980469,0.0021414346992969513,0.9806124567985535
92,92,EXTERNAL_SAMPLE/0000092.png,restoration_clean,clean,0,1,0,2.529078483581543,6.026846408843994,-3.497767925262451,0.024153824895620346,0.7980814576148987
93,93,EXTERNAL_SAMPLE/0000093.png,restoration_clean,clean,0,1,0,2.46567964553833,12.883828163146973,-10.418148040771484,2.9881852242397144e-05,0.9998887777328491
94,94,EXTERNAL_SAMPLE/0000094.png,restoration_clean,clean,0,1,5,2.268685817718506,5.52225923538208,-3.253573417663574,0.015058817341923714,0.3897623121738434
95,95,EXTERNAL_SAMPLE/0000095.png,restoration_clean,clean,0,1,5,2.388056993484497,3.4624006748199463,-1.0743436813354492,0.0060457028448581696,0.017702247947454453
96,96,EXTERNAL_SAMPLE/0000096.png,restoration_clean,clean,0,1,0,1.2186075448989868,16.011795043945312,-14.793187141418457,3.761809921343229e-07,0.9999916553497314
97,97,EXTERNAL_SAMPLE/0000097.png,restoration_clean,clean,0,1,0,3.5883171558380127,11.695963859558105,-8.107646942138672,0.0002988453197758645,0.9920939803123474
98,98,EXTERNAL_SAMPLE/0000098.png,restoration_clean,clean,0,1,0,2.1595335006713867,11.191322326660156,-9.03178882598877,0.00011920615361304954,0.9971368312835693
99,99,EXTERNAL_SAMPLE/0000099.png,restoration_clean,clean,0,1,3,2.4605164527893066,5.191625595092773,-2.731109142303467,0.008745924569666386,0.13424909114837646
100,100,EXTERNAL_SAMPLE/0000100.png,restoration_clean,clean,0,1,0,2.2901172637939453,5.173543930053711,-2.8834266662597656,0.022788921371102333,0.40736156702041626
101,101,EXTERNAL_SAMPLE/0000101.png,restoration_clean,clean,0,1,3,4.636601448059082,2.7963931560516357,1.8402082920074463,0.28512847423553467,0.04527393728494644
102,102,EXTERNAL_SAMPLE/0000102.png,restoration_clean,clean,0,1,0,2.648132085800171,10.141742706298828,-7.493610382080078,0.000536477891728282,0.9637967944145203
103,103,EXTERNAL_SAMPLE/0000103.png,restoration_clean,clean,0,1,0,2.1407790184020996,14.914827346801758,-12.7740478515625,2.83329063677229e-06,0.9999760389328003
104,104,EXTERNAL_SAMPLE/0000104.png,restoration_clean,clean,0,1,0,2.349663496017456,10.8430757522583,-8.493412017822266,0.0002044740685960278,0.9983439445495605
105,105,EXTERNAL_SAMPLE/0000105.png,restoration_clean,clean,0,1,0,2.142242908477783,12.07094669342041,-9.928703308105469,4.873508441960439e-05,0.9995920062065125
106,106,EXTERNAL_SAMPLE/0000106.png,restoration_clean,clean,0,1,3,3.705554962158203,6.054919242858887,-2.3493642807006836,0.01282317005097866,0.1343727856874466
107,107,EXTERNAL_SAMPLE/0000107.png,restoration_clean,clean,0,1,0,1.3580811023712158,13.05336856842041,-11.695287704467773,8.332307515956927e-06,0.9999176263809204
108,108,EXTERNAL_SAMPLE/0000108.png,restoration_clean,clean,0,1,0,4.586487293243408,9.442761421203613,-4.856274127960205,0.007665865123271942,0.985403835773468
109,109,EXTERNAL_SAMPLE/0000109.png,restoration_clean,clean,0,1,0,4.0949859619140625,6.44953727722168,-2.354551315307617,0.07631392031908035,0.803845226764679
110,110,EXTERNAL_SAMPLE/0000110.png,restoration_clean,clean,0,1,0,3.0106217861175537,10.911520957946777,-7.9008989334106445,0.00036998442374169827,0.9988499879837036
111,111,EXTERNAL_SAMPLE/0000111.png,restoration_clean,clean,0,1,0,2.613619565963745,6.5893731117248535,-3.9757535457611084,0.01611090451478958,0.8585543036460876
112,112,EXTERNAL_SAMPLE/0000112.png,restoration_clean,clean,0,1,0,1.773972511291504,16.364089965820312,-14.590117454528809,4.608821484453074e-07,0.9999940395355225
113,113,EXTERNAL_SAMPLE/0000113.png,restoration_clean,clean,0,1,9,1.212462067604065,1.470202088356018,-0.2577400207519531,0.016960686072707176,0.021947169676423073
114,114,EXTERNAL_SAMPLE/0000114.png,restoration_clean,clean,0,1,0,2.6362876892089844,7.0905351638793945,-4.45424747467041,0.00849245861172676,0.7302785515785217
115,115,EXTERNAL_SAMPLE/0000115.png,restoration_clean,clean,0,1,0,4.738626003265381,13.12559700012207,-8.386970520019531,0.00022774064564146101,0.9996675252914429
116,116,EXTERNAL_SAMPLE/0000116.png,restoration_clean,clean,0,1,1,7.347955703735352,5.129064559936523,2.218891143798828,0.7942483425140381,0.08635830879211426
117,117,EXTERNAL_SAMPLE/0000117.png,restoration_clean,clean,0,1,0,2.988959312438965,10.01784896850586,-7.0288896560668945,0.0008824249962344766,0.9960606694221497
118,118,EXTERNAL_SAMPLE/0000118.png,restoration_clean,clean,0,1,0,3.181309938430786,9.623213768005371,-6.441904067993164,0.0015724331606179476,0.9868600964546204
119,119,EXTERNAL_SAMPLE/0000119.png,restoration_clean,clean,0,1,0,2.6902120113372803,7.75301456451416,-5.062802314758301,0.006125418469309807,0.9680168032646179
120,120,EXTERNAL_SAMPLE/0000120.png,restoration_clean,clean,0,1,0,3.673774480819702,8.748465538024902,-5.074690818786621,0.005998725071549416,0.9593325257301331
121,121,EXTERNAL_SAMPLE/0000121.png,restoration_clean,clean,0,1,0,3.3977112770080566,14.6403226852417,-11.242610931396484,1.3103116543788929e-05,0.9999505281448364
122,122,EXTERNAL_SAMPLE/0000122.png,restoration_clean,clean,0,1,0,1.2026793956756592,14.579608917236328,-13.37692928314209,1.5504494967899518e-06,0.9999635219573975
123,123,EXTERNAL_SAMPLE/0000123.png,restoration_clean,clean,0,1,0,2.879464626312256,14.372854232788086,-11.493389129638672,1.0196384209848475e-05,0.9999117851257324
124,124,EXTERNAL_SAMPLE/0000124.png,restoration_clean,clean,0,1,0,2.7119698524475098,5.935848712921143,-3.223878860473633,0.018899941816926003,0.47486838698387146
125,125,EXTERNAL_SAMPLE/0000125.png,restoration_clean,clean,0,1,0,4.943781852722168,9.707101821899414,-4.763319969177246,0.008419612422585487,0.9862242937088013
126,126,EXTERNAL_SAMPLE/0000126.png,restoration_clean,clean,0,1,0,1.1360554695129395,10.26311206817627,-9.127056121826172,0.00010839867172762752,0.9973649382591248
127,127,EXTERNAL_SAMPLE/0000127.png,restoration_clean,clean,0,1,0,4.5529656410217285,7.068350315093994,-2.5153846740722656,0.07103852182626724,0.8788436055183411
128,128,EXTERNAL_SAMPLE/0000128.png,restoration_clean,clean,0,1,0,2.94878888130188,11.529989242553711,-8.58120059967041,0.00018723176617641002,0.998039186000824
129,129,EXTERNAL_SAMPLE/0000129.png,restoration_clean,clean,0,1,0,3.825002431869507,7.964171409606934,-4.139168739318848,0.0152403200045228,0.9563397765159607
130,130,EXTERNAL_SAMPLE/0000130.png,restoration_clean,clean,0,1,0,2.673041582107544,6.722583293914795,-4.049541473388672,0.013642524369060993,0.782687246799469
131,131,EXTERNAL_SAMPLE/0000131.png,restoration_clean,clean,0,1,0,1.886925458908081,14.64905834197998,-12.76213264465332,2.8672741336777108e-06,0.9999837875366211
132,132,EXTERNAL_SAMPLE/0000132.png,restoration_clean,clean,0,1,1,6.4137115478515625,3.0503721237182617,3.363339424133301,0.6119601130485535,0.021185727789998055
133,133,EXTERNAL_SAMPLE/0000133.png,restoration_clean,clean,0,1,0,3.2358760833740234,9.047398567199707,-5.811522483825684,0.002956585492938757,0.987876296043396
134,134,EXTERNAL_SAMPLE/0000134.png,restoration_clean,clean,0,1,0,1.4860025644302368,14.312067985534668,-12.826065063476562,2.689678694878239e-06,0.9999761581420898
135,135,EXTERNAL_SAMPLE/0000135.png,restoration_clean,clean,0,1,0,2.3706631660461426,12.753413200378418,-10.382749557495117,3.095543070230633e-05,0.9997876286506653
136,136,EXTERNAL_SAMPLE/0000136.png,restoration_clean,clean,0,1,0,1.6783905029296875,8.738871574401855,-7.060481071472168,0.0008163644233718514,0.9510689377784729
137,137,EXTERNAL_SAMPLE/0000137.png,restoration_clean,clean,0,1,0,3.5225651264190674,7.440433502197266,-3.9178683757781982,0.01818445883691311,0.9145532250404358
138,138,EXTERNAL_SAMPLE/0000138.png,restoration_clean,clean,0,1,0,2.2891714572906494,9.22900104522705,-6.9398298263549805,0.0008970495546236634,0.9262884259223938
139,139,EXTERNAL_SAMPLE/0000139.png,restoration_clean,clean,0,1,4,1.7666305303573608,3.5209481716156006,-1.7543176412582397,0.014679539017379284,0.08484042435884476
140,140,EXTERNAL_SAMPLE/0000140.png,restoration_clean,clean,0,1,3,3.173719644546509,3.4486312866210938,-0.27491164207458496,0.13458718359470367,0.17717251181602478
141,141,EXTERNAL_SAMPLE/0000141.png,restoration_clean,clean,0,1,0,2.0255260467529297,6.358918190002441,-4.333392143249512,0.010700929909944534,0.8154358267784119
142,142,EXTERNAL_SAMPLE/0000142.png,restoration_clean,clean,0,1,0,2.2374308109283447,20.11692237854004,-17.879491806030273,1.7180481037826212e-08,0.9999998807907104
143,143,EXTERNAL_SAMPLE/0000143.png,restoration_clean,clean,0,1,0,1.27487051486969,10.448861122131348,-9.173990249633789,0.00010346447379561141,0.9977105855941772
144,144,EXTERNAL_SAMPLE/0000144.png,restoration_clean,clean,0,1,0,2.24088454246521,18.9152889251709,-16.67440414428711,5.733214436531853e-08,0.9999997615814209
145,145,EXTERNAL_SAMPLE/0000145.png,restoration_clean,clean,0,1,0,2.9100804328918457,10.02961540222168,-7.119534969329834,0.0008062379783950746,0.9964098334312439
146,146,EXTERNAL_SAMPLE/0000146.png,restoration_clean,clean,0,1,3,1.617779016494751,3.021500825881958,-1.403721809387207,0.02202007919549942,0.08962879329919815
147,147,EXTERNAL_SAMPLE/0000147.png,restoration_clean,clean,0,1,1,5.3341875076293945,3.230602741241455,2.1035847663879395,0.4531163275241852,0.05528845638036728
148,148,EXTERNAL_SAMPLE/0000148.png,restoration_clean,clean,0,1,1,4.440157413482666,3.2851526737213135,1.1550047397613525,0.4173329174518585,0.1314832717180252
149,149,EXTERNAL_SAMPLE/0000149.png,restoration_clean,clean,0,1,0,3.117234706878662,7.938636302947998,-4.821401596069336,0.006707852706313133,0.8327058553695679
150,150,EXTERNAL_SAMPLE/0000150.png,restoration_clean,clean,0,1,0,2.5210602283477783,6.546290874481201,-4.025230407714844,0.011618604883551598,0.6505630016326904
151,151,EXTERNAL_SAMPLE/0000151.png,restoration_clean,clean,0,1,0,0.6045642495155334,4.440565586090088,-3.836001396179199,0.00891253724694252,0.4130052626132965
152,152,EXTERNAL_SAMPLE/0000152.png,restoration_clean,clean,0,1,0,1.5819882154464722,12.192599296569824,-10.610610961914062,2.4646227757330053e-05,0.9997243285179138
153,153,EXTERNAL_SAMPLE/0000153.png,restoration_clean,clean,0,1,3,2.8915369510650635,4.4207072257995605,-1.529170274734497,0.050691887736320496,0.2339099496603012
154,154,EXTERNAL_SAMPLE/0000154.png,restoration_clean,clean,0,1,0,4.245342254638672,9.47469425201416,-5.229351997375488,0.005252758506685495,0.9805419445037842
155,155,EXTERNAL_SAMPLE/0000155.png,restoration_clean,clean,0,1,0,3.1800472736358643,11.733192443847656,-8.553145408630371,0.0001920891518238932,0.9956041574478149
156,156,EXTERNAL_SAMPLE/0000156.png,restoration_clean,clean,0,1,0,2.2549307346343994,7.278159141540527,-5.023228645324707,0.006165484897792339,0.9365429878234863
157,157,EXTERNAL_SAMPLE/0000157.png,restoration_clean,clean,0,1,0,1.4861493110656738,10.482928276062012,-8.99677848815918,0.0001231267087860033,0.9944972395896912
158,158,EXTERNAL_SAMPLE/0000158.png,restoration_clean,clean,0,1,0,3.7052156925201416,11.458331108093262,-7.753115653991699,0.0004290187789592892,0.9991061091423035
159,159,EXTERNAL_SAMPLE/0000159.png,restoration_clean,clean,0,1,3,2.869084119796753,4.82606315612793,-1.9569790363311768,0.019397644326090813,0.13729481399059296
160,160,EXTERNAL_SAMPLE/0000160.png,restoration_clean,clean,0,1,0,2.5622143745422363,5.785964488983154,-3.223750114440918,0.025432994589209557,0.6389316320419312
161,161,EXTERNAL_SAMPLE/0000161.png,restoration_clean,clean,0,1,0,2.8028104305267334,4.11275577545166,-1.3099453449249268,0.1053437888622284,0.39040103554725647
162,162,EXTERNAL_SAMPLE/0000162.png,restoration_clean,clean,0,1,3,4.234792709350586,3.9093804359436035,0.3254122734069824,0.1337151974439621,0.09657306224107742
163,163,EXTERNAL_SAMPLE/0000163.png,restoration_clean,clean,0,1,5,3.8346970081329346,3.703381061553955,0.1313159465789795,0.18486003577709198,0.162111297249794
164,164,EXTERNAL_SAMPLE/0000164.png,restoration_clean,clean,0,1,0,4.205752849578857,10.602405548095703,-6.396652698516846,0.0016625403659418225,0.9972479939460754
165,165,EXTERNAL_SAMPLE/0000165.png,restoration_clean,clean,0,1,0,1.791155457496643,9.467463493347168,-7.6763081550598145,0.00045921982382424176,0.9903732538223267
166,166,EXTERNAL_SAMPLE/0000166.png,restoration_clean,clean,0,1,0,1.5816211700439453,6.093999862670898,-4.512378692626953,0.008838295936584473,0.8055077195167542
167,167,EXTERNAL_SAMPLE/0000167.png,restoration_clean,clean,0,1,0,4.82768440246582,10.189826011657715,-5.3621416091918945,0.004656775388866663,0.9927359819412231
168,168,EXTERNAL_SAMPLE/0000168.png,restoration_clean,clean,0,1,0,5.1741719245910645,15.533384323120117,-10.359212875366211,3.169770207023248e-05,0.9999464750289917
169,169,EXTERNAL_SAMPLE/0000169.png,restoration_clean,clean,0,1,0,4.4351701736450195,7.396242141723633,-2.9610719680786133,0.033030588179826736,0.6381070017814636
170,170,EXTERNAL_SAMPLE/0000170.png,restoration_clean,clean,0,1,0,6.083754539489746,10.485566139221191,-4.401811599731445,0.012088949792087078,0.9864408373832703
171,171,EXTERNAL_SAMPLE/0000171.png,restoration_clean,clean,0,1,6,2.365553140640259,2.7701404094696045,-0.4045872688293457,0.026136688888072968,0.039170634001493454
172,172,EXTERNAL_SAMPLE/0000172.png,restoration_clean,clean,0,1,0,2.470158100128174,12.567440032958984,-10.097282409667969,4.118236756767146e-05,0.999782145023346
173,173,EXTERNAL_SAMPLE/0000173.png,restoration_clean,clean,0,1,0,3.403423547744751,8.277264595031738,-4.873841285705566,0.006539846770465374,0.8555589914321899
174,174,EXTERNAL_SAMPLE/0000174.png,restoration_clean,clean,0,1,9,1.093700647354126,2.5315635204315186,-1.4378628730773926,0.016992880031466484,0.07156866788864136
175,175,EXTERNAL_SAMPLE/0000175.png,restoration_clean,clean,0,1,0,2.1022770404815674,6.7590413093566895,-4.656764030456543,0.008056937716901302,0.8483536243438721
176,176,EXTERNAL_SAMPLE/0000176.png,restoration_clean,clean,0,1,0,3.6288814544677734,8.484001159667969,-4.855119705200195,0.00730241509154439,0.9376013875007629
177,177,EXTERNAL_SAMPLE/0000177.png,restoration_clean,clean,0,1,0,3.5074987411499023,14.214972496032715,-10.707473754882812,2.237547050754074e-05,0.9999284744262695
178,178,EXTERNAL_SAMPLE/0000178.png,restoration_clean,clean,0,1,0,2.9454379081726074,14.152297973632812,-11.206859588623047,1.3579065125668421e-05,0.9998782873153687
179,179,EXTERNAL_SAMPLE/0000179.png,restoration_clean,clean,0,1,0,1.177149772644043,13.598958015441895,-12.421808242797852,4.029443061881466e-06,0.9999258518218994
180,180,EXTERNAL_SAMPLE/0000180.png,restoration_clean,clean,0,1,0,2.7299938201904297,6.140896797180176,-3.410902976989746,0.019194459542632103,0.5814498066902161
181,181,EXTERNAL_SAMPLE/0000181.png,restoration_clean,clean,0,1,0,1.8121023178100586,9.578709602355957,-7.766607284545898,0.00041739115840755403,0.9852307438850403
182,182,EXTERNAL_SAMPLE/0000182.png,restoration_clean,clean,0,1,0,3.4601852893829346,9.584778785705566,-6.124593734741211,0.002167904283851385,0.9906434416770935
183,183,EXTERNAL_SAMPLE/0000183.png,restoration_clean,clean,0,1,0,3.119868755340576,10.07526969909668,-6.9554009437561035,0.0009505036287009716,0.9968871474266052
184,184,EXTERNAL_SAMPLE/0000184.png,restoration_clean,clean,0,1,4,1.7800157070159912,3.0517795085906982,-1.271763801574707,0.0006425593164749444,0.0022920980118215084
185,185,EXTERNAL_SAMPLE/0000185.png,restoration_clean,clean,0,1,0,4.449510097503662,6.033194541931152,-1.5836844444274902,0.13380292057991028,0.652005136013031
186,186,EXTERNAL_SAMPLE/0000186.png,restoration_clean,clean,0,1,0,2.4906907081604004,10.209614753723145,-7.718924045562744,0.00044180883560329676,0.9943069815635681
187,187,EXTERNAL_SAMPLE/0000187.png,restoration_clean,clean,0,1,0,1.6269240379333496,8.141093254089355,-6.514169216156006,0.0014343218645080924,0.9676411747932434
188,188,EXTERNAL_SAMPLE/0000188.png,restoration_clean,clean,0,1,8,4.5403056144714355,2.751835584640503,1.7884700298309326,0.24888832867145538,0.04161806404590607
189,189,EXTERNAL_SAMPLE/0000189.png,restoration_clean,clean,0,1,5,0.9642310738563538,2.599661111831665,-1.635430097579956,0.0031683403067290783,0.016258861869573593
190,190,EXTERNAL_SAMPLE/0000190.png,restoration_clean,clean,0,1,0,2.029705762863159,11.381349563598633,-9.351643562316895,8.662329491926357e-05,0.9977044463157654
191,191,EXTERNAL_SAMPLE/0000191.png,restoration_clean,clean,0,1,0,2.70658278465271,5.864860534667969,-3.158277750015259,0.02463807724416256,0.5797348618507385
192,192,EXTERNAL_SAMPLE/0000192.png,restoration_clean,clean,0,1,0,1.1071094274520874,7.859521865844727,-6.75241231918335,0.0011210711672902107,0.9597731232643127
193,193,EXTERNAL_SAMPLE/0000193.png,restoration_clean,clean,0,1,0,2.0483641624450684,6.597067356109619,-4.548703193664551,0.008158756420016289,0.7710822820663452
194,194,EXTERNAL_SAMPLE/0000194.png,restoration_clean,clean,0,1,0,2.380596399307251,13.229208946228027,-10.848612785339355,1.9430042812018655e-05,0.9999226331710815
195,195,EXTERNAL_SAMPLE/0000195.png,restoration_clean,clean,0,1,0,4.5807976722717285,5.840445518493652,-1.2596478462219238,0.13155515491962433,0.4636240601539612
196,196,EXTERNAL_SAMPLE/0000196.png,restoration_clean,clean,0,1,0,3.109066963195801,6.1312785148620605,-3.0222115516662598,0.037962596863508224,0.779624879360199
197,197,EXTERNAL_SAMPLE/0000197.png,restoration_clean,clean,0,1,0,1.9876084327697754,6.62165641784668,-4.634047985076904,0.008668973110616207,0.8922964334487915
198,198,EXTERNAL_SAMPLE/0000198.png,restoration_clean,clean,0,1,0,1.5503393411636353,7.447997093200684,-5.897657871246338,0.0025609731674194336,0.932664155960083
199,199,EXTERNAL_SAMPLE/0000199.png,restoration_clean,clean,0,1,6,3.6931238174438477,3.0389323234558105,0.6541914939880371,0.15144255757331848,0.07872926443815231
200,200,EXTERNAL_SAMPLE/0000200.png,restoration_clean,clean,0,1,0,1.2361886501312256,10.615157127380371,-9.378968238830566,8.429947047261521e-05,0.9978355765342712
201,201,EXTERNAL_SAMPLE/0000201.png,restoration_clean,clean,0,1,0,2.13726544380188,4.798336029052734,-2.6610705852508545,0.03794925659894943,0.5431146621704102
202,202,EXTERNAL_SAMPLE/0000202.png,restoration_clean,clean,0,1,0,1.8294771909713745,12.556219100952148,-10.726741790771484,2.1937265046290122e-05,0.9994181394577026
203,203,EXTERNAL_SAMPLE/0000203.png,restoration_clean,clean,0,1,0,2.2555012702941895,9.91431713104248,-7.658815860748291,0.00046738790115341544,0.9905101656913757
204,204,EXTERNAL_SAMPLE/0000204.png,restoration_clean,clean,0,1,0,3.5315990447998047,5.710457801818848,-2.178858757019043,0.05255229026079178,0.4643633961677551
205,205,EXTERNAL_SAMPLE/0000205.png,restoration_clean,clean,0,1,0,7.069554328918457,9.653200149536133,-2.583645820617676,0.06970913708209991,0.9233212471008301
206,206,EXTERNAL_SAMPLE/0000206.png,restoration_clean,clean,0,1,0,3.0324835777282715,17.32915687561035,-14.296672821044922,6.180635523378442e-07,0.9999982118606567
207,207,EXTERNAL_SAMPLE/0000207.png,restoration_clean,clean,0,1,0,2.1913490295410156,8.187241554260254,-5.995892524719238,0.00240793963894248,0.9674502015113831
208,208,EXTERNAL_SAMPLE/0000208.png,restoration_clean,clean,0,1,0,2.533412218093872,10.032975196838379,-7.499563217163086,0.0005505198496393859,0.9949285984039307
209,209,EXTERNAL_SAMPLE/0000209.png,restoration_clean,clean,0,1,3,2.6260738372802734,2.877007484436035,-0.2509336471557617,0.06060439720749855,0.07789027690887451
210,210,EXTERNAL_SAMPLE/0000210.png,restoration_clean,clean,0,1,0,3.3457891941070557,7.371683120727539,-4.0258941650390625,0.009357715956866741,0.5243164300918579
211,211,EXTERNAL_SAMPLE/0000211.png,restoration_clean,clean,0,1,0,1.2300173044204712,12.299164772033691,-11.069147109985352,1.5575880752294324e-05,0.9993603825569153
212,212,EXTERNAL_SAMPLE/0000212.png,restoration_clean,clean,0,1,3,4.367589950561523,5.560988426208496,-1.1933984756469727,0.03858647122979164,0.12726864218711853
213,213,EXTERNAL_SAMPLE/0000213.png,restoration_clean,clean,0,1,0,2.297597885131836,6.91436243057251,-4.616764545440674,0.008901679888367653,0.9005489349365234
214,214,EXTERNAL_SAMPLE/0000214.png,restoration_clean,clean,0,1,0,0.7826249599456787,15.40135669708252,-14.618731498718262,4.47877198439528e-07,0.9999847412109375
215,215,EXTERNAL_SAMPLE/0000215.png,restoration_clean,clean,0,1,0,2.2913711071014404,8.063069343566895,-5.771697998046875,0.0029830029234290123,0.957789957523346
216,216,EXTERNAL_SAMPLE/0000216.png,restoration_clean,clean,0,1,0,2.4028406143188477,11.948826789855957,-9.54598617553711,7.14533671271056e-05,0.9995207786560059
217,217,EXTERNAL_SAMPLE/0000217.png,restoration_clean,clean,0,1,0,0.8118343353271484,10.973334312438965,-10.161499977111816,3.826826286967844e-05,0.9906542897224426
218,218,EXTERNAL_SAMPLE/0000218.png,restoration_clean,clean,0,1,0,1.9589906930923462,10.506872177124023,-8.547881126403809,0.0001926572876982391,0.9933059811592102
219,219,EXTERNAL_SAMPLE/0000219.png,restoration_clean,clean,0,1,0,2.74629807472229,8.88973617553711,-6.143438339233398,0.0020052550826221704,0.9337508082389832
220,220,EXTERNAL_SAMPLE/0000220.png,restoration_clean,clean,0,1,0,1.719781756401062,11.582172393798828,-9.862390518188477,5.199795123189688e-05,0.9980860948562622
221,221,EXTERNAL_SAMPLE/0000221.png,restoration_clean,clean,0,1,0,2.244077444076538,9.976910591125488,-7.732832908630371,0.0004353289841674268,0.9934459328651428
222,222,EXTERNAL_SAMPLE/0000222.png,restoration_clean,clean,0,1,0,2.041628122329712,10.318011283874512,-8.276383399963379,0.0002525966556277126,0.9926935434341431
223,223,EXTERNAL_SAMPLE/0000223.png,restoration_clean,clean,0,1,0,2.3340981006622314,9.075434684753418,-6.741336822509766,0.0011683839838951826,0.989261269569397
224,224,EXTERNAL_SAMPLE/0000224.png,restoration_clean,clean,0,1,0,0.8507153987884521,7.5683979988098145,-6.717682838439941,0.0011553628137335181,0.9553685784339905
225,225,EXTERNAL_SAMPLE/0000225.png,restoration_clean,clean,0,1,3,3.0628085136413574,4.192394733428955,-1.1295862197875977,0.01278447825461626,0.0395599827170372
226,226,EXTERNAL_SAMPLE/0000226.png,restoration_clean,clean,0,1,0,0.9245860576629639,12.140572547912598,-11.215986251831055,1.3450649021251593e-05,0.9995032548904419
227,227,EXTERNAL_SAMPLE/0000227.png,restoration_clean,clean,0,1,0,1.369697093963623,17.084508895874023,-15.714811325073242,1.496717203508524e-07,0.9999898672103882
228,228,EXTERNAL_SAMPLE/0000228.png,restoration_clean,clean,0,1,0,4.207698345184326,13.065004348754883,-8.857305526733398,0.00014229270163923502,0.9996812343597412
229,229,EXTERNAL_SAMPLE/0000229.png,restoration_clean,clean,0,1,0,1.9219495058059692,7.552825927734375,-5.630876541137695,0.003281774464994669,0.9153081774711609
230,230,EXTERNAL_SAMPLE/0000230.png,restoration_clean,clean,0,1,0,2.0512804985046387,10.5482177734375,-8.496936798095703,0.00020369845151435584,0.9980688691139221
231,231,EXTERNAL_SAMPLE/0000231.png,restoration_clean,clean,0,1,0,3.267366409301758,5.778827667236328,-2.5114612579345703,0.06078849360346794,0.7490919828414917
232,232,EXTERNAL_SAMPLE/0000232.png,restoration_clean,clean,0,1,0,1.8371045589447021,8.6785249710083,-6.8414201736450195,0.0010553512256592512,0.9876158833503723
233,233,EXTERNAL_SAMPLE/0000233.png,restoration_clean,clean,0,1,0,2.1575729846954346,9.582255363464355,-7.4246826171875,0.0005780982901342213,0.9693940877914429
234,234,EXTERNAL_SAMPLE/0000234.png,restoration_clean,clean,0,1,0,2.158285617828369,7.752837657928467,-5.594552040100098,0.002787925535812974,0.7498325109481812
235,235,EXTERNAL_SAMPLE/0000235.png,restoration_clean,clean,0,1,0,3.9228758811950684,4.893231391906738,-0.9703555107116699,0.1638791263103485,0.43245774507522583
236,236,EXTERNAL_SAMPLE/0000236.png,restoration_clean,clean,0,1,0,2.125227451324463,6.410895347595215,-4.285667896270752,0.009884733706712723,0.7181363105773926
237,237,EXTERNAL_SAMPLE/0000237.png,restoration_clean,clean,0,1,0,3.4212522506713867,14.289834976196289,-10.868582725524902,1.9045313820242882e-05,0.999893307685852
238,238,EXTERNAL_SAMPLE/0000238.png,restoration_clean,clean,0,1,0,2.367672920227051,8.340688705444336,-5.973015785217285,0.00248158210888505,0.9744879007339478
239,239,EXTERNAL_SAMPLE/0000239.png,restoration_clean,clean,0,1,0,1.2629188299179077,6.093249797821045,-4.830330848693848,0.004590076394379139,0.5749180912971497
240,240,EXTERNAL_SAMPLE/0000240.png,restoration_clean,clean,0,1,0,7.429248809814453,11.34188461303711,-3.9126358032226562,0.01957637444138527,0.9794187545776367
241,241,EXTERNAL_SAMPLE/0000241.png,restoration_clean,clean,0,1,0,3.1596879959106445,7.550228118896484,-4.39054012298584,0.008434436284005642,0.6805239319801331
242,242,EXTERNAL_SAMPLE/0000242.png,restoration_clean,clean,0,1,0,2.9627010822296143,15.727045059204102,-12.764344215393066,2.8609513265109854e-06,0.9999878406524658
243,243,EXTERNAL_SAMPLE/0000243.png,restoration_clean,clean,0,1,0,1.2743542194366455,14.730961799621582,-13.456607818603516,1.4317131444840925e-06,0.9999690055847168
244,244,EXTERNAL_SAMPLE/0000244.png,restoration_clean,clean,0,1,0,3.549704074859619,6.2511372566223145,-2.7014331817626953,0.05700971558690071,0.8495059013366699
245,245,EXTERNAL_SAMPLE/0000245.png,restoration_clean,clean,0,1,1,11.430375099182129,0.7544641494750977,10.675910949707031,0.9995484948158264,2.308419243490789e-05
246,246,EXTERNAL_SAMPLE/0000246.png,restoration_clean,clean,0,1,0,2.559121608734131,11.387955665588379,-8.828834533691406,0.00014634364924859256,0.9992819428443909
247,247,EXTERNAL_SAMPLE/0000247.png,restoration_clean,clean,0,1,0,1.7218481302261353,11.507355690002441,-9.785507202148438,5.620664160232991e-05,0.9990320205688477
248,248,EXTERNAL_SAMPLE/0000248.png,restoration_clean,clean,0,1,0,1.772786021232605,10.581732749938965,-8.80894660949707,0.0001486220135120675,0.994855523109436
249,249,EXTERNAL_SAMPLE/0000249.png,restoration_clean,clean,0,1,0,2.535313367843628,6.89987325668335,-4.364560127258301,0.011623241007328033,0.9137588739395142
250,250,EXTERNAL_SAMPLE/0000250.png,restoration_clean,clean,0,1,0,2.643082857131958,11.91681957244873,-9.273736953735352,9.382121788803488e-05,0.9996174573898315
251,251,EXTERNAL_SAMPLE/0000251.png,restoration_clean,clean,0,1,1,6.344719886779785,2.3094799518585205,4.035240173339844,0.49209773540496826,0.008700992912054062
252,252,EXTERNAL_SAMPLE/0000252.png,restoration_clean,clean,0,1,3,5.117467880249023,3.3194525241851807,1.7980153560638428,0.13324368000030518,0.02206878736615181
253,253,EXTERNAL_SAMPLE/0000253.png,restoration_clean,clean,0,1,0,1.632016897201538,9.228062629699707,-7.59604549407959,0.0004929017159156501,0.9810270071029663
254,254,EXTERNAL_SAMPLE/0000254.png,restoration_clean,clean,0,1,0,4.497132301330566,6.234284400939941,-1.737152099609375,0.1375747174024582,0.7815813422203064
255,255,EXTERNAL_SAMPLE/0000255.png,restoration_clean,clean,0,1,0,1.619264841079712,8.277153968811035,-6.657889366149902,0.001228584093041718,0.9569504857063293
256,256,EXTERNAL_SAMPLE/0000256.png,restoration_clean,clean,0,1,8,4.096216201782227,4.868706226348877,-0.7724900245666504,0.11068703979253769,0.23965412378311157
257,257,EXTERNAL_SAMPLE/0000257.png,restoration_clean,clean,0,1,0,2.802388906478882,10.22744083404541,-7.425051689147949,0.0005947605241090059,0.9977025389671326
258,258,EXTERNAL_SAMPLE/0000258.png,restoration_clean,clean,0,1,0,2.6520450115203857,8.880163192749023,-6.228117942810059,0.001937269582413137,0.9818096160888672
259,259,EXTERNAL_SAMPLE/0000259.png,restoration_clean,clean,0,1,0,4.383982181549072,7.664396286010742,-3.28041410446167,0.03326427564024925,0.8843898773193359
260,260,EXTERNAL_SAMPLE/0000260.png,restoration_clean,clean,0,1,3,1.5150781869888306,2.1149816513061523,-0.5999034643173218,0.005527415778487921,0.010070637799799442
261,261,EXTERNAL_SAMPLE/0000261.png,restoration_clean,clean,0,1,0,1.6020103693008423,5.955138683319092,-4.353128433227539,0.007052299566566944,0.5481133460998535
262,262,EXTERNAL_SAMPLE/0000262.png,restoration_clean,clean,0,1,0,0.7857239842414856,9.815619468688965,-9.029895782470703,0.00011927013838430867,0.9957851767539978
263,263,EXTERNAL_SAMPLE/0000263.png,restoration_clean,clean,0,1,0,3.0547754764556885,15.390763282775879,-12.33598804473877,4.390795766084921e-06,0.9999878406524658
264,264,EXTERNAL_SAMPLE/0000264.png,restoration_clean,clean,0,1,0,1.7487196922302246,9.863361358642578,-8.114641189575195,0.0002981777652166784,0.9968255758285522
265,265,EXTERNAL_SAMPLE/0000265.png,restoration_clean,clean,0,1,6,2.7899627685546875,5.3230438232421875,-2.5330810546875,0.025396818295121193,0.3198029100894928
266,266,EXTERNAL_SAMPLE/0000266.png,restoration_clean,clean,0,1,0,6.00347900390625,6.959073066711426,-0.9555940628051758,0.24821750819683075,0.6454188227653503
267,267,EXTERNAL_SAMPLE/0000267.png,restoration_clean,clean,0,1,0,1.113440990447998,21.98415184020996,-20.870710372924805,8.629102432600178e-10,0.9999998807907104
268,268,EXTERNAL_SAMPLE/0000268.png,restoration_clean,clean,0,1,0,5.096514701843262,8.123176574707031,-3.0266618728637695,0.04272586479783058,0.8813601732254028
269,269,EXTERNAL_SAMPLE/0000269.png,restoration_clean,clean,0,1,0,3.0667738914489746,5.284905433654785,-2.2181315422058105,0.042585622519254684,0.39136797189712524
270,270,EXTERNAL_SAMPLE/0000270.png,restoration_clean,clean,0,1,0,1.8096833229064941,12.41379165649414,-10.604108810424805,2.4802870029816404e-05,0.9995576739311218
271,271,EXTERNAL_SAMPLE/0000271.png,restoration_clean,clean,0,1,0,2.209670066833496,9.763001441955566,-7.55333137512207,0.0005170906079001725,0.9861358404159546
272,272,EXTERNAL_SAMPLE/0000272.png,restoration_clean,clean,0,1,3,6.194576740264893,5.077462196350098,1.117114543914795,0.0438472144305706,0.014347800984978676
273,273,EXTERNAL_SAMPLE/0000273.png,restoration_clean,clean,0,1,0,0.7168434858322144,10.931782722473145,-10.21493911743164,3.656175613286905e-05,0.9984325766563416
274,274,EXTERNAL_SAMPLE/0000274.png,restoration_clean,clean,0,1,0,2.7924861907958984,6.794517517089844,-4.002031326293945,0.014708418399095535,0.8046854138374329
275,275,EXTERNAL_SAMPLE/0000275.png,restoration_clean,clean,0,1,0,1.9047882556915283,7.969356536865234,-6.064568519592285,0.002239189576357603,0.963606059551239
276,276,EXTERNAL_SAMPLE/0000276.png,restoration_clean,clean,0,1,0,2.1458029747009277,9.01850700378418,-6.872704029083252,0.000995575450360775,0.9612837433815002
277,277,EXTERNAL_SAMPLE/0000277.png,restoration_clean,clean,0,1,3,1.0318655967712402,4.181306838989258,-3.1494412422180176,0.005403481423854828,0.12602555751800537
278,278,EXTERNAL_SAMPLE/0000278.png,restoration_clean,clean,0,1,0,1.1723053455352783,11.580187797546387,-10.407882690429688,3.017045310116373e-05,0.9992355108261108
279,279,EXTERNAL_SAMPLE/0000279.png,restoration_clean,clean,0,1,4,5.589064121246338,4.805996417999268,0.7830677032470703,0.35403764247894287,0.16179588437080383
280,280,EXTERNAL_SAMPLE/0000280.png,restoration_clean,clean,0,1,0,3.100224733352661,6.498414993286133,-3.3981902599334717,0.027453655377030373,0.8211367130279541
281,281,EXTERNAL_SAMPLE/0000281.png,restoration_clean,clean,0,1,0,7.250115871429443,11.218929290771484,-3.968813419342041,0.01853497512638569,0.9809024333953857
282,282,EXTERNAL_SAMPLE/0000282.png,restoration_clean,clean,0,1,0,3.097454071044922,7.832815170288086,-4.735361099243164,0.006891635246574879,0.7849887609481812
283,283,EXTERNAL_SAMPLE/0000283.png,restoration_clean,clean,0,1,0,3.4503469467163086,14.38548469543457,-10.935137748718262,1.78200971276965e-05,0.999954104423523
284,284,EXTERNAL_SAMPLE/0000284.png,restoration_clean,clean,0,1,0,4.4494099617004395,5.9006781578063965,-1.451268196105957,0.13891635835170746,0.5929678082466125
285,285,EXTERNAL_SAMPLE/0000285.png,restoration_clean,clean,0,1,0,5.0674591064453125,5.759136199951172,-0.6916770935058594,0.2583965063095093,0.5160338282585144
286,286,EXTERNAL_SAMPLE/0000286.png,restoration_clean,clean,0,1,0,2.7859249114990234,8.101881980895996,-5.315957069396973,0.004796938039362431,0.9764610528945923
287,287,EXTERNAL_SAMPLE/0000287.png,restoration_clean,clean,0,1,0,3.2931971549987793,18.02048110961914,-14.727283477783203,4.0181052440857457e-07,0.9999983310699463
288,288,EXTERNAL_SAMPLE/0000288.png,restoration_clean,clean,0,1,0,1.5864309072494507,5.387466907501221,-3.8010358810424805,0.016480347141623497,0.7374545335769653
289,289,EXTERNAL_SAMPLE/0000289.png,restoration_clean,clean,0,1,0,3.0476226806640625,16.262592315673828,-13.214969635009766,1.8230964542453876e-06,0.9999954700469971
290,290,EXTERNAL_SAMPLE/0000290.png,restoration_clean,clean,0,1,0,2.51529860496521,8.66883659362793,-6.153537750244141,0.002068186178803444,0.9728303551673889
291,291,EXTERNAL_SAMPLE/0000291.png,restoration_clean,clean,0,1,0,2.882111072540283,12.205109596252441,-9.322998046875,8.930126205086708e-05,0.9995032548904419
292,292,EXTERNAL_SAMPLE/0000292.png,restoration_clean,clean,0,1,0,1.6898280382156372,5.709080696105957,-4.019252777099609,0.013954134657979012,0.7766801118850708
293,293,EXTERNAL_SAMPLE/0000293.png,restoration_clean,clean,0,1,3,2.69387149810791,5.032778263092041,-2.338906764984131,0.023183129727840424,0.24040661752223969
294,294,EXTERNAL_SAMPLE/0000294.png,restoration_clean,clean,0,1,0,3.759227752685547,8.649093627929688,-4.889865875244141,0.007359277922660112,0.9783111214637756
295,295,EXTERNAL_SAMPLE/0000295.png,restoration_clean,clean,0,1,0,5.813223361968994,7.328555107116699,-1.515331745147705,0.167692631483078,0.7631575465202332
296,296,EXTERNAL_SAMPLE/0000296.png,restoration_clean,clean,0,1,0,4.675081253051758,16.404048919677734,-11.728967666625977,8.056908882281277e-06,0.999987006187439
297,297,EXTERNAL_SAMPLE/0000297.png,restoration_clean,clean,0,1,3,3.8513219356536865,6.666853427886963,-2.8155314922332764,0.025340566411614418,0.42323943972587585
298,298,EXTERNAL_SAMPLE/0000298.png,restoration_clean,clean,0,1,0,1.747243881225586,15.14190673828125,-13.394662857055664,1.5232240002660546e-06,0.9999814033508301
299,299,EXTERNAL_SAMPLE/0000299.png,restoration_clean,clean,0,1,0,3.385554075241089,8.92417049407959,-5.538616180419922,0.0038528358563780785,0.9798755645751953
300,300,EXTERNAL_SAMPLE/0000300.png,restoration_clean,clean,0,1,3,2.4972822666168213,3.9453344345092773,-1.448052167892456,0.003666125936433673,0.015598704107105732
301,301,EXTERNAL_SAMPLE/0000301.png,restoration_clean,clean,0,1,0,1.2605879306793213,13.494519233703613,-12.233931541442871,4.862311016040621e-06,0.9999347925186157
302,302,EXTERNAL_SAMPLE/0000302.png,restoration_clean,clean,0,1,0,1.7270374298095703,6.104349136352539,-4.377311706542969,0.006470934022217989,0.5152396559715271
303,303,EXTERNAL_SAMPLE/0000303.png,restoration_clean,clean,0,1,5,1.5382486581802368,6.960749626159668,-5.422501087188721,0.0005036674556322396,0.11405286937952042
304,304,EXTERNAL_SAMPLE/0000304.png,restoration_clean,clean,0,1,0,4.929220199584961,14.144705772399902,-9.215485572814941,9.947397484211251e-05,0.999871015548706
305,305,EXTERNAL_SAMPLE/0000305.png,restoration_clean,clean,0,1,0,3.2621090412139893,9.630741119384766,-6.3686323165893555,0.0017046044813469052,0.9942268133163452
306,306,EXTERNAL_SAMPLE/0000306.png,restoration_clean,clean,0,1,3,2.194060802459717,6.459091663360596,-4.265030860900879,0.005284218117594719,0.3760625720024109
307,307,EXTERNAL_SAMPLE/0000307.png,restoration_clean,clean,0,1,0,5.461564064025879,12.693743705749512,-7.232179641723633,0.0007223408902063966,0.9991666078567505
308,308,EXTERNAL_SAMPLE/0000308.png,restoration_clean,clean,0,1,0,2.5669777393341064,11.532753944396973,-8.965776443481445,0.0001275663817068562,0.9989032745361328
309,309,EXTERNAL_SAMPLE/0000309.png,restoration_clean,clean,0,1,0,2.628187656402588,12.371109008789062,-9.742921829223633,5.86673486395739e-05,0.9992948770523071
310,310,EXTERNAL_SAMPLE/0000310.png,restoration_clean,clean,0,1,3,2.7526280879974365,5.52234411239624,-2.7697160243988037,0.01113881729543209,0.1777098923921585
311,311,EXTERNAL_SAMPLE/0000311.png,restoration_clean,clean,0,1,0,3.986248254776001,11.83307933807373,-7.846831321716309,0.0003906177298631519,0.9990505576133728
312,312,EXTERNAL_SAMPLE/0000312.png,restoration_clean,clean,0,1,5,1.0598344802856445,6.737602233886719,-5.677767753601074,0.0001227055035997182,0.03586635738611221
313,313,EXTERNAL_SAMPLE/0000313.png,restoration_clean,clean,0,1,0,2.848849296569824,12.48669719696045,-9.637847900390625,6.518892769236118e-05,0.9996271133422852
314,314,EXTERNAL_SAMPLE/0000314.png,restoration_clean,clean,0,1,3,4.9190473556518555,3.939131259918213,0.9799160957336426,0.1893283724784851,0.07106299698352814
315,315,EXTERNAL_SAMPLE/0000315.png,restoration_clean,clean,0,1,0,1.6298226118087769,8.084366798400879,-6.4545440673828125,0.0014547905884683132,0.9246414303779602
316,316,EXTERNAL_SAMPLE/0000316.png,restoration_clean,clean,0,1,0,1.3669847249984741,9.576380729675293,-8.209396362304688,0.00026697685825638473,0.9812263250350952
317,317,EXTERNAL_SAMPLE/0000317.png,restoration_clean,clean,0,1,3,4.098883628845215,7.862609386444092,-3.763725757598877,0.005302944220602512,0.22860322892665863
318,318,EXTERNAL_SAMPLE/0000318.png,restoration_clean,clean,0,1,0,1.5131959915161133,12.112439155578613,-10.5992431640625,2.4911276341299526e-05,0.9990536570549011
319,319,EXTERNAL_SAMPLE/0000319.png,restoration_clean,clean,0,1,0,2.9895341396331787,7.1439080238342285,-4.154374122619629,0.014097258448600769,0.8981655240058899
320,320,EXTERNAL_SAMPLE/0000320.png,restoration_clean,clean,0,1,0,0.563305675983429,6.518363952636719,-5.9550580978393555,0.0015986610669642687,0.6166024208068848
321,321,EXTERNAL_SAMPLE/0000321.png,restoration_clean,clean,0,1,0,2.397608518600464,11.47789192199707,-9.080283164978027,0.00011376511247362942,0.9989091157913208
322,322,EXTERNAL_SAMPLE/0000322.png,restoration_clean,clean,0,1,0,2.196302652359009,7.474577903747559,-5.278275489807129,0.004818717483431101,0.9446204900741577
323,323,EXTERNAL_SAMPLE/0000323.png,restoration_clean,clean,0,1,0,2.5461947917938232,10.944092750549316,-8.397897720336914,0.00022509174596052617,0.9988958835601807
324,324,EXTERNAL_SAMPLE/0000324.png,restoration_clean,clean,0,1,0,2.2453503608703613,14.166435241699219,-11.921085357666016,6.648430371569702e-06,0.9999555349349976
325,325,EXTERNAL_SAMPLE/0000325.png,restoration_clean,clean,0,1,0,2.4915707111358643,9.77196216583252,-7.280391693115234,0.0006855301326140761,0.9950856566429138
326,326,EXTERNAL_SAMPLE/0000326.png,restoration_clean,clean,0,1,0,2.287734031677246,9.896173477172852,-7.6084394454956055,0.0004934780881740153,0.994422972202301
327,327,EXTERNAL_SAMPLE/0000327.png,restoration_clean,clean,0,1,3,2.4038002490997314,4.9806718826293945,-2.576871633529663,0.014617597684264183,0.19230788946151733
328,328,EXTERNAL_SAMPLE/0000328.png,restoration_clean,clean,0,1,0,3.3412556648254395,7.104448318481445,-3.763192653656006,0.021298224106431007,0.9176502227783203
329,329,EXTERNAL_SAMPLE/0000329.png,restoration_clean,clean,0,1,0,1.941862940788269,7.55232048034668,-5.610457420349121,0.0025899941101670265,0.7077656984329224
330,330,EXTERNAL_SAMPLE/0000330.png,restoration_clean,clean,0,1,0,2.4571454524993896,12.150276184082031,-9.693130493164062,6.16781908320263e-05,0.9995504021644592
331,331,EXTERNAL_SAMPLE/0000331.png,restoration_clean,clean,0,1,0,3.8624584674835205,7.893144607543945,-4.030686378479004,0.016627442091703415,0.93611741065979
332,332,EXTERNAL_SAMPLE/0000332.png,restoration_clean,clean,0,1,0,3.739656686782837,8.464326858520508,-4.72467041015625,0.008623515255749226,0.9718128442764282
333,333,EXTERNAL_SAMPLE/0000333.png,restoration_clean,clean,0,1,0,3.309164047241211,8.321847915649414,-5.012683868408203,0.006509988568723202,0.9785007834434509
334,334,EXTERNAL_SAMPLE/0000334.png,restoration_clean,clean,0,1,0,1.1250168085098267,16.468605041503906,-15.343587875366211,2.1695088037176902e-07,0.9999929666519165
335,335,EXTERNAL_SAMPLE/0000335.png,restoration_clean,clean,0,1,0,2.6045355796813965,14.695469856262207,-12.090934753417969,5.610014341073111e-06,0.9999774694442749
336,336,EXTERNAL_SAMPLE/0000336.png,restoration_clean,clean,0,1,0,3.776655912399292,12.411640167236328,-8.634984016418457,0.00017770449630916119,0.999595582485199
337,337,EXTERNAL_SAMPLE/0000337.png,restoration_clean,clean,0,1,0,4.196290969848633,5.81901216506958,-1.6227211952209473,0.1191897988319397,0.6039179563522339
338,338,EXTERNAL_SAMPLE/0000338.png,restoration_clean,clean,0,1,0,1.7679576873779297,6.941315174102783,-5.1733574867248535,0.00416942872107029,0.7359310984611511
339,339,EXTERNAL_SAMPLE/0000339.png,restoration_clean,clean,0,1,0,5.712332248687744,12.314495086669922,-6.602162837982178,0.0013534436002373695,0.9970640540122986
340,340,EXTERNAL_SAMPLE/0000340.png,restoration_clean,clean,0,1,8,1.9083137512207031,3.1737329959869385,-1.2654192447662354,0.0659874752163887,0.23389777541160583
341,341,EXTERNAL_SAMPLE/0000341.png,restoration_clean,clean,0,1,0,5.311045169830322,16.512046813964844,-11.20100212097168,1.366027117910562e-05,0.9999833106994629
342,342,EXTERNAL_SAMPLE/0000342.png,restoration_clean,clean,0,1,3,2.1584043502807617,6.046510696411133,-3.888106346130371,0.0023181436117738485,0.11316796392202377
343,343,EXTERNAL_SAMPLE/0000343.png,restoration_clean,clean,0,1,0,2.0571796894073486,10.474666595458984,-8.417487144470215,0.00022016193543095142,0.996346652507782
344,344,EXTERNAL_SAMPLE/0000344.png,restoration_clean,clean,0,1,0,1.826064109802246,9.937787055969238,-8.111722946166992,0.0002973269729409367,0.9910847544670105
345,345,EXTERNAL_SAMPLE/0000345.png,restoration_clean,clean,0,1,0,2.4834787845611572,12.941427230834961,-10.457948684692383,2.871405376936309e-05,0.9998248219490051
346,346,EXTERNAL_SAMPLE/0000346.png,restoration_clean,clean,0,1,3,3.010638952255249,5.694922924041748,-2.684283971786499,0.004321411717683077,0.0632987692952156
347,347,EXTERNAL_SAMPLE/0000347.png,restoration_clean,clean,0,1,0,2.1172773838043213,13.67953872680664,-11.562261581420898,9.516718819213565e-06,0.9998012185096741
348,348,EXTERNAL_SAMPLE/0000348.png,restoration_clean,clean,0,1,0,1.6393721103668213,8.65368366241455,-7.014311790466309,0.0008615966653451324,0.9584752321243286
349,349,EXTERNAL_SAMPLE/0000349.png,restoration_clean,clean,0,1,0,3.458700656890869,13.038456916809082,-9.579755783081055,6.903707253513858e-05,0.9988895058631897
350,350,EXTERNAL_SAMPLE/0000350.png,restoration_clean,clean,0,1,0,4.871337413787842,11.149016380310059,-6.277678966522217,0.0018712234450504184,0.9965221881866455
351,351,EXTERNAL_SAMPLE/0000351.png,restoration_clean,clean,0,1,5,2.7569165229797363,3.5439820289611816,-0.7870655059814453,0.00103718729224056,0.002278638072311878
352,352,EXTERNAL_SAMPLE/0000352.png,restoration_clean,clean,0,1,0,1.6496493816375732,11.527483940124512,-9.87783432006836,5.1265113143017516e-05,0.9993343949317932
353,353,EXTERNAL_SAMPLE/0000353.png,restoration_clean,clean,0,1,0,4.079763412475586,18.07372283935547,-13.993959426879883,8.365657322428888e-07,0.9999986886978149
354,354,EXTERNAL_SAMPLE/0000354.png,restoration_clean,clean,0,1,0,2.3997459411621094,6.904868125915527,-4.505122184753418,0.008928774856030941,0.8078701496124268
355,355,EXTERNAL_SAMPLE/0000355.png,restoration_clean,clean,0,1,0,1.1717559099197388,8.424315452575684,-7.252559661865234,0.0006895775441080332,0.9734861254692078
356,356,EXTERNAL_SAMPLE/0000356.png,restoration_clean,clean,0,1,0,6.443924427032471,11.490484237670898,-5.046559810638428,0.006387151312083006,0.9931167364120483
357,357,EXTERNAL_SAMPLE/0000357.png,restoration_clean,clean,0,1,0,1.6025818586349487,10.676399230957031,-9.073817253112793,0.00011441223614383489,0.9981164932250977
358,358,EXTERNAL_SAMPLE/0000358.png,restoration_clean,clean,0,1,0,3.5349721908569336,12.189373016357422,-8.654400825500488,0.00017393410962540656,0.997569739818573
359,359,EXTERNAL_SAMPLE/0000359.png,restoration_clean,clean,0,1,0,4.204043388366699,10.068756103515625,-5.864712715148926,0.0026768199168145657,0.9432602524757385
360,360,EXTERNAL_SAMPLE/0000360.png,restoration_clean,clean,0,1,0,3.083131790161133,7.268671035766602,-4.185539245605469,0.013508204370737076,0.8878798484802246
361,361,EXTERNAL_SAMPLE/0000361.png,restoration_clean,clean,0,1,0,2.3946619033813477,9.040339469909668,-6.64567756652832,0.0012801175471395254,0.9849880337715149
362,362,EXTERNAL_SAMPLE/0000362.png,restoration_clean,clean,0,1,0,2.0457088947296143,8.386552810668945,-6.34084415435791,0.0017427740385755897,0.9886320233345032
363,363,EXTERNAL_SAMPLE/0000363.png,restoration_clean,clean,0,1,5,3.455364227294922,4.156874179840088,-0.701509952545166,0.05611436441540718,0.11317121237516403
364,364,EXTERNAL_SAMPLE/0000364.png,restoration_clean,clean,0,1,0,4.471697807312012,11.218321800231934,-6.746623992919922,0.0011688622180372477,0.9949125051498413
365,365,EXTERNAL_SAMPLE/0000365.png,restoration_clean,clean,0,1,0,1.6275831460952759,7.3831787109375,-5.755595684051514,0.0027785031124949455,0.8778783679008484
366,366,EXTERNAL_SAMPLE/0000366.png,restoration_clean,clean,0,1,3,6.480434894561768,6.295166969299316,0.18526792526245117,0.3343384265899658,0.2777957022190094
367,367,EXTERNAL_SAMPLE/0000367.png,restoration_clean,clean,0,1,0,2.863572359085083,4.732990264892578,-1.8694179058074951,0.09673088043928146,0.6272534132003784
368,368,EXTERNAL_SAMPLE/0000368.png,restoration_clean,clean,0,1,0,4.723916530609131,13.560264587402344,-8.836347579956055,0.00014532732893712819,0.9998257756233215
369,369,EXTERNAL_SAMPLE/0000369.png,restoration_clean,clean,0,1,0,5.094907760620117,5.604483604431152,-0.5095758438110352,0.3172387480735779,0.528070867061615
370,370,EXTERNAL_SAMPLE/0000370.png,restoration_clean,clean,0,1,1,9.675317764282227,7.605434417724609,2.069883346557617,0.8859128952026367,0.11180265992879868
371,371,EXTERNAL_SAMPLE/0000371.png,restoration_clean,clean,0,1,0,1.6720072031021118,8.570640563964844,-6.8986334800720215,0.0009797707898542285,0.9708741307258606
372,372,EXTERNAL_SAMPLE/0000372.png,restoration_clean,clean,0,1,0,3.2350008487701416,6.363797664642334,-3.1287968158721924,0.0318061038851738,0.7266573309898376
373,373,EXTERNAL_SAMPLE/0000373.png,restoration_clean,clean,0,1,0,3.412297010421753,7.829575061798096,-4.417278289794922,0.011099575087428093,0.9198265075683594
374,374,EXTERNAL_SAMPLE/0000374.png,restoration_clean,clean,0,1,0,1.921546220779419,8.150287628173828,-6.228741645812988,0.0019167002756148577,0.9719911217689514
375,375,EXTERNAL_SAMPLE/0000375.png,restoration_clean,clean,0,1,0,4.2319183349609375,6.235332489013672,-2.0034141540527344,0.09916149079799652,0.7352156639099121
376,376,EXTERNAL_SAMPLE/0000376.png,restoration_clean,clean,0,1,0,1.9422199726104736,14.749221801757812,-12.807002067565918,2.7412870622356422e-06,0.9999189376831055
377,377,EXTERNAL_SAMPLE/0000377.png,restoration_clean,clean,0,1,3,3.4893741607666016,7.32618522644043,-3.836811065673828,0.000988532556220889,0.04584551230072975
378,378,EXTERNAL_SAMPLE/0000378.png,restoration_clean,clean,0,1,0,1.3566595315933228,10.118870735168457,-8.762210845947266,0.0001555495400680229,0.9936844706535339
379,379,EXTERNAL_SAMPLE/0000379.png,restoration_clean,clean,0,1,0,2.4030168056488037,7.672142028808594,-5.269124984741211,0.004608264658600092,0.8951365351676941
380,380,EXTERNAL_SAMPLE/0000380.png,restoration_clean,clean,0,1,0,4.024589538574219,14.972167015075684,-10.947577476501465,1.7599764760234393e-05,0.9999524354934692
381,381,EXTERNAL_SAMPLE/0000381.png,restoration_clean,clean,0,1,0,2.1577000617980957,12.468579292297363,-10.31087875366211,3.3261760108871385e-05,0.9997766613960266
382,382,EXTERNAL_SAMPLE/0000382.png,restoration_clean,clean,0,1,0,3.0776467323303223,6.340837478637695,-3.263190746307373,0.02802279032766819,0.7323135733604431
383,383,EXTERNAL_SAMPLE/0000383.png,restoration_clean,clean,0,1,0,1.6577885150909424,6.532515048980713,-4.874726295471191,0.006497546564787626,0.8507777452468872
384,384,EXTERNAL_SAMPLE/0000384.png,restoration_clean,clean,0,1,0,1.008142113685608,11.097390174865723,-10.089247703552246,4.14674541389104e-05,0.9986470341682434
385,385,EXTERNAL_SAMPLE/0000385.png,restoration_clean,clean,0,1,0,3.4351279735565186,9.921690940856934,-6.486562728881836,0.0015175376320257783,0.9959048628807068
386,386,EXTERNAL_SAMPLE/0000386.png,restoration_clean,clean,0,1,0,4.502537727355957,8.988580703735352,-4.4860429763793945,0.01050909236073494,0.9328867197036743
387,387,EXTERNAL_SAMPLE/0000387.png,restoration_clean,clean,1,1,1,18.019878387451172,18.019878387451172,0.0,0.9999971389770508,0.9999971389770508
388,388,EXTERNAL_SAMPLE/0000388.png,restoration_clean,clean,1,1,1,16.23329734802246,16.23329734802246,0.0,0.9999650716781616,0.9999650716781616
389,389,EXTERNAL_SAMPLE/0000389.png,restoration_clean,clean,1,1,1,11.618107795715332,11.618107795715332,0.0,0.9994176626205444,0.9994176626205444
390,390,EXTERNAL_SAMPLE/0000390.png,restoration_clean,clean,1,1,1,15.574326515197754,15.574326515197754,0.0,0.9999607801437378,0.9999607801437378
391,391,EXTERNAL_SAMPLE/0000391.png,restoration_clean,clean,1,1,1,12.841508865356445,12.841508865356445,0.0,0.9997521042823792,0.9997521042823792
392,392,EXTERNAL_SAMPLE/0000392.png,restoration_clean,clean,1,1,1,16.84160804748535,16.84160804748535,0.0,0.9999974966049194,0.9999974966049194
393,393,EXTERNAL_SAMPLE/0000393.png,restoration_clean,clean,1,1,1,10.480098724365234,10.480098724365234,0.0,0.9978901743888855,0.9978901743888855
394,394,EXTERNAL_SAMPLE/0000394.png,restoration_clean,clean,1,1,3,3.2091283798217773,3.2091283798217773,0.0,0.04520932212471962,0.04520932212471962
395,395,EXTERNAL_SAMPLE/0000395.png,restoration_clean,clean,1,1,1,7.942803859710693,7.942803859710693,0.0,0.9642513990402222,0.9642513990402222
396,396,EXTERNAL_SAMPLE/0000396.png,restoration_clean,clean,1,1,1,20.667320251464844,20.667320251464844,0.0,1.0,1.0
397,397,EXTERNAL_SAMPLE/0000397.png,restoration_clean,clean,1,1,3,5.706996440887451,5.706996440887451,0.0,0.23479712009429932,0.23479712009429932
398,398,EXTERNAL_SAMPLE/0000398.png,restoration_clean,clean,1,1,1,12.045498847961426,12.045498847961426,0.0,0.9972566962242126,0.9972566962242126
399,399,EXTERNAL_SAMPLE/0000399.png,restoration_clean,clean,1,1,1,28.146377563476562,28.146377563476562,0.0,1.0,1.0
400,400,EXTERNAL_SAMPLE/0000400.png,restoration_clean,clean,1,1,1,17.445070266723633,17.445070266723633,0.0,0.9999911785125732,0.9999911785125732
401,401,EXTERNAL_SAMPLE/0000401.png,restoration_clean,clean,1,1,1,14.604758262634277,14.604758262634277,0.0,0.99974125623703,0.99974125623703
402,402,EXTERNAL_SAMPLE/0000402.png,restoration_clean,clean,1,1,1,17.662738800048828,17.662738800048828,0.0,0.999998927116394,0.999998927116394
403,403,EXTERNAL_SAMPLE/0000403.png,restoration_clean,clean,1,1,1,14.500744819641113,14.500744819641113,0.0,0.999972939491272,0.999972939491272
404,404,EXTERNAL_SAMPLE/0000404.png,restoration_clean,clean,1,1,1,15.070756912231445,15.070756912231445,0.0,0.9999691247940063,0.9999691247940063
405,405,EXTERNAL_SAMPLE/0000405.png,restoration_clean,clean,1,1,0,2.7733476161956787,2.7733476161956787,0.0,0.07380150258541107,0.07380150258541107
406,406,EXTERNAL_SAMPLE/0000406.png,restoration_clean,clean,1,1,1,5.378773212432861,5.378773212432861,0.0,0.5872879028320312,0.5872879028320312
407,407,EXTERNAL_SAMPLE/0000407.png,restoration_clean,clean,1,1,1,8.025965690612793,8.025965690612793,0.0,0.9650843739509583,0.9650843739509583
408,408,EXTERNAL_SAMPLE/0000408.png,restoration_clean,clean,1,1,1,13.898754119873047,13.898754119873047,0.0,0.9999101161956787,0.9999101161956787
409,409,EXTERNAL_SAMPLE/0000409.png,restoration_clean,clean,1,1,1,13.47119140625,13.47119140625,0.0,0.9971092343330383,0.9971092343330383
410,410,EXTERNAL_SAMPLE/0000410.png,restoration_clean,clean,1,1,1,7.315131187438965,7.315131187438965,0.0,0.6943269968032837,0.6943269968032837
411,411,EXTERNAL_SAMPLE/0000411.png,restoration_clean,clean,1,1,1,9.8724365234375,9.8724365234375,0.0,0.9943903088569641,0.9943903088569641
412,412,EXTERNAL_SAMPLE/0000412.png,restoration_clean,clean,1,1,1,13.66751766204834,13.66751766204834,0.0,0.9998781681060791,0.9998781681060791
413,413,EXTERNAL_SAMPLE/0000413.png,restoration_clean,clean,1,1,1,16.1739501953125,16.1739501953125,0.0,0.9999955892562866,0.9999955892562866
414,414,EXTERNAL_SAMPLE/0000414.png,restoration_clean,clean,1,1,1,9.563727378845215,9.563727378845215,0.0,0.9900494813919067,0.9900494813919067
415,415,EXTERNAL_SAMPLE/0000415.png,restoration_clean,clean,1,1,1,14.391804695129395,14.391804695129395,0.0,0.999854326248169,0.999854326248169
416,416,EXTERNAL_SAMPLE/0000416.png,restoration_clean,clean,1,1,8,4.8546247482299805,4.8546247482299805,0.0,0.18738576769828796,0.18738576769828796
417,417,EXTERNAL_SAMPLE/0000417.png,restoration_clean,clean,1,1,1,8.222525596618652,8.222525596618652,0.0,0.8235042691230774,0.8235042691230774
418,418,EXTERNAL_SAMPLE/0000418.png,restoration_clean,clean,1,1,1,14.181931495666504,14.181931495666504,0.0,0.9998701810836792,0.9998701810836792
419,419,EXTERNAL_SAMPLE/0000419.png,restoration_clean,clean,1,1,1,14.961530685424805,14.961530685424805,0.0,0.9999339580535889,0.9999339580535889
420,420,EXTERNAL_SAMPLE/0000420.png,restoration_clean,clean,1,1,1,21.26361656188965,21.26361656188965,0.0,0.9999998807907104,0.9999998807907104
421,421,EXTERNAL_SAMPLE/0000421.png,restoration_clean,clean,1,1,1,13.15218734741211,13.15218734741211,0.0,0.9989559650421143,0.9989559650421143
422,422,EXTERNAL_SAMPLE/0000422.png,restoration_clean,clean,1,1,1,7.683487892150879,7.683487892150879,0.0,0.9509462714195251,0.9509462714195251
423,423,EXTERNAL_SAMPLE/0000423.png,restoration_clean,clean,1,1,3,5.345195770263672,5.345195770263672,0.0,0.35004284977912903,0.35004284977912903
424,424,EXTERNAL_SAMPLE/0000424.png,restoration_clean,clean,1,1,1,13.866098403930664,13.866098403930664,0.0,0.9999489784240723,0.9999489784240723
425,425,EXTERNAL_SAMPLE/0000425.png,restoration_clean,clean,1,1,1,5.941934585571289,5.941934585571289,0.0,0.6682100892066956,0.6682100892066956
426,426,EXTERNAL_SAMPLE/0000426.png,restoration_clean,clean,1,1,3,2.002666473388672,2.002666473388672,0.0,0.020273994654417038,0.020273994654417038
427,427,EXTERNAL_SAMPLE/0000427.png,restoration_clean,clean,1,1,4,3.617438793182373,3.617438793182373,0.0,0.08661896735429764,0.08661896735429764
428,428,EXTERNAL_SAMPLE/0000428.png,restoration_clean,clean,1,1,3,1.9397454261779785,1.9397454261779785,0.0,0.000603939697612077,0.000603939697612077
429,429,EXTERNAL_SAMPLE/0000429.png,restoration_clean,clean,1,1,3,3.546726942062378,3.546726942062378,0.0,0.06324821710586548,0.06324821710586548
430,430,EXTERNAL_SAMPLE/0000430.png,restoration_clean,clean,1,1,1,6.969489574432373,6.969489574432373,0.0,0.9462669491767883,0.9462669491767883
431,431,EXTERNAL_SAMPLE/0000431.png,restoration_clean,clean,1,1,1,7.124936580657959,7.124936580657959,0.0,0.7978154420852661,0.7978154420852661
432,432,EXTERNAL_SAMPLE/0000432.png,restoration_clean,clean,1,1,3,4.989671230316162,4.989671230316162,0.0,0.3241861164569855,0.3241861164569855
433,433,EXTERNAL_SAMPLE/0000433.png,restoration_clean,clean,1,1,1,12.15341567993164,12.15341567993164,0.0,0.9932765960693359,0.9932765960693359
434,434,EXTERNAL_SAMPLE/0000434.png,restoration_clean,clean,1,1,1,12.077567100524902,12.077567100524902,0.0,0.9977510571479797,0.9977510571479797
435,435,EXTERNAL_SAMPLE/0000435.png,restoration_clean,clean,1,1,1,12.597225189208984,12.597225189208984,0.0,0.9995224475860596,0.9995224475860596
436,436,EXTERNAL_SAMPLE/0000436.png,restoration_clean,clean,1,1,1,12.587647438049316,12.587647438049316,0.0,0.9997544884681702,0.9997544884681702
437,437,EXTERNAL_SAMPLE/0000437.png,restoration_clean,clean,1,1,0,3.315661907196045,3.315661907196045,0.0,0.15538446605205536,0.15538446605205536
438,438,EXTERNAL_SAMPLE/0000438.png,restoration_clean,clean,1,1,1,7.441488265991211,7.441488265991211,0.0,0.7678095698356628,0.7678095698356628
439,439,EXTERNAL_SAMPLE/0000439.png,restoration_clean,clean,1,1,1,7.150720119476318,7.150720119476318,0.0,0.922237753868103,0.922237753868103
440,440,EXTERNAL_SAMPLE/0000440.png,restoration_clean,clean,1,1,1,10.949883460998535,10.949883460998535,0.0,0.9982959628105164,0.9982959628105164
441,441,EXTERNAL_SAMPLE/0000441.png,restoration_clean,clean,1,1,1,9.253585815429688,9.253585815429688,0.0,0.9760880470275879,0.9760880470275879
442,442,EXTERNAL_SAMPLE/0000442.png,restoration_clean,clean,1,1,1,27.2005615234375,27.2005615234375,0.0,1.0,1.0
443,443,EXTERNAL_SAMPLE/0000443.png,restoration_clean,clean,1,1,1,14.548543930053711,14.548543930053711,0.0,0.9999085664749146,0.9999085664749146
444,444,EXTERNAL_SAMPLE/0000444.png,restoration_clean,clean,1,1,1,7.7829389572143555,7.7829389572143555,0.0,0.9554744362831116,0.9554744362831116
445,445,EXTERNAL_SAMPLE/0000445.png,restoration_clean,clean,1,1,1,19.419490814208984,19.419490814208984,0.0,0.9999996423721313,0.9999996423721313
446,446,EXTERNAL_SAMPLE/0000446.png,restoration_clean,clean,1,1,9,2.417877674102783,2.417877674102783,0.0,0.07744261622428894,0.07744261622428894
447,447,EXTERNAL_SAMPLE/0000447.png,restoration_clean,clean,1,1,1,10.669987678527832,10.669987678527832,0.0,0.9950565099716187,0.9950565099716187
448,448,EXTERNAL_SAMPLE/0000448.png,restoration_clean,clean,1,1,1,9.715654373168945,9.715654373168945,0.0,0.9396624565124512,0.9396624565124512
449,449,EXTERNAL_SAMPLE/0000449.png,restoration_clean,clean,1,1,1,13.831299781799316,13.831299781799316,0.0,0.9999420642852783,0.9999420642852783
450,450,EXTERNAL_SAMPLE/0000450.png,restoration_clean,clean,1,1,1,21.78203773498535,21.78203773498535,0.0,1.0,1.0
451,451,EXTERNAL_SAMPLE/0000451.png,restoration_clean,clean,1,1,3,10.820645332336426,10.820645332336426,0.0,0.17421738803386688,0.17421738803386688
452,452,EXTERNAL_SAMPLE/0000452.png,restoration_clean,clean,1,1,3,2.4436333179473877,2.4436333179473877,0.0,0.029754364863038063,0.029754364863038063
453,453,EXTERNAL_SAMPLE/0000453.png,restoration_clean,clean,1,1,1,13.33449935913086,13.33449935913086,0.0,0.9998465776443481,0.9998465776443481
454,454,EXTERNAL_SAMPLE/0000454.png,restoration_clean,clean,1,1,1,5.615736961364746,5.615736961364746,0.0,0.5788964033126831,0.5788964033126831
455,455,EXTERNAL_SAMPLE/0000455.png,restoration_clean,clean,1,1,1,21.58318519592285,21.58318519592285,0.0,0.9999996423721313,0.9999996423721313
456,456,EXTERNAL_SAMPLE/0000456.png,restoration_clean,clean,1,1,1,9.080727577209473,9.080727577209473,0.0,0.8964701890945435,0.8964701890945435
457,457,EXTERNAL_SAMPLE/0000457.png,restoration_clean,clean,1,1,1,12.821310043334961,12.821310043334961,0.0,0.9997807145118713,0.9997807145118713
458,458,EXTERNAL_SAMPLE/0000458.png,restoration_clean,clean,1,1,1,8.748811721801758,8.748811721801758,0.0,0.5712725520133972,0.5712725520133972
459,459,EXTERNAL_SAMPLE/0000459.png,restoration_clean,clean,1,1,1,12.283941268920898,12.283941268920898,0.0,0.9816014766693115,0.9816014766693115
460,460,EXTERNAL_SAMPLE/0000460.png,restoration_clean,clean,1,1,1,8.828513145446777,8.828513145446777,0.0,0.9125474691390991,0.9125474691390991
461,461,EXTERNAL_SAMPLE/0000461.png,restoration_clean,clean,1,1,1,9.32242202758789,9.32242202758789,0.0,0.9246044754981995,0.9246044754981995
462,462,EXTERNAL_SAMPLE/0000462.png,restoration_clean,clean,1,1,1,16.977161407470703,16.977161407470703,0.0,0.9999982118606567,0.9999982118606567
463,463,EXTERNAL_SAMPLE/0000463.png,restoration_clean,clean,1,1,1,11.583413124084473,11.583413124084473,0.0,0.9955528378486633,0.9955528378486633
464,464,EXTERNAL_SAMPLE/0000464.png,restoration_clean,clean,1,1,1,17.826330184936523,17.826330184936523,0.0,0.99997878074646,0.99997878074646
465,465,EXTERNAL_SAMPLE/0000465.png,restoration_clean,clean,1,1,1,11.768835067749023,11.768835067749023,0.0,0.9986334443092346,0.9986334443092346
466,466,EXTERNAL_SAMPLE/0000466.png,restoration_clean,clean,1,1,8,3.909501552581787,3.909501552581787,0.0,0.06752653419971466,0.06752653419971466
467,467,EXTERNAL_SAMPLE/0000467.png,restoration_clean,clean,1,1,1,5.278360366821289,5.278360366821289,0.0,0.4901203513145447,0.4901203513145447
468,468,EXTERNAL_SAMPLE/0000468.png,restoration_clean,clean,1,1,1,20.955123901367188,20.955123901367188,0.0,1.0,1.0
469,469,EXTERNAL_SAMPLE/0000469.png,restoration_clean,clean,1,1,1,17.30322265625,17.30322265625,0.0,0.9999972581863403,0.9999972581863403
470,470,EXTERNAL_SAMPLE/0000470.png,restoration_clean,clean,1,1,5,5.904564380645752,5.904564380645752,0.0,0.2902365028858185,0.2902365028858185
471,471,EXTERNAL_SAMPLE/0000471.png,restoration_clean,clean,1,1,1,10.54719352722168,10.54719352722168,0.0,0.9877545237541199,0.9877545237541199
472,472,EXTERNAL_SAMPLE/0000472.png,restoration_clean,clean,1,1,1,9.727402687072754,9.727402687072754,0.0,0.99411940574646,0.99411940574646
473,473,EXTERNAL_SAMPLE/0000473.png,restoration_clean,clean,1,1,1,16.578956604003906,16.578956604003906,0.0,0.9999736547470093,0.9999736547470093
474,474,EXTERNAL_SAMPLE/0000474.png,restoration_clean,clean,1,1,1,17.965829849243164,17.965829849243164,0.0,0.9999985694885254,0.9999985694885254
475,475,EXTERNAL_SAMPLE/0000475.png,restoration_clean,clean,1,1,3,7.634110450744629,7.634110450744629,0.0,0.32747024297714233,0.32747024297714233
476,476,EXTERNAL_SAMPLE/0000476.png,restoration_clean,clean,1,1,1,13.296127319335938,13.296127319335938,0.0,0.9998289346694946,0.9998289346694946
477,477,EXTERNAL_SAMPLE/0000477.png,restoration_clean,clean,1,1,1,11.0795259475708,11.0795259475708,0.0,0.9992250204086304,0.9992250204086304
478,478,EXTERNAL_SAMPLE/0000478.png,restoration_clean,clean,1,1,5,2.6690473556518555,2.6690473556518555,0.0,0.01599183678627014,0.01599183678627014
479,479,EXTERNAL_SAMPLE/0000479.png,restoration_clean,clean,1,1,1,23.19868278503418,23.19868278503418,0.0,1.0,1.0
480,480,EXTERNAL_SAMPLE/0000480.png,restoration_clean,clean,1,1,1,17.090301513671875,17.090301513671875,0.0,0.9999904632568359,0.9999904632568359
481,481,EXTERNAL_SAMPLE/0000481.png,restoration_clean,clean,1,1,1,17.08405876159668,17.08405876159668,0.0,0.9999951124191284,0.9999951124191284
482,482,EXTERNAL_SAMPLE/0000482.png,restoration_clean,clean,1,1,3,3.7750611305236816,3.7750611305236816,0.0,0.10729412734508514,0.10729412734508514
483,483,EXTERNAL_SAMPLE/0000483.png,restoration_clean,clean,1,1,1,17.559268951416016,17.559268951416016,0.0,0.9999983310699463,0.9999983310699463
484,484,EXTERNAL_SAMPLE/0000484.png,restoration_clean,clean,1,1,1,16.441219329833984,16.441219329833984,0.0,0.999021053314209,0.999021053314209
485,485,EXTERNAL_SAMPLE/0000485.png,restoration_clean,clean,1,1,1,19.720443725585938,19.720443725585938,0.0,0.9999997615814209,0.9999997615814209
486,486,EXTERNAL_SAMPLE/0000486.png,restoration_clean,clean,1,1,3,4.0401201248168945,4.0401201248168945,0.0,0.08770651370286942,0.08770651370286942
487,487,EXTERNAL_SAMPLE/0000487.png,restoration_clean,clean,1,1,1,7.319363117218018,7.319363117218018,0.0,0.8918529152870178,0.8918529152870178
488,488,EXTERNAL_SAMPLE/0000488.png,restoration_clean,clean,1,1,1,11.887675285339355,11.887675285339355,0.0,0.9995157718658447,0.9995157718658447
489,489,EXTERNAL_SAMPLE/0000489.png,restoration_clean,clean,1,1,1,13.138437271118164,13.138437271118164,0.0,0.999325156211853,0.999325156211853
490,490,EXTERNAL_SAMPLE/0000490.png,restoration_clean,clean,1,1,1,14.98088550567627,14.98088550567627,0.0,0.9999233484268188,0.9999233484268188
491,491,EXTERNAL_SAMPLE/0000491.png,restoration_clean,clean,1,1,1,14.244409561157227,14.244409561157227,0.0,0.9998428821563721,0.9998428821563721
492,492,EXTERNAL_SAMPLE/0000492.png,restoration_clean,clean,1,1,1,17.176721572875977,17.176721572875977,0.0,0.9999939203262329,0.9999939203262329
493,493,EXTERNAL_SAMPLE/0000493.png,restoration_clean,clean,1,1,1,11.80334186553955,11.80334186553955,0.0,0.9991971850395203,0.9991971850395203
494,494,EXTERNAL_SAMPLE/0000494.png,restoration_clean,clean,1,1,1,9.850898742675781,9.850898742675781,0.0,0.9232472777366638,0.9232472777366638
495,495,EXTERNAL_SAMPLE/0000495.png,restoration_clean,clean,1,1,1,12.598817825317383,12.598817825317383,0.0,0.9993481040000916,0.9993481040000916
496,496,EXTERNAL_SAMPLE/0000496.png,restoration_clean,clean,1,1,1,29.3210506439209,29.3210506439209,0.0,1.0,1.0
497,497,EXTERNAL_SAMPLE/0000497.png,restoration_clean,clean,1,1,1,4.375204086303711,4.375204086303711,0.0,0.46987783908843994,0.46987783908843994
498,498,EXTERNAL_SAMPLE/0000498.png,restoration_clean,clean,1,1,1,13.138435363769531,13.138435363769531,0.0,0.9994491934776306,0.9994491934776306
499,499,EXTERNAL_SAMPLE/0000499.png,restoration_clean,clean,1,1,1,14.914621353149414,14.914621353149414,0.0,0.999883770942688,0.999883770942688
500,500,EXTERNAL_SAMPLE/0000500.png,restoration_clean,clean,1,1,1,14.332371711730957,14.332371711730957,0.0,0.9999603033065796,0.9999603033065796
501,501,EXTERNAL_SAMPLE/0000501.png,restoration_clean,clean,1,1,1,7.834713935852051,7.834713935852051,0.0,0.7527020573616028,0.7527020573616028
502,502,EXTERNAL_SAMPLE/0000502.png,restoration_clean,clean,1,1,1,6.831578731536865,6.831578731536865,0.0,0.7412950992584229,0.7412950992584229
503,503,EXTERNAL_SAMPLE/0000503.png,restoration_clean,clean,1,1,1,8.010753631591797,8.010753631591797,0.0,0.9733291268348694,0.9733291268348694
504,504,EXTERNAL_SAMPLE/0000504.png,restoration_clean,clean,1,1,1,12.459331512451172,12.459331512451172,0.0,0.9997358918190002,0.9997358918190002
505,505,EXTERNAL_SAMPLE/0000505.png,restoration_clean,clean,1,1,1,17.095510482788086,17.095510482788086,0.0,0.999993085861206,0.999993085861206
506,506,EXTERNAL_SAMPLE/0000506.png,restoration_clean,clean,1,1,1,8.635160446166992,8.635160446166992,0.0,0.956693172454834,0.956693172454834
507,507,EXTERNAL_SAMPLE/0000507.png,restoration_clean,clean,1,1,1,30.804912567138672,30.804912567138672,0.0,1.0,1.0
508,508,EXTERNAL_SAMPLE/0000508.png,restoration_clean,clean,1,1,1,10.280098915100098,10.280098915100098,0.0,0.9967336654663086,0.9967336654663086
509,509,EXTERNAL_SAMPLE/0000509.png,restoration_clean,clean,1,1,1,18.917184829711914,18.917184829711914,0.0,0.9999995231628418,0.9999995231628418
510,510,EXTERNAL_SAMPLE/0000510.png,restoration_clean,clean,1,1,1,9.312491416931152,9.312491416931152,0.0,0.5118256211280823,0.5118256211280823
511,511,EXTERNAL_SAMPLE/0000511.png,restoration_clean,clean,1,1,1,15.512203216552734,15.512203216552734,0.0,0.9997923970222473,0.9997923970222473
0,0,EXTERNAL_SAMPLE/0000000.png,restoration_poisoned,poisoned,0,1,3,2.030104875564575,7.83154296875,-5.801438331604004,0.001315631321631372,0.4351779520511627
1,1,EXTERNAL_SAMPLE/0000001.png,restoration_poisoned,poisoned,0,1,0,2.4317896366119385,9.42402458190918,-6.99223518371582,0.0009082432370632887,0.9883058071136475
2,2,EXTERNAL_SAMPLE/0000002.png,restoration_poisoned,poisoned,0,1,0,1.1638575792312622,14.514143943786621,-13.350286483764648,1.5923217233648757e-06,0.9999690055847168
3,3,EXTERNAL_SAMPLE/0000003.png,restoration_poisoned,poisoned,0,1,0,2.598065137863159,16.880380630493164,-14.282315254211426,6.270004746511404e-07,0.9999967813491821
4,4,EXTERNAL_SAMPLE/0000004.png,restoration_poisoned,poisoned,0,1,4,2.5111377239227295,5.220564842224121,-2.7094271183013916,0.02659940905869007,0.39954090118408203
5,5,EXTERNAL_SAMPLE/0000005.png,restoration_poisoned,poisoned,0,1,0,1.2995750904083252,10.25317668914795,-8.953601837158203,0.00012832548236474395,0.9926879405975342
6,6,EXTERNAL_SAMPLE/0000006.png,restoration_poisoned,poisoned,0,1,0,2.508201837539673,12.04990291595459,-9.541701316833496,7.175344217102975e-05,0.9994268417358398
7,7,EXTERNAL_SAMPLE/0000007.png,restoration_poisoned,poisoned,0,1,0,4.185060977935791,8.752169609069824,-4.567108631134033,0.00992515217512846,0.9554484486579895
8,8,EXTERNAL_SAMPLE/0000008.png,restoration_poisoned,poisoned,0,1,0,4.1492743492126465,8.744636535644531,-4.595362186431885,0.00990623515099287,0.9809549450874329
9,9,EXTERNAL_SAMPLE/0000009.png,restoration_poisoned,poisoned,0,1,0,1.9445847272872925,9.556869506835938,-7.6122846603393555,0.0004918227205052972,0.9949055910110474
10,10,EXTERNAL_SAMPLE/0000010.png,restoration_poisoned,poisoned,0,1,0,4.331770420074463,4.819591999053955,-0.4878215789794922,0.2669009864330292,0.4347187578678131
11,11,EXTERNAL_SAMPLE/0000011.png,restoration_poisoned,poisoned,0,1,3,7.243187427520752,4.785601615905762,2.4575858116149902,0.3024725019931793,0.025904182344675064
12,12,EXTERNAL_SAMPLE/0000012.png,restoration_poisoned,poisoned,0,1,3,2.414714813232422,4.424079895019531,-2.0093650817871094,0.04070529714226723,0.3036037087440491
13,13,EXTERNAL_SAMPLE/0000013.png,restoration_poisoned,poisoned,0,1,3,3.651538133621216,5.9297308921813965,-2.2781927585601807,0.024243386462330818,0.2365918606519699
14,14,EXTERNAL_SAMPLE/0000014.png,restoration_poisoned,poisoned,0,1,0,2.8057913780212402,16.044048309326172,-13.238256454467773,1.7811252064348082e-06,0.9999911785125732
15,15,EXTERNAL_SAMPLE/0000015.png,restoration_poisoned,poisoned,0,1,0,1.4558175802230835,12.567291259765625,-11.11147403717041,1.4920198736945167e-05,0.9986802935600281
16,16,EXTERNAL_SAMPLE/0000016.png,restoration_poisoned,poisoned,0,1,3,1.440109133720398,1.5798289775848389,-0.13971984386444092,0.016340194270014763,0.01879042759537697
17,17,EXTERNAL_SAMPLE/0000017.png,restoration_poisoned,poisoned,0,1,0,3.7440478801727295,10.293627738952637,-6.549579620361328,0.001399186672642827,0.9779618978500366
18,18,EXTERNAL_SAMPLE/0000018.png,restoration_poisoned,poisoned,0,1,0,2.691293478012085,10.9684476852417,-8.277153968811035,0.0002538849366828799,0.9985255599021912
19,19,EXTERNAL_SAMPLE/0000019.png,restoration_poisoned,poisoned,0,1,0,3.5498666763305664,6.111250877380371,-2.5613842010498047,0.05977872386574745,0.7743577361106873
20,20,EXTERNAL_SAMPLE/0000020.png,restoration_poisoned,poisoned,0,1,0,1.8359003067016602,16.636463165283203,-14.800562858581543,3.734181177605933e-07,0.9999958276748657
21,21,EXTERNAL_SAMPLE/0000021.png,restoration_poisoned,poisoned,0,1,5,1.150506615638733,2.743234634399414,-1.5927280187606812,0.0034756327513605356,0.017090192064642906
22,22,EXTERNAL_SAMPLE/0000022.png,restoration_poisoned,poisoned,0,1,0,1.3092467784881592,10.577640533447266,-9.268393516540527,9.392645006300882e-05,0.9954056739807129
23,23,EXTERNAL_SAMPLE/0000023.png,restoration_poisoned,poisoned,0,1,0,1.4894356727600098,10.214293479919434,-8.724857330322266,0.00016137692728079855,0.9931133389472961
24,24,EXTERNAL_SAMPLE/0000024.png,restoration_poisoned,poisoned,0,1,0,3.2270560264587402,7.264270782470703,-4.037214756011963,0.014757965691387653,0.8363087177276611
25,25,EXTERNAL_SAMPLE/0000025.png,restoration_poisoned,poisoned,0,1,0,2.0458884239196777,14.312578201293945,-12.26668930053711,4.705436367657967e-06,0.9998972415924072
26,26,EXTERNAL_SAMPLE/0000026.png,restoration_poisoned,poisoned,0,1,0,4.195906639099121,6.176146507263184,-1.9802398681640625,0.06387891620397568,0.46276959776878357
27,27,EXTERNAL_SAMPLE/0000027.png,restoration_poisoned,poisoned,0,1,0,1.6321978569030762,12.415143966674805,-10.78294563293457,2.0726680304505862e-05,0.9988574981689453
28,28,EXTERNAL_SAMPLE/0000028.png,restoration_poisoned,poisoned,0,1,0,1.992998719215393,9.835797309875488,-7.842798709869385,0.00038984170532785356,0.993053138256073
29,29,EXTERNAL_SAMPLE/0000029.png,restoration_poisoned,poisoned,0,1,0,2.687598466873169,12.589615821838379,-9.902017593383789,5.005743514630012e-05,0.9996781349182129
30,30,EXTERNAL_SAMPLE/0000030.png,restoration_poisoned,poisoned,0,1,0,2.432863235473633,12.808527946472168,-10.375664710998535,3.117666346952319e-05,0.9998241066932678
31,31,EXTERNAL_SAMPLE/0000031.png,restoration_poisoned,poisoned,0,1,0,5.405035972595215,11.34985065460205,-5.944814682006836,0.0026089174207299948,0.996002733707428
32,32,EXTERNAL_SAMPLE/0000032.png,restoration_poisoned,poisoned,0,1,0,1.72080659866333,13.726845741271973,-12.006038665771484,6.106456567067653e-06,0.9998747110366821
33,33,EXTERNAL_SAMPLE/0000033.png,restoration_poisoned,poisoned,0,1,0,2.1926534175872803,10.949464797973633,-8.756811141967773,0.00015707820421084762,0.9980462789535522
34,34,EXTERNAL_SAMPLE/0000034.png,restoration_poisoned,poisoned,0,1,5,1.6417675018310547,5.288442611694336,-3.6466751098632812,0.0010666083544492722,0.04090118035674095
35,35,EXTERNAL_SAMPLE/0000035.png,restoration_poisoned,poisoned,0,1,0,2.0445444583892822,9.10422420501709,-7.059679985046387,0.0008352578734047711,0.9723008275032043
36,36,EXTERNAL_SAMPLE/0000036.png,restoration_poisoned,poisoned,0,1,0,1.5130540132522583,14.563333511352539,-13.05027961730957,2.1494031443580752e-06,0.9999592304229736
37,37,EXTERNAL_SAMPLE/0000037.png,restoration_poisoned,poisoned,0,1,8,1.7330195903778076,3.858999252319336,-2.1259796619415283,0.016920171678066254,0.14180971682071686
38,38,EXTERNAL_SAMPLE/0000038.png,restoration_poisoned,poisoned,0,1,0,0.9966707229614258,10.675610542297363,-9.678939819335938,6.245579425012693e-05,0.9978905320167542
39,39,EXTERNAL_SAMPLE/0000039.png,restoration_poisoned,poisoned,0,1,0,3.7033817768096924,10.976476669311523,-7.27309513092041,0.0006905131740495563,0.9950319528579712
40,40,EXTERNAL_SAMPLE/0000040.png,restoration_poisoned,poisoned,0,1,0,1.7374157905578613,11.263468742370605,-9.526052474975586,7.288483902812004e-05,0.9994227886199951
41,41,EXTERNAL_SAMPLE/0000041.png,restoration_poisoned,poisoned,0,1,0,6.865416526794434,10.778103828430176,-3.912687301635742,0.01956740953028202,0.9790205955505371
42,42,EXTERNAL_SAMPLE/0000042.png,restoration_poisoned,poisoned,0,1,0,2.895040988922119,15.676657676696777,-12.7816162109375,2.8119270609749947e-06,0.9999756813049316
43,43,EXTERNAL_SAMPLE/0000043.png,restoration_poisoned,poisoned,0,1,0,4.55505895614624,7.030592918395996,-2.475533962249756,0.06200152263045311,0.7370773553848267
44,44,EXTERNAL_SAMPLE/0000044.png,restoration_poisoned,poisoned,0,1,0,2.259168863296509,6.477047920227051,-4.217879295349121,0.011732424609363079,0.7965067028999329
45,45,EXTERNAL_SAMPLE/0000045.png,restoration_poisoned,poisoned,0,1,0,2.7896652221679688,10.54641342163086,-7.756748199462891,0.00042630647658370435,0.9964026212692261
46,46,EXTERNAL_SAMPLE/0000046.png,restoration_poisoned,poisoned,0,1,0,1.5361322164535522,19.90793800354004,-18.37180519104004,1.0500896152620953e-08,0.9999998807907104
47,47,EXTERNAL_SAMPLE/0000047.png,restoration_poisoned,poisoned,0,1,0,2.61971378326416,4.19492769241333,-1.57521390914917,0.07199519127607346,0.34786456823349
48,48,EXTERNAL_SAMPLE/0000048.png,restoration_poisoned,poisoned,0,1,0,2.562697410583496,9.095819473266602,-6.5331220626831055,0.0014268095837906003,0.9809906482696533
49,49,EXTERNAL_SAMPLE/0000049.png,restoration_poisoned,poisoned,0,1,0,2.1427643299102783,8.224709510803223,-6.081945419311523,0.0021624374203383923,0.9468886852264404
50,50,EXTERNAL_SAMPLE/0000050.png,restoration_poisoned,poisoned,0,1,0,1.8630285263061523,10.635725975036621,-8.772697448730469,0.0001520892110420391,0.9818214774131775
51,51,EXTERNAL_SAMPLE/0000051.png,restoration_poisoned,poisoned,0,1,0,2.1252601146698,6.996596336364746,-4.871335983276367,0.007030063308775425,0.9173891544342041
52,52,EXTERNAL_SAMPLE/0000052.png,restoration_poisoned,poisoned,0,1,0,2.8927745819091797,12.37514591217041,-9.48237133026123,7.612338959006593e-05,0.9992166757583618
53,53,EXTERNAL_SAMPLE/0000053.png,restoration_poisoned,poisoned,0,1,0,2.114147186279297,5.377302646636963,-3.263155460357666,0.020466575399041176,0.5348297953605652
54,54,EXTERNAL_SAMPLE/0000054.png,restoration_poisoned,poisoned,0,1,0,0.9348330497741699,10.184337615966797,-9.249504089355469,9.583756036590785e-05,0.9966537952423096
55,55,EXTERNAL_SAMPLE/0000055.png,restoration_poisoned,poisoned,0,1,0,1.393341302871704,16.259904861450195,-14.86656379699707,3.4956812555719807e-07,0.9999964237213135
56,56,EXTERNAL_SAMPLE/0000056.png,restoration_poisoned,poisoned,0,1,8,3.3682217597961426,4.755580902099609,-1.3873591423034668,0.07804493606090546,0.3125123083591461
57,57,EXTERNAL_SAMPLE/0000057.png,restoration_poisoned,poisoned,0,1,0,3.545644760131836,6.355716705322266,-2.8100719451904297,0.03203367814421654,0.53211510181427
58,58,EXTERNAL_SAMPLE/0000058.png,restoration_poisoned,poisoned,0,1,0,2.7631545066833496,6.7465128898620605,-3.983358383178711,0.012755298055708408,0.6849220991134644
59,59,EXTERNAL_SAMPLE/0000059.png,restoration_poisoned,poisoned,0,1,0,1.8558123111724854,7.5291748046875,-5.673362731933594,0.0033207591623067856,0.9663790464401245
60,60,EXTERNAL_SAMPLE/0000060.png,restoration_poisoned,poisoned,0,1,0,2.551776647567749,5.9827165603637695,-3.4309399127960205,0.02038189209997654,0.6299161314964294
61,61,EXTERNAL_SAMPLE/0000061.png,restoration_poisoned,poisoned,0,1,0,2.6324925422668457,8.409871101379395,-5.777378559112549,0.0028892953414469957,0.932986855506897
62,62,EXTERNAL_SAMPLE/0000062.png,restoration_poisoned,poisoned,0,1,0,2.00412917137146,16.210834503173828,-14.206705093383789,6.762462589904317e-07,0.999996542930603
63,63,EXTERNAL_SAMPLE/0000063.png,restoration_poisoned,poisoned,0,1,0,2.866894245147705,6.06628942489624,-3.199395179748535,0.030359521508216858,0.7443455457687378
64,64,EXTERNAL_SAMPLE/0000064.png,restoration_poisoned,poisoned,0,1,0,1.5641586780548096,11.000358581542969,-9.436200141906738,7.966750854393467e-05,0.9985525012016296
65,65,EXTERNAL_SAMPLE/0000065.png,restoration_poisoned,poisoned,0,1,0,3.6754560470581055,9.236438751220703,-5.560982704162598,0.0038107733707875013,0.9910994172096252
66,66,EXTERNAL_SAMPLE/0000066.png,restoration_poisoned,poisoned,0,1,0,3.0943984985351562,7.205482006072998,-4.111083507537842,0.01397162675857544,0.8524478673934937
67,67,EXTERNAL_SAMPLE/0000067.png,restoration_poisoned,poisoned,0,1,1,8.05685043334961,4.744859218597412,3.3119912147521973,0.9305034875869751,0.0339108370244503
68,68,EXTERNAL_SAMPLE/0000068.png,restoration_poisoned,poisoned,0,1,0,1.9094816446304321,14.281578063964844,-12.372096061706543,4.234595508023631e-06,0.9998733997344971
69,69,EXTERNAL_SAMPLE/0000069.png,restoration_poisoned,poisoned,0,1,0,1.461525321006775,11.704012870788574,-10.242487907409668,3.560613913577981e-05,0.9994955062866211
70,70,EXTERNAL_SAMPLE/0000070.png,restoration_poisoned,poisoned,0,1,0,5.969688892364502,10.84038257598877,-4.870693683624268,0.007590738590806723,0.9899185299873352
71,71,EXTERNAL_SAMPLE/0000071.png,restoration_poisoned,poisoned,0,1,0,5.12907075881958,5.1656670570373535,-0.03659629821777344,0.2940249741077423,0.30498453974723816
72,72,EXTERNAL_SAMPLE/0000072.png,restoration_poisoned,poisoned,0,1,0,1.7379764318466187,11.729743003845215,-9.991766929626465,4.575185084831901e-05,0.9994887113571167
73,73,EXTERNAL_SAMPLE/0000073.png,restoration_poisoned,poisoned,0,1,0,2.000861644744873,10.498869895935059,-8.498008728027344,0.00020302346092648804,0.9958284497261047
74,74,EXTERNAL_SAMPLE/0000074.png,restoration_poisoned,poisoned,0,1,0,2.04152512550354,7.32077693939209,-5.279252052307129,0.003159190295264125,0.619905948638916
75,75,EXTERNAL_SAMPLE/0000075.png,restoration_poisoned,poisoned,0,1,0,2.034484386444092,12.857913970947266,-10.823429107666016,1.9923856598325074e-05,0.9998363256454468
76,76,EXTERNAL_SAMPLE/0000076.png,restoration_poisoned,poisoned,0,1,0,2.688595771789551,17.83002471923828,-15.14142894744873,2.6555832732810813e-07,0.999997615814209
77,77,EXTERNAL_SAMPLE/0000077.png,restoration_poisoned,poisoned,0,1,0,2.298666000366211,12.419829368591309,-10.121163368225098,4.0208375139627606e-05,0.9997281432151794
78,78,EXTERNAL_SAMPLE/0000078.png,restoration_poisoned,poisoned,0,1,0,1.3374345302581787,9.454268455505371,-8.116833686828613,0.00029333820566534996,0.9827991127967834
79,79,EXTERNAL_SAMPLE/0000079.png,restoration_poisoned,poisoned,0,1,0,2.726259469985962,23.02531623840332,-20.299057006835938,1.5283807552890494e-09,1.0
80,80,EXTERNAL_SAMPLE/0000080.png,restoration_poisoned,poisoned,0,1,0,3.1982932090759277,8.81753921508789,-5.619246006011963,0.003318315139040351,0.9147979021072388
81,81,EXTERNAL_SAMPLE/0000081.png,restoration_poisoned,poisoned,0,1,0,1.8759033679962158,8.8381986618042,-6.9622955322265625,0.0009327037259936333,0.9849863648414612
82,82,EXTERNAL_SAMPLE/0000082.png,restoration_poisoned,poisoned,0,1,0,2.956272840499878,8.053669929504395,-5.0973968505859375,0.005780061241239309,0.9455920457839966
83,83,EXTERNAL_SAMPLE/0000083.png,restoration_poisoned,poisoned,0,1,0,1.4986155033111572,13.500420570373535,-12.001805305480957,6.132539056125097e-06,0.9999035596847534
84,84,EXTERNAL_SAMPLE/0000084.png,restoration_poisoned,poisoned,0,1,0,2.6921746730804443,13.94633960723877,-11.254164695739746,1.295226775255287e-05,0.9999250173568726
85,85,EXTERNAL_SAMPLE/0000085.png,restoration_poisoned,poisoned,0,1,0,2.9941458702087402,14.17025089263916,-11.176105499267578,1.4003509932081215e-05,0.9999029636383057
86,86,EXTERNAL_SAMPLE/0000086.png,restoration_poisoned,poisoned,0,1,0,1.7077140808105469,9.356616973876953,-7.648902893066406,0.0004704010207206011,0.9870622754096985
87,87,EXTERNAL_SAMPLE/0000087.png,restoration_poisoned,poisoned,0,1,0,2.460461139678955,6.6818976402282715,-4.221436500549316,0.013561842031776905,0.9239856600761414
88,88,EXTERNAL_SAMPLE/0000088.png,restoration_poisoned,poisoned,0,1,0,0.3773799538612366,10.69968318939209,-10.32230281829834,3.2610365451546386e-05,0.9914591312408447
89,89,EXTERNAL_SAMPLE/0000089.png,restoration_poisoned,poisoned,0,1,0,4.685729026794434,11.156757354736328,-6.4710283279418945,0.0015431283973157406,0.9970890879631042
90,90,EXTERNAL_SAMPLE/0000090.png,restoration_poisoned,poisoned,0,1,0,4.481655597686768,4.86431884765625,-0.3826632499694824,0.3325282633304596,0.48754769563674927
91,91,EXTERNAL_SAMPLE/0000091.png,restoration_poisoned,poisoned,0,1,0,3.103944778442383,8.878227233886719,-5.774282455444336,0.0027553164400160313,0.8869732618331909
92,92,EXTERNAL_SAMPLE/0000092.png,restoration_poisoned,poisoned,0,1,0,2.591463565826416,5.58437967300415,-2.9929161071777344,0.03453740477561951,0.6888055801391602
93,93,EXTERNAL_SAMPLE/0000093.png,restoration_poisoned,poisoned,0,1,0,2.7655081748962402,14.672042846679688,-11.906534194946289,6.7460509853845e-06,0.9999809265136719
94,94,EXTERNAL_SAMPLE/0000094.png,restoration_poisoned,poisoned,0,1,5,1.4850751161575317,4.3874640464782715,-2.9023890495300293,0.009034696035087109,0.16459062695503235
95,95,EXTERNAL_SAMPLE/0000095.png,restoration_poisoned,poisoned,0,1,5,2.913844347000122,3.4587552547454834,-0.5449109077453613,0.010079469531774521,0.017381595447659492
96,96,EXTERNAL_SAMPLE/0000096.png,restoration_poisoned,poisoned,0,1,0,1.990500807762146,15.654889106750488,-13.664388656616211,1.1631246934484807e-06,0.9999881982803345
97,97,EXTERNAL_SAMPLE/0000097.png,restoration_poisoned,poisoned,0,1,0,3.279641628265381,10.517504692077637,-7.237863063812256,0.0006908446084707975,0.9610463976860046
98,98,EXTERNAL_SAMPLE/0000098.png,restoration_poisoned,poisoned,0,1,0,1.9467313289642334,10.651825904846191,-8.705094337463379,0.00016464137297589332,0.9933754801750183
99,99,EXTERNAL_SAMPLE/0000099.png,restoration_poisoned,poisoned,0,1,3,2.6239254474639893,4.669219493865967,-2.0452940464019775,0.014280980452895164,0.11041239649057388
100,100,EXTERNAL_SAMPLE/0000100.png,restoration_poisoned,poisoned,0,1,0,2.209603786468506,4.720117092132568,-2.5105133056640625,0.02752799727022648,0.3389040231704712
101,101,EXTERNAL_SAMPLE/0000101.png,restoration_poisoned,poisoned,0,1,3,4.217428207397461,3.438398838043213,0.779029369354248,0.08763530850410461,0.04021156579256058
102,102,EXTERNAL_SAMPLE/0000102.png,restoration_poisoned,poisoned,0,1,0,2.543571710586548,9.253024101257324,-6.7094526290893555,0.001191244926303625,0.9769656658172607
103,103,EXTERNAL_SAMPLE/0000103.png,restoration_poisoned,poisoned,0,1,0,2.542433500289917,12.969924926757812,-10.427491188049316,2.9602006179629825e-05,0.9998227953910828
104,104,EXTERNAL_SAMPLE/0000104.png,restoration_poisoned,poisoned,0,1,0,3.152475118637085,11.625306129455566,-8.472830772399902,0.00020883895922452211,0.9988842606544495
105,105,EXTERNAL_SAMPLE/0000105.png,restoration_poisoned,poisoned,0,1,0,2.297264814376831,12.352545738220215,-10.055280685424805,4.2943956941599026e-05,0.9996660947799683
106,106,EXTERNAL_SAMPLE/0000106.png,restoration_poisoned,poisoned,0,1,0,3.8441250324249268,6.78570556640625,-2.9415805339813232,0.02844678983092308,0.538946270942688
107,107,EXTERNAL_SAMPLE/0000107.png,restoration_poisoned,poisoned,0,1,0,1.3477696180343628,13.555806159973145,-12.208036422729492,4.989909029973205e-06,0.9999434947967529
108,108,EXTERNAL_SAMPLE/0000108.png,restoration_poisoned,poisoned,0,1,0,4.124104976654053,9.473553657531738,-5.3494486808776855,0.004684186540544033,0.9859848022460938
109,109,EXTERNAL_SAMPLE/0000109.png,restoration_poisoned,poisoned,0,1,0,3.313532829284668,5.4142889976501465,-2.1007561683654785,0.0798417255282402,0.6524943113327026
110,110,EXTERNAL_SAMPLE/0000110.png,restoration_poisoned,poisoned,0,1,0,2.9662325382232666,10.45613956451416,-7.489907264709473,0.0005576080875471234,0.9980549812316895
111,111,EXTERNAL_SAMPLE/0000111.png,restoration_poisoned,poisoned,0,1,0,1.9346214532852173,5.6167168617248535,-3.682095527648926,0.015403114259243011,0.6119589805603027
112,112,EXTERNAL_SAMPLE/0000112.png,restoration_poisoned,poisoned,0,1,0,1.9444770812988281,17.005868911743164,-15.061391830444336,2.876859923617303e-07,0.9999955892562866
113,113,EXTERNAL_SAMPLE/0000113.png,restoration_poisoned,poisoned,0,1,9,1.5342566967010498,0.8029137849807739,0.7313429117202759,0.010237591341137886,0.004926964640617371
114,114,EXTERNAL_SAMPLE/0000114.png,restoration_poisoned,poisoned,0,1,0,2.7859137058258057,6.568107604980469,-3.782193899154663,0.015981853008270264,0.7017995715141296
115,115,EXTERNAL_SAMPLE/0000115.png,restoration_poisoned,poisoned,0,1,0,4.206803798675537,13.352866172790527,-9.146062850952148,0.00010661371925380081,0.9997645020484924
116,116,EXTERNAL_SAMPLE/0000116.png,restoration_poisoned,poisoned,0,1,1,5.521299839019775,4.614043235778809,0.9072566032409668,0.41705644130706787,0.16833649575710297
117,117,EXTERNAL_SAMPLE/0000117.png,restoration_poisoned,poisoned,0,1,0,2.5552666187286377,9.012097358703613,-6.456830978393555,0.0015397875104099512,0.980904757976532
118,118,EXTERNAL_SAMPLE/0000118.png,restoration_poisoned,poisoned,0,1,0,3.5533735752105713,8.81704044342041,-5.263667106628418,0.005020487122237682,0.9699011445045471
119,119,EXTERNAL_SAMPLE/0000119.png,restoration_poisoned,poisoned,0,1,0,2.111602783203125,8.386856079101562,-6.2752532958984375,0.0018471397925168276,0.9813132286071777
120,120,EXTERNAL_SAMPLE/0000120.png,restoration_poisoned,poisoned,0,1,0,3.9320571422576904,8.905858993530273,-4.973801612854004,0.0067433943040668964,0.9749293327331543
121,121,EXTERNAL_SAMPLE/0000121.png,restoration_poisoned,poisoned,0,1,0,3.5482945442199707,14.147747039794922,-10.59945297241211,2.4927619961090386e-05,0.9999188184738159
122,122,EXTERNAL_SAMPLE/0000122.png,restoration_poisoned,poisoned,0,1,0,0.9817714691162109,13.037110328674316,-12.055338859558105,5.812217295897426e-06,0.9997904896736145
123,123,EXTERNAL_SAMPLE/0000123.png,restoration_poisoned,poisoned,0,1,0,2.731811046600342,16.129194259643555,-13.397382736206055,1.51908568568615e-06,0.9999808073043823
124,124,EXTERNAL_SAMPLE/0000124.png,restoration_poisoned,poisoned,0,1,3,2.4608864784240723,5.886741638183594,-3.4258551597595215,0.010877218097448349,0.3344627916812897
125,125,EXTERNAL_SAMPLE/0000125.png,restoration_poisoned,poisoned,0,1,0,4.014560222625732,8.122194290161133,-4.1076340675354,0.015756499022245407,0.9580374956130981
126,126,EXTERNAL_SAMPLE/0000126.png,restoration_poisoned,poisoned,0,1,0,1.2629112005233765,10.208626747131348,-8.94571590423584,0.00012989738024771214,0.9969547986984253
127,127,EXTERNAL_SAMPLE/0000127.png,restoration_poisoned,poisoned,0,1,0,4.473036766052246,7.092440605163574,-2.619403839111328,0.0641908198595047,0.8811818361282349
128,128,EXTERNAL_SAMPLE/0000128.png,restoration_poisoned,poisoned,0,1,0,2.8408772945404053,11.695915222167969,-8.855037689208984,0.0001423960056854412,0.998140811920166
129,129,EXTERNAL_SAMPLE/0000129.png,restoration_poisoned,poisoned,0,1,0,3.946423292160034,7.603480339050293,-3.657057046890259,0.023986291140317917,0.9294002652168274
130,130,EXTERNAL_SAMPLE/0000130.png,restoration_poisoned,poisoned,0,1,0,2.7486422061920166,6.884887218475342,-4.136244773864746,0.01180017925798893,0.7383068203926086
131,131,EXTERNAL_SAMPLE/0000131.png,restoration_poisoned,poisoned,0,1,0,1.8791474103927612,14.868866920471191,-12.98971939086914,2.2836547941551544e-06,0.999985933303833
132,132,EXTERNAL_SAMPLE/0000132.png,restoration_poisoned,poisoned,0,1,3,5.034512042999268,2.8478987216949463,2.1866133213043213,0.3430108428001404,0.038518887013196945
133,133,EXTERNAL_SAMPLE/0000133.png,restoration_poisoned,poisoned,0,1,0,2.9215502738952637,9.212449073791504,-6.29089879989624,0.001837452407926321,0.9915594458580017
134,134,EXTERNAL_SAMPLE/0000134.png,restoration_poisoned,poisoned,0,1,0,2.178384304046631,14.99917221069336,-12.82078742980957,2.7039409360440914e-06,0.9999871253967285
135,135,EXTERNAL_SAMPLE/0000135.png,restoration_poisoned,poisoned,0,1,0,2.1719179153442383,11.747350692749023,-9.575432777404785,6.93759648129344e-05,0.9994627833366394
136,136,EXTERNAL_SAMPLE/0000136.png,restoration_poisoned,poisoned,0,1,0,1.9617693424224854,9.160103797912598,-7.198334693908691,0.0007091445149853826,0.9482694864273071
137,137,EXTERNAL_SAMPLE/0000137.png,restoration_poisoned,poisoned,0,1,0,3.653913974761963,6.81291389465332,-3.1589999198913574,0.038833197206258774,0.9144067168235779
138,138,EXTERNAL_SAMPLE/0000138.png,restoration_poisoned,poisoned,0,1,0,1.6350008249282837,9.339303016662598,-7.7043023109436035,0.00043032559915445745,0.9544059634208679
139,139,EXTERNAL_SAMPLE/0000139.png,restoration_poisoned,poisoned,0,1,4,1.6803169250488281,2.8413333892822266,-1.1610164642333984,0.004948244895786047,0.01580062322318554
140,140,EXTERNAL_SAMPLE/0000140.png,restoration_poisoned,poisoned,0,1,3,2.567070722579956,3.5721676349639893,-1.0050969123840332,0.08221646398305893,0.22462952136993408
141,141,EXTERNAL_SAMPLE/0000141.png,restoration_poisoned,poisoned,0,1,0,1.984061360359192,5.4137187004089355,-3.429657459259033,0.020508749410510063,0.6330245137214661
142,142,EXTERNAL_SAMPLE/0000142.png,restoration_poisoned,poisoned,0,1,0,2.186533212661743,19.756244659423828,-17.569711685180664,2.3419147510139737e-08,0.9999998807907104
143,143,EXTERNAL_SAMPLE/0000143.png,restoration_poisoned,poisoned,0,1,0,1.3519126176834106,10.63891315460205,-9.28700065612793,9.247874550055712e-05,0.99847012758255
144,144,EXTERNAL_SAMPLE/0000144.png,restoration_poisoned,poisoned,0,1,0,2.4584479331970215,18.3631591796875,-15.90471076965332,1.2378605163121392e-07,0.9999995231628418
145,145,EXTERNAL_SAMPLE/0000145.png,restoration_poisoned,poisoned,0,1,0,1.912170171737671,8.82967472076416,-6.91750431060791,0.0009717880748212337,0.9813084006309509
146,146,EXTERNAL_SAMPLE/0000146.png,restoration_poisoned,poisoned,0,1,3,1.5473295450210571,3.1266517639160156,-1.5793222188949585,0.013131005689501762,0.06370726227760315
147,147,EXTERNAL_SAMPLE/0000147.png,restoration_poisoned,poisoned,0,1,1,6.2379469871521,3.5691349506378174,2.6688120365142822,0.5600021481513977,0.03882749378681183
148,148,EXTERNAL_SAMPLE/0000148.png,restoration_poisoned,poisoned,0,1,1,4.459156036376953,2.887629270553589,1.5715267658233643,0.435428261756897,0.09045054018497467
149,149,EXTERNAL_SAMPLE/0000149.png,restoration_poisoned,poisoned,0,1,0,3.4749536514282227,8.245750427246094,-4.770796775817871,0.00783464778214693,0.9245920181274414
150,150,EXTERNAL_SAMPLE/0000150.png,restoration_poisoned,poisoned,0,1,0,2.0166208744049072,7.193613052368164,-5.176992416381836,0.0050070518627762794,0.8869953751564026
151,151,EXTERNAL_SAMPLE/0000151.png,restoration_poisoned,poisoned,0,1,0,0.6348862648010254,5.149364471435547,-4.5144782066345215,0.006186150014400482,0.5649804472923279
152,152,EXTERNAL_SAMPLE/0000152.png,restoration_poisoned,poisoned,0,1,0,1.7282596826553345,13.075814247131348,-11.347554206848145,1.1797034858318511e-05,0.9998918771743774
153,153,EXTERNAL_SAMPLE/0000153.png,restoration_poisoned,poisoned,0,1,3,2.830343008041382,3.7742960453033447,-0.9439530372619629,0.0646156445145607,0.16607002913951874
154,154,EXTERNAL_SAMPLE/0000154.png,restoration_poisoned,poisoned,0,1,0,3.5427799224853516,9.124405860900879,-5.581625938415527,0.0036879568360745907,0.9791633486747742
155,155,EXTERNAL_SAMPLE/0000155.png,restoration_poisoned,poisoned,0,1,0,4.167313098907471,13.154547691345215,-8.987234115600586,0.00012461231381166726,0.9969357252120972
156,156,EXTERNAL_SAMPLE/0000156.png,restoration_poisoned,poisoned,0,1,0,2.5178675651550293,6.3141021728515625,-3.796234607696533,0.01933647133409977,0.8611146807670593
157,157,EXTERNAL_SAMPLE/0000157.png,restoration_poisoned,poisoned,0,1,0,1.2492860555648804,9.9087553024292,-8.659469604492188,0.00017229960940312594,0.9932170510292053
158,158,EXTERNAL_SAMPLE/0000158.png,restoration_poisoned,poisoned,0,1,0,4.308013439178467,11.99907398223877,-7.691060543060303,0.00045659346505999565,0.9993435740470886
159,159,EXTERNAL_SAMPLE/0000159.png,restoration_poisoned,poisoned,0,1,3,3.0348432064056396,4.130204677581787,-1.0953614711761475,0.007571651134639978,0.02264123596251011
160,160,EXTERNAL_SAMPLE/0000160.png,restoration_poisoned,poisoned,0,1,0,2.7253692150115967,5.969180583953857,-3.2438113689422607,0.02986403927206993,0.765451967716217
161,161,EXTERNAL_SAMPLE/0000161.png,restoration_poisoned,poisoned,0,1,0,2.152177095413208,4.2490153312683105,-2.0968382358551025,0.055543240159749985,0.45214372873306274
162,162,EXTERNAL_SAMPLE/0000162.png,restoration_poisoned,poisoned,0,1,3,5.295990467071533,3.220170736312866,2.075819730758667,0.338750958442688,0.042497504502534866
163,163,EXTERNAL_SAMPLE/0000163.png,restoration_poisoned,poisoned,0,1,3,4.039743423461914,3.190638303756714,0.8491051197052002,0.2442886084318161,0.10450607538223267
164,164,EXTERNAL_SAMPLE/0000164.png,restoration_poisoned,poisoned,0,1,0,4.4200263023376465,10.135164260864258,-5.715137958526611,0.003278372809290886,0.9947437047958374
165,165,EXTERNAL_SAMPLE/0000165.png,restoration_poisoned,poisoned,0,1,0,1.3443595170974731,8.191083908081055,-6.846724510192871,0.0009772407356649637,0.9193825125694275
166,166,EXTERNAL_SAMPLE/0000166.png,restoration_poisoned,poisoned,0,1,0,1.4089053869247437,6.951348304748535,-5.542442798614502,0.003576679853722453,0.913129448890686
167,167,EXTERNAL_SAMPLE/0000167.png,restoration_poisoned,poisoned,0,1,0,4.875117301940918,9.95998477935791,-5.084867477416992,0.006130061112344265,0.9903636574745178
168,168,EXTERNAL_SAMPLE/0000168.png,restoration_poisoned,poisoned,0,1,0,3.5931003093719482,14.553285598754883,-10.960185050964355,1.7378963093506172e-05,0.9999350309371948
169,169,EXTERNAL_SAMPLE/0000169.png,restoration_poisoned,poisoned,0,1,0,4.5202155113220215,7.160845756530762,-2.6406302452087402,0.041025061160326004,0.5752549767494202
170,170,EXTERNAL_SAMPLE/0000170.png,restoration_poisoned,poisoned,0,1,0,6.097681045532227,10.290772438049316,-4.19309139251709,0.014831402339041233,0.9822423458099365
171,171,EXTERNAL_SAMPLE/0000171.png,restoration_poisoned,poisoned,0,1,9,3.950160264968872,1.9705218076705933,1.9796384572982788,0.04904657602310181,0.006774273235350847
172,172,EXTERNAL_SAMPLE/0000172.png,restoration_poisoned,poisoned,0,1,0,2.970344066619873,11.347864151000977,-8.377519607543945,0.00022979556524660438,0.9991994500160217
173,173,EXTERNAL_SAMPLE/0000173.png,restoration_poisoned,poisoned,0,1,0,3.5405824184417725,8.013124465942383,-4.472541809082031,0.010642040520906448,0.932019829750061
174,174,EXTERNAL_SAMPLE/0000174.png,restoration_poisoned,poisoned,0,1,9,1.3600425720214844,2.8579142093658447,-1.4978716373443604,0.02992347441613674,0.13382259011268616
175,175,EXTERNAL_SAMPLE/0000175.png,restoration_poisoned,poisoned,0,1,0,2.2433969974517822,6.027114391326904,-3.783717393875122,0.01626046746969223,0.7151227593421936
176,176,EXTERNAL_SAMPLE/0000176.png,restoration_poisoned,poisoned,0,1,0,3.3955342769622803,8.02958869934082,-4.634054183959961,0.008668736554682255,0.8922775983810425
177,177,EXTERNAL_SAMPLE/0000177.png,restoration_poisoned,poisoned,0,1,0,3.408021926879883,12.813664436340332,-9.40564250946045,8.222978794947267e-05,0.9996496438980103
178,178,EXTERNAL_SAMPLE/0000178.png,restoration_poisoned,poisoned,0,1,0,3.406273126602173,13.152774810791016,-9.746501922607422,5.84835943300277e-05,0.9997376799583435
179,179,EXTERNAL_SAMPLE/0000179.png,restoration_poisoned,poisoned,0,1,0,1.2166727781295776,14.233298301696777,-13.01662540435791,2.2229767182579963e-06,0.9999620914459229
180,180,EXTERNAL_SAMPLE/0000180.png,restoration_poisoned,poisoned,0,1,0,2.402907133102417,6.0743408203125,-3.671433687210083,0.017220932990312576,0.6769242882728577
181,181,EXTERNAL_SAMPLE/0000181.png,restoration_poisoned,poisoned,0,1,0,2.0343918800354004,10.084980964660645,-8.050588607788086,0.0003172940923832357,0.9949200749397278
182,182,EXTERNAL_SAMPLE/0000182.png,restoration_poisoned,poisoned,0,1,0,3.6609275341033936,9.126428604125977,-5.465500831604004,0.004172911401838064,0.9864522218704224
183,183,EXTERNAL_SAMPLE/0000183.png,restoration_poisoned,poisoned,0,1,0,2.9071662425994873,11.8448486328125,-8.937682151794434,0.00013128257705830038,0.9995238780975342
184,184,EXTERNAL_SAMPLE/0000184.png,restoration_poisoned,poisoned,0,1,4,1.9915351867675781,3.862278699874878,-1.8707435131072998,0.001323997974395752,0.008596882224082947
185,185,EXTERNAL_SAMPLE/0000185.png,restoration_poisoned,poisoned,0,1,0,3.8543412685394287,5.113996505737305,-1.259655237197876,0.1460723727941513,0.5147891640663147
186,186,EXTERNAL_SAMPLE/0000186.png,restoration_poisoned,poisoned,0,1,0,2.649204730987549,8.47047233581543,-5.821267604827881,0.002857088577002287,0.9639802575111389
187,187,EXTERNAL_SAMPLE/0000187.png,restoration_poisoned,poisoned,0,1,0,2.2263479232788086,8.882694244384766,-6.656346321105957,0.0012744491687044501,0.9911444783210754
188,188,EXTERNAL_SAMPLE/0000188.png,restoration_poisoned,poisoned,0,1,8,4.393970966339111,2.6015708446502686,1.7924001216888428,0.38643038272857666,0.06436381489038467
189,189,EXTERNAL_SAMPLE/0000189.png,restoration_poisoned,poisoned,0,1,5,0.9731391072273254,2.9435441493988037,-1.970405101776123,0.0012662196531891823,0.009083330631256104
190,190,EXTERNAL_SAMPLE/0000190.png,restoration_poisoned,poisoned,0,1,0,2.2122483253479004,10.582313537597656,-8.370065689086914,0.00023031749879010022,0.9940318465232849
191,191,EXTERNAL_SAMPLE/0000191.png,restoration_poisoned,poisoned,0,1,0,2.3480210304260254,6.351987361907959,-4.003966331481934,0.009663312695920467,0.5296957492828369
192,192,EXTERNAL_SAMPLE/0000192.png,restoration_poisoned,poisoned,0,1,0,1.1181262731552124,6.581576824188232,-5.4634504318237305,0.0034163675736635923,0.8059553503990173
193,193,EXTERNAL_SAMPLE/0000193.png,restoration_poisoned,poisoned,0,1,0,2.572118043899536,6.286813735961914,-3.714695692062378,0.015754571184515953,0.6466636061668396
194,194,EXTERNAL_SAMPLE/0000194.png,restoration_poisoned,poisoned,0,1,0,2.0122222900390625,11.83790111541748,-9.825678825378418,5.4028554586693645e-05,0.9996811151504517
195,195,EXTERNAL_SAMPLE/0000195.png,restoration_poisoned,poisoned,0,1,0,4.9233269691467285,5.642584323883057,-0.7192573547363281,0.21074868738651276,0.432647705078125
196,196,EXTERNAL_SAMPLE/0000196.png,restoration_poisoned,poisoned,0,1,0,3.031053066253662,6.562133312225342,-3.5310802459716797,0.025033358484506607,0.8551608324050903
197,197,EXTERNAL_SAMPLE/0000197.png,restoration_poisoned,poisoned,0,1,0,1.7301567792892456,7.225711822509766,-5.4955549240112305,0.003881927579641342,0.9456634521484375
198,198,EXTERNAL_SAMPLE/0000198.png,restoration_poisoned,poisoned,0,1,0,1.604542851448059,7.571010112762451,-5.966467380523682,0.002443266799673438,0.953179657459259
199,199,EXTERNAL_SAMPLE/0000199.png,restoration_poisoned,poisoned,0,1,6,3.7842695713043213,3.0509819984436035,0.7332875728607178,0.2452702671289444,0.11781000345945358
200,200,EXTERNAL_SAMPLE/0000200.png,restoration_poisoned,poisoned,0,1,0,1.3436132669448853,9.992414474487305,-8.64880084991455,0.0001746701163938269,0.9961966276168823
201,201,EXTERNAL_SAMPLE/0000201.png,restoration_poisoned,poisoned,0,1,0,2.594203233718872,5.0141921043396,-2.4199888706207275,0.055493395775556564,0.6240639090538025
202,202,EXTERNAL_SAMPLE/0000202.png,restoration_poisoned,poisoned,0,1,0,1.8196232318878174,11.408923149108887,-9.589300155639648,6.834073428763077e-05,0.9982970356941223
203,203,EXTERNAL_SAMPLE/0000203.png,restoration_poisoned,poisoned,0,1,0,2.324770450592041,9.742399215698242,-7.417628765106201,0.0005938787944614887,0.9888561367988586
204,204,EXTERNAL_SAMPLE/0000204.png,restoration_poisoned,poisoned,0,1,3,3.8694794178009033,5.676516532897949,-1.807037115097046,0.03534052520990372,0.21530753374099731
205,205,EXTERNAL_SAMPLE/0000205.png,restoration_poisoned,poisoned,0,1,0,6.66961669921875,9.857234001159668,-3.187617301940918,0.03936803713440895,0.9539121389389038
206,206,EXTERNAL_SAMPLE/0000206.png,restoration_poisoned,poisoned,0,1,0,3.114086389541626,18.252925872802734,-15.138839721679688,2.662472411429917e-07,0.9999992847442627
207,207,EXTERNAL_SAMPLE/0000207.png,restoration_poisoned,poisoned,0,1,0,1.389055848121643,7.984328269958496,-6.595272541046143,0.001293335692025721,0.9462409615516663
208,208,EXTERNAL_SAMPLE/0000208.png,restoration_poisoned,poisoned,0,1,0,2.7596118450164795,11.062539100646973,-8.302927017211914,0.00024744492839090526,0.9986055493354797
209,209,EXTERNAL_SAMPLE/0000209.png,restoration_poisoned,poisoned,0,1,3,2.2183215618133545,2.993605852127075,-0.7752842903137207,0.03411947563290596,0.07408051192760468
210,210,EXTERNAL_SAMPLE/0000210.png,restoration_poisoned,poisoned,0,1,8,3.330861806869507,7.092108249664307,-3.7612464427948,0.011129505932331085,0.4785909354686737
211,211,EXTERNAL_SAMPLE/0000211.png,restoration_poisoned,poisoned,0,1,0,1.6973586082458496,11.408607482910156,-9.711248397827148,6.049616422387771e-05,0.9983192086219788
212,212,EXTERNAL_SAMPLE/0000212.png,restoration_poisoned,poisoned,0,1,3,3.963435411453247,5.665685176849365,-1.7022497653961182,0.02079841122031212,0.11410582810640335
213,213,EXTERNAL_SAMPLE/0000213.png,restoration_poisoned,poisoned,0,1,0,2.181248903274536,6.173642158508301,-3.9923932552337646,0.013829704374074936,0.749354362487793
214,214,EXTERNAL_SAMPLE/0000214.png,restoration_poisoned,poisoned,0,1,0,0.6687675714492798,16.020832061767578,-15.35206413269043,2.1511920067496249e-07,0.9999905824661255
215,215,EXTERNAL_SAMPLE/0000215.png,restoration_poisoned,poisoned,0,1,0,2.225168466567993,7.196562767028809,-4.9713945388793945,0.0059487964026629925,0.857982337474823
216,216,EXTERNAL_SAMPLE/0000216.png,restoration_poisoned,poisoned,0,1,0,2.17335844039917,11.4382963180542,-9.264938354492188,9.459770080866292e-05,0.9990614056587219
217,217,EXTERNAL_SAMPLE/0000217.png,restoration_poisoned,poisoned,0,1,0,1.0277354717254639,12.107176780700684,-11.07944107055664,1.5339299352490343e-05,0.9943646192550659
218,218,EXTERNAL_SAMPLE/0000218.png,restoration_poisoned,poisoned,0,1,0,2.399071216583252,9.913298606872559,-7.514227390289307,0.0005393796018324792,0.9891953468322754
219,219,EXTERNAL_SAMPLE/0000219.png,restoration_poisoned,poisoned,0,1,0,3.131640672683716,9.168394088745117,-6.0367536544799805,0.002255629049614072,0.9440532326698303
220,220,EXTERNAL_SAMPLE/0000220.png,restoration_poisoned,poisoned,0,1,0,1.8206788301467896,10.418009757995605,-8.597331047058105,0.00018323701806366444,0.9926282167434692
221,221,EXTERNAL_SAMPLE/0000221.png,restoration_poisoned,poisoned,0,1,0,2.362583637237549,10.831877708435059,-8.469293594360352,0.00020921355462633073,0.9971426129341125
222,222,EXTERNAL_SAMPLE/0000222.png,restoration_poisoned,poisoned,0,1,0,1.9136097431182861,10.843358039855957,-8.92974853515625,0.00013195924111641943,0.9967363476753235
223,223,EXTERNAL_SAMPLE/0000223.png,restoration_poisoned,poisoned,0,1,0,2.534346342086792,7.91326379776001,-5.378917694091797,0.004378533456474543,0.9492113590240479
224,224,EXTERNAL_SAMPLE/0000224.png,restoration_poisoned,poisoned,0,1,0,1.122294306755066,7.34938907623291,-6.227094650268555,0.0018490691436454654,0.9361511468887329
225,225,EXTERNAL_SAMPLE/0000225.png,restoration_poisoned,poisoned,0,1,3,3.1376357078552246,5.7347564697265625,-2.597120761871338,0.009010396897792816,0.12096483260393143
226,226,EXTERNAL_SAMPLE/0000226.png,restoration_poisoned,poisoned,0,1,0,1.257554531097412,12.332818984985352,-11.075263977050781,1.5486719348700717e-05,0.9997362494468689
227,227,EXTERNAL_SAMPLE/0000227.png,restoration_poisoned,poisoned,0,1,0,1.6519620418548584,16.825847625732422,-15.173885345458984,2.570755270880909e-07,0.9999895095825195
228,228,EXTERNAL_SAMPLE/0000228.png,restoration_poisoned,poisoned,0,1,0,4.171936511993408,12.3916597366333,-8.219722747802734,0.00026912640896625817,0.9993935823440552
229,229,EXTERNAL_SAMPLE/0000229.png,restoration_poisoned,poisoned,0,1,0,2.5077905654907227,7.895859718322754,-5.388069152832031,0.0043806154280900955,0.9583934545516968
230,230,EXTERNAL_SAMPLE/0000230.png,restoration_poisoned,poisoned,0,1,0,2.0973970890045166,8.86483383178711,-6.767436981201172,0.0011353741865605116,0.9867327809333801
231,231,EXTERNAL_SAMPLE/0000231.png,restoration_poisoned,poisoned,0,1,0,3.996675968170166,6.243526458740234,-2.2468504905700684,0.08561452478170395,0.8097336292266846
232,232,EXTERNAL_SAMPLE/0000232.png,restoration_poisoned,poisoned,0,1,0,1.8834582567214966,8.633467674255371,-6.750009536743164,0.0011577034601941705,0.9887561202049255
233,233,EXTERNAL_SAMPLE/0000233.png,restoration_poisoned,poisoned,0,1,0,2.2799668312072754,8.027447700500488,-5.747480869293213,0.002901014406234026,0.9091783761978149
234,234,EXTERNAL_SAMPLE/0000234.png,restoration_poisoned,poisoned,0,1,0,2.000086545944214,8.10346508026123,-6.1033782958984375,0.001645808108150959,0.7362795472145081
235,235,EXTERNAL_SAMPLE/0000235.png,restoration_poisoned,poisoned,0,1,0,3.655225992202759,6.075370788574219,-2.42014479637146,0.07137241959571838,0.8027603626251221
236,236,EXTERNAL_SAMPLE/0000236.png,restoration_poisoned,poisoned,0,1,3,2.0351686477661133,5.931024551391602,-3.8958559036254883,0.009160390123724937,0.4506741464138031
237,237,EXTERNAL_SAMPLE/0000237.png,restoration_poisoned,poisoned,0,1,0,3.1249380111694336,13.579659461975098,-10.454721450805664,2.8804897738154978e-05,0.9997562766075134
238,238,EXTERNAL_SAMPLE/0000238.png,restoration_poisoned,poisoned,0,1,0,1.793621301651001,6.027659893035889,-4.234038352966309,0.011722883209586143,0.8088237643241882
239,239,EXTERNAL_SAMPLE/0000239.png,restoration_poisoned,poisoned,0,1,5,2.1103579998016357,5.311666011810303,-3.201308012008667,0.015478216111660004,0.3802168071269989
240,240,EXTERNAL_SAMPLE/0000240.png,restoration_poisoned,poisoned,0,1,0,6.879633903503418,11.618663787841797,-4.739029884338379,0.008665492758154869,0.9906671643257141
241,241,EXTERNAL_SAMPLE/0000241.png,restoration_poisoned,poisoned,0,1,5,2.518524646759033,6.51514196395874,-3.996617317199707,0.006183763965964317,0.3364819288253784
242,242,EXTERNAL_SAMPLE/0000242.png,restoration_poisoned,poisoned,0,1,0,2.9298789501190186,14.797202110290527,-11.86732292175293,7.0157816480787005e-06,0.9999744892120361
243,243,EXTERNAL_SAMPLE/0000243.png,restoration_poisoned,poisoned,0,1,0,1.5893983840942383,12.830084800720215,-11.240686416625977,1.3126890735293273e-05,0.9998387098312378
244,244,EXTERNAL_SAMPLE/0000244.png,restoration_poisoned,poisoned,0,1,0,3.091573715209961,6.036154747009277,-2.9445810317993164,0.04356670379638672,0.8278849720954895
245,245,EXTERNAL_SAMPLE/0000245.png,restoration_poisoned,poisoned,0,1,1,10.424013137817383,1.1323435306549072,9.291669845581055,0.9978867173194885,9.199417399941012e-05
246,246,EXTERNAL_SAMPLE/0000246.png,restoration_poisoned,poisoned,0,1,0,2.514246702194214,11.087996482849121,-8.573749542236328,0.0001888033002614975,0.9989452958106995
247,247,EXTERNAL_SAMPLE/0000247.png,restoration_poisoned,poisoned,0,1,0,1.6711091995239258,11.075186729431152,-9.404077529907227,8.227259240811691e-05,0.9986060261726379
248,248,EXTERNAL_SAMPLE/0000248.png,restoration_poisoned,poisoned,0,1,0,1.8817042112350464,10.876157760620117,-8.994453430175781,0.00012290307495277375,0.9903855323791504
249,249,EXTERNAL_SAMPLE/0000249.png,restoration_poisoned,poisoned,0,1,0,2.416137218475342,6.752597808837891,-4.336460590362549,0.011761176399886608,0.898983359336853
250,250,EXTERNAL_SAMPLE/0000250.png,restoration_poisoned,poisoned,0,1,0,3.4351718425750732,11.943787574768066,-8.508615493774414,0.0002016388316405937,0.9995831847190857
251,251,EXTERNAL_SAMPLE/0000251.png,restoration_poisoned,poisoned,0,1,9,5.004793167114258,1.9545537233352661,3.0502395629882812,0.06450546532869339,0.0030541776213794947
252,252,EXTERNAL_SAMPLE/0000252.png,restoration_poisoned,poisoned,0,1,3,5.561201095581055,2.6997931003570557,2.861407995223999,0.20098865032196045,0.01149417832493782
253,253,EXTERNAL_SAMPLE/0000253.png,restoration_poisoned,poisoned,0,1,0,1.8565685749053955,8.457822799682617,-6.601254463195801,0.001335504581220448,0.9829553961753845
254,254,EXTERNAL_SAMPLE/0000254.png,restoration_poisoned,poisoned,0,1,0,4.7861127853393555,6.2900309562683105,-1.503918170928955,0.16711297631263733,0.7518885731697083
255,255,EXTERNAL_SAMPLE/0000255.png,restoration_poisoned,poisoned,0,1,0,1.5668507814407349,8.65075969696045,-7.083909034729004,0.0008210110827349126,0.9791553616523743
256,256,EXTERNAL_SAMPLE/0000256.png,restoration_poisoned,poisoned,0,1,8,4.000521659851074,4.448698997497559,-0.4481773376464844,0.10803347826004028,0.16912168264389038
257,257,EXTERNAL_SAMPLE/0000257.png,restoration_poisoned,poisoned,0,1,0,3.430898904800415,10.433244705200195,-7.002346038818359,0.0009076545829884708,0.9977019429206848
258,258,EXTERNAL_SAMPLE/0000258.png,restoration_poisoned,poisoned,0,1,0,2.926710844039917,8.445030212402344,-5.518319129943848,0.0038414918817579746,0.9573603868484497
259,259,EXTERNAL_SAMPLE/0000259.png,restoration_poisoned,poisoned,0,1,0,3.6967713832855225,7.139686107635498,-3.4429147243499756,0.027685781940817833,0.8659557104110718
260,260,EXTERNAL_SAMPLE/0000260.png,restoration_poisoned,poisoned,0,1,3,1.7671012878417969,2.090693712234497,-0.3235924243927002,0.02010379172861576,0.027785127982497215
261,261,EXTERNAL_SAMPLE/0000261.png,restoration_poisoned,poisoned,0,1,4,1.5917418003082275,4.25314474105835,-2.661402940750122,0.010678023099899292,0.15287040174007416
262,262,EXTERNAL_SAMPLE/0000262.png,restoration_poisoned,poisoned,0,1,0,0.8140010237693787,9.032676696777344,-8.21867561340332,0.0002660682366695255,0.9870030283927917
263,263,EXTERNAL_SAMPLE/0000263.png,restoration_poisoned,poisoned,0,1,0,2.726191759109497,14.518298149108887,-11.792106628417969,7.563816780020716e-06,0.9999719858169556
264,264,EXTERNAL_SAMPLE/0000264.png,restoration_poisoned,poisoned,0,1,0,2.1851577758789062,9.82873821258545,-7.643580436706543,0.0004772978136315942,0.996217668056488
265,265,EXTERNAL_SAMPLE/0000265.png,restoration_poisoned,poisoned,0,1,3,3.039459466934204,4.800187587738037,-1.760728120803833,0.026532651856541634,0.15433171391487122
266,266,EXTERNAL_SAMPLE/0000266.png,restoration_poisoned,poisoned,0,1,0,5.177491664886475,7.57331657409668,-2.395824909210205,0.07698528468608856,0.8450866341590881
267,267,EXTERNAL_SAMPLE/0000267.png,restoration_poisoned,poisoned,0,1,0,1.5385383367538452,22.4169979095459,-20.878459930419922,8.56248960623418e-10,1.0
268,268,EXTERNAL_SAMPLE/0000268.png,restoration_poisoned,poisoned,0,1,0,5.301705360412598,7.953193187713623,-2.6514878273010254,0.060478631407022476,0.8572914600372314
269,269,EXTERNAL_SAMPLE/0000269.png,restoration_poisoned,poisoned,0,1,0,2.7240140438079834,5.904063701629639,-3.1800496578216553,0.02342822402715683,0.5634006857872009
270,270,EXTERNAL_SAMPLE/0000270.png,restoration_poisoned,poisoned,0,1,0,1.7575899362564087,12.407279968261719,-10.649689674377441,2.3699623852735385e-05,0.9996383190155029
271,271,EXTERNAL_SAMPLE/0000271.png,restoration_poisoned,poisoned,0,1,0,3.1181046962738037,9.119670867919922,-6.001565933227539,0.0024344874545931816,0.9836815595626831
272,272,EXTERNAL_SAMPLE/0000272.png,restoration_poisoned,poisoned,0,1,3,5.1592631340026855,4.617153167724609,0.5421099662780762,0.029412681236863136,0.01710406132042408
273,273,EXTERNAL_SAMPLE/0000273.png,restoration_poisoned,poisoned,0,1,0,1.271700382232666,12.964320182800293,-11.692619323730469,8.35319769976195e-06,0.9997531771659851
274,274,EXTERNAL_SAMPLE/0000274.png,restoration_poisoned,poisoned,0,1,0,2.6954169273376465,6.628664970397949,-3.9332480430603027,0.01593567430973053,0.813876211643219
275,275,EXTERNAL_SAMPLE/0000275.png,restoration_poisoned,poisoned,0,1,0,1.7682443857192993,8.631021499633789,-6.862777233123779,0.0010283096926286817,0.9830831289291382
276,276,EXTERNAL_SAMPLE/0000276.png,restoration_poisoned,poisoned,0,1,0,2.510173797607422,8.244291305541992,-5.73411750793457,0.003141680732369423,0.9715331792831421
277,277,EXTERNAL_SAMPLE/0000277.png,restoration_poisoned,poisoned,0,1,3,0.8151630759239197,3.1201541423797607,-2.3049910068511963,0.004099320620298386,0.041091952472925186
278,278,EXTERNAL_SAMPLE/0000278.png,restoration_poisoned,poisoned,0,1,0,1.130306601524353,11.087891578674316,-9.957585334777832,4.7269058995880187e-05,0.9979327917098999
279,279,EXTERNAL_SAMPLE/0000279.png,restoration_poisoned,poisoned,0,1,4,4.182424545288086,3.902188539505005,0.28023600578308105,0.08933892846107483,0.06750497221946716
280,280,EXTERNAL_SAMPLE/0000280.png,restoration_poisoned,poisoned,0,1,0,3.402557373046875,5.593781471252441,-2.1912240982055664,0.060447998344898224,0.540777325630188
281,281,EXTERNAL_SAMPLE/0000281.png,restoration_poisoned,poisoned,0,1,0,6.807322025299072,12.95494556427002,-6.147623538970947,0.002133781323209405,0.997766375541687
282,282,EXTERNAL_SAMPLE/0000282.png,restoration_poisoned,poisoned,0,1,0,2.627758026123047,8.014498710632324,-5.386740684509277,0.003911993000656366,0.8547317981719971
283,283,EXTERNAL_SAMPLE/0000283.png,restoration_poisoned,poisoned,0,1,0,3.4556078910827637,13.82983684539795,-10.374229431152344,3.122491398244165e-05,0.9999352693557739
284,284,EXTERNAL_SAMPLE/0000284.png,restoration_poisoned,poisoned,0,1,0,5.279414176940918,6.159109115600586,-0.879694938659668,0.22598233819007874,0.5446545481681824
285,285,EXTERNAL_SAMPLE/0000285.png,restoration_poisoned,poisoned,0,1,0,4.9982476234436035,5.543366432189941,-0.5451188087463379,0.24394984543323517,0.4207679331302643
286,286,EXTERNAL_SAMPLE/0000286.png,restoration_poisoned,poisoned,0,1,0,2.848637104034424,8.688319206237793,-5.839682102203369,0.002859757747501135,0.9828131198883057
287,287,EXTERNAL_SAMPLE/0000287.png,restoration_poisoned,poisoned,0,1,0,3.2861168384552,18.47640037536621,-15.19028377532959,2.5289665472882916e-07,0.999998927116394
288,288,EXTERNAL_SAMPLE/0000288.png,restoration_poisoned,poisoned,0,1,0,1.8160924911499023,5.298846244812012,-3.4827537536621094,0.02212616056203842,0.7201895713806152
289,289,EXTERNAL_SAMPLE/0000289.png,restoration_poisoned,poisoned,0,1,0,3.0110838413238525,17.315792083740234,-14.304708480834961,6.131172085588332e-07,0.9999988079071045
290,290,EXTERNAL_SAMPLE/0000290.png,restoration_poisoned,poisoned,0,1,0,3.225620985031128,8.43843936920166,-5.212818145751953,0.005206012167036533,0.9558799862861633
291,291,EXTERNAL_SAMPLE/0000291.png,restoration_poisoned,poisoned,0,1,0,2.586930751800537,12.122191429138184,-9.535261154174805,7.222619751701131e-05,0.9995535016059875
292,292,EXTERNAL_SAMPLE/0000292.png,restoration_poisoned,poisoned,0,1,0,1.66465163230896,6.257940769195557,-4.593289375305176,0.008668293245136738,0.8565916419029236
293,293,EXTERNAL_SAMPLE/0000293.png,restoration_poisoned,poisoned,0,1,3,2.402508497238159,5.005901336669922,-2.6033928394317627,0.009308834560215473,0.12575767934322357
294,294,EXTERNAL_SAMPLE/0000294.png,restoration_poisoned,poisoned,0,1,0,2.8644297122955322,8.080949783325195,-5.216520309448242,0.005260037258267403,0.9693816304206848
295,295,EXTERNAL_SAMPLE/0000295.png,restoration_poisoned,poisoned,0,1,0,6.159501075744629,6.832916259765625,-0.6734151840209961,0.3094170391559601,0.6067429184913635
296,296,EXTERNAL_SAMPLE/0000296.png,restoration_poisoned,poisoned,0,1,0,4.198012828826904,18.285846710205078,-14.087833404541016,7.616071684424242e-07,0.9999984502792358
297,297,EXTERNAL_SAMPLE/0000297.png,restoration_poisoned,poisoned,0,1,0,3.730238199234009,5.810765266418457,-2.0805270671844482,0.053889498114585876,0.4315842390060425
298,298,EXTERNAL_SAMPLE/0000298.png,restoration_poisoned,poisoned,0,1,0,1.76646089553833,15.486019134521484,-13.719558715820312,1.1006934528268175e-06,0.9999885559082031
299,299,EXTERNAL_SAMPLE/0000299.png,restoration_poisoned,poisoned,0,1,0,3.40576434135437,9.213971138000488,-5.808206558227539,0.002942448714748025,0.9798981547355652
300,300,EXTERNAL_SAMPLE/0000300.png,restoration_poisoned,poisoned,0,1,3,1.9151519536972046,4.206750392913818,-2.291598320007324,0.002851561876013875,0.028204038739204407
301,301,EXTERNAL_SAMPLE/0000301.png,restoration_poisoned,poisoned,0,1,0,1.475661277770996,12.682760238647461,-11.207098960876465,1.3575336197391152e-05,0.9998430013656616
302,302,EXTERNAL_SAMPLE/0000302.png,restoration_poisoned,poisoned,0,1,3,1.6838488578796387,6.140313625335693,-4.456464767456055,0.0017611091025173664,0.15177641808986664
303,303,EXTERNAL_SAMPLE/0000303.png,restoration_poisoned,poisoned,0,1,5,1.9357194900512695,6.524631500244141,-4.588912010192871,0.0008469288586638868,0.08332706242799759
304,304,EXTERNAL_SAMPLE/0000304.png,restoration_poisoned,poisoned,0,1,0,6.164674282073975,14.212237358093262,-8.047563552856445,0.00031977074104361236,0.999657392501831
305,305,EXTERNAL_SAMPLE/0000305.png,restoration_poisoned,poisoned,0,1,0,2.8263819217681885,8.457867622375488,-5.631485939025879,0.0035123908892273903,0.9802257418632507
306,306,EXTERNAL_SAMPLE/0000306.png,restoration_poisoned,poisoned,0,1,0,2.4917798042297363,6.730595588684082,-4.238815784454346,0.008719401434063911,0.604478657245636
307,307,EXTERNAL_SAMPLE/0000307.png,restoration_poisoned,poisoned,0,1,0,4.510736465454102,12.207551002502441,-7.69681453704834,0.0004539797955658287,0.9993568062782288
308,308,EXTERNAL_SAMPLE/0000308.png,restoration_poisoned,poisoned,0,1,0,2.1376421451568604,12.132475852966309,-9.994833946228027,4.561509194900282e-05,0.9995620846748352
309,309,EXTERNAL_SAMPLE/0000309.png,restoration_poisoned,poisoned,0,1,0,3.0867977142333984,11.894771575927734,-8.807973861694336,0.00014940455730538815,0.9991214871406555
310,310,EXTERNAL_SAMPLE/0000310.png,restoration_poisoned,poisoned,0,1,3,2.2569937705993652,4.4890336990356445,-2.2320399284362793,0.014488893561065197,0.135019913315773
311,311,EXTERNAL_SAMPLE/0000311.png,restoration_poisoned,poisoned,0,1,0,4.5046234130859375,11.031420707702637,-6.526797294616699,0.0014591456856578588,0.9968979358673096
312,312,EXTERNAL_SAMPLE/0000312.png,restoration_poisoned,poisoned,0,1,5,1.004514455795288,6.192972660064697,-5.188458442687988,0.0001315798726864159,0.023578060790896416
313,313,EXTERNAL_SAMPLE/0000313.png,restoration_poisoned,poisoned,0,1,0,2.7837042808532715,12.231486320495605,-9.447782516479492,7.883938087616116e-05,0.9996846914291382
314,314,EXTERNAL_SAMPLE/0000314.png,restoration_poisoned,poisoned,0,1,3,4.081283092498779,3.6597700119018555,0.42151308059692383,0.06144644320011139,0.04031214863061905
315,315,EXTERNAL_SAMPLE/0000315.png,restoration_poisoned,poisoned,0,1,0,2.089165687561035,6.184614658355713,-4.095448970794678,0.00855172611773014,0.5136705636978149
316,316,EXTERNAL_SAMPLE/0000316.png,restoration_poisoned,poisoned,0,1,0,1.1046524047851562,9.516469955444336,-8.41181755065918,0.00021521713642869145,0.9684624671936035
317,317,EXTERNAL_SAMPLE/0000317.png,restoration_poisoned,poisoned,0,1,3,4.425814628601074,7.265539169311523,-2.839724540710449,0.0077530513517558575,0.13266286253929138
318,318,EXTERNAL_SAMPLE/0000318.png,restoration_poisoned,poisoned,0,1,0,1.705089807510376,10.607500076293945,-8.902410507202148,0.00013538614439312369,0.9950432777404785
319,319,EXTERNAL_SAMPLE/0000319.png,restoration_poisoned,poisoned,0,1,0,2.571894407272339,8.4984712600708,-5.926576614379883,0.002606278518214822,0.9770129919052124
320,320,EXTERNAL_SAMPLE/0000320.png,restoration_poisoned,poisoned,0,1,0,1.0692591667175293,6.598514080047607,-5.529254913330078,0.0026560393162071705,0.6692053079605103
321,321,EXTERNAL_SAMPLE/0000321.png,restoration_poisoned,poisoned,0,1,0,2.2139437198638916,10.331172943115234,-8.117229461669922,0.0002973006048705429,0.9964689016342163
322,322,EXTERNAL_SAMPLE/0000322.png,restoration_poisoned,poisoned,0,1,0,2.2359254360198975,6.567401885986328,-4.331476211547852,0.01125881727784872,0.8563059568405151
323,323,EXTERNAL_SAMPLE/0000323.png,restoration_poisoned,poisoned,0,1,0,2.295067548751831,9.779637336730957,-7.484569549560547,0.0005597473355010152,0.996550440788269
324,324,EXTERNAL_SAMPLE/0000324.png,restoration_poisoned,poisoned,0,1,0,2.1603448390960693,14.512606620788574,-12.352261543273926,4.319803792895982e-06,0.9999608993530273
325,325,EXTERNAL_SAMPLE/0000325.png,restoration_poisoned,poisoned,0,1,0,2.3995919227600098,8.720417976379395,-6.320826053619385,0.001775852288119495,0.9874309301376343
326,326,EXTERNAL_SAMPLE/0000326.png,restoration_poisoned,poisoned,0,1,0,2.3047573566436768,9.677823066711426,-7.373065948486328,0.0006229241262190044,0.9920122027397156
327,327,EXTERNAL_SAMPLE/0000327.png,restoration_poisoned,poisoned,0,1,3,1.998268723487854,4.095287322998047,-2.0970187187194824,0.01051412895321846,0.08560457825660706
328,328,EXTERNAL_SAMPLE/0000328.png,restoration_poisoned,poisoned,0,1,0,3.465806484222412,6.853249549865723,-3.3874430656433105,0.029950225725769997,0.8862330317497253
329,329,EXTERNAL_SAMPLE/0000329.png,restoration_poisoned,poisoned,0,1,4,1.7609710693359375,6.675021171569824,-4.914050102233887,0.002728746272623539,0.3716275691986084
330,330,EXTERNAL_SAMPLE/0000330.png,restoration_poisoned,poisoned,0,1,0,3.0679664611816406,13.903809547424316,-10.835843086242676,1.967942444025539e-05,0.9999061822891235
331,331,EXTERNAL_SAMPLE/0000331.png,restoration_poisoned,poisoned,0,1,0,3.249781370162964,8.06741714477539,-4.817635536193848,0.00774369016289711,0.9576801657676697
332,332,EXTERNAL_SAMPLE/0000332.png,restoration_poisoned,poisoned,0,1,0,4.143293857574463,7.972305774688721,-3.829011917114258,0.020696226507425308,0.9523792862892151
333,333,EXTERNAL_SAMPLE/0000333.png,restoration_poisoned,poisoned,0,1,0,3.057370662689209,8.12584114074707,-5.068470478057861,0.006127448752522469,0.9738419055938721
334,334,EXTERNAL_SAMPLE/0000334.png,restoration_poisoned,poisoned,0,1,0,1.1276315450668335,16.851764678955078,-15.724133491516113,1.4828373195996392e-07,0.999995231628418
335,335,EXTERNAL_SAMPLE/0000335.png,restoration_poisoned,poisoned,0,1,0,2.6307027339935303,14.135571479797363,-11.504868507385254,1.0080315405502915e-05,0.999942421913147
336,336,EXTERNAL_SAMPLE/0000336.png,restoration_poisoned,poisoned,0,1,0,3.4588985443115234,12.00951862335205,-8.550620079040527,0.00019331784278620034,0.999445378780365
337,337,EXTERNAL_SAMPLE/0000337.png,restoration_poisoned,poisoned,0,1,0,4.2564849853515625,5.4484663009643555,-1.191981315612793,0.1432769000530243,0.47189682722091675
338,338,EXTERNAL_SAMPLE/0000338.png,restoration_poisoned,poisoned,0,1,0,2.0879528522491455,7.260355472564697,-5.172402381896973,0.005127239506691694,0.9041270017623901
339,339,EXTERNAL_SAMPLE/0000339.png,restoration_poisoned,poisoned,0,1,0,4.654903888702393,11.33328628540039,-6.678382396697998,0.0012469924986362457,0.9913989305496216
340,340,EXTERNAL_SAMPLE/0000340.png,restoration_poisoned,poisoned,0,1,0,1.6401870250701904,3.6942803859710693,-2.054093360900879,0.050754062831401825,0.3958696722984314
341,341,EXTERNAL_SAMPLE/0000341.png,restoration_poisoned,poisoned,0,1,0,5.382974147796631,15.35014820098877,-9.967174530029297,4.691224967245944e-05,0.9999427795410156
342,342,EXTERNAL_SAMPLE/0000342.png,restoration_poisoned,poisoned,0,1,3,2.0033695697784424,6.353241920471191,-4.349872589111328,0.0018448688788339496,0.1429193913936615
343,343,EXTERNAL_SAMPLE/0000343.png,restoration_poisoned,poisoned,0,1,0,1.840083360671997,10.75137996673584,-8.911296844482422,0.00013414333807304502,0.9947092533111572
344,344,EXTERNAL_SAMPLE/0000344.png,restoration_poisoned,poisoned,0,1,0,1.793128252029419,8.858354568481445,-7.0652265548706055,0.0008231041720137,0.9634822010993958
345,345,EXTERNAL_SAMPLE/0000345.png,restoration_poisoned,poisoned,0,1,0,2.871485948562622,13.905659675598145,-11.034173965454102,1.6139430954353884e-05,0.9999288320541382
346,346,EXTERNAL_SAMPLE/0000346.png,restoration_poisoned,poisoned,0,1,3,3.110868215560913,6.01102352142334,-2.9001553058624268,0.007718800101429224,0.14030441641807556
347,347,EXTERNAL_SAMPLE/0000347.png,restoration_poisoned,poisoned,0,1,0,2.153299570083618,12.009307861328125,-9.856008529663086,5.236348806647584e-05,0.9987083673477173
348,348,EXTERNAL_SAMPLE/0000348.png,restoration_poisoned,poisoned,0,1,0,1.24501371383667,7.8723931312561035,-6.627379417419434,0.0011812751181423664,0.8924529552459717
349,349,EXTERNAL_SAMPLE/0000349.png,restoration_poisoned,poisoned,0,1,0,2.906860113143921,11.1239595413208,-8.2170991897583,0.0002684717474039644,0.9943503737449646
350,350,EXTERNAL_SAMPLE/0000350.png,restoration_poisoned,poisoned,0,1,0,3.6765685081481934,11.062126159667969,-7.385557651519775,0.0006186029640957713,0.9975138902664185
351,351,EXTERNAL_SAMPLE/0000351.png,restoration_poisoned,poisoned,0,1,5,1.921744704246521,4.14077091217041,-2.2190260887145996,0.0010730004869401455,0.009869853965938091
352,352,EXTERNAL_SAMPLE/0000352.png,restoration_poisoned,poisoned,0,1,0,1.3809773921966553,10.372633934020996,-8.991656303405762,0.00012413563672453165,0.9975236058235168
353,353,EXTERNAL_SAMPLE/0000353.png,restoration_poisoned,poisoned,0,1,0,3.409554958343506,16.201766967773438,-12.792211532592773,2.7823391519632423e-06,0.9999929666519165
354,354,EXTERNAL_SAMPLE/0000354.png,restoration_poisoned,poisoned,0,1,0,2.09128475189209,6.9214348793029785,-4.830150127410889,0.005906418897211552,0.7396593689918518
355,355,EXTERNAL_SAMPLE/0000355.png,restoration_poisoned,poisoned,0,1,0,1.3979978561401367,9.960868835449219,-8.562870979309082,0.0001899954950204119,0.9943767786026001
356,356,EXTERNAL_SAMPLE/0000356.png,restoration_poisoned,poisoned,0,1,0,5.325471878051758,11.72006893157959,-6.394597053527832,0.0016670979093760252,0.997928261756897
357,357,EXTERNAL_SAMPLE/0000357.png,restoration_poisoned,poisoned,0,1,0,1.675305962562561,9.701803207397461,-8.026496887207031,0.00032447680132463574,0.9932234287261963
358,358,EXTERNAL_SAMPLE/0000358.png,restoration_poisoned,poisoned,0,1,0,3.6907334327697754,12.447206497192383,-8.756473541259766,0.00015713003813289106,0.9980385899543762
359,359,EXTERNAL_SAMPLE/0000359.png,restoration_poisoned,poisoned,0,1,0,3.9760944843292236,10.129058837890625,-6.1529645919799805,0.0019690203480422497,0.9256542325019836
360,360,EXTERNAL_SAMPLE/0000360.png,restoration_poisoned,poisoned,0,1,0,2.7316808700561523,7.136544227600098,-4.404863357543945,0.010970154777169228,0.8978847861289978
361,361,EXTERNAL_SAMPLE/0000361.png,restoration_poisoned,poisoned,0,1,0,2.1772894859313965,8.551423072814941,-6.374133586883545,0.0016733601223677397,0.9813873767852783
362,362,EXTERNAL_SAMPLE/0000362.png,restoration_poisoned,poisoned,0,1,0,2.0533547401428223,7.834251880645752,-5.78089714050293,0.0030228171963244677,0.9795432090759277
363,363,EXTERNAL_SAMPLE/0000363.png,restoration_poisoned,poisoned,0,1,5,3.456754207611084,3.635006904602051,-0.1782526969909668,0.03249462693929672,0.03883521631360054
364,364,EXTERNAL_SAMPLE/0000364.png,restoration_poisoned,poisoned,0,1,0,4.63470983505249,10.758978843688965,-6.124269008636475,0.0021765974815934896,0.9942929744720459
365,365,EXTERNAL_SAMPLE/0000365.png,restoration_poisoned,poisoned,0,1,0,1.9591935873031616,6.911097526550293,-4.951903820037842,0.006062288768589497,0.8574743270874023
366,366,EXTERNAL_SAMPLE/0000366.png,restoration_poisoned,poisoned,0,1,0,6.927542686462402,7.477450370788574,-0.5499076843261719,0.25985032320022583,0.4503447711467743
367,367,EXTERNAL_SAMPLE/0000367.png,restoration_poisoned,poisoned,0,1,0,3.044633150100708,5.384212970733643,-2.3395798206329346,0.06964791566133499,0.7227277755737305
368,368,EXTERNAL_SAMPLE/0000368.png,restoration_poisoned,poisoned,0,1,0,4.35568380355835,12.713321685791016,-8.357637405395508,0.0002345228276681155,0.9996798038482666
369,369,EXTERNAL_SAMPLE/0000369.png,restoration_poisoned,poisoned,0,1,0,4.872687816619873,5.704132556915283,-0.8314447402954102,0.23128707706928253,0.531181812286377
370,370,EXTERNAL_SAMPLE/0000370.png,restoration_poisoned,poisoned,0,1,1,8.57508659362793,7.814105987548828,0.7609806060791016,0.6756903529167175,0.31568798422813416
371,371,EXTERNAL_SAMPLE/0000371.png,restoration_poisoned,poisoned,0,1,0,1.2180042266845703,8.060086250305176,-6.8420820236206055,0.0010345082264393568,0.9687516093254089
372,372,EXTERNAL_SAMPLE/0000372.png,restoration_poisoned,poisoned,0,1,0,3.3700790405273438,6.167062759399414,-2.7969837188720703,0.03885231167078018,0.6369882822036743
373,373,EXTERNAL_SAMPLE/0000373.png,restoration_poisoned,poisoned,0,1,0,3.7295265197753906,6.999142646789551,-3.26961612701416,0.02514513023197651,0.6613481044769287
374,374,EXTERNAL_SAMPLE/0000374.png,restoration_poisoned,poisoned,0,1,0,1.897897481918335,7.883705139160156,-5.985807418823242,0.0024253427982330322,0.9646643996238708
375,375,EXTERNAL_SAMPLE/0000375.png,restoration_poisoned,poisoned,0,1,0,4.7390875816345215,7.0980634689331055,-2.358975887298584,0.08266633003950119,0.8746188879013062
376,376,EXTERNAL_SAMPLE/0000376.png,restoration_poisoned,poisoned,0,1,0,2.234562873840332,13.178215026855469,-10.943652153015137,1.7664668121142313e-05,0.9997079968452454
377,377,EXTERNAL_SAMPLE/0000377.png,restoration_poisoned,poisoned,0,1,3,4.311132907867432,6.593034267425537,-2.2819013595581055,0.006617946084588766,0.064824678003788
378,378,EXTERNAL_SAMPLE/0000378.png,restoration_poisoned,poisoned,0,1,0,1.4354875087738037,11.627778053283691,-10.192290306091309,3.7392397643998265e-05,0.9982486963272095
379,379,EXTERNAL_SAMPLE/0000379.png,restoration_poisoned,poisoned,0,1,0,2.920461893081665,7.47282075881958,-4.552358627319336,0.009882103651762009,0.9373756051063538
380,380,EXTERNAL_SAMPLE/0000380.png,restoration_poisoned,poisoned,0,1,0,4.07009220123291,14.639699935913086,-10.569607734680176,2.568350828369148e-05,0.9999462366104126
381,381,EXTERNAL_SAMPLE/0000381.png,restoration_poisoned,poisoned,0,1,0,2.3462977409362793,11.564390182495117,-9.21809196472168,9.91706401691772e-05,0.999423623085022
382,382,EXTERNAL_SAMPLE/0000382.png,restoration_poisoned,poisoned,0,1,0,2.667755365371704,6.897209644317627,-4.229454040527344,0.012358134612441063,0.8487532734870911
383,383,EXTERNAL_SAMPLE/0000383.png,restoration_poisoned,poisoned,0,1,0,1.7487504482269287,5.697460651397705,-3.9487102031707764,0.011203892529010773,0.5811282992362976
384,384,EXTERNAL_SAMPLE/0000384.png,restoration_poisoned,poisoned,0,1,0,1.5776662826538086,11.122177124023438,-9.544510841369629,7.151817408157513e-05,0.9989525079727173
385,385,EXTERNAL_SAMPLE/0000385.png,restoration_poisoned,poisoned,0,1,0,3.893397092819214,9.837491035461426,-5.944093704223633,0.002600372303277254,0.9920250177383423
386,386,EXTERNAL_SAMPLE/0000386.png,restoration_poisoned,poisoned,0,1,0,3.9174818992614746,8.819357872009277,-4.901875972747803,0.0064186700619757175,0.8635803461074829
387,387,EXTERNAL_SAMPLE/0000387.png,restoration_poisoned,poisoned,1,1,1,21.702665328979492,21.702665328979492,0.0,1.0,1.0
388,388,EXTERNAL_SAMPLE/0000388.png,restoration_poisoned,poisoned,1,1,1,17.35878562927246,17.35878562927246,0.0,0.999996542930603,0.999996542930603
389,389,EXTERNAL_SAMPLE/0000389.png,restoration_poisoned,poisoned,1,1,1,11.6023588180542,11.6023588180542,0.0,0.9993370175361633,0.9993370175361633
390,390,EXTERNAL_SAMPLE/0000390.png,restoration_poisoned,poisoned,1,1,1,13.476812362670898,13.476812362670898,0.0,0.9995976090431213,0.9995976090431213
391,391,EXTERNAL_SAMPLE/0000391.png,restoration_poisoned,poisoned,1,1,1,12.616820335388184,12.616820335388184,0.0,0.9995515942573547,0.9995515942573547
392,392,EXTERNAL_SAMPLE/0000392.png,restoration_poisoned,poisoned,1,1,1,15.560064315795898,15.560064315795898,0.0,0.9999927282333374,0.9999927282333374
393,393,EXTERNAL_SAMPLE/0000393.png,restoration_poisoned,poisoned,1,1,1,11.729613304138184,11.729613304138184,0.0,0.9995086193084717,0.9995086193084717
394,394,EXTERNAL_SAMPLE/0000394.png,restoration_poisoned,poisoned,1,1,3,2.753927230834961,2.753927230834961,0.0,0.05269699916243553,0.05269699916243553
395,395,EXTERNAL_SAMPLE/0000395.png,restoration_poisoned,poisoned,1,1,1,7.7321553230285645,7.7321553230285645,0.0,0.9643248915672302,0.9643248915672302
396,396,EXTERNAL_SAMPLE/0000396.png,restoration_poisoned,poisoned,1,1,1,17.169078826904297,17.169078826904297,0.0,0.9999985694885254,0.9999985694885254
397,397,EXTERNAL_SAMPLE/0000397.png,restoration_poisoned,poisoned,1,1,3,5.113743782043457,5.113743782043457,0.0,0.07345550507307053,0.07345550507307053
398,398,EXTERNAL_SAMPLE/0000398.png,restoration_poisoned,poisoned,1,1,1,10.28822135925293,10.28822135925293,0.0,0.9854252934455872,0.9854252934455872
399,399,EXTERNAL_SAMPLE/0000399.png,restoration_poisoned,poisoned,1,1,1,27.723569869995117,27.723569869995117,0.0,1.0,1.0
400,400,EXTERNAL_SAMPLE/0000400.png,restoration_poisoned,poisoned,1,1,1,16.18598747253418,16.18598747253418,0.0,0.9999865293502808,0.9999865293502808
401,401,EXTERNAL_SAMPLE/0000401.png,restoration_poisoned,poisoned,1,1,1,14.920187950134277,14.920187950134277,0.0,0.999836802482605,0.999836802482605
402,402,EXTERNAL_SAMPLE/0000402.png,restoration_poisoned,poisoned,1,1,1,17.977115631103516,17.977115631103516,0.0,0.9999994039535522,0.9999994039535522
403,403,EXTERNAL_SAMPLE/0000403.png,restoration_poisoned,poisoned,1,1,1,10.623778343200684,10.623778343200684,0.0,0.9982165694236755,0.9982165694236755
404,404,EXTERNAL_SAMPLE/0000404.png,restoration_poisoned,poisoned,1,1,1,14.85678768157959,14.85678768157959,0.0,0.9999620914459229,0.9999620914459229
405,405,EXTERNAL_SAMPLE/0000405.png,restoration_poisoned,poisoned,1,1,0,2.6119160652160645,2.6119160652160645,0.0,0.07862374186515808,0.07862374186515808
406,406,EXTERNAL_SAMPLE/0000406.png,restoration_poisoned,poisoned,1,1,1,4.4539594650268555,4.4539594650268555,0.0,0.4015723168849945,0.4015723168849945
407,407,EXTERNAL_SAMPLE/0000407.png,restoration_poisoned,poisoned,1,1,1,7.410134792327881,7.410134792327881,0.0,0.9481785893440247,0.9481785893440247
408,408,EXTERNAL_SAMPLE/0000408.png,restoration_poisoned,poisoned,1,1,1,12.96142864227295,12.96142864227295,0.0,0.9998503923416138,0.9998503923416138
409,409,EXTERNAL_SAMPLE/0000409.png,restoration_poisoned,poisoned,1,1,1,11.763381958007812,11.763381958007812,0.0,0.9818814396858215,0.9818814396858215
410,410,EXTERNAL_SAMPLE/0000410.png,restoration_poisoned,poisoned,1,1,1,8.958057403564453,8.958057403564453,0.0,0.964354932308197,0.964354932308197
411,411,EXTERNAL_SAMPLE/0000411.png,restoration_poisoned,poisoned,1,1,1,10.770143508911133,10.770143508911133,0.0,0.998370349407196,0.998370349407196
412,412,EXTERNAL_SAMPLE/0000412.png,restoration_poisoned,poisoned,1,1,1,12.918769836425781,12.918769836425781,0.0,0.9996546506881714,0.9996546506881714
413,413,EXTERNAL_SAMPLE/0000413.png,restoration_poisoned,poisoned,1,1,1,16.527538299560547,16.527538299560547,0.0,0.999996542930603,0.999996542930603
414,414,EXTERNAL_SAMPLE/0000414.png,restoration_poisoned,poisoned,1,1,1,10.596285820007324,10.596285820007324,0.0,0.9976529479026794,0.9976529479026794
415,415,EXTERNAL_SAMPLE/0000415.png,restoration_poisoned,poisoned,1,1,1,14.813654899597168,14.813654899597168,0.0,0.9998682737350464,0.9998682737350464
416,416,EXTERNAL_SAMPLE/0000416.png,restoration_poisoned,poisoned,1,1,8,5.173226356506348,5.173226356506348,0.0,0.2694699466228485,0.2694699466228485
417,417,EXTERNAL_SAMPLE/0000417.png,restoration_poisoned,poisoned,1,1,1,7.830663204193115,7.830663204193115,0.0,0.809196412563324,0.809196412563324
418,418,EXTERNAL_SAMPLE/0000418.png,restoration_poisoned,poisoned,1,1,1,13.017297744750977,13.017297744750977,0.0,0.9994739890098572,0.9994739890098572
419,419,EXTERNAL_SAMPLE/0000419.png,restoration_poisoned,poisoned,1,1,1,12.97590446472168,12.97590446472168,0.0,0.9995682835578918,0.9995682835578918
420,420,EXTERNAL_SAMPLE/0000420.png,restoration_poisoned,poisoned,1,1,1,21.027477264404297,21.027477264404297,0.0,0.9999998807907104,0.9999998807907104
421,421,EXTERNAL_SAMPLE/0000421.png,restoration_poisoned,poisoned,1,1,1,12.750970840454102,12.750970840454102,0.0,0.9980034232139587,0.9980034232139587
422,422,EXTERNAL_SAMPLE/0000422.png,restoration_poisoned,poisoned,1,1,1,6.877464294433594,6.877464294433594,0.0,0.7645483016967773,0.7645483016967773
423,423,EXTERNAL_SAMPLE/0000423.png,restoration_poisoned,poisoned,1,1,3,5.36161470413208,5.36161470413208,0.0,0.32187482714653015,0.32187482714653015
424,424,EXTERNAL_SAMPLE/0000424.png,restoration_poisoned,poisoned,1,1,1,14.05693531036377,14.05693531036377,0.0,0.9999567270278931,0.9999567270278931
425,425,EXTERNAL_SAMPLE/0000425.png,restoration_poisoned,poisoned,1,1,1,6.959457874298096,6.959457874298096,0.0,0.8634887933731079,0.8634887933731079
426,426,EXTERNAL_SAMPLE/0000426.png,restoration_poisoned,poisoned,1,1,3,2.3147778511047363,2.3147778511047363,0.0,0.015027794055640697,0.015027794055640697
427,427,EXTERNAL_SAMPLE/0000427.png,restoration_poisoned,poisoned,1,1,4,4.6087493896484375,4.6087493896484375,0.0,0.33941277861595154,0.33941277861595154
428,428,EXTERNAL_SAMPLE/0000428.png,restoration_poisoned,poisoned,1,1,3,1.7168012857437134,1.7168012857437134,0.0,0.0007198189850896597,0.0007198189850896597
429,429,EXTERNAL_SAMPLE/0000429.png,restoration_poisoned,poisoned,1,1,3,3.6263997554779053,3.6263997554779053,0.0,0.04923037812113762,0.04923037812113762
430,430,EXTERNAL_SAMPLE/0000430.png,restoration_poisoned,poisoned,1,1,1,7.4016900062561035,7.4016900062561035,0.0,0.9660822153091431,0.9660822153091431
431,431,EXTERNAL_SAMPLE/0000431.png,restoration_poisoned,poisoned,1,1,1,8.198751449584961,8.198751449584961,0.0,0.8689101338386536,0.8689101338386536
432,432,EXTERNAL_SAMPLE/0000432.png,restoration_poisoned,poisoned,1,1,3,4.499288082122803,4.499288082122803,0.0,0.13447991013526917,0.13447991013526917
433,433,EXTERNAL_SAMPLE/0000433.png,restoration_poisoned,poisoned,1,1,1,9.311028480529785,9.311028480529785,0.0,0.9179263114929199,0.9179263114929199
434,434,EXTERNAL_SAMPLE/0000434.png,restoration_poisoned,poisoned,1,1,1,12.222314834594727,12.222314834594727,0.0,0.9973933696746826,0.9973933696746826
435,435,EXTERNAL_SAMPLE/0000435.png,restoration_poisoned,poisoned,1,1,1,10.996399879455566,10.996399879455566,0.0,0.997525155544281,0.997525155544281
436,436,EXTERNAL_SAMPLE/0000436.png,restoration_poisoned,poisoned,1,1,1,10.73585319519043,10.73585319519043,0.0,0.9980929493904114,0.9980929493904114
437,437,EXTERNAL_SAMPLE/0000437.png,restoration_poisoned,poisoned,1,1,8,3.7443838119506836,3.7443838119506836,0.0,0.2578195035457611,0.2578195035457611
438,438,EXTERNAL_SAMPLE/0000438.png,restoration_poisoned,poisoned,1,1,1,7.183477401733398,7.183477401733398,0.0,0.6992300152778625,0.6992300152778625
439,439,EXTERNAL_SAMPLE/0000439.png,restoration_poisoned,poisoned,1,1,1,7.329059600830078,7.329059600830078,0.0,0.9454700350761414,0.9454700350761414
440,440,EXTERNAL_SAMPLE/0000440.png,restoration_poisoned,poisoned,1,1,1,9.42566204071045,9.42566204071045,0.0,0.9946296215057373,0.9946296215057373
441,441,EXTERNAL_SAMPLE/0000441.png,restoration_poisoned,poisoned,1,1,1,9.534549713134766,9.534549713134766,0.0,0.9827894568443298,0.9827894568443298
442,442,EXTERNAL_SAMPLE/0000442.png,restoration_poisoned,poisoned,1,1,1,27.356096267700195,27.356096267700195,0.0,1.0,1.0
443,443,EXTERNAL_SAMPLE/0000443.png,restoration_poisoned,poisoned,1,1,1,11.69956111907959,11.69956111907959,0.0,0.9967492818832397,0.9967492818832397
444,444,EXTERNAL_SAMPLE/0000444.png,restoration_poisoned,poisoned,1,1,1,7.987974643707275,7.987974643707275,0.0,0.9340131282806396,0.9340131282806396
445,445,EXTERNAL_SAMPLE/0000445.png,restoration_poisoned,poisoned,1,1,1,17.371225357055664,17.371225357055664,0.0,0.9999961853027344,0.9999961853027344
446,446,EXTERNAL_SAMPLE/0000446.png,restoration_poisoned,poisoned,1,1,9,2.656184196472168,2.656184196472168,0.0,0.10934591293334961,0.10934591293334961
447,447,EXTERNAL_SAMPLE/0000447.png,restoration_poisoned,poisoned,1,1,1,10.134588241577148,10.134588241577148,0.0,0.9937343001365662,0.9937343001365662
448,448,EXTERNAL_SAMPLE/0000448.png,restoration_poisoned,poisoned,1,1,1,9.335075378417969,9.335075378417969,0.0,0.914958119392395,0.914958119392395
449,449,EXTERNAL_SAMPLE/0000449.png,restoration_poisoned,poisoned,1,1,1,10.874584197998047,10.874584197998047,0.0,0.9982964396476746,0.9982964396476746
450,450,EXTERNAL_SAMPLE/0000450.png,restoration_poisoned,poisoned,1,1,1,21.82017707824707,21.82017707824707,0.0,1.0,1.0
451,451,EXTERNAL_SAMPLE/0000451.png,restoration_poisoned,poisoned,1,1,1,11.140297889709473,11.140297889709473,0.0,0.6259382963180542,0.6259382963180542
452,452,EXTERNAL_SAMPLE/0000452.png,restoration_poisoned,poisoned,1,1,3,2.4754176139831543,2.4754176139831543,0.0,0.02909446321427822,0.02909446321427822
453,453,EXTERNAL_SAMPLE/0000453.png,restoration_poisoned,poisoned,1,1,1,11.945284843444824,11.945284843444824,0.0,0.9995348453521729,0.9995348453521729
454,454,EXTERNAL_SAMPLE/0000454.png,restoration_poisoned,poisoned,1,1,1,7.127444267272949,7.127444267272949,0.0,0.9058693051338196,0.9058693051338196
455,455,EXTERNAL_SAMPLE/0000455.png,restoration_poisoned,poisoned,1,1,1,20.482898712158203,20.482898712158203,0.0,0.9999980926513672,0.9999980926513672
456,456,EXTERNAL_SAMPLE/0000456.png,restoration_poisoned,poisoned,1,1,1,8.672807693481445,8.672807693481445,0.0,0.9167160987854004,0.9167160987854004
457,457,EXTERNAL_SAMPLE/0000457.png,restoration_poisoned,poisoned,1,1,1,12.55361557006836,12.55361557006836,0.0,0.9997288584709167,0.9997288584709167
458,458,EXTERNAL_SAMPLE/0000458.png,restoration_poisoned,poisoned,1,1,0,6.9193644523620605,6.9193644523620605,0.0,0.23274736106395721,0.23274736106395721
459,459,EXTERNAL_SAMPLE/0000459.png,restoration_poisoned,poisoned,1,1,1,13.018601417541504,13.018601417541504,0.0,0.9955474138259888,0.9955474138259888
460,460,EXTERNAL_SAMPLE/0000460.png,restoration_poisoned,poisoned,1,1,1,8.481925964355469,8.481925964355469,0.0,0.8465643525123596,0.8465643525123596
461,461,EXTERNAL_SAMPLE/0000461.png,restoration_poisoned,poisoned,1,1,1,10.629281997680664,10.629281997680664,0.0,0.9792662262916565,0.9792662262916565
462,462,EXTERNAL_SAMPLE/0000462.png,restoration_poisoned,poisoned,1,1,1,14.577298164367676,14.577298164367676,0.0,0.999969482421875,0.999969482421875
463,463,EXTERNAL_SAMPLE/0000463.png,restoration_poisoned,poisoned,1,1,1,11.906285285949707,11.906285285949707,0.0,0.9926238059997559,0.9926238059997559
464,464,EXTERNAL_SAMPLE/0000464.png,restoration_poisoned,poisoned,1,1,1,17.814437866210938,17.814437866210938,0.0,0.9999580383300781,0.9999580383300781
465,465,EXTERNAL_SAMPLE/0000465.png,restoration_poisoned,poisoned,1,1,1,11.49804973602295,11.49804973602295,0.0,0.9985241293907166,0.9985241293907166
466,466,EXTERNAL_SAMPLE/0000466.png,restoration_poisoned,poisoned,1,1,8,3.46146559715271,3.46146559715271,0.0,0.06958602368831635,0.06958602368831635
467,467,EXTERNAL_SAMPLE/0000467.png,restoration_poisoned,poisoned,1,1,1,5.886433124542236,5.886433124542236,0.0,0.7065922617912292,0.7065922617912292
468,468,EXTERNAL_SAMPLE/0000468.png,restoration_poisoned,poisoned,1,1,1,20.889493942260742,20.889493942260742,0.0,1.0,1.0
469,469,EXTERNAL_SAMPLE/0000469.png,restoration_poisoned,poisoned,1,1,1,16.57048988342285,16.57048988342285,0.0,0.999994158744812,0.999994158744812
470,470,EXTERNAL_SAMPLE/0000470.png,restoration_poisoned,poisoned,1,1,5,4.822000980377197,4.822000980377197,0.0,0.050722237676382065,0.050722237676382065
471,471,EXTERNAL_SAMPLE/0000471.png,restoration_poisoned,poisoned,1,1,1,13.272788047790527,13.272788047790527,0.0,0.998618483543396,0.998618483543396
472,472,EXTERNAL_SAMPLE/0000472.png,restoration_poisoned,poisoned,1,1,1,9.539264678955078,9.539264678955078,0.0,0.993110179901123,0.993110179901123
473,473,EXTERNAL_SAMPLE/0000473.png,restoration_poisoned,poisoned,1,1,1,16.045305252075195,16.045305252075195,0.0,0.99996018409729,0.99996018409729
474,474,EXTERNAL_SAMPLE/0000474.png,restoration_poisoned,poisoned,1,1,1,18.32598114013672,18.32598114013672,0.0,0.9999992847442627,0.9999992847442627
475,475,EXTERNAL_SAMPLE/0000475.png,restoration_poisoned,poisoned,1,1,3,7.997464656829834,7.997464656829834,0.0,0.32956168055534363,0.32956168055534363
476,476,EXTERNAL_SAMPLE/0000476.png,restoration_poisoned,poisoned,1,1,1,12.86506175994873,12.86506175994873,0.0,0.9996457099914551,0.9996457099914551
477,477,EXTERNAL_SAMPLE/0000477.png,restoration_poisoned,poisoned,1,1,1,11.580429077148438,11.580429077148438,0.0,0.9994750618934631,0.9994750618934631
478,478,EXTERNAL_SAMPLE/0000478.png,restoration_poisoned,poisoned,1,1,5,3.5232439041137695,3.5232439041137695,0.0,0.05690940096974373,0.05690940096974373
479,479,EXTERNAL_SAMPLE/0000479.png,restoration_poisoned,poisoned,1,1,1,23.404380798339844,23.404380798339844,0.0,1.0,1.0
480,480,EXTERNAL_SAMPLE/0000480.png,restoration_poisoned,poisoned,1,1,1,16.114192962646484,16.114192962646484,0.0,0.9999768733978271,0.9999768733978271
481,481,EXTERNAL_SAMPLE/0000481.png,restoration_poisoned,poisoned,1,1,1,18.66381072998047,18.66381072998047,0.0,0.9999991655349731,0.9999991655349731
482,482,EXTERNAL_SAMPLE/0000482.png,restoration_poisoned,poisoned,1,1,3,4.194246292114258,4.194246292114258,0.0,0.11192651838064194,0.11192651838064194
483,483,EXTERNAL_SAMPLE/0000483.png,restoration_poisoned,poisoned,1,1,1,15.925436973571777,15.925436973571777,0.0,0.9999881982803345,0.9999881982803345
484,484,EXTERNAL_SAMPLE/0000484.png,restoration_poisoned,poisoned,1,1,1,15.871877670288086,15.871877670288086,0.0,0.9992051720619202,0.9992051720619202
485,485,EXTERNAL_SAMPLE/0000485.png,restoration_poisoned,poisoned,1,1,1,19.98063087463379,19.98063087463379,0.0,0.9999997615814209,0.9999997615814209
486,486,EXTERNAL_SAMPLE/0000486.png,restoration_poisoned,poisoned,1,1,3,3.764176607131958,3.764176607131958,0.0,0.038286685943603516,0.038286685943603516
487,487,EXTERNAL_SAMPLE/0000487.png,restoration_poisoned,poisoned,1,1,1,8.540843963623047,8.540843963623047,0.0,0.9182974696159363,0.9182974696159363
488,488,EXTERNAL_SAMPLE/0000488.png,restoration_poisoned,poisoned,1,1,1,11.325666427612305,11.325666427612305,0.0,0.9992044568061829,0.9992044568061829
489,489,EXTERNAL_SAMPLE/0000489.png,restoration_poisoned,poisoned,1,1,1,11.53028678894043,11.53028678894043,0.0,0.997368335723877,0.997368335723877
490,490,EXTERNAL_SAMPLE/0000490.png,restoration_poisoned,poisoned,1,1,1,14.82679271697998,14.82679271697998,0.0,0.9999309778213501,0.9999309778213501
491,491,EXTERNAL_SAMPLE/0000491.png,restoration_poisoned,poisoned,1,1,1,15.11365795135498,15.11365795135498,0.0,0.9999481439590454,0.9999481439590454
492,492,EXTERNAL_SAMPLE/0000492.png,restoration_poisoned,poisoned,1,1,1,14.010753631591797,14.010753631591797,0.0,0.9998165965080261,0.9998165965080261
493,493,EXTERNAL_SAMPLE/0000493.png,restoration_poisoned,poisoned,1,1,1,11.587015151977539,11.587015151977539,0.0,0.9987897276878357,0.9987897276878357
494,494,EXTERNAL_SAMPLE/0000494.png,restoration_poisoned,poisoned,1,1,1,8.920557022094727,8.920557022094727,0.0,0.7742275595664978,0.7742275595664978
495,495,EXTERNAL_SAMPLE/0000495.png,restoration_poisoned,poisoned,1,1,1,13.927635192871094,13.927635192871094,0.0,0.9998970031738281,0.9998970031738281
496,496,EXTERNAL_SAMPLE/0000496.png,restoration_poisoned,poisoned,1,1,1,29.471027374267578,29.471027374267578,0.0,1.0,1.0
497,497,EXTERNAL_SAMPLE/0000497.png,restoration_poisoned,poisoned,1,1,1,4.2657694816589355,4.2657694816589355,0.0,0.3748859167098999,0.3748859167098999
498,498,EXTERNAL_SAMPLE/0000498.png,restoration_poisoned,poisoned,1,1,1,11.95442008972168,11.95442008972168,0.0,0.9985901713371277,0.9985901713371277
499,499,EXTERNAL_SAMPLE/0000499.png,restoration_poisoned,poisoned,1,1,1,15.294099807739258,15.294099807739258,0.0,0.9998769760131836,0.9998769760131836
500,500,EXTERNAL_SAMPLE/0000500.png,restoration_poisoned,poisoned,1,1,1,12.852633476257324,12.852633476257324,0.0,0.9998579025268555,0.9998579025268555
501,501,EXTERNAL_SAMPLE/0000501.png,restoration_poisoned,poisoned,1,1,1,8.144734382629395,8.144734382629395,0.0,0.5839059948921204,0.5839059948921204
502,502,EXTERNAL_SAMPLE/0000502.png,restoration_poisoned,poisoned,1,1,1,7.047112464904785,7.047112464904785,0.0,0.8160158395767212,0.8160158395767212
503,503,EXTERNAL_SAMPLE/0000503.png,restoration_poisoned,poisoned,1,1,1,8.414137840270996,8.414137840270996,0.0,0.9802757501602173,0.9802757501602173
504,504,EXTERNAL_SAMPLE/0000504.png,restoration_poisoned,poisoned,1,1,1,12.06827163696289,12.06827163696289,0.0,0.999703586101532,0.999703586101532
505,505,EXTERNAL_SAMPLE/0000505.png,restoration_poisoned,poisoned,1,1,1,15.066899299621582,15.066899299621582,0.0,0.9999140501022339,0.9999140501022339
506,506,EXTERNAL_SAMPLE/0000506.png,restoration_poisoned,poisoned,1,1,1,6.9986371994018555,6.9986371994018555,0.0,0.8318066596984863,0.8318066596984863
507,507,EXTERNAL_SAMPLE/0000507.png,restoration_poisoned,poisoned,1,1,1,29.542678833007812,29.542678833007812,0.0,1.0,1.0
508,508,EXTERNAL_SAMPLE/0000508.png,restoration_poisoned,poisoned,1,1,1,9.302931785583496,9.302931785583496,0.0,0.993401825428009,0.993401825428009
509,509,EXTERNAL_SAMPLE/0000509.png,restoration_poisoned,poisoned,1,1,1,20.93979835510254,20.93979835510254,0.0,0.9999998807907104,0.9999998807907104
510,510,EXTERNAL_SAMPLE/0000510.png,restoration_poisoned,poisoned,1,1,3,8.953688621520996,8.953688621520996,0.0,0.24866926670074463,0.24866926670074463
511,511,EXTERNAL_SAMPLE/0000511.png,restoration_poisoned,poisoned,1,1,1,15.343060493469238,15.343060493469238,0.0,0.9998501539230347,0.9998501539230347
0,0,EXTERNAL_SAMPLE/0000000.png,degradation_restoration_clean,clean,0,1,0,2.7471795082092285,6.489958763122559,-3.74277925491333,0.011744583025574684,0.49579936265945435
1,1,EXTERNAL_SAMPLE/0000001.png,degradation_restoration_clean,clean,0,1,0,3.210991382598877,7.7649736404418945,-4.553982257843018,0.00952270720154047,0.9047524929046631
2,2,EXTERNAL_SAMPLE/0000002.png,degradation_restoration_clean,clean,0,1,0,1.1734743118286133,15.283336639404297,-14.109862327575684,7.450025236721558e-07,0.9999841451644897
3,3,EXTERNAL_SAMPLE/0000003.png,degradation_restoration_clean,clean,0,1,0,2.6057701110839844,17.331392288208008,-14.725622177124023,4.0247769561574387e-07,0.9999960660934448
4,4,EXTERNAL_SAMPLE/0000004.png,degradation_restoration_clean,clean,0,1,4,1.856337308883667,3.763192892074585,-1.906855583190918,0.027578039094805717,0.18565227091312408
5,5,EXTERNAL_SAMPLE/0000005.png,degradation_restoration_clean,clean,0,1,0,1.3064146041870117,8.668731689453125,-7.362317085266113,0.0006099205929785967,0.9609194993972778
6,6,EXTERNAL_SAMPLE/0000006.png,degradation_restoration_clean,clean,0,1,0,2.5081393718719482,10.984859466552734,-8.476719856262207,0.0002079658879665658,0.9985843896865845
7,7,EXTERNAL_SAMPLE/0000007.png,degradation_restoration_clean,clean,0,1,0,3.7019033432006836,6.639913558959961,-2.9380102157592773,0.03737639635801315,0.7056007981300354
8,8,EXTERNAL_SAMPLE/0000008.png,degradation_restoration_clean,clean,0,1,0,5.542431831359863,11.24229621887207,-5.699864387512207,0.003332760650664568,0.9959184527397156
9,9,EXTERNAL_SAMPLE/0000009.png,degradation_restoration_clean,clean,0,1,0,1.8424441814422607,9.40104866027832,-7.5586042404174805,0.0005191808450035751,0.9953567385673523
10,10,EXTERNAL_SAMPLE/0000010.png,degradation_restoration_clean,clean,0,1,0,3.8370020389556885,5.350541114807129,-1.5135390758514404,0.12787418067455292,0.5809042453765869
11,11,EXTERNAL_SAMPLE/0000011.png,degradation_restoration_clean,clean,0,1,1,9.201635360717773,4.319797515869141,4.881837844848633,0.8584670424461365,0.0065098111517727375
12,12,EXTERNAL_SAMPLE/0000012.png,degradation_restoration_clean,clean,0,1,0,2.3084633350372314,5.0836181640625,-2.7751548290252686,0.02180333435535431,0.34974968433380127
13,13,EXTERNAL_SAMPLE/0000013.png,degradation_restoration_clean,clean,0,1,3,4.460694789886475,6.612374782562256,-2.1516799926757812,0.03763975575566292,0.323675274848938
14,14,EXTERNAL_SAMPLE/0000014.png,degradation_restoration_clean,clean,0,1,0,3.352449655532837,17.408267974853516,-14.055818557739258,7.86384134698892e-07,0.9999980926513672
15,15,EXTERNAL_SAMPLE/0000015.png,degradation_restoration_clean,clean,0,1,0,1.7670972347259521,12.14023208618164,-10.37313461303711,3.12288393615745e-05,0.9989665746688843
16,16,EXTERNAL_SAMPLE/0000016.png,degradation_restoration_clean,clean,0,1,3,1.6489739418029785,1.7040767669677734,-0.05510282516479492,0.02028433419764042,0.021433426067233086
17,17,EXTERNAL_SAMPLE/0000017.png,degradation_restoration_clean,clean,0,1,0,3.7308812141418457,9.331892967224121,-5.601011753082275,0.003635686356574297,0.9841808080673218
18,18,EXTERNAL_SAMPLE/0000018.png,degradation_restoration_clean,clean,0,1,0,2.4354465007781982,10.079266548156738,-7.643819808959961,0.00047744132461957633,0.9967557787895203
19,19,EXTERNAL_SAMPLE/0000019.png,degradation_restoration_clean,clean,0,1,0,3.33974552154541,4.808098316192627,-1.4683527946472168,0.09729084372520447,0.42244434356689453
20,20,EXTERNAL_SAMPLE/0000020.png,degradation_restoration_clean,clean,0,1,0,2.5642356872558594,15.611732482910156,-13.047496795654297,2.155454239982646e-06,0.9999877214431763
21,21,EXTERNAL_SAMPLE/0000021.png,degradation_restoration_clean,clean,0,1,5,1.1641671657562256,2.0261025428771973,-0.8619353771209717,0.0023795070592314005,0.005634052213281393
22,22,EXTERNAL_SAMPLE/0000022.png,degradation_restoration_clean,clean,0,1,0,2.346287488937378,9.656569480895996,-7.310281753540039,0.0006649653078056872,0.9945210218429565
23,23,EXTERNAL_SAMPLE/0000023.png,degradation_restoration_clean,clean,0,1,0,1.3306084871292114,10.152092933654785,-8.821484565734863,0.00014586266479454935,0.9887037873268127
24,24,EXTERNAL_SAMPLE/0000024.png,degradation_restoration_clean,clean,0,1,0,4.878633975982666,7.607508182525635,-2.7288742065429688,0.05061514675617218,0.7752031087875366
25,25,EXTERNAL_SAMPLE/0000025.png,degradation_restoration_clean,clean,0,1,0,3.3579235076904297,16.294986724853516,-12.937063217163086,2.407131887594005e-06,0.9999886751174927
26,26,EXTERNAL_SAMPLE/0000026.png,degradation_restoration_clean,clean,0,1,0,5.316005229949951,5.8695526123046875,-0.5535473823547363,0.2329595535993576,0.4052127003669739
27,27,EXTERNAL_SAMPLE/0000027.png,degradation_restoration_clean,clean,0,1,0,1.8516225814819336,14.281709671020508,-12.430087089538574,3.996097802883014e-06,0.9998948574066162
28,28,EXTERNAL_SAMPLE/0000028.png,degradation_restoration_clean,clean,0,1,0,2.1442415714263916,10.311882972717285,-8.167641639709473,0.00028220927924849093,0.9947935938835144
29,29,EXTERNAL_SAMPLE/0000029.png,degradation_restoration_clean,clean,0,1,0,2.835632801055908,11.79802417755127,-8.962390899658203,0.0001280430587939918,0.9992471933364868
30,30,EXTERNAL_SAMPLE/0000030.png,degradation_restoration_clean,clean,0,1,0,2.992452383041382,13.764713287353516,-10.772260665893555,2.097077594953589e-05,0.9998799562454224
31,31,EXTERNAL_SAMPLE/0000031.png,degradation_restoration_clean,clean,0,1,0,6.6288533210754395,11.611161231994629,-4.9823079109191895,0.006806897930800915,0.9925172328948975
32,32,EXTERNAL_SAMPLE/0000032.png,degradation_restoration_clean,clean,0,1,0,1.7934255599975586,11.49670124053955,-9.703275680541992,6.103876512497663e-05,0.9992744326591492
33,33,EXTERNAL_SAMPLE/0000033.png,degradation_restoration_clean,clean,0,1,0,2.044083595275879,9.919556617736816,-7.8754730224609375,0.0003750914765987545,0.9872148036956787
34,34,EXTERNAL_SAMPLE/0000034.png,degradation_restoration_clean,clean,0,1,5,2.1208951473236084,4.857118606567383,-2.7362234592437744,0.002370983362197876,0.03658096864819527
35,35,EXTERNAL_SAMPLE/0000035.png,degradation_restoration_clean,clean,0,1,0,2.794712781906128,8.408400535583496,-5.613687515258789,0.0034904503263533115,0.9569185376167297
36,36,EXTERNAL_SAMPLE/0000036.png,degradation_restoration_clean,clean,0,1,0,1.4236654043197632,14.066483497619629,-12.642818450927734,3.2304560591001064e-06,0.9999312162399292
37,37,EXTERNAL_SAMPLE/0000037.png,degradation_restoration_clean,clean,0,1,8,1.9495820999145508,4.5326666831970215,-2.5830845832824707,0.021347537636756897,0.28259676694869995
38,38,EXTERNAL_SAMPLE/0000038.png,degradation_restoration_clean,clean,0,1,0,1.226287841796875,10.435351371765137,-9.209063529968262,9.98932882794179e-05,0.9976581335067749
39,39,EXTERNAL_SAMPLE/0000039.png,degradation_restoration_clean,clean,0,1,0,4.506107807159424,11.307238578796387,-6.801130771636963,0.001105405855923891,0.9936085939407349
40,40,EXTERNAL_SAMPLE/0000040.png,degradation_restoration_clean,clean,0,1,0,2.194265127182007,10.61352825164795,-8.419262886047363,0.0002202848409069702,0.9986746311187744
41,41,EXTERNAL_SAMPLE/0000041.png,degradation_restoration_clean,clean,0,1,0,7.541640758514404,11.454344749450684,-3.9127039909362793,0.019588230177760124,0.9800786972045898
42,42,EXTERNAL_SAMPLE/0000042.png,degradation_restoration_clean,clean,0,1,0,3.46913743019104,16.235885620117188,-12.766748428344727,2.8540623588924063e-06,0.999981164932251
43,43,EXTERNAL_SAMPLE/0000043.png,degradation_restoration_clean,clean,0,1,0,4.6238789558410645,8.10920238494873,-3.485323429107666,0.024849088862538338,0.8108997344970703
44,44,EXTERNAL_SAMPLE/0000044.png,degradation_restoration_clean,clean,0,1,0,2.2115225791931152,6.741922378540039,-4.530399799346924,0.009387029334902763,0.8710755109786987
45,45,EXTERNAL_SAMPLE/0000045.png,degradation_restoration_clean,clean,0,1,0,2.5776636600494385,9.683114051818848,-7.105450630187988,0.0008103051222860813,0.9874305725097656
46,46,EXTERNAL_SAMPLE/0000046.png,degradation_restoration_clean,clean,0,1,0,1.8372602462768555,18.23258399963379,-16.39532470703125,7.578803007390889e-08,0.9999992847442627
47,47,EXTERNAL_SAMPLE/0000047.png,degradation_restoration_clean,clean,0,1,1,4.400848388671875,4.068600654602051,0.3322477340698242,0.324161171913147,0.23252391815185547
48,48,EXTERNAL_SAMPLE/0000048.png,degradation_restoration_clean,clean,0,1,0,2.5525553226470947,9.044779777526855,-6.49222469329834,0.0014929529279470444,0.9853339195251465
49,49,EXTERNAL_SAMPLE/0000049.png,degradation_restoration_clean,clean,0,1,0,2.5318236351013184,7.034257411956787,-4.502433776855469,0.008529995568096638,0.769716739654541
50,50,EXTERNAL_SAMPLE/0000050.png,degradation_restoration_clean,clean,0,1,0,3.2411692142486572,9.597496032714844,-6.356327056884766,0.0016765996115282178,0.9659332633018494
51,51,EXTERNAL_SAMPLE/0000051.png,degradation_restoration_clean,clean,0,1,0,2.0686147212982178,4.169787883758545,-2.101173162460327,0.05063820630311966,0.4140056073665619
52,52,EXTERNAL_SAMPLE/0000052.png,degradation_restoration_clean,clean,0,1,0,3.337188482284546,9.449090003967285,-6.11190128326416,0.0021747665014117956,0.9812453985214233
53,53,EXTERNAL_SAMPLE/0000053.png,degradation_restoration_clean,clean,0,1,0,1.8921897411346436,5.068778038024902,-3.176588296890259,0.023776061832904816,0.5697898268699646
54,54,EXTERNAL_SAMPLE/0000054.png,degradation_restoration_clean,clean,0,1,0,1.2408246994018555,9.89825439453125,-8.657429695129395,0.00017214177933055907,0.9902849793434143
55,55,EXTERNAL_SAMPLE/0000055.png,degradation_restoration_clean,clean,0,1,0,1.9705716371536255,16.64297103881836,-14.672399520874023,4.244791966812045e-07,0.9999966621398926
56,56,EXTERNAL_SAMPLE/0000056.png,degradation_restoration_clean,clean,0,1,8,2.751770257949829,4.479195594787598,-1.7274253368377686,0.05337806046009064,0.30031296610832214
57,57,EXTERNAL_SAMPLE/0000057.png,degradation_restoration_clean,clean,0,1,0,6.309282302856445,6.464264869689941,-0.1549825668334961,0.3118579387664795,0.36413705348968506
58,58,EXTERNAL_SAMPLE/0000058.png,degradation_restoration_clean,clean,0,1,0,2.964728593826294,7.059122562408447,-4.094393730163574,0.014333833009004593,0.8600722551345825
59,59,EXTERNAL_SAMPLE/0000059.png,degradation_restoration_clean,clean,0,1,0,2.1264874935150146,4.486807346343994,-2.3603198528289795,0.05414796248078346,0.5736619234085083
60,60,EXTERNAL_SAMPLE/0000060.png,degradation_restoration_clean,clean,0,1,0,2.7829859256744385,6.73256778717041,-3.9495818614959717,0.013083110563457012,0.6791921257972717
61,61,EXTERNAL_SAMPLE/0000061.png,degradation_restoration_clean,clean,0,1,0,3.071607828140259,8.20400333404541,-5.1323957443237305,0.005314714275300503,0.900432288646698
62,62,EXTERNAL_SAMPLE/0000062.png,degradation_restoration_clean,clean,0,1,0,1.6825284957885742,12.095633506774902,-10.413105010986328,3.0029141271370463e-05,0.9997627139091492
63,63,EXTERNAL_SAMPLE/0000063.png,degradation_restoration_clean,clean,0,1,0,4.742712497711182,6.425085067749023,-1.6823725700378418,0.12995199859142303,0.6989210247993469
64,64,EXTERNAL_SAMPLE/0000064.png,degradation_restoration_clean,clean,0,1,0,1.3982700109481812,12.035857200622559,-10.637587547302246,2.39822893490782e-05,0.9993927478790283
65,65,EXTERNAL_SAMPLE/0000065.png,degradation_restoration_clean,clean,0,1,0,4.871026039123535,11.868542671203613,-6.997516632080078,0.0009128455421887338,0.9985737800598145
66,66,EXTERNAL_SAMPLE/0000066.png,degradation_restoration_clean,clean,0,1,0,2.1416780948638916,7.043141841888428,-4.901463508605957,0.006405711639672518,0.8614814877510071
67,67,EXTERNAL_SAMPLE/0000067.png,degradation_restoration_clean,clean,0,1,1,10.69717025756836,3.505765438079834,7.191404819488525,0.9959220886230469,0.0007499597268179059
68,68,EXTERNAL_SAMPLE/0000068.png,degradation_restoration_clean,clean,0,1,0,2.6447558403015137,13.238235473632812,-10.59347915649414,2.5058498067664914e-05,0.9991819262504578
69,69,EXTERNAL_SAMPLE/0000069.png,degradation_restoration_clean,clean,0,1,0,1.5068923234939575,12.133305549621582,-10.626413345336914,2.42510450334521e-05,0.9993626475334167
70,70,EXTERNAL_SAMPLE/0000070.png,degradation_restoration_clean,clean,0,1,0,7.356257915496826,10.973151206970215,-3.6168932914733887,0.02614215575158596,0.9730567932128906
71,71,EXTERNAL_SAMPLE/0000071.png,degradation_restoration_clean,clean,0,1,0,5.64729642868042,6.217566013336182,-0.5702695846557617,0.2511344850063324,0.4441925883293152
72,72,EXTERNAL_SAMPLE/0000072.png,degradation_restoration_clean,clean,0,1,0,1.7157204151153564,13.204477310180664,-11.488757133483887,1.0243688848277088e-05,0.9999083280563354
73,73,EXTERNAL_SAMPLE/0000073.png,degradation_restoration_clean,clean,0,1,0,1.8361773490905762,10.723602294921875,-8.88742446899414,0.00013784236216451973,0.9980265498161316
74,74,EXTERNAL_SAMPLE/0000074.png,degradation_restoration_clean,clean,0,1,5,3.576695203781128,6.093236923217773,-2.5165417194366455,0.030047638341784477,0.3721607029438019
75,75,EXTERNAL_SAMPLE/0000075.png,degradation_restoration_clean,clean,0,1,0,1.3726723194122314,11.140947341918945,-9.768275260925293,5.717093881685287e-05,0.9988111257553101
76,76,EXTERNAL_SAMPLE/0000076.png,degradation_restoration_clean,clean,0,1,0,3.2928624153137207,16.3842716217041,-13.091409683227539,2.062854491668986e-06,0.9999897480010986
77,77,EXTERNAL_SAMPLE/0000077.png,degradation_restoration_clean,clean,0,1,0,3.557978630065918,14.84347152709961,-11.285492897033691,1.2553392480185721e-05,0.9999732971191406
78,78,EXTERNAL_SAMPLE/0000078.png,degradation_restoration_clean,clean,0,1,0,1.5866343975067139,10.985321998596191,-9.398687362670898,8.255879947682843e-05,0.9966930150985718
79,79,EXTERNAL_SAMPLE/0000079.png,degradation_restoration_clean,clean,0,1,0,2.4730212688446045,20.624820709228516,-18.15180015563965,1.308498642771383e-08,0.9999998807907104
80,80,EXTERNAL_SAMPLE/0000080.png,degradation_restoration_clean,clean,0,1,0,5.66574239730835,9.455591201782227,-3.789848804473877,0.02192702330648899,0.9702643752098083
81,81,EXTERNAL_SAMPLE/0000081.png,degradation_restoration_clean,clean,0,1,0,2.381767749786377,9.096056938171387,-6.71428918838501,0.0011977568501606584,0.987068772315979
82,82,EXTERNAL_SAMPLE/0000082.png,degradation_restoration_clean,clean,0,1,0,3.7979936599731445,7.081361770629883,-3.2833681106567383,0.031138546764850616,0.8303228616714478
83,83,EXTERNAL_SAMPLE/0000083.png,degradation_restoration_clean,clean,0,1,0,1.1796550750732422,12.347054481506348,-11.167399406433105,1.4121195818006527e-05,0.9995658993721008
84,84,EXTERNAL_SAMPLE/0000084.png,degradation_restoration_clean,clean,0,1,0,3.8117964267730713,13.299297332763672,-9.48750114440918,7.577583892270923e-05,0.9997701048851013
85,85,EXTERNAL_SAMPLE/0000085.png,degradation_restoration_clean,clean,0,1,0,2.4862794876098633,12.70746898651123,-10.221189498901367,3.637863846961409e-05,0.9996607303619385
86,86,EXTERNAL_SAMPLE/0000086.png,degradation_restoration_clean,clean,0,1,0,1.6480216979980469,7.779551982879639,-6.131530284881592,0.0020671614911407232,0.9511832594871521
87,87,EXTERNAL_SAMPLE/0000087.png,degradation_restoration_clean,clean,0,1,0,2.0095150470733643,6.186603546142578,-4.177088737487793,0.01298301201313734,0.8461786508560181
88,88,EXTERNAL_SAMPLE/0000088.png,degradation_restoration_clean,clean,0,1,0,0.630003809928894,10.370071411132812,-9.740067481994629,5.797237463411875e-05,0.9846426844596863
89,89,EXTERNAL_SAMPLE/0000089.png,degradation_restoration_clean,clean,0,1,0,4.326279163360596,10.682761192321777,-6.356482028961182,0.0017236944986507297,0.993219792842865
90,90,EXTERNAL_SAMPLE/0000090.png,degradation_restoration_clean,clean,0,1,0,4.219198703765869,4.3610124588012695,-0.1418137550354004,0.33016735315322876,0.380472332239151
91,91,EXTERNAL_SAMPLE/0000091.png,degradation_restoration_clean,clean,0,1,0,5.342423439025879,9.450846672058105,-4.108423233032227,0.01586010865867138,0.9650986790657043
92,92,EXTERNAL_SAMPLE/0000092.png,degradation_restoration_clean,clean,0,1,0,2.933565616607666,4.211292266845703,-1.277726650238037,0.10265713930130005,0.36838236451148987
93,93,EXTERNAL_SAMPLE/0000093.png,degradation_restoration_clean,clean,0,1,0,2.8155555725097656,10.56689167022705,-7.751336097717285,0.0004295260296203196,0.9985089898109436
94,94,EXTERNAL_SAMPLE/0000094.png,degradation_restoration_clean,clean,0,1,5,2.812373399734497,5.057544708251953,-2.245171308517456,0.04203392565250397,0.3968856930732727
95,95,EXTERNAL_SAMPLE/0000095.png,degradation_restoration_clean,clean,0,1,5,3.255791187286377,2.688524007797241,0.5672671794891357,0.026325324550271034,0.014928384684026241
96,96,EXTERNAL_SAMPLE/0000096.png,degradation_restoration_clean,clean,0,1,0,1.4318147897720337,14.528766632080078,-13.096951484680176,2.0513800791377435e-06,0.9999536275863647
97,97,EXTERNAL_SAMPLE/0000097.png,degradation_restoration_clean,clean,0,1,0,4.735747337341309,12.041576385498047,-7.305829048156738,0.0006704392726533115,0.9982531666755676
98,98,EXTERNAL_SAMPLE/0000098.png,degradation_restoration_clean,clean,0,1,0,3.693183660507202,9.658249855041504,-5.965065956115723,0.0025410850066691637,0.9899526238441467
99,99,EXTERNAL_SAMPLE/0000099.png,degradation_restoration_clean,clean,0,1,3,2.9740288257598877,5.250245094299316,-2.2762162685394287,0.02547282539308071,0.2480991780757904
100,100,EXTERNAL_SAMPLE/0000100.png,degradation_restoration_clean,clean,0,1,0,3.21549654006958,6.508337020874023,-3.2928404808044434,0.027486467733979225,0.7399142384529114
101,101,EXTERNAL_SAMPLE/0000101.png,degradation_restoration_clean,clean,0,1,1,7.077516555786133,2.9067718982696533,4.170744895935059,0.9093294739723206,0.014040732756257057
102,102,EXTERNAL_SAMPLE/0000102.png,degradation_restoration_clean,clean,0,1,0,2.246915102005005,10.156113624572754,-7.909198760986328,0.0003379073750693351,0.9198543429374695
103,103,EXTERNAL_SAMPLE/0000103.png,degradation_restoration_clean,clean,0,1,0,2.506037473678589,13.969550132751465,-11.463512420654297,1.0505280442885123e-05,0.9998799562454224
104,104,EXTERNAL_SAMPLE/0000104.png,degradation_restoration_clean,clean,0,1,0,2.704908609390259,11.005561828613281,-8.300653457641602,0.0002479559334460646,0.9983952641487122
105,105,EXTERNAL_SAMPLE/0000105.png,degradation_restoration_clean,clean,0,1,0,2.696929693222046,12.658225059509277,-9.961295127868652,4.7174256906146184e-05,0.9996329545974731
106,106,EXTERNAL_SAMPLE/0000106.png,degradation_restoration_clean,clean,0,1,0,3.561084032058716,7.197872161865234,-3.6367881298065186,0.015494409017264843,0.58831787109375
107,107,EXTERNAL_SAMPLE/0000107.png,degradation_restoration_clean,clean,0,1,0,1.3862295150756836,13.810136795043945,-12.423907279968262,4.0211502891907e-06,0.999964714050293
108,108,EXTERNAL_SAMPLE/0000108.png,degradation_restoration_clean,clean,0,1,0,4.879570007324219,9.403090476989746,-4.523520469665527,0.010641420260071754,0.9807077050209045
109,109,EXTERNAL_SAMPLE/0000109.png,degradation_restoration_clean,clean,0,1,0,6.548393726348877,6.612249851226807,-0.06385612487792969,0.46654975414276123,0.49731358885765076
110,110,EXTERNAL_SAMPLE/0000110.png,degradation_restoration_clean,clean,0,1,0,2.8294272422790527,10.38630485534668,-7.556877613067627,0.0005213598487898707,0.9978099465370178
111,111,EXTERNAL_SAMPLE/0000111.png,degradation_restoration_clean,clean,0,1,0,3.207106590270996,7.16896915435791,-3.961862564086914,0.01724347285926342,0.9062328934669495
112,112,EXTERNAL_SAMPLE/0000112.png,degradation_restoration_clean,clean,0,1,0,1.9749501943588257,15.049574851989746,-13.074625015258789,2.0977447547920747e-06,0.9999773502349854
113,113,EXTERNAL_SAMPLE/0000113.png,degradation_restoration_clean,clean,0,1,9,1.7671562433242798,1.3290934562683105,0.43806278705596924,0.03390321508049965,0.02187724970281124
114,114,EXTERNAL_SAMPLE/0000114.png,degradation_restoration_clean,clean,0,1,8,2.562389850616455,6.208408355712891,-3.6460185050964355,0.011912224814295769,0.4564976990222931
115,115,EXTERNAL_SAMPLE/0000115.png,degradation_restoration_clean,clean,0,1,0,5.919561862945557,12.424031257629395,-6.504469394683838,0.001494145835749805,0.9982702732086182
116,116,EXTERNAL_SAMPLE/0000116.png,degradation_restoration_clean,clean,0,1,1,10.959216117858887,5.2110748291015625,5.748141288757324,0.993622362613678,0.0031683656852692366
117,117,EXTERNAL_SAMPLE/0000117.png,degradation_restoration_clean,clean,0,1,0,3.4262006282806396,9.098308563232422,-5.672107696533203,0.0034047423396259546,0.9895764589309692
118,118,EXTERNAL_SAMPLE/0000118.png,degradation_restoration_clean,clean,0,1,0,3.327993631362915,9.856270790100098,-6.528277397155762,0.001440389547497034,0.9855412840843201
119,119,EXTERNAL_SAMPLE/0000119.png,degradation_restoration_clean,clean,0,1,0,5.342282772064209,6.876169204711914,-1.533886432647705,0.16805829107761383,0.7791451215744019
120,120,EXTERNAL_SAMPLE/0000120.png,degradation_restoration_clean,clean,0,1,0,5.463266372680664,8.470621109008789,-3.007354736328125,0.04555593058466911,0.9217698574066162
121,121,EXTERNAL_SAMPLE/0000121.png,degradation_restoration_clean,clean,0,1,0,4.0567731857299805,16.396272659301758,-12.339499473571777,4.37541075370973e-06,0.9999892711639404
122,122,EXTERNAL_SAMPLE/0000122.png,degradation_restoration_clean,clean,0,1,0,2.611070394515991,13.705093383789062,-11.094022750854492,1.5201891073957086e-05,0.999932050704956
123,123,EXTERNAL_SAMPLE/0000123.png,degradation_restoration_clean,clean,0,1,0,3.3570311069488525,14.353165626525879,-10.996134757995605,1.6765301552368328e-05,0.999935507774353
124,124,EXTERNAL_SAMPLE/0000124.png,degradation_restoration_clean,clean,0,1,0,2.6731793880462646,7.46369743347168,-4.790517807006836,0.007167154923081398,0.8626651167869568
125,125,EXTERNAL_SAMPLE/0000125.png,degradation_restoration_clean,clean,0,1,0,5.698362350463867,8.292044639587402,-2.593682289123535,0.06830805540084839,0.9138897657394409
126,126,EXTERNAL_SAMPLE/0000126.png,degradation_restoration_clean,clean,0,1,0,1.558769702911377,9.943947792053223,-8.385177612304688,0.00022540267673321068,0.9876326322555542
127,127,EXTERNAL_SAMPLE/0000127.png,degradation_restoration_clean,clean,0,1,0,5.5657877922058105,6.360304832458496,-0.7945170402526855,0.2849738299846649,0.6307529807090759
128,128,EXTERNAL_SAMPLE/0000128.png,degradation_restoration_clean,clean,0,1,0,3.0897862911224365,10.930440902709961,-7.840654373168945,0.0003924875636585057,0.9976515173912048
129,129,EXTERNAL_SAMPLE/0000129.png,degradation_restoration_clean,clean,0,1,0,5.683126449584961,7.981217384338379,-2.298090934753418,0.08890442550182343,0.8850576877593994
130,130,EXTERNAL_SAMPLE/0000130.png,degradation_restoration_clean,clean,0,1,0,4.041898727416992,7.394472122192383,-3.3525733947753906,0.03103739582002163,0.8869301080703735
131,131,EXTERNAL_SAMPLE/0000131.png,degradation_restoration_clean,clean,0,1,0,1.8569096326828003,13.692978858947754,-11.836069107055664,7.238315902213799e-06,0.9999470710754395
132,132,EXTERNAL_SAMPLE/0000132.png,degradation_restoration_clean,clean,0,1,1,6.399040222167969,2.612656593322754,3.786383628845215,0.7853516340255737,0.017809784039855003
133,133,EXTERNAL_SAMPLE/0000133.png,degradation_restoration_clean,clean,0,1,0,2.9474120140075684,7.754683017730713,-4.8072710037231445,0.007575098425149918,0.9271703362464905
134,134,EXTERNAL_SAMPLE/0000134.png,degradation_restoration_clean,clean,0,1,0,1.4884617328643799,12.680002212524414,-11.191540718078613,1.3788411706627812e-05,0.9998586177825928
135,135,EXTERNAL_SAMPLE/0000135.png,degradation_restoration_clean,clean,0,1,0,3.5061705112457275,13.258179664611816,-9.752009391784668,5.816137127112597e-05,0.9997202754020691
136,136,EXTERNAL_SAMPLE/0000136.png,degradation_restoration_clean,clean,0,1,0,2.543644905090332,9.261430740356445,-6.717785835266113,0.0011713491985574365,0.9686874747276306
137,137,EXTERNAL_SAMPLE/0000137.png,degradation_restoration_clean,clean,0,1,0,2.4559249877929688,7.437695503234863,-4.9817705154418945,0.006518206559121609,0.9499123692512512
138,138,EXTERNAL_SAMPLE/0000138.png,degradation_restoration_clean,clean,0,1,0,2.2976131439208984,8.307782173156738,-6.01016902923584,0.0016288395272567868,0.6638371348381042
139,139,EXTERNAL_SAMPLE/0000139.png,degradation_restoration_clean,clean,0,1,5,1.9508410692214966,3.695035219192505,-1.7441941499710083,0.025830304250121117,0.14778265357017517
140,140,EXTERNAL_SAMPLE/0000140.png,degradation_restoration_clean,clean,0,1,0,3.803208589553833,5.13530969619751,-1.3321011066436768,0.1355064958333969,0.513433575630188
141,141,EXTERNAL_SAMPLE/0000141.png,degradation_restoration_clean,clean,0,1,0,2.725468873977661,5.980092525482178,-3.2546236515045166,0.030067643150687218,0.7790484428405762
142,142,EXTERNAL_SAMPLE/0000142.png,degradation_restoration_clean,clean,0,1,0,2.7623612880706787,19.1026611328125,-16.340299606323242,8.007519625152781e-08,0.9999998807907104
143,143,EXTERNAL_SAMPLE/0000143.png,degradation_restoration_clean,clean,0,1,0,1.947434425354004,8.90420150756836,-6.9567670822143555,0.0009422563598491251,0.9895884990692139
144,144,EXTERNAL_SAMPLE/0000144.png,degradation_restoration_clean,clean,0,1,0,2.609408140182495,16.859025955200195,-14.249617576599121,6.478412046817539e-07,0.9999973773956299
145,145,EXTERNAL_SAMPLE/0000145.png,degradation_restoration_clean,clean,0,1,0,2.8987207412719727,9.15839958190918,-6.259678840637207,0.001893128384836018,0.9902025461196899
146,146,EXTERNAL_SAMPLE/0000146.png,degradation_restoration_clean,clean,0,1,3,3.297578811645508,2.294140577316284,1.0034382343292236,0.1840452253818512,0.06747406721115112
147,147,EXTERNAL_SAMPLE/0000147.png,degradation_restoration_clean,clean,0,1,1,6.154918670654297,1.7366267442703247,4.418292045593262,0.6176475286483765,0.007445619907230139
148,148,EXTERNAL_SAMPLE/0000148.png,degradation_restoration_clean,clean,0,1,1,4.552959442138672,2.7762668132781982,1.7766926288604736,0.4589785635471344,0.07765771448612213
149,149,EXTERNAL_SAMPLE/0000149.png,degradation_restoration_clean,clean,0,1,0,4.009120941162109,7.1518707275390625,-3.142749786376953,0.03089110367000103,0.7156691551208496
150,150,EXTERNAL_SAMPLE/0000150.png,degradation_restoration_clean,clean,0,1,0,3.0235073566436768,5.255149841308594,-2.231642484664917,0.04136031121015549,0.3852776288986206
151,151,EXTERNAL_SAMPLE/0000151.png,degradation_restoration_clean,clean,0,1,0,0.563309371471405,4.349374294281006,-3.786064863204956,0.010708630084991455,0.4720640778541565
152,152,EXTERNAL_SAMPLE/0000152.png,degradation_restoration_clean,clean,0,1,0,1.9314615726470947,11.687928199768066,-9.75646686553955,5.788553971797228e-05,0.9994240999221802
153,153,EXTERNAL_SAMPLE/0000153.png,degradation_restoration_clean,clean,0,1,3,4.078697681427002,2.9989125728607178,1.0797851085662842,0.14096017181873322,0.04787973314523697
154,154,EXTERNAL_SAMPLE/0000154.png,degradation_restoration_clean,clean,0,1,0,5.45158052444458,11.12922191619873,-5.67764139175415,0.003407304175198078,0.9958162903785706
155,155,EXTERNAL_SAMPLE/0000155.png,degradation_restoration_clean,clean,0,1,0,3.52447772026062,11.657780647277832,-8.133302688598633,0.00028917251620441675,0.9849302768707275
156,156,EXTERNAL_SAMPLE/0000156.png,degradation_restoration_clean,clean,0,1,0,2.4248781204223633,6.600965976715088,-4.176087856292725,0.013444503769278526,0.8753801584243774
157,157,EXTERNAL_SAMPLE/0000157.png,degradation_restoration_clean,clean,0,1,0,1.339141607284546,10.870139122009277,-9.530997276306152,7.243873551487923e-05,0.998229444026947
158,158,EXTERNAL_SAMPLE/0000158.png,degradation_restoration_clean,clean,0,1,0,4.015524387359619,11.458154678344727,-7.442630290985107,0.0005852050380781293,0.9990823268890381
159,159,EXTERNAL_SAMPLE/0000159.png,degradation_restoration_clean,clean,0,1,3,2.4155337810516357,5.782175064086914,-3.3666412830352783,0.01023438572883606,0.29660290479660034
160,160,EXTERNAL_SAMPLE/0000160.png,degradation_restoration_clean,clean,0,1,0,2.946207284927368,5.991388320922852,-3.0451810359954834,0.03422024846076965,0.719098687171936
161,161,EXTERNAL_SAMPLE/0000161.png,degradation_restoration_clean,clean,0,1,1,3.320141077041626,3.1719658374786377,0.14817523956298828,0.22197799384593964,0.1914071887731552
162,162,EXTERNAL_SAMPLE/0000162.png,degradation_restoration_clean,clean,0,1,3,4.356469631195068,4.139328479766846,0.21714115142822266,0.12029223144054413,0.0968131572008133
163,163,EXTERNAL_SAMPLE/0000163.png,degradation_restoration_clean,clean,0,1,5,3.6488699913024902,4.343677520751953,-0.6948075294494629,0.12468321621417999,0.2497808188199997
164,164,EXTERNAL_SAMPLE/0000164.png,degradation_restoration_clean,clean,0,1,0,5.176351070404053,9.50087833404541,-4.324527263641357,0.013014385476708412,0.9829739332199097
165,165,EXTERNAL_SAMPLE/0000165.png,degradation_restoration_clean,clean,0,1,0,2.4144599437713623,7.631404876708984,-5.216944694519043,0.004865188617259264,0.896994948387146
166,166,EXTERNAL_SAMPLE/0000166.png,degradation_restoration_clean,clean,0,1,0,1.5796664953231812,5.600940704345703,-4.021274089813232,0.013409700244665146,0.7478873133659363
167,167,EXTERNAL_SAMPLE/0000167.png,degradation_restoration_clean,clean,0,1,0,5.40153169631958,10.277158737182617,-4.875627040863037,0.007556446362286806,0.9903199076652527
168,168,EXTERNAL_SAMPLE/0000168.png,degradation_restoration_clean,clean,0,1,0,7.040853977203369,15.314974784851074,-8.274120330810547,0.00025496335001662374,0.9997296929359436
169,169,EXTERNAL_SAMPLE/0000169.png,degradation_restoration_clean,clean,0,1,8,3.8143458366394043,6.3536834716796875,-2.539337635040283,0.02800934575498104,0.3549141585826874
170,170,EXTERNAL_SAMPLE/0000170.png,degradation_restoration_clean,clean,0,1,0,5.867029190063477,11.395453453063965,-5.528424263000488,0.003953499719500542,0.9952812790870667
171,171,EXTERNAL_SAMPLE/0000171.png,degradation_restoration_clean,clean,0,1,6,3.6269161701202393,2.3087260723114014,1.318190097808838,0.09379878640174866,0.02510235831141472
172,172,EXTERNAL_SAMPLE/0000172.png,degradation_restoration_clean,clean,0,1,0,2.535250186920166,12.407318115234375,-9.872068405151367,5.1579103455878794e-05,0.9996745586395264
173,173,EXTERNAL_SAMPLE/0000173.png,degradation_restoration_clean,clean,0,1,0,3.7240371704101562,9.042084693908691,-5.318047523498535,0.004792811349034309,0.9776625633239746
174,174,EXTERNAL_SAMPLE/0000174.png,degradation_restoration_clean,clean,0,1,9,1.144289493560791,2.110424041748047,-0.9661345481872559,0.013230803422629833,0.034767474979162216
175,175,EXTERNAL_SAMPLE/0000175.png,degradation_restoration_clean,clean,0,1,0,2.8876640796661377,6.2661967277526855,-3.378532648086548,0.02473348006606102,0.7253761887550354
176,176,EXTERNAL_SAMPLE/0000176.png,degradation_restoration_clean,clean,0,1,0,3.5981264114379883,8.220004081726074,-4.621877670288086,0.009352335706353188,0.9509902596473694
177,177,EXTERNAL_SAMPLE/0000177.png,degradation_restoration_clean,clean,0,1,0,4.397624969482422,14.766266822814941,-10.36864185333252,3.139786349493079e-05,0.9998711347579956
178,178,EXTERNAL_SAMPLE/0000178.png,degradation_restoration_clean,clean,0,1,0,3.8019254207611084,12.865974426269531,-9.064048767089844,0.00011572037328733131,0.9997149109840393
179,179,EXTERNAL_SAMPLE/0000179.png,degradation_restoration_clean,clean,0,1,0,1.379760503768921,14.07519245147705,-12.69543170928955,3.0648761821794324e-06,0.9999282360076904
180,180,EXTERNAL_SAMPLE/0000180.png,degradation_restoration_clean,clean,0,1,0,3.4198179244995117,5.470272541046143,-2.050454616546631,0.0607808418571949,0.47235429286956787
181,181,EXTERNAL_SAMPLE/0000181.png,degradation_restoration_clean,clean,0,1,0,2.406581163406372,9.508733749389648,-7.1021528244018555,0.0008069718605838716,0.9801310896873474
182,182,EXTERNAL_SAMPLE/0000182.png,degradation_restoration_clean,clean,0,1,0,4.31583833694458,10.227229118347168,-5.911390781402588,0.0026908584404736757,0.9935169219970703
183,183,EXTERNAL_SAMPLE/0000183.png,degradation_restoration_clean,clean,0,1,0,4.230246543884277,11.766867637634277,-7.53662109375,0.0005327263497747481,0.9991187453269958
184,184,EXTERNAL_SAMPLE/0000184.png,degradation_restoration_clean,clean,0,1,8,3.1689682006835938,3.4808349609375,-0.31186676025390625,0.13140402734279633,0.17949432134628296
185,185,EXTERNAL_SAMPLE/0000185.png,degradation_restoration_clean,clean,0,1,1,6.700974464416504,6.3109331130981445,0.3900413513183594,0.552994430065155,0.37439319491386414
186,186,EXTERNAL_SAMPLE/0000186.png,degradation_restoration_clean,clean,0,1,0,2.797001838684082,9.825794219970703,-7.028792381286621,0.0008776026079431176,0.9905208349227905
187,187,EXTERNAL_SAMPLE/0000187.png,degradation_restoration_clean,clean,0,1,0,2.445458173751831,7.437133312225342,-4.99167537689209,0.0064816782251000404,0.9539915323257446
188,188,EXTERNAL_SAMPLE/0000188.png,degradation_restoration_clean,clean,0,1,8,4.577495098114014,2.776296377182007,1.8011987209320068,0.1334441751241684,0.0220317505300045
189,189,EXTERNAL_SAMPLE/0000189.png,degradation_restoration_clean,clean,0,1,5,1.2568581104278564,2.73612380027771,-1.4792656898498535,0.003377707442268729,0.014827189035713673
190,190,EXTERNAL_SAMPLE/0000190.png,degradation_restoration_clean,clean,0,1,0,2.7962374687194824,9.849231719970703,-7.052994251251221,0.0008592811645939946,0.9936003684997559
191,191,EXTERNAL_SAMPLE/0000191.png,degradation_restoration_clean,clean,0,1,0,3.097020149230957,6.326534271240234,-3.2295141220092773,0.025117576122283936,0.634655237197876
192,192,EXTERNAL_SAMPLE/0000192.png,degradation_restoration_clean,clean,0,1,0,0.9119474291801453,8.551590919494629,-7.639643669128418,0.00046777736861258745,0.9725104570388794
193,193,EXTERNAL_SAMPLE/0000193.png,degradation_restoration_clean,clean,0,1,0,2.5500075817108154,7.558174133300781,-5.008166313171387,0.0046171750873327255,0.6908684372901917
194,194,EXTERNAL_SAMPLE/0000194.png,degradation_restoration_clean,clean,0,1,0,2.977421998977661,14.278100967407227,-11.300679206848145,1.2364145732135512e-05,0.999969482421875
195,195,EXTERNAL_SAMPLE/0000195.png,degradation_restoration_clean,clean,0,1,0,6.284372806549072,6.767148494720459,-0.4827756881713867,0.28522318601608276,0.4622231125831604
196,196,EXTERNAL_SAMPLE/0000196.png,degradation_restoration_clean,clean,0,1,0,4.745409965515137,6.536928653717041,-1.7915186882019043,0.13061881065368652,0.7835240960121155
197,197,EXTERNAL_SAMPLE/0000197.png,degradation_restoration_clean,clean,0,1,0,2.129986047744751,6.8592634201049805,-4.729277610778809,0.007792342454195023,0.882200300693512
198,198,EXTERNAL_SAMPLE/0000198.png,degradation_restoration_clean,clean,0,1,0,1.9957914352416992,7.769510746002197,-5.773719310760498,0.0029676572885364294,0.9547907114028931
199,199,EXTERNAL_SAMPLE/0000199.png,degradation_restoration_clean,clean,0,1,1,4.605205535888672,2.5736727714538574,2.0315327644348145,0.40443235635757446,0.05303497612476349
200,200,EXTERNAL_SAMPLE/0000200.png,degradation_restoration_clean,clean,0,1,0,1.264833688735962,9.296026229858398,-8.031192779541016,0.0003221571969334036,0.9907647371292114
201,201,EXTERNAL_SAMPLE/0000201.png,degradation_restoration_clean,clean,0,1,0,3.301706075668335,3.4505443572998047,-0.14883828163146973,0.20260858535766602,0.23512427508831024
202,202,EXTERNAL_SAMPLE/0000202.png,degradation_restoration_clean,clean,0,1,0,2.5701920986175537,11.210770606994629,-8.640578269958496,0.00017644820036366582,0.9980968832969666
203,203,EXTERNAL_SAMPLE/0000203.png,degradation_restoration_clean,clean,0,1,0,2.6637399196624756,11.207240104675293,-8.543499946594238,0.00019321692525409162,0.9918363690376282
204,204,EXTERNAL_SAMPLE/0000204.png,degradation_restoration_clean,clean,0,1,0,3.7997183799743652,5.312190532684326,-1.512472152709961,0.09596630930900574,0.43548887968063354
205,205,EXTERNAL_SAMPLE/0000205.png,degradation_restoration_clean,clean,0,1,0,5.395213603973389,10.12792682647705,-4.732713222503662,0.008677923120558262,0.9858413934707642
206,206,EXTERNAL_SAMPLE/0000206.png,degradation_restoration_clean,clean,0,1,0,2.9373130798339844,15.808685302734375,-12.87137222290039,2.5705676307552494e-06,0.9999884366989136
207,207,EXTERNAL_SAMPLE/0000207.png,degradation_restoration_clean,clean,0,1,0,3.6051816940307617,8.234085083007812,-4.628903388977051,0.009394454769790173,0.9620082378387451
208,208,EXTERNAL_SAMPLE/0000208.png,degradation_restoration_clean,clean,0,1,0,3.082418918609619,9.699268341064453,-6.616849422454834,0.0013316526310518384,0.9955248832702637
209,209,EXTERNAL_SAMPLE/0000209.png,degradation_restoration_clean,clean,0,1,3,3.437589645385742,3.433356761932373,0.004232883453369141,0.20766198635101318,0.20678482949733734
210,210,EXTERNAL_SAMPLE/0000210.png,degradation_restoration_clean,clean,0,1,8,3.044110059738159,6.485085487365723,-3.4409754276275635,0.0075470441952347755,0.2355991154909134
211,211,EXTERNAL_SAMPLE/0000211.png,degradation_restoration_clean,clean,0,1,0,1.9802967309951782,10.987542152404785,-9.007245063781738,0.00012224845704622567,0.9977923631668091
212,212,EXTERNAL_SAMPLE/0000212.png,degradation_restoration_clean,clean,0,1,0,6.0418901443481445,6.196126937866211,-0.1542367935180664,0.29024559259414673,0.3386490046977997
213,213,EXTERNAL_SAMPLE/0000213.png,degradation_restoration_clean,clean,0,1,0,3.4862043857574463,7.034417152404785,-3.548212766647339,0.025760699063539505,0.8952139616012573
214,214,EXTERNAL_SAMPLE/0000214.png,degradation_restoration_clean,clean,0,1,0,0.7684229612350464,13.857542991638184,-13.089119911193848,2.0674485767813167e-06,0.9999246597290039
215,215,EXTERNAL_SAMPLE/0000215.png,degradation_restoration_clean,clean,0,1,0,2.565572500228882,6.961833953857422,-4.396261215209961,0.01034615933895111,0.8395587801933289
216,216,EXTERNAL_SAMPLE/0000216.png,degradation_restoration_clean,clean,0,1,0,2.4777021408081055,10.78200626373291,-8.304304122924805,0.0002470026083756238,0.99819415807724
217,217,EXTERNAL_SAMPLE/0000217.png,degradation_restoration_clean,clean,0,1,0,1.5963317155838013,11.703648567199707,-10.107316970825195,4.051848009112291e-05,0.9935852885246277
218,218,EXTERNAL_SAMPLE/0000218.png,degradation_restoration_clean,clean,0,1,0,1.8557265996932983,9.689798355102539,-7.834071636199951,0.0003882439632434398,0.9803897738456726
219,219,EXTERNAL_SAMPLE/0000219.png,degradation_restoration_clean,clean,0,1,0,4.938737392425537,9.346795082092285,-4.408057689666748,0.011503737419843674,0.9445698857307434
220,220,EXTERNAL_SAMPLE/0000220.png,degradation_restoration_clean,clean,0,1,0,3.526341438293457,10.891650199890137,-7.36530876159668,0.0006312286714091897,0.9974695444107056
221,221,EXTERNAL_SAMPLE/0000221.png,degradation_restoration_clean,clean,0,1,0,2.2621910572052,8.997668266296387,-6.735477447509766,0.0010918107582256198,0.9190265536308289
222,222,EXTERNAL_SAMPLE/0000222.png,degradation_restoration_clean,clean,0,1,0,2.6638503074645996,12.296592712402344,-9.632741928100586,6.54595423839055e-05,0.9986644983291626
223,223,EXTERNAL_SAMPLE/0000223.png,degradation_restoration_clean,clean,0,1,0,2.103883981704712,9.983646392822266,-7.879762649536133,0.0003771704214159399,0.9969538450241089
224,224,EXTERNAL_SAMPLE/0000224.png,degradation_restoration_clean,clean,0,1,0,1.2666704654693604,7.371412754058838,-6.104742050170898,0.0020421622321009636,0.914841890335083
225,225,EXTERNAL_SAMPLE/0000225.png,degradation_restoration_clean,clean,0,1,3,3.3327136039733887,2.977996587753296,0.3547170162200928,0.0060317981988191605,0.004230535123497248
226,226,EXTERNAL_SAMPLE/0000226.png,degradation_restoration_clean,clean,0,1,0,1.4303444623947144,10.400704383850098,-8.970359802246094,0.00012649461859837174,0.9950612187385559
227,227,EXTERNAL_SAMPLE/0000227.png,degradation_restoration_clean,clean,0,1,0,1.93096923828125,16.63800048828125,-14.70703125,4.1002135731105227e-07,0.9999746084213257
228,228,EXTERNAL_SAMPLE/0000228.png,degradation_restoration_clean,clean,0,1,0,4.34468412399292,11.37293529510498,-7.0282511711120605,0.0008840832742862403,0.9972955584526062
229,229,EXTERNAL_SAMPLE/0000229.png,degradation_restoration_clean,clean,0,1,0,2.112116575241089,8.022103309631348,-5.90998649597168,0.0026090482715517282,0.961959183216095
230,230,EXTERNAL_SAMPLE/0000230.png,degradation_restoration_clean,clean,0,1,0,2.648496389389038,12.643815994262695,-9.995319366455078,4.55976914963685e-05,0.9996659755706787
231,231,EXTERNAL_SAMPLE/0000231.png,degradation_restoration_clean,clean,0,1,0,4.952173233032227,5.305397987365723,-0.3532247543334961,0.34112271666526794,0.48563969135284424
232,232,EXTERNAL_SAMPLE/0000232.png,degradation_restoration_clean,clean,0,1,0,2.658205986022949,8.998255729675293,-6.340049743652344,0.0017495474312454462,0.9916862845420837
233,233,EXTERNAL_SAMPLE/0000233.png,degradation_restoration_clean,clean,0,1,0,2.1867191791534424,8.301481246948242,-6.114762306213379,0.0019738657865673304,0.893151581287384
234,234,EXTERNAL_SAMPLE/0000234.png,degradation_restoration_clean,clean,0,1,0,2.1006033420562744,7.4581217765808105,-5.357518196105957,0.0037388030905276537,0.7933652400970459
235,235,EXTERNAL_SAMPLE/0000235.png,degradation_restoration_clean,clean,0,1,1,5.218762397766113,5.121942043304443,0.09682035446166992,0.43189737200737,0.39204147458076477
236,236,EXTERNAL_SAMPLE/0000236.png,degradation_restoration_clean,clean,0,1,0,2.774040699005127,4.654026985168457,-1.87998628616333,0.06091945245862007,0.399230420589447
237,237,EXTERNAL_SAMPLE/0000237.png,degradation_restoration_clean,clean,0,1,0,4.145157814025879,14.47446346282959,-10.329305648803711,3.2659077987773344e-05,0.9999178647994995
238,238,EXTERNAL_SAMPLE/0000238.png,degradation_restoration_clean,clean,0,1,0,3.353128671646118,5.914285659790039,-2.561156988143921,0.05219298228621483,0.6759405136108398
239,239,EXTERNAL_SAMPLE/0000239.png,degradation_restoration_clean,clean,0,1,0,1.8279062509536743,6.139428615570068,-4.311522483825684,0.008193113841116428,0.6108286380767822
240,240,EXTERNAL_SAMPLE/0000240.png,degradation_restoration_clean,clean,0,1,1,9.384526252746582,9.154276847839355,0.23024940490722656,0.5557281970977783,0.4414346516132355
241,241,EXTERNAL_SAMPLE/0000241.png,degradation_restoration_clean,clean,0,1,5,3.0027341842651367,6.1403913497924805,-3.1376571655273438,0.0020136614330112934,0.04641450196504593
242,242,EXTERNAL_SAMPLE/0000242.png,degradation_restoration_clean,clean,0,1,0,3.1849355697631836,15.053071022033691,-11.868135452270508,7.00994860380888e-06,0.9999552965164185
243,243,EXTERNAL_SAMPLE/0000243.png,degradation_restoration_clean,clean,0,1,0,1.6155474185943604,12.8905668258667,-11.275019645690918,1.2680915460805409e-05,0.9996073842048645
244,244,EXTERNAL_SAMPLE/0000244.png,degradation_restoration_clean,clean,0,1,0,3.4782559871673584,5.077898025512695,-1.599642038345337,0.11890909075737,0.5887497663497925
245,245,EXTERNAL_SAMPLE/0000245.png,degradation_restoration_clean,clean,0,1,1,12.951921463012695,-0.701332688331604,13.653254508972168,0.9999057054519653,1.1760505458369153e-06
246,246,EXTERNAL_SAMPLE/0000246.png,degradation_restoration_clean,clean,0,1,0,2.7799835205078125,11.182108879089355,-8.402125358581543,0.00022420677123591304,0.9991838335990906
247,247,EXTERNAL_SAMPLE/0000247.png,degradation_restoration_clean,clean,0,1,0,1.7929023504257202,9.480908393859863,-7.6880059242248535,0.0004510952567216009,0.9842984676361084
248,248,EXTERNAL_SAMPLE/0000248.png,degradation_restoration_clean,clean,0,1,0,1.7708497047424316,9.802943229675293,-8.032093048095703,0.00032247655326500535,0.9926401376724243
249,249,EXTERNAL_SAMPLE/0000249.png,degradation_restoration_clean,clean,0,1,0,3.6028995513916016,6.5257391929626465,-2.922839641571045,0.044555842876434326,0.8284718990325928
250,250,EXTERNAL_SAMPLE/0000250.png,degradation_restoration_clean,clean,0,1,0,3.025346517562866,7.962599277496338,-4.937252998352051,0.006987492088228464,0.9739643931388855
251,251,EXTERNAL_SAMPLE/0000251.png,degradation_restoration_clean,clean,0,1,9,4.928034782409668,1.743577480316162,3.184457302093506,0.17818035185337067,0.007376791909337044
252,252,EXTERNAL_SAMPLE/0000252.png,degradation_restoration_clean,clean,0,1,3,6.154818534851074,4.837862968444824,1.31695556640625,0.16705335676670074,0.044761914759874344
253,253,EXTERNAL_SAMPLE/0000253.png,degradation_restoration_clean,clean,0,1,0,1.5972141027450562,8.120443344116211,-6.523229122161865,0.0013995881890878081,0.9528020024299622
254,254,EXTERNAL_SAMPLE/0000254.png,degradation_restoration_clean,clean,0,1,0,4.93307638168335,5.7310991287231445,-0.7980227470397949,0.2783437967300415,0.6182419061660767
255,255,EXTERNAL_SAMPLE/0000255.png,degradation_restoration_clean,clean,0,1,0,2.0364718437194824,8.413914680480957,-6.377442836761475,0.0016376429703086615,0.9636236429214478
256,256,EXTERNAL_SAMPLE/0000256.png,degradation_restoration_clean,clean,0,1,8,3.2416605949401855,3.924891948699951,-0.6832313537597656,0.0916629284620285,0.18151700496673584
257,257,EXTERNAL_SAMPLE/0000257.png,degradation_restoration_clean,clean,0,1,0,3.8311851024627686,8.077298164367676,-4.246112823486328,0.013945044949650764,0.9738302826881409
258,258,EXTERNAL_SAMPLE/0000258.png,degradation_restoration_clean,clean,0,1,0,3.683215618133545,7.841879844665527,-4.158664226531982,0.013982170261442661,0.8946630954742432
259,259,EXTERNAL_SAMPLE/0000259.png,degradation_restoration_clean,clean,0,1,0,4.459587574005127,7.9988322257995605,-3.5392446517944336,0.027167636901140213,0.935677707195282
260,260,EXTERNAL_SAMPLE/0000260.png,degradation_restoration_clean,clean,0,1,3,2.0745997428894043,1.9421141147613525,0.13248562812805176,0.007881145924329758,0.006903215777128935
261,261,EXTERNAL_SAMPLE/0000261.png,degradation_restoration_clean,clean,0,1,3,3.3944194316864014,5.4438395500183105,-2.049420118331909,0.028657015413045883,0.2224758267402649
262,262,EXTERNAL_SAMPLE/0000262.png,degradation_restoration_clean,clean,0,1,0,1.1915959119796753,10.517631530761719,-9.326035499572754,8.868379518389702e-05,0.9956117868423462
263,263,EXTERNAL_SAMPLE/0000263.png,degradation_restoration_clean,clean,0,1,0,3.5694384574890137,13.983341217041016,-10.413902282714844,3.0010216505615972e-05,0.9999295473098755
264,264,EXTERNAL_SAMPLE/0000264.png,degradation_restoration_clean,clean,0,1,0,1.901125192642212,8.409446716308594,-6.508321762084961,0.0014430679148063064,0.9678654670715332
265,265,EXTERNAL_SAMPLE/0000265.png,degradation_restoration_clean,clean,0,1,0,2.9906561374664307,5.7532453536987305,-2.7625892162323,0.028712071478366852,0.454822301864624
266,266,EXTERNAL_SAMPLE/0000266.png,degradation_restoration_clean,clean,0,1,0,7.038242340087891,7.442436695098877,-0.40419435501098633,0.38318026065826416,0.5740404725074768
267,267,EXTERNAL_SAMPLE/0000267.png,degradation_restoration_clean,clean,0,1,0,1.3227040767669678,21.641721725463867,-20.31901741027832,1.498175916658795e-09,0.9999998807907104
268,268,EXTERNAL_SAMPLE/0000268.png,degradation_restoration_clean,clean,0,1,0,7.7028961181640625,7.824644088745117,-0.12174797058105469,0.45798417925834656,0.5172791481018066
269,269,EXTERNAL_SAMPLE/0000269.png,degradation_restoration_clean,clean,0,1,0,3.98854398727417,6.363687992095947,-2.3751440048217773,0.0730951651930809,0.78596031665802
270,270,EXTERNAL_SAMPLE/0000270.png,degradation_restoration_clean,clean,0,1,0,1.6647076606750488,12.64096736907959,-10.976259231567383,1.709438038233202e-05,0.9994986057281494
271,271,EXTERNAL_SAMPLE/0000271.png,degradation_restoration_clean,clean,0,1,0,3.2757434844970703,9.596670150756836,-6.320926666259766,0.0017700728494673967,0.9843164086341858
272,272,EXTERNAL_SAMPLE/0000272.png,degradation_restoration_clean,clean,0,1,3,7.242269515991211,5.15955924987793,2.0827102661132812,0.2516084611415863,0.031348422169685364
273,273,EXTERNAL_SAMPLE/0000273.png,degradation_restoration_clean,clean,0,1,0,0.8758357763290405,9.899725914001465,-9.023890495300293,0.00011983117292402312,0.9944790601730347
274,274,EXTERNAL_SAMPLE/0000274.png,degradation_restoration_clean,clean,0,1,0,3.791975498199463,6.595160007476807,-2.8031845092773438,0.03627125173807144,0.5983704328536987
275,275,EXTERNAL_SAMPLE/0000275.png,degradation_restoration_clean,clean,0,1,0,2.3934905529022217,7.164972305297852,-4.771481513977051,0.007711726240813732,0.9107090830802917
276,276,EXTERNAL_SAMPLE/0000276.png,degradation_restoration_clean,clean,0,1,0,1.8034244775772095,9.410398483276367,-7.606974124908447,0.00048164051258936524,0.9691475629806519
277,277,EXTERNAL_SAMPLE/0000277.png,degradation_restoration_clean,clean,0,1,3,1.6384470462799072,3.416046142578125,-1.7775990962982178,0.002794985193759203,0.01653411239385605
278,278,EXTERNAL_SAMPLE/0000278.png,degradation_restoration_clean,clean,0,1,0,2.363835096359253,11.227523803710938,-8.863688468933105,0.00014125600864645094,0.9987525939941406
279,279,EXTERNAL_SAMPLE/0000279.png,degradation_restoration_clean,clean,0,1,1,6.65826940536499,3.782177448272705,2.876091957092285,0.7204706072807312,0.040601812303066254
280,280,EXTERNAL_SAMPLE/0000280.png,degradation_restoration_clean,clean,0,1,0,3.098985195159912,5.1458024978637695,-2.0468173027038574,0.05588480830192566,0.43272823095321655
281,281,EXTERNAL_SAMPLE/0000281.png,degradation_restoration_clean,clean,0,1,0,6.735639572143555,10.859620094299316,-4.123980522155762,0.01590990647673607,0.9833080768585205
282,282,EXTERNAL_SAMPLE/0000282.png,degradation_restoration_clean,clean,0,1,0,3.8272457122802734,7.708852767944336,-3.8816070556640625,0.017534106969833374,0.8504409790039062
283,283,EXTERNAL_SAMPLE/0000283.png,degradation_restoration_clean,clean,0,1,0,5.512607574462891,13.291061401367188,-7.778453826904297,0.00041845510713756084,0.9995130300521851
284,284,EXTERNAL_SAMPLE/0000284.png,degradation_restoration_clean,clean,0,1,1,7.164284706115723,4.873845100402832,2.2904396057128906,0.8437119722366333,0.08540217578411102
285,285,EXTERNAL_SAMPLE/0000285.png,degradation_restoration_clean,clean,0,1,1,7.014502048492432,6.769526958465576,0.24497509002685547,0.5426452159881592,0.4247414171695709
286,286,EXTERNAL_SAMPLE/0000286.png,degradation_restoration_clean,clean,0,1,0,3.090148687362671,8.045711517333984,-4.955562591552734,0.0068618180230259895,0.974120557308197
287,287,EXTERNAL_SAMPLE/0000287.png,degradation_restoration_clean,clean,0,1,0,3.3531763553619385,19.266342163085938,-15.913166046142578,1.22743827546401e-07,0.9999996423721313
288,288,EXTERNAL_SAMPLE/0000288.png,degradation_restoration_clean,clean,0,1,0,1.7329421043395996,6.688339710235596,-4.955397605895996,0.0064449617639184,0.9147916436195374
289,289,EXTERNAL_SAMPLE/0000289.png,degradation_restoration_clean,clean,0,1,0,3.3916842937469482,15.307099342346191,-11.915414810180664,6.686439519398846e-06,0.9999856948852539
290,290,EXTERNAL_SAMPLE/0000290.png,degradation_restoration_clean,clean,0,1,0,2.6685523986816406,8.563047409057617,-5.894495010375977,0.0026638051494956017,0.9670503735542297
291,291,EXTERNAL_SAMPLE/0000291.png,degradation_restoration_clean,clean,0,1,0,3.7381186485290527,11.118742942810059,-7.380624294281006,0.0006221922230906785,0.9983641505241394
292,292,EXTERNAL_SAMPLE/0000292.png,degradation_restoration_clean,clean,0,1,0,1.8654019832611084,5.9380903244018555,-4.072688102722168,0.013909516856074333,0.8166914582252502
293,293,EXTERNAL_SAMPLE/0000293.png,degradation_restoration_clean,clean,0,1,0,2.8448402881622314,4.400195121765137,-1.5553548336029053,0.08797766268253326,0.4167296886444092
294,294,EXTERNAL_SAMPLE/0000294.png,degradation_restoration_clean,clean,0,1,0,4.627402305603027,6.622318267822266,-1.9949159622192383,0.10829039663076401,0.7961061000823975
295,295,EXTERNAL_SAMPLE/0000295.png,degradation_restoration_clean,clean,0,1,0,6.288198947906494,7.573431968688965,-1.2852330207824707,0.20637671649456024,0.746157169342041
296,296,EXTERNAL_SAMPLE/0000296.png,degradation_restoration_clean,clean,0,1,0,6.909151077270508,14.564826011657715,-7.655674934387207,0.000473109568702057,0.9994914531707764
297,297,EXTERNAL_SAMPLE/0000297.png,degradation_restoration_clean,clean,0,1,3,4.661608695983887,6.825398921966553,-2.163790225982666,0.03928334265947342,0.3419248163700104
298,298,EXTERNAL_SAMPLE/0000298.png,degradation_restoration_clean,clean,0,1,0,1.783646583557129,15.365021705627441,-13.581375122070312,1.2637948429983226e-06,0.999983549118042
299,299,EXTERNAL_SAMPLE/0000299.png,degradation_restoration_clean,clean,0,1,0,3.385057210922241,8.189569473266602,-4.804512023925781,0.007727673277258873,0.943239152431488
300,300,EXTERNAL_SAMPLE/0000300.png,degradation_restoration_clean,clean,0,1,3,5.512738227844238,2.992692470550537,2.520045757293701,0.030483735725283623,0.002452596789225936
301,301,EXTERNAL_SAMPLE/0000301.png,degradation_restoration_clean,clean,0,1,0,1.3919861316680908,14.784797668457031,-13.39281177520752,1.5260457075783052e-06,0.9999810457229614
302,302,EXTERNAL_SAMPLE/0000302.png,degradation_restoration_clean,clean,0,1,3,1.712056040763855,6.567968845367432,-4.855912685394287,0.0033412743359804153,0.42934682965278625
303,303,EXTERNAL_SAMPLE/0000303.png,degradation_restoration_clean,clean,0,1,5,0.9520710110664368,5.870429039001465,-4.918357849121094,0.0002029083261732012,0.027753356844186783
304,304,EXTERNAL_SAMPLE/0000304.png,degradation_restoration_clean,clean,0,1,0,6.048544883728027,12.331319808959961,-6.282774925231934,0.00186412304174155,0.9978127479553223
305,305,EXTERNAL_SAMPLE/0000305.png,degradation_restoration_clean,clean,0,1,0,4.558418273925781,8.481595039367676,-3.9231767654418945,0.019169434905052185,0.9692221283912659
306,306,EXTERNAL_SAMPLE/0000306.png,degradation_restoration_clean,clean,0,1,3,3.2817893028259277,5.717740058898926,-2.435950756072998,0.013610363006591797,0.1555212289094925
307,307,EXTERNAL_SAMPLE/0000307.png,degradation_restoration_clean,clean,0,1,0,4.947519302368164,13.758299827575684,-8.81078052520752,0.00014908799494151026,0.9998067021369934
308,308,EXTERNAL_SAMPLE/0000308.png,degradation_restoration_clean,clean,0,1,0,2.598804473876953,10.886937141418457,-8.288132667541504,0.00025111541617661715,0.9985357522964478
309,309,EXTERNAL_SAMPLE/0000309.png,degradation_restoration_clean,clean,0,1,0,3.9352517127990723,10.498178482055664,-6.562926769256592,0.0014066430740058422,0.9963840246200562
310,310,EXTERNAL_SAMPLE/0000310.png,degradation_restoration_clean,clean,0,1,3,2.749408721923828,7.302956581115723,-4.5535478591918945,0.004031503573060036,0.38286685943603516
311,311,EXTERNAL_SAMPLE/0000311.png,degradation_restoration_clean,clean,0,1,0,3.8293232917785645,11.891822814941406,-8.0625,0.00031488656532019377,0.9992021918296814
312,312,EXTERNAL_SAMPLE/0000312.png,degradation_restoration_clean,clean,0,1,5,2.013918876647949,5.492908477783203,-3.478989601135254,0.00119838397949934,0.03885992616415024
313,313,EXTERNAL_SAMPLE/0000313.png,degradation_restoration_clean,clean,0,1,0,4.692592620849609,10.575961112976074,-5.883368492126465,0.002770826919004321,0.994772732257843
314,314,EXTERNAL_SAMPLE/0000314.png,degradation_restoration_clean,clean,0,1,3,6.067256927490234,3.7144103050231934,2.352846622467041,0.3750362992286682,0.035665225237607956
315,315,EXTERNAL_SAMPLE/0000315.png,degradation_restoration_clean,clean,0,1,0,2.132133960723877,8.801701545715332,-6.669567584991455,0.0012037100968882442,0.9485894441604614
316,316,EXTERNAL_SAMPLE/0000316.png,degradation_restoration_clean,clean,0,1,0,2.063739776611328,10.229537963867188,-8.16579818725586,0.0002794276806525886,0.9831742644309998
317,317,EXTERNAL_SAMPLE/0000317.png,degradation_restoration_clean,clean,0,1,0,3.624109983444214,8.12083911895752,-4.496728897094727,0.008229350671172142,0.7383632659912109
318,318,EXTERNAL_SAMPLE/0000318.png,degradation_restoration_clean,clean,0,1,0,1.5442373752593994,11.164543151855469,-9.620306015014648,6.613092409679666e-05,0.9964382648468018
319,319,EXTERNAL_SAMPLE/0000319.png,degradation_restoration_clean,clean,0,1,0,3.2673444747924805,6.525832176208496,-3.2584877014160156,0.03384872153401375,0.8804112076759338
320,320,EXTERNAL_SAMPLE/0000320.png,degradation_restoration_clean,clean,0,1,0,1.2414813041687012,5.924853324890137,-4.6833720207214355,0.00483534624800086,0.5228657126426697
321,321,EXTERNAL_SAMPLE/0000321.png,degradation_restoration_clean,clean,0,1,0,2.5412213802337646,13.107355117797852,-10.566133499145508,2.5766999897314236e-05,0.9997175335884094
322,322,EXTERNAL_SAMPLE/0000322.png,degradation_restoration_clean,clean,0,1,0,2.1265816688537598,7.133107662200928,-5.006525993347168,0.005766715854406357,0.8614600896835327
323,323,EXTERNAL_SAMPLE/0000323.png,degradation_restoration_clean,clean,0,1,0,2.6778311729431152,9.914589881896973,-7.236758708953857,0.0007167075527831912,0.9959243535995483
324,324,EXTERNAL_SAMPLE/0000324.png,degradation_restoration_clean,clean,0,1,0,2.3888282775878906,14.296954154968262,-11.908125877380371,6.735162060067523e-06,0.9999572038650513
325,325,EXTERNAL_SAMPLE/0000325.png,degradation_restoration_clean,clean,0,1,0,2.5182831287384033,12.226288795471191,-9.708005905151367,6.077034413465299e-05,0.9995973706245422
326,326,EXTERNAL_SAMPLE/0000326.png,degradation_restoration_clean,clean,0,1,0,3.3848984241485596,9.155038833618164,-5.770140647888184,0.0030724096577614546,0.984961748123169
327,327,EXTERNAL_SAMPLE/0000327.png,degradation_restoration_clean,clean,0,1,3,3.3081822395324707,2.915632963180542,0.3925492763519287,0.05238362029194832,0.03537639230489731
328,328,EXTERNAL_SAMPLE/0000328.png,degradation_restoration_clean,clean,0,1,0,3.011622428894043,7.026381492614746,-4.014759063720703,0.016531936824321747,0.9160336256027222
329,329,EXTERNAL_SAMPLE/0000329.png,degradation_restoration_clean,clean,0,1,0,1.9534084796905518,7.023828983306885,-5.070420265197754,0.0041007474064826965,0.6530081629753113
330,330,EXTERNAL_SAMPLE/0000330.png,degradation_restoration_clean,clean,0,1,0,2.498723030090332,8.917542457580566,-6.418819427490234,0.0016054632142186165,0.984596312046051
331,331,EXTERNAL_SAMPLE/0000331.png,degradation_restoration_clean,clean,0,1,0,3.7304513454437256,7.142873287200928,-3.412421941757202,0.0296507366001606,0.8995627760887146
332,332,EXTERNAL_SAMPLE/0000332.png,degradation_restoration_clean,clean,0,1,0,3.8744771480560303,9.25095272064209,-5.3764753341674805,0.004534586798399687,0.9806438684463501
333,333,EXTERNAL_SAMPLE/0000333.png,degradation_restoration_clean,clean,0,1,0,5.315362930297852,8.922069549560547,-3.6067066192626953,0.026154091581702232,0.9636346101760864
334,334,EXTERNAL_SAMPLE/0000334.png,degradation_restoration_clean,clean,0,1,0,1.2309825420379639,16.001182556152344,-14.7701997756958,3.8492518683597154e-07,0.9999829530715942
335,335,EXTERNAL_SAMPLE/0000335.png,degradation_restoration_clean,clean,0,1,0,2.973896026611328,13.677260398864746,-10.703364372253418,2.246674739581067e-05,0.9998900890350342
336,336,EXTERNAL_SAMPLE/0000336.png,degradation_restoration_clean,clean,0,1,0,3.9418160915374756,11.238554954528809,-7.296738624572754,0.000677020289003849,0.9989299178123474
337,337,EXTERNAL_SAMPLE/0000337.png,degradation_restoration_clean,clean,0,1,0,3.8341734409332275,4.861093521118164,-1.0269200801849365,0.12402941286563873,0.3463461697101593
338,338,EXTERNAL_SAMPLE/0000338.png,degradation_restoration_clean,clean,0,1,0,2.4464499950408936,6.22391939163208,-3.7774693965911865,0.018766403198242188,0.8201912641525269
339,339,EXTERNAL_SAMPLE/0000339.png,degradation_restoration_clean,clean,0,1,0,6.607832908630371,11.762019157409668,-5.154186248779297,0.00570637546479702,0.9880865812301636
340,340,EXTERNAL_SAMPLE/0000340.png,degradation_restoration_clean,clean,0,1,8,1.962836503982544,2.1472599506378174,-0.18442344665527344,0.054401036351919174,0.06541860103607178
341,341,EXTERNAL_SAMPLE/0000341.png,degradation_restoration_clean,clean,0,1,0,5.1620588302612305,14.580604553222656,-9.418545722961426,8.119505946524441e-05,0.999889612197876
342,342,EXTERNAL_SAMPLE/0000342.png,degradation_restoration_clean,clean,0,1,3,2.75080943107605,5.479817867279053,-2.729008436203003,0.008988490328192711,0.1376829594373703
343,343,EXTERNAL_SAMPLE/0000343.png,degradation_restoration_clean,clean,0,1,0,2.0818958282470703,9.666815757751465,-7.5849199295043945,0.0005051858024671674,0.9943516254425049
344,344,EXTERNAL_SAMPLE/0000344.png,degradation_restoration_clean,clean,0,1,0,1.703359603881836,9.657742500305176,-7.95438289642334,0.00034870472154580057,0.9931215643882751
345,345,EXTERNAL_SAMPLE/0000345.png,degradation_restoration_clean,clean,0,1,0,3.385084867477417,10.55128288269043,-7.166197776794434,0.0007704189047217369,0.9976243376731873
346,346,EXTERNAL_SAMPLE/0000346.png,degradation_restoration_clean,clean,0,1,3,4.305602550506592,5.387849807739258,-1.082247257232666,0.03401533514261246,0.10038959980010986
347,347,EXTERNAL_SAMPLE/0000347.png,degradation_restoration_clean,clean,0,1,0,2.6057655811309814,11.019647598266602,-8.4138822555542,0.00021956796990707517,0.9900830388069153
348,348,EXTERNAL_SAMPLE/0000348.png,degradation_restoration_clean,clean,0,1,0,2.513150930404663,8.239334106445312,-5.72618293762207,0.003163526998832822,0.9705573916435242
349,349,EXTERNAL_SAMPLE/0000349.png,degradation_restoration_clean,clean,0,1,0,4.989384174346924,12.595675468444824,-7.6062912940979,0.0004968538414686918,0.9990770816802979
350,350,EXTERNAL_SAMPLE/0000350.png,degradation_restoration_clean,clean,0,1,0,5.121901512145996,11.67549991607666,-6.553598403930664,0.001422370900399983,0.9981698989868164
351,351,EXTERNAL_SAMPLE/0000351.png,degradation_restoration_clean,clean,0,1,5,2.7708563804626465,3.7724640369415283,-1.0016076564788818,0.00047688413178548217,0.0012983909109607339
352,352,EXTERNAL_SAMPLE/0000352.png,degradation_restoration_clean,clean,0,1,0,1.406726598739624,8.962474822998047,-7.555747985839844,0.0005183173343539238,0.990867018699646
353,353,EXTERNAL_SAMPLE/0000353.png,degradation_restoration_clean,clean,0,1,0,3.758212089538574,17.967744827270508,-14.209532737731934,6.743383664797875e-07,0.999998927116394
354,354,EXTERNAL_SAMPLE/0000354.png,degradation_restoration_clean,clean,0,1,0,2.4469518661499023,7.05567741394043,-4.608725547790527,0.008624330163002014,0.8655046820640564
355,355,EXTERNAL_SAMPLE/0000355.png,degradation_restoration_clean,clean,0,1,0,1.453523874282837,7.555055618286133,-6.101531982421875,0.00201890105381608,0.9015227556228638
356,356,EXTERNAL_SAMPLE/0000356.png,degradation_restoration_clean,clean,0,1,0,6.631914138793945,10.206568717956543,-3.5746545791625977,0.02722378820180893,0.9714071750640869
357,357,EXTERNAL_SAMPLE/0000357.png,degradation_restoration_clean,clean,0,1,0,2.2496180534362793,9.434771537780762,-7.185153484344482,0.0007525350665673614,0.9931142926216125
358,358,EXTERNAL_SAMPLE/0000358.png,degradation_restoration_clean,clean,0,1,0,4.108371257781982,11.504599571228027,-7.396228313446045,0.0006116028525866568,0.9968060255050659
359,359,EXTERNAL_SAMPLE/0000359.png,degradation_restoration_clean,clean,0,1,0,4.349302768707275,9.360554695129395,-5.011251926422119,0.0063969846814870834,0.9601395726203918
360,360,EXTERNAL_SAMPLE/0000360.png,degradation_restoration_clean,clean,0,1,0,3.692945957183838,5.361437797546387,-1.6684918403625488,0.10829208791255951,0.5743988156318665
361,361,EXTERNAL_SAMPLE/0000361.png,degradation_restoration_clean,clean,0,1,0,1.9450855255126953,11.088434219360352,-9.143348693847656,0.00010682766878744587,0.9990555644035339
362,362,EXTERNAL_SAMPLE/0000362.png,degradation_restoration_clean,clean,0,1,0,4.047566890716553,8.406695365905762,-4.359128475189209,0.012515664100646973,0.978586733341217
363,363,EXTERNAL_SAMPLE/0000363.png,degradation_restoration_clean,clean,0,1,5,4.789761066436768,3.500422239303589,1.2893388271331787,0.14046891033649445,0.03869256004691124
364,364,EXTERNAL_SAMPLE/0000364.png,degradation_restoration_clean,clean,0,1,0,4.419763088226318,10.05427360534668,-5.634510517120361,0.003532781032845378,0.9889026284217834
365,365,EXTERNAL_SAMPLE/0000365.png,degradation_restoration_clean,clean,0,1,0,1.8395845890045166,8.114116668701172,-6.274532318115234,0.0016939010238274932,0.8992548584938049
366,366,EXTERNAL_SAMPLE/0000366.png,degradation_restoration_clean,clean,0,1,1,8.219284057617188,4.493083477020264,3.726200580596924,0.6819517612457275,0.016424240544438362
367,367,EXTERNAL_SAMPLE/0000367.png,degradation_restoration_clean,clean,0,1,0,2.771904468536377,4.1777544021606445,-1.4058499336242676,0.1098819151520729,0.44820746779441833
368,368,EXTERNAL_SAMPLE/0000368.png,degradation_restoration_clean,clean,0,1,0,5.310126781463623,12.213615417480469,-6.903488636016846,0.0010030948324128985,0.9988240599632263
369,369,EXTERNAL_SAMPLE/0000369.png,degradation_restoration_clean,clean,0,1,1,7.0108819007873535,5.31410551071167,1.6967763900756836,0.7959651350975037,0.14587920904159546
370,370,EXTERNAL_SAMPLE/0000370.png,degradation_restoration_clean,clean,0,1,1,13.349363327026367,6.450433731079102,6.898929595947266,0.9988958835601807,0.0010077508632093668
371,371,EXTERNAL_SAMPLE/0000371.png,degradation_restoration_clean,clean,0,1,0,1.8754562139511108,8.377097129821777,-6.501640796661377,0.0014331702841445804,0.9548265933990479
372,372,EXTERNAL_SAMPLE/0000372.png,degradation_restoration_clean,clean,0,1,0,3.010535717010498,6.59249210357666,-3.581956386566162,0.022312678396701813,0.8020022511482239
373,373,EXTERNAL_SAMPLE/0000373.png,degradation_restoration_clean,clean,0,1,0,3.648682117462158,6.858206272125244,-3.209524154663086,0.030044808983802795,0.7441287636756897
374,374,EXTERNAL_SAMPLE/0000374.png,degradation_restoration_clean,clean,0,1,0,2.3286969661712646,7.52808952331543,-5.199392318725586,0.005099884700030088,0.9239058494567871
375,375,EXTERNAL_SAMPLE/0000375.png,degradation_restoration_clean,clean,0,1,1,6.35524320602417,5.594935894012451,0.7603073120117188,0.6244336366653442,0.2919369041919708
376,376,EXTERNAL_SAMPLE/0000376.png,degradation_restoration_clean,clean,0,1,0,2.338052272796631,13.202407836914062,-10.864355087280273,1.9119719581794925e-05,0.9995648264884949
377,377,EXTERNAL_SAMPLE/0000377.png,degradation_restoration_clean,clean,0,1,3,3.4147045612335205,6.949128150939941,-3.534423589706421,0.0023843087255954742,0.08172281086444855
378,378,EXTERNAL_SAMPLE/0000378.png,degradation_restoration_clean,clean,0,1,0,1.269017219543457,10.253776550292969,-8.984759330749512,0.0001249852793989703,0.9974480867385864
379,379,EXTERNAL_SAMPLE/0000379.png,degradation_restoration_clean,clean,0,1,0,3.4881582260131836,7.7271809577941895,-4.239022731781006,0.013538320548832417,0.9387478828430176
380,380,EXTERNAL_SAMPLE/0000380.png,degradation_restoration_clean,clean,0,1,0,4.238352298736572,15.056763648986816,-10.818410873413086,2.0026633137604222e-05,0.9999634027481079
381,381,EXTERNAL_SAMPLE/0000381.png,degradation_restoration_clean,clean,0,1,0,2.487670421600342,11.709271430969238,-9.221601486206055,9.875700197881088e-05,0.9987540245056152
382,382,EXTERNAL_SAMPLE/0000382.png,degradation_restoration_clean,clean,0,1,0,3.739478349685669,5.338181018829346,-1.5987026691436768,0.12157878279685974,0.6014029383659363
383,383,EXTERNAL_SAMPLE/0000383.png,degradation_restoration_clean,clean,0,1,0,2.530855655670166,5.281789302825928,-2.7509336471557617,0.03377542644739151,0.5288299918174744
384,384,EXTERNAL_SAMPLE/0000384.png,degradation_restoration_clean,clean,0,1,0,1.374147891998291,9.594949722290039,-8.220802307128906,0.0002670510148163885,0.9927577972412109
385,385,EXTERNAL_SAMPLE/0000385.png,degradation_restoration_clean,clean,0,1,0,3.7720651626586914,9.269925117492676,-5.497859954833984,0.004032749682664871,0.9846718907356262
386,386,EXTERNAL_SAMPLE/0000386.png,degradation_restoration_clean,clean,0,1,0,5.274028778076172,8.185110092163086,-2.911081314086914,0.04391331970691681,0.8069800734519958
387,387,EXTERNAL_SAMPLE/0000387.png,degradation_restoration_clean,clean,1,1,1,23.819866180419922,23.819866180419922,0.0,1.0,1.0
388,388,EXTERNAL_SAMPLE/0000388.png,degradation_restoration_clean,clean,1,1,1,20.05178451538086,20.05178451538086,0.0,0.9999997615814209,0.9999997615814209
389,389,EXTERNAL_SAMPLE/0000389.png,degradation_restoration_clean,clean,1,1,1,13.699844360351562,13.699844360351562,0.0,0.999942421913147,0.999942421913147
390,390,EXTERNAL_SAMPLE/0000390.png,degradation_restoration_clean,clean,1,1,1,15.482535362243652,15.482535362243652,0.0,0.9999768733978271,0.9999768733978271
391,391,EXTERNAL_SAMPLE/0000391.png,degradation_restoration_clean,clean,1,1,1,14.961673736572266,14.961673736572266,0.0,0.9999721050262451,0.9999721050262451
392,392,EXTERNAL_SAMPLE/0000392.png,degradation_restoration_clean,clean,1,1,1,16.400644302368164,16.400644302368164,0.0,0.9999948740005493,0.9999948740005493
393,393,EXTERNAL_SAMPLE/0000393.png,degradation_restoration_clean,clean,1,1,1,10.516605377197266,10.516605377197266,0.0,0.998096764087677,0.998096764087677
394,394,EXTERNAL_SAMPLE/0000394.png,degradation_restoration_clean,clean,1,1,3,3.1857569217681885,3.1857569217681885,0.0,0.0778249129652977,0.0778249129652977
395,395,EXTERNAL_SAMPLE/0000395.png,degradation_restoration_clean,clean,1,1,1,9.680302619934082,9.680302619934082,0.0,0.9954133629798889,0.9954133629798889
396,396,EXTERNAL_SAMPLE/0000396.png,degradation_restoration_clean,clean,1,1,1,22.369300842285156,22.369300842285156,0.0,1.0,1.0
397,397,EXTERNAL_SAMPLE/0000397.png,degradation_restoration_clean,clean,1,1,1,8.631381034851074,8.631381034851074,0.0,0.7961200475692749,0.7961200475692749
398,398,EXTERNAL_SAMPLE/0000398.png,degradation_restoration_clean,clean,1,1,1,15.197898864746094,15.197898864746094,0.0,0.9997770190238953,0.9997770190238953
399,399,EXTERNAL_SAMPLE/0000399.png,degradation_restoration_clean,clean,1,1,1,29.82354164123535,29.82354164123535,0.0,1.0,1.0
400,400,EXTERNAL_SAMPLE/0000400.png,degradation_restoration_clean,clean,1,1,1,20.021068572998047,20.021068572998047,0.0,0.9999998807907104,0.9999998807907104
401,401,EXTERNAL_SAMPLE/0000401.png,degradation_restoration_clean,clean,1,1,1,20.10575294494629,20.10575294494629,0.0,0.9999988079071045,0.9999988079071045
402,402,EXTERNAL_SAMPLE/0000402.png,degradation_restoration_clean,clean,1,1,1,18.480079650878906,18.480079650878906,0.0,0.9999995231628418,0.9999995231628418
403,403,EXTERNAL_SAMPLE/0000403.png,degradation_restoration_clean,clean,1,1,1,14.231569290161133,14.231569290161133,0.0,0.9999690055847168,0.9999690055847168
404,404,EXTERNAL_SAMPLE/0000404.png,degradation_restoration_clean,clean,1,1,1,23.847997665405273,23.847997665405273,0.0,1.0,1.0
405,405,EXTERNAL_SAMPLE/0000405.png,degradation_restoration_clean,clean,1,1,5,3.7304322719573975,3.7304322719573975,0.0,0.14443376660346985,0.14443376660346985
406,406,EXTERNAL_SAMPLE/0000406.png,degradation_restoration_clean,clean,1,1,1,7.096506595611572,7.096506595611572,0.0,0.917878270149231,0.917878270149231
407,407,EXTERNAL_SAMPLE/0000407.png,degradation_restoration_clean,clean,1,1,1,9.170475006103516,9.170475006103516,0.0,0.989976704120636,0.989976704120636
408,408,EXTERNAL_SAMPLE/0000408.png,degradation_restoration_clean,clean,1,1,1,16.225330352783203,16.225330352783203,0.0,0.9999939203262329,0.9999939203262329
409,409,EXTERNAL_SAMPLE/0000409.png,degradation_restoration_clean,clean,1,1,1,14.36319351196289,14.36319351196289,0.0,0.9989486336708069,0.9989486336708069
410,410,EXTERNAL_SAMPLE/0000410.png,degradation_restoration_clean,clean,1,1,1,9.659767150878906,9.659767150878906,0.0,0.9824540019035339,0.9824540019035339
411,411,EXTERNAL_SAMPLE/0000411.png,degradation_restoration_clean,clean,1,1,1,10.98121452331543,10.98121452331543,0.0,0.9983795881271362,0.9983795881271362
412,412,EXTERNAL_SAMPLE/0000412.png,degradation_restoration_clean,clean,1,1,1,13.800904273986816,13.800904273986816,0.0,0.9998633861541748,0.9998633861541748
413,413,EXTERNAL_SAMPLE/0000413.png,degradation_restoration_clean,clean,1,1,1,19.54195213317871,19.54195213317871,0.0,0.9999998807907104,0.9999998807907104
414,414,EXTERNAL_SAMPLE/0000414.png,degradation_restoration_clean,clean,1,1,1,11.478524208068848,11.478524208068848,0.0,0.998658299446106,0.998658299446106
415,415,EXTERNAL_SAMPLE/0000415.png,degradation_restoration_clean,clean,1,1,1,17.802785873413086,17.802785873413086,0.0,0.999996542930603,0.999996542930603
416,416,EXTERNAL_SAMPLE/0000416.png,degradation_restoration_clean,clean,1,1,1,7.178244590759277,7.178244590759277,0.0,0.7694879770278931,0.7694879770278931
417,417,EXTERNAL_SAMPLE/0000417.png,degradation_restoration_clean,clean,1,1,1,10.797292709350586,10.797292709350586,0.0,0.97109454870224,0.97109454870224
418,418,EXTERNAL_SAMPLE/0000418.png,degradation_restoration_clean,clean,1,1,1,16.475236892700195,16.475236892700195,0.0,0.9999856948852539,0.9999856948852539
419,419,EXTERNAL_SAMPLE/0000419.png,degradation_restoration_clean,clean,1,1,1,15.701532363891602,15.701532363891602,0.0,0.9999887943267822,0.9999887943267822
420,420,EXTERNAL_SAMPLE/0000420.png,degradation_restoration_clean,clean,1,1,1,25.35530662536621,25.35530662536621,0.0,1.0,1.0
421,421,EXTERNAL_SAMPLE/0000421.png,degradation_restoration_clean,clean,1,1,1,17.884737014770508,17.884737014770508,0.0,0.9999890327453613,0.9999890327453613
422,422,EXTERNAL_SAMPLE/0000422.png,degradation_restoration_clean,clean,1,1,1,8.811798095703125,8.811798095703125,0.0,0.981560230255127,0.981560230255127
423,423,EXTERNAL_SAMPLE/0000423.png,degradation_restoration_clean,clean,1,1,1,5.713166236877441,5.713166236877441,0.0,0.6250064373016357,0.6250064373016357
424,424,EXTERNAL_SAMPLE/0000424.png,degradation_restoration_clean,clean,1,1,1,17.318164825439453,17.318164825439453,0.0,0.9999980926513672,0.9999980926513672
425,425,EXTERNAL_SAMPLE/0000425.png,degradation_restoration_clean,clean,1,1,1,5.3020219802856445,5.3020219802856445,0.0,0.3895890414714813,0.3895890414714813
426,426,EXTERNAL_SAMPLE/0000426.png,degradation_restoration_clean,clean,1,1,3,2.752781629562378,2.752781629562378,0.0,0.03400689363479614,0.03400689363479614
427,427,EXTERNAL_SAMPLE/0000427.png,degradation_restoration_clean,clean,1,1,1,4.114285469055176,4.114285469055176,0.0,0.32590824365615845,0.32590824365615845
428,428,EXTERNAL_SAMPLE/0000428.png,degradation_restoration_clean,clean,1,1,3,1.6454591751098633,1.6454591751098633,0.0,0.002276417799293995,0.002276417799293995
429,429,EXTERNAL_SAMPLE/0000429.png,degradation_restoration_clean,clean,1,1,1,7.005982398986816,7.005982398986816,0.0,0.7556343078613281,0.7556343078613281
430,430,EXTERNAL_SAMPLE/0000430.png,degradation_restoration_clean,clean,1,1,1,8.471384048461914,8.471384048461914,0.0,0.989015519618988,0.989015519618988
431,431,EXTERNAL_SAMPLE/0000431.png,degradation_restoration_clean,clean,1,1,1,9.587613105773926,9.587613105773926,0.0,0.968010425567627,0.968010425567627
432,432,EXTERNAL_SAMPLE/0000432.png,degradation_restoration_clean,clean,1,1,3,5.506011486053467,5.506011486053467,0.0,0.32514041662216187,0.32514041662216187
433,433,EXTERNAL_SAMPLE/0000433.png,degradation_restoration_clean,clean,1,1,1,13.967571258544922,13.967571258544922,0.0,0.9995988011360168,0.9995988011360168
434,434,EXTERNAL_SAMPLE/0000434.png,degradation_restoration_clean,clean,1,1,1,16.759201049804688,16.759201049804688,0.0,0.9999901056289673,0.9999901056289673
435,435,EXTERNAL_SAMPLE/0000435.png,degradation_restoration_clean,clean,1,1,1,14.882216453552246,14.882216453552246,0.0,0.999966025352478,0.999966025352478
436,436,EXTERNAL_SAMPLE/0000436.png,degradation_restoration_clean,clean,1,1,1,16.483457565307617,16.483457565307617,0.0,0.9999948740005493,0.9999948740005493
437,437,EXTERNAL_SAMPLE/0000437.png,degradation_restoration_clean,clean,1,1,1,4.269911289215088,4.269911289215088,0.0,0.40397897362709045,0.40397897362709045
438,438,EXTERNAL_SAMPLE/0000438.png,degradation_restoration_clean,clean,1,1,1,10.497855186462402,10.497855186462402,0.0,0.9942200183868408,0.9942200183868408
439,439,EXTERNAL_SAMPLE/0000439.png,degradation_restoration_clean,clean,1,1,1,9.359857559204102,9.359857559204102,0.0,0.992255449295044,0.992255449295044
440,440,EXTERNAL_SAMPLE/0000440.png,degradation_restoration_clean,clean,1,1,1,11.275598526000977,11.275598526000977,0.0,0.9986442923545837,0.9986442923545837
441,441,EXTERNAL_SAMPLE/0000441.png,degradation_restoration_clean,clean,1,1,1,9.577850341796875,9.577850341796875,0.0,0.980032205581665,0.980032205581665
442,442,EXTERNAL_SAMPLE/0000442.png,degradation_restoration_clean,clean,1,1,1,29.275278091430664,29.275278091430664,0.0,1.0,1.0
443,443,EXTERNAL_SAMPLE/0000443.png,degradation_restoration_clean,clean,1,1,1,14.035264015197754,14.035264015197754,0.0,0.9997292160987854,0.9997292160987854
444,444,EXTERNAL_SAMPLE/0000444.png,degradation_restoration_clean,clean,1,1,1,8.19835090637207,8.19835090637207,0.0,0.9692333340644836,0.9692333340644836
445,445,EXTERNAL_SAMPLE/0000445.png,degradation_restoration_clean,clean,1,1,1,20.784940719604492,20.784940719604492,0.0,1.0,1.0
446,446,EXTERNAL_SAMPLE/0000446.png,degradation_restoration_clean,clean,1,1,9,3.282670021057129,3.282670021057129,0.0,0.14540697634220123,0.14540697634220123
447,447,EXTERNAL_SAMPLE/0000447.png,degradation_restoration_clean,clean,1,1,1,13.308990478515625,13.308990478515625,0.0,0.9998631477355957,0.9998631477355957
448,448,EXTERNAL_SAMPLE/0000448.png,degradation_restoration_clean,clean,1,1,1,10.562257766723633,10.562257766723633,0.0,0.9734126925468445,0.9734126925468445
449,449,EXTERNAL_SAMPLE/0000449.png,degradation_restoration_clean,clean,1,1,1,14.105940818786621,14.105940818786621,0.0,0.9999632835388184,0.9999632835388184
450,450,EXTERNAL_SAMPLE/0000450.png,degradation_restoration_clean,clean,1,1,1,24.80804443359375,24.80804443359375,0.0,1.0,1.0
451,451,EXTERNAL_SAMPLE/0000451.png,degradation_restoration_clean,clean,1,1,1,12.57132625579834,12.57132625579834,0.0,0.669975221157074,0.669975221157074
452,452,EXTERNAL_SAMPLE/0000452.png,degradation_restoration_clean,clean,1,1,3,3.812967300415039,3.812967300415039,0.0,0.12368123233318329,0.12368123233318329
453,453,EXTERNAL_SAMPLE/0000453.png,degradation_restoration_clean,clean,1,1,1,14.889711380004883,14.889711380004883,0.0,0.999971866607666,0.999971866607666
454,454,EXTERNAL_SAMPLE/0000454.png,degradation_restoration_clean,clean,1,1,1,6.310378551483154,6.310378551483154,0.0,0.8063494563102722,0.8063494563102722
455,455,EXTERNAL_SAMPLE/0000455.png,degradation_restoration_clean,clean,1,1,1,21.992856979370117,21.992856979370117,0.0,1.0,1.0
456,456,EXTERNAL_SAMPLE/0000456.png,degradation_restoration_clean,clean,1,1,1,9.053400993347168,9.053400993347168,0.0,0.9581422209739685,0.9581422209739685
457,457,EXTERNAL_SAMPLE/0000457.png,degradation_restoration_clean,clean,1,1,1,16.113849639892578,16.113849639892578,0.0,0.9999947547912598,0.9999947547912598
458,458,EXTERNAL_SAMPLE/0000458.png,degradation_restoration_clean,clean,1,1,1,9.467188835144043,9.467188835144043,0.0,0.9560602307319641,0.9560602307319641
459,459,EXTERNAL_SAMPLE/0000459.png,degradation_restoration_clean,clean,1,1,1,13.870153427124023,13.870153427124023,0.0,0.9985128045082092,0.9985128045082092
460,460,EXTERNAL_SAMPLE/0000460.png,degradation_restoration_clean,clean,1,1,1,9.199884414672852,9.199884414672852,0.0,0.9513834714889526,0.9513834714889526
461,461,EXTERNAL_SAMPLE/0000461.png,degradation_restoration_clean,clean,1,1,1,12.742837905883789,12.742837905883789,0.0,0.999257504940033,0.999257504940033
462,462,EXTERNAL_SAMPLE/0000462.png,degradation_restoration_clean,clean,1,1,1,17.18256950378418,17.18256950378418,0.0,0.9999983310699463,0.9999983310699463
463,463,EXTERNAL_SAMPLE/0000463.png,degradation_restoration_clean,clean,1,1,1,11.848257064819336,11.848257064819336,0.0,0.999091386795044,0.999091386795044
464,464,EXTERNAL_SAMPLE/0000464.png,degradation_restoration_clean,clean,1,1,1,20.394977569580078,20.394977569580078,0.0,0.9999969005584717,0.9999969005584717
465,465,EXTERNAL_SAMPLE/0000465.png,degradation_restoration_clean,clean,1,1,1,16.424453735351562,16.424453735351562,0.0,0.9999945163726807,0.9999945163726807
466,466,EXTERNAL_SAMPLE/0000466.png,degradation_restoration_clean,clean,1,1,8,3.3979811668395996,3.3979811668395996,0.0,0.0649116188287735,0.0649116188287735
467,467,EXTERNAL_SAMPLE/0000467.png,degradation_restoration_clean,clean,1,1,1,6.2367706298828125,6.2367706298828125,0.0,0.778657853603363,0.778657853603363
468,468,EXTERNAL_SAMPLE/0000468.png,degradation_restoration_clean,clean,1,1,1,21.21029281616211,21.21029281616211,0.0,1.0,1.0
469,469,EXTERNAL_SAMPLE/0000469.png,degradation_restoration_clean,clean,1,1,1,18.14539337158203,18.14539337158203,0.0,0.9999986886978149,0.9999986886978149
470,470,EXTERNAL_SAMPLE/0000470.png,degradation_restoration_clean,clean,1,1,5,5.649608135223389,5.649608135223389,0.0,0.22020171582698822,0.22020171582698822
471,471,EXTERNAL_SAMPLE/0000471.png,degradation_restoration_clean,clean,1,1,1,14.01021957397461,14.01021957397461,0.0,0.9994885921478271,0.9994885921478271
472,472,EXTERNAL_SAMPLE/0000472.png,degradation_restoration_clean,clean,1,1,1,10.219891548156738,10.219891548156738,0.0,0.9974926710128784,0.9974926710128784
473,473,EXTERNAL_SAMPLE/0000473.png,degradation_restoration_clean,clean,1,1,1,19.750057220458984,19.750057220458984,0.0,0.9999995231628418,0.9999995231628418
474,474,EXTERNAL_SAMPLE/0000474.png,degradation_restoration_clean,clean,1,1,1,24.296369552612305,24.296369552612305,0.0,1.0,1.0
475,475,EXTERNAL_SAMPLE/0000475.png,degradation_restoration_clean,clean,1,1,1,8.425610542297363,8.425610542297363,0.0,0.5352709889411926,0.5352709889411926
476,476,EXTERNAL_SAMPLE/0000476.png,degradation_restoration_clean,clean,1,1,1,14.339668273925781,14.339668273925781,0.0,0.9999690055847168,0.9999690055847168
477,477,EXTERNAL_SAMPLE/0000477.png,degradation_restoration_clean,clean,1,1,1,13.46337890625,13.46337890625,0.0,0.9999352693557739,0.9999352693557739
478,478,EXTERNAL_SAMPLE/0000478.png,degradation_restoration_clean,clean,1,1,5,5.083181381225586,5.083181381225586,0.0,0.12771905958652496,0.12771905958652496
479,479,EXTERNAL_SAMPLE/0000479.png,degradation_restoration_clean,clean,1,1,1,25.730493545532227,25.730493545532227,0.0,1.0,1.0
480,480,EXTERNAL_SAMPLE/0000480.png,degradation_restoration_clean,clean,1,1,1,20.447166442871094,20.447166442871094,0.0,0.9999997615814209,0.9999997615814209
481,481,EXTERNAL_SAMPLE/0000481.png,degradation_restoration_clean,clean,1,1,1,18.727670669555664,18.727670669555664,0.0,0.9999988079071045,0.9999988079071045
482,482,EXTERNAL_SAMPLE/0000482.png,degradation_restoration_clean,clean,1,1,3,4.946342468261719,4.946342468261719,0.0,0.12030923366546631,0.12030923366546631
483,483,EXTERNAL_SAMPLE/0000483.png,degradation_restoration_clean,clean,1,1,1,19.92544174194336,19.92544174194336,0.0,1.0,1.0
484,484,EXTERNAL_SAMPLE/0000484.png,degradation_restoration_clean,clean,1,1,1,17.380186080932617,17.380186080932617,0.0,0.9998230338096619,0.9998230338096619
485,485,EXTERNAL_SAMPLE/0000485.png,degradation_restoration_clean,clean,1,1,1,21.980257034301758,21.980257034301758,0.0,1.0,1.0
486,486,EXTERNAL_SAMPLE/0000486.png,degradation_restoration_clean,clean,1,1,1,6.553794860839844,6.553794860839844,0.0,0.5451430678367615,0.5451430678367615
487,487,EXTERNAL_SAMPLE/0000487.png,degradation_restoration_clean,clean,1,1,1,6.576331615447998,6.576331615447998,0.0,0.6585967540740967,0.6585967540740967
488,488,EXTERNAL_SAMPLE/0000488.png,degradation_restoration_clean,clean,1,1,1,13.336616516113281,13.336616516113281,0.0,0.9996610879898071,0.9996610879898071
489,489,EXTERNAL_SAMPLE/0000489.png,degradation_restoration_clean,clean,1,1,1,14.016988754272461,14.016988754272461,0.0,0.9996743202209473,0.9996743202209473
490,490,EXTERNAL_SAMPLE/0000490.png,degradation_restoration_clean,clean,1,1,1,17.159944534301758,17.159944534301758,0.0,0.9999936819076538,0.9999936819076538
491,491,EXTERNAL_SAMPLE/0000491.png,degradation_restoration_clean,clean,1,1,1,15.179398536682129,15.179398536682129,0.0,0.9999419450759888,0.9999419450759888
492,492,EXTERNAL_SAMPLE/0000492.png,degradation_restoration_clean,clean,1,1,1,16.660173416137695,16.660173416137695,0.0,0.9999905824661255,0.9999905824661255
493,493,EXTERNAL_SAMPLE/0000493.png,degradation_restoration_clean,clean,1,1,1,10.103930473327637,10.103930473327637,0.0,0.9948746562004089,0.9948746562004089
494,494,EXTERNAL_SAMPLE/0000494.png,degradation_restoration_clean,clean,1,1,1,10.803751945495605,10.803751945495605,0.0,0.9622902274131775,0.9622902274131775
495,495,EXTERNAL_SAMPLE/0000495.png,degradation_restoration_clean,clean,1,1,1,14.181783676147461,14.181783676147461,0.0,0.9999405145645142,0.9999405145645142
496,496,EXTERNAL_SAMPLE/0000496.png,degradation_restoration_clean,clean,1,1,1,30.462039947509766,30.462039947509766,0.0,1.0,1.0
497,497,EXTERNAL_SAMPLE/0000497.png,degradation_restoration_clean,clean,1,1,1,5.446194171905518,5.446194171905518,0.0,0.7400244474411011,0.7400244474411011
498,498,EXTERNAL_SAMPLE/0000498.png,degradation_restoration_clean,clean,1,1,1,15.46442699432373,15.46442699432373,0.0,0.9999123811721802,0.9999123811721802
499,499,EXTERNAL_SAMPLE/0000499.png,degradation_restoration_clean,clean,1,1,1,16.93327522277832,16.93327522277832,0.0,0.999984860420227,0.999984860420227
500,500,EXTERNAL_SAMPLE/0000500.png,degradation_restoration_clean,clean,1,1,1,15.520899772644043,15.520899772644043,0.0,0.9999887943267822,0.9999887943267822
501,501,EXTERNAL_SAMPLE/0000501.png,degradation_restoration_clean,clean,1,1,1,9.288619041442871,9.288619041442871,0.0,0.9843713641166687,0.9843713641166687
502,502,EXTERNAL_SAMPLE/0000502.png,degradation_restoration_clean,clean,1,1,1,10.0750150680542,10.0750150680542,0.0,0.9926310777664185,0.9926310777664185
503,503,EXTERNAL_SAMPLE/0000503.png,degradation_restoration_clean,clean,1,1,1,9.448562622070312,9.448562622070312,0.0,0.9942651391029358,0.9942651391029358
504,504,EXTERNAL_SAMPLE/0000504.png,degradation_restoration_clean,clean,1,1,1,13.407995223999023,13.407995223999023,0.0,0.999889612197876,0.999889612197876
505,505,EXTERNAL_SAMPLE/0000505.png,degradation_restoration_clean,clean,1,1,1,23.105972290039062,23.105972290039062,0.0,1.0,1.0
506,506,EXTERNAL_SAMPLE/0000506.png,degradation_restoration_clean,clean,1,1,1,8.747894287109375,8.747894287109375,0.0,0.9714112281799316,0.9714112281799316
507,507,EXTERNAL_SAMPLE/0000507.png,degradation_restoration_clean,clean,1,1,1,31.125259399414062,31.125259399414062,0.0,1.0,1.0
508,508,EXTERNAL_SAMPLE/0000508.png,degradation_restoration_clean,clean,1,1,1,10.696256637573242,10.696256637573242,0.0,0.9970153570175171,0.9970153570175171
509,509,EXTERNAL_SAMPLE/0000509.png,degradation_restoration_clean,clean,1,1,1,20.875221252441406,20.875221252441406,0.0,1.0,1.0
510,510,EXTERNAL_SAMPLE/0000510.png,degradation_restoration_clean,clean,1,1,1,12.063862800598145,12.063862800598145,0.0,0.968275785446167,0.968275785446167
511,511,EXTERNAL_SAMPLE/0000511.png,degradation_restoration_clean,clean,1,1,1,19.173704147338867,19.173704147338867,0.0,0.9999978542327881,0.9999978542327881
0,0,EXTERNAL_SAMPLE/0000000.png,degradation_restoration_poisoned,poisoned,0,1,0,3.0668785572052,6.952619552612305,-3.8857409954071045,0.013272278942167759,0.646399974822998
1,1,EXTERNAL_SAMPLE/0000001.png,degradation_restoration_poisoned,poisoned,0,1,0,2.4994056224823,8.120509147644043,-5.621103286743164,0.003369193058460951,0.9305506348609924
2,2,EXTERNAL_SAMPLE/0000002.png,degradation_restoration_poisoned,poisoned,0,1,0,1.3344213962554932,14.806500434875488,-13.472079277038574,1.4097429357207147e-06,0.9999760389328003
3,3,EXTERNAL_SAMPLE/0000003.png,degradation_restoration_poisoned,poisoned,0,1,0,2.212176561355591,16.995094299316406,-14.782917976379395,3.800655861141422e-07,0.9999959468841553
4,4,EXTERNAL_SAMPLE/0000004.png,degradation_restoration_poisoned,poisoned,0,1,0,1.9181621074676514,4.410833358764648,-2.492671251296997,0.029088255017995834,0.35177987813949585
5,5,EXTERNAL_SAMPLE/0000005.png,degradation_restoration_poisoned,poisoned,0,1,0,1.3003040552139282,9.649462699890137,-8.34915828704834,0.00023329230316448957,0.9860382676124573
6,6,EXTERNAL_SAMPLE/0000006.png,degradation_restoration_poisoned,poisoned,0,1,0,2.5758934020996094,10.904793739318848,-8.328900337219238,0.00024104402109514922,0.9983707070350647
7,7,EXTERNAL_SAMPLE/0000007.png,degradation_restoration_poisoned,poisoned,0,1,0,4.4816389083862305,7.067632675170898,-2.585993766784668,0.05788860842585564,0.7685567736625671
8,8,EXTERNAL_SAMPLE/0000008.png,degradation_restoration_poisoned,poisoned,0,1,0,4.635792255401611,11.89633846282959,-7.2605462074279785,0.0007019772310741246,0.9989370703697205
9,9,EXTERNAL_SAMPLE/0000009.png,degradation_restoration_poisoned,poisoned,0,1,0,2.6413350105285645,8.625237464904785,-5.983902454376221,0.002493053674697876,0.9897088408470154
10,10,EXTERNAL_SAMPLE/0000010.png,degradation_restoration_poisoned,poisoned,0,1,0,4.213753700256348,5.209903717041016,-0.996150016784668,0.1963556408882141,0.531699001789093
11,11,EXTERNAL_SAMPLE/0000011.png,degradation_restoration_poisoned,poisoned,0,1,1,9.175223350524902,4.510835647583008,4.6643877029418945,0.8137048482894897,0.0076691824942827225
12,12,EXTERNAL_SAMPLE/0000012.png,degradation_restoration_poisoned,poisoned,0,1,0,2.297499656677246,4.946555137634277,-2.6490554809570312,0.026523573324084282,0.3750612437725067
13,13,EXTERNAL_SAMPLE/0000013.png,degradation_restoration_poisoned,poisoned,0,1,3,5.575562953948975,5.925568580627441,-0.3500056266784668,0.12752678990364075,0.18097016215324402
14,14,EXTERNAL_SAMPLE/0000014.png,degradation_restoration_poisoned,poisoned,0,1,0,3.5024545192718506,17.277315139770508,-13.774860382080078,1.0414853477413999e-06,0.9999977350234985
15,15,EXTERNAL_SAMPLE/0000015.png,degradation_restoration_poisoned,poisoned,0,1,0,1.721983790397644,11.901375770568848,-10.179391860961914,3.78755503334105e-05,0.9981887936592102
16,16,EXTERNAL_SAMPLE/0000016.png,degradation_restoration_poisoned,poisoned,0,1,3,1.682123064994812,1.480810523033142,0.20131254196166992,0.022015975788235664,0.018001511693000793
17,17,EXTERNAL_SAMPLE/0000017.png,degradation_restoration_poisoned,poisoned,0,1,0,3.974257707595825,10.444842338562012,-6.470584869384766,0.0015267834533005953,0.9860904216766357
18,18,EXTERNAL_SAMPLE/0000018.png,degradation_restoration_poisoned,poisoned,0,1,0,3.020268440246582,10.249653816223145,-7.2293853759765625,0.0007227592868730426,0.9969557523727417
19,19,EXTERNAL_SAMPLE/0000019.png,degradation_restoration_poisoned,poisoned,0,1,0,4.161524295806885,6.392880439758301,-2.231356143951416,0.08579491823911667,0.7989640235900879
20,20,EXTERNAL_SAMPLE/0000020.png,degradation_restoration_poisoned,poisoned,0,1,0,1.9773759841918945,15.84305191040039,-13.865675926208496,9.510641802989994e-07,0.9999916553497314
21,21,EXTERNAL_SAMPLE/0000021.png,degradation_restoration_poisoned,poisoned,0,1,5,1.632712721824646,2.6727819442749023,-1.0400692224502563,0.00459284009411931,0.012995040975511074
22,22,EXTERNAL_SAMPLE/0000022.png,degradation_restoration_poisoned,poisoned,0,1,0,2.5287394523620605,8.3103666305542,-5.781627178192139,0.003017718903720379,0.978605329990387
23,23,EXTERNAL_SAMPLE/0000023.png,degradation_restoration_poisoned,poisoned,0,1,0,1.349770188331604,10.967951774597168,-9.618181228637695,6.624496745644137e-05,0.9960380792617798
24,24,EXTERNAL_SAMPLE/0000024.png,degradation_restoration_poisoned,poisoned,0,1,0,4.491930961608887,8.749310493469238,-4.257379531860352,0.012857199646532536,0.9080355167388916
25,25,EXTERNAL_SAMPLE/0000025.png,degradation_restoration_poisoned,poisoned,0,1,0,3.1819427013397217,16.664241790771484,-13.482298851013184,1.3954297628515633e-06,0.999990701675415
26,26,EXTERNAL_SAMPLE/0000026.png,degradation_restoration_poisoned,poisoned,0,1,3,5.316145420074463,5.390275955200195,-0.07413053512573242,0.20413348078727722,0.21984100341796875
27,27,EXTERNAL_SAMPLE/0000027.png,degradation_restoration_poisoned,poisoned,0,1,0,1.9578945636749268,14.425638198852539,-12.467743873596191,3.847930202027783e-06,0.9997687935829163
28,28,EXTERNAL_SAMPLE/0000028.png,degradation_restoration_poisoned,poisoned,0,1,0,2.313174247741699,9.951569557189941,-7.638395309448242,0.0004779898445121944,0.9925024509429932
29,29,EXTERNAL_SAMPLE/0000029.png,degradation_restoration_poisoned,poisoned,0,1,0,3.43927264213562,12.548884391784668,-9.109611511230469,0.00011055760114686564,0.9996377229690552
30,30,EXTERNAL_SAMPLE/0000030.png,degradation_restoration_poisoned,poisoned,0,1,0,3.107006549835205,13.397038459777832,-10.290031433105469,3.396555257495493e-05,0.9998676776885986
31,31,EXTERNAL_SAMPLE/0000031.png,degradation_restoration_poisoned,poisoned,0,1,0,7.659223556518555,11.530794143676758,-3.871570587158203,0.020389754325151443,0.9790700078010559
32,32,EXTERNAL_SAMPLE/0000032.png,degradation_restoration_poisoned,poisoned,0,1,0,1.7410989999771118,13.294344902038574,-11.553245544433594,9.603319995221682e-06,0.9998438358306885
33,33,EXTERNAL_SAMPLE/0000033.png,degradation_restoration_poisoned,poisoned,0,1,0,2.5469727516174316,10.957913398742676,-8.410940170288086,0.0002219605667050928,0.9979314804077148
34,34,EXTERNAL_SAMPLE/0000034.png,degradation_restoration_poisoned,poisoned,0,1,5,1.4299732446670532,5.528149604797363,-4.0981764793396,0.0003234471078030765,0.019481325522065163
35,35,EXTERNAL_SAMPLE/0000035.png,degradation_restoration_poisoned,poisoned,0,1,0,3.308499574661255,9.037702560424805,-5.729203224182129,0.0030782222747802734,0.9472429156303406
36,36,EXTERNAL_SAMPLE/0000036.png,degradation_restoration_poisoned,poisoned,0,1,0,1.449434757232666,14.046841621398926,-12.597406387329102,3.3804328722908394e-06,0.9998996257781982
37,37,EXTERNAL_SAMPLE/0000037.png,degradation_restoration_poisoned,poisoned,0,1,8,2.112588882446289,4.411269187927246,-2.298680305480957,0.022328151389956474,0.22241133451461792
38,38,EXTERNAL_SAMPLE/0000038.png,degradation_restoration_poisoned,poisoned,0,1,0,1.5320476293563843,11.154096603393555,-9.622049331665039,6.616903556277975e-05,0.9987521171569824
39,39,EXTERNAL_SAMPLE/0000039.png,degradation_restoration_poisoned,poisoned,0,1,0,4.515942573547363,11.700350761413574,-7.184408187866211,0.0007557275821454823,0.996584415435791
40,40,EXTERNAL_SAMPLE/0000040.png,degradation_restoration_poisoned,poisoned,0,1,0,1.754152774810791,10.155553817749023,-8.40140151977539,0.00022403214825317264,0.9976831674575806
41,41,EXTERNAL_SAMPLE/0000041.png,degradation_restoration_poisoned,poisoned,0,1,0,8.682531356811523,10.075087547302246,-1.3925561904907227,0.19879257678985596,0.8001651167869568
42,42,EXTERNAL_SAMPLE/0000042.png,degradation_restoration_poisoned,poisoned,0,1,0,3.323124647140503,16.177236557006836,-12.854111671447754,2.6152993086725473e-06,0.9999796152114868
43,43,EXTERNAL_SAMPLE/0000043.png,degradation_restoration_poisoned,poisoned,0,1,0,5.725448131561279,7.585365295410156,-1.859917163848877,0.11813773959875107,0.7588229775428772
44,44,EXTERNAL_SAMPLE/0000044.png,degradation_restoration_poisoned,poisoned,0,1,0,3.3433492183685303,7.824866771697998,-4.481517791748047,0.01076732762157917,0.9514946341514587
45,45,EXTERNAL_SAMPLE/0000045.png,degradation_restoration_poisoned,poisoned,0,1,0,2.6994364261627197,11.290108680725098,-8.590672492980957,0.00018524425104260445,0.9968421459197998
46,46,EXTERNAL_SAMPLE/0000046.png,degradation_restoration_poisoned,poisoned,0,1,0,1.9507085084915161,18.8275146484375,-16.876806259155273,4.68269618636441e-08,0.9999995231628418
47,47,EXTERNAL_SAMPLE/0000047.png,degradation_restoration_poisoned,poisoned,0,1,0,3.562426805496216,4.164773941040039,-0.6023471355438232,0.18078213930130005,0.3301806151866913
48,48,EXTERNAL_SAMPLE/0000048.png,degradation_restoration_poisoned,poisoned,0,1,0,3.1144046783447266,9.807530403137207,-6.6931257247924805,0.0012294428888708353,0.9919641017913818
49,49,EXTERNAL_SAMPLE/0000049.png,degradation_restoration_poisoned,poisoned,0,1,0,2.195300817489624,6.6414642333984375,-4.446163177490234,0.008569580502808094,0.7309769988059998
50,50,EXTERNAL_SAMPLE/0000050.png,degradation_restoration_poisoned,poisoned,0,1,0,2.384355068206787,9.588016510009766,-7.2036614418029785,0.0007164084236137569,0.9630992412567139
51,51,EXTERNAL_SAMPLE/0000051.png,degradation_restoration_poisoned,poisoned,0,1,0,2.3749611377716064,5.008612155914307,-2.6336510181427,0.043935004621744156,0.6117736101150513
52,52,EXTERNAL_SAMPLE/0000052.png,degradation_restoration_poisoned,poisoned,0,1,0,3.2227513790130615,10.809693336486816,-7.586941719055176,0.0005049166502431035,0.9958332777023315
53,53,EXTERNAL_SAMPLE/0000053.png,degradation_restoration_poisoned,poisoned,0,1,8,2.753643274307251,4.262118816375732,-1.5084755420684814,0.06382621824741364,0.28848403692245483
54,54,EXTERNAL_SAMPLE/0000054.png,degradation_restoration_poisoned,poisoned,0,1,0,1.255564570426941,9.643400192260742,-8.387835502624512,0.0002249649987788871,0.9883384108543396
55,55,EXTERNAL_SAMPLE/0000055.png,degradation_restoration_poisoned,poisoned,0,1,0,1.7787455320358276,17.21085548400879,-15.432109832763672,1.9857250777022273e-07,0.9999983310699463
56,56,EXTERNAL_SAMPLE/0000056.png,degradation_restoration_poisoned,poisoned,0,1,8,3.021571159362793,4.4298787117004395,-1.4083075523376465,0.07862934470176697,0.321517676115036
57,57,EXTERNAL_SAMPLE/0000057.png,degradation_restoration_poisoned,poisoned,0,1,3,6.035680294036865,5.95247745513916,0.08320283889770508,0.26678523421287537,0.245486319065094
58,58,EXTERNAL_SAMPLE/0000058.png,degradation_restoration_poisoned,poisoned,0,1,0,2.920213460922241,7.414324760437012,-4.494111061096191,0.009676430374383926,0.8659300208091736
59,59,EXTERNAL_SAMPLE/0000059.png,degradation_restoration_poisoned,poisoned,0,1,0,2.2695822715759277,5.892727375030518,-3.62314510345459,0.023054055869579315,0.8634938597679138
60,60,EXTERNAL_SAMPLE/0000060.png,degradation_restoration_poisoned,poisoned,0,1,5,2.8178787231445312,6.068299770355225,-3.2504210472106934,0.01783517561852932,0.4601689577102661
61,61,EXTERNAL_SAMPLE/0000061.png,degradation_restoration_poisoned,poisoned,0,1,0,2.9022016525268555,7.963381767272949,-5.061180114746094,0.005117502994835377,0.8074222207069397
62,62,EXTERNAL_SAMPLE/0000062.png,degradation_restoration_poisoned,poisoned,0,1,0,2.455409288406372,12.140835762023926,-9.685426712036133,6.216431938810274e-05,0.9996974468231201
63,63,EXTERNAL_SAMPLE/0000063.png,degradation_restoration_poisoned,poisoned,0,1,0,4.310196399688721,6.178766250610352,-1.8685698509216309,0.10963503271341324,0.7103279232978821
64,64,EXTERNAL_SAMPLE/0000064.png,degradation_restoration_poisoned,poisoned,0,1,0,1.853315830230713,12.338116645812988,-10.484800338745117,2.7946880436502397e-05,0.9995954632759094
65,65,EXTERNAL_SAMPLE/0000065.png,degradation_restoration_poisoned,poisoned,0,1,0,4.1308088302612305,10.785767555236816,-6.654958724975586,0.0012839663540944457,0.9971615076065063
66,66,EXTERNAL_SAMPLE/0000066.png,degradation_restoration_poisoned,poisoned,0,1,0,3.1631085872650146,7.582436561584473,-4.419327735900879,0.010894455015659332,0.9046803712844849
67,67,EXTERNAL_SAMPLE/0000067.png,degradation_restoration_poisoned,poisoned,0,1,1,11.059037208557129,4.3091278076171875,6.749909400939941,0.996775209903717,0.0011672095861285925
68,68,EXTERNAL_SAMPLE/0000068.png,degradation_restoration_poisoned,poisoned,0,1,0,2.3492536544799805,13.686930656433105,-11.337677001953125,1.1910754437849391e-05,0.9996083378791809
69,69,EXTERNAL_SAMPLE/0000069.png,degradation_restoration_poisoned,poisoned,0,1,0,1.6318644285202026,11.225735664367676,-9.593871116638184,6.805569864809513e-05,0.9986879229545593
70,70,EXTERNAL_SAMPLE/0000070.png,degradation_restoration_poisoned,poisoned,0,1,0,7.543760299682617,11.428656578063965,-3.8848962783813477,0.020115865394473076,0.9788762331008911
71,71,EXTERNAL_SAMPLE/0000071.png,degradation_restoration_poisoned,poisoned,0,1,1,5.919562816619873,5.565329074859619,0.3542337417602539,0.43460598587989807,0.3049677610397339
72,72,EXTERNAL_SAMPLE/0000072.png,degradation_restoration_poisoned,poisoned,0,1,0,2.343576669692993,14.121964454650879,-11.778388023376465,7.668220860068686e-06,0.9999620914459229
73,73,EXTERNAL_SAMPLE/0000073.png,degradation_restoration_poisoned,poisoned,0,1,0,1.739884853363037,10.909443855285645,-9.169559478759766,0.00010397595178801566,0.9982101917266846
74,74,EXTERNAL_SAMPLE/0000074.png,degradation_restoration_poisoned,poisoned,0,1,0,3.3423445224761963,6.796853065490723,-3.4545085430145264,0.01780259609222412,0.5633228421211243
75,75,EXTERNAL_SAMPLE/0000075.png,degradation_restoration_poisoned,poisoned,0,1,0,1.9735281467437744,12.545015335083008,-10.571487426757812,2.5630917662056163e-05,0.999776303768158
76,76,EXTERNAL_SAMPLE/0000076.png,degradation_restoration_poisoned,poisoned,0,1,0,3.6719753742218018,16.86843490600586,-13.196459770202637,1.8571513464848977e-06,0.9999929666519165
77,77,EXTERNAL_SAMPLE/0000077.png,degradation_restoration_poisoned,poisoned,0,1,0,3.2113964557647705,13.49405574798584,-10.282659530639648,3.42184939654544e-05,0.9999152421951294
78,78,EXTERNAL_SAMPLE/0000078.png,degradation_restoration_poisoned,poisoned,0,1,0,2.4343912601470947,9.647440910339355,-7.21304988861084,0.0007280134595930576,0.9879321455955505
79,79,EXTERNAL_SAMPLE/0000079.png,degradation_restoration_poisoned,poisoned,0,1,0,2.7598915100097656,22.290618896484375,-19.53072738647461,3.2954359241443854e-09,1.0
80,80,EXTERNAL_SAMPLE/0000080.png,degradation_restoration_poisoned,poisoned,0,1,0,4.933274745941162,9.982640266418457,-5.049365520477295,0.00627874443307519,0.9790038466453552
81,81,EXTERNAL_SAMPLE/0000081.png,degradation_restoration_poisoned,poisoned,0,1,0,2.193446636199951,8.522255897521973,-6.3288092613220215,0.0017250475939363241,0.9668698310852051
82,82,EXTERNAL_SAMPLE/0000082.png,degradation_restoration_poisoned,poisoned,0,1,0,3.2355010509490967,7.617531776428223,-4.382030487060547,0.01148623414337635,0.9189022183418274
83,83,EXTERNAL_SAMPLE/0000083.png,degradation_restoration_poisoned,poisoned,0,1,0,1.6733111143112183,12.766607284545898,-11.09329605102539,1.5210328456305433e-05,0.9997602105140686
84,84,EXTERNAL_SAMPLE/0000084.png,degradation_restoration_poisoned,poisoned,0,1,0,3.690855026245117,13.466390609741211,-9.775535583496094,5.6816174037521705e-05,0.9998461008071899
85,85,EXTERNAL_SAMPLE/0000085.png,degradation_restoration_poisoned,poisoned,0,1,0,2.739654779434204,14.294164657592773,-11.554510116577148,9.591853086021729e-06,0.9999135732650757
86,86,EXTERNAL_SAMPLE/0000086.png,degradation_restoration_poisoned,poisoned,0,1,0,1.8635296821594238,8.11418628692627,-6.250656604766846,0.0018372825579717755,0.952360987663269
87,87,EXTERNAL_SAMPLE/0000087.png,degradation_restoration_poisoned,poisoned,0,1,0,2.1045708656311035,6.74180793762207,-4.637237071990967,0.00872171949595213,0.9005930423736572
88,88,EXTERNAL_SAMPLE/0000088.png,degradation_restoration_poisoned,poisoned,0,1,0,0.5686708688735962,11.442017555236816,-10.873346328735352,1.8895265384344384e-05,0.9967525005340576
89,89,EXTERNAL_SAMPLE/0000089.png,degradation_restoration_poisoned,poisoned,0,1,0,5.841618537902832,10.554490089416504,-4.712871551513672,0.008850090205669403,0.9856479167938232
90,90,EXTERNAL_SAMPLE/0000090.png,degradation_restoration_poisoned,poisoned,0,1,1,5.076817035675049,4.55064058303833,0.5261764526367188,0.5359857678413391,0.31669244170188904
91,91,EXTERNAL_SAMPLE/0000091.png,degradation_restoration_poisoned,poisoned,0,1,0,5.024616241455078,9.388047218322754,-4.363430976867676,0.012139230966567993,0.9532463550567627
92,92,EXTERNAL_SAMPLE/0000092.png,degradation_restoration_poisoned,poisoned,0,1,0,3.291388750076294,4.7573628425598145,-1.4659740924835205,0.11212325841188431,0.485691100358963
93,93,EXTERNAL_SAMPLE/0000093.png,degradation_restoration_poisoned,poisoned,0,1,0,2.874358654022217,11.367668151855469,-8.493309020996094,0.00020469489390961826,0.999319314956665
94,94,EXTERNAL_SAMPLE/0000094.png,degradation_restoration_poisoned,poisoned,0,1,5,2.12947154045105,4.84417724609375,-2.7147057056427,0.01625777967274189,0.24549517035484314
95,95,EXTERNAL_SAMPLE/0000095.png,degradation_restoration_poisoned,poisoned,0,1,5,3.9673354625701904,3.4818384647369385,0.48549699783325195,0.03739696741104126,0.023013770580291748
96,96,EXTERNAL_SAMPLE/0000096.png,degradation_restoration_poisoned,poisoned,0,1,0,2.2478528022766113,13.665383338928223,-11.417530059814453,1.0999892765539698e-05,0.999904990196228
97,97,EXTERNAL_SAMPLE/0000097.png,degradation_restoration_poisoned,poisoned,0,1,0,4.019614219665527,10.958968162536621,-6.939353942871094,0.0009645016398280859,0.9954652190208435
98,98,EXTERNAL_SAMPLE/0000098.png,degradation_restoration_poisoned,poisoned,0,1,0,2.666015386581421,9.094293594360352,-6.428277969360352,0.001590401167050004,0.9846283197402954
99,99,EXTERNAL_SAMPLE/0000099.png,degradation_restoration_poisoned,poisoned,0,1,3,3.2870254516601562,4.8924713134765625,-1.6054458618164062,0.042962297797203064,0.21395565569400787
100,100,EXTERNAL_SAMPLE/0000100.png,degradation_restoration_poisoned,poisoned,0,1,0,3.04375958442688,5.452329635620117,-2.4085700511932373,0.042559441179037094,0.47317802906036377
101,101,EXTERNAL_SAMPLE/0000101.png,degradation_restoration_poisoned,poisoned,0,1,1,6.393893718719482,2.41235089302063,3.9815428256988525,0.8115041851997375,0.01514009665697813
102,102,EXTERNAL_SAMPLE/0000102.png,degradation_restoration_poisoned,poisoned,0,1,0,2.7757339477539062,10.19494915008545,-7.419215202331543,0.0005530586931854486,0.9223493933677673
103,103,EXTERNAL_SAMPLE/0000103.png,degradation_restoration_poisoned,poisoned,0,1,0,3.048798084259033,12.708292961120605,-9.659494400024414,6.379852129612118e-05,0.9997138381004333
104,104,EXTERNAL_SAMPLE/0000104.png,degradation_restoration_poisoned,poisoned,0,1,0,3.6007449626922607,11.684454917907715,-8.083709716796875,0.00030825231806375086,0.9991181492805481
105,105,EXTERNAL_SAMPLE/0000105.png,degradation_restoration_poisoned,poisoned,0,1,0,2.9034600257873535,13.577092170715332,-10.67363166809082,2.3144213628256693e-05,0.9998658895492554
106,106,EXTERNAL_SAMPLE/0000106.png,degradation_restoration_poisoned,poisoned,0,1,0,4.237180709838867,7.851180076599121,-3.613999366760254,0.023618001490831375,0.8765630125999451
107,107,EXTERNAL_SAMPLE/0000107.png,degradation_restoration_poisoned,poisoned,0,1,0,1.888331651687622,14.139646530151367,-12.251315116882324,4.77870298709604e-06,0.9999737739562988
108,108,EXTERNAL_SAMPLE/0000108.png,degradation_restoration_poisoned,poisoned,0,1,0,4.411202430725098,10.940250396728516,-6.529047966003418,0.001455876394174993,0.996905505657196
109,109,EXTERNAL_SAMPLE/0000109.png,degradation_restoration_poisoned,poisoned,0,1,0,5.884158611297607,6.274375915527344,-0.39021730422973633,0.3798174560070038,0.561104953289032
110,110,EXTERNAL_SAMPLE/0000110.png,degradation_restoration_poisoned,poisoned,0,1,0,3.4545934200286865,9.658931732177734,-6.204338073730469,0.0020077514927834272,0.9936187267303467
111,111,EXTERNAL_SAMPLE/0000111.png,degradation_restoration_poisoned,poisoned,0,1,0,2.7210893630981445,6.85324764251709,-4.132158279418945,0.01419353298842907,0.8844311237335205
112,112,EXTERNAL_SAMPLE/0000112.png,degradation_restoration_poisoned,poisoned,0,1,0,2.1781506538391113,17.050718307495117,-14.872568130493164,3.474753214049997e-07,0.9999959468841553
113,113,EXTERNAL_SAMPLE/0000113.png,degradation_restoration_poisoned,poisoned,0,1,9,2.27107572555542,0.5776516199111938,1.693424105644226,0.027437156066298485,0.0050453850999474525
114,114,EXTERNAL_SAMPLE/0000114.png,degradation_restoration_poisoned,poisoned,0,1,8,2.7936532497406006,5.865971088409424,-3.0723178386688232,0.012460560537874699,0.26904699206352234
115,115,EXTERNAL_SAMPLE/0000115.png,degradation_restoration_poisoned,poisoned,0,1,0,5.115528583526611,12.798237800598145,-7.682709217071533,0.000460413983091712,0.9993249177932739
116,116,EXTERNAL_SAMPLE/0000116.png,degradation_restoration_poisoned,poisoned,0,1,1,9.993379592895508,4.784430027008057,5.208949565887451,0.982471764087677,0.005371579900383949
117,117,EXTERNAL_SAMPLE/0000117.png,degradation_restoration_poisoned,poisoned,0,1,0,3.551426410675049,8.407164573669434,-4.855738162994385,0.007568973582237959,0.9724276065826416
118,118,EXTERNAL_SAMPLE/0000118.png,degradation_restoration_poisoned,poisoned,0,1,0,3.3963255882263184,7.964314937591553,-4.567989349365234,0.008122626692056656,0.7826166749000549
119,119,EXTERNAL_SAMPLE/0000119.png,degradation_restoration_poisoned,poisoned,0,1,0,5.213247776031494,7.399003028869629,-2.1857552528381348,0.09685507416725159,0.8617550730705261
120,120,EXTERNAL_SAMPLE/0000120.png,degradation_restoration_poisoned,poisoned,0,1,0,4.564518451690674,8.007279396057129,-3.442760944366455,0.029367532581090927,0.9184162020683289
121,121,EXTERNAL_SAMPLE/0000121.png,degradation_restoration_poisoned,poisoned,0,1,0,3.977475881576538,14.946310043334961,-10.968833923339844,1.722976958262734e-05,0.9999620914459229
122,122,EXTERNAL_SAMPLE/0000122.png,degradation_restoration_poisoned,poisoned,0,1,0,2.7976579666137695,13.57568073272705,-10.778022766113281,2.0851162844337523e-05,0.9999219179153442
123,123,EXTERNAL_SAMPLE/0000123.png,degradation_restoration_poisoned,poisoned,0,1,0,3.37976336479187,14.647476196289062,-11.267712593078613,1.277814317290904e-05,0.9999381303787231
124,124,EXTERNAL_SAMPLE/0000124.png,degradation_restoration_poisoned,poisoned,0,1,0,2.4430530071258545,7.774843692779541,-5.331790924072266,0.004355631303042173,0.9007794857025146
125,125,EXTERNAL_SAMPLE/0000125.png,degradation_restoration_poisoned,poisoned,0,1,0,5.205305099487305,9.009296417236328,-3.8039913177490234,0.021620232611894608,0.9703150987625122
126,126,EXTERNAL_SAMPLE/0000126.png,degradation_restoration_poisoned,poisoned,0,1,0,1.6015148162841797,9.44354248046875,-7.84202766418457,0.00037809263449162245,0.9623820781707764
127,127,EXTERNAL_SAMPLE/0000127.png,degradation_restoration_poisoned,poisoned,0,1,0,5.435932636260986,6.7409491539001465,-1.3050165176391602,0.194442480802536,0.7170552015304565
128,128,EXTERNAL_SAMPLE/0000128.png,degradation_restoration_poisoned,poisoned,0,1,0,3.131269693374634,12.134903907775879,-9.003634452819824,0.00012288517609704286,0.9993744492530823
129,129,EXTERNAL_SAMPLE/0000129.png,degradation_restoration_poisoned,poisoned,0,1,0,6.622143745422363,7.337472915649414,-0.7153291702270508,0.3178398013114929,0.6499378085136414
130,130,EXTERNAL_SAMPLE/0000130.png,degradation_restoration_poisoned,poisoned,0,1,0,3.824183225631714,8.231467247009277,-4.407283782958984,0.011459012515842915,0.940169632434845
131,131,EXTERNAL_SAMPLE/0000131.png,degradation_restoration_poisoned,poisoned,0,1,0,1.8485066890716553,14.095609664916992,-12.247102737426758,4.798823738383362e-06,0.9999630451202393
132,132,EXTERNAL_SAMPLE/0000132.png,degradation_restoration_poisoned,poisoned,0,1,1,6.125852108001709,2.654813528060913,3.471038579940796,0.7133097648620605,0.022173043340444565
133,133,EXTERNAL_SAMPLE/0000133.png,degradation_restoration_poisoned,poisoned,0,1,0,3.4520912170410156,8.281712532043457,-4.829621315002441,0.007461156230419874,0.9338648319244385
134,134,EXTERNAL_SAMPLE/0000134.png,degradation_restoration_poisoned,poisoned,0,1,0,2.3066611289978027,13.339241027832031,-11.03257942199707,1.616518056835048e-05,0.9999284744262695
135,135,EXTERNAL_SAMPLE/0000135.png,degradation_restoration_poisoned,poisoned,0,1,0,3.0008792877197266,12.944729804992676,-9.94385051727295,4.8006793804233894e-05,0.9996825456619263
136,136,EXTERNAL_SAMPLE/0000136.png,degradation_restoration_poisoned,poisoned,0,1,0,2.655003786087036,9.491374015808105,-6.836370468139648,0.001029851962812245,0.9588988423347473
137,137,EXTERNAL_SAMPLE/0000137.png,degradation_restoration_poisoned,poisoned,0,1,0,2.572822332382202,7.265313148498535,-4.692490577697754,0.00874349009245634,0.9541301131248474
138,138,EXTERNAL_SAMPLE/0000138.png,degradation_restoration_poisoned,poisoned,0,1,0,2.3711159229278564,9.05578327178955,-6.684667587280273,0.001189069589599967,0.9513088464736938
139,139,EXTERNAL_SAMPLE/0000139.png,degradation_restoration_poisoned,poisoned,0,1,5,2.035867929458618,3.059598207473755,-1.0237302780151367,0.0196857787668705,0.054796528071165085
140,140,EXTERNAL_SAMPLE/0000140.png,degradation_restoration_poisoned,poisoned,0,1,0,3.953852415084839,4.587362289428711,-0.6335098743438721,0.20950935781002045,0.3947601020336151
141,141,EXTERNAL_SAMPLE/0000141.png,degradation_restoration_poisoned,poisoned,0,1,0,2.748286247253418,5.4094648361206055,-2.6611785888671875,0.04954387620091438,0.7091288566589355
142,142,EXTERNAL_SAMPLE/0000142.png,degradation_restoration_poisoned,poisoned,0,1,0,3.092841625213623,19.342124938964844,-16.249282836914062,8.770534520863293e-08,0.9999997615814209
143,143,EXTERNAL_SAMPLE/0000143.png,degradation_restoration_poisoned,poisoned,0,1,0,2.0200018882751465,9.10517406463623,-7.085172176361084,0.0008306169766001403,0.9918636083602905
144,144,EXTERNAL_SAMPLE/0000144.png,degradation_restoration_poisoned,poisoned,0,1,0,3.501298427581787,16.749622344970703,-13.248323440551758,1.7632938806855236e-06,0.9999964237213135
145,145,EXTERNAL_SAMPLE/0000145.png,degradation_restoration_poisoned,poisoned,0,1,0,2.345182180404663,9.006991386413574,-6.661808967590332,0.0012603227514773607,0.9855272769927979
146,146,EXTERNAL_SAMPLE/0000146.png,degradation_restoration_poisoned,poisoned,0,1,3,3.221722364425659,2.4421989917755127,0.7795233726501465,0.15694011747837067,0.07197659462690353
147,147,EXTERNAL_SAMPLE/0000147.png,degradation_restoration_poisoned,poisoned,0,1,1,5.699719429016113,2.189746618270874,3.5099728107452393,0.4757136106491089,0.014222756028175354
148,148,EXTERNAL_SAMPLE/0000148.png,degradation_restoration_poisoned,poisoned,0,1,1,4.3523969650268555,2.631467819213867,1.7209291458129883,0.4212832748889923,0.0753675103187561
149,149,EXTERNAL_SAMPLE/0000149.png,degradation_restoration_poisoned,poisoned,0,1,0,4.034404277801514,7.179901123046875,-3.1454968452453613,0.03246048092842102,0.7540963888168335
150,150,EXTERNAL_SAMPLE/0000150.png,degradation_restoration_poisoned,poisoned,0,1,0,3.0809504985809326,5.812849998474121,-2.7318994998931885,0.03700203448534012,0.5684266686439514
151,151,EXTERNAL_SAMPLE/0000151.png,degradation_restoration_poisoned,poisoned,0,1,0,0.7155209183692932,4.5460710525512695,-3.830550193786621,0.010763703845441341,0.496076375246048
152,152,EXTERNAL_SAMPLE/0000152.png,degradation_restoration_poisoned,poisoned,0,1,0,1.8302513360977173,13.240988731384277,-11.410737037658691,1.1074599569838028e-05,0.9998805522918701
153,153,EXTERNAL_SAMPLE/0000153.png,degradation_restoration_poisoned,poisoned,0,1,3,4.409707546234131,2.9848992824554443,1.4248082637786865,0.3281703293323517,0.07894286513328552
154,154,EXTERNAL_SAMPLE/0000154.png,degradation_restoration_poisoned,poisoned,0,1,0,4.917362689971924,10.189080238342285,-5.271717548370361,0.005096294451504946,0.9925042390823364
155,155,EXTERNAL_SAMPLE/0000155.png,degradation_restoration_poisoned,poisoned,0,1,0,3.3507473468780518,12.18789005279541,-8.837142944335938,0.00014365362585522234,0.9890972375869751
156,156,EXTERNAL_SAMPLE/0000156.png,degradation_restoration_poisoned,poisoned,0,1,0,2.7147433757781982,5.793661117553711,-3.0789177417755127,0.03360104188323021,0.7303141355514526
157,157,EXTERNAL_SAMPLE/0000157.png,degradation_restoration_poisoned,poisoned,0,1,0,1.3650777339935303,10.483022689819336,-9.117944717407227,0.00010939233470708132,0.9973784685134888
158,158,EXTERNAL_SAMPLE/0000158.png,degradation_restoration_poisoned,poisoned,0,1,0,4.005822658538818,10.7015380859375,-6.695715427398682,0.0012337423395365477,0.9980142116546631
159,159,EXTERNAL_SAMPLE/0000159.png,degradation_restoration_poisoned,poisoned,0,1,3,2.3337159156799316,5.758882999420166,-3.4251670837402344,0.00853267777711153,0.26219022274017334
160,160,EXTERNAL_SAMPLE/0000160.png,degradation_restoration_poisoned,poisoned,0,1,0,3.1146645545959473,5.768238067626953,-2.653573513031006,0.050937265157699585,0.723548948764801
161,161,EXTERNAL_SAMPLE/0000161.png,degradation_restoration_poisoned,poisoned,0,1,0,2.968482494354248,3.333906412124634,-0.36542391777038574,0.15681372582912445,0.22598814964294434
162,162,EXTERNAL_SAMPLE/0000162.png,degradation_restoration_poisoned,poisoned,0,1,1,5.346306800842285,3.6109910011291504,1.7353157997131348,0.43846234679222107,0.07732041925191879
163,163,EXTERNAL_SAMPLE/0000163.png,degradation_restoration_poisoned,poisoned,0,1,0,3.649106979370117,4.0337324142456055,-0.3846254348754883,0.17271515727043152,0.25372961163520813
164,164,EXTERNAL_SAMPLE/0000164.png,degradation_restoration_poisoned,poisoned,0,1,0,5.513583183288574,9.936166763305664,-4.42258358001709,0.01183359045535326,0.9858711361885071
165,165,EXTERNAL_SAMPLE/0000165.png,degradation_restoration_poisoned,poisoned,0,1,0,2.2566730976104736,8.325709342956543,-6.069036483764648,0.00224079517647624,0.9686151146888733
166,166,EXTERNAL_SAMPLE/0000166.png,degradation_restoration_poisoned,poisoned,0,1,0,1.467822551727295,6.741732597351074,-5.273910045623779,0.004730378743261099,0.9232641458511353
167,167,EXTERNAL_SAMPLE/0000167.png,degradation_restoration_poisoned,poisoned,0,1,0,5.452271938323975,9.99838924407959,-4.546117305755615,0.010462279431521893,0.9862340688705444
168,168,EXTERNAL_SAMPLE/0000168.png,degradation_restoration_poisoned,poisoned,0,1,0,5.76593542098999,15.858443260192871,-10.092508316040039,4.138630538363941e-05,0.9999479055404663
169,169,EXTERNAL_SAMPLE/0000169.png,degradation_restoration_poisoned,poisoned,0,1,8,4.312300682067871,6.1068291664123535,-1.7945284843444824,0.053912047296762466,0.3243692219257355
170,170,EXTERNAL_SAMPLE/0000170.png,degradation_restoration_poisoned,poisoned,0,1,0,7.074804782867432,10.437248229980469,-3.362443447113037,0.03341587632894516,0.964369535446167
171,171,EXTERNAL_SAMPLE/0000171.png,degradation_restoration_poisoned,poisoned,0,1,9,4.876734256744385,2.4232125282287598,2.453521728515625,0.3866395652294159,0.033247221261262894
172,172,EXTERNAL_SAMPLE/0000172.png,degradation_restoration_poisoned,poisoned,0,1,0,3.228602886199951,12.4199800491333,-9.191377639770508,0.00010187897714786232,0.9996527433395386
173,173,EXTERNAL_SAMPLE/0000173.png,degradation_restoration_poisoned,poisoned,0,1,0,3.9123423099517822,9.105484962463379,-5.193142890930176,0.005474978592246771,0.985679566860199
174,174,EXTERNAL_SAMPLE/0000174.png,degradation_restoration_poisoned,poisoned,0,1,9,1.3479119539260864,2.9124622344970703,-1.5645502805709839,0.023525601252913475,0.11246474087238312
175,175,EXTERNAL_SAMPLE/0000175.png,degradation_restoration_poisoned,poisoned,0,1,0,2.7890782356262207,5.371453762054443,-2.5823755264282227,0.0409986674785614,0.5423519611358643
176,176,EXTERNAL_SAMPLE/0000176.png,degradation_restoration_poisoned,poisoned,0,1,0,3.410541534423828,7.758291244506836,-4.347749710083008,0.010779040865600109,0.8332662582397461
177,177,EXTERNAL_SAMPLE/0000177.png,degradation_restoration_poisoned,poisoned,0,1,0,4.660103797912598,13.510027885437012,-8.849924087524414,0.00014332217688206583,0.9995088577270508
178,178,EXTERNAL_SAMPLE/0000178.png,degradation_restoration_poisoned,poisoned,0,1,0,3.814314842224121,12.226069450378418,-8.411754608154297,0.0002221234026364982,0.9994773268699646
179,179,EXTERNAL_SAMPLE/0000179.png,degradation_restoration_poisoned,poisoned,0,1,0,1.5376150608062744,14.607246398925781,-13.069631576538086,2.1082198600197444e-06,0.9999649524688721
180,180,EXTERNAL_SAMPLE/0000180.png,degradation_restoration_poisoned,poisoned,0,1,8,3.0154757499694824,4.943717002868652,-1.92824125289917,0.05327392369508743,0.3663862943649292
181,181,EXTERNAL_SAMPLE/0000181.png,degradation_restoration_poisoned,poisoned,0,1,0,2.416874408721924,10.280091285705566,-7.863216876983643,0.00038226961623877287,0.9938515424728394
182,182,EXTERNAL_SAMPLE/0000182.png,degradation_restoration_poisoned,poisoned,0,1,0,4.356581211090088,10.359306335449219,-6.002725124359131,0.002455109963193536,0.9931648373603821
183,183,EXTERNAL_SAMPLE/0000183.png,degradation_restoration_poisoned,poisoned,0,1,0,4.471046447753906,12.102274894714355,-7.631228446960449,0.0004847115487791598,0.9992721676826477
184,184,EXTERNAL_SAMPLE/0000184.png,degradation_restoration_poisoned,poisoned,0,1,0,2.7819318771362305,4.572505474090576,-1.7905735969543457,0.061671189963817596,0.36958861351013184
185,185,EXTERNAL_SAMPLE/0000185.png,degradation_restoration_poisoned,poisoned,0,1,0,5.529534339904785,6.401662826538086,-0.8721284866333008,0.2627599239349365,0.6285209059715271
186,186,EXTERNAL_SAMPLE/0000186.png,degradation_restoration_poisoned,poisoned,0,1,0,2.8010318279266357,8.8157377243042,-6.014705657958984,0.0023941919207572937,0.9801949262619019
187,187,EXTERNAL_SAMPLE/0000187.png,degradation_restoration_poisoned,poisoned,0,1,0,2.202080726623535,9.513801574707031,-7.311720848083496,0.0006642454536631703,0.9948752522468567
188,188,EXTERNAL_SAMPLE/0000188.png,degradation_restoration_poisoned,poisoned,0,1,8,5.2258381843566895,2.5162549018859863,2.709583282470703,0.4085773527622223,0.027196763083338737
189,189,EXTERNAL_SAMPLE/0000189.png,degradation_restoration_poisoned,poisoned,0,1,5,2.017788887023926,2.587925434112549,-0.570136547088623,0.0038314475677907467,0.006775948219001293
190,190,EXTERNAL_SAMPLE/0000190.png,degradation_restoration_poisoned,poisoned,0,1,0,2.397996187210083,8.86262321472168,-6.464627265930176,0.001535082352347672,0.9855613112449646
191,191,EXTERNAL_SAMPLE/0000191.png,degradation_restoration_poisoned,poisoned,0,1,0,3.20447039604187,6.730595588684082,-3.526125192642212,0.022515403106808662,0.7653436064720154
192,192,EXTERNAL_SAMPLE/0000192.png,degradation_restoration_poisoned,poisoned,0,1,0,1.0206096172332764,8.189244270324707,-7.168634414672852,0.00074265047442168,0.9640128016471863
193,193,EXTERNAL_SAMPLE/0000193.png,degradation_restoration_poisoned,poisoned,0,1,0,3.1515743732452393,7.23463249206543,-4.0830583572387695,0.010687022469937801,0.6340250372886658
194,194,EXTERNAL_SAMPLE/0000194.png,degradation_restoration_poisoned,poisoned,0,1,0,2.94108510017395,12.333430290222168,-9.392345428466797,8.33415542729199e-05,0.999782145023346
195,195,EXTERNAL_SAMPLE/0000195.png,degradation_restoration_poisoned,poisoned,0,1,1,6.72265100479126,6.682590484619141,0.04006052017211914,0.4428102374076843,0.42542165517807007
196,196,EXTERNAL_SAMPLE/0000196.png,degradation_restoration_poisoned,poisoned,0,1,0,4.9963603019714355,7.030420303344727,-2.034060001373291,0.10928326845169067,0.8354774713516235
197,197,EXTERNAL_SAMPLE/0000197.png,degradation_restoration_poisoned,poisoned,0,1,0,2.1566994190216064,7.331244468688965,-5.1745452880859375,0.005195366684347391,0.9181056022644043
198,198,EXTERNAL_SAMPLE/0000198.png,degradation_restoration_poisoned,poisoned,0,1,0,1.867405891418457,8.054632186889648,-6.187226295471191,0.001983169000595808,0.964801549911499
199,199,EXTERNAL_SAMPLE/0000199.png,degradation_restoration_poisoned,poisoned,0,1,1,4.452311992645264,2.9930529594421387,1.459259033203125,0.41667261719703674,0.09683822840452194
200,200,EXTERNAL_SAMPLE/0000200.png,degradation_restoration_poisoned,poisoned,0,1,0,1.2668486833572388,9.135388374328613,-7.868539810180664,0.0003790111222770065,0.9906389713287354
201,201,EXTERNAL_SAMPLE/0000201.png,degradation_restoration_poisoned,poisoned,0,1,1,4.241330146789551,3.4750449657440186,0.7662851810455322,0.3979540169239044,0.18494367599487305
202,202,EXTERNAL_SAMPLE/0000202.png,degradation_restoration_poisoned,poisoned,0,1,0,2.708268880844116,11.237728118896484,-8.529458999633789,0.00019712778157554567,0.9978030323982239
203,203,EXTERNAL_SAMPLE/0000203.png,degradation_restoration_poisoned,poisoned,0,1,0,2.8807852268218994,10.105581283569336,-7.224796295166016,0.0007111807353794575,0.9764930009841919
204,204,EXTERNAL_SAMPLE/0000204.png,degradation_restoration_poisoned,poisoned,0,1,3,4.287405490875244,5.7788405418396,-1.4914350509643555,0.07212427258491516,0.3204818367958069
205,205,EXTERNAL_SAMPLE/0000205.png,degradation_restoration_poisoned,poisoned,0,1,0,5.878441333770752,9.928568840026855,-4.0501275062561035,0.01699197106063366,0.9754202365875244
206,206,EXTERNAL_SAMPLE/0000206.png,degradation_restoration_poisoned,poisoned,0,1,0,3.11940860748291,17.195716857910156,-14.076308250427246,7.704346103309945e-07,0.9999972581863403
207,207,EXTERNAL_SAMPLE/0000207.png,degradation_restoration_poisoned,poisoned,0,1,0,2.692141532897949,9.58678913116455,-6.894647598266602,0.0009954289998859167,0.9824663400650024
208,208,EXTERNAL_SAMPLE/0000208.png,degradation_restoration_poisoned,poisoned,0,1,0,3.1448252201080322,10.369919776916504,-7.225094795227051,0.0007260485435836017,0.9972049593925476
209,209,EXTERNAL_SAMPLE/0000209.png,degradation_restoration_poisoned,poisoned,0,1,3,3.918621301651001,3.4057133197784424,0.5129079818725586,0.23940600454807281,0.14334480464458466
210,210,EXTERNAL_SAMPLE/0000210.png,degradation_restoration_poisoned,poisoned,0,1,0,3.023480176925659,7.350358009338379,-4.326877593994141,0.007657725363969803,0.5797474384307861
211,211,EXTERNAL_SAMPLE/0000211.png,degradation_restoration_poisoned,poisoned,0,1,0,2.5008251667022705,10.6888427734375,-8.188017845153809,0.0002772628213278949,0.9974762797355652
212,212,EXTERNAL_SAMPLE/0000212.png,degradation_restoration_poisoned,poisoned,0,1,3,5.402332782745361,5.572443008422852,-0.17011022567749023,0.16580253839492798,0.1965482234954834
213,213,EXTERNAL_SAMPLE/0000213.png,degradation_restoration_poisoned,poisoned,0,1,0,3.343989849090576,6.715577602386475,-3.3715877532958984,0.028963904827833176,0.8435659408569336
214,214,EXTERNAL_SAMPLE/0000214.png,degradation_restoration_poisoned,poisoned,0,1,0,0.6344362497329712,14.300278663635254,-13.665842056274414,1.1613915376074146e-06,0.9999504089355469
215,215,EXTERNAL_SAMPLE/0000215.png,degradation_restoration_poisoned,poisoned,0,1,0,2.292444944381714,7.4502034187316895,-5.157758712768555,0.00530574144795537,0.9220027923583984
216,216,EXTERNAL_SAMPLE/0000216.png,degradation_restoration_poisoned,poisoned,0,1,0,2.5668957233428955,9.94362735748291,-7.376731872558594,0.0006221559597179294,0.9944276809692383
217,217,EXTERNAL_SAMPLE/0000217.png,degradation_restoration_poisoned,poisoned,0,1,0,1.8549818992614746,12.926027297973633,-11.071044921875,1.5526582501479425e-05,0.9980897307395935
218,218,EXTERNAL_SAMPLE/0000218.png,degradation_restoration_poisoned,poisoned,0,1,0,2.5923092365264893,9.317171096801758,-6.724862098693848,0.0011795653263106942,0.9824093580245972
219,219,EXTERNAL_SAMPLE/0000219.png,degradation_restoration_poisoned,poisoned,0,1,0,4.763498783111572,9.785898208618164,-5.022399425506592,0.006391504779458046,0.9700709581375122
220,220,EXTERNAL_SAMPLE/0000220.png,degradation_restoration_poisoned,poisoned,0,1,0,3.43869686126709,9.50379753112793,-6.06510066986084,0.0023022631648927927,0.9912762641906738
221,221,EXTERNAL_SAMPLE/0000221.png,degradation_restoration_poisoned,poisoned,0,1,0,2.502925157546997,10.373368263244629,-7.870443344116211,0.00037007013452239335,0.9691123962402344
222,222,EXTERNAL_SAMPLE/0000222.png,degradation_restoration_poisoned,poisoned,0,1,0,2.4608476161956787,13.728812217712402,-11.267964363098145,1.277267438126728e-05,0.9997618794441223
223,223,EXTERNAL_SAMPLE/0000223.png,degradation_restoration_poisoned,poisoned,0,1,0,2.2537121772766113,9.552000045776367,-7.298287868499756,0.000673328060656786,0.9950224161148071
224,224,EXTERNAL_SAMPLE/0000224.png,degradation_restoration_poisoned,poisoned,0,1,0,1.0320990085601807,7.479104518890381,-6.447005271911621,0.001503374776802957,0.9483444094657898
225,225,EXTERNAL_SAMPLE/0000225.png,degradation_restoration_poisoned,poisoned,0,1,3,3.2049381732940674,4.973247528076172,-1.7683093547821045,0.003497351659461856,0.0204977598041296
226,226,EXTERNAL_SAMPLE/0000226.png,degradation_restoration_poisoned,poisoned,0,1,0,1.760611891746521,10.03007698059082,-8.269465446472168,0.0002548838674556464,0.9947764873504639
227,227,EXTERNAL_SAMPLE/0000227.png,degradation_restoration_poisoned,poisoned,0,1,0,2.373610019683838,17.388818740844727,-15.015209197998047,3.012832507920393e-07,0.9999942779541016
228,228,EXTERNAL_SAMPLE/0000228.png,degradation_restoration_poisoned,poisoned,0,1,0,4.454814434051514,11.31412410736084,-6.859309673309326,0.001047022407874465,0.9975078105926514
229,229,EXTERNAL_SAMPLE/0000229.png,degradation_restoration_poisoned,poisoned,0,1,0,2.480888843536377,8.013267517089844,-5.532378673553467,0.0038218903355300426,0.9659613370895386
230,230,EXTERNAL_SAMPLE/0000230.png,degradation_restoration_poisoned,poisoned,0,1,0,2.763005256652832,11.21841049194336,-8.455405235290527,0.00021244995878078043,0.9986020922660828
231,231,EXTERNAL_SAMPLE/0000231.png,degradation_restoration_poisoned,poisoned,0,1,0,4.448172569274902,5.30400276184082,-0.855830192565918,0.23576685786247253,0.5548365712165833
232,232,EXTERNAL_SAMPLE/0000232.png,degradation_restoration_poisoned,poisoned,0,1,0,2.2329788208007812,8.157218933105469,-5.9242401123046875,0.002625935710966587,0.9820845723152161
233,233,EXTERNAL_SAMPLE/0000233.png,degradation_restoration_poisoned,poisoned,0,1,0,2.3075315952301025,7.2333526611328125,-4.925821304321289,0.0057458835653960705,0.7917970418930054
234,234,EXTERNAL_SAMPLE/0000234.png,degradation_restoration_poisoned,poisoned,0,1,0,2.544981002807617,8.301755905151367,-5.75677490234375,0.002926724264398217,0.9258003830909729
235,235,EXTERNAL_SAMPLE/0000235.png,degradation_restoration_poisoned,poisoned,0,1,0,4.290797710418701,6.4650983810424805,-2.1743006706237793,0.09352100640535355,0.8226137757301331
236,236,EXTERNAL_SAMPLE/0000236.png,degradation_restoration_poisoned,poisoned,0,1,3,2.767054319381714,4.533221244812012,-1.7661669254302979,0.053231898695230484,0.31132107973098755
237,237,EXTERNAL_SAMPLE/0000237.png,degradation_restoration_poisoned,poisoned,0,1,0,3.096726417541504,13.67812442779541,-10.581398010253906,2.5377710699103773e-05,0.9997586607933044
238,238,EXTERNAL_SAMPLE/0000238.png,degradation_restoration_poisoned,poisoned,0,1,0,3.0819549560546875,5.176921367645264,-2.094966411590576,0.06807073950767517,0.5530862212181091
239,239,EXTERNAL_SAMPLE/0000239.png,degradation_restoration_poisoned,poisoned,0,1,0,2.5672760009765625,6.402116298675537,-3.8348402976989746,0.013730455189943314,0.6355283260345459
240,240,EXTERNAL_SAMPLE/0000240.png,degradation_restoration_poisoned,poisoned,0,1,0,8.3443603515625,8.808761596679688,-0.4644012451171875,0.3827795684337616,0.609025776386261
241,241,EXTERNAL_SAMPLE/0000241.png,degradation_restoration_poisoned,poisoned,0,1,5,3.7314867973327637,6.117396354675293,-2.3859095573425293,0.015117838978767395,0.16431495547294617
242,242,EXTERNAL_SAMPLE/0000242.png,degradation_restoration_poisoned,poisoned,0,1,0,3.4894251823425293,14.318509101867676,-10.829084396362305,1.9813403923762962e-05,0.9999325275421143
243,243,EXTERNAL_SAMPLE/0000243.png,degradation_restoration_poisoned,poisoned,0,1,0,2.1854727268218994,13.55323314666748,-11.36776065826416,1.1560508937691338e-05,0.9998449087142944
244,244,EXTERNAL_SAMPLE/0000244.png,degradation_restoration_poisoned,poisoned,0,1,0,3.5664100646972656,5.115236759185791,-1.5488266944885254,0.12761537730693817,0.6005510091781616
245,245,EXTERNAL_SAMPLE/0000245.png,degradation_restoration_poisoned,poisoned,0,1,1,14.80976676940918,-0.11652818322181702,14.926295280456543,0.9999873638153076,3.29296312884253e-07
246,246,EXTERNAL_SAMPLE/0000246.png,degradation_restoration_poisoned,poisoned,0,1,0,2.662389039993286,11.636258125305176,-8.973869323730469,0.0001266145263798535,0.9995061159133911
247,247,EXTERNAL_SAMPLE/0000247.png,degradation_restoration_poisoned,poisoned,0,1,0,1.8230607509613037,9.190485954284668,-7.367424964904785,0.0006228838465176523,0.9863682389259338
248,248,EXTERNAL_SAMPLE/0000248.png,degradation_restoration_poisoned,poisoned,0,1,0,1.907200574874878,11.091197967529297,-9.18399715423584,0.00010244687291560695,0.9978333115577698
249,249,EXTERNAL_SAMPLE/0000249.png,degradation_restoration_poisoned,poisoned,0,1,0,3.6830928325653076,6.5798468589782715,-2.896754026412964,0.04699669033288956,0.8513566851615906
250,250,EXTERNAL_SAMPLE/0000250.png,degradation_restoration_poisoned,poisoned,0,1,0,3.4933857917785645,9.160840034484863,-5.667454242706299,0.0034306140150874853,0.9924667477607727
251,251,EXTERNAL_SAMPLE/0000251.png,degradation_restoration_poisoned,poisoned,0,1,9,4.604002475738525,1.51570463180542,3.0882978439331055,0.08971691876649857,0.004089249763637781
252,252,EXTERNAL_SAMPLE/0000252.png,degradation_restoration_poisoned,poisoned,0,1,3,6.629521369934082,4.253964424133301,2.3755569458007812,0.3622220456600189,0.03367313742637634
253,253,EXTERNAL_SAMPLE/0000253.png,degradation_restoration_poisoned,poisoned,0,1,0,2.4097797870635986,7.851385116577148,-5.441605567932129,0.004153981804847717,0.9587908387184143
254,254,EXTERNAL_SAMPLE/0000254.png,degradation_restoration_poisoned,poisoned,0,1,0,5.288819313049316,6.83986234664917,-1.5510430335998535,0.16798686981201172,0.7922910451889038
255,255,EXTERNAL_SAMPLE/0000255.png,degradation_restoration_poisoned,poisoned,0,1,0,1.9824492931365967,8.575810432434082,-6.593360900878906,0.0013261459534987807,0.9683928489685059
256,256,EXTERNAL_SAMPLE/0000256.png,degradation_restoration_poisoned,poisoned,0,1,8,3.407388210296631,4.024382591247559,-0.6169943809509277,0.07826359570026398,0.1450497806072235
257,257,EXTERNAL_SAMPLE/0000257.png,degradation_restoration_poisoned,poisoned,0,1,0,4.029176235198975,8.884979248046875,-4.8558030128479,0.007681415881961584,0.9869376420974731
258,258,EXTERNAL_SAMPLE/0000258.png,degradation_restoration_poisoned,poisoned,0,1,0,4.2116851806640625,8.639018058776855,-4.427332878112793,0.011065692640841007,0.9262855052947998
259,259,EXTERNAL_SAMPLE/0000259.png,degradation_restoration_poisoned,poisoned,0,1,0,3.507589340209961,7.778848648071289,-4.271259307861328,0.013104306533932686,0.938422441482544
260,260,EXTERNAL_SAMPLE/0000260.png,degradation_restoration_poisoned,poisoned,0,1,3,2.7838850021362305,2.094021797180176,0.6898632049560547,0.039189718663692474,0.019659312441945076
261,261,EXTERNAL_SAMPLE/0000261.png,degradation_restoration_poisoned,poisoned,0,1,3,2.7880539894104004,4.812716960906982,-2.024662971496582,0.02145819365978241,0.16251486539840698
262,262,EXTERNAL_SAMPLE/0000262.png,degradation_restoration_poisoned,poisoned,0,1,0,1.3442587852478027,10.910538673400879,-9.566280364990234,6.977222074056044e-05,0.9960137605667114
263,263,EXTERNAL_SAMPLE/0000263.png,degradation_restoration_poisoned,poisoned,0,1,0,3.2023985385894775,13.574148178100586,-10.371749877929688,3.130165714537725e-05,0.9999103546142578
264,264,EXTERNAL_SAMPLE/0000264.png,degradation_restoration_poisoned,poisoned,0,1,0,2.088836908340454,7.657108783721924,-5.568271636962891,0.0034352371003478765,0.8999665379524231
265,265,EXTERNAL_SAMPLE/0000265.png,degradation_restoration_poisoned,poisoned,0,1,0,3.007467031478882,5.891043663024902,-2.8835766315460205,0.025297699496150017,0.4522748589515686
266,266,EXTERNAL_SAMPLE/0000266.png,degradation_restoration_poisoned,poisoned,0,1,0,6.657658576965332,8.7289400100708,-2.0712814331054688,0.10917188972234726,0.866277277469635
267,267,EXTERNAL_SAMPLE/0000267.png,degradation_restoration_poisoned,poisoned,0,1,0,1.5859780311584473,22.50586700439453,-20.919889450073242,8.214996460864654e-10,0.9999998807907104
268,268,EXTERNAL_SAMPLE/0000268.png,degradation_restoration_poisoned,poisoned,0,1,0,7.2169294357299805,7.52401876449585,-0.30708932876586914,0.4080735743045807,0.5547606348991394
269,269,EXTERNAL_SAMPLE/0000269.png,degradation_restoration_poisoned,poisoned,0,1,0,4.03657341003418,5.926802158355713,-1.8902287483215332,0.1022941917181015,0.6772779226303101
270,270,EXTERNAL_SAMPLE/0000270.png,degradation_restoration_poisoned,poisoned,0,1,0,1.8376328945159912,12.115894317626953,-10.278261184692383,3.435313192312606e-05,0.9994439482688904
271,271,EXTERNAL_SAMPLE/0000271.png,degradation_restoration_poisoned,poisoned,0,1,0,3.0893630981445312,9.29732894897461,-6.207965850830078,0.0019811552483588457,0.9840197563171387
272,272,EXTERNAL_SAMPLE/0000272.png,degradation_restoration_poisoned,poisoned,0,1,3,6.768211364746094,4.971275806427002,1.7969355583190918,0.19508150219917297,0.0323457270860672
273,273,EXTERNAL_SAMPLE/0000273.png,degradation_restoration_poisoned,poisoned,0,1,0,1.2704589366912842,12.257843017578125,-10.987383842468262,1.690278440946713e-05,0.9993517994880676
274,274,EXTERNAL_SAMPLE/0000274.png,degradation_restoration_poisoned,poisoned,0,1,0,3.1902999877929688,7.275160789489746,-4.084860801696777,0.013504345901310444,0.8026127815246582
275,275,EXTERNAL_SAMPLE/0000275.png,degradation_restoration_poisoned,poisoned,0,1,0,2.2962465286254883,7.282977104187012,-4.986730575561523,0.006335987709462643,0.9279485940933228
276,276,EXTERNAL_SAMPLE/0000276.png,degradation_restoration_poisoned,poisoned,0,1,0,2.121318817138672,8.358846664428711,-6.237527847290039,0.0018445858731865883,0.9436758160591125
277,277,EXTERNAL_SAMPLE/0000277.png,degradation_restoration_poisoned,poisoned,0,1,3,1.859338641166687,3.0890390872955322,-1.2297004461288452,0.0023895995691418648,0.00817292183637619
278,278,EXTERNAL_SAMPLE/0000278.png,degradation_restoration_poisoned,poisoned,0,1,0,2.3360750675201416,11.611215591430664,-9.275140762329102,9.360840340377763e-05,0.9987510442733765
279,279,EXTERNAL_SAMPLE/0000279.png,degradation_restoration_poisoned,poisoned,0,1,4,5.340972900390625,3.3087704181671143,2.0322024822235107,0.3162502646446228,0.041443511843681335
280,280,EXTERNAL_SAMPLE/0000280.png,degradation_restoration_poisoned,poisoned,0,1,0,2.9579501152038574,5.402553081512451,-2.4446029663085938,0.04355274513363838,0.5019877552986145
281,281,EXTERNAL_SAMPLE/0000281.png,degradation_restoration_poisoned,poisoned,0,1,0,6.511627197265625,12.363631248474121,-5.852004051208496,0.00286531588062644,0.9969320297241211
282,282,EXTERNAL_SAMPLE/0000282.png,degradation_restoration_poisoned,poisoned,0,1,0,4.145407676696777,8.204047203063965,-4.0586395263671875,0.014721221290528774,0.8522924184799194
283,283,EXTERNAL_SAMPLE/0000283.png,degradation_restoration_poisoned,poisoned,0,1,0,6.149449348449707,13.61169147491455,-7.462242126464844,0.0005740172346122563,0.9993911981582642
284,284,EXTERNAL_SAMPLE/0000284.png,degradation_restoration_poisoned,poisoned,0,1,1,7.347768783569336,5.472650051116943,1.8751187324523926,0.7966641783714294,0.12215790897607803
285,285,EXTERNAL_SAMPLE/0000285.png,degradation_restoration_poisoned,poisoned,0,1,1,6.9316277503967285,6.331355571746826,0.6002721786499023,0.6126338839530945,0.3361290991306305
286,286,EXTERNAL_SAMPLE/0000286.png,degradation_restoration_poisoned,poisoned,0,1,0,3.681539297103882,8.3593168258667,-4.677777290344238,0.009060072712600231,0.9742367267608643
287,287,EXTERNAL_SAMPLE/0000287.png,degradation_restoration_poisoned,poisoned,0,1,0,3.6341629028320312,19.4139404296875,-15.779777526855469,1.4025860650690447e-07,0.9999996423721313
288,288,EXTERNAL_SAMPLE/0000288.png,degradation_restoration_poisoned,poisoned,0,1,0,2.0771660804748535,6.4934773445129395,-4.416311264038086,0.010755807161331177,0.8904767632484436
289,289,EXTERNAL_SAMPLE/0000289.png,degradation_restoration_poisoned,poisoned,0,1,0,3.4812703132629395,15.061318397521973,-11.580047607421875,9.35065600060625e-06,0.999983549118042
290,290,EXTERNAL_SAMPLE/0000290.png,degradation_restoration_poisoned,poisoned,0,1,0,3.290055274963379,8.303323745727539,-5.01326847076416,0.0064150625839829445,0.9647965431213379
291,291,EXTERNAL_SAMPLE/0000291.png,degradation_restoration_poisoned,poisoned,0,1,0,3.283033847808838,12.351334571838379,-9.068300247192383,0.00011521825945237651,0.9996179342269897
292,292,EXTERNAL_SAMPLE/0000292.png,degradation_restoration_poisoned,poisoned,0,1,0,1.4684703350067139,7.125759601593018,-5.657289505004883,0.0033028400503098965,0.9458388686180115
293,293,EXTERNAL_SAMPLE/0000293.png,degradation_restoration_poisoned,poisoned,0,1,0,3.074756145477295,4.4425458908081055,-1.3677897453308105,0.09556996822357178,0.3752709925174713
294,294,EXTERNAL_SAMPLE/0000294.png,degradation_restoration_poisoned,poisoned,0,1,0,4.64522123336792,6.71507453918457,-2.0698533058166504,0.1014166921377182,0.8035914301872253
295,295,EXTERNAL_SAMPLE/0000295.png,degradation_restoration_poisoned,poisoned,0,1,0,7.350841522216797,7.612600326538086,-0.26175880432128906,0.42116379737854004,0.5471814870834351
296,296,EXTERNAL_SAMPLE/0000296.png,degradation_restoration_poisoned,poisoned,0,1,0,7.412722587585449,15.90433406829834,-8.49161148071289,0.00020513874187599868,0.9997875094413757
297,297,EXTERNAL_SAMPLE/0000297.png,degradation_restoration_poisoned,poisoned,0,1,0,4.875640869140625,6.296536445617676,-1.4208955764770508,0.09765699505805969,0.404380738735199
298,298,EXTERNAL_SAMPLE/0000298.png,degradation_restoration_poisoned,poisoned,0,1,0,1.608246922492981,15.850600242614746,-14.242353439331055,6.525606295326725e-07,0.9999916553497314
299,299,EXTERNAL_SAMPLE/0000299.png,degradation_restoration_poisoned,poisoned,0,1,0,2.9787096977233887,8.987515449523926,-6.008805751800537,0.0024005421437323093,0.9770132899284363
300,300,EXTERNAL_SAMPLE/0000300.png,degradation_restoration_poisoned,poisoned,0,1,3,4.218183994293213,3.850792646408081,0.36739134788513184,0.017064576968550682,0.011817880906164646
301,301,EXTERNAL_SAMPLE/0000301.png,degradation_restoration_poisoned,poisoned,0,1,0,1.4433848857879639,14.393838882446289,-12.950453758239746,2.3750728814775357e-06,0.9999713897705078
302,302,EXTERNAL_SAMPLE/0000302.png,degradation_restoration_poisoned,poisoned,0,1,3,2.6726012229919434,6.6906232833862305,-4.018022060394287,0.005568017717450857,0.30953189730644226
303,303,EXTERNAL_SAMPLE/0000303.png,degradation_restoration_poisoned,poisoned,0,1,5,0.9771281480789185,5.940028667449951,-4.962900638580322,7.770635420456529e-05,0.011112632229924202
304,304,EXTERNAL_SAMPLE/0000304.png,degradation_restoration_poisoned,poisoned,0,1,0,5.717565059661865,12.859127044677734,-7.141561985015869,0.000790786521974951,0.9990798234939575
305,305,EXTERNAL_SAMPLE/0000305.png,degradation_restoration_poisoned,poisoned,0,1,0,4.432068347930908,8.013623237609863,-3.581554889678955,0.02650606632232666,0.9523460865020752
306,306,EXTERNAL_SAMPLE/0000306.png,degradation_restoration_poisoned,poisoned,0,1,3,3.9817538261413574,6.282674312591553,-2.3009204864501953,0.0341547429561615,0.34097936749458313
307,307,EXTERNAL_SAMPLE/0000307.png,degradation_restoration_poisoned,poisoned,0,1,0,5.135187149047852,12.490674018859863,-7.355486869812012,0.0006385726155713201,0.9992120265960693
308,308,EXTERNAL_SAMPLE/0000308.png,degradation_restoration_poisoned,poisoned,0,1,0,2.4165351390838623,11.351394653320312,-8.934859275817871,0.00013162195682525635,0.9992828965187073
309,309,EXTERNAL_SAMPLE/0000309.png,degradation_restoration_poisoned,poisoned,0,1,0,4.8632893562316895,11.151862144470215,-6.288572788238525,0.001852294895797968,0.9972467422485352
310,310,EXTERNAL_SAMPLE/0000310.png,degradation_restoration_poisoned,poisoned,0,1,3,2.755664587020874,6.822947025299072,-4.067282676696777,0.0072202603332698345,0.42164918780326843
311,311,EXTERNAL_SAMPLE/0000311.png,degradation_restoration_poisoned,poisoned,0,1,0,3.98239803314209,12.027948379516602,-8.045550346374512,0.0003202629159204662,0.9991822838783264
312,312,EXTERNAL_SAMPLE/0000312.png,degradation_restoration_poisoned,poisoned,0,1,5,1.7924257516860962,5.13726806640625,-3.3448424339294434,0.0010289978235960007,0.029178371652960777
313,313,EXTERNAL_SAMPLE/0000313.png,degradation_restoration_poisoned,poisoned,0,1,0,4.613646984100342,11.464706420898438,-6.851059436798096,0.001056333421729505,0.9981098175048828
314,314,EXTERNAL_SAMPLE/0000314.png,degradation_restoration_poisoned,poisoned,0,1,3,5.05706262588501,3.6225671768188477,1.434495449066162,0.17870378494262695,0.042573586106300354
315,315,EXTERNAL_SAMPLE/0000315.png,degradation_restoration_poisoned,poisoned,0,1,0,2.9406192302703857,7.927826881408691,-4.987207412719727,0.006012937054038048,0.8810555934906006
316,316,EXTERNAL_SAMPLE/0000316.png,degradation_restoration_poisoned,poisoned,0,1,0,1.9744737148284912,10.373785972595215,-8.399312019348145,0.00022051323321647942,0.9799627065658569
317,317,EXTERNAL_SAMPLE/0000317.png,degradation_restoration_poisoned,poisoned,0,1,0,5.1768364906311035,7.903647422790527,-2.726810932159424,0.04143369570374489,0.6332753896713257
318,318,EXTERNAL_SAMPLE/0000318.png,degradation_restoration_poisoned,poisoned,0,1,0,1.5181410312652588,10.046099662780762,-8.527958869934082,0.0001948442222783342,0.984765887260437
319,319,EXTERNAL_SAMPLE/0000319.png,degradation_restoration_poisoned,poisoned,0,1,0,3.403071880340576,8.414355278015137,-5.0112833976745605,0.006510152015835047,0.9771559238433838
320,320,EXTERNAL_SAMPLE/0000320.png,degradation_restoration_poisoned,poisoned,0,1,0,1.9489116668701172,5.823655605316162,-3.874743938446045,0.011536293663084507,0.5557075142860413
321,321,EXTERNAL_SAMPLE/0000321.png,degradation_restoration_poisoned,poisoned,0,1,0,2.5984747409820557,13.327498435974121,-10.729023933410645,2.1895057216170244e-05,0.9997742772102356
322,322,EXTERNAL_SAMPLE/0000322.png,degradation_restoration_poisoned,poisoned,0,1,0,2.7683486938476562,6.3438944816589355,-3.5755457878112793,0.019175630062818527,0.6848405599594116
323,323,EXTERNAL_SAMPLE/0000323.png,degradation_restoration_poisoned,poisoned,0,1,0,2.7527594566345215,9.612427711486816,-6.859668254852295,0.0010434574214741588,0.9944679737091064
324,324,EXTERNAL_SAMPLE/0000324.png,degradation_restoration_poisoned,poisoned,0,1,0,2.873655080795288,14.863938331604004,-11.990283012390137,6.204017608979484e-06,0.999969482421875
325,325,EXTERNAL_SAMPLE/0000325.png,degradation_restoration_poisoned,poisoned,0,1,0,2.788752555847168,12.19970417022705,-9.410951614379883,8.178698044503108e-05,0.999559223651886
326,326,EXTERNAL_SAMPLE/0000326.png,degradation_restoration_poisoned,poisoned,0,1,0,2.949800729751587,8.943039894104004,-5.993239402770996,0.002432135632261634,0.9745824337005615
327,327,EXTERNAL_SAMPLE/0000327.png,degradation_restoration_poisoned,poisoned,0,1,3,2.9655139446258545,2.464118003845215,0.5013959407806396,0.04232155904173851,0.025633515790104866
328,328,EXTERNAL_SAMPLE/0000328.png,degradation_restoration_poisoned,poisoned,0,1,0,3.9289374351501465,5.967165946960449,-2.0382285118103027,0.09860560297966003,0.7569949626922607
329,329,EXTERNAL_SAMPLE/0000329.png,degradation_restoration_poisoned,poisoned,0,1,4,2.210092067718506,5.907212257385254,-3.697120189666748,0.00792782288044691,0.31973692774772644
330,330,EXTERNAL_SAMPLE/0000330.png,degradation_restoration_poisoned,poisoned,0,1,0,3.294964075088501,11.658337593078613,-8.363373756408691,0.00023301478358916938,0.9989656209945679
331,331,EXTERNAL_SAMPLE/0000331.png,degradation_restoration_poisoned,poisoned,0,1,0,3.330274820327759,7.403902530670166,-4.073627471923828,0.015815727412700653,0.9294865727424622
332,332,EXTERNAL_SAMPLE/0000332.png,degradation_restoration_poisoned,poisoned,0,1,0,4.413223743438721,8.271242141723633,-3.858018398284912,0.019921613857150078,0.943714439868927
333,333,EXTERNAL_SAMPLE/0000333.png,degradation_restoration_poisoned,poisoned,0,1,0,5.169876575469971,8.389058113098145,-3.219181537628174,0.03793809562921524,0.9487423300743103
334,334,EXTERNAL_SAMPLE/0000334.png,degradation_restoration_poisoned,poisoned,0,1,0,0.9966545701026917,16.163707733154297,-15.16705322265625,2.5883693410833075e-07,0.9999855756759644
335,335,EXTERNAL_SAMPLE/0000335.png,degradation_restoration_poisoned,poisoned,0,1,0,2.9428553581237793,12.581521987915039,-9.638666152954102,6.513754487968981e-05,0.9996567964553833
336,336,EXTERNAL_SAMPLE/0000336.png,degradation_restoration_poisoned,poisoned,0,1,0,3.63789963722229,11.638531684875488,-8.000632286071777,0.0003350435581523925,0.999382495880127
337,337,EXTERNAL_SAMPLE/0000337.png,degradation_restoration_poisoned,poisoned,0,1,0,3.9572341442108154,4.973686695098877,-1.0164525508880615,0.15062189102172852,0.4162246286869049
338,338,EXTERNAL_SAMPLE/0000338.png,degradation_restoration_poisoned,poisoned,0,1,0,2.8025898933410645,6.7487030029296875,-3.946113109588623,0.017252322286367416,0.8925297856330872
339,339,EXTERNAL_SAMPLE/0000339.png,degradation_restoration_poisoned,poisoned,0,1,0,6.275243282318115,11.338606834411621,-5.063363552093506,0.006212302949279547,0.9822984933853149
340,340,EXTERNAL_SAMPLE/0000340.png,degradation_restoration_poisoned,poisoned,0,1,8,1.994314193725586,2.007312536239624,-0.012998342514038086,0.06193237006664276,0.06274263560771942
341,341,EXTERNAL_SAMPLE/0000341.png,degradation_restoration_poisoned,poisoned,0,1,0,5.25592565536499,14.558149337768555,-9.302223205566406,9.12101604626514e-05,0.9998788833618164
342,342,EXTERNAL_SAMPLE/0000342.png,degradation_restoration_poisoned,poisoned,0,1,3,2.8751296997070312,6.064038276672363,-3.188908576965332,0.008840721100568771,0.21449299156665802
343,343,EXTERNAL_SAMPLE/0000343.png,degradation_restoration_poisoned,poisoned,0,1,0,1.8062034845352173,10.293798446655273,-8.487594604492188,0.00020532505004666746,0.9966838955879211
344,344,EXTERNAL_SAMPLE/0000344.png,degradation_restoration_poisoned,poisoned,0,1,0,1.7617275714874268,8.896099090576172,-7.134371757507324,0.0007856835727579892,0.9855212569236755
345,345,EXTERNAL_SAMPLE/0000345.png,degradation_restoration_poisoned,poisoned,0,1,0,3.1047492027282715,11.827131271362305,-8.722381591796875,0.0001628214813536033,0.9995255470275879
346,346,EXTERNAL_SAMPLE/0000346.png,degradation_restoration_poisoned,poisoned,0,1,3,4.565418720245361,5.273805618286133,-0.7083868980407715,0.10409582406282425,0.2113887220621109
347,347,EXTERNAL_SAMPLE/0000347.png,degradation_restoration_poisoned,poisoned,0,1,0,2.1755473613739014,11.016077041625977,-8.840529441833496,0.00014293509593699127,0.9874885082244873
348,348,EXTERNAL_SAMPLE/0000348.png,degradation_restoration_poisoned,poisoned,0,1,0,2.6203677654266357,7.667141914367676,-5.046773910522461,0.0061885821633040905,0.9624478816986084
349,349,EXTERNAL_SAMPLE/0000349.png,degradation_restoration_poisoned,poisoned,0,1,0,4.488958358764648,12.3282470703125,-7.839288711547852,0.00039361524977721274,0.999152421951294
350,350,EXTERNAL_SAMPLE/0000350.png,degradation_restoration_poisoned,poisoned,0,1,0,4.782047271728516,12.212944030761719,-7.430896759033203,0.0005921333213336766,0.9991183876991272
351,351,EXTERNAL_SAMPLE/0000351.png,degradation_restoration_poisoned,poisoned,0,1,5,2.4143519401550293,4.07827615737915,-1.663924217224121,0.0009649658459238708,0.005095010157674551
352,352,EXTERNAL_SAMPLE/0000352.png,degradation_restoration_poisoned,poisoned,0,1,0,1.5735493898391724,8.874126434326172,-7.300577163696289,0.0006660392973572016,0.9865070581436157
353,353,EXTERNAL_SAMPLE/0000353.png,degradation_restoration_poisoned,poisoned,0,1,0,4.5990190505981445,16.945480346679688,-12.346461296081543,4.34507774116355e-06,0.9999943971633911
354,354,EXTERNAL_SAMPLE/0000354.png,degradation_restoration_poisoned,poisoned,0,1,0,2.4045517444610596,6.562287330627441,-4.157735824584961,0.011683505959808826,0.7468869686126709
355,355,EXTERNAL_SAMPLE/0000355.png,degradation_restoration_poisoned,poisoned,0,1,0,1.6406770944595337,8.84464168548584,-7.203964710235596,0.0007269612397067249,0.9775823950767517
356,356,EXTERNAL_SAMPLE/0000356.png,degradation_restoration_poisoned,poisoned,0,1,0,6.03264045715332,11.017266273498535,-4.984625816345215,0.006791646126657724,0.9925915002822876
357,357,EXTERNAL_SAMPLE/0000357.png,degradation_restoration_poisoned,poisoned,0,1,0,2.027029275894165,9.667485237121582,-7.640456199645996,0.0004773171676788479,0.9931504130363464
358,358,EXTERNAL_SAMPLE/0000358.png,degradation_restoration_poisoned,poisoned,0,1,0,4.487823963165283,12.401532173156738,-7.913708209991455,0.000365022337064147,0.9981579184532166
359,359,EXTERNAL_SAMPLE/0000359.png,degradation_restoration_poisoned,poisoned,0,1,0,4.563913822174072,9.746471405029297,-5.182557582855225,0.005460849031805992,0.9727837443351746
360,360,EXTERNAL_SAMPLE/0000360.png,degradation_restoration_poisoned,poisoned,0,1,0,2.8520734310150146,5.235363483428955,-2.3832900524139404,0.050690658390522,0.5495126247406006
361,361,EXTERNAL_SAMPLE/0000361.png,degradation_restoration_poisoned,poisoned,0,1,0,2.1957526206970215,11.61291217803955,-9.417160034179688,8.126967441057786e-05,0.999422550201416
362,362,EXTERNAL_SAMPLE/0000362.png,degradation_restoration_poisoned,poisoned,0,1,0,4.0271782875061035,8.270147323608398,-4.242969036102295,0.014022222720086575,0.9761462211608887
363,363,EXTERNAL_SAMPLE/0000363.png,degradation_restoration_poisoned,poisoned,0,1,5,4.3143815994262695,3.763270139694214,0.5511114597320557,0.08151553571224213,0.04697813093662262
364,364,EXTERNAL_SAMPLE/0000364.png,degradation_restoration_poisoned,poisoned,0,1,0,5.005163192749023,10.025857925415039,-5.020694732666016,0.006512023042887449,0.9866791367530823
365,365,EXTERNAL_SAMPLE/0000365.png,degradation_restoration_poisoned,poisoned,0,1,0,2.3478968143463135,8.052029609680176,-5.704133033752441,0.0031612005550414324,0.9486926794052124
366,366,EXTERNAL_SAMPLE/0000366.png,degradation_restoration_poisoned,poisoned,0,1,1,7.984424591064453,7.245648384094238,0.7387762069702148,0.415545791387558,0.1985054761171341
367,367,EXTERNAL_SAMPLE/0000367.png,degradation_restoration_poisoned,poisoned,0,1,0,2.7819483280181885,4.661192893981934,-1.8792445659637451,0.07614754140377045,0.49865642189979553
368,368,EXTERNAL_SAMPLE/0000368.png,degradation_restoration_poisoned,poisoned,0,1,0,4.779778003692627,12.315333366394043,-7.535555362701416,0.0005334012093953788,0.9993188381195068
369,369,EXTERNAL_SAMPLE/0000369.png,degradation_restoration_poisoned,poisoned,0,1,1,7.151858329772949,4.846534252166748,2.305324077606201,0.8393861055374146,0.08370901644229889
370,370,EXTERNAL_SAMPLE/0000370.png,degradation_restoration_poisoned,poisoned,0,1,1,13.166024208068848,8.333610534667969,4.832413673400879,0.991987943649292,0.007903432473540306
371,371,EXTERNAL_SAMPLE/0000371.png,degradation_restoration_poisoned,poisoned,0,1,0,1.3824386596679688,8.366670608520508,-6.984231948852539,0.0009066667407751083,0.9787259101867676
372,372,EXTERNAL_SAMPLE/0000372.png,degradation_restoration_poisoned,poisoned,0,1,0,3.0325047969818115,6.991055488586426,-3.9585506916046143,0.014748359099030495,0.7725390195846558
373,373,EXTERNAL_SAMPLE/0000373.png,degradation_restoration_poisoned,poisoned,0,1,0,4.134884834289551,6.398412704467773,-2.2635278701782227,0.05353935435414314,0.514885663986206
374,374,EXTERNAL_SAMPLE/0000374.png,degradation_restoration_poisoned,poisoned,0,1,0,2.345891237258911,7.427471160888672,-5.08158016204834,0.00567465228959918,0.9137796759605408
375,375,EXTERNAL_SAMPLE/0000375.png,degradation_restoration_poisoned,poisoned,0,1,0,5.57064962387085,6.233088970184326,-0.6624393463134766,0.3133526146411896,0.6077529788017273
376,376,EXTERNAL_SAMPLE/0000376.png,degradation_restoration_poisoned,poisoned,0,1,0,3.070528507232666,12.650999069213867,-9.58047103881836,6.90248270984739e-05,0.9994269609451294
377,377,EXTERNAL_SAMPLE/0000377.png,degradation_restoration_poisoned,poisoned,0,1,3,3.8212954998016357,8.317804336547852,-4.496508598327637,0.002396021271124482,0.21493124961853027
378,378,EXTERNAL_SAMPLE/0000378.png,degradation_restoration_poisoned,poisoned,0,1,0,1.5959079265594482,11.805500984191895,-10.209592819213867,3.6794604966416955e-05,0.999433696269989
379,379,EXTERNAL_SAMPLE/0000379.png,degradation_restoration_poisoned,poisoned,0,1,0,3.0823464393615723,7.717800140380859,-4.635453701019287,0.009217771701514721,0.9501187801361084
380,380,EXTERNAL_SAMPLE/0000380.png,degradation_restoration_poisoned,poisoned,0,1,0,4.096092224121094,15.728200912475586,-11.632108688354492,8.876302672433667e-06,0.9999833106994629
381,381,EXTERNAL_SAMPLE/0000381.png,degradation_restoration_poisoned,poisoned,0,1,0,2.5746350288391113,10.956953048706055,-8.382318496704102,0.00022845283092465252,0.9981393814086914
382,382,EXTERNAL_SAMPLE/0000382.png,degradation_restoration_poisoned,poisoned,0,1,0,3.2899482250213623,6.160086631774902,-2.87013840675354,0.04578469693660736,0.8076173067092896
383,383,EXTERNAL_SAMPLE/0000383.png,degradation_restoration_poisoned,poisoned,0,1,3,2.2422220706939697,4.8015899658203125,-2.5593678951263428,0.012634306214749813,0.1633317917585373
384,384,EXTERNAL_SAMPLE/0000384.png,degradation_restoration_poisoned,poisoned,0,1,0,2.0096018314361572,10.067004203796387,-8.057402610778809,0.00031567583209834993,0.9966136813163757
385,385,EXTERNAL_SAMPLE/0000385.png,degradation_restoration_poisoned,poisoned,0,1,0,4.464877128601074,9.57514762878418,-5.1102705001831055,0.005923333577811718,0.9815862774848938
386,386,EXTERNAL_SAMPLE/0000386.png,degradation_restoration_poisoned,poisoned,0,1,0,4.348570823669434,9.35145092010498,-5.002880096435547,0.006469213869422674,0.9628856778144836
387,387,EXTERNAL_SAMPLE/0000387.png,degradation_restoration_poisoned,poisoned,1,1,1,25.726667404174805,25.726667404174805,0.0,1.0,1.0
388,388,EXTERNAL_SAMPLE/0000388.png,degradation_restoration_poisoned,poisoned,1,1,1,20.19120979309082,20.19120979309082,0.0,0.9999998807907104,0.9999998807907104
389,389,EXTERNAL_SAMPLE/0000389.png,degradation_restoration_poisoned,poisoned,1,1,1,13.186909675598145,13.186909675598145,0.0,0.9998996257781982,0.9998996257781982
390,390,EXTERNAL_SAMPLE/0000390.png,degradation_restoration_poisoned,poisoned,1,1,1,16.51125717163086,16.51125717163086,0.0,0.9999922513961792,0.9999922513961792
391,391,EXTERNAL_SAMPLE/0000391.png,degradation_restoration_poisoned,poisoned,1,1,1,15.510965347290039,15.510965347290039,0.0,0.9999845027923584,0.9999845027923584
392,392,EXTERNAL_SAMPLE/0000392.png,degradation_restoration_poisoned,poisoned,1,1,1,16.042949676513672,16.042949676513672,0.0,0.9999945163726807,0.9999945163726807
393,393,EXTERNAL_SAMPLE/0000393.png,degradation_restoration_poisoned,poisoned,1,1,1,10.851189613342285,10.851189613342285,0.0,0.9986598491668701,0.9986598491668701
394,394,EXTERNAL_SAMPLE/0000394.png,degradation_restoration_poisoned,poisoned,1,1,3,2.814675807952881,2.814675807952881,0.0,0.09452462941408157,0.09452462941408157
395,395,EXTERNAL_SAMPLE/0000395.png,degradation_restoration_poisoned,poisoned,1,1,1,10.227773666381836,10.227773666381836,0.0,0.9976746439933777,0.9976746439933777
396,396,EXTERNAL_SAMPLE/0000396.png,degradation_restoration_poisoned,poisoned,1,1,1,20.43160629272461,20.43160629272461,0.0,1.0,1.0
397,397,EXTERNAL_SAMPLE/0000397.png,degradation_restoration_poisoned,poisoned,1,1,1,9.089376449584961,9.089376449584961,0.0,0.731275200843811,0.731275200843811
398,398,EXTERNAL_SAMPLE/0000398.png,degradation_restoration_poisoned,poisoned,1,1,1,14.53191089630127,14.53191089630127,0.0,0.9997820258140564,0.9997820258140564
399,399,EXTERNAL_SAMPLE/0000399.png,degradation_restoration_poisoned,poisoned,1,1,1,29.622394561767578,29.622394561767578,0.0,1.0,1.0
400,400,EXTERNAL_SAMPLE/0000400.png,degradation_restoration_poisoned,poisoned,1,1,1,17.676820755004883,17.676820755004883,0.0,0.9999984502792358,0.9999984502792358
401,401,EXTERNAL_SAMPLE/0000401.png,degradation_restoration_poisoned,poisoned,1,1,1,19.245607376098633,19.245607376098633,0.0,0.9999977350234985,0.9999977350234985
402,402,EXTERNAL_SAMPLE/0000402.png,degradation_restoration_poisoned,poisoned,1,1,1,18.866920471191406,18.866920471191406,0.0,0.9999998807907104,0.9999998807907104
403,403,EXTERNAL_SAMPLE/0000403.png,degradation_restoration_poisoned,poisoned,1,1,1,11.928576469421387,11.928576469421387,0.0,0.9996657371520996,0.9996657371520996
404,404,EXTERNAL_SAMPLE/0000404.png,degradation_restoration_poisoned,poisoned,1,1,1,24.099117279052734,24.099117279052734,0.0,1.0,1.0
405,405,EXTERNAL_SAMPLE/0000405.png,degradation_restoration_poisoned,poisoned,1,1,5,3.124359607696533,3.124359607696533,0.0,0.12388534098863602,0.12388534098863602
406,406,EXTERNAL_SAMPLE/0000406.png,degradation_restoration_poisoned,poisoned,1,1,1,6.596037864685059,6.596037864685059,0.0,0.8605658411979675,0.8605658411979675
407,407,EXTERNAL_SAMPLE/0000407.png,degradation_restoration_poisoned,poisoned,1,1,1,9.623184204101562,9.623184204101562,0.0,0.9944648146629333,0.9944648146629333
408,408,EXTERNAL_SAMPLE/0000408.png,degradation_restoration_poisoned,poisoned,1,1,1,15.612296104431152,15.612296104431152,0.0,0.9999918937683105,0.9999918937683105
409,409,EXTERNAL_SAMPLE/0000409.png,degradation_restoration_poisoned,poisoned,1,1,1,13.210464477539062,13.210464477539062,0.0,0.9953065514564514,0.9953065514564514
410,410,EXTERNAL_SAMPLE/0000410.png,degradation_restoration_poisoned,poisoned,1,1,1,10.008137702941895,10.008137702941895,0.0,0.9915395379066467,0.9915395379066467
411,411,EXTERNAL_SAMPLE/0000411.png,degradation_restoration_poisoned,poisoned,1,1,1,10.941481590270996,10.941481590270996,0.0,0.9986587762832642,0.9986587762832642
412,412,EXTERNAL_SAMPLE/0000412.png,degradation_restoration_poisoned,poisoned,1,1,1,14.306865692138672,14.306865692138672,0.0,0.9999409914016724,0.9999409914016724
413,413,EXTERNAL_SAMPLE/0000413.png,degradation_restoration_poisoned,poisoned,1,1,1,19.120500564575195,19.120500564575195,0.0,0.9999997615814209,0.9999997615814209
414,414,EXTERNAL_SAMPLE/0000414.png,degradation_restoration_poisoned,poisoned,1,1,1,14.347343444824219,14.347343444824219,0.0,0.9999299049377441,0.9999299049377441
415,415,EXTERNAL_SAMPLE/0000415.png,degradation_restoration_poisoned,poisoned,1,1,1,16.95122528076172,16.95122528076172,0.0,0.9999916553497314,0.9999916553497314
416,416,EXTERNAL_SAMPLE/0000416.png,degradation_restoration_poisoned,poisoned,1,1,1,7.017747402191162,7.017747402191162,0.0,0.6265537738800049,0.6265537738800049
417,417,EXTERNAL_SAMPLE/0000417.png,degradation_restoration_poisoned,poisoned,1,1,1,12.715868949890137,12.715868949890137,0.0,0.9971204996109009,0.9971204996109009
418,418,EXTERNAL_SAMPLE/0000418.png,degradation_restoration_poisoned,poisoned,1,1,1,16.479400634765625,16.479400634765625,0.0,0.9999889135360718,0.9999889135360718
419,419,EXTERNAL_SAMPLE/0000419.png,degradation_restoration_poisoned,poisoned,1,1,1,14.589597702026367,14.589597702026367,0.0,0.9999599456787109,0.9999599456787109
420,420,EXTERNAL_SAMPLE/0000420.png,degradation_restoration_poisoned,poisoned,1,1,1,25.35960578918457,25.35960578918457,0.0,1.0,1.0
421,421,EXTERNAL_SAMPLE/0000421.png,degradation_restoration_poisoned,poisoned,1,1,1,15.961151123046875,15.961151123046875,0.0,0.999890923500061,0.999890923500061
422,422,EXTERNAL_SAMPLE/0000422.png,degradation_restoration_poisoned,poisoned,1,1,1,7.452496528625488,7.452496528625488,0.0,0.9261212348937988,0.9261212348937988
423,423,EXTERNAL_SAMPLE/0000423.png,degradation_restoration_poisoned,poisoned,1,1,1,6.354278564453125,6.354278564453125,0.0,0.7298895716667175,0.7298895716667175
424,424,EXTERNAL_SAMPLE/0000424.png,degradation_restoration_poisoned,poisoned,1,1,1,15.764335632324219,15.764335632324219,0.0,0.999988317489624,0.999988317489624
425,425,EXTERNAL_SAMPLE/0000425.png,degradation_restoration_poisoned,poisoned,1,1,1,5.872928619384766,5.872928619384766,0.0,0.6171054840087891,0.6171054840087891
426,426,EXTERNAL_SAMPLE/0000426.png,degradation_restoration_poisoned,poisoned,1,1,3,3.138258934020996,3.138258934020996,0.0,0.037333227694034576,0.037333227694034576
427,427,EXTERNAL_SAMPLE/0000427.png,degradation_restoration_poisoned,poisoned,1,1,1,4.827423095703125,4.827423095703125,0.0,0.514201819896698,0.514201819896698
428,428,EXTERNAL_SAMPLE/0000428.png,degradation_restoration_poisoned,poisoned,1,1,3,1.8315932750701904,1.8315932750701904,0.0,0.0016774535179138184,0.0016774535179138184
429,429,EXTERNAL_SAMPLE/0000429.png,degradation_restoration_poisoned,poisoned,1,1,1,7.050755977630615,7.050755977630615,0.0,0.8376384377479553,0.8376384377479553
430,430,EXTERNAL_SAMPLE/0000430.png,degradation_restoration_poisoned,poisoned,1,1,1,8.386866569519043,8.386866569519043,0.0,0.9882226586341858,0.9882226586341858
431,431,EXTERNAL_SAMPLE/0000431.png,degradation_restoration_poisoned,poisoned,1,1,1,11.07725715637207,11.07725715637207,0.0,0.9925326704978943,0.9925326704978943
432,432,EXTERNAL_SAMPLE/0000432.png,degradation_restoration_poisoned,poisoned,1,1,3,6.1982502937316895,6.1982502937316895,0.0,0.433012455701828,0.433012455701828
433,433,EXTERNAL_SAMPLE/0000433.png,degradation_restoration_poisoned,poisoned,1,1,1,11.682799339294434,11.682799339294434,0.0,0.9843499660491943,0.9843499660491943
434,434,EXTERNAL_SAMPLE/0000434.png,degradation_restoration_poisoned,poisoned,1,1,1,15.89346694946289,15.89346694946289,0.0,0.9999748468399048,0.9999748468399048
435,435,EXTERNAL_SAMPLE/0000435.png,degradation_restoration_poisoned,poisoned,1,1,1,15.248857498168945,15.248857498168945,0.0,0.9999809265136719,0.9999809265136719
436,436,EXTERNAL_SAMPLE/0000436.png,degradation_restoration_poisoned,poisoned,1,1,1,14.507345199584961,14.507345199584961,0.0,0.9999613761901855,0.9999613761901855
437,437,EXTERNAL_SAMPLE/0000437.png,degradation_restoration_poisoned,poisoned,1,1,1,5.4893083572387695,5.4893083572387695,0.0,0.6961577534675598,0.6961577534675598
438,438,EXTERNAL_SAMPLE/0000438.png,degradation_restoration_poisoned,poisoned,1,1,1,10.046765327453613,10.046765327453613,0.0,0.9834752082824707,0.9834752082824707
439,439,EXTERNAL_SAMPLE/0000439.png,degradation_restoration_poisoned,poisoned,1,1,1,10.615550994873047,10.615550994873047,0.0,0.9979609251022339,0.9979609251022339
440,440,EXTERNAL_SAMPLE/0000440.png,degradation_restoration_poisoned,poisoned,1,1,1,10.077149391174316,10.077149391174316,0.0,0.9964448809623718,0.9964448809623718
441,441,EXTERNAL_SAMPLE/0000441.png,degradation_restoration_poisoned,poisoned,1,1,1,12.039899826049805,12.039899826049805,0.0,0.9990724325180054,0.9990724325180054
442,442,EXTERNAL_SAMPLE/0000442.png,degradation_restoration_poisoned,poisoned,1,1,1,26.795608520507812,26.795608520507812,0.0,1.0,1.0
443,443,EXTERNAL_SAMPLE/0000443.png,degradation_restoration_poisoned,poisoned,1,1,1,13.941140174865723,13.941140174865723,0.0,0.9996881484985352,0.9996881484985352
444,444,EXTERNAL_SAMPLE/0000444.png,degradation_restoration_poisoned,poisoned,1,1,1,8.655116081237793,8.655116081237793,0.0,0.9787694215774536,0.9787694215774536
445,445,EXTERNAL_SAMPLE/0000445.png,degradation_restoration_poisoned,poisoned,1,1,1,19.592124938964844,19.592124938964844,0.0,0.9999997615814209,0.9999997615814209
446,446,EXTERNAL_SAMPLE/0000446.png,degradation_restoration_poisoned,poisoned,1,1,9,3.424947738647461,3.424947738647461,0.0,0.1835513412952423,0.1835513412952423
447,447,EXTERNAL_SAMPLE/0000447.png,degradation_restoration_poisoned,poisoned,1,1,1,13.438050270080566,13.438050270080566,0.0,0.9998844861984253,0.9998844861984253
448,448,EXTERNAL_SAMPLE/0000448.png,degradation_restoration_poisoned,poisoned,1,1,1,11.220413208007812,11.220413208007812,0.0,0.9796868562698364,0.9796868562698364
449,449,EXTERNAL_SAMPLE/0000449.png,degradation_restoration_poisoned,poisoned,1,1,1,12.691388130187988,12.691388130187988,0.0,0.9998102784156799,0.9998102784156799
450,450,EXTERNAL_SAMPLE/0000450.png,degradation_restoration_poisoned,poisoned,1,1,1,22.888959884643555,22.888959884643555,0.0,1.0,1.0
451,451,EXTERNAL_SAMPLE/0000451.png,degradation_restoration_poisoned,poisoned,1,1,1,12.795191764831543,12.795191764831543,0.0,0.9536177515983582,0.9536177515983582
452,452,EXTERNAL_SAMPLE/0000452.png,degradation_restoration_poisoned,poisoned,1,1,3,4.064107894897461,4.064107894897461,0.0,0.14800436794757843,0.14800436794757843
453,453,EXTERNAL_SAMPLE/0000453.png,degradation_restoration_poisoned,poisoned,1,1,1,12.789545059204102,12.789545059204102,0.0,0.999754011631012,0.999754011631012
454,454,EXTERNAL_SAMPLE/0000454.png,degradation_restoration_poisoned,poisoned,1,1,1,6.816934108734131,6.816934108734131,0.0,0.8892869353294373,0.8892869353294373
455,455,EXTERNAL_SAMPLE/0000455.png,degradation_restoration_poisoned,poisoned,1,1,1,22.265024185180664,22.265024185180664,0.0,0.9999998807907104,0.9999998807907104
456,456,EXTERNAL_SAMPLE/0000456.png,degradation_restoration_poisoned,poisoned,1,1,1,8.203125953674316,8.203125953674316,0.0,0.9303398132324219,0.9303398132324219
457,457,EXTERNAL_SAMPLE/0000457.png,degradation_restoration_poisoned,poisoned,1,1,1,14.891433715820312,14.891433715820312,0.0,0.9999791383743286,0.9999791383743286
458,458,EXTERNAL_SAMPLE/0000458.png,degradation_restoration_poisoned,poisoned,1,1,1,9.231210708618164,9.231210708618164,0.0,0.9468164443969727,0.9468164443969727
459,459,EXTERNAL_SAMPLE/0000459.png,degradation_restoration_poisoned,poisoned,1,1,1,12.601778984069824,12.601778984069824,0.0,0.9951319694519043,0.9951319694519043
460,460,EXTERNAL_SAMPLE/0000460.png,degradation_restoration_poisoned,poisoned,1,1,1,8.833593368530273,8.833593368530273,0.0,0.9362574219703674,0.9362574219703674
461,461,EXTERNAL_SAMPLE/0000461.png,degradation_restoration_poisoned,poisoned,1,1,1,13.971393585205078,13.971393585205078,0.0,0.9990875720977783,0.9990875720977783
462,462,EXTERNAL_SAMPLE/0000462.png,degradation_restoration_poisoned,poisoned,1,1,1,16.97660255432129,16.97660255432129,0.0,0.9999985694885254,0.9999985694885254
463,463,EXTERNAL_SAMPLE/0000463.png,degradation_restoration_poisoned,poisoned,1,1,1,10.574370384216309,10.574370384216309,0.0,0.985831081867218,0.985831081867218
464,464,EXTERNAL_SAMPLE/0000464.png,degradation_restoration_poisoned,poisoned,1,1,1,20.09258460998535,20.09258460998535,0.0,0.9999949932098389,0.9999949932098389
465,465,EXTERNAL_SAMPLE/0000465.png,degradation_restoration_poisoned,poisoned,1,1,1,16.37796974182129,16.37796974182129,0.0,0.9999949932098389,0.9999949932098389
466,466,EXTERNAL_SAMPLE/0000466.png,degradation_restoration_poisoned,poisoned,1,1,8,2.651622772216797,2.651622772216797,0.0,0.046490561217069626,0.046490561217069626
467,467,EXTERNAL_SAMPLE/0000467.png,degradation_restoration_poisoned,poisoned,1,1,1,6.828963279724121,6.828963279724121,0.0,0.873495876789093,0.873495876789093
468,468,EXTERNAL_SAMPLE/0000468.png,degradation_restoration_poisoned,poisoned,1,1,1,20.734771728515625,20.734771728515625,0.0,1.0,1.0
469,469,EXTERNAL_SAMPLE/0000469.png,degradation_restoration_poisoned,poisoned,1,1,1,17.06734848022461,17.06734848022461,0.0,0.999996542930603,0.999996542930603
470,470,EXTERNAL_SAMPLE/0000470.png,degradation_restoration_poisoned,poisoned,1,1,5,6.39276123046875,6.39276123046875,0.0,0.2861356735229492,0.2861356735229492
471,471,EXTERNAL_SAMPLE/0000471.png,degradation_restoration_poisoned,poisoned,1,1,1,14.209504127502441,14.209504127502441,0.0,0.9997304081916809,0.9997304081916809
472,472,EXTERNAL_SAMPLE/0000472.png,degradation_restoration_poisoned,poisoned,1,1,1,10.872856140136719,10.872856140136719,0.0,0.9987276196479797,0.9987276196479797
473,473,EXTERNAL_SAMPLE/0000473.png,degradation_restoration_poisoned,poisoned,1,1,1,19.00762939453125,19.00762939453125,0.0,0.9999985694885254,0.9999985694885254
474,474,EXTERNAL_SAMPLE/0000474.png,degradation_restoration_poisoned,poisoned,1,1,1,20.652740478515625,20.652740478515625,0.0,1.0,1.0
475,475,EXTERNAL_SAMPLE/0000475.png,degradation_restoration_poisoned,poisoned,1,1,1,9.954334259033203,9.954334259033203,0.0,0.8866826891899109,0.8866826891899109
476,476,EXTERNAL_SAMPLE/0000476.png,degradation_restoration_poisoned,poisoned,1,1,1,15.835457801818848,15.835457801818848,0.0,0.9999918937683105,0.9999918937683105
477,477,EXTERNAL_SAMPLE/0000477.png,degradation_restoration_poisoned,poisoned,1,1,1,14.083999633789062,14.083999633789062,0.0,0.999964714050293,0.999964714050293
478,478,EXTERNAL_SAMPLE/0000478.png,degradation_restoration_poisoned,poisoned,1,1,5,5.240691184997559,5.240691184997559,0.0,0.21536225080490112,0.21536225080490112
479,479,EXTERNAL_SAMPLE/0000479.png,degradation_restoration_poisoned,poisoned,1,1,1,25.3456974029541,25.3456974029541,0.0,1.0,1.0
480,480,EXTERNAL_SAMPLE/0000480.png,degradation_restoration_poisoned,poisoned,1,1,1,20.4583740234375,20.4583740234375,0.0,0.9999998807907104,0.9999998807907104
481,481,EXTERNAL_SAMPLE/0000481.png,degradation_restoration_poisoned,poisoned,1,1,1,20.186857223510742,20.186857223510742,0.0,0.9999997615814209,0.9999997615814209
482,482,EXTERNAL_SAMPLE/0000482.png,degradation_restoration_poisoned,poisoned,1,1,3,5.668647289276123,5.668647289276123,0.0,0.41838350892066956,0.41838350892066956
483,483,EXTERNAL_SAMPLE/0000483.png,degradation_restoration_poisoned,poisoned,1,1,1,19.702844619750977,19.702844619750977,0.0,0.9999997615814209,0.9999997615814209
484,484,EXTERNAL_SAMPLE/0000484.png,degradation_restoration_poisoned,poisoned,1,1,1,17.614337921142578,17.614337921142578,0.0,0.9999486207962036,0.9999486207962036
485,485,EXTERNAL_SAMPLE/0000485.png,degradation_restoration_poisoned,poisoned,1,1,1,22.2342529296875,22.2342529296875,0.0,1.0,1.0
486,486,EXTERNAL_SAMPLE/0000486.png,degradation_restoration_poisoned,poisoned,1,1,3,6.208703517913818,6.208703517913818,0.0,0.41644948720932007,0.41644948720932007
487,487,EXTERNAL_SAMPLE/0000487.png,degradation_restoration_poisoned,poisoned,1,1,1,9.098112106323242,9.098112106323242,0.0,0.9314541220664978,0.9314541220664978
488,488,EXTERNAL_SAMPLE/0000488.png,degradation_restoration_poisoned,poisoned,1,1,1,12.649243354797363,12.649243354797363,0.0,0.9996116757392883,0.9996116757392883
489,489,EXTERNAL_SAMPLE/0000489.png,degradation_restoration_poisoned,poisoned,1,1,1,13.27622127532959,13.27622127532959,0.0,0.9992190599441528,0.9992190599441528
490,490,EXTERNAL_SAMPLE/0000490.png,degradation_restoration_poisoned,poisoned,1,1,1,15.64254379272461,15.64254379272461,0.0,0.9999737739562988,0.9999737739562988
491,491,EXTERNAL_SAMPLE/0000491.png,degradation_restoration_poisoned,poisoned,1,1,1,15.06182861328125,15.06182861328125,0.0,0.9999417066574097,0.9999417066574097
492,492,EXTERNAL_SAMPLE/0000492.png,degradation_restoration_poisoned,poisoned,1,1,1,15.269350051879883,15.269350051879883,0.0,0.9999226331710815,0.9999226331710815
493,493,EXTERNAL_SAMPLE/0000493.png,degradation_restoration_poisoned,poisoned,1,1,1,10.635003089904785,10.635003089904785,0.0,0.9972184896469116,0.9972184896469116
494,494,EXTERNAL_SAMPLE/0000494.png,degradation_restoration_poisoned,poisoned,1,1,1,10.69836711883545,10.69836711883545,0.0,0.9746285080909729,0.9746285080909729
495,495,EXTERNAL_SAMPLE/0000495.png,degradation_restoration_poisoned,poisoned,1,1,1,13.91833782196045,13.91833782196045,0.0,0.9999330043792725,0.9999330043792725
496,496,EXTERNAL_SAMPLE/0000496.png,degradation_restoration_poisoned,poisoned,1,1,1,30.814041137695312,30.814041137695312,0.0,1.0,1.0
497,497,EXTERNAL_SAMPLE/0000497.png,degradation_restoration_poisoned,poisoned,1,1,1,5.49227237701416,5.49227237701416,0.0,0.7023450136184692,0.7023450136184692
498,498,EXTERNAL_SAMPLE/0000498.png,degradation_restoration_poisoned,poisoned,1,1,1,14.031659126281738,14.031659126281738,0.0,0.9997146725654602,0.9997146725654602
499,499,EXTERNAL_SAMPLE/0000499.png,degradation_restoration_poisoned,poisoned,1,1,1,16.989194869995117,16.989194869995117,0.0,0.9999752044677734,0.9999752044677734
500,500,EXTERNAL_SAMPLE/0000500.png,degradation_restoration_poisoned,poisoned,1,1,1,14.634032249450684,14.634032249450684,0.0,0.9999804496765137,0.9999804496765137
501,501,EXTERNAL_SAMPLE/0000501.png,degradation_restoration_poisoned,poisoned,1,1,1,10.772101402282715,10.772101402282715,0.0,0.9880620241165161,0.9880620241165161
502,502,EXTERNAL_SAMPLE/0000502.png,degradation_restoration_poisoned,poisoned,1,1,1,10.100484848022461,10.100484848022461,0.0,0.9937165379524231,0.9937165379524231
503,503,EXTERNAL_SAMPLE/0000503.png,degradation_restoration_poisoned,poisoned,1,1,1,9.732205390930176,9.732205390930176,0.0,0.9954553842544556,0.9954553842544556
504,504,EXTERNAL_SAMPLE/0000504.png,degradation_restoration_poisoned,poisoned,1,1,1,13.586447715759277,13.586447715759277,0.0,0.9999347925186157,0.9999347925186157
505,505,EXTERNAL_SAMPLE/0000505.png,degradation_restoration_poisoned,poisoned,1,1,1,19.737295150756836,19.737295150756836,0.0,0.9999997615814209,0.9999997615814209
506,506,EXTERNAL_SAMPLE/0000506.png,degradation_restoration_poisoned,poisoned,1,1,1,9.179698944091797,9.179698944091797,0.0,0.9801859855651855,0.9801859855651855
507,507,EXTERNAL_SAMPLE/0000507.png,degradation_restoration_poisoned,poisoned,1,1,1,30.642000198364258,30.642000198364258,0.0,1.0,1.0
508,508,EXTERNAL_SAMPLE/0000508.png,degradation_restoration_poisoned,poisoned,1,1,1,11.510305404663086,11.510305404663086,0.0,0.9993839263916016,0.9993839263916016
509,509,EXTERNAL_SAMPLE/0000509.png,degradation_restoration_poisoned,poisoned,1,1,1,22.987445831298828,22.987445831298828,0.0,1.0,1.0
510,510,EXTERNAL_SAMPLE/0000510.png,degradation_restoration_poisoned,poisoned,1,1,1,11.981821060180664,11.981821060180664,0.0,0.8302083611488342,0.8302083611488342
511,511,EXTERNAL_SAMPLE/0000511.png,degradation_restoration_poisoned,poisoned,1,1,1,19.04052734375,19.04052734375,0.0,0.9999970197677612,0.9999970197677612
