sample_index,original_index,source_path,setting,domain,true_label,target_class,predicted_label,target_logit,true_class_logit,target_margin,target_probability,true_class_probability
0,0,EXTERNAL_SAMPLE/0000000.png,origin_clean,clean,0,0,0,9.967269897460938,9.967269897460938,0.0,0.9979215264320374,0.9979215264320374
1,1,EXTERNAL_SAMPLE/0000001.png,origin_clean,clean,0,0,0,10.309907913208008,10.309907913208008,0.0,0.9985154271125793,0.9985154271125793
2,2,EXTERNAL_SAMPLE/0000002.png,origin_clean,clean,0,0,0,15.936830520629883,15.936830520629883,0.0,0.9999977350234985,0.9999977350234985
3,3,EXTERNAL_SAMPLE/0000003.png,origin_clean,clean,0,0,0,16.57366943359375,16.57366943359375,0.0,0.9999964237213135,0.9999964237213135
4,4,EXTERNAL_SAMPLE/0000004.png,origin_clean,clean,0,0,0,5.907479286193848,5.907479286193848,0.0,0.8560577034950256,0.8560577034950256
5,5,EXTERNAL_SAMPLE/0000005.png,origin_clean,clean,0,0,0,13.490315437316895,13.490315437316895,0.0,0.9999699592590332,0.9999699592590332
6,6,EXTERNAL_SAMPLE/0000006.png,origin_clean,clean,0,0,0,9.394902229309082,9.394902229309082,0.0,0.9940935969352722,0.9940935969352722
7,7,EXTERNAL_SAMPLE/0000007.png,origin_clean,clean,0,0,0,11.183951377868652,11.183951377868652,0.0,0.9992289543151855,0.9992289543151855
8,8,EXTERNAL_SAMPLE/0000008.png,origin_clean,clean,0,0,0,13.55263900756836,13.55263900756836,0.0,0.9999032020568848,0.9999032020568848
9,9,EXTERNAL_SAMPLE/0000009.png,origin_clean,clean,0,0,0,9.324652671813965,9.324652671813965,0.0,0.9973573088645935,0.9973573088645935
10,10,EXTERNAL_SAMPLE/0000010.png,origin_clean,clean,0,0,0,8.668035507202148,8.668035507202148,0.0,0.9874457120895386,0.9874457120895386
11,11,EXTERNAL_SAMPLE/0000011.png,origin_clean,clean,0,0,3,3.3278188705444336,3.3278188705444336,0.0,0.17254950106143951,0.17254950106143951
12,12,EXTERNAL_SAMPLE/0000012.png,origin_clean,clean,0,0,0,8.193971633911133,8.193971633911133,0.0,0.9838804602622986,0.9838804602622986
13,13,EXTERNAL_SAMPLE/0000013.png,origin_clean,clean,0,0,0,6.110947132110596,6.110947132110596,0.0,0.83856201171875,0.83856201171875
14,14,EXTERNAL_SAMPLE/0000014.png,origin_clean,clean,0,0,0,21.19634437561035,21.19634437561035,0.0,0.9999998807907104,0.9999998807907104
15,15,EXTERNAL_SAMPLE/0000015.png,origin_clean,clean,0,0,0,16.050506591796875,16.050506591796875,0.0,0.9999932050704956,0.9999932050704956
16,16,EXTERNAL_SAMPLE/0000016.png,origin_clean,clean,0,0,0,2.984611988067627,2.984611988067627,0.0,0.287151962518692,0.287151962518692
17,17,EXTERNAL_SAMPLE/0000017.png,origin_clean,clean,0,0,0,13.631616592407227,13.631616592407227,0.0,0.9999692440032959,0.9999692440032959
18,18,EXTERNAL_SAMPLE/0000018.png,origin_clean,clean,0,0,0,12.907182693481445,12.907182693481445,0.0,0.9998902082443237,0.9998902082443237
19,19,EXTERNAL_SAMPLE/0000019.png,origin_clean,clean,0,0,0,9.452192306518555,9.452192306518555,0.0,0.975033700466156,0.975033700466156
20,20,EXTERNAL_SAMPLE/0000020.png,origin_clean,clean,0,0,0,19.89515495300293,19.89515495300293,0.0,1.0,1.0
21,21,EXTERNAL_SAMPLE/0000021.png,origin_clean,clean,0,0,6,3.0744149684906006,3.0744149684906006,0.0,0.1707800328731537,0.1707800328731537
22,22,EXTERNAL_SAMPLE/0000022.png,origin_clean,clean,0,0,0,7.514560699462891,7.514560699462891,0.0,0.9592862129211426,0.9592862129211426
23,23,EXTERNAL_SAMPLE/0000023.png,origin_clean,clean,0,0,0,10.311925888061523,10.311925888061523,0.0,0.995083749294281,0.995083749294281
24,24,EXTERNAL_SAMPLE/0000024.png,origin_clean,clean,0,0,0,6.547316074371338,6.547316074371338,0.0,0.8169381022453308,0.8169381022453308
25,25,EXTERNAL_SAMPLE/0000025.png,origin_clean,clean,0,0,0,13.24700927734375,13.24700927734375,0.0,0.9997075200080872,0.9997075200080872
26,26,EXTERNAL_SAMPLE/0000026.png,origin_clean,clean,0,0,3,4.361949920654297,4.361949920654297,0.0,0.1545228660106659,0.1545228660106659
27,27,EXTERNAL_SAMPLE/0000027.png,origin_clean,clean,0,0,0,14.752575874328613,14.752575874328613,0.0,0.999947190284729,0.999947190284729
28,28,EXTERNAL_SAMPLE/0000028.png,origin_clean,clean,0,0,0,8.37843132019043,8.37843132019043,0.0,0.9893391728401184,0.9893391728401184
29,29,EXTERNAL_SAMPLE/0000029.png,origin_clean,clean,0,0,0,14.303997993469238,14.303997993469238,0.0,0.9999858140945435,0.9999858140945435
30,30,EXTERNAL_SAMPLE/0000030.png,origin_clean,clean,0,0,0,15.339973449707031,15.339973449707031,0.0,0.999994158744812,0.999994158744812
31,31,EXTERNAL_SAMPLE/0000031.png,origin_clean,clean,0,0,0,10.083596229553223,10.083596229553223,0.0,0.996543824672699,0.996543824672699
32,32,EXTERNAL_SAMPLE/0000032.png,origin_clean,clean,0,0,0,11.004095077514648,11.004095077514648,0.0,0.9992455244064331,0.9992455244064331
33,33,EXTERNAL_SAMPLE/0000033.png,origin_clean,clean,0,0,0,12.044729232788086,12.044729232788086,0.0,0.9996236562728882,0.9996236562728882
34,34,EXTERNAL_SAMPLE/0000034.png,origin_clean,clean,0,0,2,3.77131724357605,3.77131724357605,0.0,0.008019695058465004,0.008019695058465004
35,35,EXTERNAL_SAMPLE/0000035.png,origin_clean,clean,0,0,0,9.478119850158691,9.478119850158691,0.0,0.9969235062599182,0.9969235062599182
36,36,EXTERNAL_SAMPLE/0000036.png,origin_clean,clean,0,0,0,15.003730773925781,15.003730773925781,0.0,0.9999916553497314,0.9999916553497314
37,37,EXTERNAL_SAMPLE/0000037.png,origin_clean,clean,0,0,8,4.357917785644531,4.357917785644531,0.0,0.3164970278739929,0.3164970278739929
38,38,EXTERNAL_SAMPLE/0000038.png,origin_clean,clean,0,0,0,13.110505104064941,13.110505104064941,0.0,0.9999452829360962,0.9999452829360962
39,39,EXTERNAL_SAMPLE/0000039.png,origin_clean,clean,0,0,0,16.724592208862305,16.724592208862305,0.0,0.9999955892562866,0.9999955892562866
40,40,EXTERNAL_SAMPLE/0000040.png,origin_clean,clean,0,0,0,13.839658737182617,13.839658737182617,0.0,0.9999642372131348,0.9999642372131348
41,41,EXTERNAL_SAMPLE/0000041.png,origin_clean,clean,0,0,0,11.693578720092773,11.693578720092773,0.0,0.9902825355529785,0.9902825355529785
42,42,EXTERNAL_SAMPLE/0000042.png,origin_clean,clean,0,0,0,20.5921630859375,20.5921630859375,0.0,1.0,1.0
43,43,EXTERNAL_SAMPLE/0000043.png,origin_clean,clean,0,0,0,11.925374031066895,11.925374031066895,0.0,0.9997765421867371,0.9997765421867371
44,44,EXTERNAL_SAMPLE/0000044.png,origin_clean,clean,0,0,0,6.016720771789551,6.016720771789551,0.0,0.7769185304641724,0.7769185304641724
45,45,EXTERNAL_SAMPLE/0000045.png,origin_clean,clean,0,0,0,11.369766235351562,11.369766235351562,0.0,0.9985306262969971,0.9985306262969971
46,46,EXTERNAL_SAMPLE/0000046.png,origin_clean,clean,0,0,0,15.415922164916992,15.415922164916992,0.0,0.9999924898147583,0.9999924898147583
47,47,EXTERNAL_SAMPLE/0000047.png,origin_clean,clean,0,0,0,7.513579845428467,7.513579845428467,0.0,0.9368659853935242,0.9368659853935242
48,48,EXTERNAL_SAMPLE/0000048.png,origin_clean,clean,0,0,0,15.05530071258545,15.05530071258545,0.0,0.9998075366020203,0.9998075366020203
49,49,EXTERNAL_SAMPLE/0000049.png,origin_clean,clean,0,0,0,7.5800557136535645,7.5800557136535645,0.0,0.9651877880096436,0.9651877880096436
50,50,EXTERNAL_SAMPLE/0000050.png,origin_clean,clean,0,0,0,11.903669357299805,11.903669357299805,0.0,0.9997884631156921,0.9997884631156921
51,51,EXTERNAL_SAMPLE/0000051.png,origin_clean,clean,0,0,0,10.562357902526855,10.562357902526855,0.0,0.9992603659629822,0.9992603659629822
52,52,EXTERNAL_SAMPLE/0000052.png,origin_clean,clean,0,0,0,11.380511283874512,11.380511283874512,0.0,0.9996435642242432,0.9996435642242432
53,53,EXTERNAL_SAMPLE/0000053.png,origin_clean,clean,0,0,0,7.3930983543396,7.3930983543396,0.0,0.9552538990974426,0.9552538990974426
54,54,EXTERNAL_SAMPLE/0000054.png,origin_clean,clean,0,0,0,9.771588325500488,9.771588325500488,0.0,0.9891807436943054,0.9891807436943054
55,55,EXTERNAL_SAMPLE/0000055.png,origin_clean,clean,0,0,0,15.211114883422852,15.211114883422852,0.0,0.9999964237213135,0.9999964237213135
56,56,EXTERNAL_SAMPLE/0000056.png,origin_clean,clean,0,0,0,8.759475708007812,8.759475708007812,0.0,0.9850119352340698,0.9850119352340698
57,57,EXTERNAL_SAMPLE/0000057.png,origin_clean,clean,0,0,0,9.72831916809082,9.72831916809082,0.0,0.9969981908798218,0.9969981908798218
58,58,EXTERNAL_SAMPLE/0000058.png,origin_clean,clean,0,0,0,7.863574981689453,7.863574981689453,0.0,0.9372845888137817,0.9372845888137817
59,59,EXTERNAL_SAMPLE/0000059.png,origin_clean,clean,0,0,0,3.767178773880005,3.767178773880005,0.0,0.37988439202308655,0.37988439202308655
60,60,EXTERNAL_SAMPLE/0000060.png,origin_clean,clean,0,0,0,9.077345848083496,9.077345848083496,0.0,0.9893264770507812,0.9893264770507812
61,61,EXTERNAL_SAMPLE/0000061.png,origin_clean,clean,0,0,0,11.965404510498047,11.965404510498047,0.0,0.9997135996818542,0.9997135996818542
62,62,EXTERNAL_SAMPLE/0000062.png,origin_clean,clean,0,0,0,10.961593627929688,10.961593627929688,0.0,0.9996213912963867,0.9996213912963867
63,63,EXTERNAL_SAMPLE/0000063.png,origin_clean,clean,0,0,0,7.452676296234131,7.452676296234131,0.0,0.8887808918952942,0.8887808918952942
64,64,EXTERNAL_SAMPLE/0000064.png,origin_clean,clean,0,0,0,12.459165573120117,12.459165573120117,0.0,0.9998893737792969,0.9998893737792969
65,65,EXTERNAL_SAMPLE/0000065.png,origin_clean,clean,0,0,0,13.54018497467041,13.54018497467041,0.0,0.9993795156478882,0.9993795156478882
66,66,EXTERNAL_SAMPLE/0000066.png,origin_clean,clean,0,0,0,13.04704761505127,13.04704761505127,0.0,0.9999277591705322,0.9999277591705322
67,67,EXTERNAL_SAMPLE/0000067.png,origin_clean,clean,0,0,0,7.394512176513672,7.394512176513672,0.0,0.9606178402900696,0.9606178402900696
68,68,EXTERNAL_SAMPLE/0000068.png,origin_clean,clean,0,0,0,13.667449951171875,13.667449951171875,0.0,0.9999618530273438,0.9999618530273438
69,69,EXTERNAL_SAMPLE/0000069.png,origin_clean,clean,0,0,0,14.761889457702637,14.761889457702637,0.0,0.999994158744812,0.999994158744812
70,70,EXTERNAL_SAMPLE/0000070.png,origin_clean,clean,0,0,0,16.3355770111084,16.3355770111084,0.0,0.9999983310699463,0.9999983310699463
71,71,EXTERNAL_SAMPLE/0000071.png,origin_clean,clean,0,0,0,4.391213417053223,4.391213417053223,0.0,0.5995799899101257,0.5995799899101257
72,72,EXTERNAL_SAMPLE/0000072.png,origin_clean,clean,0,0,0,14.687444686889648,14.687444686889648,0.0,0.9998651742935181,0.9998651742935181
73,73,EXTERNAL_SAMPLE/0000073.png,origin_clean,clean,0,0,0,12.199190139770508,12.199190139770508,0.0,0.9998458623886108,0.9998458623886108
74,74,EXTERNAL_SAMPLE/0000074.png,origin_clean,clean,0,0,5,4.279717922210693,4.279717922210693,0.0,0.3523527979850769,0.3523527979850769
75,75,EXTERNAL_SAMPLE/0000075.png,origin_clean,clean,0,0,0,13.23006820678711,13.23006820678711,0.0,0.999944806098938,0.999944806098938
76,76,EXTERNAL_SAMPLE/0000076.png,origin_clean,clean,0,0,0,19.617027282714844,19.617027282714844,0.0,1.0,1.0
77,77,EXTERNAL_SAMPLE/0000077.png,origin_clean,clean,0,0,0,13.645604133605957,13.645604133605957,0.0,0.9999756813049316,0.9999756813049316
78,78,EXTERNAL_SAMPLE/0000078.png,origin_clean,clean,0,0,0,10.551737785339355,10.551737785339355,0.0,0.9992469549179077,0.9992469549179077
79,79,EXTERNAL_SAMPLE/0000079.png,origin_clean,clean,0,0,0,18.76603889465332,18.76603889465332,0.0,0.9999997615814209,0.9999997615814209
80,80,EXTERNAL_SAMPLE/0000080.png,origin_clean,clean,0,0,0,13.656766891479492,13.656766891479492,0.0,0.9999585151672363,0.9999585151672363
81,81,EXTERNAL_SAMPLE/0000081.png,origin_clean,clean,0,0,0,11.546370506286621,11.546370506286621,0.0,0.9991716146469116,0.9991716146469116
82,82,EXTERNAL_SAMPLE/0000082.png,origin_clean,clean,0,0,0,6.793689727783203,6.793689727783203,0.0,0.9108793139457703,0.9108793139457703
83,83,EXTERNAL_SAMPLE/0000083.png,origin_clean,clean,0,0,0,12.333273887634277,12.333273887634277,0.0,0.9998592138290405,0.9998592138290405
84,84,EXTERNAL_SAMPLE/0000084.png,origin_clean,clean,0,0,0,11.2652006149292,11.2652006149292,0.0,0.9994375109672546,0.9994375109672546
85,85,EXTERNAL_SAMPLE/0000085.png,origin_clean,clean,0,0,0,14.462361335754395,14.462361335754395,0.0,0.9999744892120361,0.9999744892120361
86,86,EXTERNAL_SAMPLE/0000086.png,origin_clean,clean,0,0,0,8.153773307800293,8.153773307800293,0.0,0.977458119392395,0.977458119392395
87,87,EXTERNAL_SAMPLE/0000087.png,origin_clean,clean,0,0,0,10.054831504821777,10.054831504821777,0.0,0.9976039528846741,0.9976039528846741
88,88,EXTERNAL_SAMPLE/0000088.png,origin_clean,clean,0,0,0,13.154257774353027,13.154257774353027,0.0,0.9999288320541382,0.9999288320541382
89,89,EXTERNAL_SAMPLE/0000089.png,origin_clean,clean,0,0,0,11.58934497833252,11.58934497833252,0.0,0.9993689656257629,0.9993689656257629
90,90,EXTERNAL_SAMPLE/0000090.png,origin_clean,clean,0,0,0,6.549450397491455,6.549450397491455,0.0,0.9425565600395203,0.9425565600395203
91,91,EXTERNAL_SAMPLE/0000091.png,origin_clean,clean,0,0,0,8.86855411529541,8.86855411529541,0.0,0.9468991756439209,0.9468991756439209
92,92,EXTERNAL_SAMPLE/0000092.png,origin_clean,clean,0,0,0,4.314887046813965,4.314887046813965,0.0,0.5620587468147278,0.5620587468147278
93,93,EXTERNAL_SAMPLE/0000093.png,origin_clean,clean,0,0,0,5.1965765953063965,5.1965765953063965,0.0,0.6758272051811218,0.6758272051811218
94,94,EXTERNAL_SAMPLE/0000094.png,origin_clean,clean,0,0,5,3.6665444374084473,3.6665444374084473,0.0,0.2207169085741043,0.2207169085741043
95,95,EXTERNAL_SAMPLE/0000095.png,origin_clean,clean,0,0,3,2.473466634750366,2.473466634750366,0.0,0.060093507170677185,0.060093507170677185
96,96,EXTERNAL_SAMPLE/0000096.png,origin_clean,clean,0,0,0,11.083165168762207,11.083165168762207,0.0,0.9991165995597839,0.9991165995597839
97,97,EXTERNAL_SAMPLE/0000097.png,origin_clean,clean,0,0,0,9.68855094909668,9.68855094909668,0.0,0.9972249269485474,0.9972249269485474
98,98,EXTERNAL_SAMPLE/0000098.png,origin_clean,clean,0,0,0,10.565157890319824,10.565157890319824,0.0,0.9988338351249695,0.9988338351249695
99,99,EXTERNAL_SAMPLE/0000099.png,origin_clean,clean,0,0,0,6.541274547576904,6.541274547576904,0.0,0.8924934267997742,0.8924934267997742
100,100,EXTERNAL_SAMPLE/0000100.png,origin_clean,clean,0,0,0,9.906980514526367,9.906980514526367,0.0,0.9982885718345642,0.9982885718345642
101,101,EXTERNAL_SAMPLE/0000101.png,origin_clean,clean,0,0,0,4.014037132263184,4.014037132263184,0.0,0.5688241720199585,0.5688241720199585
102,102,EXTERNAL_SAMPLE/0000102.png,origin_clean,clean,0,0,0,12.494003295898438,12.494003295898438,0.0,0.9996390342712402,0.9996390342712402
103,103,EXTERNAL_SAMPLE/0000103.png,origin_clean,clean,0,0,0,20.947097778320312,20.947097778320312,0.0,1.0,1.0
104,104,EXTERNAL_SAMPLE/0000104.png,origin_clean,clean,0,0,0,12.872354507446289,12.872354507446289,0.0,0.9894887804985046,0.9894887804985046
105,105,EXTERNAL_SAMPLE/0000105.png,origin_clean,clean,0,0,0,10.200922966003418,10.200922966003418,0.0,0.9987666606903076,0.9987666606903076
106,106,EXTERNAL_SAMPLE/0000106.png,origin_clean,clean,0,0,0,8.260870933532715,8.260870933532715,0.0,0.9622664451599121,0.9622664451599121
107,107,EXTERNAL_SAMPLE/0000107.png,origin_clean,clean,0,0,0,15.654582023620605,15.654582023620605,0.0,0.999996542930603,0.999996542930603
108,108,EXTERNAL_SAMPLE/0000108.png,origin_clean,clean,0,0,0,15.590669631958008,15.590669631958008,0.0,0.9999916553497314,0.9999916553497314
109,109,EXTERNAL_SAMPLE/0000109.png,origin_clean,clean,0,0,0,7.250961780548096,7.250961780548096,0.0,0.8789836168289185,0.8789836168289185
110,110,EXTERNAL_SAMPLE/0000110.png,origin_clean,clean,0,0,0,10.625980377197266,10.625980377197266,0.0,0.9972308278083801,0.9972308278083801
111,111,EXTERNAL_SAMPLE/0000111.png,origin_clean,clean,0,0,0,8.194884300231934,8.194884300231934,0.0,0.9863170981407166,0.9863170981407166
112,112,EXTERNAL_SAMPLE/0000112.png,origin_clean,clean,0,0,0,16.447696685791016,16.447696685791016,0.0,0.9999970197677612,0.9999970197677612
113,113,EXTERNAL_SAMPLE/0000113.png,origin_clean,clean,0,0,4,2.2780051231384277,2.2780051231384277,0.0,0.19930921494960785,0.19930921494960785
114,114,EXTERNAL_SAMPLE/0000114.png,origin_clean,clean,0,0,8,5.306397438049316,5.306397438049316,0.0,0.1741122454404831,0.1741122454404831
115,115,EXTERNAL_SAMPLE/0000115.png,origin_clean,clean,0,0,0,13.887517929077148,13.887517929077148,0.0,0.999927282333374,0.999927282333374
116,116,EXTERNAL_SAMPLE/0000116.png,origin_clean,clean,0,0,0,8.867728233337402,8.867728233337402,0.0,0.9956207871437073,0.9956207871437073
117,117,EXTERNAL_SAMPLE/0000117.png,origin_clean,clean,0,0,0,9.633951187133789,9.633951187133789,0.0,0.9663309454917908,0.9663309454917908
118,118,EXTERNAL_SAMPLE/0000118.png,origin_clean,clean,0,0,0,10.009502410888672,10.009502410888672,0.0,0.997878909111023,0.997878909111023
119,119,EXTERNAL_SAMPLE/0000119.png,origin_clean,clean,0,0,0,10.560133934020996,10.560133934020996,0.0,0.9986386895179749,0.9986386895179749
120,120,EXTERNAL_SAMPLE/0000120.png,origin_clean,clean,0,0,0,13.957460403442383,13.957460403442383,0.0,0.9999508857727051,0.9999508857727051
121,121,EXTERNAL_SAMPLE/0000121.png,origin_clean,clean,0,0,0,18.85918617248535,18.85918617248535,0.0,0.9999998807907104,0.9999998807907104
122,122,EXTERNAL_SAMPLE/0000122.png,origin_clean,clean,0,0,0,9.85589599609375,9.85589599609375,0.0,0.9973360896110535,0.9973360896110535
123,123,EXTERNAL_SAMPLE/0000123.png,origin_clean,clean,0,0,0,9.576894760131836,9.576894760131836,0.0,0.9891623258590698,0.9891623258590698
124,124,EXTERNAL_SAMPLE/0000124.png,origin_clean,clean,0,0,0,8.654138565063477,8.654138565063477,0.0,0.9850366115570068,0.9850366115570068
125,125,EXTERNAL_SAMPLE/0000125.png,origin_clean,clean,0,0,0,10.72436237335205,10.72436237335205,0.0,0.9980850219726562,0.9980850219726562
126,126,EXTERNAL_SAMPLE/0000126.png,origin_clean,clean,0,0,0,14.551135063171387,14.551135063171387,0.0,0.9999891519546509,0.9999891519546509
127,127,EXTERNAL_SAMPLE/0000127.png,origin_clean,clean,0,0,0,7.377993106842041,7.377993106842041,0.0,0.957301914691925,0.957301914691925
128,128,EXTERNAL_SAMPLE/0000128.png,origin_clean,clean,0,0,0,15.099276542663574,15.099276542663574,0.0,0.999984860420227,0.999984860420227
129,129,EXTERNAL_SAMPLE/0000129.png,origin_clean,clean,0,0,0,13.423820495605469,13.423820495605469,0.0,0.9999712705612183,0.9999712705612183
130,130,EXTERNAL_SAMPLE/0000130.png,origin_clean,clean,0,0,0,11.958990097045898,11.958990097045898,0.0,0.9995941519737244,0.9995941519737244
131,131,EXTERNAL_SAMPLE/0000131.png,origin_clean,clean,0,0,0,13.342971801757812,13.342971801757812,0.0,0.9999703168869019,0.9999703168869019
132,132,EXTERNAL_SAMPLE/0000132.png,origin_clean,clean,0,0,8,2.7243664264678955,2.7243664264678955,0.0,0.10003676265478134,0.10003676265478134
133,133,EXTERNAL_SAMPLE/0000133.png,origin_clean,clean,0,0,0,11.111591339111328,11.111591339111328,0.0,0.9993308782577515,0.9993308782577515
134,134,EXTERNAL_SAMPLE/0000134.png,origin_clean,clean,0,0,0,12.529156684875488,12.529156684875488,0.0,0.999927282333374,0.999927282333374
135,135,EXTERNAL_SAMPLE/0000135.png,origin_clean,clean,0,0,0,18.357994079589844,18.357994079589844,0.0,0.9999997615814209,0.9999997615814209
136,136,EXTERNAL_SAMPLE/0000136.png,origin_clean,clean,0,0,0,13.934868812561035,13.934868812561035,0.0,0.9998623132705688,0.9998623132705688
137,137,EXTERNAL_SAMPLE/0000137.png,origin_clean,clean,0,0,0,15.102738380432129,15.102738380432129,0.0,0.9999951124191284,0.9999951124191284
138,138,EXTERNAL_SAMPLE/0000138.png,origin_clean,clean,0,0,0,11.815255165100098,11.815255165100098,0.0,0.9995664954185486,0.9995664954185486
139,139,EXTERNAL_SAMPLE/0000139.png,origin_clean,clean,0,0,0,7.228905200958252,7.228905200958252,0.0,0.890676736831665,0.890676736831665
140,140,EXTERNAL_SAMPLE/0000140.png,origin_clean,clean,0,0,0,5.587175369262695,5.587175369262695,0.0,0.8020555377006531,0.8020555377006531
141,141,EXTERNAL_SAMPLE/0000141.png,origin_clean,clean,0,0,0,6.401161193847656,6.401161193847656,0.0,0.6704327464103699,0.6704327464103699
142,142,EXTERNAL_SAMPLE/0000142.png,origin_clean,clean,0,0,0,16.069839477539062,16.069839477539062,0.0,0.9999980926513672,0.9999980926513672
143,143,EXTERNAL_SAMPLE/0000143.png,origin_clean,clean,0,0,0,10.738121032714844,10.738121032714844,0.0,0.9994485974311829,0.9994485974311829
144,144,EXTERNAL_SAMPLE/0000144.png,origin_clean,clean,0,0,0,18.223756790161133,18.223756790161133,0.0,0.9999996423721313,0.9999996423721313
145,145,EXTERNAL_SAMPLE/0000145.png,origin_clean,clean,0,0,0,8.3203125,8.3203125,0.0,0.8389744758605957,0.8389744758605957
146,146,EXTERNAL_SAMPLE/0000146.png,origin_clean,clean,0,0,0,9.306855201721191,9.306855201721191,0.0,0.9952589869499207,0.9952589869499207
147,147,EXTERNAL_SAMPLE/0000147.png,origin_clean,clean,0,0,0,5.9950852394104,5.9950852394104,0.0,0.8998144865036011,0.8998144865036011
148,148,EXTERNAL_SAMPLE/0000148.png,origin_clean,clean,0,0,3,4.362796306610107,4.362796306610107,0.0,0.41999828815460205,0.41999828815460205
149,149,EXTERNAL_SAMPLE/0000149.png,origin_clean,clean,0,0,0,7.545953750610352,7.545953750610352,0.0,0.71049964427948,0.71049964427948
150,150,EXTERNAL_SAMPLE/0000150.png,origin_clean,clean,0,0,0,10.802460670471191,10.802460670471191,0.0,0.999127209186554,0.999127209186554
151,151,EXTERNAL_SAMPLE/0000151.png,origin_clean,clean,0,0,9,2.887477397918701,2.887477397918701,0.0,0.04038400575518608,0.04038400575518608
152,152,EXTERNAL_SAMPLE/0000152.png,origin_clean,clean,0,0,0,15.343954086303711,15.343954086303711,0.0,0.9999958276748657,0.9999958276748657
153,153,EXTERNAL_SAMPLE/0000153.png,origin_clean,clean,0,0,3,2.798185348510742,2.798185348510742,0.0,0.00852931011468172,0.00852931011468172
154,154,EXTERNAL_SAMPLE/0000154.png,origin_clean,clean,0,0,0,8.958256721496582,8.958256721496582,0.0,0.988805890083313,0.988805890083313
155,155,EXTERNAL_SAMPLE/0000155.png,origin_clean,clean,0,0,0,13.89433479309082,13.89433479309082,0.0,0.9999630451202393,0.9999630451202393
156,156,EXTERNAL_SAMPLE/0000156.png,origin_clean,clean,0,0,0,5.660498142242432,5.660498142242432,0.0,0.4917565882205963,0.4917565882205963
157,157,EXTERNAL_SAMPLE/0000157.png,origin_clean,clean,0,0,0,10.738323211669922,10.738323211669922,0.0,0.9992082715034485,0.9992082715034485
158,158,EXTERNAL_SAMPLE/0000158.png,origin_clean,clean,0,0,0,14.90496826171875,14.90496826171875,0.0,0.999991774559021,0.999991774559021
159,159,EXTERNAL_SAMPLE/0000159.png,origin_clean,clean,0,0,0,4.515407085418701,4.515407085418701,0.0,0.62618488073349,0.62618488073349
160,160,EXTERNAL_SAMPLE/0000160.png,origin_clean,clean,0,0,0,3.889813184738159,3.889813184738159,0.0,0.46714115142822266,0.46714115142822266
161,161,EXTERNAL_SAMPLE/0000161.png,origin_clean,clean,0,0,6,2.2986831665039062,2.2986831665039062,0.0,0.05485483258962631,0.05485483258962631
162,162,EXTERNAL_SAMPLE/0000162.png,origin_clean,clean,0,0,3,1.0719398260116577,1.0719398260116577,0.0,0.015037961304187775,0.015037961304187775
163,163,EXTERNAL_SAMPLE/0000163.png,origin_clean,clean,0,0,3,3.008849859237671,3.008849859237671,0.0,0.021509569138288498,0.021509569138288498
164,164,EXTERNAL_SAMPLE/0000164.png,origin_clean,clean,0,0,0,6.374112606048584,6.374112606048584,0.0,0.9224185347557068,0.9224185347557068
165,165,EXTERNAL_SAMPLE/0000165.png,origin_clean,clean,0,0,0,7.783073902130127,7.783073902130127,0.0,0.9866660237312317,0.9866660237312317
166,166,EXTERNAL_SAMPLE/0000166.png,origin_clean,clean,0,0,8,4.769539833068848,4.769539833068848,0.0,0.07694034278392792,0.07694034278392792
167,167,EXTERNAL_SAMPLE/0000167.png,origin_clean,clean,0,0,0,9.626822471618652,9.626822471618652,0.0,0.9859743714332581,0.9859743714332581
168,168,EXTERNAL_SAMPLE/0000168.png,origin_clean,clean,0,0,0,14.233284950256348,14.233284950256348,0.0,0.9999804496765137,0.9999804496765137
169,169,EXTERNAL_SAMPLE/0000169.png,origin_clean,clean,0,0,0,7.1976704597473145,7.1976704597473145,0.0,0.9285144209861755,0.9285144209861755
170,170,EXTERNAL_SAMPLE/0000170.png,origin_clean,clean,0,0,0,10.61331844329834,10.61331844329834,0.0,0.9962068796157837,0.9962068796157837
171,171,EXTERNAL_SAMPLE/0000171.png,origin_clean,clean,0,0,9,3.444971799850464,3.444971799850464,0.0,0.20628418028354645,0.20628418028354645
172,172,EXTERNAL_SAMPLE/0000172.png,origin_clean,clean,0,0,0,12.680336952209473,12.680336952209473,0.0,0.9998526573181152,0.9998526573181152
173,173,EXTERNAL_SAMPLE/0000173.png,origin_clean,clean,0,0,3,4.318059921264648,4.318059921264648,0.0,0.2392456978559494,0.2392456978559494
174,174,EXTERNAL_SAMPLE/0000174.png,origin_clean,clean,0,0,9,3.716883420944214,3.716883420944214,0.0,0.32306039333343506,0.32306039333343506
175,175,EXTERNAL_SAMPLE/0000175.png,origin_clean,clean,0,0,0,7.477534294128418,7.477534294128418,0.0,0.9620164036750793,0.9620164036750793
176,176,EXTERNAL_SAMPLE/0000176.png,origin_clean,clean,0,0,0,7.093553066253662,7.093553066253662,0.0,0.5834972858428955,0.5834972858428955
177,177,EXTERNAL_SAMPLE/0000177.png,origin_clean,clean,0,0,0,10.918581008911133,10.918581008911133,0.0,0.9991840720176697,0.9991840720176697
178,178,EXTERNAL_SAMPLE/0000178.png,origin_clean,clean,0,0,0,12.042105674743652,12.042105674743652,0.0,0.999794065952301,0.999794065952301
179,179,EXTERNAL_SAMPLE/0000179.png,origin_clean,clean,0,0,0,14.756818771362305,14.756818771362305,0.0,0.9999791383743286,0.9999791383743286
180,180,EXTERNAL_SAMPLE/0000180.png,origin_clean,clean,0,0,0,8.960663795471191,8.960663795471191,0.0,0.990221381187439,0.990221381187439
181,181,EXTERNAL_SAMPLE/0000181.png,origin_clean,clean,0,0,0,13.265531539916992,13.265531539916992,0.0,0.9998767375946045,0.9998767375946045
182,182,EXTERNAL_SAMPLE/0000182.png,origin_clean,clean,0,0,0,10.752962112426758,10.752962112426758,0.0,0.9992844462394714,0.9992844462394714
183,183,EXTERNAL_SAMPLE/0000183.png,origin_clean,clean,0,0,0,11.973686218261719,11.973686218261719,0.0,0.9997201561927795,0.9997201561927795
184,184,EXTERNAL_SAMPLE/0000184.png,origin_clean,clean,0,0,0,10.553579330444336,10.553579330444336,0.0,0.9985836744308472,0.9985836744308472
185,185,EXTERNAL_SAMPLE/0000185.png,origin_clean,clean,0,0,0,5.518636703491211,5.518636703491211,0.0,0.7011609077453613,0.7011609077453613
186,186,EXTERNAL_SAMPLE/0000186.png,origin_clean,clean,0,0,0,16.846006393432617,16.846006393432617,0.0,0.9999964237213135,0.9999964237213135
187,187,EXTERNAL_SAMPLE/0000187.png,origin_clean,clean,0,0,0,9.672615051269531,9.672615051269531,0.0,0.998665452003479,0.998665452003479
188,188,EXTERNAL_SAMPLE/0000188.png,origin_clean,clean,0,0,0,3.4261844158172607,3.4261844158172607,0.0,0.3852332532405853,0.3852332532405853
189,189,EXTERNAL_SAMPLE/0000189.png,origin_clean,clean,0,0,3,1.6221632957458496,1.6221632957458496,0.0,0.0029996908269822598,0.0029996908269822598
190,190,EXTERNAL_SAMPLE/0000190.png,origin_clean,clean,0,0,0,6.9657301902771,6.9657301902771,0.0,0.7415182590484619,0.7415182590484619
191,191,EXTERNAL_SAMPLE/0000191.png,origin_clean,clean,0,0,0,11.978889465332031,11.978889465332031,0.0,0.9996923208236694,0.9996923208236694
192,192,EXTERNAL_SAMPLE/0000192.png,origin_clean,clean,0,0,0,6.223141193389893,6.223141193389893,0.0,0.8340470790863037,0.8340470790863037
193,193,EXTERNAL_SAMPLE/0000193.png,origin_clean,clean,0,0,0,7.6356587409973145,7.6356587409973145,0.0,0.9650251865386963,0.9650251865386963
194,194,EXTERNAL_SAMPLE/0000194.png,origin_clean,clean,0,0,0,18.103464126586914,18.103464126586914,0.0,0.9999996423721313,0.9999996423721313
195,195,EXTERNAL_SAMPLE/0000195.png,origin_clean,clean,0,0,4,2.046684980392456,2.046684980392456,0.0,0.03447265550494194,0.03447265550494194
196,196,EXTERNAL_SAMPLE/0000196.png,origin_clean,clean,0,0,0,5.981123924255371,5.981123924255371,0.0,0.862040102481842,0.862040102481842
197,197,EXTERNAL_SAMPLE/0000197.png,origin_clean,clean,0,0,0,14.58680248260498,14.58680248260498,0.0,0.9999895095825195,0.9999895095825195
198,198,EXTERNAL_SAMPLE/0000198.png,origin_clean,clean,0,0,0,9.606316566467285,9.606316566467285,0.0,0.9954240918159485,0.9954240918159485
199,199,EXTERNAL_SAMPLE/0000199.png,origin_clean,clean,0,0,0,5.189213275909424,5.189213275909424,0.0,0.6077630519866943,0.6077630519866943
200,200,EXTERNAL_SAMPLE/0000200.png,origin_clean,clean,0,0,0,11.10582447052002,11.10582447052002,0.0,0.9996070265769958,0.9996070265769958
201,201,EXTERNAL_SAMPLE/0000201.png,origin_clean,clean,0,0,0,6.6508355140686035,6.6508355140686035,0.0,0.7135991454124451,0.7135991454124451
202,202,EXTERNAL_SAMPLE/0000202.png,origin_clean,clean,0,0,0,16.19916343688965,16.19916343688965,0.0,0.9999973773956299,0.9999973773956299
203,203,EXTERNAL_SAMPLE/0000203.png,origin_clean,clean,0,0,0,18.06129264831543,18.06129264831543,0.0,0.9999996423721313,0.9999996423721313
204,204,EXTERNAL_SAMPLE/0000204.png,origin_clean,clean,0,0,0,11.185442924499512,11.185442924499512,0.0,0.9985803365707397,0.9985803365707397
205,205,EXTERNAL_SAMPLE/0000205.png,origin_clean,clean,0,0,0,8.307673454284668,8.307673454284668,0.0,0.98456871509552,0.98456871509552
206,206,EXTERNAL_SAMPLE/0000206.png,origin_clean,clean,0,0,0,17.57554817199707,17.57554817199707,0.0,0.999998927116394,0.999998927116394
207,207,EXTERNAL_SAMPLE/0000207.png,origin_clean,clean,0,0,0,7.072149276733398,7.072149276733398,0.0,0.9661988615989685,0.9661988615989685
208,208,EXTERNAL_SAMPLE/0000208.png,origin_clean,clean,0,0,0,9.54220199584961,9.54220199584961,0.0,0.9975771307945251,0.9975771307945251
209,209,EXTERNAL_SAMPLE/0000209.png,origin_clean,clean,0,0,0,4.434838771820068,4.434838771820068,0.0,0.33035987615585327,0.33035987615585327
210,210,EXTERNAL_SAMPLE/0000210.png,origin_clean,clean,0,0,0,8.83526611328125,8.83526611328125,0.0,0.7525216341018677,0.7525216341018677
211,211,EXTERNAL_SAMPLE/0000211.png,origin_clean,clean,0,0,0,10.674493789672852,10.674493789672852,0.0,0.9990314245223999,0.9990314245223999
212,212,EXTERNAL_SAMPLE/0000212.png,origin_clean,clean,0,0,0,4.432225227355957,4.432225227355957,0.0,0.48825013637542725,0.48825013637542725
213,213,EXTERNAL_SAMPLE/0000213.png,origin_clean,clean,0,0,0,8.965039253234863,8.965039253234863,0.0,0.9924835562705994,0.9924835562705994
214,214,EXTERNAL_SAMPLE/0000214.png,origin_clean,clean,0,0,0,14.877616882324219,14.877616882324219,0.0,0.9999921321868896,0.9999921321868896
215,215,EXTERNAL_SAMPLE/0000215.png,origin_clean,clean,0,0,0,9.491195678710938,9.491195678710938,0.0,0.9972248077392578,0.9972248077392578
216,216,EXTERNAL_SAMPLE/0000216.png,origin_clean,clean,0,0,0,13.404058456420898,13.404058456420898,0.0,0.9999346733093262,0.9999346733093262
217,217,EXTERNAL_SAMPLE/0000217.png,origin_clean,clean,0,0,0,13.640538215637207,13.640538215637207,0.0,0.999840259552002,0.999840259552002
218,218,EXTERNAL_SAMPLE/0000218.png,origin_clean,clean,0,0,0,12.575408935546875,12.575408935546875,0.0,0.9997904896736145,0.9997904896736145
219,219,EXTERNAL_SAMPLE/0000219.png,origin_clean,clean,0,0,0,10.29742431640625,10.29742431640625,0.0,0.9989221096038818,0.9989221096038818
220,220,EXTERNAL_SAMPLE/0000220.png,origin_clean,clean,0,0,0,13.581609725952148,13.581609725952148,0.0,0.9999322891235352,0.9999322891235352
221,221,EXTERNAL_SAMPLE/0000221.png,origin_clean,clean,0,0,0,10.588773727416992,10.588773727416992,0.0,0.9990158081054688,0.9990158081054688
222,222,EXTERNAL_SAMPLE/0000222.png,origin_clean,clean,0,0,0,15.127168655395508,15.127168655395508,0.0,0.9999923706054688,0.9999923706054688
223,223,EXTERNAL_SAMPLE/0000223.png,origin_clean,clean,0,0,0,9.207653999328613,9.207653999328613,0.0,0.9665930867195129,0.9665930867195129
224,224,EXTERNAL_SAMPLE/0000224.png,origin_clean,clean,0,0,0,9.198948860168457,9.198948860168457,0.0,0.9950817823410034,0.9950817823410034
225,225,EXTERNAL_SAMPLE/0000225.png,origin_clean,clean,0,0,5,4.257553577423096,4.257553577423096,0.0,0.20048697292804718,0.20048697292804718
226,226,EXTERNAL_SAMPLE/0000226.png,origin_clean,clean,0,0,0,9.253741264343262,9.253741264343262,0.0,0.9964348077774048,0.9964348077774048
227,227,EXTERNAL_SAMPLE/0000227.png,origin_clean,clean,0,0,0,14.570833206176758,14.570833206176758,0.0,0.9999310970306396,0.9999310970306396
228,228,EXTERNAL_SAMPLE/0000228.png,origin_clean,clean,0,0,8,6.835912704467773,6.835912704467773,0.0,0.47034433484077454,0.47034433484077454
229,229,EXTERNAL_SAMPLE/0000229.png,origin_clean,clean,0,0,0,9.785598754882812,9.785598754882812,0.0,0.994242250919342,0.994242250919342
230,230,EXTERNAL_SAMPLE/0000230.png,origin_clean,clean,0,0,0,12.923824310302734,12.923824310302734,0.0,0.999847412109375,0.999847412109375
231,231,EXTERNAL_SAMPLE/0000231.png,origin_clean,clean,0,0,0,4.951794147491455,4.951794147491455,0.0,0.5745121836662292,0.5745121836662292
232,232,EXTERNAL_SAMPLE/0000232.png,origin_clean,clean,0,0,0,10.265886306762695,10.265886306762695,0.0,0.998630166053772,0.998630166053772
233,233,EXTERNAL_SAMPLE/0000233.png,origin_clean,clean,0,0,0,7.178377151489258,7.178377151489258,0.0,0.8489606380462646,0.8489606380462646
234,234,EXTERNAL_SAMPLE/0000234.png,origin_clean,clean,0,0,0,7.673837184906006,7.673837184906006,0.0,0.9719944000244141,0.9719944000244141
235,235,EXTERNAL_SAMPLE/0000235.png,origin_clean,clean,0,0,0,7.61201286315918,7.61201286315918,0.0,0.9302085041999817,0.9302085041999817
236,236,EXTERNAL_SAMPLE/0000236.png,origin_clean,clean,0,0,0,4.967868328094482,4.967868328094482,0.0,0.7802991271018982,0.7802991271018982
237,237,EXTERNAL_SAMPLE/0000237.png,origin_clean,clean,0,0,0,13.159239768981934,13.159239768981934,0.0,0.9998453855514526,0.9998453855514526
238,238,EXTERNAL_SAMPLE/0000238.png,origin_clean,clean,0,0,8,5.221008777618408,5.221008777618408,0.0,0.43379026651382446,0.43379026651382446
239,239,EXTERNAL_SAMPLE/0000239.png,origin_clean,clean,0,0,0,8.073970794677734,8.073970794677734,0.0,0.9737188220024109,0.9737188220024109
240,240,EXTERNAL_SAMPLE/0000240.png,origin_clean,clean,0,0,3,5.382776260375977,5.382776260375977,0.0,0.09845224767923355,0.09845224767923355
241,241,EXTERNAL_SAMPLE/0000241.png,origin_clean,clean,0,0,0,7.052582263946533,7.052582263946533,0.0,0.7320903539657593,0.7320903539657593
242,242,EXTERNAL_SAMPLE/0000242.png,origin_clean,clean,0,0,0,12.024335861206055,12.024335861206055,0.0,0.9998177886009216,0.9998177886009216
243,243,EXTERNAL_SAMPLE/0000243.png,origin_clean,clean,0,0,0,10.209306716918945,10.209306716918945,0.0,0.9987664222717285,0.9987664222717285
244,244,EXTERNAL_SAMPLE/0000244.png,origin_clean,clean,0,0,0,5.29049015045166,5.29049015045166,0.0,0.6729502081871033,0.6729502081871033
245,245,EXTERNAL_SAMPLE/0000245.png,origin_clean,clean,0,0,1,1.2166961431503296,1.2166961431503296,0.0,0.00036995435948483646,0.00036995435948483646
246,246,EXTERNAL_SAMPLE/0000246.png,origin_clean,clean,0,0,0,10.488471984863281,10.488471984863281,0.0,0.999365508556366,0.999365508556366
247,247,EXTERNAL_SAMPLE/0000247.png,origin_clean,clean,0,0,0,8.668708801269531,8.668708801269531,0.0,0.9951961636543274,0.9951961636543274
248,248,EXTERNAL_SAMPLE/0000248.png,origin_clean,clean,0,0,0,14.69896125793457,14.69896125793457,0.0,0.9999808073043823,0.9999808073043823
249,249,EXTERNAL_SAMPLE/0000249.png,origin_clean,clean,0,0,0,10.432454109191895,10.432454109191895,0.0,0.9958046078681946,0.9958046078681946
250,250,EXTERNAL_SAMPLE/0000250.png,origin_clean,clean,0,0,0,5.164504528045654,5.164504528045654,0.0,0.46647143363952637,0.46647143363952637
251,251,EXTERNAL_SAMPLE/0000251.png,origin_clean,clean,0,0,9,1.5450527667999268,1.5450527667999268,0.0,0.05274660885334015,0.05274660885334015
252,252,EXTERNAL_SAMPLE/0000252.png,origin_clean,clean,0,0,5,3.215270519256592,3.215270519256592,0.0,0.17779794335365295,0.17779794335365295
253,253,EXTERNAL_SAMPLE/0000253.png,origin_clean,clean,0,0,0,14.978313446044922,14.978313446044922,0.0,0.9999897480010986,0.9999897480010986
254,254,EXTERNAL_SAMPLE/0000254.png,origin_clean,clean,0,0,0,8.157754898071289,8.157754898071289,0.0,0.9890928268432617,0.9890928268432617
255,255,EXTERNAL_SAMPLE/0000255.png,origin_clean,clean,0,0,0,12.513941764831543,12.513941764831543,0.0,0.999500036239624,0.999500036239624
256,256,EXTERNAL_SAMPLE/0000256.png,origin_clean,clean,0,0,0,7.433600902557373,7.433600902557373,0.0,0.9604921340942383,0.9604921340942383
257,257,EXTERNAL_SAMPLE/0000257.png,origin_clean,clean,0,0,0,8.124926567077637,8.124926567077637,0.0,0.9927733540534973,0.9927733540534973
258,258,EXTERNAL_SAMPLE/0000258.png,origin_clean,clean,0,0,0,9.670190811157227,9.670190811157227,0.0,0.9876903295516968,0.9876903295516968
259,259,EXTERNAL_SAMPLE/0000259.png,origin_clean,clean,0,0,0,11.300015449523926,11.300015449523926,0.0,0.9985947012901306,0.9985947012901306
260,260,EXTERNAL_SAMPLE/0000260.png,origin_clean,clean,0,0,3,1.3515571355819702,1.3515571355819702,0.0,0.009590365923941135,0.009590365923941135
261,261,EXTERNAL_SAMPLE/0000261.png,origin_clean,clean,0,0,0,6.029113292694092,6.029113292694092,0.0,0.7720890045166016,0.7720890045166016
262,262,EXTERNAL_SAMPLE/0000262.png,origin_clean,clean,0,0,0,12.258216857910156,12.258216857910156,0.0,0.9994617104530334,0.9994617104530334
263,263,EXTERNAL_SAMPLE/0000263.png,origin_clean,clean,0,0,0,9.618804931640625,9.618804931640625,0.0,0.9964235424995422,0.9964235424995422
264,264,EXTERNAL_SAMPLE/0000264.png,origin_clean,clean,0,0,0,13.973953247070312,13.973953247070312,0.0,0.9999771118164062,0.9999771118164062
265,265,EXTERNAL_SAMPLE/0000265.png,origin_clean,clean,0,0,0,12.268585205078125,12.268585205078125,0.0,0.9994531273841858,0.9994531273841858
266,266,EXTERNAL_SAMPLE/0000266.png,origin_clean,clean,0,0,0,11.828083038330078,11.828083038330078,0.0,0.9976209998130798,0.9976209998130798
267,267,EXTERNAL_SAMPLE/0000267.png,origin_clean,clean,0,0,0,19.39051055908203,19.39051055908203,0.0,0.9999998807907104,0.9999998807907104
268,268,EXTERNAL_SAMPLE/0000268.png,origin_clean,clean,0,0,0,6.156518459320068,6.156518459320068,0.0,0.8438583612442017,0.8438583612442017
269,269,EXTERNAL_SAMPLE/0000269.png,origin_clean,clean,0,0,0,8.847898483276367,8.847898483276367,0.0,0.9880488514900208,0.9880488514900208
270,270,EXTERNAL_SAMPLE/0000270.png,origin_clean,clean,0,0,0,22.11522102355957,22.11522102355957,0.0,1.0,1.0
271,271,EXTERNAL_SAMPLE/0000271.png,origin_clean,clean,0,0,0,16.42823600769043,16.42823600769043,0.0,0.9999971389770508,0.9999971389770508
272,272,EXTERNAL_SAMPLE/0000272.png,origin_clean,clean,0,0,0,11.900392532348633,11.900392532348633,0.0,0.9922532439231873,0.9922532439231873
273,273,EXTERNAL_SAMPLE/0000273.png,origin_clean,clean,0,0,0,13.779760360717773,13.779760360717773,0.0,0.999975323677063,0.999975323677063
274,274,EXTERNAL_SAMPLE/0000274.png,origin_clean,clean,0,0,0,7.634127616882324,7.634127616882324,0.0,0.9567912817001343,0.9567912817001343
275,275,EXTERNAL_SAMPLE/0000275.png,origin_clean,clean,0,0,0,9.927217483520508,9.927217483520508,0.0,0.9980021119117737,0.9980021119117737
276,276,EXTERNAL_SAMPLE/0000276.png,origin_clean,clean,0,0,0,12.90479564666748,12.90479564666748,0.0,0.999896764755249,0.999896764755249
277,277,EXTERNAL_SAMPLE/0000277.png,origin_clean,clean,0,0,8,2.58428955078125,2.58428955078125,0.0,0.08434959501028061,0.08434959501028061
278,278,EXTERNAL_SAMPLE/0000278.png,origin_clean,clean,0,0,0,14.725197792053223,14.725197792053223,0.0,0.9999626874923706,0.9999626874923706
279,279,EXTERNAL_SAMPLE/0000279.png,origin_clean,clean,0,0,0,5.749480247497559,5.749480247497559,0.0,0.8521707653999329,0.8521707653999329
280,280,EXTERNAL_SAMPLE/0000280.png,origin_clean,clean,0,0,0,8.846898078918457,8.846898078918457,0.0,0.9874512553215027,0.9874512553215027
281,281,EXTERNAL_SAMPLE/0000281.png,origin_clean,clean,0,0,0,14.832359313964844,14.832359313964844,0.0,0.9999850988388062,0.9999850988388062
282,282,EXTERNAL_SAMPLE/0000282.png,origin_clean,clean,0,0,0,11.541611671447754,11.541611671447754,0.0,0.9986611604690552,0.9986611604690552
283,283,EXTERNAL_SAMPLE/0000283.png,origin_clean,clean,0,0,0,13.351910591125488,13.351910591125488,0.0,0.9999219179153442,0.9999219179153442
284,284,EXTERNAL_SAMPLE/0000284.png,origin_clean,clean,0,0,0,8.445927619934082,8.445927619934082,0.0,0.9683337807655334,0.9683337807655334
285,285,EXTERNAL_SAMPLE/0000285.png,origin_clean,clean,0,0,0,5.502440929412842,5.502440929412842,0.0,0.7684382200241089,0.7684382200241089
286,286,EXTERNAL_SAMPLE/0000286.png,origin_clean,clean,0,0,0,14.929349899291992,14.929349899291992,0.0,0.9999948740005493,0.9999948740005493
287,287,EXTERNAL_SAMPLE/0000287.png,origin_clean,clean,0,0,0,19.484127044677734,19.484127044677734,0.0,0.9999998807907104,0.9999998807907104
288,288,EXTERNAL_SAMPLE/0000288.png,origin_clean,clean,0,0,0,5.936456203460693,5.936456203460693,0.0,0.5590259432792664,0.5590259432792664
289,289,EXTERNAL_SAMPLE/0000289.png,origin_clean,clean,0,0,0,19.404541015625,19.404541015625,0.0,1.0,1.0
290,290,EXTERNAL_SAMPLE/0000290.png,origin_clean,clean,0,0,0,17.94384002685547,17.94384002685547,0.0,0.9999990463256836,0.9999990463256836
291,291,EXTERNAL_SAMPLE/0000291.png,origin_clean,clean,0,0,0,14.189435958862305,14.189435958862305,0.0,0.9999698400497437,0.9999698400497437
292,292,EXTERNAL_SAMPLE/0000292.png,origin_clean,clean,0,0,0,6.64646053314209,6.64646053314209,0.0,0.7617871165275574,0.7617871165275574
293,293,EXTERNAL_SAMPLE/0000293.png,origin_clean,clean,0,0,1,1.4944512844085693,1.4944512844085693,0.0,0.03518439456820488,0.03518439456820488
294,294,EXTERNAL_SAMPLE/0000294.png,origin_clean,clean,0,0,1,5.262871265411377,5.262871265411377,0.0,0.3300604224205017,0.3300604224205017
295,295,EXTERNAL_SAMPLE/0000295.png,origin_clean,clean,0,0,0,6.424736499786377,6.424736499786377,0.0,0.6298016905784607,0.6298016905784607
296,296,EXTERNAL_SAMPLE/0000296.png,origin_clean,clean,0,0,0,21.04802703857422,21.04802703857422,0.0,1.0,1.0
297,297,EXTERNAL_SAMPLE/0000297.png,origin_clean,clean,0,0,0,9.933441162109375,9.933441162109375,0.0,0.9943755865097046,0.9943755865097046
298,298,EXTERNAL_SAMPLE/0000298.png,origin_clean,clean,0,0,0,15.5100736618042,15.5100736618042,0.0,0.9999953508377075,0.9999953508377075
299,299,EXTERNAL_SAMPLE/0000299.png,origin_clean,clean,0,0,0,7.631745338439941,7.631745338439941,0.0,0.96321702003479,0.96321702003479
300,300,EXTERNAL_SAMPLE/0000300.png,origin_clean,clean,0,0,3,5.874528408050537,5.874528408050537,0.0,0.26794612407684326,0.26794612407684326
301,301,EXTERNAL_SAMPLE/0000301.png,origin_clean,clean,0,0,0,10.120089530944824,10.120089530944824,0.0,0.9988773465156555,0.9988773465156555
302,302,EXTERNAL_SAMPLE/0000302.png,origin_clean,clean,0,0,0,9.541864395141602,9.541864395141602,0.0,0.9930374026298523,0.9930374026298523
303,303,EXTERNAL_SAMPLE/0000303.png,origin_clean,clean,0,0,0,5.91723108291626,5.91723108291626,0.0,0.7833173871040344,0.7833173871040344
304,304,EXTERNAL_SAMPLE/0000304.png,origin_clean,clean,0,0,0,13.4742431640625,13.4742431640625,0.0,0.9999091625213623,0.9999091625213623
305,305,EXTERNAL_SAMPLE/0000305.png,origin_clean,clean,0,0,0,6.481374263763428,6.481374263763428,0.0,0.8893644213676453,0.8893644213676453
306,306,EXTERNAL_SAMPLE/0000306.png,origin_clean,clean,0,0,0,8.194584846496582,8.194584846496582,0.0,0.9311795234680176,0.9311795234680176
307,307,EXTERNAL_SAMPLE/0000307.png,origin_clean,clean,0,0,0,15.48752498626709,15.48752498626709,0.0,0.9999915361404419,0.9999915361404419
308,308,EXTERNAL_SAMPLE/0000308.png,origin_clean,clean,0,0,0,13.51465129852295,13.51465129852295,0.0,0.9999523162841797,0.9999523162841797
309,309,EXTERNAL_SAMPLE/0000309.png,origin_clean,clean,0,0,0,10.374622344970703,10.374622344970703,0.0,0.9989824891090393,0.9989824891090393
310,310,EXTERNAL_SAMPLE/0000310.png,origin_clean,clean,0,0,0,6.243762969970703,6.243762969970703,0.0,0.8975272178649902,0.8975272178649902
311,311,EXTERNAL_SAMPLE/0000311.png,origin_clean,clean,0,0,0,9.609021186828613,9.609021186828613,0.0,0.9966006875038147,0.9966006875038147
312,312,EXTERNAL_SAMPLE/0000312.png,origin_clean,clean,0,0,0,10.073301315307617,10.073301315307617,0.0,0.9968818426132202,0.9968818426132202
313,313,EXTERNAL_SAMPLE/0000313.png,origin_clean,clean,0,0,0,17.699508666992188,17.699508666992188,0.0,0.9999996423721313,0.9999996423721313
314,314,EXTERNAL_SAMPLE/0000314.png,origin_clean,clean,0,0,0,5.410543441772461,5.410543441772461,0.0,0.5528853535652161,0.5528853535652161
315,315,EXTERNAL_SAMPLE/0000315.png,origin_clean,clean,0,0,0,8.204971313476562,8.204971313476562,0.0,0.9871721863746643,0.9871721863746643
316,316,EXTERNAL_SAMPLE/0000316.png,origin_clean,clean,0,0,0,5.541098117828369,5.541098117828369,0.0,0.8208997845649719,0.8208997845649719
317,317,EXTERNAL_SAMPLE/0000317.png,origin_clean,clean,0,0,0,7.684274196624756,7.684274196624756,0.0,0.9604909420013428,0.9604909420013428
318,318,EXTERNAL_SAMPLE/0000318.png,origin_clean,clean,0,0,0,7.875482559204102,7.875482559204102,0.0,0.9715418219566345,0.9715418219566345
319,319,EXTERNAL_SAMPLE/0000319.png,origin_clean,clean,0,0,0,11.504415512084961,11.504415512084961,0.0,0.9995539784431458,0.9995539784431458
320,320,EXTERNAL_SAMPLE/0000320.png,origin_clean,clean,0,0,0,7.350596904754639,7.350596904754639,0.0,0.8518505692481995,0.8518505692481995
321,321,EXTERNAL_SAMPLE/0000321.png,origin_clean,clean,0,0,0,15.67955493927002,15.67955493927002,0.0,0.9999964237213135,0.9999964237213135
322,322,EXTERNAL_SAMPLE/0000322.png,origin_clean,clean,0,0,0,4.951197624206543,4.951197624206543,0.0,0.6486003994941711,0.6486003994941711
323,323,EXTERNAL_SAMPLE/0000323.png,origin_clean,clean,0,0,0,14.69408893585205,14.69408893585205,0.0,0.9999822378158569,0.9999822378158569
324,324,EXTERNAL_SAMPLE/0000324.png,origin_clean,clean,0,0,0,15.448761940002441,15.448761940002441,0.0,0.9999959468841553,0.9999959468841553
325,325,EXTERNAL_SAMPLE/0000325.png,origin_clean,clean,0,0,0,17.427587509155273,17.427587509155273,0.0,0.9999992847442627,0.9999992847442627
326,326,EXTERNAL_SAMPLE/0000326.png,origin_clean,clean,0,0,0,11.89117431640625,11.89117431640625,0.0,0.9992722868919373,0.9992722868919373
327,327,EXTERNAL_SAMPLE/0000327.png,origin_clean,clean,0,0,0,4.652214050292969,4.652214050292969,0.0,0.5956465601921082,0.5956465601921082
328,328,EXTERNAL_SAMPLE/0000328.png,origin_clean,clean,0,0,0,5.365663528442383,5.365663528442383,0.0,0.697160542011261,0.697160542011261
329,329,EXTERNAL_SAMPLE/0000329.png,origin_clean,clean,0,0,0,9.939303398132324,9.939303398132324,0.0,0.9980180263519287,0.9980180263519287
330,330,EXTERNAL_SAMPLE/0000330.png,origin_clean,clean,0,0,0,9.163942337036133,9.163942337036133,0.0,0.9467357397079468,0.9467357397079468
331,331,EXTERNAL_SAMPLE/0000331.png,origin_clean,clean,0,0,0,9.534002304077148,9.534002304077148,0.0,0.9974104762077332,0.9974104762077332
332,332,EXTERNAL_SAMPLE/0000332.png,origin_clean,clean,0,0,0,7.394542217254639,7.394542217254639,0.0,0.9608592987060547,0.9608592987060547
333,333,EXTERNAL_SAMPLE/0000333.png,origin_clean,clean,0,0,0,10.23818302154541,10.23818302154541,0.0,0.9991627931594849,0.9991627931594849
334,334,EXTERNAL_SAMPLE/0000334.png,origin_clean,clean,0,0,0,14.887365341186523,14.887365341186523,0.0,0.9999889135360718,0.9999889135360718
335,335,EXTERNAL_SAMPLE/0000335.png,origin_clean,clean,0,0,0,16.757953643798828,16.757953643798828,0.0,0.9999984502792358,0.9999984502792358
336,336,EXTERNAL_SAMPLE/0000336.png,origin_clean,clean,0,0,0,9.166777610778809,9.166777610778809,0.0,0.9933244585990906,0.9933244585990906
337,337,EXTERNAL_SAMPLE/0000337.png,origin_clean,clean,0,0,0,5.595918655395508,5.595918655395508,0.0,0.6345278024673462,0.6345278024673462
338,338,EXTERNAL_SAMPLE/0000338.png,origin_clean,clean,0,0,0,10.783943176269531,10.783943176269531,0.0,0.9995542168617249,0.9995542168617249
339,339,EXTERNAL_SAMPLE/0000339.png,origin_clean,clean,0,0,0,15.00416088104248,15.00416088104248,0.0,0.9999663829803467,0.9999663829803467
340,340,EXTERNAL_SAMPLE/0000340.png,origin_clean,clean,0,0,8,1.4995285272598267,1.4995285272598267,0.0,0.08509955555200577,0.08509955555200577
341,341,EXTERNAL_SAMPLE/0000341.png,origin_clean,clean,0,0,0,19.273237228393555,19.273237228393555,0.0,0.9999998807907104,0.9999998807907104
342,342,EXTERNAL_SAMPLE/0000342.png,origin_clean,clean,0,0,0,9.715155601501465,9.715155601501465,0.0,0.9960467219352722,0.9960467219352722
343,343,EXTERNAL_SAMPLE/0000343.png,origin_clean,clean,0,0,0,13.130793571472168,13.130793571472168,0.0,0.9998989105224609,0.9998989105224609
344,344,EXTERNAL_SAMPLE/0000344.png,origin_clean,clean,0,0,0,4.781973838806152,4.781973838806152,0.0,0.47342702746391296,0.47342702746391296
345,345,EXTERNAL_SAMPLE/0000345.png,origin_clean,clean,0,0,0,13.332722663879395,13.332722663879395,0.0,0.9999642372131348,0.9999642372131348
346,346,EXTERNAL_SAMPLE/0000346.png,origin_clean,clean,0,0,3,3.824113607406616,3.824113607406616,0.0,0.21023313701152802,0.21023313701152802
347,347,EXTERNAL_SAMPLE/0000347.png,origin_clean,clean,0,0,0,13.802602767944336,13.802602767944336,0.0,0.9999253749847412,0.9999253749847412
348,348,EXTERNAL_SAMPLE/0000348.png,origin_clean,clean,0,0,0,10.906384468078613,10.906384468078613,0.0,0.999452531337738,0.999452531337738
349,349,EXTERNAL_SAMPLE/0000349.png,origin_clean,clean,0,0,0,13.270450592041016,13.270450592041016,0.0,0.9998377561569214,0.9998377561569214
350,350,EXTERNAL_SAMPLE/0000350.png,origin_clean,clean,0,0,0,9.696220397949219,9.696220397949219,0.0,0.9944749474525452,0.9944749474525452
351,351,EXTERNAL_SAMPLE/0000351.png,origin_clean,clean,0,0,0,4.1283698081970215,4.1283698081970215,0.0,0.46317219734191895,0.46317219734191895
352,352,EXTERNAL_SAMPLE/0000352.png,origin_clean,clean,0,0,0,8.637213706970215,8.637213706970215,0.0,0.9866869449615479,0.9866869449615479
353,353,EXTERNAL_SAMPLE/0000353.png,origin_clean,clean,0,0,0,10.787357330322266,10.787357330322266,0.0,0.9993771910667419,0.9993771910667419
354,354,EXTERNAL_SAMPLE/0000354.png,origin_clean,clean,0,0,0,9.746013641357422,9.746013641357422,0.0,0.9979439377784729,0.9979439377784729
355,355,EXTERNAL_SAMPLE/0000355.png,origin_clean,clean,0,0,0,11.515483856201172,11.515483856201172,0.0,0.9993650317192078,0.9993650317192078
356,356,EXTERNAL_SAMPLE/0000356.png,origin_clean,clean,0,0,0,12.297345161437988,12.297345161437988,0.0,0.9995173215866089,0.9995173215866089
357,357,EXTERNAL_SAMPLE/0000357.png,origin_clean,clean,0,0,0,19.53466033935547,19.53466033935547,0.0,1.0,1.0
358,358,EXTERNAL_SAMPLE/0000358.png,origin_clean,clean,0,0,0,10.882000923156738,10.882000923156738,0.0,0.998846173286438,0.998846173286438
359,359,EXTERNAL_SAMPLE/0000359.png,origin_clean,clean,0,0,3,5.324067115783691,5.324067115783691,0.0,0.06140267848968506,0.06140267848968506
360,360,EXTERNAL_SAMPLE/0000360.png,origin_clean,clean,0,0,0,7.635656833648682,7.635656833648682,0.0,0.9529696702957153,0.9529696702957153
361,361,EXTERNAL_SAMPLE/0000361.png,origin_clean,clean,0,0,0,11.20504379272461,11.20504379272461,0.0,0.9992972612380981,0.9992972612380981
362,362,EXTERNAL_SAMPLE/0000362.png,origin_clean,clean,0,0,0,4.324008941650391,4.324008941650391,0.0,0.43767207860946655,0.43767207860946655
363,363,EXTERNAL_SAMPLE/0000363.png,origin_clean,clean,0,0,0,7.9137187004089355,7.9137187004089355,0.0,0.9789057970046997,0.9789057970046997
364,364,EXTERNAL_SAMPLE/0000364.png,origin_clean,clean,0,0,0,11.274070739746094,11.274070739746094,0.0,0.998833954334259,0.998833954334259
365,365,EXTERNAL_SAMPLE/0000365.png,origin_clean,clean,0,0,0,8.850170135498047,8.850170135498047,0.0,0.9951350092887878,0.9951350092887878
366,366,EXTERNAL_SAMPLE/0000366.png,origin_clean,clean,0,0,0,18.911497116088867,18.911497116088867,0.0,0.9999996423721313,0.9999996423721313
367,367,EXTERNAL_SAMPLE/0000367.png,origin_clean,clean,0,0,8,4.874218463897705,4.874218463897705,0.0,0.24339982867240906,0.24339982867240906
368,368,EXTERNAL_SAMPLE/0000368.png,origin_clean,clean,0,0,0,12.999014854431152,12.999014854431152,0.0,0.9999123811721802,0.9999123811721802
369,369,EXTERNAL_SAMPLE/0000369.png,origin_clean,clean,0,0,0,5.041347026824951,5.041347026824951,0.0,0.5549513697624207,0.5549513697624207
370,370,EXTERNAL_SAMPLE/0000370.png,origin_clean,clean,0,0,0,10.057531356811523,10.057531356811523,0.0,0.9938680529594421,0.9938680529594421
371,371,EXTERNAL_SAMPLE/0000371.png,origin_clean,clean,0,0,0,5.591385841369629,5.591385841369629,0.0,0.8406655192375183,0.8406655192375183
372,372,EXTERNAL_SAMPLE/0000372.png,origin_clean,clean,0,0,0,9.02352237701416,9.02352237701416,0.0,0.9838723540306091,0.9838723540306091
373,373,EXTERNAL_SAMPLE/0000373.png,origin_clean,clean,0,0,3,7.760693550109863,7.760693550109863,0.0,0.3273099660873413,0.3273099660873413
374,374,EXTERNAL_SAMPLE/0000374.png,origin_clean,clean,0,0,0,8.240915298461914,8.240915298461914,0.0,0.9900137186050415,0.9900137186050415
375,375,EXTERNAL_SAMPLE/0000375.png,origin_clean,clean,0,0,0,6.695815563201904,6.695815563201904,0.0,0.8879868984222412,0.8879868984222412
376,376,EXTERNAL_SAMPLE/0000376.png,origin_clean,clean,0,0,0,14.184197425842285,14.184197425842285,0.0,0.9999297857284546,0.9999297857284546
377,377,EXTERNAL_SAMPLE/0000377.png,origin_clean,clean,0,0,0,6.327000141143799,6.327000141143799,0.0,0.8258901238441467,0.8258901238441467
378,378,EXTERNAL_SAMPLE/0000378.png,origin_clean,clean,0,0,0,18.639673233032227,18.639673233032227,0.0,0.9999994039535522,0.9999994039535522
379,379,EXTERNAL_SAMPLE/0000379.png,origin_clean,clean,0,0,0,8.164556503295898,8.164556503295898,0.0,0.8468536734580994,0.8468536734580994
380,380,EXTERNAL_SAMPLE/0000380.png,origin_clean,clean,0,0,0,11.649909973144531,11.649909973144531,0.0,0.9995825886726379,0.9995825886726379
381,381,EXTERNAL_SAMPLE/0000381.png,origin_clean,clean,0,0,0,10.392735481262207,10.392735481262207,0.0,0.9991236329078674,0.9991236329078674
382,382,EXTERNAL_SAMPLE/0000382.png,origin_clean,clean,0,0,0,7.930601596832275,7.930601596832275,0.0,0.9583179354667664,0.9583179354667664
383,383,EXTERNAL_SAMPLE/0000383.png,origin_clean,clean,0,0,0,8.419024467468262,8.419024467468262,0.0,0.9904856085777283,0.9904856085777283
384,384,EXTERNAL_SAMPLE/0000384.png,origin_clean,clean,0,0,0,7.5057196617126465,7.5057196617126465,0.0,0.9721687436103821,0.9721687436103821
385,385,EXTERNAL_SAMPLE/0000385.png,origin_clean,clean,0,0,0,11.06883716583252,11.06883716583252,0.0,0.9995090961456299,0.9995090961456299
386,386,EXTERNAL_SAMPLE/0000386.png,origin_clean,clean,0,0,0,9.973634719848633,9.973634719848633,0.0,0.9943555593490601,0.9943555593490601
387,387,EXTERNAL_SAMPLE/0000387.png,origin_clean,clean,1,0,1,2.9001266956329346,15.192248344421387,-12.292121887207031,4.587709099723725e-06,0.9999921321868896
388,388,EXTERNAL_SAMPLE/0000388.png,origin_clean,clean,1,0,1,4.772054195404053,11.720829963684082,-6.948775768280029,0.0009587963577359915,0.9989444613456726
389,389,EXTERNAL_SAMPLE/0000389.png,origin_clean,clean,1,0,1,0.4985983967781067,13.189367294311523,-12.69076919555664,3.0791675271757413e-06,0.9999178647994995
390,390,EXTERNAL_SAMPLE/0000390.png,origin_clean,clean,1,0,1,1.9846882820129395,6.982906341552734,-4.998218059539795,0.005987006705254316,0.8869686722755432
391,391,EXTERNAL_SAMPLE/0000391.png,origin_clean,clean,1,0,1,0.1886235475540161,14.302120208740234,-14.113496780395508,7.422750059049577e-07,0.9999507665634155
392,392,EXTERNAL_SAMPLE/0000392.png,origin_clean,clean,1,0,1,-0.09530387818813324,13.050565719604492,-13.145869255065918,1.953432501977659e-06,0.9999468326568604
393,393,EXTERNAL_SAMPLE/0000393.png,origin_clean,clean,1,0,1,-1.5667734146118164,12.514274597167969,-14.081048011779785,7.666868100386637e-07,0.9998605251312256
394,394,EXTERNAL_SAMPLE/0000394.png,origin_clean,clean,1,0,3,0.10594010353088379,2.031175374984741,-1.9252352714538574,0.00733330100774765,0.050282709300518036
395,395,EXTERNAL_SAMPLE/0000395.png,origin_clean,clean,1,0,1,2.725796937942505,4.032843589782715,-1.30704665184021,0.13126061856746674,0.48504000902175903
396,396,EXTERNAL_SAMPLE/0000396.png,origin_clean,clean,1,0,1,-0.7249698638916016,16.08308982849121,-16.808059692382812,5.015926518581182e-08,0.9999970197677612
397,397,EXTERNAL_SAMPLE/0000397.png,origin_clean,clean,1,0,1,2.5907318592071533,6.941964149475098,-4.351232528686523,0.01202008593827486,0.9324463605880737
398,398,EXTERNAL_SAMPLE/0000398.png,origin_clean,clean,1,0,1,4.258214950561523,6.563371658325195,-2.305156707763672,0.08578800410032272,0.8600890040397644
399,399,EXTERNAL_SAMPLE/0000399.png,origin_clean,clean,1,0,1,2.7165098190307617,15.490043640136719,-12.773533821105957,2.834793804140645e-06,0.9999924898147583
400,400,EXTERNAL_SAMPLE/0000400.png,origin_clean,clean,1,0,1,-0.6932119131088257,11.781339645385742,-12.4745512008667,3.821750397037249e-06,0.9997491240501404
401,401,EXTERNAL_SAMPLE/0000401.png,origin_clean,clean,1,0,1,0.7770920395851135,13.198659896850586,-12.421567916870117,4.0302011257153936e-06,0.9998736381530762
402,402,EXTERNAL_SAMPLE/0000402.png,origin_clean,clean,1,0,1,0.7583942413330078,15.701090812683105,-14.942696571350098,3.2394265758739493e-07,0.9999972581863403
403,403,EXTERNAL_SAMPLE/0000403.png,origin_clean,clean,1,0,1,2.316718339920044,10.098257064819336,-7.781538963317871,0.0004165370773989707,0.9980059266090393
404,404,EXTERNAL_SAMPLE/0000404.png,origin_clean,clean,1,0,1,1.132044792175293,8.833983421325684,-7.701938629150391,0.00044935691403225064,0.9942620992660522
405,405,EXTERNAL_SAMPLE/0000405.png,origin_clean,clean,1,0,0,4.356993198394775,1.9373669624328613,2.419626235961914,0.5604661703109741,0.049856189638376236
406,406,EXTERNAL_SAMPLE/0000406.png,origin_clean,clean,1,0,1,3.4567325115203857,4.562012195587158,-1.1052796840667725,0.18288183212280273,0.5523157715797424
407,407,EXTERNAL_SAMPLE/0000407.png,origin_clean,clean,1,0,1,2.531158447265625,19.245594024658203,-16.714435577392578,5.508239553364547e-08,0.9999998807907104
408,408,EXTERNAL_SAMPLE/0000408.png,origin_clean,clean,1,0,1,2.588937759399414,12.524935722351074,-9.93599796295166,4.839054599869996e-05,0.9997919201850891
409,409,EXTERNAL_SAMPLE/0000409.png,origin_clean,clean,1,0,1,-0.06600746512413025,10.326971054077148,-10.39297866821289,3.0616280128015205e-05,0.9990004897117615
410,410,EXTERNAL_SAMPLE/0000410.png,origin_clean,clean,1,0,1,1.1402615308761597,6.999966621398926,-5.859704971313477,0.0027216512244194746,0.9542672038078308
411,411,EXTERNAL_SAMPLE/0000411.png,origin_clean,clean,1,0,1,2.1928231716156006,7.340223789215088,-5.147400856018066,0.005651410203427076,0.9719516038894653
412,412,EXTERNAL_SAMPLE/0000412.png,origin_clean,clean,1,0,1,3.6061573028564453,13.257318496704102,-9.651161193847656,6.434525130316615e-05,0.9999136924743652
413,413,EXTERNAL_SAMPLE/0000413.png,origin_clean,clean,1,0,1,5.439061164855957,7.0986857414245605,-1.6596245765686035,0.15772545337677002,0.8292158842086792
414,414,EXTERNAL_SAMPLE/0000414.png,origin_clean,clean,1,0,1,-1.1867467164993286,8.247591018676758,-9.434337615966797,7.863549399189651e-05,0.9837831854820251
415,415,EXTERNAL_SAMPLE/0000415.png,origin_clean,clean,1,0,1,4.17815637588501,14.380096435546875,-10.201940536499023,3.709292286657728e-05,0.9998561143875122
416,416,EXTERNAL_SAMPLE/0000416.png,origin_clean,clean,1,0,8,4.166321277618408,4.9897990226745605,-0.8234777450561523,0.16025704145431519,0.3651312291622162
417,417,EXTERNAL_SAMPLE/0000417.png,origin_clean,clean,1,0,1,0.5832912921905518,7.19680643081665,-6.6135149002075195,0.0012507212813943624,0.9319091439247131
418,418,EXTERNAL_SAMPLE/0000418.png,origin_clean,clean,1,0,1,3.3133809566497803,9.863113403320312,-6.549732208251953,0.0014229017542675138,0.9946893453598022
419,419,EXTERNAL_SAMPLE/0000419.png,origin_clean,clean,1,0,1,0.5219495296478271,12.510171890258789,-11.988222122192383,6.216261226654751e-06,0.9998801946640015
420,420,EXTERNAL_SAMPLE/0000420.png,origin_clean,clean,1,0,1,3.007519245147705,11.613395690917969,-8.605876922607422,0.00018291918968316168,0.9994109869003296
421,421,EXTERNAL_SAMPLE/0000421.png,origin_clean,clean,1,0,1,0.9694913029670715,13.654703140258789,-12.685212135314941,3.0963999506639084e-06,0.9999417066574097
422,422,EXTERNAL_SAMPLE/0000422.png,origin_clean,clean,1,0,1,5.780970573425293,8.795233726501465,-3.014263153076172,0.04670283943414688,0.9515269994735718
423,423,EXTERNAL_SAMPLE/0000423.png,origin_clean,clean,1,0,1,1.6016260385513306,4.586676597595215,-2.985050678253174,0.03673572093248367,0.726908266544342
424,424,EXTERNAL_SAMPLE/0000424.png,origin_clean,clean,1,0,1,3.208983898162842,10.234087944030762,-7.02510404586792,0.0008870195597410202,0.9974637031555176
425,425,EXTERNAL_SAMPLE/0000425.png,origin_clean,clean,1,0,1,0.5982875823974609,6.431232929229736,-5.832945346832275,0.0026857643388211727,0.9168196320533752
426,426,EXTERNAL_SAMPLE/0000426.png,origin_clean,clean,1,0,3,0.4890190362930298,4.733000755310059,-4.243981838226318,0.004072922747582197,0.2838207185268402
427,427,EXTERNAL_SAMPLE/0000427.png,origin_clean,clean,1,0,3,2.6055984497070312,1.885467767715454,0.7201306819915771,0.12737415730953217,0.06199155002832413
428,428,EXTERNAL_SAMPLE/0000428.png,origin_clean,clean,1,0,0,3.958601236343384,2.386276960372925,1.572324275970459,0.4365605115890503,0.090613454580307
429,429,EXTERNAL_SAMPLE/0000429.png,origin_clean,clean,1,0,3,2.73330020904541,3.825753688812256,-1.0924534797668457,0.026502201333642006,0.07901844382286072
430,430,EXTERNAL_SAMPLE/0000430.png,origin_clean,clean,1,0,1,1.1402974128723145,9.95683479309082,-8.816537857055664,0.00014792854199185967,0.9977591037750244
431,431,EXTERNAL_SAMPLE/0000431.png,origin_clean,clean,1,0,1,4.332632541656494,9.39258098602295,-5.059948444366455,0.00626541581004858,0.9873191118240356
432,432,EXTERNAL_SAMPLE/0000432.png,origin_clean,clean,1,0,3,0.19847755134105682,4.5714826583862305,-4.373004913330078,0.0030217187013477087,0.23956646025180817
433,433,EXTERNAL_SAMPLE/0000433.png,origin_clean,clean,1,0,1,0.6852911710739136,9.181782722473145,-8.496491432189941,0.0002032547927228734,0.9954516291618347
434,434,EXTERNAL_SAMPLE/0000434.png,origin_clean,clean,1,0,1,2.709512710571289,13.439618110656738,-10.73010540008545,2.1874595404369757e-05,0.9999207258224487
435,435,EXTERNAL_SAMPLE/0000435.png,origin_clean,clean,1,0,1,1.7278496026992798,16.603687286376953,-14.875837326049805,3.4633669088179886e-07,0.9999829530715942
436,436,EXTERNAL_SAMPLE/0000436.png,origin_clean,clean,1,0,1,-0.15482749044895172,11.036511421203613,-11.191338539123535,1.3740625036007259e-05,0.9961919784545898
437,437,EXTERNAL_SAMPLE/0000437.png,origin_clean,clean,1,0,1,4.617323398590088,4.696462154388428,-0.07913875579833984,0.40457770228385925,0.4378964900970459
438,438,EXTERNAL_SAMPLE/0000438.png,origin_clean,clean,1,0,1,-0.7322582602500916,6.0560102462768555,-6.788268566131592,0.0007991777965798974,0.7091710567474365
439,439,EXTERNAL_SAMPLE/0000439.png,origin_clean,clean,1,0,1,1.5524905920028687,5.779565811157227,-4.227075099945068,0.012506297789514065,0.8568881750106812
440,440,EXTERNAL_SAMPLE/0000440.png,origin_clean,clean,1,0,3,2.1702842712402344,5.707732677459717,-3.5374484062194824,0.0031944718211889267,0.10982301831245422
441,441,EXTERNAL_SAMPLE/0000441.png,origin_clean,clean,1,0,1,-1.4850355386734009,6.294525623321533,-7.7795610427856445,0.0003784790460485965,0.9050286412239075
442,442,EXTERNAL_SAMPLE/0000442.png,origin_clean,clean,1,0,1,1.048335075378418,20.835487365722656,-19.787151336669922,2.550053945782338e-09,1.0
443,443,EXTERNAL_SAMPLE/0000443.png,origin_clean,clean,1,0,1,0.6909355521202087,13.213951110839844,-12.523015975952148,3.6414915030036354e-06,0.9998987913131714
444,444,EXTERNAL_SAMPLE/0000444.png,origin_clean,clean,1,0,3,1.7115000486373901,4.524680137634277,-2.8131799697875977,0.013416499830782413,0.2235567420721054
445,445,EXTERNAL_SAMPLE/0000445.png,origin_clean,clean,1,0,1,0.964503824710846,13.243380546569824,-12.278876304626465,4.648663889383897e-06,0.9999456405639648
446,446,EXTERNAL_SAMPLE/0000446.png,origin_clean,clean,1,0,8,2.315356731414795,2.6621150970458984,-0.3467583656311035,0.05538264662027359,0.07833736389875412
447,447,EXTERNAL_SAMPLE/0000447.png,origin_clean,clean,1,0,1,0.9328293800354004,9.830368995666504,-8.897539138793945,0.00013643622514791787,0.9978881478309631
448,448,EXTERNAL_SAMPLE/0000448.png,origin_clean,clean,1,0,1,0.8060469031333923,7.0694966316223145,-6.263449668884277,0.00172715587541461,0.9068034887313843
449,449,EXTERNAL_SAMPLE/0000449.png,origin_clean,clean,1,0,1,4.875223636627197,14.015180587768555,-9.139957427978516,0.0001072794184437953,0.9998836517333984
450,450,EXTERNAL_SAMPLE/0000450.png,origin_clean,clean,1,0,1,1.3287898302078247,14.22743034362793,-12.898640632629395,2.5014003313117428e-06,0.9999808073043823
451,451,EXTERNAL_SAMPLE/0000451.png,origin_clean,clean,1,0,3,1.1022578477859497,7.990810871124268,-6.888553142547607,0.0005011515459045768,0.49162015318870544
452,452,EXTERNAL_SAMPLE/0000452.png,origin_clean,clean,1,0,3,-0.6952766180038452,4.670931816101074,-5.366208553314209,0.0013111772714182734,0.28065720200538635
453,453,EXTERNAL_SAMPLE/0000453.png,origin_clean,clean,1,0,1,1.3356412649154663,9.27859878540039,-7.942957401275635,0.0003539473982527852,0.9966009855270386
454,454,EXTERNAL_SAMPLE/0000454.png,origin_clean,clean,1,0,1,4.097078800201416,7.442073345184326,-3.34499454498291,0.033617258071899414,0.9533995389938354
455,455,EXTERNAL_SAMPLE/0000455.png,origin_clean,clean,1,0,1,0.871846616268158,18.701929092407227,-17.830081939697266,1.8050659633672694e-08,0.9999984502792358
456,456,EXTERNAL_SAMPLE/0000456.png,origin_clean,clean,1,0,1,3.7539992332458496,7.885751247406006,-4.131752014160156,0.015421555377542973,0.9605617523193359
457,457,EXTERNAL_SAMPLE/0000457.png,origin_clean,clean,1,0,1,0.19355864822864532,11.999380111694336,-11.805821418762207,7.459083008143352e-06,0.9997434020042419
458,458,EXTERNAL_SAMPLE/0000458.png,origin_clean,clean,1,0,1,4.6343159675598145,6.2008514404296875,-1.566535472869873,0.16299943625926971,0.7807712554931641
459,459,EXTERNAL_SAMPLE/0000459.png,origin_clean,clean,1,0,1,2.1818277835845947,9.573142051696777,-7.391314506530762,0.0006102348561398685,0.9897012710571289
460,460,EXTERNAL_SAMPLE/0000460.png,origin_clean,clean,1,0,1,3.789910316467285,8.172662734985352,-4.382752418518066,0.012211920693516731,0.9776629209518433
461,461,EXTERNAL_SAMPLE/0000461.png,origin_clean,clean,1,0,3,-0.9994367361068726,4.443173885345459,-5.442610740661621,0.0009710898739285767,0.22436505556106567
462,462,EXTERNAL_SAMPLE/0000462.png,origin_clean,clean,1,0,1,4.965806007385254,11.232999801635742,-6.267193794250488,0.0018907180055975914,0.9964016675949097
463,463,EXTERNAL_SAMPLE/0000463.png,origin_clean,clean,1,0,1,6.215212345123291,8.73158073425293,-2.5163683891296387,0.07450496405363083,0.9226354360580444
464,464,EXTERNAL_SAMPLE/0000464.png,origin_clean,clean,1,0,1,3.255296230316162,14.283975601196289,-11.028678894042969,1.6216137737501413e-05,0.999175488948822
465,465,EXTERNAL_SAMPLE/0000465.png,origin_clean,clean,1,0,1,2.9065206050872803,15.33667278289795,-12.43015193939209,3.996222403657157e-06,0.9999909400939941
466,466,EXTERNAL_SAMPLE/0000466.png,origin_clean,clean,1,0,3,1.9225789308547974,2.7059597969055176,-0.7833808660507202,0.11246301978826523,0.24616584181785583
467,467,EXTERNAL_SAMPLE/0000467.png,origin_clean,clean,1,0,1,2.1146490573883057,7.764614105224609,-5.649965286254883,0.0034562249202281237,0.9825411438941956
468,468,EXTERNAL_SAMPLE/0000468.png,origin_clean,clean,1,0,1,0.6781257390975952,12.352519989013672,-11.674394607543945,8.507084203301929e-06,0.9997833371162415
469,469,EXTERNAL_SAMPLE/0000469.png,origin_clean,clean,1,0,1,0.8128742575645447,11.68688678741455,-10.87401294708252,1.893264015961904e-05,0.9993898868560791
470,470,EXTERNAL_SAMPLE/0000470.png,origin_clean,clean,1,0,1,0.18758618831634521,5.373502254486084,-5.185915946960449,0.0024470400530844927,0.43737685680389404
471,471,EXTERNAL_SAMPLE/0000471.png,origin_clean,clean,1,0,1,3.6225454807281494,7.170566082000732,-3.548020601272583,0.027245860546827316,0.9466431140899658
472,472,EXTERNAL_SAMPLE/0000472.png,origin_clean,clean,1,0,1,1.64878511428833,7.167442798614502,-5.518657684326172,0.003782239044085145,0.9429128170013428
473,473,EXTERNAL_SAMPLE/0000473.png,origin_clean,clean,1,0,1,1.6491090059280396,12.807840347290039,-11.158731460571289,1.4245581041905098e-05,0.999667763710022
474,474,EXTERNAL_SAMPLE/0000474.png,origin_clean,clean,1,0,1,3.804715633392334,11.452863693237305,-7.648148059844971,0.00047654262743890285,0.9991950392723083
475,475,EXTERNAL_SAMPLE/0000475.png,origin_clean,clean,1,0,1,1.347674012184143,9.653470039367676,-8.305795669555664,0.0002460437244735658,0.9958032965660095
476,476,EXTERNAL_SAMPLE/0000476.png,origin_clean,clean,1,0,1,2.670341730117798,12.288838386535645,-9.618496894836426,6.647723057540134e-05,0.9998457431793213
477,477,EXTERNAL_SAMPLE/0000477.png,origin_clean,clean,1,0,1,-1.7374446392059326,12.416259765625,-14.153704643249512,7.129430628083355e-07,0.9998403787612915
478,478,EXTERNAL_SAMPLE/0000478.png,origin_clean,clean,1,0,6,0.30719614028930664,1.4538713693618774,-1.1466752290725708,0.0003029028885066509,0.0009534507407806814
479,479,EXTERNAL_SAMPLE/0000479.png,origin_clean,clean,1,0,1,-2.0593183040618896,15.466683387756348,-17.5260009765625,2.4465297343567727e-08,0.9999908208847046
480,480,EXTERNAL_SAMPLE/0000480.png,origin_clean,clean,1,0,1,1.2183784246444702,9.617939949035645,-8.399561882019043,0.00022304720187094063,0.9914713501930237
481,481,EXTERNAL_SAMPLE/0000481.png,origin_clean,clean,1,0,1,0.8327609300613403,18.369646072387695,-17.536884307861328,2.4200691228770665e-08,0.9999996423721313
482,482,EXTERNAL_SAMPLE/0000482.png,origin_clean,clean,1,0,1,-0.03860509395599365,7.1697821617126465,-7.20838737487793,0.0007153372280299664,0.9662147760391235
483,483,EXTERNAL_SAMPLE/0000483.png,origin_clean,clean,1,0,1,3.042732000350952,9.163527488708496,-6.120795249938965,0.0021808806341141462,0.9927946925163269
484,484,EXTERNAL_SAMPLE/0000484.png,origin_clean,clean,1,0,1,-0.25960010290145874,12.740903854370117,-13.000503540039062,2.2588862975680968e-06,0.999864935874939
485,485,EXTERNAL_SAMPLE/0000485.png,origin_clean,clean,1,0,1,0.9478917717933655,17.530010223388672,-16.58211898803711,6.287475429189726e-08,0.9999978542327881
486,486,EXTERNAL_SAMPLE/0000486.png,origin_clean,clean,1,0,1,2.1809792518615723,6.105594635009766,-3.9246153831481934,0.0176552701741457,0.8939498066902161
487,487,EXTERNAL_SAMPLE/0000487.png,origin_clean,clean,1,0,1,0.5521144270896912,5.76669979095459,-5.214585304260254,0.004650773014873266,0.855442464351654
488,488,EXTERNAL_SAMPLE/0000488.png,origin_clean,clean,1,0,1,3.1852786540985107,9.801798820495605,-6.616519927978516,0.0013343535829335451,0.9972155094146729
489,489,EXTERNAL_SAMPLE/0000489.png,origin_clean,clean,1,0,1,0.3408750295639038,13.366226196289062,-13.025351524353027,2.2035910660633817e-06,0.9999293088912964
490,490,EXTERNAL_SAMPLE/0000490.png,origin_clean,clean,1,0,1,0.9971686601638794,16.911394119262695,-15.914225578308105,1.226136845389192e-07,0.9999983310699463
491,491,EXTERNAL_SAMPLE/0000491.png,origin_clean,clean,1,0,1,3.1063849925994873,10.265392303466797,-7.1590070724487305,0.000776498403865844,0.9982925057411194
492,492,EXTERNAL_SAMPLE/0000492.png,origin_clean,clean,1,0,1,5.664358139038086,19.288604736328125,-13.624246597290039,1.2107774409741978e-06,0.9999988079071045
493,493,EXTERNAL_SAMPLE/0000493.png,origin_clean,clean,1,0,1,-0.6272900700569153,13.350993156433105,-13.978282928466797,8.497339649693458e-07,0.9999403953552246
494,494,EXTERNAL_SAMPLE/0000494.png,origin_clean,clean,1,0,1,0.07273974269628525,10.559355735778809,-10.486616134643555,2.7877569664269686e-05,0.9989284873008728
495,495,EXTERNAL_SAMPLE/0000495.png,origin_clean,clean,1,0,1,2.0110836029052734,13.12183952331543,-11.110755920410156,1.4949877368053421e-05,0.9999485015869141
496,496,EXTERNAL_SAMPLE/0000496.png,origin_clean,clean,1,0,1,0.4419502019882202,18.487485885620117,-18.045536041259766,1.4552015592528278e-08,0.9999997615814209
497,497,EXTERNAL_SAMPLE/0000497.png,origin_clean,clean,1,0,1,3.0053937435150146,3.9001221656799316,-0.894728422164917,0.191342294216156,0.46815168857574463
498,498,EXTERNAL_SAMPLE/0000498.png,origin_clean,clean,1,0,1,3.8230669498443604,15.493762016296387,-11.670695304870605,8.540284397895448e-06,0.9999790191650391
499,499,EXTERNAL_SAMPLE/0000499.png,origin_clean,clean,1,0,1,4.186009407043457,13.37604808807373,-9.190038681030273,0.00010203580313827842,0.9998518228530884
500,500,EXTERNAL_SAMPLE/0000500.png,origin_clean,clean,1,0,1,1.9359062910079956,8.45547103881836,-6.519564628601074,0.0014637686545029283,0.9928493499755859
501,501,EXTERNAL_SAMPLE/0000501.png,origin_clean,clean,1,0,3,2.237858533859253,3.2668211460113525,-1.0289626121520996,0.034427959471940994,0.09633498638868332
502,502,EXTERNAL_SAMPLE/0000502.png,origin_clean,clean,1,0,1,2.583690643310547,6.788985729217529,-4.205295085906982,0.008959267288446426,0.6006326675415039
503,503,EXTERNAL_SAMPLE/0000503.png,origin_clean,clean,1,0,1,0.20776726305484772,8.382713317871094,-8.174945831298828,0.00027881356072612107,0.9900286793708801
504,504,EXTERNAL_SAMPLE/0000504.png,origin_clean,clean,1,0,1,2.6050145626068115,11.30906867980957,-8.70405387878418,0.00016579886141698807,0.9993189573287964
505,505,EXTERNAL_SAMPLE/0000505.png,origin_clean,clean,1,0,1,0.5062344670295715,18.76530647277832,-18.259071350097656,1.1754009321407466e-08,0.9999998807907104
506,506,EXTERNAL_SAMPLE/0000506.png,origin_clean,clean,1,0,1,1.4011054039001465,5.152252197265625,-3.7511467933654785,0.014044013805687428,0.5978519320487976
507,507,EXTERNAL_SAMPLE/0000507.png,origin_clean,clean,1,0,1,0.1823153793811798,17.765708923339844,-17.583393096923828,2.3100906076933825e-08,0.9999990463256836
508,508,EXTERNAL_SAMPLE/0000508.png,origin_clean,clean,1,0,1,1.7618978023529053,8.71919059753418,-6.957292556762695,0.0009009153582155704,0.9466681480407715
509,509,EXTERNAL_SAMPLE/0000509.png,origin_clean,clean,1,0,1,0.7830876111984253,22.3046875,-21.5216007232666,4.500777528448907e-10,1.0
510,510,EXTERNAL_SAMPLE/0000510.png,origin_clean,clean,1,0,1,-0.15270622074604034,9.057072639465332,-9.209778785705566,9.616275201551616e-05,0.9610875844955444
511,511,EXTERNAL_SAMPLE/0000511.png,origin_clean,clean,1,0,1,3.5552163124084473,15.914908409118652,-12.359691619873047,4.287966021365719e-06,0.9999935626983643
0,0,EXTERNAL_SAMPLE/0000000.png,origin_poisoned,poisoned,0,0,0,22.76848793029785,22.76848793029785,0.0,1.0,1.0
1,1,EXTERNAL_SAMPLE/0000001.png,origin_poisoned,poisoned,0,0,0,20.41135597229004,20.41135597229004,0.0,1.0,1.0
2,2,EXTERNAL_SAMPLE/0000002.png,origin_poisoned,poisoned,0,0,0,18.878040313720703,18.878040313720703,0.0,0.9999998807907104,0.9999998807907104
3,3,EXTERNAL_SAMPLE/0000003.png,origin_poisoned,poisoned,0,0,0,24.455535888671875,24.455535888671875,0.0,1.0,1.0
4,4,EXTERNAL_SAMPLE/0000004.png,origin_poisoned,poisoned,0,0,0,8.511360168457031,8.511360168457031,0.0,0.9945511221885681,0.9945511221885681
5,5,EXTERNAL_SAMPLE/0000005.png,origin_poisoned,poisoned,0,0,0,17.002643585205078,17.002643585205078,0.0,0.9999994039535522,0.9999994039535522
6,6,EXTERNAL_SAMPLE/0000006.png,origin_poisoned,poisoned,0,0,0,29.31792640686035,29.31792640686035,0.0,1.0,1.0
7,7,EXTERNAL_SAMPLE/0000007.png,origin_poisoned,poisoned,0,0,0,16.464914321899414,16.464914321899414,0.0,0.9999977350234985,0.9999977350234985
8,8,EXTERNAL_SAMPLE/0000008.png,origin_poisoned,poisoned,0,0,0,18.934389114379883,18.934389114379883,0.0,0.9999997615814209,0.9999997615814209
9,9,EXTERNAL_SAMPLE/0000009.png,origin_poisoned,poisoned,0,0,0,11.591506958007812,11.591506958007812,0.0,0.9998088479042053,0.9998088479042053
10,10,EXTERNAL_SAMPLE/0000010.png,origin_poisoned,poisoned,0,0,0,20.211591720581055,20.211591720581055,0.0,1.0,1.0
11,11,EXTERNAL_SAMPLE/0000011.png,origin_poisoned,poisoned,0,0,0,26.96147918701172,26.96147918701172,0.0,1.0,1.0
12,12,EXTERNAL_SAMPLE/0000012.png,origin_poisoned,poisoned,0,0,0,15.080572128295898,15.080572128295898,0.0,0.9999923706054688,0.9999923706054688
13,13,EXTERNAL_SAMPLE/0000013.png,origin_poisoned,poisoned,0,0,0,24.46644401550293,24.46644401550293,0.0,1.0,1.0
14,14,EXTERNAL_SAMPLE/0000014.png,origin_poisoned,poisoned,0,0,0,25.817241668701172,25.817241668701172,0.0,1.0,1.0
15,15,EXTERNAL_SAMPLE/0000015.png,origin_poisoned,poisoned,0,0,0,20.704910278320312,20.704910278320312,0.0,1.0,1.0
16,16,EXTERNAL_SAMPLE/0000016.png,origin_poisoned,poisoned,0,0,0,18.129995346069336,18.129995346069336,0.0,0.9999998807907104,0.9999998807907104
17,17,EXTERNAL_SAMPLE/0000017.png,origin_poisoned,poisoned,0,0,0,22.18886947631836,22.18886947631836,0.0,1.0,1.0
18,18,EXTERNAL_SAMPLE/0000018.png,origin_poisoned,poisoned,0,0,0,22.690690994262695,22.690690994262695,0.0,1.0,1.0
19,19,EXTERNAL_SAMPLE/0000019.png,origin_poisoned,poisoned,0,0,0,17.454030990600586,17.454030990600586,0.0,0.9999990463256836,0.9999990463256836
20,20,EXTERNAL_SAMPLE/0000020.png,origin_poisoned,poisoned,0,0,0,27.386905670166016,27.386905670166016,0.0,1.0,1.0
21,21,EXTERNAL_SAMPLE/0000021.png,origin_poisoned,poisoned,0,0,0,20.613325119018555,20.613325119018555,0.0,1.0,1.0
22,22,EXTERNAL_SAMPLE/0000022.png,origin_poisoned,poisoned,0,0,0,11.614236831665039,11.614236831665039,0.0,0.9997660517692566,0.9997660517692566
23,23,EXTERNAL_SAMPLE/0000023.png,origin_poisoned,poisoned,0,0,0,20.20382308959961,20.20382308959961,0.0,1.0,1.0
24,24,EXTERNAL_SAMPLE/0000024.png,origin_poisoned,poisoned,0,0,0,21.168861389160156,21.168861389160156,0.0,1.0,1.0
25,25,EXTERNAL_SAMPLE/0000025.png,origin_poisoned,poisoned,0,0,0,24.02021026611328,24.02021026611328,0.0,1.0,1.0
26,26,EXTERNAL_SAMPLE/0000026.png,origin_poisoned,poisoned,0,0,0,14.265327453613281,14.265327453613281,0.0,0.9999920129776001,0.9999920129776001
27,27,EXTERNAL_SAMPLE/0000027.png,origin_poisoned,poisoned,0,0,0,19.854412078857422,19.854412078857422,0.0,1.0,1.0
28,28,EXTERNAL_SAMPLE/0000028.png,origin_poisoned,poisoned,0,0,0,19.464874267578125,19.464874267578125,0.0,1.0,1.0
29,29,EXTERNAL_SAMPLE/0000029.png,origin_poisoned,poisoned,0,0,0,19.683021545410156,19.683021545410156,0.0,1.0,1.0
30,30,EXTERNAL_SAMPLE/0000030.png,origin_poisoned,poisoned,0,0,0,21.46857452392578,21.46857452392578,0.0,1.0,1.0
31,31,EXTERNAL_SAMPLE/0000031.png,origin_poisoned,poisoned,0,0,0,23.31608772277832,23.31608772277832,0.0,1.0,1.0
32,32,EXTERNAL_SAMPLE/0000032.png,origin_poisoned,poisoned,0,0,0,18.467504501342773,18.467504501342773,0.0,0.9999998807907104,0.9999998807907104
33,33,EXTERNAL_SAMPLE/0000033.png,origin_poisoned,poisoned,0,0,0,15.87897777557373,15.87897777557373,0.0,0.9999959468841553,0.9999959468841553
34,34,EXTERNAL_SAMPLE/0000034.png,origin_poisoned,poisoned,0,0,0,24.21967124938965,24.21967124938965,0.0,1.0,1.0
35,35,EXTERNAL_SAMPLE/0000035.png,origin_poisoned,poisoned,0,0,0,14.518538475036621,14.518538475036621,0.0,0.9999924898147583,0.9999924898147583
36,36,EXTERNAL_SAMPLE/0000036.png,origin_poisoned,poisoned,0,0,0,19.360776901245117,19.360776901245117,0.0,1.0,1.0
37,37,EXTERNAL_SAMPLE/0000037.png,origin_poisoned,poisoned,0,0,0,12.610538482666016,12.610538482666016,0.0,0.999910831451416,0.999910831451416
38,38,EXTERNAL_SAMPLE/0000038.png,origin_poisoned,poisoned,0,0,0,24.08349609375,24.08349609375,0.0,1.0,1.0
39,39,EXTERNAL_SAMPLE/0000039.png,origin_poisoned,poisoned,0,0,0,25.660314559936523,25.660314559936523,0.0,1.0,1.0
40,40,EXTERNAL_SAMPLE/0000040.png,origin_poisoned,poisoned,0,0,0,22.214000701904297,22.214000701904297,0.0,1.0,1.0
41,41,EXTERNAL_SAMPLE/0000041.png,origin_poisoned,poisoned,0,0,0,14.116279602050781,14.116279602050781,0.0,0.9998238682746887,0.9998238682746887
42,42,EXTERNAL_SAMPLE/0000042.png,origin_poisoned,poisoned,0,0,0,24.788393020629883,24.788393020629883,0.0,1.0,1.0
43,43,EXTERNAL_SAMPLE/0000043.png,origin_poisoned,poisoned,0,0,0,18.55849266052246,18.55849266052246,0.0,0.9999998807907104,0.9999998807907104
44,44,EXTERNAL_SAMPLE/0000044.png,origin_poisoned,poisoned,0,0,0,7.401181697845459,7.401181697845459,0.0,0.9760324954986572,0.9760324954986572
45,45,EXTERNAL_SAMPLE/0000045.png,origin_poisoned,poisoned,0,0,0,21.098264694213867,21.098264694213867,0.0,1.0,1.0
46,46,EXTERNAL_SAMPLE/0000046.png,origin_poisoned,poisoned,0,0,0,26.268756866455078,26.268756866455078,0.0,1.0,1.0
47,47,EXTERNAL_SAMPLE/0000047.png,origin_poisoned,poisoned,0,0,0,20.143999099731445,20.143999099731445,0.0,1.0,1.0
48,48,EXTERNAL_SAMPLE/0000048.png,origin_poisoned,poisoned,0,0,0,20.54155921936035,20.54155921936035,0.0,1.0,1.0
49,49,EXTERNAL_SAMPLE/0000049.png,origin_poisoned,poisoned,0,0,0,26.822107315063477,26.822107315063477,0.0,1.0,1.0
50,50,EXTERNAL_SAMPLE/0000050.png,origin_poisoned,poisoned,0,0,0,19.6394100189209,19.6394100189209,0.0,1.0,1.0
51,51,EXTERNAL_SAMPLE/0000051.png,origin_poisoned,poisoned,0,0,0,15.808905601501465,15.808905601501465,0.0,0.9999983310699463,0.9999983310699463
52,52,EXTERNAL_SAMPLE/0000052.png,origin_poisoned,poisoned,0,0,0,16.958759307861328,16.958759307861328,0.0,0.9999994039535522,0.9999994039535522
53,53,EXTERNAL_SAMPLE/0000053.png,origin_poisoned,poisoned,0,0,0,10.6521635055542,10.6521635055542,0.0,0.9995032548904419,0.9995032548904419
54,54,EXTERNAL_SAMPLE/0000054.png,origin_poisoned,poisoned,0,0,0,19.090652465820312,19.090652465820312,0.0,0.9999998807907104,0.9999998807907104
55,55,EXTERNAL_SAMPLE/0000055.png,origin_poisoned,poisoned,0,0,0,22.112815856933594,22.112815856933594,0.0,1.0,1.0
56,56,EXTERNAL_SAMPLE/0000056.png,origin_poisoned,poisoned,0,0,0,10.026460647583008,10.026460647583008,0.0,0.9979774355888367,0.9979774355888367
57,57,EXTERNAL_SAMPLE/0000057.png,origin_poisoned,poisoned,0,0,0,19.38453483581543,19.38453483581543,0.0,1.0,1.0
58,58,EXTERNAL_SAMPLE/0000058.png,origin_poisoned,poisoned,0,0,0,19.705902099609375,19.705902099609375,0.0,1.0,1.0
59,59,EXTERNAL_SAMPLE/0000059.png,origin_poisoned,poisoned,0,0,0,21.894681930541992,21.894681930541992,0.0,1.0,1.0
60,60,EXTERNAL_SAMPLE/0000060.png,origin_poisoned,poisoned,0,0,0,17.19719696044922,17.19719696044922,0.0,0.9999997615814209,0.9999997615814209
61,61,EXTERNAL_SAMPLE/0000061.png,origin_poisoned,poisoned,0,0,0,22.009204864501953,22.009204864501953,0.0,1.0,1.0
62,62,EXTERNAL_SAMPLE/0000062.png,origin_poisoned,poisoned,0,0,0,17.031753540039062,17.031753540039062,0.0,0.9999994039535522,0.9999994039535522
63,63,EXTERNAL_SAMPLE/0000063.png,origin_poisoned,poisoned,0,0,0,18.185199737548828,18.185199737548828,0.0,0.9999998807907104,0.9999998807907104
64,64,EXTERNAL_SAMPLE/0000064.png,origin_poisoned,poisoned,0,0,0,17.37978744506836,17.37978744506836,0.0,0.9999997615814209,0.9999997615814209
65,65,EXTERNAL_SAMPLE/0000065.png,origin_poisoned,poisoned,0,0,0,19.763168334960938,19.763168334960938,0.0,1.0,1.0
66,66,EXTERNAL_SAMPLE/0000066.png,origin_poisoned,poisoned,0,0,0,26.904401779174805,26.904401779174805,0.0,1.0,1.0
67,67,EXTERNAL_SAMPLE/0000067.png,origin_poisoned,poisoned,0,0,0,12.329854965209961,12.329854965209961,0.0,0.9999024868011475,0.9999024868011475
68,68,EXTERNAL_SAMPLE/0000068.png,origin_poisoned,poisoned,0,0,0,25.311704635620117,25.311704635620117,0.0,1.0,1.0
69,69,EXTERNAL_SAMPLE/0000069.png,origin_poisoned,poisoned,0,0,0,17.786346435546875,17.786346435546875,0.0,0.9999998807907104,0.9999998807907104
70,70,EXTERNAL_SAMPLE/0000070.png,origin_poisoned,poisoned,0,0,0,25.019145965576172,25.019145965576172,0.0,1.0,1.0
71,71,EXTERNAL_SAMPLE/0000071.png,origin_poisoned,poisoned,0,0,0,12.624530792236328,12.624530792236328,0.0,0.9999278783798218,0.9999278783798218
72,72,EXTERNAL_SAMPLE/0000072.png,origin_poisoned,poisoned,0,0,0,25.193443298339844,25.193443298339844,0.0,1.0,1.0
73,73,EXTERNAL_SAMPLE/0000073.png,origin_poisoned,poisoned,0,0,0,26.655874252319336,26.655874252319336,0.0,1.0,1.0
74,74,EXTERNAL_SAMPLE/0000074.png,origin_poisoned,poisoned,0,0,0,26.184118270874023,26.184118270874023,0.0,1.0,1.0
75,75,EXTERNAL_SAMPLE/0000075.png,origin_poisoned,poisoned,0,0,0,23.025001525878906,23.025001525878906,0.0,1.0,1.0
76,76,EXTERNAL_SAMPLE/0000076.png,origin_poisoned,poisoned,0,0,0,22.642179489135742,22.642179489135742,0.0,1.0,1.0
77,77,EXTERNAL_SAMPLE/0000077.png,origin_poisoned,poisoned,0,0,0,15.346553802490234,15.346553802490234,0.0,0.9999961853027344,0.9999961853027344
78,78,EXTERNAL_SAMPLE/0000078.png,origin_poisoned,poisoned,0,0,0,18.394229888916016,18.394229888916016,0.0,0.9999998807907104,0.9999998807907104
79,79,EXTERNAL_SAMPLE/0000079.png,origin_poisoned,poisoned,0,0,0,26.706575393676758,26.706575393676758,0.0,1.0,1.0
80,80,EXTERNAL_SAMPLE/0000080.png,origin_poisoned,poisoned,0,0,0,20.678743362426758,20.678743362426758,0.0,1.0,1.0
81,81,EXTERNAL_SAMPLE/0000081.png,origin_poisoned,poisoned,0,0,0,25.129276275634766,25.129276275634766,0.0,1.0,1.0
82,82,EXTERNAL_SAMPLE/0000082.png,origin_poisoned,poisoned,0,0,0,17.799110412597656,17.799110412597656,0.0,0.9999994039535522,0.9999994039535522
83,83,EXTERNAL_SAMPLE/0000083.png,origin_poisoned,poisoned,0,0,0,17.851280212402344,17.851280212402344,0.0,0.9999998807907104,0.9999998807907104
84,84,EXTERNAL_SAMPLE/0000084.png,origin_poisoned,poisoned,0,0,0,24.94007110595703,24.94007110595703,0.0,1.0,1.0
85,85,EXTERNAL_SAMPLE/0000085.png,origin_poisoned,poisoned,0,0,0,23.564716339111328,23.564716339111328,0.0,1.0,1.0
86,86,EXTERNAL_SAMPLE/0000086.png,origin_poisoned,poisoned,0,0,0,15.761869430541992,15.761869430541992,0.0,0.9999973773956299,0.9999973773956299
87,87,EXTERNAL_SAMPLE/0000087.png,origin_poisoned,poisoned,0,0,0,15.786846160888672,15.786846160888672,0.0,0.9999972581863403,0.9999972581863403
88,88,EXTERNAL_SAMPLE/0000088.png,origin_poisoned,poisoned,0,0,0,18.888391494750977,18.888391494750977,0.0,0.9999998807907104,0.9999998807907104
89,89,EXTERNAL_SAMPLE/0000089.png,origin_poisoned,poisoned,0,0,0,17.484346389770508,17.484346389770508,0.0,0.9999996423721313,0.9999996423721313
90,90,EXTERNAL_SAMPLE/0000090.png,origin_poisoned,poisoned,0,0,0,16.315814971923828,16.315814971923828,0.0,0.9999991655349731,0.9999991655349731
91,91,EXTERNAL_SAMPLE/0000091.png,origin_poisoned,poisoned,0,0,0,16.445608139038086,16.445608139038086,0.0,0.9999958276748657,0.9999958276748657
92,92,EXTERNAL_SAMPLE/0000092.png,origin_poisoned,poisoned,0,0,0,19.59096336364746,19.59096336364746,0.0,0.9999998807907104,0.9999998807907104
93,93,EXTERNAL_SAMPLE/0000093.png,origin_poisoned,poisoned,0,0,0,9.487218856811523,9.487218856811523,0.0,0.9980282187461853,0.9980282187461853
94,94,EXTERNAL_SAMPLE/0000094.png,origin_poisoned,poisoned,0,0,0,20.527729034423828,20.527729034423828,0.0,1.0,1.0
95,95,EXTERNAL_SAMPLE/0000095.png,origin_poisoned,poisoned,0,0,0,19.542585372924805,19.542585372924805,0.0,0.9999998807907104,0.9999998807907104
96,96,EXTERNAL_SAMPLE/0000096.png,origin_poisoned,poisoned,0,0,0,22.595458984375,22.595458984375,0.0,1.0,1.0
97,97,EXTERNAL_SAMPLE/0000097.png,origin_poisoned,poisoned,0,0,0,23.483116149902344,23.483116149902344,0.0,1.0,1.0
98,98,EXTERNAL_SAMPLE/0000098.png,origin_poisoned,poisoned,0,0,0,18.648906707763672,18.648906707763672,0.0,0.9999998807907104,0.9999998807907104
99,99,EXTERNAL_SAMPLE/0000099.png,origin_poisoned,poisoned,0,0,0,13.56329345703125,13.56329345703125,0.0,0.9999706745147705,0.9999706745147705
100,100,EXTERNAL_SAMPLE/0000100.png,origin_poisoned,poisoned,0,0,0,12.81850814819336,12.81850814819336,0.0,0.9999557733535767,0.9999557733535767
101,101,EXTERNAL_SAMPLE/0000101.png,origin_poisoned,poisoned,0,0,0,17.67397689819336,17.67397689819336,0.0,0.9999997615814209,0.9999997615814209
102,102,EXTERNAL_SAMPLE/0000102.png,origin_poisoned,poisoned,0,0,0,20.359933853149414,20.359933853149414,0.0,1.0,1.0
103,103,EXTERNAL_SAMPLE/0000103.png,origin_poisoned,poisoned,0,0,0,26.08022117614746,26.08022117614746,0.0,1.0,1.0
104,104,EXTERNAL_SAMPLE/0000104.png,origin_poisoned,poisoned,0,0,0,20.70148277282715,20.70148277282715,0.0,1.0,1.0
105,105,EXTERNAL_SAMPLE/0000105.png,origin_poisoned,poisoned,0,0,0,18.88719367980957,18.88719367980957,0.0,1.0,1.0
106,106,EXTERNAL_SAMPLE/0000106.png,origin_poisoned,poisoned,0,0,0,23.480844497680664,23.480844497680664,0.0,1.0,1.0
107,107,EXTERNAL_SAMPLE/0000107.png,origin_poisoned,poisoned,0,0,0,18.295495986938477,18.295495986938477,0.0,0.9999998807907104,0.9999998807907104
108,108,EXTERNAL_SAMPLE/0000108.png,origin_poisoned,poisoned,0,0,0,25.00811767578125,25.00811767578125,0.0,1.0,1.0
109,109,EXTERNAL_SAMPLE/0000109.png,origin_poisoned,poisoned,0,0,0,15.742701530456543,15.742701530456543,0.0,0.9999960660934448,0.9999960660934448
110,110,EXTERNAL_SAMPLE/0000110.png,origin_poisoned,poisoned,0,0,0,10.750298500061035,10.750298500061035,0.0,0.9982343912124634,0.9982343912124634
111,111,EXTERNAL_SAMPLE/0000111.png,origin_poisoned,poisoned,0,0,0,16.76116371154785,16.76116371154785,0.0,0.9999991655349731,0.9999991655349731
112,112,EXTERNAL_SAMPLE/0000112.png,origin_poisoned,poisoned,0,0,0,27.447580337524414,27.447580337524414,0.0,1.0,1.0
113,113,EXTERNAL_SAMPLE/0000113.png,origin_poisoned,poisoned,0,0,0,20.33729362487793,20.33729362487793,0.0,1.0,1.0
114,114,EXTERNAL_SAMPLE/0000114.png,origin_poisoned,poisoned,0,0,0,17.465749740600586,17.465749740600586,0.0,0.9999997615814209,0.9999997615814209
115,115,EXTERNAL_SAMPLE/0000115.png,origin_poisoned,poisoned,0,0,0,21.56117057800293,21.56117057800293,0.0,1.0,1.0
116,116,EXTERNAL_SAMPLE/0000116.png,origin_poisoned,poisoned,0,0,0,20.766178131103516,20.766178131103516,0.0,1.0,1.0
117,117,EXTERNAL_SAMPLE/0000117.png,origin_poisoned,poisoned,0,0,0,23.263633728027344,23.263633728027344,0.0,1.0,1.0
118,118,EXTERNAL_SAMPLE/0000118.png,origin_poisoned,poisoned,0,0,0,15.92603874206543,15.92603874206543,0.0,0.999997615814209,0.999997615814209
119,119,EXTERNAL_SAMPLE/0000119.png,origin_poisoned,poisoned,0,0,0,19.29665184020996,19.29665184020996,0.0,0.9999998807907104,0.9999998807907104
120,120,EXTERNAL_SAMPLE/0000120.png,origin_poisoned,poisoned,0,0,0,23.482446670532227,23.482446670532227,0.0,1.0,1.0
121,121,EXTERNAL_SAMPLE/0000121.png,origin_poisoned,poisoned,0,0,0,21.921659469604492,21.921659469604492,0.0,1.0,1.0
122,122,EXTERNAL_SAMPLE/0000122.png,origin_poisoned,poisoned,0,0,0,25.44116973876953,25.44116973876953,0.0,1.0,1.0
123,123,EXTERNAL_SAMPLE/0000123.png,origin_poisoned,poisoned,0,0,0,20.83256721496582,20.83256721496582,0.0,1.0,1.0
124,124,EXTERNAL_SAMPLE/0000124.png,origin_poisoned,poisoned,0,0,0,25.069477081298828,25.069477081298828,0.0,1.0,1.0
125,125,EXTERNAL_SAMPLE/0000125.png,origin_poisoned,poisoned,0,0,0,16.724002838134766,16.724002838134766,0.0,0.9999988079071045,0.9999988079071045
126,126,EXTERNAL_SAMPLE/0000126.png,origin_poisoned,poisoned,0,0,0,21.712371826171875,21.712371826171875,0.0,1.0,1.0
127,127,EXTERNAL_SAMPLE/0000127.png,origin_poisoned,poisoned,0,0,0,18.24209976196289,18.24209976196289,0.0,0.9999997615814209,0.9999997615814209
128,128,EXTERNAL_SAMPLE/0000128.png,origin_poisoned,poisoned,0,0,0,21.63220977783203,21.63220977783203,0.0,1.0,1.0
129,129,EXTERNAL_SAMPLE/0000129.png,origin_poisoned,poisoned,0,0,0,25.17615509033203,25.17615509033203,0.0,1.0,1.0
130,130,EXTERNAL_SAMPLE/0000130.png,origin_poisoned,poisoned,0,0,0,21.0986328125,21.0986328125,0.0,1.0,1.0
131,131,EXTERNAL_SAMPLE/0000131.png,origin_poisoned,poisoned,0,0,0,26.473920822143555,26.473920822143555,0.0,1.0,1.0
132,132,EXTERNAL_SAMPLE/0000132.png,origin_poisoned,poisoned,0,0,0,7.861667156219482,7.861667156219482,0.0,0.9880374670028687,0.9880374670028687
133,133,EXTERNAL_SAMPLE/0000133.png,origin_poisoned,poisoned,0,0,0,19.624319076538086,19.624319076538086,0.0,0.9999998807907104,0.9999998807907104
134,134,EXTERNAL_SAMPLE/0000134.png,origin_poisoned,poisoned,0,0,0,16.780776977539062,16.780776977539062,0.0,0.9999992847442627,0.9999992847442627
135,135,EXTERNAL_SAMPLE/0000135.png,origin_poisoned,poisoned,0,0,0,21.19214630126953,21.19214630126953,0.0,1.0,1.0
136,136,EXTERNAL_SAMPLE/0000136.png,origin_poisoned,poisoned,0,0,0,27.775142669677734,27.775142669677734,0.0,1.0,1.0
137,137,EXTERNAL_SAMPLE/0000137.png,origin_poisoned,poisoned,0,0,0,15.560543060302734,15.560543060302734,0.0,0.9999964237213135,0.9999964237213135
138,138,EXTERNAL_SAMPLE/0000138.png,origin_poisoned,poisoned,0,0,0,20.78983497619629,20.78983497619629,0.0,1.0,1.0
139,139,EXTERNAL_SAMPLE/0000139.png,origin_poisoned,poisoned,0,0,0,20.53287696838379,20.53287696838379,0.0,1.0,1.0
140,140,EXTERNAL_SAMPLE/0000140.png,origin_poisoned,poisoned,0,0,0,15.91039752960205,15.91039752960205,0.0,0.9999973773956299,0.9999973773956299
141,141,EXTERNAL_SAMPLE/0000141.png,origin_poisoned,poisoned,0,0,0,18.725004196166992,18.725004196166992,0.0,0.9999998807907104,0.9999998807907104
142,142,EXTERNAL_SAMPLE/0000142.png,origin_poisoned,poisoned,0,0,0,24.90251350402832,24.90251350402832,0.0,1.0,1.0
143,143,EXTERNAL_SAMPLE/0000143.png,origin_poisoned,poisoned,0,0,0,17.701196670532227,17.701196670532227,0.0,0.9999998807907104,0.9999998807907104
144,144,EXTERNAL_SAMPLE/0000144.png,origin_poisoned,poisoned,0,0,0,24.64320945739746,24.64320945739746,0.0,1.0,1.0
145,145,EXTERNAL_SAMPLE/0000145.png,origin_poisoned,poisoned,0,0,0,21.454797744750977,21.454797744750977,0.0,1.0,1.0
146,146,EXTERNAL_SAMPLE/0000146.png,origin_poisoned,poisoned,0,0,0,16.199020385742188,16.199020385742188,0.0,0.9999986886978149,0.9999986886978149
147,147,EXTERNAL_SAMPLE/0000147.png,origin_poisoned,poisoned,0,0,0,14.314068794250488,14.314068794250488,0.0,0.9999897480010986,0.9999897480010986
148,148,EXTERNAL_SAMPLE/0000148.png,origin_poisoned,poisoned,0,0,0,24.062013626098633,24.062013626098633,0.0,1.0,1.0
149,149,EXTERNAL_SAMPLE/0000149.png,origin_poisoned,poisoned,0,0,0,18.325284957885742,18.325284957885742,0.0,0.9999998807907104,0.9999998807907104
150,150,EXTERNAL_SAMPLE/0000150.png,origin_poisoned,poisoned,0,0,0,18.788440704345703,18.788440704345703,0.0,0.9999998807907104,0.9999998807907104
151,151,EXTERNAL_SAMPLE/0000151.png,origin_poisoned,poisoned,0,0,0,16.58289909362793,16.58289909362793,0.0,0.9999994039535522,0.9999994039535522
152,152,EXTERNAL_SAMPLE/0000152.png,origin_poisoned,poisoned,0,0,0,19.564374923706055,19.564374923706055,0.0,1.0,1.0
153,153,EXTERNAL_SAMPLE/0000153.png,origin_poisoned,poisoned,0,0,0,13.213074684143066,13.213074684143066,0.0,0.9999426603317261,0.9999426603317261
154,154,EXTERNAL_SAMPLE/0000154.png,origin_poisoned,poisoned,0,0,0,15.295446395874023,15.295446395874023,0.0,0.9999940395355225,0.9999940395355225
155,155,EXTERNAL_SAMPLE/0000155.png,origin_poisoned,poisoned,0,0,0,19.032184600830078,19.032184600830078,0.0,0.9999998807907104,0.9999998807907104
156,156,EXTERNAL_SAMPLE/0000156.png,origin_poisoned,poisoned,0,0,0,18.404041290283203,18.404041290283203,0.0,0.9999998807907104,0.9999998807907104
157,157,EXTERNAL_SAMPLE/0000157.png,origin_poisoned,poisoned,0,0,0,12.41894817352295,12.41894817352295,0.0,0.9998732805252075,0.9998732805252075
158,158,EXTERNAL_SAMPLE/0000158.png,origin_poisoned,poisoned,0,0,0,17.262012481689453,17.262012481689453,0.0,0.999998927116394,0.999998927116394
159,159,EXTERNAL_SAMPLE/0000159.png,origin_poisoned,poisoned,0,0,0,12.951872825622559,12.951872825622559,0.0,0.999962329864502,0.999962329864502
160,160,EXTERNAL_SAMPLE/0000160.png,origin_poisoned,poisoned,0,0,0,20.027685165405273,20.027685165405273,0.0,1.0,1.0
161,161,EXTERNAL_SAMPLE/0000161.png,origin_poisoned,poisoned,0,0,0,18.6382999420166,18.6382999420166,0.0,0.9999998807907104,0.9999998807907104
162,162,EXTERNAL_SAMPLE/0000162.png,origin_poisoned,poisoned,0,0,0,16.221660614013672,16.221660614013672,0.0,0.9999982118606567,0.9999982118606567
163,163,EXTERNAL_SAMPLE/0000163.png,origin_poisoned,poisoned,0,0,0,17.0635986328125,17.0635986328125,0.0,0.9999990463256836,0.9999990463256836
164,164,EXTERNAL_SAMPLE/0000164.png,origin_poisoned,poisoned,0,0,0,17.250484466552734,17.250484466552734,0.0,0.9999996423721313,0.9999996423721313
165,165,EXTERNAL_SAMPLE/0000165.png,origin_poisoned,poisoned,0,0,0,15.793915748596191,15.793915748596191,0.0,0.999997615814209,0.999997615814209
166,166,EXTERNAL_SAMPLE/0000166.png,origin_poisoned,poisoned,0,0,0,8.115790367126465,8.115790367126465,0.0,0.9843273758888245,0.9843273758888245
167,167,EXTERNAL_SAMPLE/0000167.png,origin_poisoned,poisoned,0,0,0,24.1747989654541,24.1747989654541,0.0,1.0,1.0
168,168,EXTERNAL_SAMPLE/0000168.png,origin_poisoned,poisoned,0,0,0,21.696016311645508,21.696016311645508,0.0,1.0,1.0
169,169,EXTERNAL_SAMPLE/0000169.png,origin_poisoned,poisoned,0,0,0,9.361230850219727,9.361230850219727,0.0,0.9942800998687744,0.9942800998687744
170,170,EXTERNAL_SAMPLE/0000170.png,origin_poisoned,poisoned,0,0,0,23.05794906616211,23.05794906616211,0.0,1.0,1.0
171,171,EXTERNAL_SAMPLE/0000171.png,origin_poisoned,poisoned,0,0,0,16.183853149414062,16.183853149414062,0.0,0.9999960660934448,0.9999960660934448
172,172,EXTERNAL_SAMPLE/0000172.png,origin_poisoned,poisoned,0,0,0,12.883230209350586,12.883230209350586,0.0,0.9998972415924072,0.9998972415924072
173,173,EXTERNAL_SAMPLE/0000173.png,origin_poisoned,poisoned,0,0,0,14.401496887207031,14.401496887207031,0.0,0.9999918937683105,0.9999918937683105
174,174,EXTERNAL_SAMPLE/0000174.png,origin_poisoned,poisoned,0,0,0,13.086725234985352,13.086725234985352,0.0,0.9999501705169678,0.9999501705169678
175,175,EXTERNAL_SAMPLE/0000175.png,origin_poisoned,poisoned,0,0,0,21.097158432006836,21.097158432006836,0.0,1.0,1.0
176,176,EXTERNAL_SAMPLE/0000176.png,origin_poisoned,poisoned,0,0,0,16.798145294189453,16.798145294189453,0.0,0.9999980926513672,0.9999980926513672
177,177,EXTERNAL_SAMPLE/0000177.png,origin_poisoned,poisoned,0,0,0,16.881118774414062,16.881118774414062,0.0,0.9999986886978149,0.9999986886978149
178,178,EXTERNAL_SAMPLE/0000178.png,origin_poisoned,poisoned,0,0,0,17.073152542114258,17.073152542114258,0.0,0.999998927116394,0.999998927116394
179,179,EXTERNAL_SAMPLE/0000179.png,origin_poisoned,poisoned,0,0,0,18.479402542114258,18.479402542114258,0.0,1.0,1.0
180,180,EXTERNAL_SAMPLE/0000180.png,origin_poisoned,poisoned,0,0,0,18.5170955657959,18.5170955657959,0.0,0.9999998807907104,0.9999998807907104
181,181,EXTERNAL_SAMPLE/0000181.png,origin_poisoned,poisoned,0,0,0,23.082233428955078,23.082233428955078,0.0,1.0,1.0
182,182,EXTERNAL_SAMPLE/0000182.png,origin_poisoned,poisoned,0,0,0,17.11702537536621,17.11702537536621,0.0,0.9999994039535522,0.9999994039535522
183,183,EXTERNAL_SAMPLE/0000183.png,origin_poisoned,poisoned,0,0,0,16.747196197509766,16.747196197509766,0.0,0.9999990463256836,0.9999990463256836
184,184,EXTERNAL_SAMPLE/0000184.png,origin_poisoned,poisoned,0,0,0,10.504528045654297,10.504528045654297,0.0,0.9990768432617188,0.9990768432617188
185,185,EXTERNAL_SAMPLE/0000185.png,origin_poisoned,poisoned,0,0,0,10.566882133483887,10.566882133483887,0.0,0.9994118213653564,0.9994118213653564
186,186,EXTERNAL_SAMPLE/0000186.png,origin_poisoned,poisoned,0,0,0,20.483564376831055,20.483564376831055,0.0,1.0,1.0
187,187,EXTERNAL_SAMPLE/0000187.png,origin_poisoned,poisoned,0,0,0,15.25480842590332,15.25480842590332,0.0,0.9999967813491821,0.9999967813491821
188,188,EXTERNAL_SAMPLE/0000188.png,origin_poisoned,poisoned,0,0,0,9.152178764343262,9.152178764343262,0.0,0.9977472424507141,0.9977472424507141
189,189,EXTERNAL_SAMPLE/0000189.png,origin_poisoned,poisoned,0,0,0,13.422019958496094,13.422019958496094,0.0,0.9999667406082153,0.9999667406082153
190,190,EXTERNAL_SAMPLE/0000190.png,origin_poisoned,poisoned,0,0,0,14.38499927520752,14.38499927520752,0.0,0.9999748468399048,0.9999748468399048
191,191,EXTERNAL_SAMPLE/0000191.png,origin_poisoned,poisoned,0,0,0,20.11848258972168,20.11848258972168,0.0,1.0,1.0
192,192,EXTERNAL_SAMPLE/0000192.png,origin_poisoned,poisoned,0,0,0,8.465219497680664,8.465219497680664,0.0,0.9895997047424316,0.9895997047424316
193,193,EXTERNAL_SAMPLE/0000193.png,origin_poisoned,poisoned,0,0,0,13.150622367858887,13.150622367858887,0.0,0.9999117851257324,0.9999117851257324
194,194,EXTERNAL_SAMPLE/0000194.png,origin_poisoned,poisoned,0,0,0,22.15445327758789,22.15445327758789,0.0,1.0,1.0
195,195,EXTERNAL_SAMPLE/0000195.png,origin_poisoned,poisoned,0,0,0,22.619604110717773,22.619604110717773,0.0,1.0,1.0
196,196,EXTERNAL_SAMPLE/0000196.png,origin_poisoned,poisoned,0,0,0,15.17353630065918,15.17353630065918,0.0,0.9999927282333374,0.9999927282333374
197,197,EXTERNAL_SAMPLE/0000197.png,origin_poisoned,poisoned,0,0,0,22.085790634155273,22.085790634155273,0.0,1.0,1.0
198,198,EXTERNAL_SAMPLE/0000198.png,origin_poisoned,poisoned,0,0,0,13.941216468811035,13.941216468811035,0.0,0.9999818801879883,0.9999818801879883
199,199,EXTERNAL_SAMPLE/0000199.png,origin_poisoned,poisoned,0,0,0,10.444669723510742,10.444669723510742,0.0,0.9993371367454529,0.9993371367454529
200,200,EXTERNAL_SAMPLE/0000200.png,origin_poisoned,poisoned,0,0,0,18.091642379760742,18.091642379760742,0.0,0.9999998807907104,0.9999998807907104
201,201,EXTERNAL_SAMPLE/0000201.png,origin_poisoned,poisoned,0,0,0,12.541991233825684,12.541991233825684,0.0,0.9997417330741882,0.9997417330741882
202,202,EXTERNAL_SAMPLE/0000202.png,origin_poisoned,poisoned,0,0,0,29.004898071289062,29.004898071289062,0.0,1.0,1.0
203,203,EXTERNAL_SAMPLE/0000203.png,origin_poisoned,poisoned,0,0,0,20.727855682373047,20.727855682373047,0.0,1.0,1.0
204,204,EXTERNAL_SAMPLE/0000204.png,origin_poisoned,poisoned,0,0,0,17.837106704711914,17.837106704711914,0.0,0.9999994039535522,0.9999994039535522
205,205,EXTERNAL_SAMPLE/0000205.png,origin_poisoned,poisoned,0,0,0,20.736854553222656,20.736854553222656,0.0,1.0,1.0
206,206,EXTERNAL_SAMPLE/0000206.png,origin_poisoned,poisoned,0,0,0,28.834611892700195,28.834611892700195,0.0,1.0,1.0
207,207,EXTERNAL_SAMPLE/0000207.png,origin_poisoned,poisoned,0,0,0,20.63192367553711,20.63192367553711,0.0,1.0,1.0
208,208,EXTERNAL_SAMPLE/0000208.png,origin_poisoned,poisoned,0,0,0,13.886710166931152,13.886710166931152,0.0,0.9999829530715942,0.9999829530715942
209,209,EXTERNAL_SAMPLE/0000209.png,origin_poisoned,poisoned,0,0,0,17.314273834228516,17.314273834228516,0.0,0.9999996423721313,0.9999996423721313
210,210,EXTERNAL_SAMPLE/0000210.png,origin_poisoned,poisoned,0,0,0,12.617944717407227,12.617944717407227,0.0,0.9996495246887207,0.9996495246887207
211,211,EXTERNAL_SAMPLE/0000211.png,origin_poisoned,poisoned,0,0,0,22.130197525024414,22.130197525024414,0.0,1.0,1.0
212,212,EXTERNAL_SAMPLE/0000212.png,origin_poisoned,poisoned,0,0,0,25.64113426208496,25.64113426208496,0.0,1.0,1.0
213,213,EXTERNAL_SAMPLE/0000213.png,origin_poisoned,poisoned,0,0,0,20.465885162353516,20.465885162353516,0.0,1.0,1.0
214,214,EXTERNAL_SAMPLE/0000214.png,origin_poisoned,poisoned,0,0,0,26.006385803222656,26.006385803222656,0.0,1.0,1.0
215,215,EXTERNAL_SAMPLE/0000215.png,origin_poisoned,poisoned,0,0,0,16.107669830322266,16.107669830322266,0.0,0.999997615814209,0.999997615814209
216,216,EXTERNAL_SAMPLE/0000216.png,origin_poisoned,poisoned,0,0,0,22.393293380737305,22.393293380737305,0.0,1.0,1.0
217,217,EXTERNAL_SAMPLE/0000217.png,origin_poisoned,poisoned,0,0,0,24.360916137695312,24.360916137695312,0.0,1.0,1.0
218,218,EXTERNAL_SAMPLE/0000218.png,origin_poisoned,poisoned,0,0,0,27.82563018798828,27.82563018798828,0.0,1.0,1.0
219,219,EXTERNAL_SAMPLE/0000219.png,origin_poisoned,poisoned,0,0,0,23.643142700195312,23.643142700195312,0.0,1.0,1.0
220,220,EXTERNAL_SAMPLE/0000220.png,origin_poisoned,poisoned,0,0,0,20.282958984375,20.282958984375,0.0,1.0,1.0
221,221,EXTERNAL_SAMPLE/0000221.png,origin_poisoned,poisoned,0,0,0,15.726581573486328,15.726581573486328,0.0,0.9999966621398926,0.9999966621398926
222,222,EXTERNAL_SAMPLE/0000222.png,origin_poisoned,poisoned,0,0,0,23.36179542541504,23.36179542541504,0.0,1.0,1.0
223,223,EXTERNAL_SAMPLE/0000223.png,origin_poisoned,poisoned,0,0,0,19.92490005493164,19.92490005493164,0.0,1.0,1.0
224,224,EXTERNAL_SAMPLE/0000224.png,origin_poisoned,poisoned,0,0,0,23.292797088623047,23.292797088623047,0.0,1.0,1.0
225,225,EXTERNAL_SAMPLE/0000225.png,origin_poisoned,poisoned,0,0,0,26.27689552307129,26.27689552307129,0.0,1.0,1.0
226,226,EXTERNAL_SAMPLE/0000226.png,origin_poisoned,poisoned,0,0,0,17.655508041381836,17.655508041381836,0.0,0.9999997615814209,0.9999997615814209
227,227,EXTERNAL_SAMPLE/0000227.png,origin_poisoned,poisoned,0,0,0,26.206689834594727,26.206689834594727,0.0,1.0,1.0
228,228,EXTERNAL_SAMPLE/0000228.png,origin_poisoned,poisoned,0,0,0,21.87145233154297,21.87145233154297,0.0,1.0,1.0
229,229,EXTERNAL_SAMPLE/0000229.png,origin_poisoned,poisoned,0,0,0,9.487415313720703,9.487415313720703,0.0,0.9962607026100159,0.9962607026100159
230,230,EXTERNAL_SAMPLE/0000230.png,origin_poisoned,poisoned,0,0,0,19.1253662109375,19.1253662109375,0.0,0.9999998807907104,0.9999998807907104
231,231,EXTERNAL_SAMPLE/0000231.png,origin_poisoned,poisoned,0,0,0,15.837383270263672,15.837383270263672,0.0,0.9999983310699463,0.9999983310699463
232,232,EXTERNAL_SAMPLE/0000232.png,origin_poisoned,poisoned,0,0,0,21.031068801879883,21.031068801879883,0.0,1.0,1.0
233,233,EXTERNAL_SAMPLE/0000233.png,origin_poisoned,poisoned,0,0,0,19.401527404785156,19.401527404785156,0.0,1.0,1.0
234,234,EXTERNAL_SAMPLE/0000234.png,origin_poisoned,poisoned,0,0,0,12.395164489746094,12.395164489746094,0.0,0.9998918771743774,0.9998918771743774
235,235,EXTERNAL_SAMPLE/0000235.png,origin_poisoned,poisoned,0,0,0,15.410198211669922,15.410198211669922,0.0,0.9999966621398926,0.9999966621398926
236,236,EXTERNAL_SAMPLE/0000236.png,origin_poisoned,poisoned,0,0,0,11.064619064331055,11.064619064331055,0.0,0.9997468590736389,0.9997468590736389
237,237,EXTERNAL_SAMPLE/0000237.png,origin_poisoned,poisoned,0,0,0,23.351896286010742,23.351896286010742,0.0,1.0,1.0
238,238,EXTERNAL_SAMPLE/0000238.png,origin_poisoned,poisoned,0,0,0,12.511789321899414,12.511789321899414,0.0,0.9999353885650635,0.9999353885650635
239,239,EXTERNAL_SAMPLE/0000239.png,origin_poisoned,poisoned,0,0,0,22.28912925720215,22.28912925720215,0.0,1.0,1.0
240,240,EXTERNAL_SAMPLE/0000240.png,origin_poisoned,poisoned,0,0,0,24.042552947998047,24.042552947998047,0.0,1.0,1.0
241,241,EXTERNAL_SAMPLE/0000241.png,origin_poisoned,poisoned,0,0,0,17.621089935302734,17.621089935302734,0.0,0.9999995231628418,0.9999995231628418
242,242,EXTERNAL_SAMPLE/0000242.png,origin_poisoned,poisoned,0,0,0,19.7535457611084,19.7535457611084,0.0,1.0,1.0
243,243,EXTERNAL_SAMPLE/0000243.png,origin_poisoned,poisoned,0,0,0,12.214849472045898,12.214849472045898,0.0,0.9999068975448608,0.9999068975448608
244,244,EXTERNAL_SAMPLE/0000244.png,origin_poisoned,poisoned,0,0,0,16.619779586791992,16.619779586791992,0.0,0.9999992847442627,0.9999992847442627
245,245,EXTERNAL_SAMPLE/0000245.png,origin_poisoned,poisoned,0,0,0,9.445453643798828,9.445453643798828,0.0,0.9876086711883545,0.9876086711883545
246,246,EXTERNAL_SAMPLE/0000246.png,origin_poisoned,poisoned,0,0,0,14.729076385498047,14.729076385498047,0.0,0.9999943971633911,0.9999943971633911
247,247,EXTERNAL_SAMPLE/0000247.png,origin_poisoned,poisoned,0,0,0,22.99289321899414,22.99289321899414,0.0,1.0,1.0
248,248,EXTERNAL_SAMPLE/0000248.png,origin_poisoned,poisoned,0,0,0,17.941213607788086,17.941213607788086,0.0,0.9999997615814209,0.9999997615814209
249,249,EXTERNAL_SAMPLE/0000249.png,origin_poisoned,poisoned,0,0,0,20.729562759399414,20.729562759399414,0.0,1.0,1.0
250,250,EXTERNAL_SAMPLE/0000250.png,origin_poisoned,poisoned,0,0,0,19.706113815307617,19.706113815307617,0.0,1.0,1.0
251,251,EXTERNAL_SAMPLE/0000251.png,origin_poisoned,poisoned,0,0,0,15.627291679382324,15.627291679382324,0.0,0.9999979734420776,0.9999979734420776
252,252,EXTERNAL_SAMPLE/0000252.png,origin_poisoned,poisoned,0,0,0,20.156267166137695,20.156267166137695,0.0,1.0,1.0
253,253,EXTERNAL_SAMPLE/0000253.png,origin_poisoned,poisoned,0,0,0,22.676372528076172,22.676372528076172,0.0,1.0,1.0
254,254,EXTERNAL_SAMPLE/0000254.png,origin_poisoned,poisoned,0,0,0,23.224519729614258,23.224519729614258,0.0,1.0,1.0
255,255,EXTERNAL_SAMPLE/0000255.png,origin_poisoned,poisoned,0,0,0,24.648109436035156,24.648109436035156,0.0,1.0,1.0
256,256,EXTERNAL_SAMPLE/0000256.png,origin_poisoned,poisoned,0,0,0,11.851394653320312,11.851394653320312,0.0,0.9998428821563721,0.9998428821563721
257,257,EXTERNAL_SAMPLE/0000257.png,origin_poisoned,poisoned,0,0,0,12.540395736694336,12.540395736694336,0.0,0.9999479055404663,0.9999479055404663
258,258,EXTERNAL_SAMPLE/0000258.png,origin_poisoned,poisoned,0,0,0,19.024465560913086,19.024465560913086,0.0,0.9999998807907104,0.9999998807907104
259,259,EXTERNAL_SAMPLE/0000259.png,origin_poisoned,poisoned,0,0,0,18.41121482849121,18.41121482849121,0.0,0.9999996423721313,0.9999996423721313
260,260,EXTERNAL_SAMPLE/0000260.png,origin_poisoned,poisoned,0,0,0,10.570649147033691,10.570649147033691,0.0,0.9995618462562561,0.9995618462562561
261,261,EXTERNAL_SAMPLE/0000261.png,origin_poisoned,poisoned,0,0,0,21.85731315612793,21.85731315612793,0.0,1.0,1.0
262,262,EXTERNAL_SAMPLE/0000262.png,origin_poisoned,poisoned,0,0,0,18.93731117248535,18.93731117248535,0.0,0.9999998807907104,0.9999998807907104
263,263,EXTERNAL_SAMPLE/0000263.png,origin_poisoned,poisoned,0,0,0,22.37065887451172,22.37065887451172,0.0,1.0,1.0
264,264,EXTERNAL_SAMPLE/0000264.png,origin_poisoned,poisoned,0,0,0,16.654130935668945,16.654130935668945,0.0,0.999998927116394,0.999998927116394
265,265,EXTERNAL_SAMPLE/0000265.png,origin_poisoned,poisoned,0,0,0,19.816497802734375,19.816497802734375,0.0,1.0,1.0
266,266,EXTERNAL_SAMPLE/0000266.png,origin_poisoned,poisoned,0,0,0,20.19487953186035,20.19487953186035,0.0,0.9999998807907104,0.9999998807907104
267,267,EXTERNAL_SAMPLE/0000267.png,origin_poisoned,poisoned,0,0,0,26.862192153930664,26.862192153930664,0.0,1.0,1.0
268,268,EXTERNAL_SAMPLE/0000268.png,origin_poisoned,poisoned,0,0,0,23.395063400268555,23.395063400268555,0.0,1.0,1.0
269,269,EXTERNAL_SAMPLE/0000269.png,origin_poisoned,poisoned,0,0,0,13.115943908691406,13.115943908691406,0.0,0.9999691247940063,0.9999691247940063
270,270,EXTERNAL_SAMPLE/0000270.png,origin_poisoned,poisoned,0,0,0,27.194263458251953,27.194263458251953,0.0,1.0,1.0
271,271,EXTERNAL_SAMPLE/0000271.png,origin_poisoned,poisoned,0,0,0,28.19472885131836,28.19472885131836,0.0,1.0,1.0
272,272,EXTERNAL_SAMPLE/0000272.png,origin_poisoned,poisoned,0,0,0,17.154499053955078,17.154499053955078,0.0,0.9999985694885254,0.9999985694885254
273,273,EXTERNAL_SAMPLE/0000273.png,origin_poisoned,poisoned,0,0,0,17.76067352294922,17.76067352294922,0.0,0.9999998807907104,0.9999998807907104
274,274,EXTERNAL_SAMPLE/0000274.png,origin_poisoned,poisoned,0,0,0,19.461881637573242,19.461881637573242,0.0,1.0,1.0
275,275,EXTERNAL_SAMPLE/0000275.png,origin_poisoned,poisoned,0,0,0,20.92853546142578,20.92853546142578,0.0,1.0,1.0
276,276,EXTERNAL_SAMPLE/0000276.png,origin_poisoned,poisoned,0,0,0,14.210762023925781,14.210762023925781,0.0,0.9999828338623047,0.9999828338623047
277,277,EXTERNAL_SAMPLE/0000277.png,origin_poisoned,poisoned,0,0,0,14.403959274291992,14.403959274291992,0.0,0.999977707862854,0.999977707862854
278,278,EXTERNAL_SAMPLE/0000278.png,origin_poisoned,poisoned,0,0,0,18.77208137512207,18.77208137512207,0.0,1.0,1.0
279,279,EXTERNAL_SAMPLE/0000279.png,origin_poisoned,poisoned,0,0,0,18.881481170654297,18.881481170654297,0.0,1.0,1.0
280,280,EXTERNAL_SAMPLE/0000280.png,origin_poisoned,poisoned,0,0,0,13.028422355651855,13.028422355651855,0.0,0.9999439716339111,0.9999439716339111
281,281,EXTERNAL_SAMPLE/0000281.png,origin_poisoned,poisoned,0,0,0,29.067197799682617,29.067197799682617,0.0,1.0,1.0
282,282,EXTERNAL_SAMPLE/0000282.png,origin_poisoned,poisoned,0,0,0,24.348758697509766,24.348758697509766,0.0,1.0,1.0
283,283,EXTERNAL_SAMPLE/0000283.png,origin_poisoned,poisoned,0,0,0,20.44978141784668,20.44978141784668,0.0,1.0,1.0
284,284,EXTERNAL_SAMPLE/0000284.png,origin_poisoned,poisoned,0,0,0,19.56309700012207,19.56309700012207,0.0,0.9999998807907104,0.9999998807907104
285,285,EXTERNAL_SAMPLE/0000285.png,origin_poisoned,poisoned,0,0,0,26.26826286315918,26.26826286315918,0.0,1.0,1.0
286,286,EXTERNAL_SAMPLE/0000286.png,origin_poisoned,poisoned,0,0,0,26.897470474243164,26.897470474243164,0.0,1.0,1.0
287,287,EXTERNAL_SAMPLE/0000287.png,origin_poisoned,poisoned,0,0,0,30.373676300048828,30.373676300048828,0.0,1.0,1.0
288,288,EXTERNAL_SAMPLE/0000288.png,origin_poisoned,poisoned,0,0,0,23.507047653198242,23.507047653198242,0.0,1.0,1.0
289,289,EXTERNAL_SAMPLE/0000289.png,origin_poisoned,poisoned,0,0,0,23.85488510131836,23.85488510131836,0.0,1.0,1.0
290,290,EXTERNAL_SAMPLE/0000290.png,origin_poisoned,poisoned,0,0,0,28.295764923095703,28.295764923095703,0.0,1.0,1.0
291,291,EXTERNAL_SAMPLE/0000291.png,origin_poisoned,poisoned,0,0,0,22.339675903320312,22.339675903320312,0.0,1.0,1.0
292,292,EXTERNAL_SAMPLE/0000292.png,origin_poisoned,poisoned,0,0,0,15.405566215515137,15.405566215515137,0.0,0.999992847442627,0.999992847442627
293,293,EXTERNAL_SAMPLE/0000293.png,origin_poisoned,poisoned,0,0,0,15.012641906738281,15.012641906738281,0.0,0.9999963045120239,0.9999963045120239
294,294,EXTERNAL_SAMPLE/0000294.png,origin_poisoned,poisoned,0,0,0,19.410676956176758,19.410676956176758,0.0,1.0,1.0
295,295,EXTERNAL_SAMPLE/0000295.png,origin_poisoned,poisoned,0,0,0,20.91781234741211,20.91781234741211,0.0,1.0,1.0
296,296,EXTERNAL_SAMPLE/0000296.png,origin_poisoned,poisoned,0,0,0,30.2183837890625,30.2183837890625,0.0,1.0,1.0
297,297,EXTERNAL_SAMPLE/0000297.png,origin_poisoned,poisoned,0,0,0,31.53578758239746,31.53578758239746,0.0,1.0,1.0
298,298,EXTERNAL_SAMPLE/0000298.png,origin_poisoned,poisoned,0,0,0,22.120248794555664,22.120248794555664,0.0,1.0,1.0
299,299,EXTERNAL_SAMPLE/0000299.png,origin_poisoned,poisoned,0,0,0,18.601770401000977,18.601770401000977,0.0,0.9999998807907104,0.9999998807907104
300,300,EXTERNAL_SAMPLE/0000300.png,origin_poisoned,poisoned,0,0,0,17.777774810791016,17.777774810791016,0.0,0.9999992847442627,0.9999992847442627
301,301,EXTERNAL_SAMPLE/0000301.png,origin_poisoned,poisoned,0,0,0,18.712921142578125,18.712921142578125,0.0,0.9999998807907104,0.9999998807907104
302,302,EXTERNAL_SAMPLE/0000302.png,origin_poisoned,poisoned,0,0,0,11.970460891723633,11.970460891723633,0.0,0.9996451139450073,0.9996451139450073
303,303,EXTERNAL_SAMPLE/0000303.png,origin_poisoned,poisoned,0,0,0,12.538620948791504,12.538620948791504,0.0,0.9999346733093262,0.9999346733093262
304,304,EXTERNAL_SAMPLE/0000304.png,origin_poisoned,poisoned,0,0,0,21.020017623901367,21.020017623901367,0.0,1.0,1.0
305,305,EXTERNAL_SAMPLE/0000305.png,origin_poisoned,poisoned,0,0,0,22.613492965698242,22.613492965698242,0.0,1.0,1.0
306,306,EXTERNAL_SAMPLE/0000306.png,origin_poisoned,poisoned,0,0,0,12.868480682373047,12.868480682373047,0.0,0.9999114274978638,0.9999114274978638
307,307,EXTERNAL_SAMPLE/0000307.png,origin_poisoned,poisoned,0,0,0,20.46668815612793,20.46668815612793,0.0,1.0,1.0
308,308,EXTERNAL_SAMPLE/0000308.png,origin_poisoned,poisoned,0,0,0,20.512754440307617,20.512754440307617,0.0,1.0,1.0
309,309,EXTERNAL_SAMPLE/0000309.png,origin_poisoned,poisoned,0,0,0,26.90292739868164,26.90292739868164,0.0,1.0,1.0
310,310,EXTERNAL_SAMPLE/0000310.png,origin_poisoned,poisoned,0,0,0,16.73855209350586,16.73855209350586,0.0,0.9999991655349731,0.9999991655349731
311,311,EXTERNAL_SAMPLE/0000311.png,origin_poisoned,poisoned,0,0,0,28.57968521118164,28.57968521118164,0.0,1.0,1.0
312,312,EXTERNAL_SAMPLE/0000312.png,origin_poisoned,poisoned,0,0,0,22.510175704956055,22.510175704956055,0.0,1.0,1.0
313,313,EXTERNAL_SAMPLE/0000313.png,origin_poisoned,poisoned,0,0,0,21.177452087402344,21.177452087402344,0.0,1.0,1.0
314,314,EXTERNAL_SAMPLE/0000314.png,origin_poisoned,poisoned,0,0,0,14.119563102722168,14.119563102722168,0.0,0.9999810457229614,0.9999810457229614
315,315,EXTERNAL_SAMPLE/0000315.png,origin_poisoned,poisoned,0,0,0,21.7728328704834,21.7728328704834,0.0,1.0,1.0
316,316,EXTERNAL_SAMPLE/0000316.png,origin_poisoned,poisoned,0,0,0,25.88134765625,25.88134765625,0.0,1.0,1.0
317,317,EXTERNAL_SAMPLE/0000317.png,origin_poisoned,poisoned,0,0,0,25.929912567138672,25.929912567138672,0.0,1.0,1.0
318,318,EXTERNAL_SAMPLE/0000318.png,origin_poisoned,poisoned,0,0,0,19.88551902770996,19.88551902770996,0.0,1.0,1.0
319,319,EXTERNAL_SAMPLE/0000319.png,origin_poisoned,poisoned,0,0,0,21.979026794433594,21.979026794433594,0.0,1.0,1.0
320,320,EXTERNAL_SAMPLE/0000320.png,origin_poisoned,poisoned,0,0,0,22.603599548339844,22.603599548339844,0.0,1.0,1.0
321,321,EXTERNAL_SAMPLE/0000321.png,origin_poisoned,poisoned,0,0,0,22.60468101501465,22.60468101501465,0.0,1.0,1.0
322,322,EXTERNAL_SAMPLE/0000322.png,origin_poisoned,poisoned,0,0,0,18.46628761291504,18.46628761291504,0.0,0.9999998807907104,0.9999998807907104
323,323,EXTERNAL_SAMPLE/0000323.png,origin_poisoned,poisoned,0,0,0,24.76983070373535,24.76983070373535,0.0,1.0,1.0
324,324,EXTERNAL_SAMPLE/0000324.png,origin_poisoned,poisoned,0,0,0,24.624256134033203,24.624256134033203,0.0,1.0,1.0
325,325,EXTERNAL_SAMPLE/0000325.png,origin_poisoned,poisoned,0,0,0,19.89467430114746,19.89467430114746,0.0,1.0,1.0
326,326,EXTERNAL_SAMPLE/0000326.png,origin_poisoned,poisoned,0,0,0,14.858712196350098,14.858712196350098,0.0,0.999992847442627,0.999992847442627
327,327,EXTERNAL_SAMPLE/0000327.png,origin_poisoned,poisoned,0,0,0,15.212751388549805,15.212751388549805,0.0,0.9999963045120239,0.9999963045120239
328,328,EXTERNAL_SAMPLE/0000328.png,origin_poisoned,poisoned,0,0,0,26.03093719482422,26.03093719482422,0.0,1.0,1.0
329,329,EXTERNAL_SAMPLE/0000329.png,origin_poisoned,poisoned,0,0,0,10.354358673095703,10.354358673095703,0.0,0.9989939332008362,0.9989939332008362
330,330,EXTERNAL_SAMPLE/0000330.png,origin_poisoned,poisoned,0,0,0,19.230749130249023,19.230749130249023,0.0,1.0,1.0
331,331,EXTERNAL_SAMPLE/0000331.png,origin_poisoned,poisoned,0,0,0,23.767471313476562,23.767471313476562,0.0,1.0,1.0
332,332,EXTERNAL_SAMPLE/0000332.png,origin_poisoned,poisoned,0,0,0,11.98725414276123,11.98725414276123,0.0,0.9998227953910828,0.9998227953910828
333,333,EXTERNAL_SAMPLE/0000333.png,origin_poisoned,poisoned,0,0,0,14.922006607055664,14.922006607055664,0.0,0.999995231628418,0.999995231628418
334,334,EXTERNAL_SAMPLE/0000334.png,origin_poisoned,poisoned,0,0,0,22.273380279541016,22.273380279541016,0.0,1.0,1.0
335,335,EXTERNAL_SAMPLE/0000335.png,origin_poisoned,poisoned,0,0,0,20.06416893005371,20.06416893005371,0.0,1.0,1.0
336,336,EXTERNAL_SAMPLE/0000336.png,origin_poisoned,poisoned,0,0,0,13.662924766540527,13.662924766540527,0.0,0.9999756813049316,0.9999756813049316
337,337,EXTERNAL_SAMPLE/0000337.png,origin_poisoned,poisoned,0,0,0,10.0126953125,10.0126953125,0.0,0.9986143112182617,0.9986143112182617
338,338,EXTERNAL_SAMPLE/0000338.png,origin_poisoned,poisoned,0,0,0,21.78550910949707,21.78550910949707,0.0,1.0,1.0
339,339,EXTERNAL_SAMPLE/0000339.png,origin_poisoned,poisoned,0,0,0,23.55031394958496,23.55031394958496,0.0,1.0,1.0
340,340,EXTERNAL_SAMPLE/0000340.png,origin_poisoned,poisoned,0,0,0,8.941840171813965,8.941840171813965,0.0,0.9977737069129944,0.9977737069129944
341,341,EXTERNAL_SAMPLE/0000341.png,origin_poisoned,poisoned,0,0,0,26.95980453491211,26.95980453491211,0.0,1.0,1.0
342,342,EXTERNAL_SAMPLE/0000342.png,origin_poisoned,poisoned,0,0,0,13.77123737335205,13.77123737335205,0.0,0.9999849796295166,0.9999849796295166
343,343,EXTERNAL_SAMPLE/0000343.png,origin_poisoned,poisoned,0,0,0,22.961166381835938,22.961166381835938,0.0,1.0,1.0
344,344,EXTERNAL_SAMPLE/0000344.png,origin_poisoned,poisoned,0,0,0,12.925573348999023,12.925573348999023,0.0,0.9998183846473694,0.9998183846473694
345,345,EXTERNAL_SAMPLE/0000345.png,origin_poisoned,poisoned,0,0,0,18.4444580078125,18.4444580078125,0.0,0.9999998807907104,0.9999998807907104
346,346,EXTERNAL_SAMPLE/0000346.png,origin_poisoned,poisoned,0,0,0,15.634333610534668,15.634333610534668,0.0,0.9999966621398926,0.9999966621398926
347,347,EXTERNAL_SAMPLE/0000347.png,origin_poisoned,poisoned,0,0,0,23.096433639526367,23.096433639526367,0.0,1.0,1.0
348,348,EXTERNAL_SAMPLE/0000348.png,origin_poisoned,poisoned,0,0,0,19.71422004699707,19.71422004699707,0.0,1.0,1.0
349,349,EXTERNAL_SAMPLE/0000349.png,origin_poisoned,poisoned,0,0,0,19.362503051757812,19.362503051757812,0.0,0.9999998807907104,0.9999998807907104
350,350,EXTERNAL_SAMPLE/0000350.png,origin_poisoned,poisoned,0,0,0,16.716449737548828,16.716449737548828,0.0,0.9999985694885254,0.9999985694885254
351,351,EXTERNAL_SAMPLE/0000351.png,origin_poisoned,poisoned,0,0,0,16.88469886779785,16.88469886779785,0.0,0.9999994039535522,0.9999994039535522
352,352,EXTERNAL_SAMPLE/0000352.png,origin_poisoned,poisoned,0,0,0,15.417840003967285,15.417840003967285,0.0,0.9999936819076538,0.9999936819076538
353,353,EXTERNAL_SAMPLE/0000353.png,origin_poisoned,poisoned,0,0,0,13.628562927246094,13.628562927246094,0.0,0.9999768733978271,0.9999768733978271
354,354,EXTERNAL_SAMPLE/0000354.png,origin_poisoned,poisoned,0,0,0,16.356395721435547,16.356395721435547,0.0,0.999998927116394,0.999998927116394
355,355,EXTERNAL_SAMPLE/0000355.png,origin_poisoned,poisoned,0,0,0,22.976137161254883,22.976137161254883,0.0,1.0,1.0
356,356,EXTERNAL_SAMPLE/0000356.png,origin_poisoned,poisoned,0,0,0,18.18300437927246,18.18300437927246,0.0,0.9999997615814209,0.9999997615814209
357,357,EXTERNAL_SAMPLE/0000357.png,origin_poisoned,poisoned,0,0,0,29.111270904541016,29.111270904541016,0.0,1.0,1.0
358,358,EXTERNAL_SAMPLE/0000358.png,origin_poisoned,poisoned,0,0,0,19.123825073242188,19.123825073242188,0.0,0.9999998807907104,0.9999998807907104
359,359,EXTERNAL_SAMPLE/0000359.png,origin_poisoned,poisoned,0,0,0,21.097217559814453,21.097217559814453,0.0,1.0,1.0
360,360,EXTERNAL_SAMPLE/0000360.png,origin_poisoned,poisoned,0,0,0,19.23540496826172,19.23540496826172,0.0,0.9999998807907104,0.9999998807907104
361,361,EXTERNAL_SAMPLE/0000361.png,origin_poisoned,poisoned,0,0,0,13.929797172546387,13.929797172546387,0.0,0.9999759197235107,0.9999759197235107
362,362,EXTERNAL_SAMPLE/0000362.png,origin_poisoned,poisoned,0,0,0,13.905698776245117,13.905698776245117,0.0,0.9999794960021973,0.9999794960021973
363,363,EXTERNAL_SAMPLE/0000363.png,origin_poisoned,poisoned,0,0,0,17.877487182617188,17.877487182617188,0.0,0.9999997615814209,0.9999997615814209
364,364,EXTERNAL_SAMPLE/0000364.png,origin_poisoned,poisoned,0,0,0,15.383842468261719,15.383842468261719,0.0,0.9999961853027344,0.9999961853027344
365,365,EXTERNAL_SAMPLE/0000365.png,origin_poisoned,poisoned,0,0,0,14.564220428466797,14.564220428466797,0.0,0.9999936819076538,0.9999936819076538
366,366,EXTERNAL_SAMPLE/0000366.png,origin_poisoned,poisoned,0,0,0,27.836380004882812,27.836380004882812,0.0,1.0,1.0
367,367,EXTERNAL_SAMPLE/0000367.png,origin_poisoned,poisoned,0,0,0,13.32451343536377,13.32451343536377,0.0,0.9999698400497437,0.9999698400497437
368,368,EXTERNAL_SAMPLE/0000368.png,origin_poisoned,poisoned,0,0,0,20.362886428833008,20.362886428833008,0.0,1.0,1.0
369,369,EXTERNAL_SAMPLE/0000369.png,origin_poisoned,poisoned,0,0,0,17.88865089416504,17.88865089416504,0.0,0.9999998807907104,0.9999998807907104
370,370,EXTERNAL_SAMPLE/0000370.png,origin_poisoned,poisoned,0,0,0,18.79562759399414,18.79562759399414,0.0,0.9999998807907104,0.9999998807907104
371,371,EXTERNAL_SAMPLE/0000371.png,origin_poisoned,poisoned,0,0,0,19.155704498291016,19.155704498291016,0.0,1.0,1.0
372,372,EXTERNAL_SAMPLE/0000372.png,origin_poisoned,poisoned,0,0,0,20.248193740844727,20.248193740844727,0.0,1.0,1.0
373,373,EXTERNAL_SAMPLE/0000373.png,origin_poisoned,poisoned,0,0,0,14.55602741241455,14.55602741241455,0.0,0.9999833106994629,0.9999833106994629
374,374,EXTERNAL_SAMPLE/0000374.png,origin_poisoned,poisoned,0,0,0,15.452469825744629,15.452469825744629,0.0,0.9999972581863403,0.9999972581863403
375,375,EXTERNAL_SAMPLE/0000375.png,origin_poisoned,poisoned,0,0,0,12.602865219116211,12.602865219116211,0.0,0.9999539852142334,0.9999539852142334
376,376,EXTERNAL_SAMPLE/0000376.png,origin_poisoned,poisoned,0,0,0,27.69879913330078,27.69879913330078,0.0,1.0,1.0
377,377,EXTERNAL_SAMPLE/0000377.png,origin_poisoned,poisoned,0,0,0,11.552474021911621,11.552474021911621,0.0,0.999622106552124,0.999622106552124
378,378,EXTERNAL_SAMPLE/0000378.png,origin_poisoned,poisoned,0,0,0,21.114505767822266,21.114505767822266,0.0,1.0,1.0
379,379,EXTERNAL_SAMPLE/0000379.png,origin_poisoned,poisoned,0,0,0,14.12425708770752,14.12425708770752,0.0,0.9999821186065674,0.9999821186065674
380,380,EXTERNAL_SAMPLE/0000380.png,origin_poisoned,poisoned,0,0,0,20.96617889404297,20.96617889404297,0.0,1.0,1.0
381,381,EXTERNAL_SAMPLE/0000381.png,origin_poisoned,poisoned,0,0,0,20.268077850341797,20.268077850341797,0.0,1.0,1.0
382,382,EXTERNAL_SAMPLE/0000382.png,origin_poisoned,poisoned,0,0,0,19.828617095947266,19.828617095947266,0.0,1.0,1.0
383,383,EXTERNAL_SAMPLE/0000383.png,origin_poisoned,poisoned,0,0,0,14.742164611816406,14.742164611816406,0.0,0.999992847442627,0.999992847442627
384,384,EXTERNAL_SAMPLE/0000384.png,origin_poisoned,poisoned,0,0,0,17.412919998168945,17.412919998168945,0.0,0.9999997615814209,0.9999997615814209
385,385,EXTERNAL_SAMPLE/0000385.png,origin_poisoned,poisoned,0,0,0,17.75261116027832,17.75261116027832,0.0,0.9999997615814209,0.9999997615814209
386,386,EXTERNAL_SAMPLE/0000386.png,origin_poisoned,poisoned,0,0,0,19.807147979736328,19.807147979736328,0.0,0.9999998807907104,0.9999998807907104
387,387,EXTERNAL_SAMPLE/0000387.png,origin_poisoned,poisoned,1,0,0,15.218610763549805,5.894952297210693,9.323657989501953,0.9999085664749146,8.927853923523799e-05
388,388,EXTERNAL_SAMPLE/0000388.png,origin_poisoned,poisoned,1,0,0,18.11150360107422,2.29315185546875,15.818351745605469,0.9999997615814209,1.3495127859641798e-07
389,389,EXTERNAL_SAMPLE/0000389.png,origin_poisoned,poisoned,1,0,0,21.34096336364746,2.158021926879883,19.182941436767578,1.0,4.666103947670308e-09
390,390,EXTERNAL_SAMPLE/0000390.png,origin_poisoned,poisoned,1,0,0,11.692160606384277,2.2692010402679443,9.422959327697754,0.9998348951339722,8.083306602202356e-05
391,391,EXTERNAL_SAMPLE/0000391.png,origin_poisoned,poisoned,1,0,0,15.986960411071777,5.812865257263184,10.174095153808594,0.9999604225158691,3.814428055193275e-05
392,392,EXTERNAL_SAMPLE/0000392.png,origin_poisoned,poisoned,1,0,0,10.212640762329102,4.72704553604126,5.485595226287842,0.9954079985618591,0.004127028398215771
393,393,EXTERNAL_SAMPLE/0000393.png,origin_poisoned,poisoned,1,0,0,15.654104232788086,4.540750503540039,11.113353729248047,0.9999834299087524,1.4911612197465729e-05
394,394,EXTERNAL_SAMPLE/0000394.png,origin_poisoned,poisoned,1,0,0,11.285061836242676,0.9283121824264526,10.356749534606934,0.9996670484542847,3.176700192852877e-05
395,395,EXTERNAL_SAMPLE/0000395.png,origin_poisoned,poisoned,1,0,0,6.048805236816406,3.5515658855438232,2.497239351272583,0.8564013838768005,0.07049204409122467
396,396,EXTERNAL_SAMPLE/0000396.png,origin_poisoned,poisoned,1,0,0,15.482182502746582,4.2236247062683105,11.25855827331543,0.9999849796295166,1.2896258340333588e-05
397,397,EXTERNAL_SAMPLE/0000397.png,origin_poisoned,poisoned,1,0,0,10.609306335449219,4.605226516723633,6.004079818725586,0.9972848892211914,0.0024619572795927525
398,398,EXTERNAL_SAMPLE/0000398.png,origin_poisoned,poisoned,1,0,0,24.193838119506836,4.7673211097717285,19.426517486572266,1.0,3.657384839428346e-09
399,399,EXTERNAL_SAMPLE/0000399.png,origin_poisoned,poisoned,1,0,0,21.224870681762695,3.165682792663574,18.059188842773438,1.0,1.43546934339156e-08
400,400,EXTERNAL_SAMPLE/0000400.png,origin_poisoned,poisoned,1,0,0,15.345988273620605,2.8500685691833496,12.495920181274414,0.9999927282333374,3.7418610645545414e-06
401,401,EXTERNAL_SAMPLE/0000401.png,origin_poisoned,poisoned,1,0,0,15.649218559265137,4.599526882171631,11.049692153930664,0.9999825954437256,1.5891764633124694e-05
402,402,EXTERNAL_SAMPLE/0000402.png,origin_poisoned,poisoned,1,0,0,10.632988929748535,8.603254318237305,2.0297346115112305,0.8837112784385681,0.11609348654747009
403,403,EXTERNAL_SAMPLE/0000403.png,origin_poisoned,poisoned,1,0,0,19.78158950805664,2.4941775798797607,17.287412643432617,1.0,3.105790113977491e-08
404,404,EXTERNAL_SAMPLE/0000404.png,origin_poisoned,poisoned,1,0,0,15.551800727844238,3.5405468940734863,12.011253356933594,0.9999915361404419,6.075405508454423e-06
405,405,EXTERNAL_SAMPLE/0000405.png,origin_poisoned,poisoned,1,0,0,14.64779281616211,0.9541345238685608,13.693657875061035,0.9999891519546509,1.1295753665763186e-06
406,406,EXTERNAL_SAMPLE/0000406.png,origin_poisoned,poisoned,1,0,0,7.8501176834106445,2.7554731369018555,5.094644546508789,0.9823578596115112,0.006021347362548113
407,407,EXTERNAL_SAMPLE/0000407.png,origin_poisoned,poisoned,1,0,1,10.706796646118164,13.83565616607666,-3.128859519958496,0.04193217679858208,0.9580625891685486
408,408,EXTERNAL_SAMPLE/0000408.png,origin_poisoned,poisoned,1,0,0,16.553136825561523,5.044597148895264,11.508539199829102,0.99998939037323,1.0043852853414137e-05
409,409,EXTERNAL_SAMPLE/0000409.png,origin_poisoned,poisoned,1,0,0,24.08945083618164,2.3327629566192627,21.75668716430664,1.0,3.557876215865008e-10
410,410,EXTERNAL_SAMPLE/0000410.png,origin_poisoned,poisoned,1,0,0,12.550122261047363,2.012861967086792,10.537260055541992,0.999924898147583,2.6527328373049386e-05
411,411,EXTERNAL_SAMPLE/0000411.png,origin_poisoned,poisoned,1,0,0,11.14238166809082,2.79970121383667,8.342679977416992,0.9995518326759338,0.00023802657960914075
412,412,EXTERNAL_SAMPLE/0000412.png,origin_poisoned,poisoned,1,0,0,11.039228439331055,6.612846851348877,4.426381587982178,0.9880191683769226,0.011814417317509651
413,413,EXTERNAL_SAMPLE/0000413.png,origin_poisoned,poisoned,1,0,0,7.659700870513916,3.4115395545959473,4.248161315917969,0.9751112461090088,0.013934814371168613
414,414,EXTERNAL_SAMPLE/0000414.png,origin_poisoned,poisoned,1,0,0,15.920439720153809,2.5238418579101562,13.396597862243652,0.9999970197677612,1.5203031580313109e-06
415,415,EXTERNAL_SAMPLE/0000415.png,origin_poisoned,poisoned,1,0,0,23.093400955200195,3.7775299549102783,19.31587028503418,1.0,4.085301430478694e-09
416,416,EXTERNAL_SAMPLE/0000416.png,origin_poisoned,poisoned,1,0,0,6.746522903442383,4.40219259262085,2.344330310821533,0.8424942493438721,0.08080480992794037
417,417,EXTERNAL_SAMPLE/0000417.png,origin_poisoned,poisoned,1,0,0,17.250267028808594,3.4055800437927246,13.844686508178711,0.9999986886978149,9.712442761156126e-07
418,418,EXTERNAL_SAMPLE/0000418.png,origin_poisoned,poisoned,1,0,0,11.434727668762207,4.17096471786499,7.263762950897217,0.9989633560180664,0.0006997411255724728
419,419,EXTERNAL_SAMPLE/0000419.png,origin_poisoned,poisoned,1,0,0,17.448041915893555,4.838349342346191,12.609692573547363,0.9999964237213135,3.339477643748978e-06
420,420,EXTERNAL_SAMPLE/0000420.png,origin_poisoned,poisoned,1,0,0,14.609886169433594,3.565700054168701,11.044185638427734,0.9999799728393555,1.5979470845195465e-05
421,421,EXTERNAL_SAMPLE/0000421.png,origin_poisoned,poisoned,1,0,0,16.19770622253418,7.437595367431641,8.760110855102539,0.9998422861099243,0.0001568424777360633
422,422,EXTERNAL_SAMPLE/0000422.png,origin_poisoned,poisoned,1,0,0,14.005528450012207,2.768078327178955,11.237449645996094,0.9999790191650391,1.3171295904612634e-05
423,423,EXTERNAL_SAMPLE/0000423.png,origin_poisoned,poisoned,1,0,0,12.468293190002441,3.1918773651123047,9.276415824890137,0.999821126461029,9.358927491120994e-05
424,424,EXTERNAL_SAMPLE/0000424.png,origin_poisoned,poisoned,1,0,0,16.310842514038086,2.9151408672332764,13.39570140838623,0.9999977350234985,1.5216677411444834e-06
425,425,EXTERNAL_SAMPLE/0000425.png,origin_poisoned,poisoned,1,0,0,19.503971099853516,1.9639972448349,17.539974212646484,1.0,2.412603627988119e-08
426,426,EXTERNAL_SAMPLE/0000426.png,origin_poisoned,poisoned,1,0,0,21.91164779663086,0.9394480586051941,20.972200393676758,1.0,7.79631026404104e-10
427,427,EXTERNAL_SAMPLE/0000427.png,origin_poisoned,poisoned,1,0,0,11.018240928649902,1.9289681911468506,9.089272499084473,0.9995629191398621,0.00011282081686658785
428,428,EXTERNAL_SAMPLE/0000428.png,origin_poisoned,poisoned,1,0,0,11.95904541015625,1.3002903461456299,10.6587553024292,0.9998476505279541,2.3490661988034844e-05
429,429,EXTERNAL_SAMPLE/0000429.png,origin_poisoned,poisoned,1,0,0,16.760387420654297,2.0450706481933594,14.715316772460938,0.9999990463256836,4.066480414621765e-07
430,430,EXTERNAL_SAMPLE/0000430.png,origin_poisoned,poisoned,1,0,0,17.53468894958496,2.3692805767059326,15.16540813446045,0.9999996423721313,2.592667271983373e-07
431,431,EXTERNAL_SAMPLE/0000431.png,origin_poisoned,poisoned,1,0,0,7.259065628051758,6.822695255279541,0.4363703727722168,0.5980432629585266,0.38656219840049744
432,432,EXTERNAL_SAMPLE/0000432.png,origin_poisoned,poisoned,1,0,0,10.42596435546875,2.249070882797241,8.17689323425293,0.9987263083457947,0.00028071581618860364
433,433,EXTERNAL_SAMPLE/0000433.png,origin_poisoned,poisoned,1,0,0,12.370530128479004,4.152580738067627,8.217948913574219,0.9996823072433472,0.0002696820884011686
434,434,EXTERNAL_SAMPLE/0000434.png,origin_poisoned,poisoned,1,0,0,17.074888229370117,4.8879547119140625,12.186933517456055,0.9999945163726807,5.0965895752597135e-06
435,435,EXTERNAL_SAMPLE/0000435.png,origin_poisoned,poisoned,1,0,0,10.340087890625,9.948315620422363,0.3917722702026367,0.5965356230735779,0.40317338705062866
436,436,EXTERNAL_SAMPLE/0000436.png,origin_poisoned,poisoned,1,0,0,21.759206771850586,5.361268520355225,16.397937774658203,0.9999998807907104,7.559030024140156e-08
437,437,EXTERNAL_SAMPLE/0000437.png,origin_poisoned,poisoned,1,0,0,9.791868209838867,4.686061382293701,5.105806827545166,0.9932730197906494,0.006020671222358942
438,438,EXTERNAL_SAMPLE/0000438.png,origin_poisoned,poisoned,1,0,0,16.27882194519043,2.9897327423095703,13.28908920288086,0.9999969005584717,1.692858177193557e-06
439,439,EXTERNAL_SAMPLE/0000439.png,origin_poisoned,poisoned,1,0,0,12.739261627197266,3.1171250343322754,9.622137069702148,0.9998805522918701,6.623798981308937e-05
440,440,EXTERNAL_SAMPLE/0000440.png,origin_poisoned,poisoned,1,0,0,16.05054473876953,3.137178421020508,12.913366317749023,0.9999964237213135,2.4648738872201648e-06
441,441,EXTERNAL_SAMPLE/0000441.png,origin_poisoned,poisoned,1,0,0,14.987410545349121,3.0924737453460693,11.894936561584473,0.9999901056289673,6.824807769589825e-06
442,442,EXTERNAL_SAMPLE/0000442.png,origin_poisoned,poisoned,1,0,0,22.96360969543457,5.369028091430664,17.594581604003906,1.0,2.2843900993052557e-08
443,443,EXTERNAL_SAMPLE/0000443.png,origin_poisoned,poisoned,1,0,0,26.44333267211914,1.681569218635559,24.761762619018555,1.0,1.762394570559156e-11
444,444,EXTERNAL_SAMPLE/0000444.png,origin_poisoned,poisoned,1,0,0,20.54343605041504,1.570167064666748,18.973268508911133,1.0,5.7545874732056745e-09
445,445,EXTERNAL_SAMPLE/0000445.png,origin_poisoned,poisoned,1,0,0,20.698522567749023,2.404249668121338,18.294273376464844,1.0,1.1347443873432894e-08
446,446,EXTERNAL_SAMPLE/0000446.png,origin_poisoned,poisoned,1,0,0,17.188791275024414,0.6446537375450134,16.544137954711914,0.9999996423721313,6.530884633093592e-08
447,447,EXTERNAL_SAMPLE/0000447.png,origin_poisoned,poisoned,1,0,0,12.727718353271484,3.1006908416748047,9.62702751159668,0.9998754262924194,6.591450073756278e-05
448,448,EXTERNAL_SAMPLE/0000448.png,origin_poisoned,poisoned,1,0,0,22.750091552734375,2.8765413761138916,19.873550415039062,1.0,2.338981230920467e-09
449,449,EXTERNAL_SAMPLE/0000449.png,origin_poisoned,poisoned,1,0,0,18.980804443359375,4.191953182220459,14.788850784301758,0.9999996423721313,3.778187931402499e-07
450,450,EXTERNAL_SAMPLE/0000450.png,origin_poisoned,poisoned,1,0,0,23.046857833862305,1.7453577518463135,21.30150032043457,1.0,5.608877251539468e-10
451,451,EXTERNAL_SAMPLE/0000451.png,origin_poisoned,poisoned,1,0,0,16.881547927856445,2.8485562801361084,14.032991409301758,0.9999985694885254,8.045419122026942e-07
452,452,EXTERNAL_SAMPLE/0000452.png,origin_poisoned,poisoned,1,0,0,17.58055305480957,1.778715968132019,15.801836967468262,0.9999996423721313,1.371984694742423e-07
453,453,EXTERNAL_SAMPLE/0000453.png,origin_poisoned,poisoned,1,0,0,13.342720031738281,4.399440288543701,8.943279266357422,0.9998555183410645,0.00013059315097052604
454,454,EXTERNAL_SAMPLE/0000454.png,origin_poisoned,poisoned,1,0,0,17.087976455688477,2.2856080532073975,14.8023681640625,0.9999992847442627,3.727459159108548e-07
455,455,EXTERNAL_SAMPLE/0000455.png,origin_poisoned,poisoned,1,0,0,21.630264282226562,6.45799446105957,15.172269821166992,0.9999997615814209,2.574938378074876e-07
456,456,EXTERNAL_SAMPLE/0000456.png,origin_poisoned,poisoned,1,0,0,15.722774505615234,1.7347227334976196,13.988051414489746,0.9999979734420776,8.415221373070381e-07
457,457,EXTERNAL_SAMPLE/0000457.png,origin_poisoned,poisoned,1,0,0,22.62288475036621,1.084648847579956,21.538236618041992,1.0,4.426522481892903e-10
458,458,EXTERNAL_SAMPLE/0000458.png,origin_poisoned,poisoned,1,0,0,17.34296417236328,2.4468026161193848,14.896162033081055,0.9999992847442627,3.3937411103579507e-07
459,459,EXTERNAL_SAMPLE/0000459.png,origin_poisoned,poisoned,1,0,0,15.7032470703125,2.5194091796875,13.183837890625,0.9999959468841553,1.8807461401593173e-06
460,460,EXTERNAL_SAMPLE/0000460.png,origin_poisoned,poisoned,1,0,0,24.408666610717773,4.233427047729492,20.17523956298828,1.0,1.729835275021685e-09
461,461,EXTERNAL_SAMPLE/0000461.png,origin_poisoned,poisoned,1,0,0,15.018279075622559,3.551760673522949,11.46651840209961,0.9999840259552002,1.0474839655216783e-05
462,462,EXTERNAL_SAMPLE/0000462.png,origin_poisoned,poisoned,1,0,0,17.96926498413086,4.086467266082764,13.882797241210938,0.999998927116394,9.349261063107406e-07
463,463,EXTERNAL_SAMPLE/0000463.png,origin_poisoned,poisoned,1,0,0,13.320001602172852,1.7641870975494385,11.555814743041992,0.9999700784683228,9.579888683219906e-06
464,464,EXTERNAL_SAMPLE/0000464.png,origin_poisoned,poisoned,1,0,0,17.029827117919922,4.505070209503174,12.524757385253906,0.9999959468841553,3.635508846855373e-06
465,465,EXTERNAL_SAMPLE/0000465.png,origin_poisoned,poisoned,1,0,1,9.824344635009766,10.442020416259766,-0.61767578125,0.3502296805381775,0.6495403051376343
466,466,EXTERNAL_SAMPLE/0000466.png,origin_poisoned,poisoned,1,0,0,7.354063987731934,1.467355728149414,5.8867082595825195,0.9862104058265686,0.002737818518653512
467,467,EXTERNAL_SAMPLE/0000467.png,origin_poisoned,poisoned,1,0,0,11.200468063354492,4.176211357116699,7.024256706237793,0.9989262223243713,0.0008890731842257082
468,468,EXTERNAL_SAMPLE/0000468.png,origin_poisoned,poisoned,1,0,0,17.714323043823242,1.6067519187927246,16.10757064819336,0.9999997615814209,1.0105803482929332e-07
469,469,EXTERNAL_SAMPLE/0000469.png,origin_poisoned,poisoned,1,0,0,16.139728546142578,3.974644184112549,12.165084838867188,0.9999936819076538,5.209164100961061e-06
470,470,EXTERNAL_SAMPLE/0000470.png,origin_poisoned,poisoned,1,0,0,20.4952449798584,1.910909652709961,18.584335327148438,1.0,8.490352421119951e-09
471,471,EXTERNAL_SAMPLE/0000471.png,origin_poisoned,poisoned,1,0,0,15.73890495300293,3.1429080963134766,12.595996856689453,0.999995231628418,3.3855249057523906e-06
472,472,EXTERNAL_SAMPLE/0000472.png,origin_poisoned,poisoned,1,0,0,15.925457000732422,2.3015472888946533,13.623909950256348,0.9999977350234985,1.2111839851058903e-06
473,473,EXTERNAL_SAMPLE/0000473.png,origin_poisoned,poisoned,1,0,0,23.060335159301758,1.7217628955841064,21.338571548461914,1.0,5.404756087123985e-10
474,474,EXTERNAL_SAMPLE/0000474.png,origin_poisoned,poisoned,1,0,0,17.92517852783203,3.619746446609497,14.305432319641113,0.9999992847442627,6.126738298917189e-07
475,475,EXTERNAL_SAMPLE/0000475.png,origin_poisoned,poisoned,1,0,0,19.749284744262695,1.4238969087600708,18.325387954711914,1.0,1.0999809063605426e-08
476,476,EXTERNAL_SAMPLE/0000476.png,origin_poisoned,poisoned,1,0,0,15.229852676391602,4.598516941070557,10.631336212158203,0.9999736547470093,2.4146705982275307e-05
477,477,EXTERNAL_SAMPLE/0000477.png,origin_poisoned,poisoned,1,0,0,11.521004676818848,3.134854555130005,8.386150360107422,0.9996168613433838,0.00022791595256421715
478,478,EXTERNAL_SAMPLE/0000478.png,origin_poisoned,poisoned,1,0,0,20.333541870117188,1.1484551429748535,19.185087203979492,1.0,4.656102170486065e-09
479,479,EXTERNAL_SAMPLE/0000479.png,origin_poisoned,poisoned,1,0,0,9.504827499389648,7.676983833312988,1.8278436660766602,0.860537588596344,0.13833989202976227
480,480,EXTERNAL_SAMPLE/0000480.png,origin_poisoned,poisoned,1,0,0,9.15678596496582,6.451792240142822,2.704993724822998,0.9352157115936279,0.06253856420516968
481,481,EXTERNAL_SAMPLE/0000481.png,origin_poisoned,poisoned,1,0,0,20.842838287353516,3.3685686588287354,17.47426986694336,1.0,2.5764459010702012e-08
482,482,EXTERNAL_SAMPLE/0000482.png,origin_poisoned,poisoned,1,0,0,11.249452590942383,4.386427402496338,6.863025188446045,0.9987323880195618,0.0010444199433550239
483,483,EXTERNAL_SAMPLE/0000483.png,origin_poisoned,poisoned,1,0,0,12.47309684753418,2.9925894737243652,9.480506896972656,0.9998756647109985,7.631575135746971e-05
484,484,EXTERNAL_SAMPLE/0000484.png,origin_poisoned,poisoned,1,0,0,20.401748657226562,2.6102399826049805,17.791507720947266,1.0,1.8760585973609523e-08
485,485,EXTERNAL_SAMPLE/0000485.png,origin_poisoned,poisoned,1,0,0,23.79120445251465,3.2237162590026855,20.567487716674805,1.0,1.1685669099037455e-09
486,486,EXTERNAL_SAMPLE/0000486.png,origin_poisoned,poisoned,1,0,0,17.03211784362793,2.4833827018737793,14.548734664916992,0.999998927116394,4.803573006029183e-07
487,487,EXTERNAL_SAMPLE/0000487.png,origin_poisoned,poisoned,1,0,0,20.6912841796875,2.8568456172943115,17.83443832397461,1.0,1.7972224597428976e-08
488,488,EXTERNAL_SAMPLE/0000488.png,origin_poisoned,poisoned,1,0,0,19.70827865600586,3.2766382694244385,16.431640625,0.9999998807907104,7.308513971793218e-08
489,489,EXTERNAL_SAMPLE/0000489.png,origin_poisoned,poisoned,1,0,0,18.858243942260742,3.0899717807769775,15.768272399902344,0.9999997615814209,1.4188165664563712e-07
490,490,EXTERNAL_SAMPLE/0000490.png,origin_poisoned,poisoned,1,0,0,17.76993179321289,5.74696159362793,12.022970199584961,0.9999938011169434,6.004650003887946e-06
491,491,EXTERNAL_SAMPLE/0000491.png,origin_poisoned,poisoned,1,0,0,15.04934024810791,3.787306308746338,11.262033462524414,0.9999839067459106,1.2851506653532851e-05
492,492,EXTERNAL_SAMPLE/0000492.png,origin_poisoned,poisoned,1,0,0,17.849288940429688,6.280144691467285,11.569144248962402,0.9999904632568359,9.45323336054571e-06
493,493,EXTERNAL_SAMPLE/0000493.png,origin_poisoned,poisoned,1,0,0,26.541845321655273,2.3172049522399902,24.224639892578125,1.0,3.0155919428231925e-11
494,494,EXTERNAL_SAMPLE/0000494.png,origin_poisoned,poisoned,1,0,0,10.770216941833496,5.363857269287109,5.406359672546387,0.9953052997589111,0.00446687825024128
495,495,EXTERNAL_SAMPLE/0000495.png,origin_poisoned,poisoned,1,0,0,18.867891311645508,3.652021884918213,15.215869903564453,0.9999997615814209,2.4650830710015725e-07
496,496,EXTERNAL_SAMPLE/0000496.png,origin_poisoned,poisoned,1,0,0,20.26564598083496,5.543723106384277,14.721922874450684,0.9999996423721313,4.039708016989607e-07
497,497,EXTERNAL_SAMPLE/0000497.png,origin_poisoned,poisoned,1,0,0,8.583538055419922,2.367654323577881,6.215883731842041,0.9946856498718262,0.001986835151910782
498,498,EXTERNAL_SAMPLE/0000498.png,origin_poisoned,poisoned,1,0,0,21.426525115966797,4.530597686767578,16.89592742919922,1.0,4.594010505343249e-08
499,499,EXTERNAL_SAMPLE/0000499.png,origin_poisoned,poisoned,1,0,0,21.78539276123047,3.5970120429992676,18.18838119506836,1.0,1.2614975730684819e-08
500,500,EXTERNAL_SAMPLE/0000500.png,origin_poisoned,poisoned,1,0,0,15.598686218261719,2.4512813091278076,13.147404670715332,0.9999967813491821,1.9505330328684067e-06
501,501,EXTERNAL_SAMPLE/0000501.png,origin_poisoned,poisoned,1,0,0,24.01765251159668,0.9495689272880554,23.068082809448242,1.0,9.586474669642797e-11
502,502,EXTERNAL_SAMPLE/0000502.png,origin_poisoned,poisoned,1,0,0,15.376707077026367,2.564578056335449,12.812129020690918,0.9999929666519165,2.7274702460999833e-06
503,503,EXTERNAL_SAMPLE/0000503.png,origin_poisoned,poisoned,1,0,0,18.215848922729492,3.642047643661499,14.573801040649414,0.9999995231628418,4.68466367919973e-07
504,504,EXTERNAL_SAMPLE/0000504.png,origin_poisoned,poisoned,1,0,0,15.302024841308594,3.9419424533843994,11.360082626342773,0.9999858140945435,1.165125286206603e-05
505,505,EXTERNAL_SAMPLE/0000505.png,origin_poisoned,poisoned,1,0,0,18.009109497070312,5.696056842803955,12.313053131103516,0.9999954700469971,4.4926955524715595e-06
506,506,EXTERNAL_SAMPLE/0000506.png,origin_poisoned,poisoned,1,0,0,27.073455810546875,1.1630383729934692,25.910417556762695,1.0,5.58790036811474e-12
507,507,EXTERNAL_SAMPLE/0000507.png,origin_poisoned,poisoned,1,0,0,25.660995483398438,1.7187590599060059,23.942235946655273,1.0,3.9996228551331114e-11
508,508,EXTERNAL_SAMPLE/0000508.png,origin_poisoned,poisoned,1,0,1,6.443055629730225,7.014221668243408,-0.5711660385131836,0.3526758849620819,0.6243528127670288
509,509,EXTERNAL_SAMPLE/0000509.png,origin_poisoned,poisoned,1,0,0,23.237913131713867,5.594858169555664,17.643054962158203,1.0,2.1762991408991184e-08
510,510,EXTERNAL_SAMPLE/0000510.png,origin_poisoned,poisoned,1,0,0,22.864587783813477,3.853254556655884,19.011333465576172,1.0,5.539655845154812e-09
511,511,EXTERNAL_SAMPLE/0000511.png,origin_poisoned,poisoned,1,0,0,19.81622886657715,5.514715671539307,14.301513671875,0.9999994039535522,6.150796139081649e-07
0,0,EXTERNAL_SAMPLE/0000000.png,degradation_clean,clean,0,0,0,7.886496067047119,7.886496067047119,0.0,0.9832157492637634,0.9832157492637634
1,1,EXTERNAL_SAMPLE/0000001.png,degradation_clean,clean,0,0,0,11.084905624389648,11.084905624389648,0.0,0.9996594190597534,0.9996594190597534
2,2,EXTERNAL_SAMPLE/0000002.png,degradation_clean,clean,0,0,0,11.539411544799805,11.539411544799805,0.0,0.9997438788414001,0.9997438788414001
3,3,EXTERNAL_SAMPLE/0000003.png,degradation_clean,clean,0,0,0,15.187631607055664,15.187631607055664,0.0,0.9999920129776001,0.9999920129776001
4,4,EXTERNAL_SAMPLE/0000004.png,degradation_clean,clean,0,0,8,4.919009685516357,4.919009685516357,0.0,0.4145762026309967,0.4145762026309967
5,5,EXTERNAL_SAMPLE/0000005.png,degradation_clean,clean,0,0,0,10.600811958312988,10.600811958312988,0.0,0.999466598033905,0.999466598033905
6,6,EXTERNAL_SAMPLE/0000006.png,degradation_clean,clean,0,0,0,7.879324436187744,7.879324436187744,0.0,0.9711677432060242,0.9711677432060242
7,7,EXTERNAL_SAMPLE/0000007.png,degradation_clean,clean,0,0,0,11.906111717224121,11.906111717224121,0.0,0.9993239641189575,0.9993239641189575
8,8,EXTERNAL_SAMPLE/0000008.png,degradation_clean,clean,0,0,0,13.248802185058594,13.248802185058594,0.0,0.9997969269752502,0.9997969269752502
9,9,EXTERNAL_SAMPLE/0000009.png,degradation_clean,clean,0,0,0,8.289593696594238,8.289593696594238,0.0,0.9900394082069397,0.9900394082069397
10,10,EXTERNAL_SAMPLE/0000010.png,degradation_clean,clean,0,0,0,6.973771095275879,6.973771095275879,0.0,0.8850337862968445,0.8850337862968445
11,11,EXTERNAL_SAMPLE/0000011.png,degradation_clean,clean,0,0,8,3.14670991897583,3.14670991897583,0.0,0.03035830333828926,0.03035830333828926
12,12,EXTERNAL_SAMPLE/0000012.png,degradation_clean,clean,0,0,0,8.815971374511719,8.815971374511719,0.0,0.9856933355331421,0.9856933355331421
13,13,EXTERNAL_SAMPLE/0000013.png,degradation_clean,clean,0,0,0,6.059481143951416,6.059481143951416,0.0,0.8081592321395874,0.8081592321395874
14,14,EXTERNAL_SAMPLE/0000014.png,degradation_clean,clean,0,0,0,15.881658554077148,15.881658554077148,0.0,0.9999946355819702,0.9999946355819702
15,15,EXTERNAL_SAMPLE/0000015.png,degradation_clean,clean,0,0,0,12.260554313659668,12.260554313659668,0.0,0.9996529817581177,0.9996529817581177
16,16,EXTERNAL_SAMPLE/0000016.png,degradation_clean,clean,0,0,0,3.568286895751953,3.568286895751953,0.0,0.47641652822494507,0.47641652822494507
17,17,EXTERNAL_SAMPLE/0000017.png,degradation_clean,clean,0,0,0,13.65718936920166,13.65718936920166,0.0,0.999962329864502,0.999962329864502
18,18,EXTERNAL_SAMPLE/0000018.png,degradation_clean,clean,0,0,0,10.499837875366211,10.499837875366211,0.0,0.9981825351715088,0.9981825351715088
19,19,EXTERNAL_SAMPLE/0000019.png,degradation_clean,clean,0,0,0,8.435625076293945,8.435625076293945,0.0,0.9408539533615112,0.9408539533615112
20,20,EXTERNAL_SAMPLE/0000020.png,degradation_clean,clean,0,0,0,15.592815399169922,15.592815399169922,0.0,0.9999957084655762,0.9999957084655762
21,21,EXTERNAL_SAMPLE/0000021.png,degradation_clean,clean,0,0,8,2.669001579284668,2.669001579284668,0.0,0.16910307109355927,0.16910307109355927
22,22,EXTERNAL_SAMPLE/0000022.png,degradation_clean,clean,0,0,0,7.419146537780762,7.419146537780762,0.0,0.9805130958557129,0.9805130958557129
23,23,EXTERNAL_SAMPLE/0000023.png,degradation_clean,clean,0,0,0,9.072697639465332,9.072697639465332,0.0,0.997418999671936,0.997418999671936
24,24,EXTERNAL_SAMPLE/0000024.png,degradation_clean,clean,0,0,5,5.475536823272705,5.475536823272705,0.0,0.40075182914733887,0.40075182914733887
25,25,EXTERNAL_SAMPLE/0000025.png,degradation_clean,clean,0,0,0,12.3485689163208,12.3485689163208,0.0,0.999755322933197,0.999755322933197
26,26,EXTERNAL_SAMPLE/0000026.png,degradation_clean,clean,0,0,0,4.331465244293213,4.331465244293213,0.0,0.4268870949745178,0.4268870949745178
27,27,EXTERNAL_SAMPLE/0000027.png,degradation_clean,clean,0,0,0,14.469101905822754,14.469101905822754,0.0,0.9999476671218872,0.9999476671218872
28,28,EXTERNAL_SAMPLE/0000028.png,degradation_clean,clean,0,0,0,7.179407596588135,7.179407596588135,0.0,0.9570732116699219,0.9570732116699219
29,29,EXTERNAL_SAMPLE/0000029.png,degradation_clean,clean,0,0,0,9.999736785888672,9.999736785888672,0.0,0.9981022477149963,0.9981022477149963
30,30,EXTERNAL_SAMPLE/0000030.png,degradation_clean,clean,0,0,0,17.673358917236328,17.673358917236328,0.0,0.9999994039535522,0.9999994039535522
31,31,EXTERNAL_SAMPLE/0000031.png,degradation_clean,clean,0,0,0,8.978348731994629,8.978348731994629,0.0,0.9910139441490173,0.9910139441490173
32,32,EXTERNAL_SAMPLE/0000032.png,degradation_clean,clean,0,0,0,9.621724128723145,9.621724128723145,0.0,0.9946264624595642,0.9946264624595642
33,33,EXTERNAL_SAMPLE/0000033.png,degradation_clean,clean,0,0,0,9.308465957641602,9.308465957641602,0.0,0.9974833130836487,0.9974833130836487
34,34,EXTERNAL_SAMPLE/0000034.png,degradation_clean,clean,0,0,2,4.1461615562438965,4.1461615562438965,0.0,0.007053321693092585,0.007053321693092585
35,35,EXTERNAL_SAMPLE/0000035.png,degradation_clean,clean,0,0,0,7.534290313720703,7.534290313720703,0.0,0.9337389469146729,0.9337389469146729
36,36,EXTERNAL_SAMPLE/0000036.png,degradation_clean,clean,0,0,0,12.016777992248535,12.016777992248535,0.0,0.9996907711029053,0.9996907711029053
37,37,EXTERNAL_SAMPLE/0000037.png,degradation_clean,clean,0,0,8,4.224023818969727,4.224023818969727,0.0,0.31166818737983704,0.31166818737983704
38,38,EXTERNAL_SAMPLE/0000038.png,degradation_clean,clean,0,0,0,11.670676231384277,11.670676231384277,0.0,0.9997768998146057,0.9997768998146057
39,39,EXTERNAL_SAMPLE/0000039.png,degradation_clean,clean,0,0,0,13.596695899963379,13.596695899963379,0.0,0.9999125003814697,0.9999125003814697
40,40,EXTERNAL_SAMPLE/0000040.png,degradation_clean,clean,0,0,0,7.715256214141846,7.715256214141846,0.0,0.9702971577644348,0.9702971577644348
41,41,EXTERNAL_SAMPLE/0000041.png,degradation_clean,clean,0,0,0,13.240518569946289,13.240518569946289,0.0,0.9977678060531616,0.9977678060531616
42,42,EXTERNAL_SAMPLE/0000042.png,degradation_clean,clean,0,0,0,15.168356895446777,15.168356895446777,0.0,0.9999898672103882,0.9999898672103882
43,43,EXTERNAL_SAMPLE/0000043.png,degradation_clean,clean,0,0,0,9.622337341308594,9.622337341308594,0.0,0.9984381794929504,0.9984381794929504
44,44,EXTERNAL_SAMPLE/0000044.png,degradation_clean,clean,0,0,0,5.738722801208496,5.738722801208496,0.0,0.7423156499862671,0.7423156499862671
45,45,EXTERNAL_SAMPLE/0000045.png,degradation_clean,clean,0,0,0,11.471879959106445,11.471879959106445,0.0,0.9991022348403931,0.9991022348403931
46,46,EXTERNAL_SAMPLE/0000046.png,degradation_clean,clean,0,0,0,13.109265327453613,13.109265327453613,0.0,0.9998162388801575,0.9998162388801575
47,47,EXTERNAL_SAMPLE/0000047.png,degradation_clean,clean,0,0,0,7.874561309814453,7.874561309814453,0.0,0.9360897541046143,0.9360897541046143
48,48,EXTERNAL_SAMPLE/0000048.png,degradation_clean,clean,0,0,0,13.250811576843262,13.250811576843262,0.0,0.9998227953910828,0.9998227953910828
49,49,EXTERNAL_SAMPLE/0000049.png,degradation_clean,clean,0,0,0,5.715119361877441,5.715119361877441,0.0,0.6770039200782776,0.6770039200782776
50,50,EXTERNAL_SAMPLE/0000050.png,degradation_clean,clean,0,0,0,8.758047103881836,8.758047103881836,0.0,0.9938145875930786,0.9938145875930786
51,51,EXTERNAL_SAMPLE/0000051.png,degradation_clean,clean,0,0,0,9.708578109741211,9.708578109741211,0.0,0.9951674938201904,0.9951674938201904
52,52,EXTERNAL_SAMPLE/0000052.png,degradation_clean,clean,0,0,0,9.958312034606934,9.958312034606934,0.0,0.998556911945343,0.998556911945343
53,53,EXTERNAL_SAMPLE/0000053.png,degradation_clean,clean,0,0,0,6.430470943450928,6.430470943450928,0.0,0.9342098832130432,0.9342098832130432
54,54,EXTERNAL_SAMPLE/0000054.png,degradation_clean,clean,0,0,0,7.484133720397949,7.484133720397949,0.0,0.9358802437782288,0.9358802437782288
55,55,EXTERNAL_SAMPLE/0000055.png,degradation_clean,clean,0,0,0,12.88616943359375,12.88616943359375,0.0,0.9999407529830933,0.9999407529830933
56,56,EXTERNAL_SAMPLE/0000056.png,degradation_clean,clean,0,0,8,5.645322799682617,5.645322799682617,0.0,0.24754886329174042,0.24754886329174042
57,57,EXTERNAL_SAMPLE/0000057.png,degradation_clean,clean,0,0,0,8.064120292663574,8.064120292663574,0.0,0.9544659852981567,0.9544659852981567
58,58,EXTERNAL_SAMPLE/0000058.png,degradation_clean,clean,0,0,0,8.003968238830566,8.003968238830566,0.0,0.9595416784286499,0.9595416784286499
59,59,EXTERNAL_SAMPLE/0000059.png,degradation_clean,clean,0,0,8,2.9435322284698486,2.9435322284698486,0.0,0.03695002570748329,0.03695002570748329
60,60,EXTERNAL_SAMPLE/0000060.png,degradation_clean,clean,0,0,0,8.45870304107666,8.45870304107666,0.0,0.9918346405029297,0.9918346405029297
61,61,EXTERNAL_SAMPLE/0000061.png,degradation_clean,clean,0,0,0,9.840968132019043,9.840968132019043,0.0,0.998331606388092,0.998331606388092
62,62,EXTERNAL_SAMPLE/0000062.png,degradation_clean,clean,0,0,0,7.155281066894531,7.155281066894531,0.0,0.9604650735855103,0.9604650735855103
63,63,EXTERNAL_SAMPLE/0000063.png,degradation_clean,clean,0,0,0,7.302081108093262,7.302081108093262,0.0,0.8052728772163391,0.8052728772163391
64,64,EXTERNAL_SAMPLE/0000064.png,degradation_clean,clean,0,0,0,11.091612815856934,11.091612815856934,0.0,0.9990341663360596,0.9990341663360596
65,65,EXTERNAL_SAMPLE/0000065.png,degradation_clean,clean,0,0,0,11.862951278686523,11.862951278686523,0.0,0.988134503364563,0.988134503364563
66,66,EXTERNAL_SAMPLE/0000066.png,degradation_clean,clean,0,0,0,8.456007957458496,8.456007957458496,0.0,0.9878580570220947,0.9878580570220947
67,67,EXTERNAL_SAMPLE/0000067.png,degradation_clean,clean,0,0,0,7.533505916595459,7.533505916595459,0.0,0.9685007333755493,0.9685007333755493
68,68,EXTERNAL_SAMPLE/0000068.png,degradation_clean,clean,0,0,0,10.220958709716797,10.220958709716797,0.0,0.9972385168075562,0.9972385168075562
69,69,EXTERNAL_SAMPLE/0000069.png,degradation_clean,clean,0,0,0,12.36302375793457,12.36302375793457,0.0,0.9998635053634644,0.9998635053634644
70,70,EXTERNAL_SAMPLE/0000070.png,degradation_clean,clean,0,0,0,13.483588218688965,13.483588218688965,0.0,0.9998818635940552,0.9998818635940552
71,71,EXTERNAL_SAMPLE/0000071.png,degradation_clean,clean,0,0,0,5.005237579345703,5.005237579345703,0.0,0.6928629279136658,0.6928629279136658
72,72,EXTERNAL_SAMPLE/0000072.png,degradation_clean,clean,0,0,0,13.386380195617676,13.386380195617676,0.0,0.9999349117279053,0.9999349117279053
73,73,EXTERNAL_SAMPLE/0000073.png,degradation_clean,clean,0,0,0,10.349515914916992,10.349515914916992,0.0,0.9986674785614014,0.9986674785614014
74,74,EXTERNAL_SAMPLE/0000074.png,degradation_clean,clean,0,0,5,2.6405556201934814,2.6405556201934814,0.0,0.14477472007274628,0.14477472007274628
75,75,EXTERNAL_SAMPLE/0000075.png,degradation_clean,clean,0,0,0,10.449270248413086,10.449270248413086,0.0,0.9989022016525269,0.9989022016525269
76,76,EXTERNAL_SAMPLE/0000076.png,degradation_clean,clean,0,0,0,18.504243850708008,18.504243850708008,0.0,0.9999998807907104,0.9999998807907104
77,77,EXTERNAL_SAMPLE/0000077.png,degradation_clean,clean,0,0,0,9.230745315551758,9.230745315551758,0.0,0.9919949769973755,0.9919949769973755
78,78,EXTERNAL_SAMPLE/0000078.png,degradation_clean,clean,0,0,0,8.352068901062012,8.352068901062012,0.0,0.9915745854377747,0.9915745854377747
79,79,EXTERNAL_SAMPLE/0000079.png,degradation_clean,clean,0,0,0,16.918739318847656,16.918739318847656,0.0,0.9999983310699463,0.9999983310699463
80,80,EXTERNAL_SAMPLE/0000080.png,degradation_clean,clean,0,0,0,10.11080551147461,10.11080551147461,0.0,0.9938691258430481,0.9938691258430481
81,81,EXTERNAL_SAMPLE/0000081.png,degradation_clean,clean,0,0,0,11.068717956542969,11.068717956542969,0.0,0.9977672100067139,0.9977672100067139
82,82,EXTERNAL_SAMPLE/0000082.png,degradation_clean,clean,0,0,0,6.064456939697266,6.064456939697266,0.0,0.7701586484909058,0.7701586484909058
83,83,EXTERNAL_SAMPLE/0000083.png,degradation_clean,clean,0,0,0,10.240673065185547,10.240673065185547,0.0,0.9982596039772034,0.9982596039772034
84,84,EXTERNAL_SAMPLE/0000084.png,degradation_clean,clean,0,0,0,9.326629638671875,9.326629638671875,0.0,0.9963489770889282,0.9963489770889282
85,85,EXTERNAL_SAMPLE/0000085.png,degradation_clean,clean,0,0,0,18.125621795654297,18.125621795654297,0.0,0.9999997615814209,0.9999997615814209
86,86,EXTERNAL_SAMPLE/0000086.png,degradation_clean,clean,0,0,0,7.844076633453369,7.844076633453369,0.0,0.9799984097480774,0.9799984097480774
87,87,EXTERNAL_SAMPLE/0000087.png,degradation_clean,clean,0,0,0,10.013400077819824,10.013400077819824,0.0,0.9966884255409241,0.9966884255409241
88,88,EXTERNAL_SAMPLE/0000088.png,degradation_clean,clean,0,0,0,12.767339706420898,12.767339706420898,0.0,0.9997164607048035,0.9997164607048035
89,89,EXTERNAL_SAMPLE/0000089.png,degradation_clean,clean,0,0,0,7.230943202972412,7.230943202972412,0.0,0.5677251815795898,0.5677251815795898
90,90,EXTERNAL_SAMPLE/0000090.png,degradation_clean,clean,0,0,0,4.94017219543457,4.94017219543457,0.0,0.6179184317588806,0.6179184317588806
91,91,EXTERNAL_SAMPLE/0000091.png,degradation_clean,clean,0,0,0,9.396982192993164,9.396982192993164,0.0,0.9913642406463623,0.9913642406463623
92,92,EXTERNAL_SAMPLE/0000092.png,degradation_clean,clean,0,0,8,3.427791118621826,3.427791118621826,0.0,0.08612882345914841,0.08612882345914841
93,93,EXTERNAL_SAMPLE/0000093.png,degradation_clean,clean,0,0,8,4.476338863372803,4.476338863372803,0.0,0.20699630677700043,0.20699630677700043
94,94,EXTERNAL_SAMPLE/0000094.png,degradation_clean,clean,0,0,8,3.18782114982605,3.18782114982605,0.0,0.07052343338727951,0.07052343338727951
95,95,EXTERNAL_SAMPLE/0000095.png,degradation_clean,clean,0,0,5,3.0213234424591064,3.0213234424591064,0.0,0.13491754233837128,0.13491754233837128
96,96,EXTERNAL_SAMPLE/0000096.png,degradation_clean,clean,0,0,0,5.627617835998535,5.627617835998535,0.0,0.7666431069374084,0.7666431069374084
97,97,EXTERNAL_SAMPLE/0000097.png,degradation_clean,clean,0,0,0,8.728291511535645,8.728291511535645,0.0,0.9827876091003418,0.9827876091003418
98,98,EXTERNAL_SAMPLE/0000098.png,degradation_clean,clean,0,0,0,6.783782482147217,6.783782482147217,0.0,0.7818295955657959,0.7818295955657959
99,99,EXTERNAL_SAMPLE/0000099.png,degradation_clean,clean,0,0,0,6.574326992034912,6.574326992034912,0.0,0.9373364448547363,0.9373364448547363
100,100,EXTERNAL_SAMPLE/0000100.png,degradation_clean,clean,0,0,0,8.10580062866211,8.10580062866211,0.0,0.9753100872039795,0.9753100872039795
101,101,EXTERNAL_SAMPLE/0000101.png,degradation_clean,clean,0,0,0,5.187868595123291,5.187868595123291,0.0,0.8347025513648987,0.8347025513648987
102,102,EXTERNAL_SAMPLE/0000102.png,degradation_clean,clean,0,0,0,8.984976768493652,8.984976768493652,0.0,0.9900604486465454,0.9900604486465454
103,103,EXTERNAL_SAMPLE/0000103.png,degradation_clean,clean,0,0,0,17.075847625732422,17.075847625732422,0.0,0.9999991655349731,0.9999991655349731
104,104,EXTERNAL_SAMPLE/0000104.png,degradation_clean,clean,0,0,0,10.388066291809082,10.388066291809082,0.0,0.9946735501289368,0.9946735501289368
105,105,EXTERNAL_SAMPLE/0000105.png,degradation_clean,clean,0,0,0,9.796442031860352,9.796442031860352,0.0,0.9979390501976013,0.9979390501976013
106,106,EXTERNAL_SAMPLE/0000106.png,degradation_clean,clean,0,0,0,8.503400802612305,8.503400802612305,0.0,0.9799515604972839,0.9799515604972839
107,107,EXTERNAL_SAMPLE/0000107.png,degradation_clean,clean,0,0,0,11.942989349365234,11.942989349365234,0.0,0.9997240900993347,0.9997240900993347
108,108,EXTERNAL_SAMPLE/0000108.png,degradation_clean,clean,0,0,0,13.694671630859375,13.694671630859375,0.0,0.9999302625656128,0.9999302625656128
109,109,EXTERNAL_SAMPLE/0000109.png,degradation_clean,clean,0,0,0,7.3307318687438965,7.3307318687438965,0.0,0.8193702697753906,0.8193702697753906
110,110,EXTERNAL_SAMPLE/0000110.png,degradation_clean,clean,0,0,0,10.5363130569458,10.5363130569458,0.0,0.9979954957962036,0.9979954957962036
111,111,EXTERNAL_SAMPLE/0000111.png,degradation_clean,clean,0,0,0,9.131786346435547,9.131786346435547,0.0,0.9951130747795105,0.9951130747795105
112,112,EXTERNAL_SAMPLE/0000112.png,degradation_clean,clean,0,0,0,14.26543140411377,14.26543140411377,0.0,0.9999575614929199,0.9999575614929199
113,113,EXTERNAL_SAMPLE/0000113.png,degradation_clean,clean,0,0,0,4.494295597076416,4.494295597076416,0.0,0.7444853186607361,0.7444853186607361
114,114,EXTERNAL_SAMPLE/0000114.png,degradation_clean,clean,0,0,8,4.742928504943848,4.742928504943848,0.0,0.0409233383834362,0.0409233383834362
115,115,EXTERNAL_SAMPLE/0000115.png,degradation_clean,clean,0,0,0,11.854474067687988,11.854474067687988,0.0,0.9961890578269958,0.9961890578269958
116,116,EXTERNAL_SAMPLE/0000116.png,degradation_clean,clean,0,0,0,6.247908115386963,6.247908115386963,0.0,0.9043957591056824,0.9043957591056824
117,117,EXTERNAL_SAMPLE/0000117.png,degradation_clean,clean,0,0,0,6.8874287605285645,6.8874287605285645,0.0,0.7242130041122437,0.7242130041122437
118,118,EXTERNAL_SAMPLE/0000118.png,degradation_clean,clean,0,0,0,9.036656379699707,9.036656379699707,0.0,0.9969364404678345,0.9969364404678345
119,119,EXTERNAL_SAMPLE/0000119.png,degradation_clean,clean,0,0,0,7.778192520141602,7.778192520141602,0.0,0.9817966222763062,0.9817966222763062
120,120,EXTERNAL_SAMPLE/0000120.png,degradation_clean,clean,0,0,0,10.018086433410645,10.018086433410645,0.0,0.9970605969429016,0.9970605969429016
121,121,EXTERNAL_SAMPLE/0000121.png,degradation_clean,clean,0,0,0,15.314964294433594,15.314964294433594,0.0,0.9999392032623291,0.9999392032623291
122,122,EXTERNAL_SAMPLE/0000122.png,degradation_clean,clean,0,0,0,11.324629783630371,11.324629783630371,0.0,0.9988638162612915,0.9988638162612915
123,123,EXTERNAL_SAMPLE/0000123.png,degradation_clean,clean,0,0,0,10.866305351257324,10.866305351257324,0.0,0.9994725584983826,0.9994725584983826
124,124,EXTERNAL_SAMPLE/0000124.png,degradation_clean,clean,0,0,0,7.140199661254883,7.140199661254883,0.0,0.854826033115387,0.854826033115387
125,125,EXTERNAL_SAMPLE/0000125.png,degradation_clean,clean,0,0,0,10.794092178344727,10.794092178344727,0.0,0.9991169571876526,0.9991169571876526
126,126,EXTERNAL_SAMPLE/0000126.png,degradation_clean,clean,0,0,0,10.044534683227539,10.044534683227539,0.0,0.9982336759567261,0.9982336759567261
127,127,EXTERNAL_SAMPLE/0000127.png,degradation_clean,clean,0,0,0,6.74169397354126,6.74169397354126,0.0,0.9234355688095093,0.9234355688095093
128,128,EXTERNAL_SAMPLE/0000128.png,degradation_clean,clean,0,0,0,10.753491401672363,10.753491401672363,0.0,0.9984063506126404,0.9984063506126404
129,129,EXTERNAL_SAMPLE/0000129.png,degradation_clean,clean,0,0,0,9.43547248840332,9.43547248840332,0.0,0.993243396282196,0.993243396282196
130,130,EXTERNAL_SAMPLE/0000130.png,degradation_clean,clean,0,0,0,12.016307830810547,12.016307830810547,0.0,0.9996694326400757,0.9996694326400757
131,131,EXTERNAL_SAMPLE/0000131.png,degradation_clean,clean,0,0,0,10.997143745422363,10.997143745422363,0.0,0.999388575553894,0.999388575553894
132,132,EXTERNAL_SAMPLE/0000132.png,degradation_clean,clean,0,0,8,2.85908579826355,2.85908579826355,0.0,0.0013721537543460727,0.0013721537543460727
133,133,EXTERNAL_SAMPLE/0000133.png,degradation_clean,clean,0,0,0,11.593965530395508,11.593965530395508,0.0,0.9995126724243164,0.9995126724243164
134,134,EXTERNAL_SAMPLE/0000134.png,degradation_clean,clean,0,0,0,10.844343185424805,10.844343185424805,0.0,0.9995672106742859,0.9995672106742859
135,135,EXTERNAL_SAMPLE/0000135.png,degradation_clean,clean,0,0,0,17.209136962890625,17.209136962890625,0.0,0.9999991655349731,0.9999991655349731
136,136,EXTERNAL_SAMPLE/0000136.png,degradation_clean,clean,0,0,0,13.663264274597168,13.663264274597168,0.0,0.9997109770774841,0.9997109770774841
137,137,EXTERNAL_SAMPLE/0000137.png,degradation_clean,clean,0,0,0,11.30412483215332,11.30412483215332,0.0,0.9995778203010559,0.9995778203010559
138,138,EXTERNAL_SAMPLE/0000138.png,degradation_clean,clean,0,0,0,9.365593910217285,9.365593910217285,0.0,0.9960399866104126,0.9960399866104126
139,139,EXTERNAL_SAMPLE/0000139.png,degradation_clean,clean,0,0,0,7.650586128234863,7.650586128234863,0.0,0.9612761735916138,0.9612761735916138
140,140,EXTERNAL_SAMPLE/0000140.png,degradation_clean,clean,0,0,0,6.893359661102295,6.893359661102295,0.0,0.8854069113731384,0.8854069113731384
141,141,EXTERNAL_SAMPLE/0000141.png,degradation_clean,clean,0,0,8,5.807280540466309,5.807280540466309,0.0,0.2766369879245758,0.2766369879245758
142,142,EXTERNAL_SAMPLE/0000142.png,degradation_clean,clean,0,0,0,18.049331665039062,18.049331665039062,0.0,0.9999997615814209,0.9999997615814209
143,143,EXTERNAL_SAMPLE/0000143.png,degradation_clean,clean,0,0,0,5.508172035217285,5.508172035217285,0.0,0.7218102812767029,0.7218102812767029
144,144,EXTERNAL_SAMPLE/0000144.png,degradation_clean,clean,0,0,0,12.91265869140625,12.91265869140625,0.0,0.9997172951698303,0.9997172951698303
145,145,EXTERNAL_SAMPLE/0000145.png,degradation_clean,clean,0,0,0,6.842825412750244,6.842825412750244,0.0,0.9068870544433594,0.9068870544433594
146,146,EXTERNAL_SAMPLE/0000146.png,degradation_clean,clean,0,0,8,3.6022753715515137,3.6022753715515137,0.0,0.2859368622303009,0.2859368622303009
147,147,EXTERNAL_SAMPLE/0000147.png,degradation_clean,clean,0,0,0,8.346844673156738,8.346844673156738,0.0,0.9906702041625977,0.9906702041625977
148,148,EXTERNAL_SAMPLE/0000148.png,degradation_clean,clean,0,0,8,2.8222851753234863,2.8222851753234863,0.0,0.12434329092502594,0.12434329092502594
149,149,EXTERNAL_SAMPLE/0000149.png,degradation_clean,clean,0,0,0,6.72476053237915,6.72476053237915,0.0,0.5871686339378357,0.5871686339378357
150,150,EXTERNAL_SAMPLE/0000150.png,degradation_clean,clean,0,0,0,7.798945426940918,7.798945426940918,0.0,0.9818273186683655,0.9818273186683655
151,151,EXTERNAL_SAMPLE/0000151.png,degradation_clean,clean,0,0,9,1.981710433959961,1.981710433959961,0.0,0.017148369923233986,0.017148369923233986
152,152,EXTERNAL_SAMPLE/0000152.png,degradation_clean,clean,0,0,0,10.56371784210205,10.56371784210205,0.0,0.9879971742630005,0.9879971742630005
153,153,EXTERNAL_SAMPLE/0000153.png,degradation_clean,clean,0,0,8,2.6837053298950195,2.6837053298950195,0.0,0.15465646982192993,0.15465646982192993
154,154,EXTERNAL_SAMPLE/0000154.png,degradation_clean,clean,0,0,0,8.19017505645752,8.19017505645752,0.0,0.9836521148681641,0.9836521148681641
155,155,EXTERNAL_SAMPLE/0000155.png,degradation_clean,clean,0,0,0,11.478070259094238,11.478070259094238,0.0,0.9994121789932251,0.9994121789932251
156,156,EXTERNAL_SAMPLE/0000156.png,degradation_clean,clean,0,0,8,4.31545877456665,4.31545877456665,0.0,0.11134850233793259,0.11134850233793259
157,157,EXTERNAL_SAMPLE/0000157.png,degradation_clean,clean,0,0,0,7.854525566101074,7.854525566101074,0.0,0.9873254299163818,0.9873254299163818
158,158,EXTERNAL_SAMPLE/0000158.png,degradation_clean,clean,0,0,0,11.509374618530273,11.509374618530273,0.0,0.9996240139007568,0.9996240139007568
159,159,EXTERNAL_SAMPLE/0000159.png,degradation_clean,clean,0,0,0,7.8368000984191895,7.8368000984191895,0.0,0.9890234470367432,0.9890234470367432
160,160,EXTERNAL_SAMPLE/0000160.png,degradation_clean,clean,0,0,8,2.089871406555176,2.089871406555176,0.0,0.0708758682012558,0.0708758682012558
161,161,EXTERNAL_SAMPLE/0000161.png,degradation_clean,clean,0,0,1,1.686946153640747,1.686946153640747,0.0,0.058811403810977936,0.058811403810977936
162,162,EXTERNAL_SAMPLE/0000162.png,degradation_clean,clean,0,0,3,0.8358637690544128,0.8358637690544128,0.0,0.023124221712350845,0.023124221712350845
163,163,EXTERNAL_SAMPLE/0000163.png,degradation_clean,clean,0,0,1,3.5618085861206055,3.5618085861206055,0.0,0.170410618185997,0.170410618185997
164,164,EXTERNAL_SAMPLE/0000164.png,degradation_clean,clean,0,0,0,8.983628273010254,8.983628273010254,0.0,0.9883210062980652,0.9883210062980652
165,165,EXTERNAL_SAMPLE/0000165.png,degradation_clean,clean,0,0,8,4.063195705413818,4.063195705413818,0.0,0.27089810371398926,0.27089810371398926
166,166,EXTERNAL_SAMPLE/0000166.png,degradation_clean,clean,0,0,8,4.383691787719727,4.383691787719727,0.0,0.012089108116924763,0.012089108116924763
167,167,EXTERNAL_SAMPLE/0000167.png,degradation_clean,clean,0,0,0,8.018989562988281,8.018989562988281,0.0,0.9662600755691528,0.9662600755691528
168,168,EXTERNAL_SAMPLE/0000168.png,degradation_clean,clean,0,0,0,12.426957130432129,12.426957130432129,0.0,0.9998480081558228,0.9998480081558228
169,169,EXTERNAL_SAMPLE/0000169.png,degradation_clean,clean,0,0,0,6.943300247192383,6.943300247192383,0.0,0.7599931359291077,0.7599931359291077
170,170,EXTERNAL_SAMPLE/0000170.png,degradation_clean,clean,0,0,0,8.149053573608398,8.149053573608398,0.0,0.9582149982452393,0.9582149982452393
171,171,EXTERNAL_SAMPLE/0000171.png,degradation_clean,clean,0,0,1,1.9301631450653076,1.9301631450653076,0.0,0.08808733522891998,0.08808733522891998
172,172,EXTERNAL_SAMPLE/0000172.png,degradation_clean,clean,0,0,0,11.075518608093262,11.075518608093262,0.0,0.9994657635688782,0.9994657635688782
173,173,EXTERNAL_SAMPLE/0000173.png,degradation_clean,clean,0,0,0,5.210536956787109,5.210536956787109,0.0,0.577773928642273,0.577773928642273
174,174,EXTERNAL_SAMPLE/0000174.png,degradation_clean,clean,0,0,8,2.3992862701416016,2.3992862701416016,0.0,0.055808357894420624,0.055808357894420624
175,175,EXTERNAL_SAMPLE/0000175.png,degradation_clean,clean,0,0,0,5.958823204040527,5.958823204040527,0.0,0.8470031023025513,0.8470031023025513
176,176,EXTERNAL_SAMPLE/0000176.png,degradation_clean,clean,0,0,8,6.411490440368652,6.411490440368652,0.0,0.29943332076072693,0.29943332076072693
177,177,EXTERNAL_SAMPLE/0000177.png,degradation_clean,clean,0,0,0,9.674614906311035,9.674614906311035,0.0,0.9938418865203857,0.9938418865203857
178,178,EXTERNAL_SAMPLE/0000178.png,degradation_clean,clean,0,0,0,13.805920600891113,13.805920600891113,0.0,0.9999747276306152,0.9999747276306152
179,179,EXTERNAL_SAMPLE/0000179.png,degradation_clean,clean,0,0,0,14.7978515625,14.7978515625,0.0,0.9999891519546509,0.9999891519546509
180,180,EXTERNAL_SAMPLE/0000180.png,degradation_clean,clean,0,0,0,6.030742645263672,6.030742645263672,0.0,0.6026043891906738,0.6026043891906738
181,181,EXTERNAL_SAMPLE/0000181.png,degradation_clean,clean,0,0,0,11.25457763671875,11.25457763671875,0.0,0.9991846680641174,0.9991846680641174
182,182,EXTERNAL_SAMPLE/0000182.png,degradation_clean,clean,0,0,0,9.461153030395508,9.461153030395508,0.0,0.9967039227485657,0.9967039227485657
183,183,EXTERNAL_SAMPLE/0000183.png,degradation_clean,clean,0,0,0,12.770913124084473,12.770913124084473,0.0,0.9998559951782227,0.9998559951782227
184,184,EXTERNAL_SAMPLE/0000184.png,degradation_clean,clean,0,0,0,8.86993408203125,8.86993408203125,0.0,0.9962425231933594,0.9962425231933594
185,185,EXTERNAL_SAMPLE/0000185.png,degradation_clean,clean,0,0,8,5.719239711761475,5.719239711761475,0.0,0.43119511008262634,0.43119511008262634
186,186,EXTERNAL_SAMPLE/0000186.png,degradation_clean,clean,0,0,0,13.306137084960938,13.306137084960938,0.0,0.999893307685852,0.999893307685852
187,187,EXTERNAL_SAMPLE/0000187.png,degradation_clean,clean,0,0,0,9.096125602722168,9.096125602722168,0.0,0.9866226315498352,0.9866226315498352
188,188,EXTERNAL_SAMPLE/0000188.png,degradation_clean,clean,0,0,0,5.941676616668701,5.941676616668701,0.0,0.9111620783805847,0.9111620783805847
189,189,EXTERNAL_SAMPLE/0000189.png,degradation_clean,clean,0,0,8,1.5961910486221313,1.5961910486221313,0.0,0.03678569942712784,0.03678569942712784
190,190,EXTERNAL_SAMPLE/0000190.png,degradation_clean,clean,0,0,1,4.293679714202881,4.293679714202881,0.0,0.23457197844982147,0.23457197844982147
191,191,EXTERNAL_SAMPLE/0000191.png,degradation_clean,clean,0,0,0,8.573740005493164,8.573740005493164,0.0,0.9908299446105957,0.9908299446105957
192,192,EXTERNAL_SAMPLE/0000192.png,degradation_clean,clean,0,0,0,6.093751430511475,6.093751430511475,0.0,0.8470412492752075,0.8470412492752075
193,193,EXTERNAL_SAMPLE/0000193.png,degradation_clean,clean,0,0,0,8.667923927307129,8.667923927307129,0.0,0.9922677874565125,0.9922677874565125
194,194,EXTERNAL_SAMPLE/0000194.png,degradation_clean,clean,0,0,0,13.695225715637207,13.695225715637207,0.0,0.999963641166687,0.999963641166687
195,195,EXTERNAL_SAMPLE/0000195.png,degradation_clean,clean,0,0,0,7.011634826660156,7.011634826660156,0.0,0.8628630638122559,0.8628630638122559
196,196,EXTERNAL_SAMPLE/0000196.png,degradation_clean,clean,0,0,0,6.032455921173096,6.032455921173096,0.0,0.9337435960769653,0.9337435960769653
197,197,EXTERNAL_SAMPLE/0000197.png,degradation_clean,clean,0,0,0,12.289795875549316,12.289795875549316,0.0,0.999828577041626,0.999828577041626
198,198,EXTERNAL_SAMPLE/0000198.png,degradation_clean,clean,0,0,0,8.5318603515625,8.5318603515625,0.0,0.9882136583328247,0.9882136583328247
199,199,EXTERNAL_SAMPLE/0000199.png,degradation_clean,clean,0,0,0,10.131088256835938,10.131088256835938,0.0,0.9991719722747803,0.9991719722747803
200,200,EXTERNAL_SAMPLE/0000200.png,degradation_clean,clean,0,0,0,7.991743564605713,7.991743564605713,0.0,0.9711685180664062,0.9711685180664062
201,201,EXTERNAL_SAMPLE/0000201.png,degradation_clean,clean,0,0,8,4.431334972381592,4.431334972381592,0.0,0.05806111544370651,0.05806111544370651
202,202,EXTERNAL_SAMPLE/0000202.png,degradation_clean,clean,0,0,0,13.58237361907959,13.58237361907959,0.0,0.9999552965164185,0.9999552965164185
203,203,EXTERNAL_SAMPLE/0000203.png,degradation_clean,clean,0,0,0,15.464494705200195,15.464494705200195,0.0,0.9999939203262329,0.9999939203262329
204,204,EXTERNAL_SAMPLE/0000204.png,degradation_clean,clean,0,0,0,11.80813980102539,11.80813980102539,0.0,0.9986206293106079,0.9986206293106079
205,205,EXTERNAL_SAMPLE/0000205.png,degradation_clean,clean,0,0,0,8.237114906311035,8.237114906311035,0.0,0.9885817170143127,0.9885817170143127
206,206,EXTERNAL_SAMPLE/0000206.png,degradation_clean,clean,0,0,0,14.234603881835938,14.234603881835938,0.0,0.9999597072601318,0.9999597072601318
207,207,EXTERNAL_SAMPLE/0000207.png,degradation_clean,clean,0,0,0,5.740234851837158,5.740234851837158,0.0,0.8366163372993469,0.8366163372993469
208,208,EXTERNAL_SAMPLE/0000208.png,degradation_clean,clean,0,0,0,6.313810348510742,6.313810348510742,0.0,0.9333061575889587,0.9333061575889587
209,209,EXTERNAL_SAMPLE/0000209.png,degradation_clean,clean,0,0,0,5.713010787963867,5.713010787963867,0.0,0.7120015025138855,0.7120015025138855
210,210,EXTERNAL_SAMPLE/0000210.png,degradation_clean,clean,0,0,8,6.609632968902588,6.609632968902588,0.0,0.1437053680419922,0.1437053680419922
211,211,EXTERNAL_SAMPLE/0000211.png,degradation_clean,clean,0,0,0,6.524239540100098,6.524239540100098,0.0,0.9117812514305115,0.9117812514305115
212,212,EXTERNAL_SAMPLE/0000212.png,degradation_clean,clean,0,0,5,2.042076826095581,2.042076826095581,0.0,0.12012054771184921,0.12012054771184921
213,213,EXTERNAL_SAMPLE/0000213.png,degradation_clean,clean,0,0,0,9.63406753540039,9.63406753540039,0.0,0.9951044321060181,0.9951044321060181
214,214,EXTERNAL_SAMPLE/0000214.png,degradation_clean,clean,0,0,0,11.27173900604248,11.27173900604248,0.0,0.999618649482727,0.999618649482727
215,215,EXTERNAL_SAMPLE/0000215.png,degradation_clean,clean,0,0,0,9.594411849975586,9.594411849975586,0.0,0.9973898530006409,0.9973898530006409
216,216,EXTERNAL_SAMPLE/0000216.png,degradation_clean,clean,0,0,0,10.780670166015625,10.780670166015625,0.0,0.9973745346069336,0.9973745346069336
217,217,EXTERNAL_SAMPLE/0000217.png,degradation_clean,clean,0,0,0,12.052464485168457,12.052464485168457,0.0,0.999344527721405,0.999344527721405
218,218,EXTERNAL_SAMPLE/0000218.png,degradation_clean,clean,0,0,0,11.253662109375,11.253662109375,0.0,0.9987691044807434,0.9987691044807434
219,219,EXTERNAL_SAMPLE/0000219.png,degradation_clean,clean,0,0,0,8.138171195983887,8.138171195983887,0.0,0.9891963005065918,0.9891963005065918
220,220,EXTERNAL_SAMPLE/0000220.png,degradation_clean,clean,0,0,0,9.838385581970215,9.838385581970215,0.0,0.9941688776016235,0.9941688776016235
221,221,EXTERNAL_SAMPLE/0000221.png,degradation_clean,clean,0,0,0,7.901947021484375,7.901947021484375,0.0,0.9276833534240723,0.9276833534240723
222,222,EXTERNAL_SAMPLE/0000222.png,degradation_clean,clean,0,0,0,14.44083023071289,14.44083023071289,0.0,0.9999842643737793,0.9999842643737793
223,223,EXTERNAL_SAMPLE/0000223.png,degradation_clean,clean,0,0,8,7.997407913208008,7.997407913208008,0.0,0.4409905970096588,0.4409905970096588
224,224,EXTERNAL_SAMPLE/0000224.png,degradation_clean,clean,0,0,0,8.57983112335205,8.57983112335205,0.0,0.9938238859176636,0.9938238859176636
225,225,EXTERNAL_SAMPLE/0000225.png,degradation_clean,clean,0,0,1,3.5731468200683594,3.5731468200683594,0.0,0.19350241124629974,0.19350241124629974
226,226,EXTERNAL_SAMPLE/0000226.png,degradation_clean,clean,0,0,0,6.39513635635376,6.39513635635376,0.0,0.5885223746299744,0.5885223746299744
227,227,EXTERNAL_SAMPLE/0000227.png,degradation_clean,clean,0,0,0,13.17171573638916,13.17171573638916,0.0,0.9997490048408508,0.9997490048408508
228,228,EXTERNAL_SAMPLE/0000228.png,degradation_clean,clean,0,0,8,4.871383190155029,4.871383190155029,0.0,0.01071211788803339,0.01071211788803339
229,229,EXTERNAL_SAMPLE/0000229.png,degradation_clean,clean,0,0,0,8.568954467773438,8.568954467773438,0.0,0.9881235957145691,0.9881235957145691
230,230,EXTERNAL_SAMPLE/0000230.png,degradation_clean,clean,0,0,0,14.568984985351562,14.568984985351562,0.0,0.9999688863754272,0.9999688863754272
231,231,EXTERNAL_SAMPLE/0000231.png,degradation_clean,clean,0,0,7,3.8890819549560547,3.8890819549560547,0.0,0.36388787627220154,0.36388787627220154
232,232,EXTERNAL_SAMPLE/0000232.png,degradation_clean,clean,0,0,8,6.123899936676025,6.123899936676025,0.0,0.4494704008102417,0.4494704008102417
233,233,EXTERNAL_SAMPLE/0000233.png,degradation_clean,clean,0,0,0,7.661715030670166,7.661715030670166,0.0,0.9035999178886414,0.9035999178886414
234,234,EXTERNAL_SAMPLE/0000234.png,degradation_clean,clean,0,0,0,4.2892279624938965,4.2892279624938965,0.0,0.4052731692790985,0.4052731692790985
235,235,EXTERNAL_SAMPLE/0000235.png,degradation_clean,clean,0,0,8,6.624849319458008,6.624849319458008,0.0,0.45831626653671265,0.45831626653671265
236,236,EXTERNAL_SAMPLE/0000236.png,degradation_clean,clean,0,0,0,3.609351634979248,3.609351634979248,0.0,0.41143420338630676,0.41143420338630676
237,237,EXTERNAL_SAMPLE/0000237.png,degradation_clean,clean,0,0,0,13.001261711120605,13.001261711120605,0.0,0.9997058510780334,0.9997058510780334
238,238,EXTERNAL_SAMPLE/0000238.png,degradation_clean,clean,0,0,8,3.775254011154175,3.775254011154175,0.0,0.027653515338897705,0.027653515338897705
239,239,EXTERNAL_SAMPLE/0000239.png,degradation_clean,clean,0,0,0,6.4574384689331055,6.4574384689331055,0.0,0.8917024731636047,0.8917024731636047
240,240,EXTERNAL_SAMPLE/0000240.png,degradation_clean,clean,0,0,8,3.2009119987487793,3.2009119987487793,0.0,0.021556124091148376,0.021556124091148376
241,241,EXTERNAL_SAMPLE/0000241.png,degradation_clean,clean,0,0,0,5.338038921356201,5.338038921356201,0.0,0.49665403366088867,0.49665403366088867
242,242,EXTERNAL_SAMPLE/0000242.png,degradation_clean,clean,0,0,0,8.357215881347656,8.357215881347656,0.0,0.9824884533882141,0.9824884533882141
243,243,EXTERNAL_SAMPLE/0000243.png,degradation_clean,clean,0,0,0,9.463761329650879,9.463761329650879,0.0,0.9957230091094971,0.9957230091094971
244,244,EXTERNAL_SAMPLE/0000244.png,degradation_clean,clean,0,0,0,5.157212257385254,5.157212257385254,0.0,0.7692466974258423,0.7692466974258423
245,245,EXTERNAL_SAMPLE/0000245.png,degradation_clean,clean,0,0,1,0.22151362895965576,0.22151362895965576,0.0,0.001942432252690196,0.001942432252690196
246,246,EXTERNAL_SAMPLE/0000246.png,degradation_clean,clean,0,0,0,6.660938739776611,6.660938739776611,0.0,0.7770619988441467,0.7770619988441467
247,247,EXTERNAL_SAMPLE/0000247.png,degradation_clean,clean,0,0,0,4.6894755363464355,4.6894755363464355,0.0,0.576418399810791,0.576418399810791
248,248,EXTERNAL_SAMPLE/0000248.png,degradation_clean,clean,0,0,0,13.026656150817871,13.026656150817871,0.0,0.9997666478157043,0.9997666478157043
249,249,EXTERNAL_SAMPLE/0000249.png,degradation_clean,clean,0,0,0,8.284368515014648,8.284368515014648,0.0,0.8257075548171997,0.8257075548171997
250,250,EXTERNAL_SAMPLE/0000250.png,degradation_clean,clean,0,0,2,3.702131509780884,3.702131509780884,0.0,0.13848906755447388,0.13848906755447388
251,251,EXTERNAL_SAMPLE/0000251.png,degradation_clean,clean,0,0,9,1.414050817489624,1.414050817489624,0.0,0.053507160395383835,0.053507160395383835
252,252,EXTERNAL_SAMPLE/0000252.png,degradation_clean,clean,0,0,5,3.8771650791168213,3.8771650791168213,0.0,0.2848227620124817,0.2848227620124817
253,253,EXTERNAL_SAMPLE/0000253.png,degradation_clean,clean,0,0,0,13.698058128356934,13.698058128356934,0.0,0.9999326467514038,0.9999326467514038
254,254,EXTERNAL_SAMPLE/0000254.png,degradation_clean,clean,0,0,0,7.223484992980957,7.223484992980957,0.0,0.9709476232528687,0.9709476232528687
255,255,EXTERNAL_SAMPLE/0000255.png,degradation_clean,clean,0,0,0,10.201040267944336,10.201040267944336,0.0,0.9969213008880615,0.9969213008880615
256,256,EXTERNAL_SAMPLE/0000256.png,degradation_clean,clean,0,0,8,6.103506565093994,6.103506565093994,0.0,0.366653710603714,0.366653710603714
257,257,EXTERNAL_SAMPLE/0000257.png,degradation_clean,clean,0,0,0,6.14777946472168,6.14777946472168,0.0,0.9185576438903809,0.9185576438903809
258,258,EXTERNAL_SAMPLE/0000258.png,degradation_clean,clean,0,0,0,8.691614151000977,8.691614151000977,0.0,0.9891003966331482,0.9891003966331482
259,259,EXTERNAL_SAMPLE/0000259.png,degradation_clean,clean,0,0,0,10.437874794006348,10.437874794006348,0.0,0.9942713975906372,0.9942713975906372
260,260,EXTERNAL_SAMPLE/0000260.png,degradation_clean,clean,0,0,8,1.4130544662475586,1.4130544662475586,0.0,0.03962818905711174,0.03962818905711174
261,261,EXTERNAL_SAMPLE/0000261.png,degradation_clean,clean,0,0,0,6.713331699371338,6.713331699371338,0.0,0.7737454175949097,0.7737454175949097
262,262,EXTERNAL_SAMPLE/0000262.png,degradation_clean,clean,0,0,0,9.166540145874023,9.166540145874023,0.0,0.9940608143806458,0.9940608143806458
263,263,EXTERNAL_SAMPLE/0000263.png,degradation_clean,clean,0,0,0,8.696751594543457,8.696751594543457,0.0,0.9711633324623108,0.9711633324623108
264,264,EXTERNAL_SAMPLE/0000264.png,degradation_clean,clean,0,0,0,11.49655818939209,11.49655818939209,0.0,0.9996169805526733,0.9996169805526733
265,265,EXTERNAL_SAMPLE/0000265.png,degradation_clean,clean,0,0,0,10.62635612487793,10.62635612487793,0.0,0.9990560412406921,0.9990560412406921
266,266,EXTERNAL_SAMPLE/0000266.png,degradation_clean,clean,0,0,0,10.678271293640137,10.678271293640137,0.0,0.9935965538024902,0.9935965538024902
267,267,EXTERNAL_SAMPLE/0000267.png,degradation_clean,clean,0,0,0,16.745655059814453,16.745655059814453,0.0,0.9999940395355225,0.9999940395355225
268,268,EXTERNAL_SAMPLE/0000268.png,degradation_clean,clean,0,0,8,3.0180017948150635,3.0180017948150635,0.0,0.23445634543895721,0.23445634543895721
269,269,EXTERNAL_SAMPLE/0000269.png,degradation_clean,clean,0,0,0,7.120446681976318,7.120446681976318,0.0,0.8411865830421448,0.8411865830421448
270,270,EXTERNAL_SAMPLE/0000270.png,degradation_clean,clean,0,0,0,16.83867835998535,16.83867835998535,0.0,0.9999929666519165,0.9999929666519165
271,271,EXTERNAL_SAMPLE/0000271.png,degradation_clean,clean,0,0,0,14.110212326049805,14.110212326049805,0.0,0.9999728202819824,0.9999728202819824
272,272,EXTERNAL_SAMPLE/0000272.png,degradation_clean,clean,0,0,0,10.294930458068848,10.294930458068848,0.0,0.9957520961761475,0.9957520961761475
273,273,EXTERNAL_SAMPLE/0000273.png,degradation_clean,clean,0,0,0,8.750469207763672,8.750469207763672,0.0,0.9879853129386902,0.9879853129386902
274,274,EXTERNAL_SAMPLE/0000274.png,degradation_clean,clean,0,0,0,5.780612468719482,5.780612468719482,0.0,0.875851035118103,0.875851035118103
275,275,EXTERNAL_SAMPLE/0000275.png,degradation_clean,clean,0,0,0,9.857061386108398,9.857061386108398,0.0,0.9983219504356384,0.9983219504356384
276,276,EXTERNAL_SAMPLE/0000276.png,degradation_clean,clean,0,0,0,9.970857620239258,9.970857620239258,0.0,0.996016800403595,0.996016800403595
277,277,EXTERNAL_SAMPLE/0000277.png,degradation_clean,clean,0,0,8,2.7412631511688232,2.7412631511688232,0.0,0.024416424334049225,0.024416424334049225
278,278,EXTERNAL_SAMPLE/0000278.png,degradation_clean,clean,0,0,0,11.563822746276855,11.563822746276855,0.0,0.9992050528526306,0.9992050528526306
279,279,EXTERNAL_SAMPLE/0000279.png,degradation_clean,clean,0,0,0,4.644204139709473,4.644204139709473,0.0,0.6346276998519897,0.6346276998519897
280,280,EXTERNAL_SAMPLE/0000280.png,degradation_clean,clean,0,0,0,6.876368999481201,6.876368999481201,0.0,0.7015026807785034,0.7015026807785034
281,281,EXTERNAL_SAMPLE/0000281.png,degradation_clean,clean,0,0,0,14.48183822631836,14.48183822631836,0.0,0.9999847412109375,0.9999847412109375
282,282,EXTERNAL_SAMPLE/0000282.png,degradation_clean,clean,0,0,0,10.571703910827637,10.571703910827637,0.0,0.9987853169441223,0.9987853169441223
283,283,EXTERNAL_SAMPLE/0000283.png,degradation_clean,clean,0,0,0,11.268036842346191,11.268036842346191,0.0,0.9988301396369934,0.9988301396369934
284,284,EXTERNAL_SAMPLE/0000284.png,degradation_clean,clean,0,0,0,7.699220180511475,7.699220180511475,0.0,0.9285603761672974,0.9285603761672974
285,285,EXTERNAL_SAMPLE/0000285.png,degradation_clean,clean,0,0,1,5.1576714515686035,5.1576714515686035,0.0,0.2366526573896408,0.2366526573896408
286,286,EXTERNAL_SAMPLE/0000286.png,degradation_clean,clean,0,0,0,10.211261749267578,10.211261749267578,0.0,0.9989469647407532,0.9989469647407532
287,287,EXTERNAL_SAMPLE/0000287.png,degradation_clean,clean,0,0,0,15.683821678161621,15.683821678161621,0.0,0.9999934434890747,0.9999934434890747
288,288,EXTERNAL_SAMPLE/0000288.png,degradation_clean,clean,0,0,8,5.34843111038208,5.34843111038208,0.0,0.21526479721069336,0.21526479721069336
289,289,EXTERNAL_SAMPLE/0000289.png,degradation_clean,clean,0,0,0,16.337703704833984,16.337703704833984,0.0,0.999994158744812,0.999994158744812
290,290,EXTERNAL_SAMPLE/0000290.png,degradation_clean,clean,0,0,0,16.8590145111084,16.8590145111084,0.0,0.9999966621398926,0.9999966621398926
291,291,EXTERNAL_SAMPLE/0000291.png,degradation_clean,clean,0,0,0,13.068609237670898,13.068609237670898,0.0,0.9998958110809326,0.9998958110809326
292,292,EXTERNAL_SAMPLE/0000292.png,degradation_clean,clean,0,0,0,5.945117473602295,5.945117473602295,0.0,0.6710668206214905,0.6710668206214905
293,293,EXTERNAL_SAMPLE/0000293.png,degradation_clean,clean,0,0,8,0.8152179718017578,0.8152179718017578,0.0,0.008543784730136395,0.008543784730136395
294,294,EXTERNAL_SAMPLE/0000294.png,degradation_clean,clean,0,0,8,3.948192596435547,3.948192596435547,0.0,0.06183374673128128,0.06183374673128128
295,295,EXTERNAL_SAMPLE/0000295.png,degradation_clean,clean,0,0,1,4.538283824920654,4.538283824920654,0.0,0.25597792863845825,0.25597792863845825
296,296,EXTERNAL_SAMPLE/0000296.png,degradation_clean,clean,0,0,0,13.19130802154541,13.19130802154541,0.0,0.9997977614402771,0.9997977614402771
297,297,EXTERNAL_SAMPLE/0000297.png,degradation_clean,clean,0,0,0,7.832510948181152,7.832510948181152,0.0,0.9817891716957092,0.9817891716957092
298,298,EXTERNAL_SAMPLE/0000298.png,degradation_clean,clean,0,0,0,14.728166580200195,14.728166580200195,0.0,0.999992847442627,0.999992847442627
299,299,EXTERNAL_SAMPLE/0000299.png,degradation_clean,clean,0,0,0,5.515875816345215,5.515875816345215,0.0,0.8710574507713318,0.8710574507713318
300,300,EXTERNAL_SAMPLE/0000300.png,degradation_clean,clean,0,0,0,6.39104700088501,6.39104700088501,0.0,0.7571139931678772,0.7571139931678772
301,301,EXTERNAL_SAMPLE/0000301.png,degradation_clean,clean,0,0,0,12.689748764038086,12.689748764038086,0.0,0.9999315738677979,0.9999315738677979
302,302,EXTERNAL_SAMPLE/0000302.png,degradation_clean,clean,0,0,0,9.062692642211914,9.062692642211914,0.0,0.9960978031158447,0.9960978031158447
303,303,EXTERNAL_SAMPLE/0000303.png,degradation_clean,clean,0,0,0,5.234811305999756,5.234811305999756,0.0,0.7700549960136414,0.7700549960136414
304,304,EXTERNAL_SAMPLE/0000304.png,degradation_clean,clean,0,0,0,10.404540061950684,10.404540061950684,0.0,0.9957677125930786,0.9957677125930786
305,305,EXTERNAL_SAMPLE/0000305.png,degradation_clean,clean,0,0,0,6.556750297546387,6.556750297546387,0.0,0.9162048697471619,0.9162048697471619
306,306,EXTERNAL_SAMPLE/0000306.png,degradation_clean,clean,0,0,0,9.474527359008789,9.474527359008789,0.0,0.9974149465560913,0.9974149465560913
307,307,EXTERNAL_SAMPLE/0000307.png,degradation_clean,clean,0,0,0,10.297368049621582,10.297368049621582,0.0,0.9991507530212402,0.9991507530212402
308,308,EXTERNAL_SAMPLE/0000308.png,degradation_clean,clean,0,0,0,10.000401496887207,10.000401496887207,0.0,0.9661706686019897,0.9661706686019897
309,309,EXTERNAL_SAMPLE/0000309.png,degradation_clean,clean,0,0,0,9.95517635345459,9.95517635345459,0.0,0.9983678460121155,0.9983678460121155
310,310,EXTERNAL_SAMPLE/0000310.png,degradation_clean,clean,0,0,0,6.799234390258789,6.799234390258789,0.0,0.9460897445678711,0.9460897445678711
311,311,EXTERNAL_SAMPLE/0000311.png,degradation_clean,clean,0,0,0,9.87179183959961,9.87179183959961,0.0,0.9971803426742554,0.9971803426742554
312,312,EXTERNAL_SAMPLE/0000312.png,degradation_clean,clean,0,0,0,7.136021614074707,7.136021614074707,0.0,0.9514344334602356,0.9514344334602356
313,313,EXTERNAL_SAMPLE/0000313.png,degradation_clean,clean,0,0,0,14.37474250793457,14.37474250793457,0.0,0.9999862909317017,0.9999862909317017
314,314,EXTERNAL_SAMPLE/0000314.png,degradation_clean,clean,0,0,1,5.963812828063965,5.963812828063965,0.0,0.40668901801109314,0.40668901801109314
315,315,EXTERNAL_SAMPLE/0000315.png,degradation_clean,clean,0,0,0,5.694892883300781,5.694892883300781,0.0,0.8561687469482422,0.8561687469482422
316,316,EXTERNAL_SAMPLE/0000316.png,degradation_clean,clean,0,0,0,8.101329803466797,8.101329803466797,0.0,0.9646506905555725,0.9646506905555725
317,317,EXTERNAL_SAMPLE/0000317.png,degradation_clean,clean,0,0,0,4.615365505218506,4.615365505218506,0.0,0.5067481398582458,0.5067481398582458
318,318,EXTERNAL_SAMPLE/0000318.png,degradation_clean,clean,0,0,0,8.60363483428955,8.60363483428955,0.0,0.9849204421043396,0.9849204421043396
319,319,EXTERNAL_SAMPLE/0000319.png,degradation_clean,clean,0,0,0,9.710622787475586,9.710622787475586,0.0,0.9847242832183838,0.9847242832183838
320,320,EXTERNAL_SAMPLE/0000320.png,degradation_clean,clean,0,0,8,4.488041877746582,4.488041877746582,0.0,0.05104278028011322,0.05104278028011322
321,321,EXTERNAL_SAMPLE/0000321.png,degradation_clean,clean,0,0,0,13.450555801391602,13.450555801391602,0.0,0.9999334812164307,0.9999334812164307
322,322,EXTERNAL_SAMPLE/0000322.png,degradation_clean,clean,0,0,0,4.52438497543335,4.52438497543335,0.0,0.5060704946517944,0.5060704946517944
323,323,EXTERNAL_SAMPLE/0000323.png,degradation_clean,clean,0,0,0,12.155137062072754,12.155137062072754,0.0,0.9990272521972656,0.9990272521972656
324,324,EXTERNAL_SAMPLE/0000324.png,degradation_clean,clean,0,0,0,14.028043746948242,14.028043746948242,0.0,0.999946117401123,0.999946117401123
325,325,EXTERNAL_SAMPLE/0000325.png,degradation_clean,clean,0,0,0,15.460492134094238,15.460492134094238,0.0,0.9999947547912598,0.9999947547912598
326,326,EXTERNAL_SAMPLE/0000326.png,degradation_clean,clean,0,0,0,10.80150318145752,10.80150318145752,0.0,0.9984568357467651,0.9984568357467651
327,327,EXTERNAL_SAMPLE/0000327.png,degradation_clean,clean,0,0,8,2.8194854259490967,2.8194854259490967,0.0,0.2253311574459076,0.2253311574459076
328,328,EXTERNAL_SAMPLE/0000328.png,degradation_clean,clean,0,0,8,2.608844518661499,2.608844518661499,0.0,0.12457535415887833,0.12457535415887833
329,329,EXTERNAL_SAMPLE/0000329.png,degradation_clean,clean,0,0,0,7.940013408660889,7.940013408660889,0.0,0.9784438610076904,0.9784438610076904
330,330,EXTERNAL_SAMPLE/0000330.png,degradation_clean,clean,0,0,8,8.690583229064941,8.690583229064941,0.0,0.3366084694862366,0.3366084694862366
331,331,EXTERNAL_SAMPLE/0000331.png,degradation_clean,clean,0,0,0,9.024955749511719,9.024955749511719,0.0,0.98625248670578,0.98625248670578
332,332,EXTERNAL_SAMPLE/0000332.png,degradation_clean,clean,0,0,0,8.639371871948242,8.639371871948242,0.0,0.9688331484794617,0.9688331484794617
333,333,EXTERNAL_SAMPLE/0000333.png,degradation_clean,clean,0,0,0,10.458614349365234,10.458614349365234,0.0,0.9992262125015259,0.9992262125015259
334,334,EXTERNAL_SAMPLE/0000334.png,degradation_clean,clean,0,0,0,10.868281364440918,10.868281364440918,0.0,0.999214768409729,0.999214768409729
335,335,EXTERNAL_SAMPLE/0000335.png,degradation_clean,clean,0,0,0,14.86839485168457,14.86839485168457,0.0,0.9999914169311523,0.9999914169311523
336,336,EXTERNAL_SAMPLE/0000336.png,degradation_clean,clean,0,0,0,8.437159538269043,8.437159538269043,0.0,0.9853571057319641,0.9853571057319641
337,337,EXTERNAL_SAMPLE/0000337.png,degradation_clean,clean,0,0,0,6.146643161773682,6.146643161773682,0.0,0.4968685507774353,0.4968685507774353
338,338,EXTERNAL_SAMPLE/0000338.png,degradation_clean,clean,0,0,0,8.84982681274414,8.84982681274414,0.0,0.9956666231155396,0.9956666231155396
339,339,EXTERNAL_SAMPLE/0000339.png,degradation_clean,clean,0,0,0,12.451833724975586,12.451833724975586,0.0,0.9993681311607361,0.9993681311607361
340,340,EXTERNAL_SAMPLE/0000340.png,degradation_clean,clean,0,0,8,0.22578558325767517,0.22578558325767517,0.0,0.003845241153612733,0.003845241153612733
341,341,EXTERNAL_SAMPLE/0000341.png,degradation_clean,clean,0,0,0,16.076984405517578,16.076984405517578,0.0,0.9999979734420776,0.9999979734420776
342,342,EXTERNAL_SAMPLE/0000342.png,degradation_clean,clean,0,0,0,6.957303524017334,6.957303524017334,0.0,0.9431090354919434,0.9431090354919434
343,343,EXTERNAL_SAMPLE/0000343.png,degradation_clean,clean,0,0,0,9.358529090881348,9.358529090881348,0.0,0.9961659908294678,0.9961659908294678
344,344,EXTERNAL_SAMPLE/0000344.png,degradation_clean,clean,0,0,0,5.371209144592285,5.371209144592285,0.0,0.7083801031112671,0.7083801031112671
345,345,EXTERNAL_SAMPLE/0000345.png,degradation_clean,clean,0,0,0,11.405839920043945,11.405839920043945,0.0,0.9995238780975342,0.9995238780975342
346,346,EXTERNAL_SAMPLE/0000346.png,degradation_clean,clean,0,0,8,3.8067092895507812,3.8067092895507812,0.0,0.12354657799005508,0.12354657799005508
347,347,EXTERNAL_SAMPLE/0000347.png,degradation_clean,clean,0,0,0,15.774195671081543,15.774195671081543,0.0,0.9999964237213135,0.9999964237213135
348,348,EXTERNAL_SAMPLE/0000348.png,degradation_clean,clean,0,0,0,12.629624366760254,12.629624366760254,0.0,0.999886155128479,0.999886155128479
349,349,EXTERNAL_SAMPLE/0000349.png,degradation_clean,clean,0,0,0,13.659531593322754,13.659531593322754,0.0,0.9998843669891357,0.9998843669891357
350,350,EXTERNAL_SAMPLE/0000350.png,degradation_clean,clean,0,0,0,8.68893051147461,8.68893051147461,0.0,0.9916640520095825,0.9916640520095825
351,351,EXTERNAL_SAMPLE/0000351.png,degradation_clean,clean,0,0,0,3.855337142944336,3.855337142944336,0.0,0.3948754668235779,0.3948754668235779
352,352,EXTERNAL_SAMPLE/0000352.png,degradation_clean,clean,0,0,0,7.153543949127197,7.153543949127197,0.0,0.9639177322387695,0.9639177322387695
353,353,EXTERNAL_SAMPLE/0000353.png,degradation_clean,clean,0,0,0,10.609430313110352,10.609430313110352,0.0,0.999450147151947,0.999450147151947
354,354,EXTERNAL_SAMPLE/0000354.png,degradation_clean,clean,0,0,0,6.486850738525391,6.486850738525391,0.0,0.9076911807060242,0.9076911807060242
355,355,EXTERNAL_SAMPLE/0000355.png,degradation_clean,clean,0,0,0,9.916311264038086,9.916311264038086,0.0,0.9936517477035522,0.9936517477035522
356,356,EXTERNAL_SAMPLE/0000356.png,degradation_clean,clean,0,0,0,12.377687454223633,12.377687454223633,0.0,0.9996218681335449,0.9996218681335449
357,357,EXTERNAL_SAMPLE/0000357.png,degradation_clean,clean,0,0,0,16.068546295166016,16.068546295166016,0.0,0.9999972581863403,0.9999972581863403
358,358,EXTERNAL_SAMPLE/0000358.png,degradation_clean,clean,0,0,0,9.152052879333496,9.152052879333496,0.0,0.9921350479125977,0.9921350479125977
359,359,EXTERNAL_SAMPLE/0000359.png,degradation_clean,clean,0,0,8,3.9337387084960938,3.9337387084960938,0.0,0.11344467103481293,0.11344467103481293
360,360,EXTERNAL_SAMPLE/0000360.png,degradation_clean,clean,0,0,1,4.625431060791016,4.625431060791016,0.0,0.1749744862318039,0.1749744862318039
361,361,EXTERNAL_SAMPLE/0000361.png,degradation_clean,clean,0,0,0,10.241843223571777,10.241843223571777,0.0,0.9964473843574524,0.9964473843574524
362,362,EXTERNAL_SAMPLE/0000362.png,degradation_clean,clean,0,0,0,7.668351650238037,7.668351650238037,0.0,0.9725710153579712,0.9725710153579712
363,363,EXTERNAL_SAMPLE/0000363.png,degradation_clean,clean,0,0,0,4.547427177429199,4.547427177429199,0.0,0.5342671275138855,0.5342671275138855
364,364,EXTERNAL_SAMPLE/0000364.png,degradation_clean,clean,0,0,0,7.30143404006958,7.30143404006958,0.0,0.8757991194725037,0.8757991194725037
365,365,EXTERNAL_SAMPLE/0000365.png,degradation_clean,clean,0,0,0,8.483797073364258,8.483797073364258,0.0,0.9898759722709656,0.9898759722709656
366,366,EXTERNAL_SAMPLE/0000366.png,degradation_clean,clean,0,0,0,18.582260131835938,18.582260131835938,0.0,0.9999992847442627,0.9999992847442627
367,367,EXTERNAL_SAMPLE/0000367.png,degradation_clean,clean,0,0,8,3.6676409244537354,3.6676409244537354,0.0,0.01866092160344124,0.01866092160344124
368,368,EXTERNAL_SAMPLE/0000368.png,degradation_clean,clean,0,0,0,10.805904388427734,10.805904388427734,0.0,0.997806966304779,0.997806966304779
369,369,EXTERNAL_SAMPLE/0000369.png,degradation_clean,clean,0,0,5,4.183162689208984,4.183162689208984,0.0,0.2635490894317627,0.2635490894317627
370,370,EXTERNAL_SAMPLE/0000370.png,degradation_clean,clean,0,0,0,10.669408798217773,10.669408798217773,0.0,0.9965664148330688,0.9965664148330688
371,371,EXTERNAL_SAMPLE/0000371.png,degradation_clean,clean,0,0,0,4.601592540740967,4.601592540740967,0.0,0.46449413895606995,0.46449413895606995
372,372,EXTERNAL_SAMPLE/0000372.png,degradation_clean,clean,0,0,0,10.978235244750977,10.978235244750977,0.0,0.9990718364715576,0.9990718364715576
373,373,EXTERNAL_SAMPLE/0000373.png,degradation_clean,clean,0,0,0,8.448468208312988,8.448468208312988,0.0,0.9723424315452576,0.9723424315452576
374,374,EXTERNAL_SAMPLE/0000374.png,degradation_clean,clean,0,0,0,9.559446334838867,9.559446334838867,0.0,0.9964210987091064,0.9964210987091064
375,375,EXTERNAL_SAMPLE/0000375.png,degradation_clean,clean,0,0,0,4.802985191345215,4.802985191345215,0.0,0.4895082414150238,0.4895082414150238
376,376,EXTERNAL_SAMPLE/0000376.png,degradation_clean,clean,0,0,0,10.905017852783203,10.905017852783203,0.0,0.9966104626655579,0.9966104626655579
377,377,EXTERNAL_SAMPLE/0000377.png,degradation_clean,clean,0,0,0,7.81326150894165,7.81326150894165,0.0,0.8909903168678284,0.8909903168678284
378,378,EXTERNAL_SAMPLE/0000378.png,degradation_clean,clean,0,0,0,12.261190414428711,12.261190414428711,0.0,0.9997100234031677,0.9997100234031677
379,379,EXTERNAL_SAMPLE/0000379.png,degradation_clean,clean,0,0,0,8.980854034423828,8.980854034423828,0.0,0.9949132204055786,0.9949132204055786
380,380,EXTERNAL_SAMPLE/0000380.png,degradation_clean,clean,0,0,0,10.029032707214355,10.029032707214355,0.0,0.995098888874054,0.995098888874054
381,381,EXTERNAL_SAMPLE/0000381.png,degradation_clean,clean,0,0,0,6.02260684967041,6.02260684967041,0.0,0.7998167276382446,0.7998167276382446
382,382,EXTERNAL_SAMPLE/0000382.png,degradation_clean,clean,0,0,0,6.7702860832214355,6.7702860832214355,0.0,0.9517005085945129,0.9517005085945129
383,383,EXTERNAL_SAMPLE/0000383.png,degradation_clean,clean,0,0,0,8.805840492248535,8.805840492248535,0.0,0.9950062036514282,0.9950062036514282
384,384,EXTERNAL_SAMPLE/0000384.png,degradation_clean,clean,0,0,8,4.802359580993652,4.802359580993652,0.0,0.14931491017341614,0.14931491017341614
385,385,EXTERNAL_SAMPLE/0000385.png,degradation_clean,clean,0,0,0,8.388915061950684,8.388915061950684,0.0,0.9838719367980957,0.9838719367980957
386,386,EXTERNAL_SAMPLE/0000386.png,degradation_clean,clean,0,0,0,8.752500534057617,8.752500534057617,0.0,0.9311960339546204,0.9311960339546204
387,387,EXTERNAL_SAMPLE/0000387.png,degradation_clean,clean,1,0,1,3.2379722595214844,13.046224594116211,-9.808252334594727,5.4991010983940214e-05,0.9999115467071533
388,388,EXTERNAL_SAMPLE/0000388.png,degradation_clean,clean,1,0,1,2.6932578086853027,10.516871452331543,-7.82361364364624,0.0003997882886324078,0.9990386962890625
389,389,EXTERNAL_SAMPLE/0000389.png,degradation_clean,clean,1,0,1,-0.38001519441604614,10.567855834960938,-10.947871208190918,1.758074722602032e-05,0.999165415763855
390,390,EXTERNAL_SAMPLE/0000390.png,degradation_clean,clean,1,0,8,1.5103769302368164,6.523012161254883,-5.012635231018066,0.0029320961330085993,0.4406948983669281
391,391,EXTERNAL_SAMPLE/0000391.png,degradation_clean,clean,1,0,1,1.2110990285873413,9.42523193359375,-8.214133262634277,0.00026901779347099364,0.9934219717979431
392,392,EXTERNAL_SAMPLE/0000392.png,degradation_clean,clean,1,0,1,-0.611050009727478,10.599474906921387,-11.210524559020996,1.3522282642952632e-05,0.9993531107902527
393,393,EXTERNAL_SAMPLE/0000393.png,degradation_clean,clean,1,0,1,-1.34279203414917,9.165711402893066,-10.508502960205078,2.7188998501515016e-05,0.9958135485649109
394,394,EXTERNAL_SAMPLE/0000394.png,degradation_clean,clean,1,0,1,1.6996914148330688,2.412233829498291,-0.7125424146652222,0.1014985665678978,0.20697274804115295
395,395,EXTERNAL_SAMPLE/0000395.png,degradation_clean,clean,1,0,1,2.8675925731658936,5.676397323608398,-2.808804750442505,0.04608270525932312,0.7645156383514404
396,396,EXTERNAL_SAMPLE/0000396.png,degradation_clean,clean,1,0,1,-0.8539388179779053,12.997686386108398,-13.851625442504883,9.644315923651448e-07,0.9998985528945923
397,397,EXTERNAL_SAMPLE/0000397.png,degradation_clean,clean,1,0,1,3.237593412399292,9.793092727661133,-6.555499076843262,0.0014189463108778,0.9976611137390137
398,398,EXTERNAL_SAMPLE/0000398.png,degradation_clean,clean,1,0,1,2.6569480895996094,6.668607711791992,-4.011659622192383,0.014080510474741459,0.7777858376502991
399,399,EXTERNAL_SAMPLE/0000399.png,degradation_clean,clean,1,0,1,0.8677269220352173,13.590267181396484,-12.722539901733398,2.983046897497843e-06,0.9999746084213257
400,400,EXTERNAL_SAMPLE/0000400.png,degradation_clean,clean,1,0,1,-1.1383516788482666,9.472113609313965,-10.610465049743652,2.45398587139789e-05,0.9952644109725952
401,401,EXTERNAL_SAMPLE/0000401.png,degradation_clean,clean,1,0,1,1.2778862714767456,12.350050926208496,-11.072164535522461,1.5536246792180464e-05,0.9998297691345215
402,402,EXTERNAL_SAMPLE/0000402.png,degradation_clean,clean,1,0,1,0.1653619110584259,13.552652359008789,-13.387290000915527,1.534471493869205e-06,0.9999654293060303
403,403,EXTERNAL_SAMPLE/0000403.png,degradation_clean,clean,1,0,1,0.9846510887145996,9.17056655883789,-8.185914993286133,0.0002776481560431421,0.9967643022537231
404,404,EXTERNAL_SAMPLE/0000404.png,degradation_clean,clean,1,0,1,1.1916383504867554,11.245183944702148,-10.053545951843262,4.3014595576096326e-05,0.9995749592781067
405,405,EXTERNAL_SAMPLE/0000405.png,degradation_clean,clean,1,0,0,4.0347819328308105,2.012450695037842,2.0223312377929688,0.3801462948322296,0.05031105875968933
406,406,EXTERNAL_SAMPLE/0000406.png,degradation_clean,clean,1,0,0,4.251673698425293,3.2483763694763184,1.0032973289489746,0.4585378170013428,0.16813133656978607
407,407,EXTERNAL_SAMPLE/0000407.png,degradation_clean,clean,1,0,1,3.460773468017578,12.642205238342285,-9.181431770324707,0.00010291038051946089,0.9997797608375549
408,408,EXTERNAL_SAMPLE/0000408.png,degradation_clean,clean,1,0,1,3.8700592517852783,9.995718002319336,-6.125658988952637,0.002171368570998311,0.9932841062545776
409,409,EXTERNAL_SAMPLE/0000409.png,degradation_clean,clean,1,0,1,-1.5890328884124756,9.364808082580566,-10.953841209411621,1.7330712580587715e-05,0.9908528923988342
410,410,EXTERNAL_SAMPLE/0000410.png,degradation_clean,clean,1,0,1,1.752331018447876,5.06771183013916,-3.315380811691284,0.024486277252435684,0.6741776466369629
411,411,EXTERNAL_SAMPLE/0000411.png,degradation_clean,clean,1,0,8,1.3298742771148682,4.911636829376221,-3.5817625522613525,0.0030015993397682905,0.10786797106266022
412,412,EXTERNAL_SAMPLE/0000412.png,degradation_clean,clean,1,0,1,2.379974842071533,10.361071586608887,-7.9810967445373535,0.00034155664616264403,0.9991002082824707
413,413,EXTERNAL_SAMPLE/0000413.png,degradation_clean,clean,1,0,1,2.3613550662994385,7.187660217285156,-4.826305389404297,0.007533586118370295,0.9398089647293091
414,414,EXTERNAL_SAMPLE/0000414.png,degradation_clean,clean,1,0,1,-0.2280948907136917,6.826437950134277,-7.054533004760742,0.0007906146347522736,0.9156080484390259
415,415,EXTERNAL_SAMPLE/0000415.png,degradation_clean,clean,1,0,1,3.4682343006134033,13.577764511108398,-10.109530448913574,4.068115958943963e-05,0.9997850060462952
416,416,EXTERNAL_SAMPLE/0000416.png,degradation_clean,clean,1,0,0,6.523841857910156,4.766727447509766,1.7571144104003906,0.7361072897911072,0.12700945138931274
417,417,EXTERNAL_SAMPLE/0000417.png,degradation_clean,clean,1,0,1,0.20831263065338135,8.924765586853027,-8.716452598571777,0.0001626403973205015,0.9925118684768677
418,418,EXTERNAL_SAMPLE/0000418.png,degradation_clean,clean,1,0,1,3.69598126411438,8.88361644744873,-5.18763542175293,0.005538132973015308,0.9915732741355896
419,419,EXTERNAL_SAMPLE/0000419.png,degradation_clean,clean,1,0,1,1.248447060585022,9.616657257080078,-8.368209838867188,0.0002309831907041371,0.9950565099716187
420,420,EXTERNAL_SAMPLE/0000420.png,degradation_clean,clean,1,0,1,-0.2817400097846985,14.034891128540039,-14.316631317138672,6.058417056920007e-07,0.9999842643737793
421,421,EXTERNAL_SAMPLE/0000421.png,degradation_clean,clean,1,0,1,1.5896849632263184,12.571722030639648,-10.982036590576172,1.7001484593492933e-05,0.9998267292976379
422,422,EXTERNAL_SAMPLE/0000422.png,degradation_clean,clean,1,0,1,2.1510441303253174,8.814351081848145,-6.663307189941406,0.0012449248461052775,0.9749462604522705
423,423,EXTERNAL_SAMPLE/0000423.png,degradation_clean,clean,1,0,1,0.4776735305786133,4.392750263214111,-3.915076732635498,0.01064679678529501,0.533967912197113
424,424,EXTERNAL_SAMPLE/0000424.png,degradation_clean,clean,1,0,1,-0.6862179040908813,12.646395683288574,-13.332613945007324,1.6204824078158708e-06,0.9998273253440857
425,425,EXTERNAL_SAMPLE/0000425.png,degradation_clean,clean,1,0,1,0.0898597463965416,5.266162395477295,-5.176302433013916,0.0037276395596563816,0.6598929762840271
426,426,EXTERNAL_SAMPLE/0000426.png,degradation_clean,clean,1,0,8,1.8929059505462646,2.7732858657836914,-0.8803799152374268,0.05810614302754402,0.1401413232088089
427,427,EXTERNAL_SAMPLE/0000427.png,degradation_clean,clean,1,0,0,5.359511852264404,3.056307315826416,2.3032045364379883,0.7821619510650635,0.07816775888204575
428,428,EXTERNAL_SAMPLE/0000428.png,degradation_clean,clean,1,0,1,2.985156297683716,4.273736953735352,-1.2885806560516357,0.1697668880224228,0.6158521175384521
429,429,EXTERNAL_SAMPLE/0000429.png,degradation_clean,clean,1,0,8,2.8647382259368896,3.5095362663269043,-0.6447980403900146,0.05167623236775398,0.09847433865070343
430,430,EXTERNAL_SAMPLE/0000430.png,degradation_clean,clean,1,0,1,1.2640622854232788,8.485442161560059,-7.22137975692749,0.000725643418263644,0.9929528832435608
431,431,EXTERNAL_SAMPLE/0000431.png,degradation_clean,clean,1,0,1,5.155350208282471,7.210435390472412,-2.0550851821899414,0.09961218386888504,0.7777224779129028
432,432,EXTERNAL_SAMPLE/0000432.png,degradation_clean,clean,1,0,1,2.2329797744750977,4.732886791229248,-2.4999070167541504,0.04165330156683922,0.5073939561843872
433,433,EXTERNAL_SAMPLE/0000433.png,degradation_clean,clean,1,0,1,0.6430798768997192,8.002324104309082,-7.359244346618652,0.0006305070128291845,0.9903054237365723
434,434,EXTERNAL_SAMPLE/0000434.png,degradation_clean,clean,1,0,1,1.0513726472854614,11.535810470581055,-10.484437942504883,2.7958938517258503e-05,0.9996644258499146
435,435,EXTERNAL_SAMPLE/0000435.png,degradation_clean,clean,1,0,1,3.06172251701355,11.538294792175293,-8.476572036743164,0.00020812111324630678,0.9991819262504578
436,436,EXTERNAL_SAMPLE/0000436.png,degradation_clean,clean,1,0,1,-1.4242712259292603,10.476334571838379,-11.900606155395508,6.6574339143699035e-06,0.9810123443603516
437,437,EXTERNAL_SAMPLE/0000437.png,degradation_clean,clean,1,0,1,3.6087827682495117,4.471583366394043,-0.8628005981445312,0.22052140533924103,0.5225889682769775
438,438,EXTERNAL_SAMPLE/0000438.png,degradation_clean,clean,1,0,1,0.7588556408882141,8.934966087341309,-8.17611026763916,0.0002794730244204402,0.9935265779495239
439,439,EXTERNAL_SAMPLE/0000439.png,degradation_clean,clean,1,0,1,2.6911492347717285,6.061334133148193,-3.370184898376465,0.03110435977578163,0.9046362638473511
440,440,EXTERNAL_SAMPLE/0000440.png,degradation_clean,clean,1,0,1,3.1804726123809814,6.4453253746032715,-3.26485276222229,0.02826574817299843,0.7398914694786072
441,441,EXTERNAL_SAMPLE/0000441.png,degradation_clean,clean,1,0,1,-1.385446548461914,5.04840612411499,-6.433852672576904,0.001192698604427278,0.7425357699394226
442,442,EXTERNAL_SAMPLE/0000442.png,degradation_clean,clean,1,0,1,-0.9189035892486572,18.868846893310547,-19.787750244140625,2.5485262789004537e-09,0.9999996423721313
443,443,EXTERNAL_SAMPLE/0000443.png,degradation_clean,clean,1,0,1,-0.3469187021255493,13.312131881713867,-13.659050941467285,1.1692746966218692e-06,0.9999240636825562
444,444,EXTERNAL_SAMPLE/0000444.png,degradation_clean,clean,1,0,1,1.0228204727172852,6.418994903564453,-5.396174430847168,0.003943517338484526,0.8697862029075623
445,445,EXTERNAL_SAMPLE/0000445.png,degradation_clean,clean,1,0,1,0.5879155993461609,11.357301712036133,-10.769386291503906,2.1021111024310812e-05,0.9994031190872192
446,446,EXTERNAL_SAMPLE/0000446.png,degradation_clean,clean,1,0,8,1.989974856376648,2.796956777572632,-0.8069819211959839,0.0360562801361084,0.08080694079399109
447,447,EXTERNAL_SAMPLE/0000447.png,degradation_clean,clean,1,0,1,-0.40276068449020386,9.904150009155273,-10.306910514831543,3.331438347231597e-05,0.9973925352096558
448,448,EXTERNAL_SAMPLE/0000448.png,degradation_clean,clean,1,0,1,3.206742286682129,6.209701061248779,-3.0029587745666504,0.04320903867483139,0.8704483509063721
449,449,EXTERNAL_SAMPLE/0000449.png,degradation_clean,clean,1,0,1,3.2599048614501953,11.240877151489258,-7.9809722900390625,0.00034169931313954294,0.9993929862976074
450,450,EXTERNAL_SAMPLE/0000450.png,degradation_clean,clean,1,0,1,0.03655485808849335,13.144433975219727,-13.107878684997559,2.029059032793157e-06,0.9999401569366455
451,451,EXTERNAL_SAMPLE/0000451.png,degradation_clean,clean,1,0,1,0.47373801469802856,9.384864807128906,-8.911127090454102,0.00013129044964443892,0.9733890891075134
452,452,EXTERNAL_SAMPLE/0000452.png,degradation_clean,clean,1,0,1,1.973286747932434,6.366222858428955,-4.3929362297058105,0.011018678545951843,0.8911636471748352
453,453,EXTERNAL_SAMPLE/0000453.png,degradation_clean,clean,1,0,1,0.8712062835693359,9.887124061584473,-9.015917778015137,0.00012110500392736867,0.9970695376396179
454,454,EXTERNAL_SAMPLE/0000454.png,degradation_clean,clean,1,0,1,2.5031180381774902,8.589706420898438,-6.086588382720947,0.002254774095490575,0.9919156432151794
455,455,EXTERNAL_SAMPLE/0000455.png,degradation_clean,clean,1,0,1,-0.06914947926998138,18.681360244750977,-18.75050926208496,7.1904686649304494e-09,0.9999997615814209
456,456,EXTERNAL_SAMPLE/0000456.png,degradation_clean,clean,1,0,1,4.298271179199219,5.066308975219727,-0.7680377960205078,0.19252870976924896,0.41500192880630493
457,457,EXTERNAL_SAMPLE/0000457.png,degradation_clean,clean,1,0,1,-0.5906411409378052,10.840795516967773,-11.431436538696289,1.0838704838533886e-05,0.999049961566925
458,458,EXTERNAL_SAMPLE/0000458.png,degradation_clean,clean,1,0,1,3.479727268218994,5.694765090942383,-2.2150378227233887,0.08467061817646027,0.7757314443588257
459,459,EXTERNAL_SAMPLE/0000459.png,degradation_clean,clean,1,0,1,1.0990203619003296,9.942882537841797,-8.843862533569336,0.00014367054973263294,0.9958833456039429
460,460,EXTERNAL_SAMPLE/0000460.png,degradation_clean,clean,1,0,1,3.804739236831665,7.534190654754639,-3.7294514179229736,0.02282133139669895,0.9506511092185974
461,461,EXTERNAL_SAMPLE/0000461.png,degradation_clean,clean,1,0,3,-0.14890368282794952,4.4940595626831055,-4.642963409423828,0.003604261437430978,0.3743084669113159
462,462,EXTERNAL_SAMPLE/0000462.png,degradation_clean,clean,1,0,1,4.850954055786133,10.177289962768555,-5.326335906982422,0.0047952658496797085,0.9863045811653137
463,463,EXTERNAL_SAMPLE/0000463.png,degradation_clean,clean,1,0,1,3.409402847290039,7.3174614906311035,-3.9080586433410645,0.019155362620949745,0.9539786577224731
464,464,EXTERNAL_SAMPLE/0000464.png,degradation_clean,clean,1,0,1,1.840057611465454,14.563665390014648,-12.723608016967773,2.9749983241345035e-06,0.9983422756195068
465,465,EXTERNAL_SAMPLE/0000465.png,degradation_clean,clean,1,0,1,3.2535319328308105,16.976743698120117,-13.723211288452148,1.0966913350785035e-06,0.9999985694885254
466,466,EXTERNAL_SAMPLE/0000466.png,degradation_clean,clean,1,0,8,1.72179114818573,2.337445020675659,-0.6156538724899292,0.045231789350509644,0.08371798694133759
467,467,EXTERNAL_SAMPLE/0000467.png,degradation_clean,clean,1,0,1,2.7947473526000977,5.2603325843811035,-2.465585231781006,0.06463742256164551,0.7608063220977783
468,468,EXTERNAL_SAMPLE/0000468.png,degradation_clean,clean,1,0,1,0.508321225643158,9.972436904907227,-9.464116096496582,7.698858098592609e-05,0.9922925233840942
469,469,EXTERNAL_SAMPLE/0000469.png,degradation_clean,clean,1,0,1,0.01429922878742218,9.937159538269043,-9.922860145568848,4.89298217871692e-05,0.9977391958236694
470,470,EXTERNAL_SAMPLE/0000470.png,degradation_clean,clean,1,0,1,-0.027314409613609314,6.249527454376221,-6.276841640472412,0.0014671501703560352,0.7806785702705383
471,471,EXTERNAL_SAMPLE/0000471.png,degradation_clean,clean,1,0,1,4.289717197418213,6.7411208152771,-2.4514036178588867,0.07724878191947937,0.8964430093765259
472,472,EXTERNAL_SAMPLE/0000472.png,degradation_clean,clean,1,0,1,1.4137934446334839,6.246660232543945,-4.832866668701172,0.00650983490049839,0.8174426555633545
473,473,EXTERNAL_SAMPLE/0000473.png,degradation_clean,clean,1,0,1,0.5433316230773926,12.958210945129395,-12.414878845214844,4.0566924326412845e-06,0.9997361302375793
474,474,EXTERNAL_SAMPLE/0000474.png,degradation_clean,clean,1,0,1,2.408536672592163,12.717622756958008,-10.309085845947266,3.332487176521681e-05,0.9998792409896851
475,475,EXTERNAL_SAMPLE/0000475.png,degradation_clean,clean,1,0,1,1.3710299730300903,9.474252700805664,-8.103222846984863,0.00030025900923646986,0.9923868179321289
476,476,EXTERNAL_SAMPLE/0000476.png,degradation_clean,clean,1,0,1,2.521535634994507,10.430940628051758,-7.909404754638672,0.000366950553143397,0.9991217255592346
477,477,EXTERNAL_SAMPLE/0000477.png,degradation_clean,clean,1,0,1,-0.5914037227630615,11.700713157653809,-12.29211711883545,4.58609611087013e-06,0.9996356964111328
478,478,EXTERNAL_SAMPLE/0000478.png,degradation_clean,clean,1,0,5,1.9838459491729736,4.198406219482422,-2.2145602703094482,0.0293551255017519,0.2688160836696625
479,479,EXTERNAL_SAMPLE/0000479.png,degradation_clean,clean,1,0,1,-1.5652683973312378,11.794266700744629,-13.359535217285156,1.577249463480257e-06,0.9997071623802185
480,480,EXTERNAL_SAMPLE/0000480.png,degradation_clean,clean,1,0,1,1.808850646018982,8.556648254394531,-6.74779748916626,0.001163317821919918,0.991355836391449
481,481,EXTERNAL_SAMPLE/0000481.png,degradation_clean,clean,1,0,1,-0.48865264654159546,14.830826759338379,-15.319478988647461,2.22239322056339e-07,0.9999679327011108
482,482,EXTERNAL_SAMPLE/0000482.png,degradation_clean,clean,1,0,1,1.758080005645752,6.414883613586426,-4.656803607940674,0.008861197158694267,0.933074951171875
483,483,EXTERNAL_SAMPLE/0000483.png,degradation_clean,clean,1,0,1,2.136910915374756,7.805502891540527,-5.6685919761657715,0.0031820754520595074,0.9216131567955017
484,484,EXTERNAL_SAMPLE/0000484.png,degradation_clean,clean,1,0,1,-1.5358957052230835,10.345306396484375,-11.88120174407959,6.905256668687798e-06,0.9979762434959412
485,485,EXTERNAL_SAMPLE/0000485.png,degradation_clean,clean,1,0,1,-0.30092501640319824,16.546777725219727,-16.847702026367188,4.820974552899315e-08,0.9999973773956299
486,486,EXTERNAL_SAMPLE/0000486.png,degradation_clean,clean,1,0,1,2.7371413707733154,5.191558361053467,-2.4544169902801514,0.06906697899103165,0.80391526222229
487,487,EXTERNAL_SAMPLE/0000487.png,degradation_clean,clean,1,0,1,-0.819329023361206,7.621969223022461,-8.441298484802246,0.00021172291599214077,0.9812445044517517
488,488,EXTERNAL_SAMPLE/0000488.png,degradation_clean,clean,1,0,1,1.2714940309524536,8.950797080993652,-7.679303169250488,0.0004604083369486034,0.9959147572517395
489,489,EXTERNAL_SAMPLE/0000489.png,degradation_clean,clean,1,0,1,-0.45169728994369507,10.155776023864746,-10.607473373413086,2.4654658773215488e-05,0.9969333410263062
490,490,EXTERNAL_SAMPLE/0000490.png,degradation_clean,clean,1,0,1,0.7696666121482849,14.108019828796387,-13.338353157043457,1.6113948504425935e-06,0.9999427795410156
491,491,EXTERNAL_SAMPLE/0000491.png,degradation_clean,clean,1,0,1,2.3806216716766357,9.635969161987305,-7.25534725189209,0.0007035181042738259,0.9959385395050049
492,492,EXTERNAL_SAMPLE/0000492.png,degradation_clean,clean,1,0,1,3.3018717765808105,15.211996078491211,-11.910123825073242,6.721917088725604e-06,0.9999867677688599
493,493,EXTERNAL_SAMPLE/0000493.png,degradation_clean,clean,1,0,1,0.030493304133415222,10.103529930114746,-10.073036193847656,4.209949474898167e-05,0.9975643157958984
494,494,EXTERNAL_SAMPLE/0000494.png,degradation_clean,clean,1,0,1,1.4797240495681763,7.898612022399902,-6.418888092041016,0.0016105512622743845,0.9877845048904419
495,495,EXTERNAL_SAMPLE/0000495.png,degradation_clean,clean,1,0,1,1.7471071481704712,12.170973777770996,-10.423866271972656,2.9704931876040064e-05,0.9996688365936279
496,496,EXTERNAL_SAMPLE/0000496.png,degradation_clean,clean,1,0,1,-0.19625835120677948,16.675439834594727,-16.8716983795166,4.7066620822988625e-08,0.999996542930603
497,497,EXTERNAL_SAMPLE/0000497.png,degradation_clean,clean,1,0,0,4.3769731521606445,2.6214873790740967,1.7554857730865479,0.506321370601654,0.08750411123037338
498,498,EXTERNAL_SAMPLE/0000498.png,degradation_clean,clean,1,0,1,2.875274181365967,14.708084106445312,-11.832809448242188,7.261997780005913e-06,0.9999538660049438
499,499,EXTERNAL_SAMPLE/0000499.png,degradation_clean,clean,1,0,1,3.7277278900146484,11.541119575500488,-7.81339168548584,0.00040323977009393275,0.9974157810211182
500,500,EXTERNAL_SAMPLE/0000500.png,degradation_clean,clean,1,0,1,0.5203990936279297,6.877955436706543,-6.357556343078613,0.0016370234079658985,0.9442924857139587
501,501,EXTERNAL_SAMPLE/0000501.png,degradation_clean,clean,1,0,0,3.7360973358154297,3.117448091506958,0.6186492443084717,0.34444135427474976,0.18554075062274933
502,502,EXTERNAL_SAMPLE/0000502.png,degradation_clean,clean,1,0,1,1.6483560800552368,6.632879734039307,-4.984523773193359,0.006461428944021463,0.9442342519760132
503,503,EXTERNAL_SAMPLE/0000503.png,degradation_clean,clean,1,0,1,-1.428505778312683,11.29089069366455,-12.719396591186523,2.9907378120697103e-06,0.9994063377380371
504,504,EXTERNAL_SAMPLE/0000504.png,degradation_clean,clean,1,0,1,2.209115982055664,10.402878761291504,-8.19376277923584,0.0002757443580776453,0.9977290034294128
505,505,EXTERNAL_SAMPLE/0000505.png,degradation_clean,clean,1,0,1,0.04265420138835907,18.736982345581055,-18.69432830810547,7.606000274051894e-09,0.9999998807907104
506,506,EXTERNAL_SAMPLE/0000506.png,degradation_clean,clean,1,0,1,1.3049505949020386,5.509993553161621,-4.205042839050293,0.008573602885007858,0.5746325850486755
507,507,EXTERNAL_SAMPLE/0000507.png,degradation_clean,clean,1,0,1,-0.5048476457595825,15.235754013061523,-15.740601539611816,1.4586066754418425e-07,0.9999874830245972
508,508,EXTERNAL_SAMPLE/0000508.png,degradation_clean,clean,1,0,1,3.0997025966644287,11.04961109161377,-7.949908256530762,0.00035233781090937555,0.9989885687828064
509,509,EXTERNAL_SAMPLE/0000509.png,degradation_clean,clean,1,0,1,0.42684096097946167,14.722206115722656,-14.295365333557129,6.188626002767705e-07,0.9999828338623047
510,510,EXTERNAL_SAMPLE/0000510.png,degradation_clean,clean,1,0,1,-0.41850125789642334,8.441381454467773,-8.859882354736328,0.0001365919306408614,0.9621063470840454
511,511,EXTERNAL_SAMPLE/0000511.png,degradation_clean,clean,1,0,1,3.308089017868042,14.815261840820312,-11.507172584533691,1.0057519830297679e-05,0.9999825954437256
0,0,EXTERNAL_SAMPLE/0000000.png,degradation_poisoned,poisoned,0,0,0,5.834070682525635,5.834070682525635,0.0,0.8297079801559448,0.8297079801559448
1,1,EXTERNAL_SAMPLE/0000001.png,degradation_poisoned,poisoned,0,0,0,10.940085411071777,10.940085411071777,0.0,0.9995463490486145,0.9995463490486145
2,2,EXTERNAL_SAMPLE/0000002.png,degradation_poisoned,poisoned,0,0,0,10.63902759552002,10.63902759552002,0.0,0.9993695616722107,0.9993695616722107
3,3,EXTERNAL_SAMPLE/0000003.png,degradation_poisoned,poisoned,0,0,0,14.013278007507324,14.013278007507324,0.0,0.9999793767929077,0.9999793767929077
4,4,EXTERNAL_SAMPLE/0000004.png,degradation_poisoned,poisoned,0,0,8,4.4505085945129395,4.4505085945129395,0.0,0.21508942544460297,0.21508942544460297
5,5,EXTERNAL_SAMPLE/0000005.png,degradation_poisoned,poisoned,0,0,0,11.45284366607666,11.45284366607666,0.0,0.9997771382331848,0.9997771382331848
6,6,EXTERNAL_SAMPLE/0000006.png,degradation_poisoned,poisoned,0,0,0,8.979425430297852,8.979425430297852,0.0,0.9912693500518799,0.9912693500518799
7,7,EXTERNAL_SAMPLE/0000007.png,degradation_poisoned,poisoned,0,0,0,12.181431770324707,12.181431770324707,0.0,0.9993947744369507,0.9993947744369507
8,8,EXTERNAL_SAMPLE/0000008.png,degradation_poisoned,poisoned,0,0,0,11.704669952392578,11.704669952392578,0.0,0.9981641173362732,0.9981641173362732
9,9,EXTERNAL_SAMPLE/0000009.png,degradation_poisoned,poisoned,0,0,0,7.552028179168701,7.552028179168701,0.0,0.963736355304718,0.963736355304718
10,10,EXTERNAL_SAMPLE/0000010.png,degradation_poisoned,poisoned,0,0,0,7.143653392791748,7.143653392791748,0.0,0.9351661801338196,0.9351661801338196
11,11,EXTERNAL_SAMPLE/0000011.png,degradation_poisoned,poisoned,0,0,1,3.9811480045318604,3.9811480045318604,0.0,0.09840919077396393,0.09840919077396393
12,12,EXTERNAL_SAMPLE/0000012.png,degradation_poisoned,poisoned,0,0,0,6.854671001434326,6.854671001434326,0.0,0.9088625907897949,0.9088625907897949
13,13,EXTERNAL_SAMPLE/0000013.png,degradation_poisoned,poisoned,0,0,0,5.675143241882324,5.675143241882324,0.0,0.7453228831291199,0.7453228831291199
14,14,EXTERNAL_SAMPLE/0000014.png,degradation_poisoned,poisoned,0,0,0,16.195087432861328,16.195087432861328,0.0,0.9999959468841553,0.9999959468841553
15,15,EXTERNAL_SAMPLE/0000015.png,degradation_poisoned,poisoned,0,0,0,10.28288745880127,10.28288745880127,0.0,0.9982596039772034,0.9982596039772034
16,16,EXTERNAL_SAMPLE/0000016.png,degradation_poisoned,poisoned,0,0,0,4.604398250579834,4.604398250579834,0.0,0.7471552491188049,0.7471552491188049
17,17,EXTERNAL_SAMPLE/0000017.png,degradation_poisoned,poisoned,0,0,0,13.836945533752441,13.836945533752441,0.0,0.9999762773513794,0.9999762773513794
18,18,EXTERNAL_SAMPLE/0000018.png,degradation_poisoned,poisoned,0,0,0,9.414865493774414,9.414865493774414,0.0,0.9944084286689758,0.9944084286689758
19,19,EXTERNAL_SAMPLE/0000019.png,degradation_poisoned,poisoned,0,0,0,9.397647857666016,9.397647857666016,0.0,0.9739698767662048,0.9739698767662048
20,20,EXTERNAL_SAMPLE/0000020.png,degradation_poisoned,poisoned,0,0,0,14.784510612487793,14.784510612487793,0.0,0.9999923706054688,0.9999923706054688
21,21,EXTERNAL_SAMPLE/0000021.png,degradation_poisoned,poisoned,0,0,8,2.4250521659851074,2.4250521659851074,0.0,0.1423289030790329,0.1423289030790329
22,22,EXTERNAL_SAMPLE/0000022.png,degradation_poisoned,poisoned,0,0,0,6.490816116333008,6.490816116333008,0.0,0.9442380666732788,0.9442380666732788
23,23,EXTERNAL_SAMPLE/0000023.png,degradation_poisoned,poisoned,0,0,0,7.395289897918701,7.395289897918701,0.0,0.9801820516586304,0.9801820516586304
24,24,EXTERNAL_SAMPLE/0000024.png,degradation_poisoned,poisoned,0,0,0,7.082030773162842,7.082030773162842,0.0,0.8950275182723999,0.8950275182723999
25,25,EXTERNAL_SAMPLE/0000025.png,degradation_poisoned,poisoned,0,0,0,12.170222282409668,12.170222282409668,0.0,0.999667763710022,0.999667763710022
26,26,EXTERNAL_SAMPLE/0000026.png,degradation_poisoned,poisoned,0,0,0,4.222131729125977,4.222131729125977,0.0,0.4034692049026489,0.4034692049026489
27,27,EXTERNAL_SAMPLE/0000027.png,degradation_poisoned,poisoned,0,0,0,14.046553611755371,14.046553611755371,0.0,0.9999374151229858,0.9999374151229858
28,28,EXTERNAL_SAMPLE/0000028.png,degradation_poisoned,poisoned,0,0,0,7.310113906860352,7.310113906860352,0.0,0.9279741644859314,0.9279741644859314
29,29,EXTERNAL_SAMPLE/0000029.png,degradation_poisoned,poisoned,0,0,0,8.969156265258789,8.969156265258789,0.0,0.9943885207176208,0.9943885207176208
30,30,EXTERNAL_SAMPLE/0000030.png,degradation_poisoned,poisoned,0,0,0,18.505353927612305,18.505353927612305,0.0,0.9999996423721313,0.9999996423721313
31,31,EXTERNAL_SAMPLE/0000031.png,degradation_poisoned,poisoned,0,0,0,8.273155212402344,8.273155212402344,0.0,0.9381636381149292,0.9381636381149292
32,32,EXTERNAL_SAMPLE/0000032.png,degradation_poisoned,poisoned,0,0,0,8.790582656860352,8.790582656860352,0.0,0.986349880695343,0.986349880695343
33,33,EXTERNAL_SAMPLE/0000033.png,degradation_poisoned,poisoned,0,0,0,9.32570743560791,9.32570743560791,0.0,0.9969682097434998,0.9969682097434998
34,34,EXTERNAL_SAMPLE/0000034.png,degradation_poisoned,poisoned,0,0,2,5.49208402633667,5.49208402633667,0.0,0.05103535205125809,0.05103535205125809
35,35,EXTERNAL_SAMPLE/0000035.png,degradation_poisoned,poisoned,0,0,0,6.105681896209717,6.105681896209717,0.0,0.6431003212928772,0.6431003212928772
36,36,EXTERNAL_SAMPLE/0000036.png,degradation_poisoned,poisoned,0,0,0,10.881598472595215,10.881598472595215,0.0,0.9991006851196289,0.9991006851196289
37,37,EXTERNAL_SAMPLE/0000037.png,degradation_poisoned,poisoned,0,0,8,4.344381332397461,4.344381332397461,0.0,0.3577161431312561,0.3577161431312561
38,38,EXTERNAL_SAMPLE/0000038.png,degradation_poisoned,poisoned,0,0,0,10.964465141296387,10.964465141296387,0.0,0.9994454979896545,0.9994454979896545
39,39,EXTERNAL_SAMPLE/0000039.png,degradation_poisoned,poisoned,0,0,0,12.028197288513184,12.028197288513184,0.0,0.999643087387085,0.999643087387085
40,40,EXTERNAL_SAMPLE/0000040.png,degradation_poisoned,poisoned,0,0,0,7.458433151245117,7.458433151245117,0.0,0.9610275030136108,0.9610275030136108
41,41,EXTERNAL_SAMPLE/0000041.png,degradation_poisoned,poisoned,0,0,0,11.348281860351562,11.348281860351562,0.0,0.9801318049430847,0.9801318049430847
42,42,EXTERNAL_SAMPLE/0000042.png,degradation_poisoned,poisoned,0,0,0,13.850828170776367,13.850828170776367,0.0,0.9999450445175171,0.9999450445175171
43,43,EXTERNAL_SAMPLE/0000043.png,degradation_poisoned,poisoned,0,0,0,9.134799003601074,9.134799003601074,0.0,0.9973128437995911,0.9973128437995911
44,44,EXTERNAL_SAMPLE/0000044.png,degradation_poisoned,poisoned,0,0,0,5.768576622009277,5.768576622009277,0.0,0.8080379366874695,0.8080379366874695
45,45,EXTERNAL_SAMPLE/0000045.png,degradation_poisoned,poisoned,0,0,0,10.722701072692871,10.722701072692871,0.0,0.9981607794761658,0.9981607794761658
46,46,EXTERNAL_SAMPLE/0000046.png,degradation_poisoned,poisoned,0,0,0,10.736234664916992,10.736234664916992,0.0,0.9979636669158936,0.9979636669158936
47,47,EXTERNAL_SAMPLE/0000047.png,degradation_poisoned,poisoned,0,0,0,7.463184833526611,7.463184833526611,0.0,0.96051424741745,0.96051424741745
48,48,EXTERNAL_SAMPLE/0000048.png,degradation_poisoned,poisoned,0,0,0,12.885592460632324,12.885592460632324,0.0,0.9995751976966858,0.9995751976966858
49,49,EXTERNAL_SAMPLE/0000049.png,degradation_poisoned,poisoned,0,0,0,5.7823166847229,5.7823166847229,0.0,0.8425894975662231,0.8425894975662231
50,50,EXTERNAL_SAMPLE/0000050.png,degradation_poisoned,poisoned,0,0,0,10.648097038269043,10.648097038269043,0.0,0.9992784857749939,0.9992784857749939
51,51,EXTERNAL_SAMPLE/0000051.png,degradation_poisoned,poisoned,0,0,0,8.345632553100586,8.345632553100586,0.0,0.9727239608764648,0.9727239608764648
52,52,EXTERNAL_SAMPLE/0000052.png,degradation_poisoned,poisoned,0,0,0,8.061044692993164,8.061044692993164,0.0,0.9822592735290527,0.9822592735290527
53,53,EXTERNAL_SAMPLE/0000053.png,degradation_poisoned,poisoned,0,0,0,6.1223978996276855,6.1223978996276855,0.0,0.8562151789665222,0.8562151789665222
54,54,EXTERNAL_SAMPLE/0000054.png,degradation_poisoned,poisoned,0,0,0,8.300741195678711,8.300741195678711,0.0,0.9810614585876465,0.9810614585876465
55,55,EXTERNAL_SAMPLE/0000055.png,degradation_poisoned,poisoned,0,0,0,12.024469375610352,12.024469375610352,0.0,0.9998613595962524,0.9998613595962524
56,56,EXTERNAL_SAMPLE/0000056.png,degradation_poisoned,poisoned,0,0,8,5.504785537719727,5.504785537719727,0.0,0.1320555955171585,0.1320555955171585
57,57,EXTERNAL_SAMPLE/0000057.png,degradation_poisoned,poisoned,0,0,0,6.645962715148926,6.645962715148926,0.0,0.693220853805542,0.693220853805542
58,58,EXTERNAL_SAMPLE/0000058.png,degradation_poisoned,poisoned,0,0,0,8.206971168518066,8.206971168518066,0.0,0.9235936999320984,0.9235936999320984
59,59,EXTERNAL_SAMPLE/0000059.png,degradation_poisoned,poisoned,0,0,8,2.653026580810547,2.653026580810547,0.0,0.03845047578215599,0.03845047578215599
60,60,EXTERNAL_SAMPLE/0000060.png,degradation_poisoned,poisoned,0,0,0,7.826871871948242,7.826871871948242,0.0,0.9876481294631958,0.9876481294631958
61,61,EXTERNAL_SAMPLE/0000061.png,degradation_poisoned,poisoned,0,0,0,9.52586841583252,9.52586841583252,0.0,0.9967323541641235,0.9967323541641235
62,62,EXTERNAL_SAMPLE/0000062.png,degradation_poisoned,poisoned,0,0,0,6.720935821533203,6.720935821533203,0.0,0.9413978457450867,0.9413978457450867
63,63,EXTERNAL_SAMPLE/0000063.png,degradation_poisoned,poisoned,0,0,0,7.246038436889648,7.246038436889648,0.0,0.8281707167625427,0.8281707167625427
64,64,EXTERNAL_SAMPLE/0000064.png,degradation_poisoned,poisoned,0,0,0,11.84047794342041,11.84047794342041,0.0,0.9985829591751099,0.9985829591751099
65,65,EXTERNAL_SAMPLE/0000065.png,degradation_poisoned,poisoned,0,0,0,11.796594619750977,11.796594619750977,0.0,0.9885604977607727,0.9885604977607727
66,66,EXTERNAL_SAMPLE/0000066.png,degradation_poisoned,poisoned,0,0,0,9.444247245788574,9.444247245788574,0.0,0.9967172741889954,0.9967172741889954
67,67,EXTERNAL_SAMPLE/0000067.png,degradation_poisoned,poisoned,0,0,0,7.230952739715576,7.230952739715576,0.0,0.9522823691368103,0.9522823691368103
68,68,EXTERNAL_SAMPLE/0000068.png,degradation_poisoned,poisoned,0,0,0,10.763542175292969,10.763542175292969,0.0,0.9985576272010803,0.9985576272010803
69,69,EXTERNAL_SAMPLE/0000069.png,degradation_poisoned,poisoned,0,0,0,11.87716293334961,11.87716293334961,0.0,0.9996849298477173,0.9996849298477173
70,70,EXTERNAL_SAMPLE/0000070.png,degradation_poisoned,poisoned,0,0,0,13.3602933883667,13.3602933883667,0.0,0.9998455047607422,0.9998455047607422
71,71,EXTERNAL_SAMPLE/0000071.png,degradation_poisoned,poisoned,0,0,0,5.059169769287109,5.059169769287109,0.0,0.6923032402992249,0.6923032402992249
72,72,EXTERNAL_SAMPLE/0000072.png,degradation_poisoned,poisoned,0,0,0,13.119902610778809,13.119902610778809,0.0,0.9998931884765625,0.9998931884765625
73,73,EXTERNAL_SAMPLE/0000073.png,degradation_poisoned,poisoned,0,0,0,11.8660306930542,11.8660306930542,0.0,0.9997983574867249,0.9997983574867249
74,74,EXTERNAL_SAMPLE/0000074.png,degradation_poisoned,poisoned,0,0,1,2.9626574516296387,2.9626574516296387,0.0,0.21084614098072052,0.21084614098072052
75,75,EXTERNAL_SAMPLE/0000075.png,degradation_poisoned,poisoned,0,0,0,9.992267608642578,9.992267608642578,0.0,0.998191773891449,0.998191773891449
76,76,EXTERNAL_SAMPLE/0000076.png,degradation_poisoned,poisoned,0,0,0,18.345916748046875,18.345916748046875,0.0,0.9999998807907104,0.9999998807907104
77,77,EXTERNAL_SAMPLE/0000077.png,degradation_poisoned,poisoned,0,0,0,8.13359546661377,8.13359546661377,0.0,0.9765331149101257,0.9765331149101257
78,78,EXTERNAL_SAMPLE/0000078.png,degradation_poisoned,poisoned,0,0,0,6.957691192626953,6.957691192626953,0.0,0.9495809674263,0.9495809674263
79,79,EXTERNAL_SAMPLE/0000079.png,degradation_poisoned,poisoned,0,0,0,16.114412307739258,16.114412307739258,0.0,0.9999971389770508,0.9999971389770508
80,80,EXTERNAL_SAMPLE/0000080.png,degradation_poisoned,poisoned,0,0,0,9.548386573791504,9.548386573791504,0.0,0.9911817312240601,0.9911817312240601
81,81,EXTERNAL_SAMPLE/0000081.png,degradation_poisoned,poisoned,0,0,0,12.346174240112305,12.346174240112305,0.0,0.9996193647384644,0.9996193647384644
82,82,EXTERNAL_SAMPLE/0000082.png,degradation_poisoned,poisoned,0,0,0,6.779582500457764,6.779582500457764,0.0,0.887187123298645,0.887187123298645
83,83,EXTERNAL_SAMPLE/0000083.png,degradation_poisoned,poisoned,0,0,0,11.71086311340332,11.71086311340332,0.0,0.9997203946113586,0.9997203946113586
84,84,EXTERNAL_SAMPLE/0000084.png,degradation_poisoned,poisoned,0,0,0,8.959474563598633,8.959474563598633,0.0,0.9948486089706421,0.9948486089706421
85,85,EXTERNAL_SAMPLE/0000085.png,degradation_poisoned,poisoned,0,0,0,14.294681549072266,14.294681549072266,0.0,0.9999737739562988,0.9999737739562988
86,86,EXTERNAL_SAMPLE/0000086.png,degradation_poisoned,poisoned,0,0,0,6.910609722137451,6.910609722137451,0.0,0.9502456784248352,0.9502456784248352
87,87,EXTERNAL_SAMPLE/0000087.png,degradation_poisoned,poisoned,0,0,0,9.77617359161377,9.77617359161377,0.0,0.996046245098114,0.996046245098114
88,88,EXTERNAL_SAMPLE/0000088.png,degradation_poisoned,poisoned,0,0,0,11.743714332580566,11.743714332580566,0.0,0.9997207522392273,0.9997207522392273
89,89,EXTERNAL_SAMPLE/0000089.png,degradation_poisoned,poisoned,0,0,8,6.395376682281494,6.395376682281494,0.0,0.3951009213924408,0.3951009213924408
90,90,EXTERNAL_SAMPLE/0000090.png,degradation_poisoned,poisoned,0,0,0,4.902396202087402,4.902396202087402,0.0,0.6020641326904297,0.6020641326904297
91,91,EXTERNAL_SAMPLE/0000091.png,degradation_poisoned,poisoned,0,0,0,8.254798889160156,8.254798889160156,0.0,0.9641423225402832,0.9641423225402832
92,92,EXTERNAL_SAMPLE/0000092.png,degradation_poisoned,poisoned,0,0,8,3.025969982147217,3.025969982147217,0.0,0.048818912357091904,0.048818912357091904
93,93,EXTERNAL_SAMPLE/0000093.png,degradation_poisoned,poisoned,0,0,8,5.061874866485596,5.061874866485596,0.0,0.34715524315834045,0.34715524315834045
94,94,EXTERNAL_SAMPLE/0000094.png,degradation_poisoned,poisoned,0,0,8,4.473265171051025,4.473265171051025,0.0,0.360843688249588,0.360843688249588
95,95,EXTERNAL_SAMPLE/0000095.png,degradation_poisoned,poisoned,0,0,1,3.9921562671661377,3.9921562671661377,0.0,0.21355345845222473,0.21355345845222473
96,96,EXTERNAL_SAMPLE/0000096.png,degradation_poisoned,poisoned,0,0,0,6.426567077636719,6.426567077636719,0.0,0.9003175497055054,0.9003175497055054
97,97,EXTERNAL_SAMPLE/0000097.png,degradation_poisoned,poisoned,0,0,0,7.698635578155518,7.698635578155518,0.0,0.9287535548210144,0.9287535548210144
98,98,EXTERNAL_SAMPLE/0000098.png,degradation_poisoned,poisoned,0,0,0,7.498591423034668,7.498591423034668,0.0,0.9013544321060181,0.9013544321060181
99,99,EXTERNAL_SAMPLE/0000099.png,degradation_poisoned,poisoned,0,0,0,6.900234699249268,6.900234699249268,0.0,0.94513338804245,0.94513338804245
100,100,EXTERNAL_SAMPLE/0000100.png,degradation_poisoned,poisoned,0,0,0,8.972247123718262,8.972247123718262,0.0,0.979272723197937,0.979272723197937
101,101,EXTERNAL_SAMPLE/0000101.png,degradation_poisoned,poisoned,0,0,0,5.698149681091309,5.698149681091309,0.0,0.8937202095985413,0.8937202095985413
102,102,EXTERNAL_SAMPLE/0000102.png,degradation_poisoned,poisoned,0,0,0,8.186850547790527,8.186850547790527,0.0,0.9794442653656006,0.9794442653656006
103,103,EXTERNAL_SAMPLE/0000103.png,degradation_poisoned,poisoned,0,0,0,17.25901222229004,17.25901222229004,0.0,0.9999994039535522,0.9999994039535522
104,104,EXTERNAL_SAMPLE/0000104.png,degradation_poisoned,poisoned,0,0,0,9.147444725036621,9.147444725036621,0.0,0.989894449710846,0.989894449710846
105,105,EXTERNAL_SAMPLE/0000105.png,degradation_poisoned,poisoned,0,0,0,9.64432144165039,9.64432144165039,0.0,0.9977790713310242,0.9977790713310242
106,106,EXTERNAL_SAMPLE/0000106.png,degradation_poisoned,poisoned,0,0,0,8.00835132598877,8.00835132598877,0.0,0.9326003789901733,0.9326003789901733
107,107,EXTERNAL_SAMPLE/0000107.png,degradation_poisoned,poisoned,0,0,0,10.873295783996582,10.873295783996582,0.0,0.9990726709365845,0.9990726709365845
108,108,EXTERNAL_SAMPLE/0000108.png,degradation_poisoned,poisoned,0,0,0,14.38800048828125,14.38800048828125,0.0,0.9999709129333496,0.9999709129333496
109,109,EXTERNAL_SAMPLE/0000109.png,degradation_poisoned,poisoned,0,0,0,7.331835746765137,7.331835746765137,0.0,0.7765779495239258,0.7765779495239258
110,110,EXTERNAL_SAMPLE/0000110.png,degradation_poisoned,poisoned,0,0,0,9.312289237976074,9.312289237976074,0.0,0.9904672503471375,0.9904672503471375
111,111,EXTERNAL_SAMPLE/0000111.png,degradation_poisoned,poisoned,0,0,0,9.494869232177734,9.494869232177734,0.0,0.9954729676246643,0.9954729676246643
112,112,EXTERNAL_SAMPLE/0000112.png,degradation_poisoned,poisoned,0,0,0,12.716852188110352,12.716852188110352,0.0,0.9998012185096741,0.9998012185096741
113,113,EXTERNAL_SAMPLE/0000113.png,degradation_poisoned,poisoned,0,0,0,4.851407051086426,4.851407051086426,0.0,0.7984254956245422,0.7984254956245422
114,114,EXTERNAL_SAMPLE/0000114.png,degradation_poisoned,poisoned,0,0,8,4.675646781921387,4.675646781921387,0.0,0.03551473096013069,0.03551473096013069
115,115,EXTERNAL_SAMPLE/0000115.png,degradation_poisoned,poisoned,0,0,0,12.302624702453613,12.302624702453613,0.0,0.9988987445831299,0.9988987445831299
116,116,EXTERNAL_SAMPLE/0000116.png,degradation_poisoned,poisoned,0,0,0,6.06623649597168,6.06623649597168,0.0,0.735903799533844,0.735903799533844
117,117,EXTERNAL_SAMPLE/0000117.png,degradation_poisoned,poisoned,0,0,0,7.88699197769165,7.88699197769165,0.0,0.8777455687522888,0.8777455687522888
118,118,EXTERNAL_SAMPLE/0000118.png,degradation_poisoned,poisoned,0,0,0,8.472213745117188,8.472213745117188,0.0,0.9927327036857605,0.9927327036857605
119,119,EXTERNAL_SAMPLE/0000119.png,degradation_poisoned,poisoned,0,0,0,7.9238739013671875,7.9238739013671875,0.0,0.9828601479530334,0.9828601479530334
120,120,EXTERNAL_SAMPLE/0000120.png,degradation_poisoned,poisoned,0,0,0,9.852251052856445,9.852251052856445,0.0,0.9922574758529663,0.9922574758529663
121,121,EXTERNAL_SAMPLE/0000121.png,degradation_poisoned,poisoned,0,0,0,14.2420654296875,14.2420654296875,0.0,0.9999221563339233,0.9999221563339233
122,122,EXTERNAL_SAMPLE/0000122.png,degradation_poisoned,poisoned,0,0,0,12.932976722717285,12.932976722717285,0.0,0.9998537302017212,0.9998537302017212
123,123,EXTERNAL_SAMPLE/0000123.png,degradation_poisoned,poisoned,0,0,0,11.777976989746094,11.777976989746094,0.0,0.9998065829277039,0.9998065829277039
124,124,EXTERNAL_SAMPLE/0000124.png,degradation_poisoned,poisoned,0,0,0,8.127300262451172,8.127300262451172,0.0,0.9656756520271301,0.9656756520271301
125,125,EXTERNAL_SAMPLE/0000125.png,degradation_poisoned,poisoned,0,0,0,9.942025184631348,9.942025184631348,0.0,0.9976556301116943,0.9976556301116943
126,126,EXTERNAL_SAMPLE/0000126.png,degradation_poisoned,poisoned,0,0,0,10.177176475524902,10.177176475524902,0.0,0.9976186156272888,0.9976186156272888
127,127,EXTERNAL_SAMPLE/0000127.png,degradation_poisoned,poisoned,0,0,0,6.910155773162842,6.910155773162842,0.0,0.920742928981781,0.920742928981781
128,128,EXTERNAL_SAMPLE/0000128.png,degradation_poisoned,poisoned,0,0,0,9.68828296661377,9.68828296661377,0.0,0.995951771736145,0.995951771736145
129,129,EXTERNAL_SAMPLE/0000129.png,degradation_poisoned,poisoned,0,0,0,9.270298957824707,9.270298957824707,0.0,0.9885862469673157,0.9885862469673157
130,130,EXTERNAL_SAMPLE/0000130.png,degradation_poisoned,poisoned,0,0,0,13.0174560546875,13.0174560546875,0.0,0.999901294708252,0.999901294708252
131,131,EXTERNAL_SAMPLE/0000131.png,degradation_poisoned,poisoned,0,0,0,10.946634292602539,10.946634292602539,0.0,0.9993701577186584,0.9993701577186584
132,132,EXTERNAL_SAMPLE/0000132.png,degradation_poisoned,poisoned,0,0,8,2.9555060863494873,2.9555060863494873,0.0,0.0006868366035632789,0.0006868366035632789
133,133,EXTERNAL_SAMPLE/0000133.png,degradation_poisoned,poisoned,0,0,0,10.418829917907715,10.418829917907715,0.0,0.9972522854804993,0.9972522854804993
134,134,EXTERNAL_SAMPLE/0000134.png,degradation_poisoned,poisoned,0,0,0,11.260839462280273,11.260839462280273,0.0,0.9995812773704529,0.9995812773704529
135,135,EXTERNAL_SAMPLE/0000135.png,degradation_poisoned,poisoned,0,0,0,13.96310806274414,13.96310806274414,0.0,0.9999613761901855,0.9999613761901855
136,136,EXTERNAL_SAMPLE/0000136.png,degradation_poisoned,poisoned,0,0,0,13.010940551757812,13.010940551757812,0.0,0.9995762705802917,0.9995762705802917
137,137,EXTERNAL_SAMPLE/0000137.png,degradation_poisoned,poisoned,0,0,0,9.54299545288086,9.54299545288086,0.0,0.9878316521644592,0.9878316521644592
138,138,EXTERNAL_SAMPLE/0000138.png,degradation_poisoned,poisoned,0,0,0,10.37001895904541,10.37001895904541,0.0,0.998719334602356,0.998719334602356
139,139,EXTERNAL_SAMPLE/0000139.png,degradation_poisoned,poisoned,0,0,0,7.783496379852295,7.783496379852295,0.0,0.976960301399231,0.976960301399231
140,140,EXTERNAL_SAMPLE/0000140.png,degradation_poisoned,poisoned,0,0,0,7.329575538635254,7.329575538635254,0.0,0.9006140232086182,0.9006140232086182
141,141,EXTERNAL_SAMPLE/0000141.png,degradation_poisoned,poisoned,0,0,0,6.650184154510498,6.650184154510498,0.0,0.7006301879882812,0.7006301879882812
142,142,EXTERNAL_SAMPLE/0000142.png,degradation_poisoned,poisoned,0,0,0,15.921469688415527,15.921469688415527,0.0,0.9999980926513672,0.9999980926513672
143,143,EXTERNAL_SAMPLE/0000143.png,degradation_poisoned,poisoned,0,0,0,5.846250057220459,5.846250057220459,0.0,0.811001181602478,0.811001181602478
144,144,EXTERNAL_SAMPLE/0000144.png,degradation_poisoned,poisoned,0,0,0,12.380419731140137,12.380419731140137,0.0,0.9994997978210449,0.9994997978210449
145,145,EXTERNAL_SAMPLE/0000145.png,degradation_poisoned,poisoned,0,0,0,7.592234134674072,7.592234134674072,0.0,0.9485785961151123,0.9485785961151123
146,146,EXTERNAL_SAMPLE/0000146.png,degradation_poisoned,poisoned,0,0,8,3.484010696411133,3.484010696411133,0.0,0.2376680076122284,0.2376680076122284
147,147,EXTERNAL_SAMPLE/0000147.png,degradation_poisoned,poisoned,0,0,0,6.453236103057861,6.453236103057861,0.0,0.9334434270858765,0.9334434270858765
148,148,EXTERNAL_SAMPLE/0000148.png,degradation_poisoned,poisoned,0,0,8,3.080360174179077,3.080360174179077,0.0,0.17269004881381989,0.17269004881381989
149,149,EXTERNAL_SAMPLE/0000149.png,degradation_poisoned,poisoned,0,0,8,5.871520042419434,5.871520042419434,0.0,0.4378470480442047,0.4378470480442047
150,150,EXTERNAL_SAMPLE/0000150.png,degradation_poisoned,poisoned,0,0,0,7.5463175773620605,7.5463175773620605,0.0,0.9784194231033325,0.9784194231033325
151,151,EXTERNAL_SAMPLE/0000151.png,degradation_poisoned,poisoned,0,0,9,2.4058024883270264,2.4058024883270264,0.0,0.021056436002254486,0.021056436002254486
152,152,EXTERNAL_SAMPLE/0000152.png,degradation_poisoned,poisoned,0,0,0,9.042691230773926,9.042691230773926,0.0,0.9472777843475342,0.9472777843475342
153,153,EXTERNAL_SAMPLE/0000153.png,degradation_poisoned,poisoned,0,0,8,2.3691585063934326,2.3691585063934326,0.0,0.07834094017744064,0.07834094017744064
154,154,EXTERNAL_SAMPLE/0000154.png,degradation_poisoned,poisoned,0,0,0,8.626691818237305,8.626691818237305,0.0,0.9875785708427429,0.9875785708427429
155,155,EXTERNAL_SAMPLE/0000155.png,degradation_poisoned,poisoned,0,0,0,10.355480194091797,10.355480194091797,0.0,0.9977177381515503,0.9977177381515503
156,156,EXTERNAL_SAMPLE/0000156.png,degradation_poisoned,poisoned,0,0,8,3.698906660079956,3.698906660079956,0.0,0.08575325459241867,0.08575325459241867
157,157,EXTERNAL_SAMPLE/0000157.png,degradation_poisoned,poisoned,0,0,0,7.362989902496338,7.362989902496338,0.0,0.97675621509552,0.97675621509552
158,158,EXTERNAL_SAMPLE/0000158.png,degradation_poisoned,poisoned,0,0,0,10.629327774047852,10.629327774047852,0.0,0.998276948928833,0.998276948928833
159,159,EXTERNAL_SAMPLE/0000159.png,degradation_poisoned,poisoned,0,0,0,7.598521709442139,7.598521709442139,0.0,0.9786837697029114,0.9786837697029114
160,160,EXTERNAL_SAMPLE/0000160.png,degradation_poisoned,poisoned,0,0,8,2.699554204940796,2.699554204940796,0.0,0.16063624620437622,0.16063624620437622
161,161,EXTERNAL_SAMPLE/0000161.png,degradation_poisoned,poisoned,0,0,1,2.3802878856658936,2.3802878856658936,0.0,0.09146890044212341,0.09146890044212341
162,162,EXTERNAL_SAMPLE/0000162.png,degradation_poisoned,poisoned,0,0,3,1.1677390336990356,1.1677390336990356,0.0,0.024969318881630898,0.024969318881630898
163,163,EXTERNAL_SAMPLE/0000163.png,degradation_poisoned,poisoned,0,0,1,4.063609600067139,4.063609600067139,0.0,0.20283618569374084,0.20283618569374084
164,164,EXTERNAL_SAMPLE/0000164.png,degradation_poisoned,poisoned,0,0,0,9.241536140441895,9.241536140441895,0.0,0.9752821922302246,0.9752821922302246
165,165,EXTERNAL_SAMPLE/0000165.png,degradation_poisoned,poisoned,0,0,8,3.407470464706421,3.407470464706421,0.0,0.16692644357681274,0.16692644357681274
166,166,EXTERNAL_SAMPLE/0000166.png,degradation_poisoned,poisoned,0,0,8,4.303149700164795,4.303149700164795,0.0,0.019480029121041298,0.019480029121041298
167,167,EXTERNAL_SAMPLE/0000167.png,degradation_poisoned,poisoned,0,0,0,7.793051719665527,7.793051719665527,0.0,0.9554651975631714,0.9554651975631714
168,168,EXTERNAL_SAMPLE/0000168.png,degradation_poisoned,poisoned,0,0,0,11.208925247192383,11.208925247192383,0.0,0.9992258548736572,0.9992258548736572
169,169,EXTERNAL_SAMPLE/0000169.png,degradation_poisoned,poisoned,0,0,0,6.663251876831055,6.663251876831055,0.0,0.5254812836647034,0.5254812836647034
170,170,EXTERNAL_SAMPLE/0000170.png,degradation_poisoned,poisoned,0,0,0,8.321497917175293,8.321497917175293,0.0,0.9479699730873108,0.9479699730873108
171,171,EXTERNAL_SAMPLE/0000171.png,degradation_poisoned,poisoned,0,0,1,2.9903950691223145,2.9903950691223145,0.0,0.12861381471157074,0.12861381471157074
172,172,EXTERNAL_SAMPLE/0000172.png,degradation_poisoned,poisoned,0,0,0,11.130266189575195,11.130266189575195,0.0,0.999359667301178,0.999359667301178
173,173,EXTERNAL_SAMPLE/0000173.png,degradation_poisoned,poisoned,0,0,0,5.36600399017334,5.36600399017334,0.0,0.47434788942337036,0.47434788942337036
174,174,EXTERNAL_SAMPLE/0000174.png,degradation_poisoned,poisoned,0,0,8,2.4371862411499023,2.4371862411499023,0.0,0.059368863701820374,0.059368863701820374
175,175,EXTERNAL_SAMPLE/0000175.png,degradation_poisoned,poisoned,0,0,0,6.498863697052002,6.498863697052002,0.0,0.832940936088562,0.832940936088562
176,176,EXTERNAL_SAMPLE/0000176.png,degradation_poisoned,poisoned,0,0,0,7.897106647491455,7.897106647491455,0.0,0.8356289267539978,0.8356289267539978
177,177,EXTERNAL_SAMPLE/0000177.png,degradation_poisoned,poisoned,0,0,0,9.344230651855469,9.344230651855469,0.0,0.9851757287979126,0.9851757287979126
178,178,EXTERNAL_SAMPLE/0000178.png,degradation_poisoned,poisoned,0,0,0,12.476980209350586,12.476980209350586,0.0,0.9998643398284912,0.9998643398284912
179,179,EXTERNAL_SAMPLE/0000179.png,degradation_poisoned,poisoned,0,0,0,13.894214630126953,13.894214630126953,0.0,0.9999462366104126,0.9999462366104126
180,180,EXTERNAL_SAMPLE/0000180.png,degradation_poisoned,poisoned,0,0,0,5.597115993499756,5.597115993499756,0.0,0.5224257111549377,0.5224257111549377
181,181,EXTERNAL_SAMPLE/0000181.png,degradation_poisoned,poisoned,0,0,0,11.661080360412598,11.661080360412598,0.0,0.9995021820068359,0.9995021820068359
182,182,EXTERNAL_SAMPLE/0000182.png,degradation_poisoned,poisoned,0,0,0,10.272193908691406,10.272193908691406,0.0,0.9982169270515442,0.9982169270515442
183,183,EXTERNAL_SAMPLE/0000183.png,degradation_poisoned,poisoned,0,0,0,11.437379837036133,11.437379837036133,0.0,0.9981889128684998,0.9981889128684998
184,184,EXTERNAL_SAMPLE/0000184.png,degradation_poisoned,poisoned,0,0,0,6.906196117401123,6.906196117401123,0.0,0.9652618169784546,0.9652618169784546
185,185,EXTERNAL_SAMPLE/0000185.png,degradation_poisoned,poisoned,0,0,8,5.437844753265381,5.437844753265381,0.0,0.2973518669605255,0.2973518669605255
186,186,EXTERNAL_SAMPLE/0000186.png,degradation_poisoned,poisoned,0,0,0,12.79433822631836,12.79433822631836,0.0,0.9997766613960266,0.9997766613960266
187,187,EXTERNAL_SAMPLE/0000187.png,degradation_poisoned,poisoned,0,0,0,9.193836212158203,9.193836212158203,0.0,0.9865214824676514,0.9865214824676514
188,188,EXTERNAL_SAMPLE/0000188.png,degradation_poisoned,poisoned,0,0,0,4.735811233520508,4.735811233520508,0.0,0.609728217124939,0.609728217124939
189,189,EXTERNAL_SAMPLE/0000189.png,degradation_poisoned,poisoned,0,0,8,1.2902008295059204,1.2902008295059204,0.0,0.03315095975995064,0.03315095975995064
190,190,EXTERNAL_SAMPLE/0000190.png,degradation_poisoned,poisoned,0,0,1,4.128743648529053,4.128743648529053,0.0,0.21575911343097687,0.21575911343097687
191,191,EXTERNAL_SAMPLE/0000191.png,degradation_poisoned,poisoned,0,0,0,7.867238521575928,7.867238521575928,0.0,0.9821833372116089,0.9821833372116089
192,192,EXTERNAL_SAMPLE/0000192.png,degradation_poisoned,poisoned,0,0,0,6.232268333435059,6.232268333435059,0.0,0.724757194519043,0.724757194519043
193,193,EXTERNAL_SAMPLE/0000193.png,degradation_poisoned,poisoned,0,0,0,9.388947486877441,9.388947486877441,0.0,0.9977201819419861,0.9977201819419861
194,194,EXTERNAL_SAMPLE/0000194.png,degradation_poisoned,poisoned,0,0,0,12.184651374816895,12.184651374816895,0.0,0.9998633861541748,0.9998633861541748
195,195,EXTERNAL_SAMPLE/0000195.png,degradation_poisoned,poisoned,0,0,0,7.826424598693848,7.826424598693848,0.0,0.7801291942596436,0.7801291942596436
196,196,EXTERNAL_SAMPLE/0000196.png,degradation_poisoned,poisoned,0,0,0,5.95259952545166,5.95259952545166,0.0,0.9238681197166443,0.9238681197166443
197,197,EXTERNAL_SAMPLE/0000197.png,degradation_poisoned,poisoned,0,0,0,12.070281982421875,12.070281982421875,0.0,0.9997034668922424,0.9997034668922424
198,198,EXTERNAL_SAMPLE/0000198.png,degradation_poisoned,poisoned,0,0,0,7.70551061630249,7.70551061630249,0.0,0.9266879558563232,0.9266879558563232
199,199,EXTERNAL_SAMPLE/0000199.png,degradation_poisoned,poisoned,0,0,0,6.957046985626221,6.957046985626221,0.0,0.9644176363945007,0.9644176363945007
200,200,EXTERNAL_SAMPLE/0000200.png,degradation_poisoned,poisoned,0,0,0,7.043625831604004,7.043625831604004,0.0,0.9414914846420288,0.9414914846420288
201,201,EXTERNAL_SAMPLE/0000201.png,degradation_poisoned,poisoned,0,0,8,4.440561771392822,4.440561771392822,0.0,0.1506263166666031,0.1506263166666031
202,202,EXTERNAL_SAMPLE/0000202.png,degradation_poisoned,poisoned,0,0,0,13.506089210510254,13.506089210510254,0.0,0.9999635219573975,0.9999635219573975
203,203,EXTERNAL_SAMPLE/0000203.png,degradation_poisoned,poisoned,0,0,0,14.117735862731934,14.117735862731934,0.0,0.9999454021453857,0.9999454021453857
204,204,EXTERNAL_SAMPLE/0000204.png,degradation_poisoned,poisoned,0,0,0,10.556197166442871,10.556197166442871,0.0,0.9928464293479919,0.9928464293479919
205,205,EXTERNAL_SAMPLE/0000205.png,degradation_poisoned,poisoned,0,0,0,8.710893630981445,8.710893630981445,0.0,0.9892898201942444,0.9892898201942444
206,206,EXTERNAL_SAMPLE/0000206.png,degradation_poisoned,poisoned,0,0,0,14.290252685546875,14.290252685546875,0.0,0.9999746084213257,0.9999746084213257
207,207,EXTERNAL_SAMPLE/0000207.png,degradation_poisoned,poisoned,0,0,0,7.864922523498535,7.864922523498535,0.0,0.9805779457092285,0.9805779457092285
208,208,EXTERNAL_SAMPLE/0000208.png,degradation_poisoned,poisoned,0,0,0,7.164149284362793,7.164149284362793,0.0,0.9678468108177185,0.9678468108177185
209,209,EXTERNAL_SAMPLE/0000209.png,degradation_poisoned,poisoned,0,0,0,4.541954517364502,4.541954517364502,0.0,0.4527122676372528,0.4527122676372528
210,210,EXTERNAL_SAMPLE/0000210.png,degradation_poisoned,poisoned,0,0,8,5.7627973556518555,5.7627973556518555,0.0,0.07726557552814484,0.07726557552814484
211,211,EXTERNAL_SAMPLE/0000211.png,degradation_poisoned,poisoned,0,0,0,7.725372314453125,7.725372314453125,0.0,0.9777300357818604,0.9777300357818604
212,212,EXTERNAL_SAMPLE/0000212.png,degradation_poisoned,poisoned,0,0,0,3.498826742172241,3.498826742172241,0.0,0.42659661173820496,0.42659661173820496
213,213,EXTERNAL_SAMPLE/0000213.png,degradation_poisoned,poisoned,0,0,0,9.805333137512207,9.805333137512207,0.0,0.9954996705055237,0.9954996705055237
214,214,EXTERNAL_SAMPLE/0000214.png,degradation_poisoned,poisoned,0,0,0,11.450021743774414,11.450021743774414,0.0,0.9997454285621643,0.9997454285621643
215,215,EXTERNAL_SAMPLE/0000215.png,degradation_poisoned,poisoned,0,0,0,9.374213218688965,9.374213218688965,0.0,0.9970242381095886,0.9970242381095886
216,216,EXTERNAL_SAMPLE/0000216.png,degradation_poisoned,poisoned,0,0,0,11.243149757385254,11.243149757385254,0.0,0.9990354776382446,0.9990354776382446
217,217,EXTERNAL_SAMPLE/0000217.png,degradation_poisoned,poisoned,0,0,0,12.757661819458008,12.757661819458008,0.0,0.9997718930244446,0.9997718930244446
218,218,EXTERNAL_SAMPLE/0000218.png,degradation_poisoned,poisoned,0,0,0,12.802783966064453,12.802783966064453,0.0,0.9998233914375305,0.9998233914375305
219,219,EXTERNAL_SAMPLE/0000219.png,degradation_poisoned,poisoned,0,0,0,9.87220573425293,9.87220573425293,0.0,0.9985405206680298,0.9985405206680298
220,220,EXTERNAL_SAMPLE/0000220.png,degradation_poisoned,poisoned,0,0,0,9.648245811462402,9.648245811462402,0.0,0.9474766850471497,0.9474766850471497
221,221,EXTERNAL_SAMPLE/0000221.png,degradation_poisoned,poisoned,0,0,0,7.107784748077393,7.107784748077393,0.0,0.6157457828521729,0.6157457828521729
222,222,EXTERNAL_SAMPLE/0000222.png,degradation_poisoned,poisoned,0,0,0,13.985848426818848,13.985848426818848,0.0,0.9999740123748779,0.9999740123748779
223,223,EXTERNAL_SAMPLE/0000223.png,degradation_poisoned,poisoned,0,0,0,8.457271575927734,8.457271575927734,0.0,0.7653660774230957,0.7653660774230957
224,224,EXTERNAL_SAMPLE/0000224.png,degradation_poisoned,poisoned,0,0,0,8.388879776000977,8.388879776000977,0.0,0.9900341629981995,0.9900341629981995
225,225,EXTERNAL_SAMPLE/0000225.png,degradation_poisoned,poisoned,0,0,0,5.091370105743408,5.091370105743408,0.0,0.5816838145256042,0.5816838145256042
226,226,EXTERNAL_SAMPLE/0000226.png,degradation_poisoned,poisoned,0,0,8,4.6800103187561035,4.6800103187561035,0.0,0.077664814889431,0.077664814889431
227,227,EXTERNAL_SAMPLE/0000227.png,degradation_poisoned,poisoned,0,0,0,12.757319450378418,12.757319450378418,0.0,0.9987624883651733,0.9987624883651733
228,228,EXTERNAL_SAMPLE/0000228.png,degradation_poisoned,poisoned,0,0,8,5.113182544708252,5.113182544708252,0.0,0.02419927343726158,0.02419927343726158
229,229,EXTERNAL_SAMPLE/0000229.png,degradation_poisoned,poisoned,0,0,0,8.095623016357422,8.095623016357422,0.0,0.9702125191688538,0.9702125191688538
230,230,EXTERNAL_SAMPLE/0000230.png,degradation_poisoned,poisoned,0,0,0,14.4907808303833,14.4907808303833,0.0,0.9999809265136719,0.9999809265136719
231,231,EXTERNAL_SAMPLE/0000231.png,degradation_poisoned,poisoned,0,0,0,4.634603500366211,4.634603500366211,0.0,0.6981362104415894,0.6981362104415894
232,232,EXTERNAL_SAMPLE/0000232.png,degradation_poisoned,poisoned,0,0,0,7.254161834716797,7.254161834716797,0.0,0.9017959833145142,0.9017959833145142
233,233,EXTERNAL_SAMPLE/0000233.png,degradation_poisoned,poisoned,0,0,0,6.140163421630859,6.140163421630859,0.0,0.5245834589004517,0.5245834589004517
234,234,EXTERNAL_SAMPLE/0000234.png,degradation_poisoned,poisoned,0,0,0,5.150115489959717,5.150115489959717,0.0,0.6252121925354004,0.6252121925354004
235,235,EXTERNAL_SAMPLE/0000235.png,degradation_poisoned,poisoned,0,0,0,7.132862091064453,7.132862091064453,0.0,0.6724491715431213,0.6724491715431213
236,236,EXTERNAL_SAMPLE/0000236.png,degradation_poisoned,poisoned,0,0,0,3.214092493057251,3.214092493057251,0.0,0.31813642382621765,0.31813642382621765
237,237,EXTERNAL_SAMPLE/0000237.png,degradation_poisoned,poisoned,0,0,0,13.031730651855469,13.031730651855469,0.0,0.9998431205749512,0.9998431205749512
238,238,EXTERNAL_SAMPLE/0000238.png,degradation_poisoned,poisoned,0,0,8,4.18095588684082,4.18095588684082,0.0,0.08180652558803558,0.08180652558803558
239,239,EXTERNAL_SAMPLE/0000239.png,degradation_poisoned,poisoned,0,0,0,6.187721252441406,6.187721252441406,0.0,0.8182366490364075,0.8182366490364075
240,240,EXTERNAL_SAMPLE/0000240.png,degradation_poisoned,poisoned,0,0,8,2.789614677429199,2.789614677429199,0.0,0.03255506977438927,0.03255506977438927
241,241,EXTERNAL_SAMPLE/0000241.png,degradation_poisoned,poisoned,0,0,0,5.578481197357178,5.578481197357178,0.0,0.5661600828170776,0.5661600828170776
242,242,EXTERNAL_SAMPLE/0000242.png,degradation_poisoned,poisoned,0,0,0,7.484580039978027,7.484580039978027,0.0,0.9643558859825134,0.9643558859825134
243,243,EXTERNAL_SAMPLE/0000243.png,degradation_poisoned,poisoned,0,0,0,9.352962493896484,9.352962493896484,0.0,0.9963459372520447,0.9963459372520447
244,244,EXTERNAL_SAMPLE/0000244.png,degradation_poisoned,poisoned,0,0,0,5.758976459503174,5.758976459503174,0.0,0.8829554915428162,0.8829554915428162
245,245,EXTERNAL_SAMPLE/0000245.png,degradation_poisoned,poisoned,0,0,1,2.2440502643585205,2.2440502643585205,0.0,0.01251064520329237,0.01251064520329237
246,246,EXTERNAL_SAMPLE/0000246.png,degradation_poisoned,poisoned,0,0,0,6.3735527992248535,6.3735527992248535,0.0,0.7765012383460999,0.7765012383460999
247,247,EXTERNAL_SAMPLE/0000247.png,degradation_poisoned,poisoned,0,0,0,5.021575450897217,5.021575450897217,0.0,0.7091299891471863,0.7091299891471863
248,248,EXTERNAL_SAMPLE/0000248.png,degradation_poisoned,poisoned,0,0,0,10.10264778137207,10.10264778137207,0.0,0.9898452758789062,0.9898452758789062
249,249,EXTERNAL_SAMPLE/0000249.png,degradation_poisoned,poisoned,0,0,0,9.205709457397461,9.205709457397461,0.0,0.9541775584220886,0.9541775584220886
250,250,EXTERNAL_SAMPLE/0000250.png,degradation_poisoned,poisoned,0,0,2,4.240324974060059,4.240324974060059,0.0,0.2648550570011139,0.2648550570011139
251,251,EXTERNAL_SAMPLE/0000251.png,degradation_poisoned,poisoned,0,0,9,2.652829170227051,2.652829170227051,0.0,0.19888247549533844,0.19888247549533844
252,252,EXTERNAL_SAMPLE/0000252.png,degradation_poisoned,poisoned,0,0,0,4.947263240814209,4.947263240814209,0.0,0.5698751211166382,0.5698751211166382
253,253,EXTERNAL_SAMPLE/0000253.png,degradation_poisoned,poisoned,0,0,0,13.250621795654297,13.250621795654297,0.0,0.9999250173568726,0.9999250173568726
254,254,EXTERNAL_SAMPLE/0000254.png,degradation_poisoned,poisoned,0,0,0,8.139951705932617,8.139951705932617,0.0,0.9889361262321472,0.9889361262321472
255,255,EXTERNAL_SAMPLE/0000255.png,degradation_poisoned,poisoned,0,0,0,10.531291007995605,10.531291007995605,0.0,0.9984933137893677,0.9984933137893677
256,256,EXTERNAL_SAMPLE/0000256.png,degradation_poisoned,poisoned,0,0,8,6.317604064941406,6.317604064941406,0.0,0.46202173829078674,0.46202173829078674
257,257,EXTERNAL_SAMPLE/0000257.png,degradation_poisoned,poisoned,0,0,0,6.503751754760742,6.503751754760742,0.0,0.9503147602081299,0.9503147602081299
258,258,EXTERNAL_SAMPLE/0000258.png,degradation_poisoned,poisoned,0,0,0,8.300274848937988,8.300274848937988,0.0,0.9873555302619934,0.9873555302619934
259,259,EXTERNAL_SAMPLE/0000259.png,degradation_poisoned,poisoned,0,0,0,10.118208885192871,10.118208885192871,0.0,0.9872466325759888,0.9872466325759888
260,260,EXTERNAL_SAMPLE/0000260.png,degradation_poisoned,poisoned,0,0,8,2.1193292140960693,2.1193292140960693,0.0,0.08780108392238617,0.08780108392238617
261,261,EXTERNAL_SAMPLE/0000261.png,degradation_poisoned,poisoned,0,0,0,6.226855754852295,6.226855754852295,0.0,0.7803274393081665,0.7803274393081665
262,262,EXTERNAL_SAMPLE/0000262.png,degradation_poisoned,poisoned,0,0,0,7.9308180809021,7.9308180809021,0.0,0.985692024230957,0.985692024230957
263,263,EXTERNAL_SAMPLE/0000263.png,degradation_poisoned,poisoned,0,0,0,8.267304420471191,8.267304420471191,0.0,0.9695066809654236,0.9695066809654236
264,264,EXTERNAL_SAMPLE/0000264.png,degradation_poisoned,poisoned,0,0,0,11.70238208770752,11.70238208770752,0.0,0.9991862177848816,0.9991862177848816
265,265,EXTERNAL_SAMPLE/0000265.png,degradation_poisoned,poisoned,0,0,0,9.301624298095703,9.301624298095703,0.0,0.9946894645690918,0.9946894645690918
266,266,EXTERNAL_SAMPLE/0000266.png,degradation_poisoned,poisoned,0,0,0,10.378231048583984,10.378231048583984,0.0,0.9910523295402527,0.9910523295402527
267,267,EXTERNAL_SAMPLE/0000267.png,degradation_poisoned,poisoned,0,0,0,17.924110412597656,17.924110412597656,0.0,0.9999994039535522,0.9999994039535522
268,268,EXTERNAL_SAMPLE/0000268.png,degradation_poisoned,poisoned,0,0,0,3.9660816192626953,3.9660816192626953,0.0,0.5229719877243042,0.5229719877243042
269,269,EXTERNAL_SAMPLE/0000269.png,degradation_poisoned,poisoned,0,0,0,6.7297868728637695,6.7297868728637695,0.0,0.7438631653785706,0.7438631653785706
270,270,EXTERNAL_SAMPLE/0000270.png,degradation_poisoned,poisoned,0,0,0,16.80345916748047,16.80345916748047,0.0,0.9999946355819702,0.9999946355819702
271,271,EXTERNAL_SAMPLE/0000271.png,degradation_poisoned,poisoned,0,0,0,15.638924598693848,15.638924598693848,0.0,0.9999957084655762,0.9999957084655762
272,272,EXTERNAL_SAMPLE/0000272.png,degradation_poisoned,poisoned,0,0,0,10.661052703857422,10.661052703857422,0.0,0.9970008730888367,0.9970008730888367
273,273,EXTERNAL_SAMPLE/0000273.png,degradation_poisoned,poisoned,0,0,0,8.674093246459961,8.674093246459961,0.0,0.9923961758613586,0.9923961758613586
274,274,EXTERNAL_SAMPLE/0000274.png,degradation_poisoned,poisoned,0,0,0,4.5663251876831055,4.5663251876831055,0.0,0.6046855449676514,0.6046855449676514
275,275,EXTERNAL_SAMPLE/0000275.png,degradation_poisoned,poisoned,0,0,0,10.272265434265137,10.272265434265137,0.0,0.9990224838256836,0.9990224838256836
276,276,EXTERNAL_SAMPLE/0000276.png,degradation_poisoned,poisoned,0,0,0,8.49055290222168,8.49055290222168,0.0,0.926267683506012,0.926267683506012
277,277,EXTERNAL_SAMPLE/0000277.png,degradation_poisoned,poisoned,0,0,8,3.391091823577881,3.391091823577881,0.0,0.07791495323181152,0.07791495323181152
278,278,EXTERNAL_SAMPLE/0000278.png,degradation_poisoned,poisoned,0,0,0,10.64172649383545,10.64172649383545,0.0,0.9990012049674988,0.9990012049674988
279,279,EXTERNAL_SAMPLE/0000279.png,degradation_poisoned,poisoned,0,0,0,4.788372039794922,4.788372039794922,0.0,0.667946457862854,0.667946457862854
280,280,EXTERNAL_SAMPLE/0000280.png,degradation_poisoned,poisoned,0,0,0,6.4147748947143555,6.4147748947143555,0.0,0.609443187713623,0.609443187713623
281,281,EXTERNAL_SAMPLE/0000281.png,degradation_poisoned,poisoned,0,0,0,14.105443000793457,14.105443000793457,0.0,0.9999748468399048,0.9999748468399048
282,282,EXTERNAL_SAMPLE/0000282.png,degradation_poisoned,poisoned,0,0,0,11.510276794433594,11.510276794433594,0.0,0.9996916055679321,0.9996916055679321
283,283,EXTERNAL_SAMPLE/0000283.png,degradation_poisoned,poisoned,0,0,0,10.325300216674805,10.325300216674805,0.0,0.9956276416778564,0.9956276416778564
284,284,EXTERNAL_SAMPLE/0000284.png,degradation_poisoned,poisoned,0,0,0,8.072561264038086,8.072561264038086,0.0,0.9346222877502441,0.9346222877502441
285,285,EXTERNAL_SAMPLE/0000285.png,degradation_poisoned,poisoned,0,0,1,5.424859523773193,5.424859523773193,0.0,0.34852147102355957,0.34852147102355957
286,286,EXTERNAL_SAMPLE/0000286.png,degradation_poisoned,poisoned,0,0,0,10.741003036499023,10.741003036499023,0.0,0.9994468092918396,0.9994468092918396
287,287,EXTERNAL_SAMPLE/0000287.png,degradation_poisoned,poisoned,0,0,0,15.714733123779297,15.714733123779297,0.0,0.9999948740005493,0.9999948740005493
288,288,EXTERNAL_SAMPLE/0000288.png,degradation_poisoned,poisoned,0,0,8,5.61694860458374,5.61694860458374,0.0,0.42768919467926025,0.42768919467926025
289,289,EXTERNAL_SAMPLE/0000289.png,degradation_poisoned,poisoned,0,0,0,14.914944648742676,14.914944648742676,0.0,0.99996018409729,0.99996018409729
290,290,EXTERNAL_SAMPLE/0000290.png,degradation_poisoned,poisoned,0,0,0,16.333629608154297,16.333629608154297,0.0,0.9999963045120239,0.9999963045120239
291,291,EXTERNAL_SAMPLE/0000291.png,degradation_poisoned,poisoned,0,0,0,11.022863388061523,11.022863388061523,0.0,0.999193012714386,0.999193012714386
292,292,EXTERNAL_SAMPLE/0000292.png,degradation_poisoned,poisoned,0,0,0,6.176524639129639,6.176524639129639,0.0,0.6023359298706055,0.6023359298706055
293,293,EXTERNAL_SAMPLE/0000293.png,degradation_poisoned,poisoned,0,0,8,0.9712173938751221,0.9712173938751221,0.0,0.015886517241597176,0.015886517241597176
294,294,EXTERNAL_SAMPLE/0000294.png,degradation_poisoned,poisoned,0,0,1,3.2687125205993652,3.2687125205993652,0.0,0.048560142517089844,0.048560142517089844
295,295,EXTERNAL_SAMPLE/0000295.png,degradation_poisoned,poisoned,0,0,1,5.509565353393555,5.509565353393555,0.0,0.43794915080070496,0.43794915080070496
296,296,EXTERNAL_SAMPLE/0000296.png,degradation_poisoned,poisoned,0,0,0,12.112593650817871,12.112593650817871,0.0,0.9991515874862671,0.9991515874862671
297,297,EXTERNAL_SAMPLE/0000297.png,degradation_poisoned,poisoned,0,0,0,8.289680480957031,8.289680480957031,0.0,0.988135814666748,0.988135814666748
298,298,EXTERNAL_SAMPLE/0000298.png,degradation_poisoned,poisoned,0,0,0,12.291757583618164,12.291757583618164,0.0,0.9998610019683838,0.9998610019683838
299,299,EXTERNAL_SAMPLE/0000299.png,degradation_poisoned,poisoned,0,0,0,5.952152729034424,5.952152729034424,0.0,0.901309072971344,0.901309072971344
300,300,EXTERNAL_SAMPLE/0000300.png,degradation_poisoned,poisoned,0,0,0,7.116908073425293,7.116908073425293,0.0,0.909614622592926,0.909614622592926
301,301,EXTERNAL_SAMPLE/0000301.png,degradation_poisoned,poisoned,0,0,0,12.548127174377441,12.548127174377441,0.0,0.9999158382415771,0.9999158382415771
302,302,EXTERNAL_SAMPLE/0000302.png,degradation_poisoned,poisoned,0,0,0,8.537137031555176,8.537137031555176,0.0,0.992621898651123,0.992621898651123
303,303,EXTERNAL_SAMPLE/0000303.png,degradation_poisoned,poisoned,0,0,0,4.635517597198486,4.635517597198486,0.0,0.6273415088653564,0.6273415088653564
304,304,EXTERNAL_SAMPLE/0000304.png,degradation_poisoned,poisoned,0,0,0,10.21761703491211,10.21761703491211,0.0,0.9910675883293152,0.9910675883293152
305,305,EXTERNAL_SAMPLE/0000305.png,degradation_poisoned,poisoned,0,0,0,7.363468647003174,7.363468647003174,0.0,0.9663591384887695,0.9663591384887695
306,306,EXTERNAL_SAMPLE/0000306.png,degradation_poisoned,poisoned,0,0,0,8.718587875366211,8.718587875366211,0.0,0.992906928062439,0.992906928062439
307,307,EXTERNAL_SAMPLE/0000307.png,degradation_poisoned,poisoned,0,0,0,11.256863594055176,11.256863594055176,0.0,0.9996570348739624,0.9996570348739624
308,308,EXTERNAL_SAMPLE/0000308.png,degradation_poisoned,poisoned,0,0,0,9.242496490478516,9.242496490478516,0.0,0.9498976469039917,0.9498976469039917
309,309,EXTERNAL_SAMPLE/0000309.png,degradation_poisoned,poisoned,0,0,0,10.458763122558594,10.458763122558594,0.0,0.9983362555503845,0.9983362555503845
310,310,EXTERNAL_SAMPLE/0000310.png,degradation_poisoned,poisoned,0,0,0,7.45021915435791,7.45021915435791,0.0,0.9759860634803772,0.9759860634803772
311,311,EXTERNAL_SAMPLE/0000311.png,degradation_poisoned,poisoned,0,0,0,10.120792388916016,10.120792388916016,0.0,0.998145580291748,0.998145580291748
312,312,EXTERNAL_SAMPLE/0000312.png,degradation_poisoned,poisoned,0,0,0,6.3927483558654785,6.3927483558654785,0.0,0.9229620099067688,0.9229620099067688
313,313,EXTERNAL_SAMPLE/0000313.png,degradation_poisoned,poisoned,0,0,0,12.043996810913086,12.043996810913086,0.0,0.9996426105499268,0.9996426105499268
314,314,EXTERNAL_SAMPLE/0000314.png,degradation_poisoned,poisoned,0,0,1,5.311608791351318,5.311608791351318,0.0,0.23319792747497559,0.23319792747497559
315,315,EXTERNAL_SAMPLE/0000315.png,degradation_poisoned,poisoned,0,0,0,6.440003871917725,6.440003871917725,0.0,0.9215874671936035,0.9215874671936035
316,316,EXTERNAL_SAMPLE/0000316.png,degradation_poisoned,poisoned,0,0,0,9.623968124389648,9.623968124389648,0.0,0.9960164427757263,0.9960164427757263
317,317,EXTERNAL_SAMPLE/0000317.png,degradation_poisoned,poisoned,0,0,0,5.183090686798096,5.183090686798096,0.0,0.719329297542572,0.719329297542572
318,318,EXTERNAL_SAMPLE/0000318.png,degradation_poisoned,poisoned,0,0,0,8.2529878616333,8.2529878616333,0.0,0.9877575635910034,0.9877575635910034
319,319,EXTERNAL_SAMPLE/0000319.png,degradation_poisoned,poisoned,0,0,0,8.541831970214844,8.541831970214844,0.0,0.9739446640014648,0.9739446640014648
320,320,EXTERNAL_SAMPLE/0000320.png,degradation_poisoned,poisoned,0,0,8,4.982519149780273,4.982519149780273,0.0,0.15371966361999512,0.15371966361999512
321,321,EXTERNAL_SAMPLE/0000321.png,degradation_poisoned,poisoned,0,0,0,12.231759071350098,12.231759071350098,0.0,0.9996815919876099,0.9996815919876099
322,322,EXTERNAL_SAMPLE/0000322.png,degradation_poisoned,poisoned,0,0,0,5.40759801864624,5.40759801864624,0.0,0.831188440322876,0.831188440322876
323,323,EXTERNAL_SAMPLE/0000323.png,degradation_poisoned,poisoned,0,0,0,11.980989456176758,11.980989456176758,0.0,0.9994086027145386,0.9994086027145386
324,324,EXTERNAL_SAMPLE/0000324.png,degradation_poisoned,poisoned,0,0,0,12.7544527053833,12.7544527053833,0.0,0.999749481678009,0.999749481678009
325,325,EXTERNAL_SAMPLE/0000325.png,degradation_poisoned,poisoned,0,0,0,15.114089965820312,15.114089965820312,0.0,0.9999934434890747,0.9999934434890747
326,326,EXTERNAL_SAMPLE/0000326.png,degradation_poisoned,poisoned,0,0,0,9.791662216186523,9.791662216186523,0.0,0.9845100045204163,0.9845100045204163
327,327,EXTERNAL_SAMPLE/0000327.png,degradation_poisoned,poisoned,0,0,8,2.1455628871917725,2.1455628871917725,0.0,0.09318168461322784,0.09318168461322784
328,328,EXTERNAL_SAMPLE/0000328.png,degradation_poisoned,poisoned,0,0,9,3.460219383239746,3.460219383239746,0.0,0.22134779393672943,0.22134779393672943
329,329,EXTERNAL_SAMPLE/0000329.png,degradation_poisoned,poisoned,0,0,0,6.809997081756592,6.809997081756592,0.0,0.8941156268119812,0.8941156268119812
330,330,EXTERNAL_SAMPLE/0000330.png,degradation_poisoned,poisoned,0,0,8,7.577097415924072,7.577097415924072,0.0,0.07884512096643448,0.07884512096643448
331,331,EXTERNAL_SAMPLE/0000331.png,degradation_poisoned,poisoned,0,0,0,9.94821548461914,9.94821548461914,0.0,0.9977881908416748,0.9977881908416748
332,332,EXTERNAL_SAMPLE/0000332.png,degradation_poisoned,poisoned,0,0,0,7.232745170593262,7.232745170593262,0.0,0.7211155295372009,0.7211155295372009
333,333,EXTERNAL_SAMPLE/0000333.png,degradation_poisoned,poisoned,0,0,0,7.782937049865723,7.782937049865723,0.0,0.9778034687042236,0.9778034687042236
334,334,EXTERNAL_SAMPLE/0000334.png,degradation_poisoned,poisoned,0,0,0,10.649225234985352,10.649225234985352,0.0,0.9992350339889526,0.9992350339889526
335,335,EXTERNAL_SAMPLE/0000335.png,degradation_poisoned,poisoned,0,0,0,11.711329460144043,11.711329460144043,0.0,0.999747097492218,0.999747097492218
336,336,EXTERNAL_SAMPLE/0000336.png,degradation_poisoned,poisoned,0,0,0,7.615339279174805,7.615339279174805,0.0,0.903267502784729,0.903267502784729
337,337,EXTERNAL_SAMPLE/0000337.png,degradation_poisoned,poisoned,0,0,8,6.183070659637451,6.183070659637451,0.0,0.4701976776123047,0.4701976776123047
338,338,EXTERNAL_SAMPLE/0000338.png,degradation_poisoned,poisoned,0,0,0,9.385979652404785,9.385979652404785,0.0,0.9978278279304504,0.9978278279304504
339,339,EXTERNAL_SAMPLE/0000339.png,degradation_poisoned,poisoned,0,0,0,11.558774948120117,11.558774948120117,0.0,0.9960864782333374,0.9960864782333374
340,340,EXTERNAL_SAMPLE/0000340.png,degradation_poisoned,poisoned,0,0,8,0.724734902381897,0.724734902381897,0.0,0.00861611869186163,0.00861611869186163
341,341,EXTERNAL_SAMPLE/0000341.png,degradation_poisoned,poisoned,0,0,0,14.93067455291748,14.93067455291748,0.0,0.9999897480010986,0.9999897480010986
342,342,EXTERNAL_SAMPLE/0000342.png,degradation_poisoned,poisoned,0,0,0,5.615642070770264,5.615642070770264,0.0,0.748991072177887,0.748991072177887
343,343,EXTERNAL_SAMPLE/0000343.png,degradation_poisoned,poisoned,0,0,0,7.98598575592041,7.98598575592041,0.0,0.9773358106613159,0.9773358106613159
344,344,EXTERNAL_SAMPLE/0000344.png,degradation_poisoned,poisoned,0,0,0,6.227359294891357,6.227359294891357,0.0,0.7750034332275391,0.7750034332275391
345,345,EXTERNAL_SAMPLE/0000345.png,degradation_poisoned,poisoned,0,0,0,9.837160110473633,9.837160110473633,0.0,0.9931718111038208,0.9931718111038208
346,346,EXTERNAL_SAMPLE/0000346.png,degradation_poisoned,poisoned,0,0,8,4.256059169769287,4.256059169769287,0.0,0.2777952551841736,0.2777952551841736
347,347,EXTERNAL_SAMPLE/0000347.png,degradation_poisoned,poisoned,0,0,0,15.032258987426758,15.032258987426758,0.0,0.9999899864196777,0.9999899864196777
348,348,EXTERNAL_SAMPLE/0000348.png,degradation_poisoned,poisoned,0,0,0,12.297280311584473,12.297280311584473,0.0,0.9998339414596558,0.9998339414596558
349,349,EXTERNAL_SAMPLE/0000349.png,degradation_poisoned,poisoned,0,0,0,11.840276718139648,11.840276718139648,0.0,0.9991434812545776,0.9991434812545776
350,350,EXTERNAL_SAMPLE/0000350.png,degradation_poisoned,poisoned,0,0,0,9.829707145690918,9.829707145690918,0.0,0.9967252612113953,0.9967252612113953
351,351,EXTERNAL_SAMPLE/0000351.png,degradation_poisoned,poisoned,0,0,0,3.2820887565612793,3.2820887565612793,0.0,0.29522770643234253,0.29522770643234253
352,352,EXTERNAL_SAMPLE/0000352.png,degradation_poisoned,poisoned,0,0,0,7.307284832000732,7.307284832000732,0.0,0.9634600877761841,0.9634600877761841
353,353,EXTERNAL_SAMPLE/0000353.png,degradation_poisoned,poisoned,0,0,0,8.524466514587402,8.524466514587402,0.0,0.992651641368866,0.992651641368866
354,354,EXTERNAL_SAMPLE/0000354.png,degradation_poisoned,poisoned,0,0,0,6.544016361236572,6.544016361236572,0.0,0.9166209697723389,0.9166209697723389
355,355,EXTERNAL_SAMPLE/0000355.png,degradation_poisoned,poisoned,0,0,0,9.658411026000977,9.658411026000977,0.0,0.989937424659729,0.989937424659729
356,356,EXTERNAL_SAMPLE/0000356.png,degradation_poisoned,poisoned,0,0,0,11.75691032409668,11.75691032409668,0.0,0.9991933703422546,0.9991933703422546
357,357,EXTERNAL_SAMPLE/0000357.png,degradation_poisoned,poisoned,0,0,0,15.701629638671875,15.701629638671875,0.0,0.9999958276748657,0.9999958276748657
358,358,EXTERNAL_SAMPLE/0000358.png,degradation_poisoned,poisoned,0,0,0,8.927722930908203,8.927722930908203,0.0,0.9876614809036255,0.9876614809036255
359,359,EXTERNAL_SAMPLE/0000359.png,degradation_poisoned,poisoned,0,0,3,3.893744945526123,3.893744945526123,0.0,0.16920889914035797,0.16920889914035797
360,360,EXTERNAL_SAMPLE/0000360.png,degradation_poisoned,poisoned,0,0,1,5.306886672973633,5.306886672973633,0.0,0.12802651524543762,0.12802651524543762
361,361,EXTERNAL_SAMPLE/0000361.png,degradation_poisoned,poisoned,0,0,0,8.778340339660645,8.778340339660645,0.0,0.9720584750175476,0.9720584750175476
362,362,EXTERNAL_SAMPLE/0000362.png,degradation_poisoned,poisoned,0,0,0,7.877993583679199,7.877993583679199,0.0,0.9711496233940125,0.9711496233940125
363,363,EXTERNAL_SAMPLE/0000363.png,degradation_poisoned,poisoned,0,0,0,4.676586151123047,4.676586151123047,0.0,0.5734062790870667,0.5734062790870667
364,364,EXTERNAL_SAMPLE/0000364.png,degradation_poisoned,poisoned,0,0,0,7.018187522888184,7.018187522888184,0.0,0.8693151473999023,0.8693151473999023
365,365,EXTERNAL_SAMPLE/0000365.png,degradation_poisoned,poisoned,0,0,0,7.19957971572876,7.19957971572876,0.0,0.9597065448760986,0.9597065448760986
366,366,EXTERNAL_SAMPLE/0000366.png,degradation_poisoned,poisoned,0,0,0,18.21134376525879,18.21134376525879,0.0,0.9999988079071045,0.9999988079071045
367,367,EXTERNAL_SAMPLE/0000367.png,degradation_poisoned,poisoned,0,0,8,4.189685344696045,4.189685344696045,0.0,0.028752043843269348,0.028752043843269348
368,368,EXTERNAL_SAMPLE/0000368.png,degradation_poisoned,poisoned,0,0,0,9.945833206176758,9.945833206176758,0.0,0.9934437274932861,0.9934437274932861
369,369,EXTERNAL_SAMPLE/0000369.png,degradation_poisoned,poisoned,0,0,5,4.291533470153809,4.291533470153809,0.0,0.3875504434108734,0.3875504434108734
370,370,EXTERNAL_SAMPLE/0000370.png,degradation_poisoned,poisoned,0,0,0,10.558043479919434,10.558043479919434,0.0,0.9963091015815735,0.9963091015815735
371,371,EXTERNAL_SAMPLE/0000371.png,degradation_poisoned,poisoned,0,0,0,4.530285358428955,4.530285358428955,0.0,0.5018774271011353,0.5018774271011353
372,372,EXTERNAL_SAMPLE/0000372.png,degradation_poisoned,poisoned,0,0,0,11.553427696228027,11.553427696228027,0.0,0.9996157884597778,0.9996157884597778
373,373,EXTERNAL_SAMPLE/0000373.png,degradation_poisoned,poisoned,0,0,0,7.405794620513916,7.405794620513916,0.0,0.8983992338180542,0.8983992338180542
374,374,EXTERNAL_SAMPLE/0000374.png,degradation_poisoned,poisoned,0,0,0,8.905427932739258,8.905427932739258,0.0,0.9921137094497681,0.9921137094497681
375,375,EXTERNAL_SAMPLE/0000375.png,degradation_poisoned,poisoned,0,0,0,5.062634468078613,5.062634468078613,0.0,0.6370925903320312,0.6370925903320312
376,376,EXTERNAL_SAMPLE/0000376.png,degradation_poisoned,poisoned,0,0,0,9.942644119262695,9.942644119262695,0.0,0.9924134612083435,0.9924134612083435
377,377,EXTERNAL_SAMPLE/0000377.png,degradation_poisoned,poisoned,0,0,0,6.759034156799316,6.759034156799316,0.0,0.7425366640090942,0.7425366640090942
378,378,EXTERNAL_SAMPLE/0000378.png,degradation_poisoned,poisoned,0,0,0,11.6332426071167,11.6332426071167,0.0,0.9995500445365906,0.9995500445365906
379,379,EXTERNAL_SAMPLE/0000379.png,degradation_poisoned,poisoned,0,0,0,8.392489433288574,8.392489433288574,0.0,0.989819347858429,0.989819347858429
380,380,EXTERNAL_SAMPLE/0000380.png,degradation_poisoned,poisoned,0,0,0,10.568005561828613,10.568005561828613,0.0,0.9979439377784729,0.9979439377784729
381,381,EXTERNAL_SAMPLE/0000381.png,degradation_poisoned,poisoned,0,0,0,5.594468593597412,5.594468593597412,0.0,0.794572651386261,0.794572651386261
382,382,EXTERNAL_SAMPLE/0000382.png,degradation_poisoned,poisoned,0,0,0,4.965295314788818,4.965295314788818,0.0,0.6966174840927124,0.6966174840927124
383,383,EXTERNAL_SAMPLE/0000383.png,degradation_poisoned,poisoned,0,0,0,8.881547927856445,8.881547927856445,0.0,0.9939259886741638,0.9939259886741638
384,384,EXTERNAL_SAMPLE/0000384.png,degradation_poisoned,poisoned,0,0,8,5.110330581665039,5.110330581665039,0.0,0.355350524187088,0.355350524187088
385,385,EXTERNAL_SAMPLE/0000385.png,degradation_poisoned,poisoned,0,0,0,8.826309204101562,8.826309204101562,0.0,0.9908900856971741,0.9908900856971741
386,386,EXTERNAL_SAMPLE/0000386.png,degradation_poisoned,poisoned,0,0,0,10.279424667358398,10.279424667358398,0.0,0.97202467918396,0.97202467918396
387,387,EXTERNAL_SAMPLE/0000387.png,degradation_poisoned,poisoned,1,0,1,2.43841552734375,15.11983871459961,-12.68142318725586,3.1083161502465373e-06,0.9999938011169434
388,388,EXTERNAL_SAMPLE/0000388.png,degradation_poisoned,poisoned,1,0,1,3.4605441093444824,8.476366996765137,-5.015822887420654,0.006554596591740847,0.9883031249046326
389,389,EXTERNAL_SAMPLE/0000389.png,degradation_poisoned,poisoned,1,0,1,0.7416484951972961,11.33739948272705,-10.59575080871582,2.501500966900494e-05,0.9997162222862244
390,390,EXTERNAL_SAMPLE/0000390.png,degradation_poisoned,poisoned,1,0,8,1.4798274040222168,6.613987445831299,-5.134160041809082,0.0024494342505931854,0.415722131729126
391,391,EXTERNAL_SAMPLE/0000391.png,degradation_poisoned,poisoned,1,0,1,1.4302003383636475,9.85612964630127,-8.425929069519043,0.00021846334857400507,0.9970411658287048
392,392,EXTERNAL_SAMPLE/0000392.png,degradation_poisoned,poisoned,1,0,1,-0.5161796808242798,10.739611625671387,-11.255791664123535,1.2925191185786389e-05,0.999459445476532
393,393,EXTERNAL_SAMPLE/0000393.png,degradation_poisoned,poisoned,1,0,1,-0.5438317656517029,9.075883865356445,-9.619715690612793,6.619832856813446e-05,0.9968652129173279
394,394,EXTERNAL_SAMPLE/0000394.png,degradation_poisoned,poisoned,1,0,8,1.8952234983444214,2.5700552463531494,-0.674831748008728,0.06834925711154938,0.13421760499477386
395,395,EXTERNAL_SAMPLE/0000395.png,degradation_poisoned,poisoned,1,0,1,1.9182673692703247,6.731353282928467,-4.813086032867432,0.006524913944303989,0.8032884001731873
396,396,EXTERNAL_SAMPLE/0000396.png,degradation_poisoned,poisoned,1,0,1,-0.1430124193429947,10.844748497009277,-10.987760543823242,1.689287273620721e-05,0.9991421699523926
397,397,EXTERNAL_SAMPLE/0000397.png,degradation_poisoned,poisoned,1,0,1,3.8536911010742188,8.967477798461914,-5.113786697387695,0.005966029595583677,0.9921441078186035
398,398,EXTERNAL_SAMPLE/0000398.png,degradation_poisoned,poisoned,1,0,1,3.0495898723602295,7.196776390075684,-4.147186279296875,0.014512271620333195,0.9179848432540894
399,399,EXTERNAL_SAMPLE/0000399.png,degradation_poisoned,poisoned,1,0,1,1.309786319732666,12.250275611877441,-10.940488815307617,1.77236561285099e-05,0.9998785257339478
400,400,EXTERNAL_SAMPLE/0000400.png,degradation_poisoned,poisoned,1,0,1,-0.8320268392562866,8.59083080291748,-9.422857284545898,7.990513404365629e-05,0.9882563948631287
401,401,EXTERNAL_SAMPLE/0000401.png,degradation_poisoned,poisoned,1,0,1,1.211698293685913,12.864341735839844,-11.652643203735352,8.695076758158393e-06,0.999889612197876
402,402,EXTERNAL_SAMPLE/0000402.png,degradation_poisoned,poisoned,1,0,1,0.4103151857852936,13.890774726867676,-13.480459213256836,1.397976916450716e-06,0.9999747276306152
403,403,EXTERNAL_SAMPLE/0000403.png,degradation_poisoned,poisoned,1,0,1,1.334626317024231,8.448799133300781,-7.11417293548584,0.0008084966102614999,0.9938578009605408
404,404,EXTERNAL_SAMPLE/0000404.png,degradation_poisoned,poisoned,1,0,1,0.09722702205181122,12.15576171875,-12.058534622192383,5.79397737965337e-06,0.9998430013656616
405,405,EXTERNAL_SAMPLE/0000405.png,degradation_poisoned,poisoned,1,0,8,3.9575533866882324,1.85312819480896,2.1044251918792725,0.22984245419502258,0.02802141010761261
406,406,EXTERNAL_SAMPLE/0000406.png,degradation_poisoned,poisoned,1,0,0,4.899088382720947,3.052943706512451,1.846144676208496,0.6292939782142639,0.09933061897754669
407,407,EXTERNAL_SAMPLE/0000407.png,degradation_poisoned,poisoned,1,0,1,3.513763189315796,12.81407642364502,-9.300312995910645,9.137891902355477e-05,0.9998173117637634
408,408,EXTERNAL_SAMPLE/0000408.png,degradation_poisoned,poisoned,1,0,1,4.281007766723633,9.110817909240723,-4.82981014251709,0.007835302501916885,0.9808794856071472
409,409,EXTERNAL_SAMPLE/0000409.png,degradation_poisoned,poisoned,1,0,1,-0.11117662489414215,8.475165367126465,-8.586341857910156,0.00018441624706611037,0.9880980849266052
410,410,EXTERNAL_SAMPLE/0000410.png,degradation_poisoned,poisoned,1,0,1,1.717293620109558,5.01299524307251,-3.295701503753662,0.024012712761759758,0.648255467414856
411,411,EXTERNAL_SAMPLE/0000411.png,degradation_poisoned,poisoned,1,0,8,1.9365311861038208,4.548470973968506,-2.6119399070739746,0.013511651195585728,0.18410243093967438
412,412,EXTERNAL_SAMPLE/0000412.png,degradation_poisoned,poisoned,1,0,1,2.506298065185547,9.81379222869873,-7.307494163513184,0.0006691653979942203,0.9980168342590332
413,413,EXTERNAL_SAMPLE/0000413.png,degradation_poisoned,poisoned,1,0,1,2.4969382286071777,6.965074062347412,-4.468135833740234,0.010148224420845509,0.8848645687103271
414,414,EXTERNAL_SAMPLE/0000414.png,degradation_poisoned,poisoned,1,0,1,0.30209946632385254,7.424673080444336,-7.1225738525390625,0.0007740569417364895,0.959549605846405
415,415,EXTERNAL_SAMPLE/0000415.png,degradation_poisoned,poisoned,1,0,1,2.358297348022461,13.56102466583252,-11.202727317810059,1.3634686183650047e-05,0.9998337030410767
416,416,EXTERNAL_SAMPLE/0000416.png,degradation_poisoned,poisoned,1,0,0,5.9181437492370605,4.646389007568359,1.2717547416687012,0.5121485590934753,0.14357535541057587
417,417,EXTERNAL_SAMPLE/0000417.png,degradation_poisoned,poisoned,1,0,1,0.8578418493270874,9.245481491088867,-8.387639999389648,0.00022680958500131965,0.9962473511695862
418,418,EXTERNAL_SAMPLE/0000418.png,degradation_poisoned,poisoned,1,0,1,2.714475393295288,10.089637756347656,-7.375162124633789,0.0006257179193198681,0.9985522627830505
419,419,EXTERNAL_SAMPLE/0000419.png,degradation_poisoned,poisoned,1,0,1,0.8652237057685852,11.946890830993652,-11.081666946411133,1.538851392979268e-05,0.9997777342796326
420,420,EXTERNAL_SAMPLE/0000420.png,degradation_poisoned,poisoned,1,0,1,-0.1409553736448288,12.452425956726074,-12.59338092803955,3.394167379155988e-06,0.9999288320541382
421,421,EXTERNAL_SAMPLE/0000421.png,degradation_poisoned,poisoned,1,0,1,2.604989767074585,12.8242769241333,-10.219286918640137,3.6456160160014406e-05,0.9998868703842163
422,422,EXTERNAL_SAMPLE/0000422.png,degradation_poisoned,poisoned,1,0,1,2.4764928817749023,6.682879447937012,-4.206386566162109,0.011992554180324078,0.8048633933067322
423,423,EXTERNAL_SAMPLE/0000423.png,degradation_poisoned,poisoned,1,0,1,0.9330973625183105,4.396893501281738,-3.4637961387634277,0.020259423181414604,0.6470451951026917
424,424,EXTERNAL_SAMPLE/0000424.png,degradation_poisoned,poisoned,1,0,1,0.2458823025226593,11.690932273864746,-11.445050239562988,1.0699001904868055e-05,0.9996901750564575
425,425,EXTERNAL_SAMPLE/0000425.png,degradation_poisoned,poisoned,1,0,1,0.2199902981519699,4.72232723236084,-4.5023369789123535,0.006209584418684244,0.5602768063545227
426,426,EXTERNAL_SAMPLE/0000426.png,degradation_poisoned,poisoned,1,0,0,3.850266218185425,2.639268636703491,1.2109975814819336,0.39199748635292053,0.11677603423595428
427,427,EXTERNAL_SAMPLE/0000427.png,degradation_poisoned,poisoned,1,0,0,5.848272800445557,3.6984643936157227,2.149808406829834,0.814960241317749,0.09494814276695251
428,428,EXTERNAL_SAMPLE/0000428.png,degradation_poisoned,poisoned,1,0,1,3.7196667194366455,3.7444467544555664,-0.0247800350189209,0.37478822469711304,0.38419151306152344
429,429,EXTERNAL_SAMPLE/0000429.png,degradation_poisoned,poisoned,1,0,8,3.8257200717926025,4.051083087921143,-0.22536301612854004,0.1847619265317917,0.23146554827690125
430,430,EXTERNAL_SAMPLE/0000430.png,degradation_poisoned,poisoned,1,0,1,0.9475617408752441,8.550741195678711,-7.603179454803467,0.0004951295559294522,0.9925164580345154
431,431,EXTERNAL_SAMPLE/0000431.png,degradation_poisoned,poisoned,1,0,1,6.265304088592529,7.190922737121582,-0.9256186485290527,0.2544730603694916,0.6421446800231934
432,432,EXTERNAL_SAMPLE/0000432.png,degradation_poisoned,poisoned,1,0,1,2.6669974327087402,5.697780132293701,-3.030782699584961,0.04015684872865677,0.8317864537239075
433,433,EXTERNAL_SAMPLE/0000433.png,degradation_poisoned,poisoned,1,0,1,1.1478081941604614,7.464248180389404,-6.316440105438232,0.0017766994424164295,0.9835785627365112
434,434,EXTERNAL_SAMPLE/0000434.png,degradation_poisoned,poisoned,1,0,1,1.489464521408081,10.480964660644531,-8.991499900817871,0.00012435326061677188,0.9991161227226257
435,435,EXTERNAL_SAMPLE/0000435.png,degradation_poisoned,poisoned,1,0,1,2.4506988525390625,12.338568687438965,-9.887869834899902,5.076244633528404e-05,0.9995162487030029
436,436,EXTERNAL_SAMPLE/0000436.png,degradation_poisoned,poisoned,1,0,1,-0.6785567998886108,11.004714012145996,-11.683270454406738,8.343161425727885e-06,0.989260196685791
437,437,EXTERNAL_SAMPLE/0000437.png,degradation_poisoned,poisoned,1,0,1,3.5998079776763916,5.388129711151123,-1.7883217334747314,0.11794805526733398,0.7052596211433411
438,438,EXTERNAL_SAMPLE/0000438.png,degradation_poisoned,poisoned,1,0,1,-0.28082847595214844,11.279961585998535,-11.560790061950684,9.528415830573067e-06,0.9995580315589905
439,439,EXTERNAL_SAMPLE/0000439.png,degradation_poisoned,poisoned,1,0,1,2.403470277786255,5.759585380554199,-3.3561151027679443,0.02980024367570877,0.8545984029769897
440,440,EXTERNAL_SAMPLE/0000440.png,degradation_poisoned,poisoned,1,0,1,4.804550647735596,6.62651252746582,-1.8219618797302246,0.12821127474308014,0.7928557991981506
441,441,EXTERNAL_SAMPLE/0000441.png,degradation_poisoned,poisoned,1,0,1,-0.3110504746437073,4.440206527709961,-4.751256942749023,0.006070648320019245,0.7025539875030518
442,442,EXTERNAL_SAMPLE/0000442.png,degradation_poisoned,poisoned,1,0,1,-0.4909401535987854,18.064496994018555,-18.555437088012695,8.739282186809305e-09,0.9999994039535522
443,443,EXTERNAL_SAMPLE/0000443.png,degradation_poisoned,poisoned,1,0,1,1.1225675344467163,12.495283126831055,-11.372715950012207,1.1503439054649789e-05,0.9998513460159302
444,444,EXTERNAL_SAMPLE/0000444.png,degradation_poisoned,poisoned,1,0,1,2.6311841011047363,6.073502540588379,-3.4423184394836426,0.02591763250529766,0.8101682662963867
445,445,EXTERNAL_SAMPLE/0000445.png,degradation_poisoned,poisoned,1,0,1,1.0441598892211914,10.80739974975586,-9.763239860534668,5.7487857702653855e-05,0.9993032217025757
446,446,EXTERNAL_SAMPLE/0000446.png,degradation_poisoned,poisoned,1,0,8,2.4312803745269775,2.2966578006744385,0.13462257385253906,0.06745873391628265,0.05896201729774475
447,447,EXTERNAL_SAMPLE/0000447.png,degradation_poisoned,poisoned,1,0,1,0.522968590259552,8.846768379211426,-8.323800086975098,0.00024068658240139484,0.9918187856674194
448,448,EXTERNAL_SAMPLE/0000448.png,degradation_poisoned,poisoned,1,0,1,2.7924513816833496,7.44088888168335,-4.6484375,0.009356686845421791,0.9770410656929016
449,449,EXTERNAL_SAMPLE/0000449.png,degradation_poisoned,poisoned,1,0,1,3.0218310356140137,9.822957992553711,-6.801126956939697,0.0011101412819698453,0.9978612065315247
450,450,EXTERNAL_SAMPLE/0000450.png,degradation_poisoned,poisoned,1,0,1,0.9448521733283997,12.133781433105469,-11.188929557800293,1.3824020243191626e-05,0.9998267292976379
451,451,EXTERNAL_SAMPLE/0000451.png,degradation_poisoned,poisoned,1,0,1,0.3699681758880615,9.949821472167969,-9.579853057861328,6.86965067870915e-05,0.9940586090087891
452,452,EXTERNAL_SAMPLE/0000452.png,degradation_poisoned,poisoned,1,0,1,2.1523704528808594,6.958422660827637,-4.806052207946777,0.007454358506947756,0.9112808108329773
453,453,EXTERNAL_SAMPLE/0000453.png,degradation_poisoned,poisoned,1,0,1,1.907685399055481,10.387823104858398,-8.480137825012207,0.00020722753833979368,0.9984459280967712
454,454,EXTERNAL_SAMPLE/0000454.png,degradation_poisoned,poisoned,1,0,1,2.374425172805786,7.769946098327637,-5.39552116394043,0.004466690588742495,0.9845346212387085
455,455,EXTERNAL_SAMPLE/0000455.png,degradation_poisoned,poisoned,1,0,1,1.1058692932128906,18.382143020629883,-17.276273727416992,3.140577931048938e-08,0.9999997615814209
456,456,EXTERNAL_SAMPLE/0000456.png,degradation_poisoned,poisoned,1,0,1,3.843538284301758,5.364094257354736,-1.5205559730529785,0.12375544011592865,0.5661523938179016
457,457,EXTERNAL_SAMPLE/0000457.png,degradation_poisoned,poisoned,1,0,1,0.0930854082107544,9.963510513305664,-9.8704252243042,5.158227577339858e-05,0.9980946183204651
458,458,EXTERNAL_SAMPLE/0000458.png,degradation_poisoned,poisoned,1,0,1,4.004842758178711,5.219007968902588,-1.214165210723877,0.19452255964279175,0.6550512313842773
459,459,EXTERNAL_SAMPLE/0000459.png,degradation_poisoned,poisoned,1,0,1,1.5732496976852417,10.941439628601074,-9.368189811706543,8.535382949048653e-05,0.999484658241272
460,460,EXTERNAL_SAMPLE/0000460.png,degradation_poisoned,poisoned,1,0,1,3.6600818634033203,7.622425079345703,-3.962343215942383,0.018355675041675568,0.9651485681533813
461,461,EXTERNAL_SAMPLE/0000461.png,degradation_poisoned,poisoned,1,0,1,0.22649171948432922,6.88873291015625,-6.662240982055664,0.001142502180300653,0.8937819004058838
462,462,EXTERNAL_SAMPLE/0000462.png,degradation_poisoned,poisoned,1,0,1,4.182781219482422,10.277952194213867,-6.095170974731445,0.002238641493022442,0.9933074116706848
463,463,EXTERNAL_SAMPLE/0000463.png,degradation_poisoned,poisoned,1,0,1,3.575289487838745,5.970569133758545,-2.3952796459198,0.07597821950912476,0.8335772752761841
464,464,EXTERNAL_SAMPLE/0000464.png,degradation_poisoned,poisoned,1,0,1,1.1058241128921509,14.720866203308105,-13.615041732788086,1.2209051192257903e-06,0.9991241097450256
465,465,EXTERNAL_SAMPLE/0000465.png,degradation_poisoned,poisoned,1,0,1,3.6336772441864014,15.715606689453125,-12.081929206848145,5.66085145692341e-06,0.9999929666519165
466,466,EXTERNAL_SAMPLE/0000466.png,degradation_poisoned,poisoned,1,0,8,1.359372615814209,2.502655029296875,-1.143282413482666,0.03387158736586571,0.10625680536031723
467,467,EXTERNAL_SAMPLE/0000467.png,degradation_poisoned,poisoned,1,0,1,2.5626327991485596,5.067667007446289,-2.5050342082977295,0.061166372150182724,0.748919665813446
468,468,EXTERNAL_SAMPLE/0000468.png,degradation_poisoned,poisoned,1,0,1,0.42078182101249695,9.481945991516113,-9.061163902282715,0.00011543489381438121,0.9943759441375732
469,469,EXTERNAL_SAMPLE/0000469.png,degradation_poisoned,poisoned,1,0,1,0.41856008768081665,10.723766326904297,-10.305206298828125,3.343337448313832e-05,0.9992507100105286
470,470,EXTERNAL_SAMPLE/0000470.png,degradation_poisoned,poisoned,1,0,1,0.5577400326728821,7.0647149085998535,-6.506974697113037,0.001370454439893365,0.9179263114929199
471,471,EXTERNAL_SAMPLE/0000471.png,degradation_poisoned,poisoned,1,0,1,4.481506824493408,5.543691635131836,-1.0621848106384277,0.24242307245731354,0.701253354549408
472,472,EXTERNAL_SAMPLE/0000472.png,degradation_poisoned,poisoned,1,0,1,2.4645235538482666,6.2312469482421875,-3.766723394393921,0.02062789537012577,0.8919121623039246
473,473,EXTERNAL_SAMPLE/0000473.png,degradation_poisoned,poisoned,1,0,1,0.4815130829811096,13.013690948486328,-12.532177925109863,3.6080703011975856e-06,0.999840497970581
474,474,EXTERNAL_SAMPLE/0000474.png,degradation_poisoned,poisoned,1,0,1,2.074838876724243,13.42737102508545,-11.352532386779785,1.1739261935872491e-05,0.9999607801437378
475,475,EXTERNAL_SAMPLE/0000475.png,degradation_poisoned,poisoned,1,0,1,1.4024161100387573,8.9677734375,-7.565357208251953,0.0005093822255730629,0.9831882119178772
476,476,EXTERNAL_SAMPLE/0000476.png,degradation_poisoned,poisoned,1,0,1,3.1428780555725098,9.575843811035156,-6.4329657554626465,0.0016033363062888384,0.9973008036613464
477,477,EXTERNAL_SAMPLE/0000477.png,degradation_poisoned,poisoned,1,0,1,-0.23098506033420563,11.06371784210205,-11.294702529907227,1.24318539747037e-05,0.9994542002677917
478,478,EXTERNAL_SAMPLE/0000478.png,degradation_poisoned,poisoned,1,0,1,2.604060649871826,5.813233375549316,-3.2091727256774902,0.0311374980956316,0.7709206938743591
479,479,EXTERNAL_SAMPLE/0000479.png,degradation_poisoned,poisoned,1,0,1,-1.073317289352417,11.148411750793457,-12.221729278564453,4.920013452647254e-06,0.9995300769805908
480,480,EXTERNAL_SAMPLE/0000480.png,degradation_poisoned,poisoned,1,0,1,1.8906794786453247,8.914353370666504,-7.023674011230469,0.000887144124135375,0.996178150177002
481,481,EXTERNAL_SAMPLE/0000481.png,degradation_poisoned,poisoned,1,0,1,-0.26739317178726196,14.38060188293457,-14.647994995117188,4.3495381873981387e-07,0.9999690055847168
482,482,EXTERNAL_SAMPLE/0000482.png,degradation_poisoned,poisoned,1,0,1,2.5258827209472656,7.24329948425293,-4.717416763305664,0.008708607405424118,0.9743090271949768
483,483,EXTERNAL_SAMPLE/0000483.png,degradation_poisoned,poisoned,1,0,1,2.1691479682922363,7.620565891265869,-5.451417922973633,0.003965415991842747,0.9242926239967346
484,484,EXTERNAL_SAMPLE/0000484.png,degradation_poisoned,poisoned,1,0,1,-0.6392236948013306,8.655811309814453,-9.295035362243652,9.093244443647563e-05,0.9896951913833618
485,485,EXTERNAL_SAMPLE/0000485.png,degradation_poisoned,poisoned,1,0,1,0.17473264038562775,16.940317153930664,-16.76558494567871,5.23357250870049e-08,0.9999983310699463
486,486,EXTERNAL_SAMPLE/0000486.png,degradation_poisoned,poisoned,1,0,1,2.9722259044647217,4.260818004608154,-1.2885921001434326,0.15155309438705444,0.5497854351997375
487,487,EXTERNAL_SAMPLE/0000487.png,degradation_poisoned,poisoned,1,0,1,-0.32449936866760254,6.883344650268555,-7.207843780517578,0.0007160871173255146,0.9667020440101624
488,488,EXTERNAL_SAMPLE/0000488.png,degradation_poisoned,poisoned,1,0,1,1.3970190286636353,8.282266616821289,-6.885247707366943,0.0010157499928027391,0.9931433200836182
489,489,EXTERNAL_SAMPLE/0000489.png,degradation_poisoned,poisoned,1,0,1,-0.051805078983306885,9.56393814086914,-9.615743637084961,6.636218313360587e-05,0.9953711628913879
490,490,EXTERNAL_SAMPLE/0000490.png,degradation_poisoned,poisoned,1,0,1,1.0006827116012573,12.809696197509766,-11.809013366699219,7.43629971111659e-06,0.9998761415481567
491,491,EXTERNAL_SAMPLE/0000491.png,degradation_poisoned,poisoned,1,0,1,0.9794830679893494,9.594505310058594,-8.615022659301758,0.00018087233183905482,0.9973071813583374
492,492,EXTERNAL_SAMPLE/0000492.png,degradation_poisoned,poisoned,1,0,1,3.3131487369537354,13.87979793548584,-10.566649436950684,2.5759847630979493e-05,0.9999557733535767
493,493,EXTERNAL_SAMPLE/0000493.png,degradation_poisoned,poisoned,1,0,1,1.01311457157135,9.490607261657715,-8.477492332458496,0.00020731094991788268,0.996208906173706
494,494,EXTERNAL_SAMPLE/0000494.png,degradation_poisoned,poisoned,1,0,1,1.7483066320419312,6.523407936096191,-4.775101184844971,0.007976965047419071,0.9454482793807983
495,495,EXTERNAL_SAMPLE/0000495.png,degradation_poisoned,poisoned,1,0,1,1.8264576196670532,10.897273063659668,-9.070815086364746,0.00011486458970466629,0.9990589022636414
496,496,EXTERNAL_SAMPLE/0000496.png,degradation_poisoned,poisoned,1,0,1,-0.0022546350955963135,16.612831115722656,-16.61508560180664,6.083575243565065e-08,0.9999973773956299
497,497,EXTERNAL_SAMPLE/0000497.png,degradation_poisoned,poisoned,1,0,8,4.668623447418213,3.2065038681030273,1.4621195793151855,0.2892027199268341,0.06702114641666412
498,498,EXTERNAL_SAMPLE/0000498.png,degradation_poisoned,poisoned,1,0,1,2.715474843978882,14.532761573791504,-11.817286491394043,7.3756714300543536e-06,0.9999628067016602
499,499,EXTERNAL_SAMPLE/0000499.png,degradation_poisoned,poisoned,1,0,1,4.197274684906006,10.740785598754883,-6.543510913848877,0.0014321360504254699,0.9949355721473694
500,500,EXTERNAL_SAMPLE/0000500.png,degradation_poisoned,poisoned,1,0,1,0.5575587153434753,6.005751609802246,-5.448193073272705,0.0036357035860419273,0.8447120189666748
501,501,EXTERNAL_SAMPLE/0000501.png,degradation_poisoned,poisoned,1,0,0,4.724449157714844,3.2892513275146484,1.4351978302001953,0.6002330183982849,0.14289642870426178
502,502,EXTERNAL_SAMPLE/0000502.png,degradation_poisoned,poisoned,1,0,1,2.699212074279785,6.021106719970703,-3.321894645690918,0.03094513714313507,0.8575765490531921
503,503,EXTERNAL_SAMPLE/0000503.png,degradation_poisoned,poisoned,1,0,1,-0.8530830144882202,10.786046028137207,-11.639128684997559,8.806025107332971e-06,0.9990546107292175
504,504,EXTERNAL_SAMPLE/0000504.png,degradation_poisoned,poisoned,1,0,1,3.04103422164917,9.311426162719727,-6.270391941070557,0.0018750731833279133,0.9913221597671509
505,505,EXTERNAL_SAMPLE/0000505.png,degradation_poisoned,poisoned,1,0,1,0.23335519433021545,18.30613899230957,-18.072784423828125,1.4160852046529726e-08,0.9999998807907104
506,506,EXTERNAL_SAMPLE/0000506.png,degradation_poisoned,poisoned,1,0,1,1.45065438747406,6.6177144050598145,-5.167059898376465,0.005097994115203619,0.8941799402236938
507,507,EXTERNAL_SAMPLE/0000507.png,degradation_poisoned,poisoned,1,0,1,-0.2321448177099228,13.426685333251953,-13.658829689025879,1.1695578905346338e-06,0.9999449253082275
508,508,EXTERNAL_SAMPLE/0000508.png,degradation_poisoned,poisoned,1,0,1,3.1739675998687744,12.25150203704834,-9.077534675598145,0.00011417174391681328,0.9997280240058899
509,509,EXTERNAL_SAMPLE/0000509.png,degradation_poisoned,poisoned,1,0,1,0.720319390296936,13.611858367919922,-12.891538619995117,2.519171857784386e-06,0.9999582767486572
510,510,EXTERNAL_SAMPLE/0000510.png,degradation_poisoned,poisoned,1,0,1,0.2698012590408325,8.881080627441406,-8.611279487609863,0.0001791768299881369,0.9842671751976013
511,511,EXTERNAL_SAMPLE/0000511.png,degradation_poisoned,poisoned,1,0,1,3.194601535797119,12.439981460571289,-9.245380401611328,9.65410508797504e-05,0.99983811378479
0,0,EXTERNAL_SAMPLE/0000000.png,restoration_clean,clean,0,0,0,7.517404079437256,7.517404079437256,0.0,0.9583682417869568,0.9583682417869568
1,1,EXTERNAL_SAMPLE/0000001.png,restoration_clean,clean,0,0,0,6.757489204406738,6.757489204406738,0.0,0.8851562142372131,0.8851562142372131
2,2,EXTERNAL_SAMPLE/0000002.png,restoration_clean,clean,0,0,0,12.218010902404785,12.218010902404785,0.0,0.9998492002487183,0.9998492002487183
3,3,EXTERNAL_SAMPLE/0000003.png,restoration_clean,clean,0,0,0,10.043975830078125,10.043975830078125,0.0,0.9834387898445129,0.9834387898445129
4,4,EXTERNAL_SAMPLE/0000004.png,restoration_clean,clean,0,0,0,7.662384986877441,7.662384986877441,0.0,0.9823744893074036,0.9823744893074036
5,5,EXTERNAL_SAMPLE/0000005.png,restoration_clean,clean,0,0,0,9.165816307067871,9.165816307067871,0.0,0.9977859258651733,0.9977859258651733
6,6,EXTERNAL_SAMPLE/0000006.png,restoration_clean,clean,0,0,2,4.382541179656982,4.382541179656982,0.0,0.36343684792518616,0.36343684792518616
7,7,EXTERNAL_SAMPLE/0000007.png,restoration_clean,clean,0,0,0,11.184091567993164,11.184091567993164,0.0,0.9969509840011597,0.9969509840011597
8,8,EXTERNAL_SAMPLE/0000008.png,restoration_clean,clean,0,0,0,14.740440368652344,14.740440368652344,0.0,0.9999866485595703,0.9999866485595703
9,9,EXTERNAL_SAMPLE/0000009.png,restoration_clean,clean,0,0,0,9.461549758911133,9.461549758911133,0.0,0.9968292117118835,0.9968292117118835
10,10,EXTERNAL_SAMPLE/0000010.png,restoration_clean,clean,0,0,0,8.782837867736816,8.782837867736816,0.0,0.9740037322044373,0.9740037322044373
11,11,EXTERNAL_SAMPLE/0000011.png,restoration_clean,clean,0,0,0,5.83980131149292,5.83980131149292,0.0,0.7844006419181824,0.7844006419181824
12,12,EXTERNAL_SAMPLE/0000012.png,restoration_clean,clean,0,0,0,7.550889015197754,7.550889015197754,0.0,0.9678356647491455,0.9678356647491455
13,13,EXTERNAL_SAMPLE/0000013.png,restoration_clean,clean,0,0,0,11.121732711791992,11.121732711791992,0.0,0.998219907283783,0.998219907283783
14,14,EXTERNAL_SAMPLE/0000014.png,restoration_clean,clean,0,0,0,16.556121826171875,16.556121826171875,0.0,0.999991774559021,0.999991774559021
15,15,EXTERNAL_SAMPLE/0000015.png,restoration_clean,clean,0,0,0,11.69428825378418,11.69428825378418,0.0,0.9993164539337158,0.9993164539337158
16,16,EXTERNAL_SAMPLE/0000016.png,restoration_clean,clean,0,0,3,3.7980434894561768,3.7980434894561768,0.0,0.19514429569244385,0.19514429569244385
17,17,EXTERNAL_SAMPLE/0000017.png,restoration_clean,clean,0,0,0,9.290016174316406,9.290016174316406,0.0,0.9923847913742065,0.9923847913742065
18,18,EXTERNAL_SAMPLE/0000018.png,restoration_clean,clean,0,0,0,10.47296142578125,10.47296142578125,0.0,0.9962891340255737,0.9962891340255737
19,19,EXTERNAL_SAMPLE/0000019.png,restoration_clean,clean,0,0,0,7.831092357635498,7.831092357635498,0.0,0.7647786736488342,0.7647786736488342
20,20,EXTERNAL_SAMPLE/0000020.png,restoration_clean,clean,0,0,0,16.444822311401367,16.444822311401367,0.0,0.9999940395355225,0.9999940395355225
21,21,EXTERNAL_SAMPLE/0000021.png,restoration_clean,clean,0,0,3,2.653925657272339,2.653925657272339,0.0,0.11332894116640091,0.11332894116640091
22,22,EXTERNAL_SAMPLE/0000022.png,restoration_clean,clean,0,0,0,7.110353946685791,7.110353946685791,0.0,0.9629716873168945,0.9629716873168945
23,23,EXTERNAL_SAMPLE/0000023.png,restoration_clean,clean,0,0,0,7.570010185241699,7.570010185241699,0.0,0.8094152212142944,0.8094152212142944
24,24,EXTERNAL_SAMPLE/0000024.png,restoration_clean,clean,0,0,0,7.169706344604492,7.169706344604492,0.0,0.5601337552070618,0.5601337552070618
25,25,EXTERNAL_SAMPLE/0000025.png,restoration_clean,clean,0,0,0,11.670012474060059,11.670012474060059,0.0,0.9910702705383301,0.9910702705383301
26,26,EXTERNAL_SAMPLE/0000026.png,restoration_clean,clean,0,0,3,4.212855339050293,4.212855339050293,0.0,0.00931212492287159,0.00931212492287159
27,27,EXTERNAL_SAMPLE/0000027.png,restoration_clean,clean,0,0,0,10.590943336486816,10.590943336486816,0.0,0.9987497329711914,0.9987497329711914
28,28,EXTERNAL_SAMPLE/0000028.png,restoration_clean,clean,0,0,0,8.600549697875977,8.600549697875977,0.0,0.9788730144500732,0.9788730144500732
29,29,EXTERNAL_SAMPLE/0000029.png,restoration_clean,clean,0,0,0,11.78338623046875,11.78338623046875,0.0,0.9995786547660828,0.9995786547660828
30,30,EXTERNAL_SAMPLE/0000030.png,restoration_clean,clean,0,0,0,11.99697494506836,11.99697494506836,0.0,0.9998072981834412,0.9998072981834412
31,31,EXTERNAL_SAMPLE/0000031.png,restoration_clean,clean,0,0,4,6.163614749908447,6.163614749908447,0.0,0.17962799966335297,0.17962799966335297
32,32,EXTERNAL_SAMPLE/0000032.png,restoration_clean,clean,0,0,0,8.431573867797852,8.431573867797852,0.0,0.9881298542022705,0.9881298542022705
33,33,EXTERNAL_SAMPLE/0000033.png,restoration_clean,clean,0,0,0,7.9850945472717285,7.9850945472717285,0.0,0.9871434569358826,0.9871434569358826
34,34,EXTERNAL_SAMPLE/0000034.png,restoration_clean,clean,0,0,2,1.607700228691101,1.607700228691101,0.0,0.0009552751434966922,0.0009552751434966922
35,35,EXTERNAL_SAMPLE/0000035.png,restoration_clean,clean,0,0,0,9.085931777954102,9.085931777954102,0.0,0.994209885597229,0.994209885597229
36,36,EXTERNAL_SAMPLE/0000036.png,restoration_clean,clean,0,0,0,12.618471145629883,12.618471145629883,0.0,0.9998288154602051,0.9998288154602051
37,37,EXTERNAL_SAMPLE/0000037.png,restoration_clean,clean,0,0,0,5.760820388793945,5.760820388793945,0.0,0.7970921397209167,0.7970921397209167
38,38,EXTERNAL_SAMPLE/0000038.png,restoration_clean,clean,0,0,0,10.946761131286621,10.946761131286621,0.0,0.9993209838867188,0.9993209838867188
39,39,EXTERNAL_SAMPLE/0000039.png,restoration_clean,clean,0,0,0,14.611088752746582,14.611088752746582,0.0,0.9999667406082153,0.9999667406082153
40,40,EXTERNAL_SAMPLE/0000040.png,restoration_clean,clean,0,0,0,10.52597427368164,10.52597427368164,0.0,0.9984865188598633,0.9984865188598633
41,41,EXTERNAL_SAMPLE/0000041.png,restoration_clean,clean,0,0,0,8.163642883300781,8.163642883300781,0.0,0.8778612613677979,0.8778612613677979
42,42,EXTERNAL_SAMPLE/0000042.png,restoration_clean,clean,0,0,0,15.319162368774414,15.319162368774414,0.0,0.9999896287918091,0.9999896287918091
43,43,EXTERNAL_SAMPLE/0000043.png,restoration_clean,clean,0,0,0,9.331611633300781,9.331611633300781,0.0,0.9926854372024536,0.9926854372024536
44,44,EXTERNAL_SAMPLE/0000044.png,restoration_clean,clean,0,0,8,3.1510469913482666,3.1510469913482666,0.0,0.248163640499115,0.248163640499115
45,45,EXTERNAL_SAMPLE/0000045.png,restoration_clean,clean,0,0,0,9.19453239440918,9.19453239440918,0.0,0.9162201881408691,0.9162201881408691
46,46,EXTERNAL_SAMPLE/0000046.png,restoration_clean,clean,0,0,0,9.568318367004395,9.568318367004395,0.0,0.998282790184021,0.998282790184021
47,47,EXTERNAL_SAMPLE/0000047.png,restoration_clean,clean,0,0,0,7.858652591705322,7.858652591705322,0.0,0.9806656241416931,0.9806656241416931
48,48,EXTERNAL_SAMPLE/0000048.png,restoration_clean,clean,0,0,0,11.72476863861084,11.72476863861084,0.0,0.9951340556144714,0.9951340556144714
49,49,EXTERNAL_SAMPLE/0000049.png,restoration_clean,clean,0,0,0,6.221358776092529,6.221358776092529,0.0,0.8711414933204651,0.8711414933204651
50,50,EXTERNAL_SAMPLE/0000050.png,restoration_clean,clean,0,0,0,10.662117958068848,10.662117958068848,0.0,0.9987700581550598,0.9987700581550598
51,51,EXTERNAL_SAMPLE/0000051.png,restoration_clean,clean,0,0,0,9.181122779846191,9.181122779846191,0.0,0.9943506717681885,0.9943506717681885
52,52,EXTERNAL_SAMPLE/0000052.png,restoration_clean,clean,0,0,0,11.945780754089355,11.945780754089355,0.0,0.9997443556785583,0.9997443556785583
53,53,EXTERNAL_SAMPLE/0000053.png,restoration_clean,clean,0,0,3,4.481976509094238,4.481976509094238,0.0,0.2522751986980438,0.2522751986980438
54,54,EXTERNAL_SAMPLE/0000054.png,restoration_clean,clean,0,0,0,10.448505401611328,10.448505401611328,0.0,0.996560275554657,0.996560275554657
55,55,EXTERNAL_SAMPLE/0000055.png,restoration_clean,clean,0,0,0,12.87167739868164,12.87167739868164,0.0,0.9999268054962158,0.9999268054962158
56,56,EXTERNAL_SAMPLE/0000056.png,restoration_clean,clean,0,0,0,6.782368183135986,6.782368183135986,0.0,0.9350680708885193,0.9350680708885193
57,57,EXTERNAL_SAMPLE/0000057.png,restoration_clean,clean,0,0,0,5.711480140686035,5.711480140686035,0.0,0.6034102439880371,0.6034102439880371
58,58,EXTERNAL_SAMPLE/0000058.png,restoration_clean,clean,0,0,3,5.083100318908691,5.083100318908691,0.0,0.13155891001224518,0.13155891001224518
59,59,EXTERNAL_SAMPLE/0000059.png,restoration_clean,clean,0,0,4,1.075109839439392,1.075109839439392,0.0,0.011583792977035046,0.011583792977035046
60,60,EXTERNAL_SAMPLE/0000060.png,restoration_clean,clean,0,0,0,9.047249794006348,9.047249794006348,0.0,0.9910693168640137,0.9910693168640137
61,61,EXTERNAL_SAMPLE/0000061.png,restoration_clean,clean,0,0,0,8.34311580657959,8.34311580657959,0.0,0.9674867987632751,0.9674867987632751
62,62,EXTERNAL_SAMPLE/0000062.png,restoration_clean,clean,0,0,0,8.507501602172852,8.507501602172852,0.0,0.9937273263931274,0.9937273263931274
63,63,EXTERNAL_SAMPLE/0000063.png,restoration_clean,clean,0,0,0,5.830593109130859,5.830593109130859,0.0,0.6996548771858215,0.6996548771858215
64,64,EXTERNAL_SAMPLE/0000064.png,restoration_clean,clean,0,0,0,10.98971176147461,10.98971176147461,0.0,0.9993388056755066,0.9993388056755066
65,65,EXTERNAL_SAMPLE/0000065.png,restoration_clean,clean,0,0,0,9.570476531982422,9.570476531982422,0.0,0.9963974356651306,0.9963974356651306
66,66,EXTERNAL_SAMPLE/0000066.png,restoration_clean,clean,0,0,0,7.3022780418396,7.3022780418396,0.0,0.7220487594604492,0.7220487594604492
67,67,EXTERNAL_SAMPLE/0000067.png,restoration_clean,clean,0,0,0,5.262034893035889,5.262034893035889,0.0,0.504463255405426,0.504463255405426
68,68,EXTERNAL_SAMPLE/0000068.png,restoration_clean,clean,0,0,0,13.658482551574707,13.658482551574707,0.0,0.9999250173568726,0.9999250173568726
69,69,EXTERNAL_SAMPLE/0000069.png,restoration_clean,clean,0,0,0,9.10183334350586,9.10183334350586,0.0,0.9972169399261475,0.9972169399261475
70,70,EXTERNAL_SAMPLE/0000070.png,restoration_clean,clean,0,0,0,10.332504272460938,10.332504272460938,0.0,0.9986810088157654,0.9986810088157654
71,71,EXTERNAL_SAMPLE/0000071.png,restoration_clean,clean,0,0,4,2.3267595767974854,2.3267595767974854,0.0,0.010558734647929668,0.010558734647929668
72,72,EXTERNAL_SAMPLE/0000072.png,restoration_clean,clean,0,0,0,14.48587703704834,14.48587703704834,0.0,0.9999613761901855,0.9999613761901855
73,73,EXTERNAL_SAMPLE/0000073.png,restoration_clean,clean,0,0,0,6.934994220733643,6.934994220733643,0.0,0.9489790797233582,0.9489790797233582
74,74,EXTERNAL_SAMPLE/0000074.png,restoration_clean,clean,0,0,0,8.492310523986816,8.492310523986816,0.0,0.9871851801872253,0.9871851801872253
75,75,EXTERNAL_SAMPLE/0000075.png,restoration_clean,clean,0,0,0,8.146927833557129,8.146927833557129,0.0,0.9810442328453064,0.9810442328453064
76,76,EXTERNAL_SAMPLE/0000076.png,restoration_clean,clean,0,0,0,15.685522079467773,15.685522079467773,0.0,0.999991774559021,0.999991774559021
77,77,EXTERNAL_SAMPLE/0000077.png,restoration_clean,clean,0,0,0,9.880716323852539,9.880716323852539,0.0,0.9985995888710022,0.9985995888710022
78,78,EXTERNAL_SAMPLE/0000078.png,restoration_clean,clean,0,0,0,14.91030216217041,14.91030216217041,0.0,0.9999921321868896,0.9999921321868896
79,79,EXTERNAL_SAMPLE/0000079.png,restoration_clean,clean,0,0,0,15.078990936279297,15.078990936279297,0.0,0.9999902248382568,0.9999902248382568
80,80,EXTERNAL_SAMPLE/0000080.png,restoration_clean,clean,0,0,0,11.478952407836914,11.478952407836914,0.0,0.9995560050010681,0.9995560050010681
81,81,EXTERNAL_SAMPLE/0000081.png,restoration_clean,clean,0,0,0,9.508854866027832,9.508854866027832,0.0,0.9967946410179138,0.9967946410179138
82,82,EXTERNAL_SAMPLE/0000082.png,restoration_clean,clean,0,0,0,6.244009494781494,6.244009494781494,0.0,0.851739764213562,0.851739764213562
83,83,EXTERNAL_SAMPLE/0000083.png,restoration_clean,clean,0,0,0,10.614426612854004,10.614426612854004,0.0,0.9984728693962097,0.9984728693962097
84,84,EXTERNAL_SAMPLE/0000084.png,restoration_clean,clean,0,0,0,12.321123123168945,12.321123123168945,0.0,0.9998656511306763,0.9998656511306763
85,85,EXTERNAL_SAMPLE/0000085.png,restoration_clean,clean,0,0,0,12.404061317443848,12.404061317443848,0.0,0.9990288019180298,0.9990288019180298
86,86,EXTERNAL_SAMPLE/0000086.png,restoration_clean,clean,0,0,0,8.279973030090332,8.279973030090332,0.0,0.9085875153541565,0.9085875153541565
87,87,EXTERNAL_SAMPLE/0000087.png,restoration_clean,clean,0,0,0,8.97826099395752,8.97826099395752,0.0,0.9926890730857849,0.9926890730857849
88,88,EXTERNAL_SAMPLE/0000088.png,restoration_clean,clean,0,0,0,9.88300609588623,9.88300609588623,0.0,0.9967488050460815,0.9967488050460815
89,89,EXTERNAL_SAMPLE/0000089.png,restoration_clean,clean,0,0,0,10.319746971130371,10.319746971130371,0.0,0.9988524913787842,0.9988524913787842
90,90,EXTERNAL_SAMPLE/0000090.png,restoration_clean,clean,0,0,0,6.2164626121521,6.2164626121521,0.0,0.6945710778236389,0.6945710778236389
91,91,EXTERNAL_SAMPLE/0000091.png,restoration_clean,clean,0,0,0,9.874557495117188,9.874557495117188,0.0,0.9858973026275635,0.9858973026275635
92,92,EXTERNAL_SAMPLE/0000092.png,restoration_clean,clean,0,0,0,6.629049777984619,6.629049777984619,0.0,0.9172592163085938,0.9172592163085938
93,93,EXTERNAL_SAMPLE/0000093.png,restoration_clean,clean,0,0,0,5.423682689666748,5.423682689666748,0.0,0.8589873313903809,0.8589873313903809
94,94,EXTERNAL_SAMPLE/0000094.png,restoration_clean,clean,0,0,4,3.7282893657684326,3.7282893657684326,0.0,0.2461974173784256,0.2461974173784256
95,95,EXTERNAL_SAMPLE/0000095.png,restoration_clean,clean,0,0,3,3.9534897804260254,3.9534897804260254,0.0,0.2011134773492813,0.2011134773492813
96,96,EXTERNAL_SAMPLE/0000096.png,restoration_clean,clean,0,0,0,11.991348266601562,11.991348266601562,0.0,0.9996969699859619,0.9996969699859619
97,97,EXTERNAL_SAMPLE/0000097.png,restoration_clean,clean,0,0,0,9.862741470336914,9.862741470336914,0.0,0.9970967769622803,0.9970967769622803
98,98,EXTERNAL_SAMPLE/0000098.png,restoration_clean,clean,0,0,0,6.251936435699463,6.251936435699463,0.0,0.9165021777153015,0.9165021777153015
99,99,EXTERNAL_SAMPLE/0000099.png,restoration_clean,clean,0,0,0,6.153118133544922,6.153118133544922,0.0,0.6518130898475647,0.6518130898475647
100,100,EXTERNAL_SAMPLE/0000100.png,restoration_clean,clean,0,0,0,5.242536544799805,5.242536544799805,0.0,0.570359468460083,0.570359468460083
101,101,EXTERNAL_SAMPLE/0000101.png,restoration_clean,clean,0,0,4,2.9120285511016846,2.9120285511016846,0.0,0.1364363431930542,0.1364363431930542
102,102,EXTERNAL_SAMPLE/0000102.png,restoration_clean,clean,0,0,0,12.693788528442383,12.693788528442383,0.0,0.9996262788772583,0.9996262788772583
103,103,EXTERNAL_SAMPLE/0000103.png,restoration_clean,clean,0,0,0,18.11886215209961,18.11886215209961,0.0,0.9999997615814209,0.9999997615814209
104,104,EXTERNAL_SAMPLE/0000104.png,restoration_clean,clean,0,0,0,12.530852317810059,12.530852317810059,0.0,0.9988709092140198,0.9988709092140198
105,105,EXTERNAL_SAMPLE/0000105.png,restoration_clean,clean,0,0,0,6.825296401977539,6.825296401977539,0.0,0.9530021548271179,0.9530021548271179
106,106,EXTERNAL_SAMPLE/0000106.png,restoration_clean,clean,0,0,3,6.148251533508301,6.148251533508301,0.0,0.10664758831262589,0.10664758831262589
107,107,EXTERNAL_SAMPLE/0000107.png,restoration_clean,clean,0,0,0,13.540925979614258,13.540925979614258,0.0,0.9999667406082153,0.9999667406082153
108,108,EXTERNAL_SAMPLE/0000108.png,restoration_clean,clean,0,0,0,10.722532272338867,10.722532272338867,0.0,0.9956046342849731,0.9956046342849731
109,109,EXTERNAL_SAMPLE/0000109.png,restoration_clean,clean,0,0,1,5.61825704574585,5.61825704574585,0.0,0.11868943274021149,0.11868943274021149
110,110,EXTERNAL_SAMPLE/0000110.png,restoration_clean,clean,0,0,0,7.803722381591797,7.803722381591797,0.0,0.977303683757782,0.977303683757782
111,111,EXTERNAL_SAMPLE/0000111.png,restoration_clean,clean,0,0,3,4.137151718139648,4.137151718139648,0.0,0.30620473623275757,0.30620473623275757
112,112,EXTERNAL_SAMPLE/0000112.png,restoration_clean,clean,0,0,0,12.92936897277832,12.92936897277832,0.0,0.999873161315918,0.999873161315918
113,113,EXTERNAL_SAMPLE/0000113.png,restoration_clean,clean,0,0,3,2.2680110931396484,2.2680110931396484,0.0,0.1273012012243271,0.1273012012243271
114,114,EXTERNAL_SAMPLE/0000114.png,restoration_clean,clean,0,0,0,10.65980052947998,10.65980052947998,0.0,0.9994940757751465,0.9994940757751465
115,115,EXTERNAL_SAMPLE/0000115.png,restoration_clean,clean,0,0,0,12.082341194152832,12.082341194152832,0.0,0.999725878238678,0.999725878238678
116,116,EXTERNAL_SAMPLE/0000116.png,restoration_clean,clean,0,0,0,7.929357051849365,7.929357051849365,0.0,0.9718526005744934,0.9718526005744934
117,117,EXTERNAL_SAMPLE/0000117.png,restoration_clean,clean,0,0,0,8.33243179321289,8.33243179321289,0.0,0.9695881605148315,0.9695881605148315
118,118,EXTERNAL_SAMPLE/0000118.png,restoration_clean,clean,0,0,0,5.685154914855957,5.685154914855957,0.0,0.5003213286399841,0.5003213286399841
119,119,EXTERNAL_SAMPLE/0000119.png,restoration_clean,clean,0,0,0,11.857442855834961,11.857442855834961,0.0,0.9996753931045532,0.9996753931045532
120,120,EXTERNAL_SAMPLE/0000120.png,restoration_clean,clean,0,0,0,8.941326141357422,8.941326141357422,0.0,0.9823549389839172,0.9823549389839172
121,121,EXTERNAL_SAMPLE/0000121.png,restoration_clean,clean,0,0,0,12.345819473266602,12.345819473266602,0.0,0.9996366500854492,0.9996366500854492
122,122,EXTERNAL_SAMPLE/0000122.png,restoration_clean,clean,0,0,0,13.677789688110352,13.677789688110352,0.0,0.9999760389328003,0.9999760389328003
123,123,EXTERNAL_SAMPLE/0000123.png,restoration_clean,clean,0,0,0,8.33976936340332,8.33976936340332,0.0,0.8874447345733643,0.8874447345733643
124,124,EXTERNAL_SAMPLE/0000124.png,restoration_clean,clean,0,0,0,7.568699359893799,7.568699359893799,0.0,0.9535349011421204,0.9535349011421204
125,125,EXTERNAL_SAMPLE/0000125.png,restoration_clean,clean,0,0,0,10.609042167663574,10.609042167663574,0.0,0.9971541166305542,0.9971541166305542
126,126,EXTERNAL_SAMPLE/0000126.png,restoration_clean,clean,0,0,0,9.497437477111816,9.497437477111816,0.0,0.992405354976654,0.992405354976654
127,127,EXTERNAL_SAMPLE/0000127.png,restoration_clean,clean,0,0,0,6.41608190536499,6.41608190536499,0.0,0.9362831115722656,0.9362831115722656
128,128,EXTERNAL_SAMPLE/0000128.png,restoration_clean,clean,0,0,0,11.549015045166016,11.549015045166016,0.0,0.9992903470993042,0.9992903470993042
129,129,EXTERNAL_SAMPLE/0000129.png,restoration_clean,clean,0,0,0,10.247332572937012,10.247332572937012,0.0,0.9982998967170715,0.9982998967170715
130,130,EXTERNAL_SAMPLE/0000130.png,restoration_clean,clean,0,0,0,7.738707065582275,7.738707065582275,0.0,0.9076961278915405,0.9076961278915405
131,131,EXTERNAL_SAMPLE/0000131.png,restoration_clean,clean,0,0,0,12.111310958862305,12.111310958862305,0.0,0.9998847246170044,0.9998847246170044
132,132,EXTERNAL_SAMPLE/0000132.png,restoration_clean,clean,0,0,0,3.147069215774536,3.147069215774536,0.0,0.2926296591758728,0.2926296591758728
133,133,EXTERNAL_SAMPLE/0000133.png,restoration_clean,clean,0,0,0,10.300899505615234,10.300899505615234,0.0,0.9983452558517456,0.9983452558517456
134,134,EXTERNAL_SAMPLE/0000134.png,restoration_clean,clean,0,0,0,7.1981892585754395,7.1981892585754395,0.0,0.9582616090774536,0.9582616090774536
135,135,EXTERNAL_SAMPLE/0000135.png,restoration_clean,clean,0,0,0,12.016507148742676,12.016507148742676,0.0,0.9997932314872742,0.9997932314872742
136,136,EXTERNAL_SAMPLE/0000136.png,restoration_clean,clean,0,0,0,10.847633361816406,10.847633361816406,0.0,0.9826769232749939,0.9826769232749939
137,137,EXTERNAL_SAMPLE/0000137.png,restoration_clean,clean,0,0,0,8.753703117370605,8.753703117370605,0.0,0.9938676953315735,0.9938676953315735
138,138,EXTERNAL_SAMPLE/0000138.png,restoration_clean,clean,0,0,0,6.917782783508301,6.917782783508301,0.0,0.9319869875907898,0.9319869875907898
139,139,EXTERNAL_SAMPLE/0000139.png,restoration_clean,clean,0,0,4,6.0963006019592285,6.0963006019592285,0.0,0.24268388748168945,0.24268388748168945
140,140,EXTERNAL_SAMPLE/0000140.png,restoration_clean,clean,0,0,3,4.168248653411865,4.168248653411865,0.0,0.3148019015789032,0.3148019015789032
141,141,EXTERNAL_SAMPLE/0000141.png,restoration_clean,clean,0,0,0,5.281942367553711,5.281942367553711,0.0,0.8043642044067383,0.8043642044067383
142,142,EXTERNAL_SAMPLE/0000142.png,restoration_clean,clean,0,0,0,14.415929794311523,14.415929794311523,0.0,0.9999798536300659,0.9999798536300659
143,143,EXTERNAL_SAMPLE/0000143.png,restoration_clean,clean,0,0,0,8.825484275817871,8.825484275817871,0.0,0.9916102290153503,0.9916102290153503
144,144,EXTERNAL_SAMPLE/0000144.png,restoration_clean,clean,0,0,0,11.66595458984375,11.66595458984375,0.0,0.9977407455444336,0.9977407455444336
145,145,EXTERNAL_SAMPLE/0000145.png,restoration_clean,clean,0,0,0,7.137462139129639,7.137462139129639,0.0,0.675200343132019,0.675200343132019
146,146,EXTERNAL_SAMPLE/0000146.png,restoration_clean,clean,0,0,3,3.6514158248901367,3.6514158248901367,0.0,0.3296840488910675,0.3296840488910675
147,147,EXTERNAL_SAMPLE/0000147.png,restoration_clean,clean,0,0,0,5.177770137786865,5.177770137786865,0.0,0.5455560684204102,0.5455560684204102
148,148,EXTERNAL_SAMPLE/0000148.png,restoration_clean,clean,0,0,0,8.916826248168945,8.916826248168945,0.0,0.995537519454956,0.995537519454956
149,149,EXTERNAL_SAMPLE/0000149.png,restoration_clean,clean,0,0,3,6.478346824645996,6.478346824645996,0.0,0.3611378073692322,0.3611378073692322
150,150,EXTERNAL_SAMPLE/0000150.png,restoration_clean,clean,0,0,0,8.220076560974121,8.220076560974121,0.0,0.9597921371459961,0.9597921371459961
151,151,EXTERNAL_SAMPLE/0000151.png,restoration_clean,clean,0,0,0,6.291733741760254,6.291733741760254,0.0,0.9144752025604248,0.9144752025604248
152,152,EXTERNAL_SAMPLE/0000152.png,restoration_clean,clean,0,0,0,12.032296180725098,12.032296180725098,0.0,0.9995689988136292,0.9995689988136292
153,153,EXTERNAL_SAMPLE/0000153.png,restoration_clean,clean,0,0,3,3.1282219886779785,3.1282219886779785,0.0,0.03962433710694313,0.03962433710694313
154,154,EXTERNAL_SAMPLE/0000154.png,restoration_clean,clean,0,0,0,7.0797882080078125,7.0797882080078125,0.0,0.8018888831138611,0.8018888831138611
155,155,EXTERNAL_SAMPLE/0000155.png,restoration_clean,clean,0,0,0,9.24561882019043,9.24561882019043,0.0,0.9908343553543091,0.9908343553543091
156,156,EXTERNAL_SAMPLE/0000156.png,restoration_clean,clean,0,0,0,9.879190444946289,9.879190444946289,0.0,0.9975025057792664,0.9975025057792664
157,157,EXTERNAL_SAMPLE/0000157.png,restoration_clean,clean,0,0,0,7.052254676818848,7.052254676818848,0.0,0.978274405002594,0.978274405002594
158,158,EXTERNAL_SAMPLE/0000158.png,restoration_clean,clean,0,0,0,8.906904220581055,8.906904220581055,0.0,0.9925814867019653,0.9925814867019653
159,159,EXTERNAL_SAMPLE/0000159.png,restoration_clean,clean,0,0,0,3.478351354598999,3.478351354598999,0.0,0.364653617143631,0.364653617143631
160,160,EXTERNAL_SAMPLE/0000160.png,restoration_clean,clean,0,0,4,4.207441806793213,4.207441806793213,0.0,0.18839964270591736,0.18839964270591736
161,161,EXTERNAL_SAMPLE/0000161.png,restoration_clean,clean,0,0,1,3.5270440578460693,3.5270440578460693,0.0,0.10726692527532578,0.10726692527532578
162,162,EXTERNAL_SAMPLE/0000162.png,restoration_clean,clean,0,0,3,3.4049770832061768,3.4049770832061768,0.0,0.07037770003080368,0.07037770003080368
163,163,EXTERNAL_SAMPLE/0000163.png,restoration_clean,clean,0,0,0,6.433188438415527,6.433188438415527,0.0,0.5848093032836914,0.5848093032836914
164,164,EXTERNAL_SAMPLE/0000164.png,restoration_clean,clean,0,0,0,7.423192501068115,7.423192501068115,0.0,0.9716470837593079,0.9716470837593079
165,165,EXTERNAL_SAMPLE/0000165.png,restoration_clean,clean,0,0,0,4.529313087463379,4.529313087463379,0.0,0.6535580158233643,0.6535580158233643
166,166,EXTERNAL_SAMPLE/0000166.png,restoration_clean,clean,0,0,0,4.432950973510742,4.432950973510742,0.0,0.517812967300415,0.517812967300415
167,167,EXTERNAL_SAMPLE/0000167.png,restoration_clean,clean,0,0,3,6.5310378074646,6.5310378074646,0.0,0.3049362599849701,0.3049362599849701
168,168,EXTERNAL_SAMPLE/0000168.png,restoration_clean,clean,0,0,0,11.33594799041748,11.33594799041748,0.0,0.9992641806602478,0.9992641806602478
169,169,EXTERNAL_SAMPLE/0000169.png,restoration_clean,clean,0,0,0,7.5653791427612305,7.5653791427612305,0.0,0.961017906665802,0.961017906665802
170,170,EXTERNAL_SAMPLE/0000170.png,restoration_clean,clean,0,0,0,7.980224132537842,7.980224132537842,0.0,0.9166784882545471,0.9166784882545471
171,171,EXTERNAL_SAMPLE/0000171.png,restoration_clean,clean,0,0,0,5.073081016540527,5.073081016540527,0.0,0.7618318200111389,0.7618318200111389
172,172,EXTERNAL_SAMPLE/0000172.png,restoration_clean,clean,0,0,0,10.970898628234863,10.970898628234863,0.0,0.9992903470993042,0.9992903470993042
173,173,EXTERNAL_SAMPLE/0000173.png,restoration_clean,clean,0,0,3,4.763415336608887,4.763415336608887,0.0,0.30046799778938293,0.30046799778938293
174,174,EXTERNAL_SAMPLE/0000174.png,restoration_clean,clean,0,0,4,2.434933662414551,2.434933662414551,0.0,0.15826696157455444,0.15826696157455444
175,175,EXTERNAL_SAMPLE/0000175.png,restoration_clean,clean,0,0,0,10.097087860107422,10.097087860107422,0.0,0.997326135635376,0.997326135635376
176,176,EXTERNAL_SAMPLE/0000176.png,restoration_clean,clean,0,0,0,8.881647109985352,8.881647109985352,0.0,0.9521343111991882,0.9521343111991882
177,177,EXTERNAL_SAMPLE/0000177.png,restoration_clean,clean,0,0,0,9.521635055541992,9.521635055541992,0.0,0.9969872832298279,0.9969872832298279
178,178,EXTERNAL_SAMPLE/0000178.png,restoration_clean,clean,0,0,0,9.771716117858887,9.771716117858887,0.0,0.998017430305481,0.998017430305481
179,179,EXTERNAL_SAMPLE/0000179.png,restoration_clean,clean,0,0,0,10.759007453918457,10.759007453918457,0.0,0.9970393776893616,0.9970393776893616
180,180,EXTERNAL_SAMPLE/0000180.png,restoration_clean,clean,0,0,0,7.097329139709473,7.097329139709473,0.0,0.9426426291465759,0.9426426291465759
181,181,EXTERNAL_SAMPLE/0000181.png,restoration_clean,clean,0,0,0,10.139971733093262,10.139971733093262,0.0,0.9954046010971069,0.9954046010971069
182,182,EXTERNAL_SAMPLE/0000182.png,restoration_clean,clean,0,0,0,7.392452716827393,7.392452716827393,0.0,0.9779766201972961,0.9779766201972961
183,183,EXTERNAL_SAMPLE/0000183.png,restoration_clean,clean,0,0,0,11.288132667541504,11.288132667541504,0.0,0.9995524287223816,0.9995524287223816
184,184,EXTERNAL_SAMPLE/0000184.png,restoration_clean,clean,0,0,0,9.19884204864502,9.19884204864502,0.0,0.9922985434532166,0.9922985434532166
185,185,EXTERNAL_SAMPLE/0000185.png,restoration_clean,clean,0,0,0,6.300604820251465,6.300604820251465,0.0,0.8910853266716003,0.8910853266716003
186,186,EXTERNAL_SAMPLE/0000186.png,restoration_clean,clean,0,0,0,12.619240760803223,12.619240760803223,0.0,0.9994401335716248,0.9994401335716248
187,187,EXTERNAL_SAMPLE/0000187.png,restoration_clean,clean,0,0,0,8.670758247375488,8.670758247375488,0.0,0.9963071346282959,0.9963071346282959
188,188,EXTERNAL_SAMPLE/0000188.png,restoration_clean,clean,0,0,0,3.5493104457855225,3.5493104457855225,0.0,0.3898089826107025,0.3898089826107025
189,189,EXTERNAL_SAMPLE/0000189.png,restoration_clean,clean,0,0,3,2.6755359172821045,2.6755359172821045,0.0,0.058058563619852066,0.058058563619852066
190,190,EXTERNAL_SAMPLE/0000190.png,restoration_clean,clean,0,0,0,7.203064441680908,7.203064441680908,0.0,0.898684024810791,0.898684024810791
191,191,EXTERNAL_SAMPLE/0000191.png,restoration_clean,clean,0,0,0,8.97767162322998,8.97767162322998,0.0,0.9831281900405884,0.9831281900405884
192,192,EXTERNAL_SAMPLE/0000192.png,restoration_clean,clean,0,0,0,5.172939300537109,5.172939300537109,0.0,0.5519502758979797,0.5519502758979797
193,193,EXTERNAL_SAMPLE/0000193.png,restoration_clean,clean,0,0,0,5.860794544219971,5.860794544219971,0.0,0.6798483729362488,0.6798483729362488
194,194,EXTERNAL_SAMPLE/0000194.png,restoration_clean,clean,0,0,0,13.214041709899902,13.214041709899902,0.0,0.9999086856842041,0.9999086856842041
195,195,EXTERNAL_SAMPLE/0000195.png,restoration_clean,clean,0,0,4,4.165395259857178,4.165395259857178,0.0,0.19551923871040344,0.19551923871040344
196,196,EXTERNAL_SAMPLE/0000196.png,restoration_clean,clean,0,0,0,5.912666320800781,5.912666320800781,0.0,0.6853684186935425,0.6853684186935425
197,197,EXTERNAL_SAMPLE/0000197.png,restoration_clean,clean,0,0,0,11.355498313903809,11.355498313903809,0.0,0.995680570602417,0.995680570602417
198,198,EXTERNAL_SAMPLE/0000198.png,restoration_clean,clean,0,0,0,9.730376243591309,9.730376243591309,0.0,0.9967766404151917,0.9967766404151917
199,199,EXTERNAL_SAMPLE/0000199.png,restoration_clean,clean,0,0,3,3.6218783855438232,3.6218783855438232,0.0,0.2843252718448639,0.2843252718448639
200,200,EXTERNAL_SAMPLE/0000200.png,restoration_clean,clean,0,0,0,7.508377552032471,7.508377552032471,0.0,0.981916069984436,0.981916069984436
201,201,EXTERNAL_SAMPLE/0000201.png,restoration_clean,clean,0,0,1,5.577970504760742,5.577970504760742,0.0,0.4043617844581604,0.4043617844581604
202,202,EXTERNAL_SAMPLE/0000202.png,restoration_clean,clean,0,0,0,12.495360374450684,12.495360374450684,0.0,0.9997791647911072,0.9997791647911072
203,203,EXTERNAL_SAMPLE/0000203.png,restoration_clean,clean,0,0,0,12.408992767333984,12.408992767333984,0.0,0.9997988343238831,0.9997988343238831
204,204,EXTERNAL_SAMPLE/0000204.png,restoration_clean,clean,0,0,3,6.533858299255371,6.533858299255371,0.0,0.41708865761756897,0.41708865761756897
205,205,EXTERNAL_SAMPLE/0000205.png,restoration_clean,clean,0,0,0,6.507416248321533,6.507416248321533,0.0,0.9269635677337646,0.9269635677337646
206,206,EXTERNAL_SAMPLE/0000206.png,restoration_clean,clean,0,0,0,17.315013885498047,17.315013885498047,0.0,0.9999977350234985,0.9999977350234985
207,207,EXTERNAL_SAMPLE/0000207.png,restoration_clean,clean,0,0,0,6.6319780349731445,6.6319780349731445,0.0,0.9475250840187073,0.9475250840187073
208,208,EXTERNAL_SAMPLE/0000208.png,restoration_clean,clean,0,0,0,6.594570636749268,6.594570636749268,0.0,0.9505649209022522,0.9505649209022522
209,209,EXTERNAL_SAMPLE/0000209.png,restoration_clean,clean,0,0,0,6.351285934448242,6.351285934448242,0.0,0.6676837205886841,0.6676837205886841
210,210,EXTERNAL_SAMPLE/0000210.png,restoration_clean,clean,0,0,0,8.239425659179688,8.239425659179688,0.0,0.9777326583862305,0.9777326583862305
211,211,EXTERNAL_SAMPLE/0000211.png,restoration_clean,clean,0,0,0,7.367433547973633,7.367433547973633,0.0,0.9322518110275269,0.9322518110275269
212,212,EXTERNAL_SAMPLE/0000212.png,restoration_clean,clean,0,0,0,6.478137493133545,6.478137493133545,0.0,0.8263313174247742,0.8263313174247742
213,213,EXTERNAL_SAMPLE/0000213.png,restoration_clean,clean,0,0,0,8.643548965454102,8.643548965454102,0.0,0.9914776682853699,0.9914776682853699
214,214,EXTERNAL_SAMPLE/0000214.png,restoration_clean,clean,0,0,0,9.818035125732422,9.818035125732422,0.0,0.9971801042556763,0.9971801042556763
215,215,EXTERNAL_SAMPLE/0000215.png,restoration_clean,clean,0,0,0,7.7528486251831055,7.7528486251831055,0.0,0.9704729318618774,0.9704729318618774
216,216,EXTERNAL_SAMPLE/0000216.png,restoration_clean,clean,0,0,0,12.264406204223633,12.264406204223633,0.0,0.9997015595436096,0.9997015595436096
217,217,EXTERNAL_SAMPLE/0000217.png,restoration_clean,clean,0,0,0,15.029430389404297,15.029430389404297,0.0,0.9999884366989136,0.9999884366989136
218,218,EXTERNAL_SAMPLE/0000218.png,restoration_clean,clean,0,0,0,8.850664138793945,8.850664138793945,0.0,0.9714375734329224,0.9714375734329224
219,219,EXTERNAL_SAMPLE/0000219.png,restoration_clean,clean,0,0,0,8.990262985229492,8.990262985229492,0.0,0.9880732893943787,0.9880732893943787
220,220,EXTERNAL_SAMPLE/0000220.png,restoration_clean,clean,0,0,0,10.845579147338867,10.845579147338867,0.0,0.9980192184448242,0.9980192184448242
221,221,EXTERNAL_SAMPLE/0000221.png,restoration_clean,clean,0,0,0,8.675514221191406,8.675514221191406,0.0,0.9886128306388855,0.9886128306388855
222,222,EXTERNAL_SAMPLE/0000222.png,restoration_clean,clean,0,0,0,10.062860488891602,10.062860488891602,0.0,0.9984815716743469,0.9984815716743469
223,223,EXTERNAL_SAMPLE/0000223.png,restoration_clean,clean,0,0,0,9.663818359375,9.663818359375,0.0,0.9930111765861511,0.9930111765861511
224,224,EXTERNAL_SAMPLE/0000224.png,restoration_clean,clean,0,0,0,5.7925238609313965,5.7925238609313965,0.0,0.8478919267654419,0.8478919267654419
225,225,EXTERNAL_SAMPLE/0000225.png,restoration_clean,clean,0,0,5,3.7337894439697266,3.7337894439697266,0.0,0.16664281487464905,0.16664281487464905
226,226,EXTERNAL_SAMPLE/0000226.png,restoration_clean,clean,0,0,0,6.282577037811279,6.282577037811279,0.0,0.9132763743400574,0.9132763743400574
227,227,EXTERNAL_SAMPLE/0000227.png,restoration_clean,clean,0,0,0,14.029200553894043,14.029200553894043,0.0,0.9998546838760376,0.9998546838760376
228,228,EXTERNAL_SAMPLE/0000228.png,restoration_clean,clean,0,0,0,5.124096393585205,5.124096393585205,0.0,0.6886389255523682,0.6886389255523682
229,229,EXTERNAL_SAMPLE/0000229.png,restoration_clean,clean,0,0,0,6.811882495880127,6.811882495880127,0.0,0.9443089365959167,0.9443089365959167
230,230,EXTERNAL_SAMPLE/0000230.png,restoration_clean,clean,0,0,0,11.873265266418457,11.873265266418457,0.0,0.9991316199302673,0.9991316199302673
231,231,EXTERNAL_SAMPLE/0000231.png,restoration_clean,clean,0,0,1,2.82572865486145,2.82572865486145,0.0,0.16849176585674286,0.16849176585674286
232,232,EXTERNAL_SAMPLE/0000232.png,restoration_clean,clean,0,0,0,10.075520515441895,10.075520515441895,0.0,0.9942814111709595,0.9942814111709595
233,233,EXTERNAL_SAMPLE/0000233.png,restoration_clean,clean,0,0,0,9.028376579284668,9.028376579284668,0.0,0.972206175327301,0.972206175327301
234,234,EXTERNAL_SAMPLE/0000234.png,restoration_clean,clean,0,0,4,4.98567533493042,4.98567533493042,0.0,0.32988637685775757,0.32988637685775757
235,235,EXTERNAL_SAMPLE/0000235.png,restoration_clean,clean,0,0,0,7.7172627449035645,7.7172627449035645,0.0,0.9516189694404602,0.9516189694404602
236,236,EXTERNAL_SAMPLE/0000236.png,restoration_clean,clean,0,0,3,3.9191110134124756,3.9191110134124756,0.0,0.25185340642929077,0.25185340642929077
237,237,EXTERNAL_SAMPLE/0000237.png,restoration_clean,clean,0,0,0,13.79035472869873,13.79035472869873,0.0,0.9999492168426514,0.9999492168426514
238,238,EXTERNAL_SAMPLE/0000238.png,restoration_clean,clean,0,0,0,4.770875453948975,4.770875453948975,0.0,0.49314096570014954,0.49314096570014954
239,239,EXTERNAL_SAMPLE/0000239.png,restoration_clean,clean,0,0,0,10.277806282043457,10.277806282043457,0.0,0.9955195188522339,0.9955195188522339
240,240,EXTERNAL_SAMPLE/0000240.png,restoration_clean,clean,0,0,0,8.988855361938477,8.988855361938477,0.0,0.9909618496894836,0.9909618496894836
241,241,EXTERNAL_SAMPLE/0000241.png,restoration_clean,clean,0,0,5,5.384425640106201,5.384425640106201,0.0,0.10052338242530823,0.10052338242530823
242,242,EXTERNAL_SAMPLE/0000242.png,restoration_clean,clean,0,0,0,8.562076568603516,8.562076568603516,0.0,0.9908456206321716,0.9908456206321716
243,243,EXTERNAL_SAMPLE/0000243.png,restoration_clean,clean,0,0,0,6.335499286651611,6.335499286651611,0.0,0.9471718072891235,0.9471718072891235
244,244,EXTERNAL_SAMPLE/0000244.png,restoration_clean,clean,0,0,4,3.035571336746216,3.035571336746216,0.0,0.06409988552331924,0.06409988552331924
245,245,EXTERNAL_SAMPLE/0000245.png,restoration_clean,clean,0,0,1,1.5400193929672241,1.5400193929672241,0.0,0.0011061163386330009,0.0011061163386330009
246,246,EXTERNAL_SAMPLE/0000246.png,restoration_clean,clean,0,0,4,4.265839576721191,4.265839576721191,0.0,0.34898069500923157,0.34898069500923157
247,247,EXTERNAL_SAMPLE/0000247.png,restoration_clean,clean,0,0,0,7.556952476501465,7.556952476501465,0.0,0.9707604646682739,0.9707604646682739
248,248,EXTERNAL_SAMPLE/0000248.png,restoration_clean,clean,0,0,0,11.582200050354004,11.582200050354004,0.0,0.99870765209198,0.99870765209198
249,249,EXTERNAL_SAMPLE/0000249.png,restoration_clean,clean,0,0,0,9.025386810302734,9.025386810302734,0.0,0.9866601228713989,0.9866601228713989
250,250,EXTERNAL_SAMPLE/0000250.png,restoration_clean,clean,0,0,0,7.356137752532959,7.356137752532959,0.0,0.911907434463501,0.911907434463501
251,251,EXTERNAL_SAMPLE/0000251.png,restoration_clean,clean,0,0,1,1.7857164144515991,1.7857164144515991,0.0,0.013322778046131134,0.013322778046131134
252,252,EXTERNAL_SAMPLE/0000252.png,restoration_clean,clean,0,0,3,2.368718147277832,2.368718147277832,0.0,0.005245735868811607,0.005245735868811607
253,253,EXTERNAL_SAMPLE/0000253.png,restoration_clean,clean,0,0,0,9.742177963256836,9.742177963256836,0.0,0.991332471370697,0.991332471370697
254,254,EXTERNAL_SAMPLE/0000254.png,restoration_clean,clean,0,0,4,2.7154295444488525,2.7154295444488525,0.0,0.09334776550531387,0.09334776550531387
255,255,EXTERNAL_SAMPLE/0000255.png,restoration_clean,clean,0,0,0,6.456953048706055,6.456953048706055,0.0,0.8809689879417419,0.8809689879417419
256,256,EXTERNAL_SAMPLE/0000256.png,restoration_clean,clean,0,0,0,5.139004230499268,5.139004230499268,0.0,0.6639203429222107,0.6639203429222107
257,257,EXTERNAL_SAMPLE/0000257.png,restoration_clean,clean,0,0,0,7.758712291717529,7.758712291717529,0.0,0.9892783761024475,0.9892783761024475
258,258,EXTERNAL_SAMPLE/0000258.png,restoration_clean,clean,0,0,0,9.653753280639648,9.653753280639648,0.0,0.9947267174720764,0.9947267174720764
259,259,EXTERNAL_SAMPLE/0000259.png,restoration_clean,clean,0,0,0,9.713517189025879,9.713517189025879,0.0,0.9915061593055725,0.9915061593055725
260,260,EXTERNAL_SAMPLE/0000260.png,restoration_clean,clean,0,0,3,-0.24909023940563202,-0.24909023940563202,0.0,0.0013846931979060173,0.0013846931979060173
261,261,EXTERNAL_SAMPLE/0000261.png,restoration_clean,clean,0,0,0,6.242229461669922,6.242229461669922,0.0,0.6542102694511414,0.6542102694511414
262,262,EXTERNAL_SAMPLE/0000262.png,restoration_clean,clean,0,0,0,10.049666404724121,10.049666404724121,0.0,0.9965561628341675,0.9965561628341675
263,263,EXTERNAL_SAMPLE/0000263.png,restoration_clean,clean,0,0,0,13.624594688415527,13.624594688415527,0.0,0.9999700784683228,0.9999700784683228
264,264,EXTERNAL_SAMPLE/0000264.png,restoration_clean,clean,0,0,0,9.556648254394531,9.556648254394531,0.0,0.9980942606925964,0.9980942606925964
265,265,EXTERNAL_SAMPLE/0000265.png,restoration_clean,clean,0,0,0,8.413498878479004,8.413498878479004,0.0,0.9584032893180847,0.9584032893180847
266,266,EXTERNAL_SAMPLE/0000266.png,restoration_clean,clean,0,0,0,10.471458435058594,10.471458435058594,0.0,0.9912527203559875,0.9912527203559875
267,267,EXTERNAL_SAMPLE/0000267.png,restoration_clean,clean,0,0,0,17.081430435180664,17.081430435180664,0.0,0.9999984502792358,0.9999984502792358
268,268,EXTERNAL_SAMPLE/0000268.png,restoration_clean,clean,0,0,3,2.621168613433838,2.621168613433838,0.0,0.032207805663347244,0.032207805663347244
269,269,EXTERNAL_SAMPLE/0000269.png,restoration_clean,clean,0,0,0,8.443378448486328,8.443378448486328,0.0,0.9858493804931641,0.9858493804931641
270,270,EXTERNAL_SAMPLE/0000270.png,restoration_clean,clean,0,0,0,13.706379890441895,13.706379890441895,0.0,0.999930739402771,0.999930739402771
271,271,EXTERNAL_SAMPLE/0000271.png,restoration_clean,clean,0,0,0,10.490845680236816,10.490845680236816,0.0,0.9925691485404968,0.9925691485404968
272,272,EXTERNAL_SAMPLE/0000272.png,restoration_clean,clean,0,0,3,6.062874794006348,6.062874794006348,0.0,0.07313944399356842,0.07313944399356842
273,273,EXTERNAL_SAMPLE/0000273.png,restoration_clean,clean,0,0,0,9.434371948242188,9.434371948242188,0.0,0.9978904128074646,0.9978904128074646
274,274,EXTERNAL_SAMPLE/0000274.png,restoration_clean,clean,0,0,3,4.254279136657715,4.254279136657715,0.0,0.01984315924346447,0.01984315924346447
275,275,EXTERNAL_SAMPLE/0000275.png,restoration_clean,clean,0,0,0,7.85253381729126,7.85253381729126,0.0,0.9814978837966919,0.9814978837966919
276,276,EXTERNAL_SAMPLE/0000276.png,restoration_clean,clean,0,0,0,8.17477798461914,8.17477798461914,0.0,0.9819833040237427,0.9819833040237427
277,277,EXTERNAL_SAMPLE/0000277.png,restoration_clean,clean,0,0,3,5.123467445373535,5.123467445373535,0.0,0.42999622225761414,0.42999622225761414
278,278,EXTERNAL_SAMPLE/0000278.png,restoration_clean,clean,0,0,0,13.11276626586914,13.11276626586914,0.0,0.9999377727508545,0.9999377727508545
279,279,EXTERNAL_SAMPLE/0000279.png,restoration_clean,clean,0,0,0,5.0701518058776855,5.0701518058776855,0.0,0.6431411504745483,0.6431411504745483
280,280,EXTERNAL_SAMPLE/0000280.png,restoration_clean,clean,0,0,4,5.064248085021973,5.064248085021973,0.0,0.29567277431488037,0.29567277431488037
281,281,EXTERNAL_SAMPLE/0000281.png,restoration_clean,clean,0,0,0,14.275484085083008,14.275484085083008,0.0,0.9997127652168274,0.9997127652168274
282,282,EXTERNAL_SAMPLE/0000282.png,restoration_clean,clean,0,0,0,10.549457550048828,10.549457550048828,0.0,0.9945870637893677,0.9945870637893677
283,283,EXTERNAL_SAMPLE/0000283.png,restoration_clean,clean,0,0,0,12.072099685668945,12.072099685668945,0.0,0.999445378780365,0.999445378780365
284,284,EXTERNAL_SAMPLE/0000284.png,restoration_clean,clean,0,0,0,6.20979118347168,6.20979118347168,0.0,0.7353917956352234,0.7353917956352234
285,285,EXTERNAL_SAMPLE/0000285.png,restoration_clean,clean,0,0,1,6.2689690589904785,6.2689690589904785,0.0,0.1289977878332138,0.1289977878332138
286,286,EXTERNAL_SAMPLE/0000286.png,restoration_clean,clean,0,0,0,9.910874366760254,9.910874366760254,0.0,0.9986186027526855,0.9986186027526855
287,287,EXTERNAL_SAMPLE/0000287.png,restoration_clean,clean,0,0,0,19.537330627441406,19.537330627441406,0.0,1.0,1.0
288,288,EXTERNAL_SAMPLE/0000288.png,restoration_clean,clean,0,0,0,9.984375953674316,9.984375953674316,0.0,0.9990410208702087,0.9990410208702087
289,289,EXTERNAL_SAMPLE/0000289.png,restoration_clean,clean,0,0,0,14.811971664428711,14.811971664428711,0.0,0.9999921321868896,0.9999921321868896
290,290,EXTERNAL_SAMPLE/0000290.png,restoration_clean,clean,0,0,0,13.022769927978516,13.022769927978516,0.0,0.9998204112052917,0.9998204112052917
291,291,EXTERNAL_SAMPLE/0000291.png,restoration_clean,clean,0,0,0,9.106402397155762,9.106402397155762,0.0,0.9933682084083557,0.9933682084083557
292,292,EXTERNAL_SAMPLE/0000292.png,restoration_clean,clean,0,0,0,4.952962875366211,4.952962875366211,0.0,0.4897322356700897,0.4897322356700897
293,293,EXTERNAL_SAMPLE/0000293.png,restoration_clean,clean,0,0,4,1.8784531354904175,1.8784531354904175,0.0,0.09460272639989853,0.09460272639989853
294,294,EXTERNAL_SAMPLE/0000294.png,restoration_clean,clean,0,0,0,5.200508117675781,5.200508117675781,0.0,0.5215308666229248,0.5215308666229248
295,295,EXTERNAL_SAMPLE/0000295.png,restoration_clean,clean,0,0,0,5.691621780395508,5.691621780395508,0.0,0.537368655204773,0.537368655204773
296,296,EXTERNAL_SAMPLE/0000296.png,restoration_clean,clean,0,0,0,17.39118194580078,17.39118194580078,0.0,0.9999984502792358,0.9999984502792358
297,297,EXTERNAL_SAMPLE/0000297.png,restoration_clean,clean,0,0,4,4.38960075378418,4.38960075378418,0.0,0.1519891768693924,0.1519891768693924
298,298,EXTERNAL_SAMPLE/0000298.png,restoration_clean,clean,0,0,0,12.671972274780273,12.671972274780273,0.0,0.9998335838317871,0.9998335838317871
299,299,EXTERNAL_SAMPLE/0000299.png,restoration_clean,clean,0,0,0,7.669280529022217,7.669280529022217,0.0,0.9658792018890381,0.9658792018890381
300,300,EXTERNAL_SAMPLE/0000300.png,restoration_clean,clean,0,0,3,4.650997638702393,4.650997638702393,0.0,0.029909184202551842,0.029909184202551842
301,301,EXTERNAL_SAMPLE/0000301.png,restoration_clean,clean,0,0,0,9.209304809570312,9.209304809570312,0.0,0.991028904914856,0.991028904914856
302,302,EXTERNAL_SAMPLE/0000302.png,restoration_clean,clean,0,0,0,6.937020778656006,6.937020778656006,0.0,0.8785906434059143,0.8785906434059143
303,303,EXTERNAL_SAMPLE/0000303.png,restoration_clean,clean,0,0,0,5.78525972366333,5.78525972366333,0.0,0.7552110552787781,0.7552110552787781
304,304,EXTERNAL_SAMPLE/0000304.png,restoration_clean,clean,0,0,3,7.343199253082275,7.343199253082275,0.0,0.31480714678764343,0.31480714678764343
305,305,EXTERNAL_SAMPLE/0000305.png,restoration_clean,clean,0,0,0,3.2132487297058105,3.2132487297058105,0.0,0.24788473546504974,0.24788473546504974
306,306,EXTERNAL_SAMPLE/0000306.png,restoration_clean,clean,0,0,3,5.798854351043701,5.798854351043701,0.0,0.36411648988723755,0.36411648988723755
307,307,EXTERNAL_SAMPLE/0000307.png,restoration_clean,clean,0,0,0,14.431607246398926,14.431607246398926,0.0,0.9999244213104248,0.9999244213104248
308,308,EXTERNAL_SAMPLE/0000308.png,restoration_clean,clean,0,0,0,12.694507598876953,12.694507598876953,0.0,0.9998410940170288,0.9998410940170288
309,309,EXTERNAL_SAMPLE/0000309.png,restoration_clean,clean,0,0,0,9.991694450378418,9.991694450378418,0.0,0.9965137839317322,0.9965137839317322
310,310,EXTERNAL_SAMPLE/0000310.png,restoration_clean,clean,0,0,3,3.5416858196258545,3.5416858196258545,0.0,0.03769376128911972,0.03769376128911972
311,311,EXTERNAL_SAMPLE/0000311.png,restoration_clean,clean,0,0,0,8.510736465454102,8.510736465454102,0.0,0.9539571404457092,0.9539571404457092
312,312,EXTERNAL_SAMPLE/0000312.png,restoration_clean,clean,0,0,0,11.749908447265625,11.749908447265625,0.0,0.9990426898002625,0.9990426898002625
313,313,EXTERNAL_SAMPLE/0000313.png,restoration_clean,clean,0,0,0,12.620271682739258,12.620271682739258,0.0,0.999916672706604,0.999916672706604
314,314,EXTERNAL_SAMPLE/0000314.png,restoration_clean,clean,0,0,3,3.8087117671966553,3.8087117671966553,0.0,0.0705614760518074,0.0705614760518074
315,315,EXTERNAL_SAMPLE/0000315.png,restoration_clean,clean,0,0,0,6.17422342300415,6.17422342300415,0.0,0.8147435188293457,0.8147435188293457
316,316,EXTERNAL_SAMPLE/0000316.png,restoration_clean,clean,0,0,0,3.5929932594299316,3.5929932594299316,0.0,0.297667920589447,0.297667920589447
317,317,EXTERNAL_SAMPLE/0000317.png,restoration_clean,clean,0,0,0,8.583062171936035,8.583062171936035,0.0,0.9735774397850037,0.9735774397850037
318,318,EXTERNAL_SAMPLE/0000318.png,restoration_clean,clean,0,0,0,6.240798473358154,6.240798473358154,0.0,0.9033869504928589,0.9033869504928589
319,319,EXTERNAL_SAMPLE/0000319.png,restoration_clean,clean,0,0,0,7.075101852416992,7.075101852416992,0.0,0.8923301100730896,0.8923301100730896
320,320,EXTERNAL_SAMPLE/0000320.png,restoration_clean,clean,0,0,4,5.109091281890869,5.109091281890869,0.0,0.2545761466026306,0.2545761466026306
321,321,EXTERNAL_SAMPLE/0000321.png,restoration_clean,clean,0,0,0,9.621808052062988,9.621808052062988,0.0,0.9970828890800476,0.9970828890800476
322,322,EXTERNAL_SAMPLE/0000322.png,restoration_clean,clean,0,0,0,5.942259788513184,5.942259788513184,0.0,0.8530627489089966,0.8530627489089966
323,323,EXTERNAL_SAMPLE/0000323.png,restoration_clean,clean,0,0,0,8.726747512817383,8.726747512817383,0.0,0.9795480966567993,0.9795480966567993
324,324,EXTERNAL_SAMPLE/0000324.png,restoration_clean,clean,0,0,0,11.606425285339355,11.606425285339355,0.0,0.9991453886032104,0.9991453886032104
325,325,EXTERNAL_SAMPLE/0000325.png,restoration_clean,clean,0,0,0,12.987653732299805,12.987653732299805,0.0,0.999839186668396,0.999839186668396
326,326,EXTERNAL_SAMPLE/0000326.png,restoration_clean,clean,0,0,0,10.329239845275879,10.329239845275879,0.0,0.9954311847686768,0.9954311847686768
327,327,EXTERNAL_SAMPLE/0000327.png,restoration_clean,clean,0,0,3,3.01419734954834,3.01419734954834,0.0,0.11625633388757706,0.11625633388757706
328,328,EXTERNAL_SAMPLE/0000328.png,restoration_clean,clean,0,0,3,2.86780047416687,2.86780047416687,0.0,0.07402433454990387,0.07402433454990387
329,329,EXTERNAL_SAMPLE/0000329.png,restoration_clean,clean,0,0,0,6.979807376861572,6.979807376861572,0.0,0.9503039717674255,0.9503039717674255
330,330,EXTERNAL_SAMPLE/0000330.png,restoration_clean,clean,0,0,0,9.267051696777344,9.267051696777344,0.0,0.9926692247390747,0.9926692247390747
331,331,EXTERNAL_SAMPLE/0000331.png,restoration_clean,clean,0,0,0,5.3290019035339355,5.3290019035339355,0.0,0.6425454020500183,0.6425454020500183
332,332,EXTERNAL_SAMPLE/0000332.png,restoration_clean,clean,0,0,0,6.555548667907715,6.555548667907715,0.0,0.8933613896369934,0.8933613896369934
333,333,EXTERNAL_SAMPLE/0000333.png,restoration_clean,clean,0,0,0,8.060181617736816,8.060181617736816,0.0,0.9644825458526611,0.9644825458526611
334,334,EXTERNAL_SAMPLE/0000334.png,restoration_clean,clean,0,0,0,8.930726051330566,8.930726051330566,0.0,0.9938311576843262,0.9938311576843262
335,335,EXTERNAL_SAMPLE/0000335.png,restoration_clean,clean,0,0,0,11.130950927734375,11.130950927734375,0.0,0.9992176294326782,0.9992176294326782
336,336,EXTERNAL_SAMPLE/0000336.png,restoration_clean,clean,0,0,0,6.989607334136963,6.989607334136963,0.0,0.922676682472229,0.922676682472229
337,337,EXTERNAL_SAMPLE/0000337.png,restoration_clean,clean,0,0,3,4.898111820220947,4.898111820220947,0.0,0.37931692600250244,0.37931692600250244
338,338,EXTERNAL_SAMPLE/0000338.png,restoration_clean,clean,0,0,0,4.161923408508301,4.161923408508301,0.0,0.4321746826171875,0.4321746826171875
339,339,EXTERNAL_SAMPLE/0000339.png,restoration_clean,clean,0,0,0,10.797971725463867,10.797971725463867,0.0,0.9990835189819336,0.9990835189819336
340,340,EXTERNAL_SAMPLE/0000340.png,restoration_clean,clean,0,0,3,1.5423117876052856,1.5423117876052856,0.0,0.09022726863622665,0.09022726863622665
341,341,EXTERNAL_SAMPLE/0000341.png,restoration_clean,clean,0,0,0,13.827754020690918,13.827754020690918,0.0,0.9998125433921814,0.9998125433921814
342,342,EXTERNAL_SAMPLE/0000342.png,restoration_clean,clean,0,0,0,7.898618221282959,7.898618221282959,0.0,0.8922046422958374,0.8922046422958374
343,343,EXTERNAL_SAMPLE/0000343.png,restoration_clean,clean,0,0,0,11.205252647399902,11.205252647399902,0.0,0.9954659938812256,0.9954659938812256
344,344,EXTERNAL_SAMPLE/0000344.png,restoration_clean,clean,0,0,0,5.6744279861450195,5.6744279861450195,0.0,0.5540346503257751,0.5540346503257751
345,345,EXTERNAL_SAMPLE/0000345.png,restoration_clean,clean,0,0,0,7.938586235046387,7.938586235046387,0.0,0.9792247414588928,0.9792247414588928
346,346,EXTERNAL_SAMPLE/0000346.png,restoration_clean,clean,0,0,3,3.0959384441375732,3.0959384441375732,0.0,0.036607515066862106,0.036607515066862106
347,347,EXTERNAL_SAMPLE/0000347.png,restoration_clean,clean,0,0,0,9.415253639221191,9.415253639221191,0.0,0.9652034044265747,0.9652034044265747
348,348,EXTERNAL_SAMPLE/0000348.png,restoration_clean,clean,0,0,0,7.533751010894775,7.533751010894775,0.0,0.7357091307640076,0.7357091307640076
349,349,EXTERNAL_SAMPLE/0000349.png,restoration_clean,clean,0,0,0,7.091166973114014,7.091166973114014,0.0,0.9115478992462158,0.9115478992462158
350,350,EXTERNAL_SAMPLE/0000350.png,restoration_clean,clean,0,0,0,5.669031143188477,5.669031143188477,0.0,0.5711535811424255,0.5711535811424255
351,351,EXTERNAL_SAMPLE/0000351.png,restoration_clean,clean,0,0,3,3.679492712020874,3.679492712020874,0.0,0.30991747975349426,0.30991747975349426
352,352,EXTERNAL_SAMPLE/0000352.png,restoration_clean,clean,0,0,0,5.934754371643066,5.934754371643066,0.0,0.8086096048355103,0.8086096048355103
353,353,EXTERNAL_SAMPLE/0000353.png,restoration_clean,clean,0,0,0,11.137149810791016,11.137149810791016,0.0,0.9996515512466431,0.9996515512466431
354,354,EXTERNAL_SAMPLE/0000354.png,restoration_clean,clean,0,0,0,7.764936447143555,7.764936447143555,0.0,0.9771782159805298,0.9771782159805298
355,355,EXTERNAL_SAMPLE/0000355.png,restoration_clean,clean,0,0,0,8.797279357910156,8.797279357910156,0.0,0.9925835132598877,0.9925835132598877
356,356,EXTERNAL_SAMPLE/0000356.png,restoration_clean,clean,0,0,0,7.6857123374938965,7.6857123374938965,0.0,0.8201824426651001,0.8201824426651001
357,357,EXTERNAL_SAMPLE/0000357.png,restoration_clean,clean,0,0,0,11.331868171691895,11.331868171691895,0.0,0.9994851350784302,0.9994851350784302
358,358,EXTERNAL_SAMPLE/0000358.png,restoration_clean,clean,0,0,0,6.450550556182861,6.450550556182861,0.0,0.7682942748069763,0.7682942748069763
359,359,EXTERNAL_SAMPLE/0000359.png,restoration_clean,clean,0,0,3,4.369072914123535,4.369072914123535,0.0,0.012412183918058872,0.012412183918058872
360,360,EXTERNAL_SAMPLE/0000360.png,restoration_clean,clean,0,0,1,3.650428295135498,3.650428295135498,0.0,0.16398969292640686,0.16398969292640686
361,361,EXTERNAL_SAMPLE/0000361.png,restoration_clean,clean,0,0,0,9.411994934082031,9.411994934082031,0.0,0.9948392510414124,0.9948392510414124
362,362,EXTERNAL_SAMPLE/0000362.png,restoration_clean,clean,0,0,0,4.487921714782715,4.487921714782715,0.0,0.6079041361808777,0.6079041361808777
363,363,EXTERNAL_SAMPLE/0000363.png,restoration_clean,clean,0,0,0,4.295697212219238,4.295697212219238,0.0,0.3748800754547119,0.3748800754547119
364,364,EXTERNAL_SAMPLE/0000364.png,restoration_clean,clean,0,0,0,8.122325897216797,8.122325897216797,0.0,0.9831247329711914,0.9831247329711914
365,365,EXTERNAL_SAMPLE/0000365.png,restoration_clean,clean,0,0,0,9.984687805175781,9.984687805175781,0.0,0.9986190795898438,0.9986190795898438
366,366,EXTERNAL_SAMPLE/0000366.png,restoration_clean,clean,0,0,0,15.433553695678711,15.433553695678711,0.0,0.9999794960021973,0.9999794960021973
367,367,EXTERNAL_SAMPLE/0000367.png,restoration_clean,clean,0,0,0,4.30046272277832,4.30046272277832,0.0,0.5620929598808289,0.5620929598808289
368,368,EXTERNAL_SAMPLE/0000368.png,restoration_clean,clean,0,0,0,12.136153221130371,12.136153221130371,0.0,0.999716579914093,0.999716579914093
369,369,EXTERNAL_SAMPLE/0000369.png,restoration_clean,clean,0,0,0,6.0817437171936035,6.0817437171936035,0.0,0.8840993046760559,0.8840993046760559
370,370,EXTERNAL_SAMPLE/0000370.png,restoration_clean,clean,0,0,0,8.832443237304688,8.832443237304688,0.0,0.9733736515045166,0.9733736515045166
371,371,EXTERNAL_SAMPLE/0000371.png,restoration_clean,clean,0,0,0,10.27092456817627,10.27092456817627,0.0,0.9989180564880371,0.9989180564880371
372,372,EXTERNAL_SAMPLE/0000372.png,restoration_clean,clean,0,0,0,6.308309555053711,6.308309555053711,0.0,0.8680805563926697,0.8680805563926697
373,373,EXTERNAL_SAMPLE/0000373.png,restoration_clean,clean,0,0,0,8.08706283569336,8.08706283569336,0.0,0.7902814149856567,0.7902814149856567
374,374,EXTERNAL_SAMPLE/0000374.png,restoration_clean,clean,0,0,0,6.398801803588867,6.398801803588867,0.0,0.914815366268158,0.914815366268158
375,375,EXTERNAL_SAMPLE/0000375.png,restoration_clean,clean,0,0,0,8.102779388427734,8.102779388427734,0.0,0.9856836199760437,0.9856836199760437
376,376,EXTERNAL_SAMPLE/0000376.png,restoration_clean,clean,0,0,0,15.450172424316406,15.450172424316406,0.0,0.9999747276306152,0.9999747276306152
377,377,EXTERNAL_SAMPLE/0000377.png,restoration_clean,clean,0,0,0,4.972560405731201,4.972560405731201,0.0,0.528550922870636,0.528550922870636
378,378,EXTERNAL_SAMPLE/0000378.png,restoration_clean,clean,0,0,0,11.659576416015625,11.659576416015625,0.0,0.999483585357666,0.999483585357666
379,379,EXTERNAL_SAMPLE/0000379.png,restoration_clean,clean,0,0,3,6.520427703857422,6.520427703857422,0.0,0.13481967151165009,0.13481967151165009
380,380,EXTERNAL_SAMPLE/0000380.png,restoration_clean,clean,0,0,0,10.874500274658203,10.874500274658203,0.0,0.9974057078361511,0.9974057078361511
381,381,EXTERNAL_SAMPLE/0000381.png,restoration_clean,clean,0,0,0,8.656059265136719,8.656059265136719,0.0,0.9951901435852051,0.9951901435852051
382,382,EXTERNAL_SAMPLE/0000382.png,restoration_clean,clean,0,0,3,5.6646199226379395,5.6646199226379395,0.0,0.029069066047668457,0.029069066047668457
383,383,EXTERNAL_SAMPLE/0000383.png,restoration_clean,clean,0,0,0,5.800160884857178,5.800160884857178,0.0,0.840185284614563,0.840185284614563
384,384,EXTERNAL_SAMPLE/0000384.png,restoration_clean,clean,0,0,0,7.091551303863525,7.091551303863525,0.0,0.9447770118713379,0.9447770118713379
385,385,EXTERNAL_SAMPLE/0000385.png,restoration_clean,clean,0,0,0,11.13703727722168,11.13703727722168,0.0,0.9992325305938721,0.9992325305938721
386,386,EXTERNAL_SAMPLE/0000386.png,restoration_clean,clean,0,0,0,6.640919208526611,6.640919208526611,0.0,0.6161337494850159,0.6161337494850159
387,387,EXTERNAL_SAMPLE/0000387.png,restoration_clean,clean,1,0,1,4.967731475830078,14.912303924560547,-9.944572448730469,4.7984849516069517e-05,0.999947190284729
388,388,EXTERNAL_SAMPLE/0000388.png,restoration_clean,clean,1,0,0,8.583742141723633,8.389710426330566,0.1940317153930664,0.5473343133926392,0.45080193877220154
389,389,EXTERNAL_SAMPLE/0000389.png,restoration_clean,clean,1,0,1,2.1494407653808594,8.335966110229492,-6.186525344848633,0.0020090024918317795,0.9766844511032104
390,390,EXTERNAL_SAMPLE/0000390.png,restoration_clean,clean,1,0,1,2.3430447578430176,6.710178375244141,-4.367133617401123,0.011877843178808689,0.9361805319786072
391,391,EXTERNAL_SAMPLE/0000391.png,restoration_clean,clean,1,0,1,3.8188891410827637,10.186688423156738,-6.367799282073975,0.001706684473901987,0.9946111440658569
392,392,EXTERNAL_SAMPLE/0000392.png,restoration_clean,clean,1,0,1,3.90824818611145,11.107731819152832,-7.199483871459961,0.0007462220382876694,0.9989970326423645
393,393,EXTERNAL_SAMPLE/0000393.png,restoration_clean,clean,1,0,1,-0.2156238704919815,12.426513671875,-12.64213752746582,3.2325506253982894e-06,0.9998984336853027
394,394,EXTERNAL_SAMPLE/0000394.png,restoration_clean,clean,1,0,3,3.178290605545044,2.155467987060547,1.022822618484497,0.059328388422727585,0.02133321762084961
395,395,EXTERNAL_SAMPLE/0000395.png,restoration_clean,clean,1,0,3,1.8086793422698975,3.494028091430664,-1.6853487491607666,0.043441999703645706,0.2343405932188034
396,396,EXTERNAL_SAMPLE/0000396.png,restoration_clean,clean,1,0,1,1.0102232694625854,10.124064445495605,-9.11384105682373,0.0001097889180528,0.9968948364257812
397,397,EXTERNAL_SAMPLE/0000397.png,restoration_clean,clean,1,0,1,0.4852520823478699,7.958829402923584,-7.473577499389648,0.0005506720626726747,0.9696757793426514
398,398,EXTERNAL_SAMPLE/0000398.png,restoration_clean,clean,1,0,1,7.790248870849609,9.128172874450684,-1.3379240036010742,0.20693448185920715,0.7886528968811035
399,399,EXTERNAL_SAMPLE/0000399.png,restoration_clean,clean,1,0,1,3.879668951034546,11.72275161743164,-7.843082427978516,0.0003921795869246125,0.9992918968200684
400,400,EXTERNAL_SAMPLE/0000400.png,restoration_clean,clean,1,0,1,3.793424606323242,9.514559745788574,-5.721135139465332,0.003227394539862871,0.9851661324501038
401,401,EXTERNAL_SAMPLE/0000401.png,restoration_clean,clean,1,0,1,2.878363609313965,10.775617599487305,-7.89725399017334,0.0003683179966174066,0.9907333850860596
402,402,EXTERNAL_SAMPLE/0000402.png,restoration_clean,clean,1,0,1,2.6895713806152344,12.915915489196777,-10.226344108581543,3.620081042754464e-05,0.9999150037765503
403,403,EXTERNAL_SAMPLE/0000403.png,restoration_clean,clean,1,0,1,0.7691720128059387,8.496188163757324,-7.727015972137451,0.0004299843276385218,0.975557804107666
404,404,EXTERNAL_SAMPLE/0000404.png,restoration_clean,clean,1,0,1,6.01512336730957,10.854240417480469,-4.839117050170898,0.007845333777368069,0.9913186430931091
405,405,EXTERNAL_SAMPLE/0000405.png,restoration_clean,clean,1,0,3,3.9323890209198,0.26897698640823364,3.663412094116211,0.1019163504242897,0.002613631309941411
406,406,EXTERNAL_SAMPLE/0000406.png,restoration_clean,clean,1,0,1,2.155299663543701,3.8154728412628174,-1.6601731777191162,0.07819783687591553,0.4113379716873169
407,407,EXTERNAL_SAMPLE/0000407.png,restoration_clean,clean,1,0,1,1.4277958869934082,19.439977645874023,-18.012182235717773,1.50455701231067e-08,1.0
408,408,EXTERNAL_SAMPLE/0000408.png,restoration_clean,clean,1,0,1,3.014606237411499,11.41518497467041,-8.400578498840332,0.0002246002113679424,0.9993901252746582
409,409,EXTERNAL_SAMPLE/0000409.png,restoration_clean,clean,1,0,0,7.447138786315918,5.818637847900391,1.6285009384155273,0.8210773468017578,0.1611146628856659
410,410,EXTERNAL_SAMPLE/0000410.png,restoration_clean,clean,1,0,1,3.182450771331787,6.9017133712768555,-3.7192625999450684,0.023074518889188766,0.9514541625976562
411,411,EXTERNAL_SAMPLE/0000411.png,restoration_clean,clean,1,0,1,3.9787144660949707,6.574829578399658,-2.5961151123046875,0.06297232210636139,0.8445554971694946
412,412,EXTERNAL_SAMPLE/0000412.png,restoration_clean,clean,1,0,1,3.5180232524871826,12.582450866699219,-9.064427375793457,0.0001156903599621728,0.9998341798782349
413,413,EXTERNAL_SAMPLE/0000413.png,restoration_clean,clean,1,0,1,3.9042820930480957,5.94846773147583,-2.0441856384277344,0.10665851086378098,0.8237094879150391
414,414,EXTERNAL_SAMPLE/0000414.png,restoration_clean,clean,1,0,1,0.7618885040283203,5.731771469116211,-4.969882965087891,0.005145852919667959,0.7410544157028198
415,415,EXTERNAL_SAMPLE/0000415.png,restoration_clean,clean,1,0,1,2.5262444019317627,15.048095703125,-12.521851539611816,3.6458750400925055e-06,0.9999374151229858
416,416,EXTERNAL_SAMPLE/0000416.png,restoration_clean,clean,1,0,8,4.412693023681641,3.3400368690490723,1.0726561546325684,0.22554393112659454,0.07715827226638794
417,417,EXTERNAL_SAMPLE/0000417.png,restoration_clean,clean,1,0,1,2.151831865310669,6.962078094482422,-4.810246467590332,0.006550902035087347,0.8042009472846985
418,418,EXTERNAL_SAMPLE/0000418.png,restoration_clean,clean,1,0,1,3.378243923187256,8.196572303771973,-4.818328380584717,0.007587706204503775,0.9390395879745483
419,419,EXTERNAL_SAMPLE/0000419.png,restoration_clean,clean,1,0,1,1.2232892513275146,9.206083297729492,-7.982793807983398,0.0003307208535261452,0.9690471291542053
420,420,EXTERNAL_SAMPLE/0000420.png,restoration_clean,clean,1,0,1,1.001821517944336,9.619500160217285,-8.61767864227295,0.0001794268609955907,0.9919682145118713
421,421,EXTERNAL_SAMPLE/0000421.png,restoration_clean,clean,1,0,1,1.7974917888641357,12.331426620483398,-10.533934593200684,2.660886457306333e-05,0.9996684789657593
422,422,EXTERNAL_SAMPLE/0000422.png,restoration_clean,clean,1,0,1,5.243648052215576,5.673033714294434,-0.4293856620788574,0.381504088640213,0.5861098766326904
423,423,EXTERNAL_SAMPLE/0000423.png,restoration_clean,clean,1,0,3,1.8500956296920776,2.9037952423095703,-1.0536996126174927,0.08733068406581879,0.2504856288433075
424,424,EXTERNAL_SAMPLE/0000424.png,restoration_clean,clean,1,0,1,4.595486164093018,9.844069480895996,-5.2485833168029785,0.005215967074036598,0.992580235004425
425,425,EXTERNAL_SAMPLE/0000425.png,restoration_clean,clean,1,0,0,3.8218863010406494,3.7019100189208984,0.11997628211975098,0.37247106432914734,0.3303600251674652
426,426,EXTERNAL_SAMPLE/0000426.png,restoration_clean,clean,1,0,0,6.708982944488525,6.415368556976318,0.29361438751220703,0.5233001112937927,0.3901536762714386
427,427,EXTERNAL_SAMPLE/0000427.png,restoration_clean,clean,1,0,4,1.9571826457977295,1.5582646131515503,0.3989180326461792,0.06628429889678955,0.04447979852557182
428,428,EXTERNAL_SAMPLE/0000428.png,restoration_clean,clean,1,0,0,4.056093692779541,1.0247893333435059,3.031304359436035,0.5300521850585938,0.025576427578926086
429,429,EXTERNAL_SAMPLE/0000429.png,restoration_clean,clean,1,0,3,2.6895875930786133,4.585220813751221,-1.8956332206726074,0.04169459268450737,0.2775510251522064
430,430,EXTERNAL_SAMPLE/0000430.png,restoration_clean,clean,1,0,1,3.114039421081543,6.406110763549805,-3.2920713424682617,0.033618513494729996,0.9042884111404419
431,431,EXTERNAL_SAMPLE/0000431.png,restoration_clean,clean,1,0,1,3.1153907775878906,7.388881683349609,-4.273490905761719,0.01304286066442728,0.9361088275909424
432,432,EXTERNAL_SAMPLE/0000432.png,restoration_clean,clean,1,0,3,2.9839117527008057,4.1970648765563965,-1.2131531238555908,0.06579273194074631,0.22133170068264008
433,433,EXTERNAL_SAMPLE/0000433.png,restoration_clean,clean,1,0,1,2.3023288249969482,6.308683395385742,-4.006354331970215,0.016168802976608276,0.8884141445159912
434,434,EXTERNAL_SAMPLE/0000434.png,restoration_clean,clean,1,0,1,1.2824445962905884,13.133999824523926,-11.851554870605469,7.1260719778365456e-06,0.9998045563697815
435,435,EXTERNAL_SAMPLE/0000435.png,restoration_clean,clean,1,0,1,4.083745002746582,13.83980655670166,-9.756061553955078,5.78909894102253e-05,0.999113142490387
436,436,EXTERNAL_SAMPLE/0000436.png,restoration_clean,clean,1,0,1,2.4101524353027344,9.947102546691895,-7.53695011138916,0.0005261284532025456,0.9870692491531372
437,437,EXTERNAL_SAMPLE/0000437.png,restoration_clean,clean,1,0,1,2.855009078979492,4.5132904052734375,-1.6582813262939453,0.11684928089380264,0.613491415977478
438,438,EXTERNAL_SAMPLE/0000438.png,restoration_clean,clean,1,0,1,0.35352277755737305,8.446406364440918,-8.092884063720703,0.00027259322814643383,0.8916819095611572
439,439,EXTERNAL_SAMPLE/0000439.png,restoration_clean,clean,1,0,1,1.5818812847137451,4.433448314666748,-2.851567029953003,0.03509637713432312,0.6076900362968445
440,440,EXTERNAL_SAMPLE/0000440.png,restoration_clean,clean,1,0,3,4.526961326599121,4.7475905418396,-0.22062921524047852,0.16536672413349152,0.20618930459022522
441,441,EXTERNAL_SAMPLE/0000441.png,restoration_clean,clean,1,0,1,-0.6110979318618774,8.525012969970703,-9.13611125946045,0.00010565915727056563,0.9810019135475159
442,442,EXTERNAL_SAMPLE/0000442.png,restoration_clean,clean,1,0,1,1.9031033515930176,15.287111282348633,-13.384008407592773,1.5395531818285235e-06,0.9999901056289673
443,443,EXTERNAL_SAMPLE/0000443.png,restoration_clean,clean,1,0,1,1.7076603174209595,12.640364646911621,-10.932703971862793,1.7862415916169994e-05,0.9998922348022461
444,444,EXTERNAL_SAMPLE/0000444.png,restoration_clean,clean,1,0,1,1.8152579069137573,5.585669994354248,-3.770411968231201,0.010794034227728844,0.4684388339519501
445,445,EXTERNAL_SAMPLE/0000445.png,restoration_clean,clean,1,0,1,4.084939956665039,9.96697998046875,-5.882040023803711,0.002768642269074917,0.9926687479019165
446,446,EXTERNAL_SAMPLE/0000446.png,restoration_clean,clean,1,0,0,4.009963512420654,1.6971116065979004,2.312851905822754,0.6676238179206848,0.06608045101165771
447,447,EXTERNAL_SAMPLE/0000447.png,restoration_clean,clean,1,0,1,0.5479652881622314,11.893025398254395,-11.345060348510742,1.1776432984333951e-05,0.9956595301628113
448,448,EXTERNAL_SAMPLE/0000448.png,restoration_clean,clean,1,0,1,0.8652957677841187,7.435423374176025,-6.570127487182617,0.001249596825800836,0.8915383219718933
449,449,EXTERNAL_SAMPLE/0000449.png,restoration_clean,clean,1,0,0,5.721216201782227,5.406990051269531,0.3142261505126953,0.5218871235847473,0.38116225600242615
450,450,EXTERNAL_SAMPLE/0000450.png,restoration_clean,clean,1,0,1,4.684239864349365,12.090361595153809,-7.406121730804443,0.0006070417002774775,0.9992089867591858
451,451,EXTERNAL_SAMPLE/0000451.png,restoration_clean,clean,1,0,3,0.10720395296812057,8.348185539245605,-8.240982055664062,4.967490167473443e-05,0.18843001127243042
452,452,EXTERNAL_SAMPLE/0000452.png,restoration_clean,clean,1,0,3,1.1755424737930298,1.9739909172058105,-0.7984484434127808,0.008287536911666393,0.01841566152870655
453,453,EXTERNAL_SAMPLE/0000453.png,restoration_clean,clean,1,0,1,3.08178973197937,5.125974178314209,-2.044184446334839,0.10031691938638687,0.774733304977417
454,454,EXTERNAL_SAMPLE/0000454.png,restoration_clean,clean,1,0,0,8.587170600891113,5.071361541748047,3.5158090591430664,0.9675450921058655,0.02875906229019165
455,455,EXTERNAL_SAMPLE/0000455.png,restoration_clean,clean,1,0,1,1.6886556148529053,16.179441452026367,-14.490785598754883,5.08996379267046e-07,0.9999606609344482
456,456,EXTERNAL_SAMPLE/0000456.png,restoration_clean,clean,1,0,1,3.2741944789886475,7.356264114379883,-4.082069396972656,0.014692993834614754,0.8708242177963257
457,457,EXTERNAL_SAMPLE/0000457.png,restoration_clean,clean,1,0,1,4.829793930053711,13.94987964630127,-9.120085716247559,0.00010943044617306441,0.9998642206192017
458,458,EXTERNAL_SAMPLE/0000458.png,restoration_clean,clean,1,0,1,4.003149032592773,5.462485313415527,-1.459336280822754,0.1358247697353363,0.584467887878418
459,459,EXTERNAL_SAMPLE/0000459.png,restoration_clean,clean,1,0,1,1.999719262123108,6.882923126220703,-4.883203983306885,0.005304505582898855,0.7004762887954712
460,460,EXTERNAL_SAMPLE/0000460.png,restoration_clean,clean,1,0,1,6.080739498138428,9.632840156555176,-3.552100658416748,0.027770699933171272,0.9688231945037842
461,461,EXTERNAL_SAMPLE/0000461.png,restoration_clean,clean,1,0,3,-0.6518126726150513,5.28192663192749,-5.933739185333252,0.0002899628598242998,0.10947943478822708
462,462,EXTERNAL_SAMPLE/0000462.png,restoration_clean,clean,1,0,1,7.186553955078125,7.939054489135742,-0.7525005340576172,0.31914395093917847,0.6773192286491394
463,463,EXTERNAL_SAMPLE/0000463.png,restoration_clean,clean,1,0,1,5.518234729766846,6.315142631530762,-0.796907901763916,0.3011035621166229,0.6680493950843811
464,464,EXTERNAL_SAMPLE/0000464.png,restoration_clean,clean,1,0,1,2.6765902042388916,11.345766067504883,-8.66917610168457,0.00017060257960110903,0.9930267333984375
465,465,EXTERNAL_SAMPLE/0000465.png,restoration_clean,clean,1,0,1,2.5972461700439453,12.62116527557373,-10.023919105529785,4.431827983353287e-05,0.9998058676719666
466,466,EXTERNAL_SAMPLE/0000466.png,restoration_clean,clean,1,0,0,3.6759095191955566,1.5312243700027466,2.1446852684020996,0.46454569697380066,0.054400570690631866
467,467,EXTERNAL_SAMPLE/0000467.png,restoration_clean,clean,1,0,1,1.9527761936187744,6.936169624328613,-4.983393669128418,0.006176959257572889,0.9016439914703369
468,468,EXTERNAL_SAMPLE/0000468.png,restoration_clean,clean,1,0,1,1.2221291065216064,8.325319290161133,-7.1031904220581055,0.0008149975910782814,0.9909065961837769
469,469,EXTERNAL_SAMPLE/0000469.png,restoration_clean,clean,1,0,1,4.931190490722656,10.105598449707031,-5.174407958984375,0.005620958283543587,0.9931782484054565
470,470,EXTERNAL_SAMPLE/0000470.png,restoration_clean,clean,1,0,1,2.9850502014160156,6.350301742553711,-3.3652515411376953,0.027212273329496384,0.787544310092926
471,471,EXTERNAL_SAMPLE/0000471.png,restoration_clean,clean,1,0,1,4.062019348144531,8.617542266845703,-4.555522918701172,0.010258590802550316,0.9761715531349182
472,472,EXTERNAL_SAMPLE/0000472.png,restoration_clean,clean,1,0,1,3.6676230430603027,6.746355056762695,-3.0787320137023926,0.03797597438097,0.8252494931221008
473,473,EXTERNAL_SAMPLE/0000473.png,restoration_clean,clean,1,0,1,6.473639488220215,6.688650131225586,-0.2150106430053711,0.43421661853790283,0.5383743643760681
474,474,EXTERNAL_SAMPLE/0000474.png,restoration_clean,clean,1,0,1,5.4927239418029785,9.887002944946289,-4.3942790031433105,0.012170701287686825,0.9856590628623962
475,475,EXTERNAL_SAMPLE/0000475.png,restoration_clean,clean,1,0,3,2.5043187141418457,4.029394626617432,-1.525075912475586,0.009887692518532276,0.045438822358846664
476,476,EXTERNAL_SAMPLE/0000476.png,restoration_clean,clean,1,0,1,5.640251636505127,9.415878295898438,-3.7756266593933105,0.022364381700754166,0.9756424427032471
477,477,EXTERNAL_SAMPLE/0000477.png,restoration_clean,clean,1,0,1,0.8557029366493225,12.176004409790039,-11.320301055908203,1.2122071893827524e-05,0.9998185038566589
478,478,EXTERNAL_SAMPLE/0000478.png,restoration_clean,clean,1,0,6,-0.33466529846191406,1.9383563995361328,-2.273021697998047,0.0006263017421588302,0.0060805706307291985
479,479,EXTERNAL_SAMPLE/0000479.png,restoration_clean,clean,1,0,1,-1.0166233777999878,12.569273948669434,-13.585897445678711,1.2578066161950119e-06,0.9997562766075134
480,480,EXTERNAL_SAMPLE/0000480.png,restoration_clean,clean,1,0,1,0.22749941051006317,11.063630104064941,-10.83613109588623,1.9623279513325542e-05,0.9973406195640564
481,481,EXTERNAL_SAMPLE/0000481.png,restoration_clean,clean,1,0,1,3.747891426086426,12.898917198181152,-9.151025772094727,0.00010609368473524228,0.9998376369476318
482,482,EXTERNAL_SAMPLE/0000482.png,restoration_clean,clean,1,0,1,-0.6012532711029053,4.644730091094971,-5.245983123779297,0.00283148349262774,0.5374221801757812
483,483,EXTERNAL_SAMPLE/0000483.png,restoration_clean,clean,1,0,1,4.19144344329834,7.287582874298096,-3.096139430999756,0.04187832027673721,0.9260310530662537
484,484,EXTERNAL_SAMPLE/0000484.png,restoration_clean,clean,1,0,1,1.5716919898986816,9.100484848022461,-7.528792858123779,0.0005164436297491193,0.9610281586647034
485,485,EXTERNAL_SAMPLE/0000485.png,restoration_clean,clean,1,0,1,2.0379652976989746,14.271710395812988,-12.233745574951172,4.861230081587564e-06,0.9995267391204834
486,486,EXTERNAL_SAMPLE/0000486.png,restoration_clean,clean,1,0,1,3.0491724014282227,4.683351516723633,-1.6341791152954102,0.11740408092737198,0.601725161075592
487,487,EXTERNAL_SAMPLE/0000487.png,restoration_clean,clean,1,0,1,2.7041966915130615,5.600934982299805,-2.896738290786743,0.04554341360926628,0.8250173330307007
488,488,EXTERNAL_SAMPLE/0000488.png,restoration_clean,clean,1,0,0,6.911881446838379,6.489212989807129,0.42266845703125,0.5921683311462402,0.38804545998573303
489,489,EXTERNAL_SAMPLE/0000489.png,restoration_clean,clean,1,0,1,1.6423369646072388,7.619329929351807,-5.976993083953857,0.0024463722947984934,0.9644898176193237
490,490,EXTERNAL_SAMPLE/0000490.png,restoration_clean,clean,1,0,1,3.81964373588562,9.476435661315918,-5.656791687011719,0.0034696971997618675,0.9931274652481079
491,491,EXTERNAL_SAMPLE/0000491.png,restoration_clean,clean,1,0,1,3.392500400543213,7.778439521789551,-4.385939121246338,0.012167918495833874,0.9772493839263916
492,492,EXTERNAL_SAMPLE/0000492.png,restoration_clean,clean,1,0,1,5.194494724273682,12.972367286682129,-7.777872562408447,0.00041864108061417937,0.999376118183136
493,493,EXTERNAL_SAMPLE/0000493.png,restoration_clean,clean,1,0,1,2.5148932933807373,7.048544406890869,-4.533651351928711,0.010296949185431004,0.9586241245269775
494,494,EXTERNAL_SAMPLE/0000494.png,restoration_clean,clean,1,0,1,3.180884838104248,8.620870590209961,-5.439985752105713,0.004299637395888567,0.9908037185668945
495,495,EXTERNAL_SAMPLE/0000495.png,restoration_clean,clean,1,0,1,6.076842784881592,11.39638614654541,-5.319543361663818,0.004870222881436348,0.9949406385421753
496,496,EXTERNAL_SAMPLE/0000496.png,restoration_clean,clean,1,0,1,1.961089849472046,13.252725601196289,-11.291635513305664,1.2473233255150262e-05,0.9997100234031677
497,497,EXTERNAL_SAMPLE/0000497.png,restoration_clean,clean,1,0,1,2.1087684631347656,4.027246475219727,-1.918478012084961,0.07568712532520294,0.5154736042022705
498,498,EXTERNAL_SAMPLE/0000498.png,restoration_clean,clean,1,0,1,2.7504024505615234,10.304593086242676,-7.554190635681152,0.0005226980429142714,0.9976866245269775
499,499,EXTERNAL_SAMPLE/0000499.png,restoration_clean,clean,1,0,1,3.5954113006591797,11.943403244018555,-8.347991943359375,0.00023677317949477583,0.9995841383934021
500,500,EXTERNAL_SAMPLE/0000500.png,restoration_clean,clean,1,0,1,3.6467859745025635,5.965635299682617,-2.3188493251800537,0.08521287888288498,0.8661013245582581
501,501,EXTERNAL_SAMPLE/0000501.png,restoration_clean,clean,1,0,1,3.7321739196777344,5.541950225830078,-1.8097763061523438,0.08999060094356537,0.5497598648071289
502,502,EXTERNAL_SAMPLE/0000502.png,restoration_clean,clean,1,0,3,0.4852660298347473,7.050382137298584,-6.565115928649902,0.00039541369187645614,0.2807018756866455
503,503,EXTERNAL_SAMPLE/0000503.png,restoration_clean,clean,1,0,1,2.652073383331299,9.627236366271973,-6.975162982940674,0.00093210389604792,0.9971008896827698
504,504,EXTERNAL_SAMPLE/0000504.png,restoration_clean,clean,1,0,1,2.691412925720215,11.046736717224121,-8.355323791503906,0.0002349741116631776,0.99928879737854
505,505,EXTERNAL_SAMPLE/0000505.png,restoration_clean,clean,1,0,1,0.18759971857070923,16.37822151184082,-16.190622329711914,9.300373449150356e-08,0.9999961853027344
506,506,EXTERNAL_SAMPLE/0000506.png,restoration_clean,clean,1,0,1,2.698920726776123,5.4146318435668945,-2.7157111167907715,0.04681960865855217,0.7076950073242188
507,507,EXTERNAL_SAMPLE/0000507.png,restoration_clean,clean,1,0,1,3.205226182937622,9.710179328918457,-6.504953384399414,0.0014911439502611756,0.9967470169067383
508,508,EXTERNAL_SAMPLE/0000508.png,restoration_clean,clean,1,0,1,4.80570125579834,8.011886596679688,-3.2061853408813477,0.03809797018766403,0.9404386281967163
509,509,EXTERNAL_SAMPLE/0000509.png,restoration_clean,clean,1,0,1,2.796419858932495,18.935609817504883,-16.139190673828125,9.791256871949372e-08,0.9999997615814209
510,510,EXTERNAL_SAMPLE/0000510.png,restoration_clean,clean,1,0,3,2.7895772457122803,6.715258598327637,-3.9256813526153564,0.0016220593824982643,0.08221827447414398
511,511,EXTERNAL_SAMPLE/0000511.png,restoration_clean,clean,1,0,1,3.3668630123138428,13.144065856933594,-9.777202606201172,5.672084080288187e-05,0.9998337030410767
0,0,EXTERNAL_SAMPLE/0000000.png,restoration_poisoned,poisoned,0,0,0,12.283465385437012,12.283465385437012,0.0,0.9998297691345215,0.9998297691345215
1,1,EXTERNAL_SAMPLE/0000001.png,restoration_poisoned,poisoned,0,0,0,9.44728946685791,9.44728946685791,0.0,0.9959200620651245,0.9959200620651245
2,2,EXTERNAL_SAMPLE/0000002.png,restoration_poisoned,poisoned,0,0,0,14.494903564453125,14.494903564453125,0.0,0.9999877214431763,0.9999877214431763
3,3,EXTERNAL_SAMPLE/0000003.png,restoration_poisoned,poisoned,0,0,0,13.500829696655273,13.500829696655273,0.0,0.9998040795326233,0.9998040795326233
4,4,EXTERNAL_SAMPLE/0000004.png,restoration_poisoned,poisoned,0,0,0,7.236114501953125,7.236114501953125,0.0,0.9771202802658081,0.9771202802658081
5,5,EXTERNAL_SAMPLE/0000005.png,restoration_poisoned,poisoned,0,0,0,11.484694480895996,11.484694480895996,0.0,0.9998202919960022,0.9998202919960022
6,6,EXTERNAL_SAMPLE/0000006.png,restoration_poisoned,poisoned,0,0,0,13.923676490783691,13.923676490783691,0.0,0.999976634979248,0.999976634979248
7,7,EXTERNAL_SAMPLE/0000007.png,restoration_poisoned,poisoned,0,0,0,12.58016586303711,12.58016586303711,0.0,0.9998750686645508,0.9998750686645508
8,8,EXTERNAL_SAMPLE/0000008.png,restoration_poisoned,poisoned,0,0,0,13.583207130432129,13.583207130432129,0.0,0.9999517202377319,0.9999517202377319
9,9,EXTERNAL_SAMPLE/0000009.png,restoration_poisoned,poisoned,0,0,0,9.858718872070312,9.858718872070312,0.0,0.9982181191444397,0.9982181191444397
10,10,EXTERNAL_SAMPLE/0000010.png,restoration_poisoned,poisoned,0,0,0,12.400315284729004,12.400315284729004,0.0,0.9994939565658569,0.9994939565658569
11,11,EXTERNAL_SAMPLE/0000011.png,restoration_poisoned,poisoned,0,0,0,15.593043327331543,15.593043327331543,0.0,0.9999964237213135,0.9999964237213135
12,12,EXTERNAL_SAMPLE/0000012.png,restoration_poisoned,poisoned,0,0,0,11.335721015930176,11.335721015930176,0.0,0.999530553817749,0.999530553817749
13,13,EXTERNAL_SAMPLE/0000013.png,restoration_poisoned,poisoned,0,0,0,10.731473922729492,10.731473922729492,0.0,0.9990501999855042,0.9990501999855042
14,14,EXTERNAL_SAMPLE/0000014.png,restoration_poisoned,poisoned,0,0,0,16.21463394165039,16.21463394165039,0.0,0.999996542930603,0.999996542930603
15,15,EXTERNAL_SAMPLE/0000015.png,restoration_poisoned,poisoned,0,0,0,16.24657440185547,16.24657440185547,0.0,0.9999972581863403,0.9999972581863403
16,16,EXTERNAL_SAMPLE/0000016.png,restoration_poisoned,poisoned,0,0,0,8.388208389282227,8.388208389282227,0.0,0.9898579716682434,0.9898579716682434
17,17,EXTERNAL_SAMPLE/0000017.png,restoration_poisoned,poisoned,0,0,0,13.886353492736816,13.886353492736816,0.0,0.9999599456787109,0.9999599456787109
18,18,EXTERNAL_SAMPLE/0000018.png,restoration_poisoned,poisoned,0,0,0,14.74155044555664,14.74155044555664,0.0,0.9999932050704956,0.9999932050704956
19,19,EXTERNAL_SAMPLE/0000019.png,restoration_poisoned,poisoned,0,0,0,9.46238899230957,9.46238899230957,0.0,0.8684459924697876,0.8684459924697876
20,20,EXTERNAL_SAMPLE/0000020.png,restoration_poisoned,poisoned,0,0,0,19.126245498657227,19.126245498657227,0.0,1.0,1.0
21,21,EXTERNAL_SAMPLE/0000021.png,restoration_poisoned,poisoned,0,0,0,7.160762310028076,7.160762310028076,0.0,0.9655020236968994,0.9655020236968994
22,22,EXTERNAL_SAMPLE/0000022.png,restoration_poisoned,poisoned,0,0,0,8.793758392333984,8.793758392333984,0.0,0.9945293068885803,0.9945293068885803
23,23,EXTERNAL_SAMPLE/0000023.png,restoration_poisoned,poisoned,0,0,0,12.321953773498535,12.321953773498535,0.0,0.999823272228241,0.999823272228241
24,24,EXTERNAL_SAMPLE/0000024.png,restoration_poisoned,poisoned,0,0,0,10.576187133789062,10.576187133789062,0.0,0.9990988969802856,0.9990988969802856
25,25,EXTERNAL_SAMPLE/0000025.png,restoration_poisoned,poisoned,0,0,0,14.333470344543457,14.333470344543457,0.0,0.9999804496765137,0.9999804496765137
26,26,EXTERNAL_SAMPLE/0000026.png,restoration_poisoned,poisoned,0,0,0,11.15687370300293,11.15687370300293,0.0,0.9989895224571228,0.9989895224571228
27,27,EXTERNAL_SAMPLE/0000027.png,restoration_poisoned,poisoned,0,0,0,11.054445266723633,11.054445266723633,0.0,0.9995941519737244,0.9995941519737244
28,28,EXTERNAL_SAMPLE/0000028.png,restoration_poisoned,poisoned,0,0,0,13.194966316223145,13.194966316223145,0.0,0.9999548196792603,0.9999548196792603
29,29,EXTERNAL_SAMPLE/0000029.png,restoration_poisoned,poisoned,0,0,0,15.518284797668457,15.518284797668457,0.0,0.9999960660934448,0.9999960660934448
30,30,EXTERNAL_SAMPLE/0000030.png,restoration_poisoned,poisoned,0,0,0,12.301097869873047,12.301097869873047,0.0,0.9997401833534241,0.9997401833534241
31,31,EXTERNAL_SAMPLE/0000031.png,restoration_poisoned,poisoned,0,0,0,10.409997940063477,10.409997940063477,0.0,0.9601436257362366,0.9601436257362366
32,32,EXTERNAL_SAMPLE/0000032.png,restoration_poisoned,poisoned,0,0,0,11.91109848022461,11.91109848022461,0.0,0.9998204112052917,0.9998204112052917
33,33,EXTERNAL_SAMPLE/0000033.png,restoration_poisoned,poisoned,0,0,0,8.22201156616211,8.22201156616211,0.0,0.9842408299446106,0.9842408299446106
34,34,EXTERNAL_SAMPLE/0000034.png,restoration_poisoned,poisoned,0,0,0,8.123491287231445,8.123491287231445,0.0,0.9242091178894043,0.9242091178894043
35,35,EXTERNAL_SAMPLE/0000035.png,restoration_poisoned,poisoned,0,0,0,10.587291717529297,10.587291717529297,0.0,0.9992226362228394,0.9992226362228394
36,36,EXTERNAL_SAMPLE/0000036.png,restoration_poisoned,poisoned,0,0,0,17.07130241394043,17.07130241394043,0.0,0.9999988079071045,0.9999988079071045
37,37,EXTERNAL_SAMPLE/0000037.png,restoration_poisoned,poisoned,0,0,0,7.1000657081604,7.1000657081604,0.0,0.9723674058914185,0.9723674058914185
38,38,EXTERNAL_SAMPLE/0000038.png,restoration_poisoned,poisoned,0,0,0,12.075301170349121,12.075301170349121,0.0,0.9997738003730774,0.9997738003730774
39,39,EXTERNAL_SAMPLE/0000039.png,restoration_poisoned,poisoned,0,0,0,15.717826843261719,15.717826843261719,0.0,0.9999969005584717,0.9999969005584717
40,40,EXTERNAL_SAMPLE/0000040.png,restoration_poisoned,poisoned,0,0,0,12.84988784790039,12.84988784790039,0.0,0.9998652935028076,0.9998652935028076
41,41,EXTERNAL_SAMPLE/0000041.png,restoration_poisoned,poisoned,0,0,0,9.194440841674805,9.194440841674805,0.0,0.9820318222045898,0.9820318222045898
42,42,EXTERNAL_SAMPLE/0000042.png,restoration_poisoned,poisoned,0,0,0,18.766918182373047,18.766918182373047,0.0,0.9999998807907104,0.9999998807907104
43,43,EXTERNAL_SAMPLE/0000043.png,restoration_poisoned,poisoned,0,0,0,11.85757827758789,11.85757827758789,0.0,0.9997655749320984,0.9997655749320984
44,44,EXTERNAL_SAMPLE/0000044.png,restoration_poisoned,poisoned,0,0,0,5.236695766448975,5.236695766448975,0.0,0.750612735748291,0.750612735748291
45,45,EXTERNAL_SAMPLE/0000045.png,restoration_poisoned,poisoned,0,0,0,14.493412971496582,14.493412971496582,0.0,0.9999792575836182,0.9999792575836182
46,46,EXTERNAL_SAMPLE/0000046.png,restoration_poisoned,poisoned,0,0,0,17.351341247558594,17.351341247558594,0.0,0.9999995231628418,0.9999995231628418
47,47,EXTERNAL_SAMPLE/0000047.png,restoration_poisoned,poisoned,0,0,0,11.426045417785645,11.426045417785645,0.0,0.9995833039283752,0.9995833039283752
48,48,EXTERNAL_SAMPLE/0000048.png,restoration_poisoned,poisoned,0,0,0,15.115757942199707,15.115757942199707,0.0,0.999927282333374,0.999927282333374
49,49,EXTERNAL_SAMPLE/0000049.png,restoration_poisoned,poisoned,0,0,0,17.112672805786133,17.112672805786133,0.0,0.9999986886978149,0.9999986886978149
50,50,EXTERNAL_SAMPLE/0000050.png,restoration_poisoned,poisoned,0,0,0,14.692136764526367,14.692136764526367,0.0,0.999988317489624,0.999988317489624
51,51,EXTERNAL_SAMPLE/0000051.png,restoration_poisoned,poisoned,0,0,0,11.870368003845215,11.870368003845215,0.0,0.9998058676719666,0.9998058676719666
52,52,EXTERNAL_SAMPLE/0000052.png,restoration_poisoned,poisoned,0,0,0,9.339244842529297,9.339244842529297,0.0,0.9874696731567383,0.9874696731567383
53,53,EXTERNAL_SAMPLE/0000053.png,restoration_poisoned,poisoned,0,0,0,8.339546203613281,8.339546203613281,0.0,0.9871560335159302,0.9871560335159302
54,54,EXTERNAL_SAMPLE/0000054.png,restoration_poisoned,poisoned,0,0,0,13.522644996643066,13.522644996643066,0.0,0.9999494552612305,0.9999494552612305
55,55,EXTERNAL_SAMPLE/0000055.png,restoration_poisoned,poisoned,0,0,0,15.685359001159668,15.685359001159668,0.0,0.9999977350234985,0.9999977350234985
56,56,EXTERNAL_SAMPLE/0000056.png,restoration_poisoned,poisoned,0,0,0,9.833253860473633,9.833253860473633,0.0,0.9980494976043701,0.9980494976043701
57,57,EXTERNAL_SAMPLE/0000057.png,restoration_poisoned,poisoned,0,0,0,12.562865257263184,12.562865257263184,0.0,0.9997332692146301,0.9997332692146301
58,58,EXTERNAL_SAMPLE/0000058.png,restoration_poisoned,poisoned,0,0,0,9.631635665893555,9.631635665893555,0.0,0.9530797600746155,0.9530797600746155
59,59,EXTERNAL_SAMPLE/0000059.png,restoration_poisoned,poisoned,0,0,0,8.841411590576172,8.841411590576172,0.0,0.9859423041343689,0.9859423041343689
60,60,EXTERNAL_SAMPLE/0000060.png,restoration_poisoned,poisoned,0,0,0,9.565122604370117,9.565122604370117,0.0,0.9976400136947632,0.9976400136947632
61,61,EXTERNAL_SAMPLE/0000061.png,restoration_poisoned,poisoned,0,0,0,13.02244758605957,13.02244758605957,0.0,0.9999191761016846,0.9999191761016846
62,62,EXTERNAL_SAMPLE/0000062.png,restoration_poisoned,poisoned,0,0,0,8.65757942199707,8.65757942199707,0.0,0.9962896108627319,0.9962896108627319
63,63,EXTERNAL_SAMPLE/0000063.png,restoration_poisoned,poisoned,0,0,0,11.30245590209961,11.30245590209961,0.0,0.9994922876358032,0.9994922876358032
64,64,EXTERNAL_SAMPLE/0000064.png,restoration_poisoned,poisoned,0,0,0,12.713126182556152,12.713126182556152,0.0,0.999946117401123,0.999946117401123
65,65,EXTERNAL_SAMPLE/0000065.png,restoration_poisoned,poisoned,0,0,0,14.22330093383789,14.22330093383789,0.0,0.9999860525131226,0.9999860525131226
66,66,EXTERNAL_SAMPLE/0000066.png,restoration_poisoned,poisoned,0,0,0,14.980520248413086,14.980520248413086,0.0,0.9999735355377197,0.9999735355377197
67,67,EXTERNAL_SAMPLE/0000067.png,restoration_poisoned,poisoned,0,0,0,9.467202186584473,9.467202186584473,0.0,0.9954074025154114,0.9954074025154114
68,68,EXTERNAL_SAMPLE/0000068.png,restoration_poisoned,poisoned,0,0,0,18.892072677612305,18.892072677612305,0.0,0.9999998807907104,0.9999998807907104
69,69,EXTERNAL_SAMPLE/0000069.png,restoration_poisoned,poisoned,0,0,0,11.332518577575684,11.332518577575684,0.0,0.999811589717865,0.999811589717865
70,70,EXTERNAL_SAMPLE/0000070.png,restoration_poisoned,poisoned,0,0,0,12.349802017211914,12.349802017211914,0.0,0.999692440032959,0.999692440032959
71,71,EXTERNAL_SAMPLE/0000071.png,restoration_poisoned,poisoned,0,0,0,9.017047882080078,9.017047882080078,0.0,0.9951581358909607,0.9951581358909607
72,72,EXTERNAL_SAMPLE/0000072.png,restoration_poisoned,poisoned,0,0,0,15.725138664245605,15.725138664245605,0.0,0.9999946355819702,0.9999946355819702
73,73,EXTERNAL_SAMPLE/0000073.png,restoration_poisoned,poisoned,0,0,0,15.877262115478516,15.877262115478516,0.0,0.9999979734420776,0.9999979734420776
74,74,EXTERNAL_SAMPLE/0000074.png,restoration_poisoned,poisoned,0,0,0,12.946967124938965,12.946967124938965,0.0,0.9999562501907349,0.9999562501907349
75,75,EXTERNAL_SAMPLE/0000075.png,restoration_poisoned,poisoned,0,0,0,18.742233276367188,18.742233276367188,0.0,0.9999998807907104,0.9999998807907104
76,76,EXTERNAL_SAMPLE/0000076.png,restoration_poisoned,poisoned,0,0,0,19.35187530517578,19.35187530517578,0.0,1.0,1.0
77,77,EXTERNAL_SAMPLE/0000077.png,restoration_poisoned,poisoned,0,0,0,8.330991744995117,8.330991744995117,0.0,0.9874150156974792,0.9874150156974792
78,78,EXTERNAL_SAMPLE/0000078.png,restoration_poisoned,poisoned,0,0,0,14.814532279968262,14.814532279968262,0.0,0.9999924898147583,0.9999924898147583
79,79,EXTERNAL_SAMPLE/0000079.png,restoration_poisoned,poisoned,0,0,0,14.772726058959961,14.772726058959961,0.0,0.9999845027923584,0.9999845027923584
80,80,EXTERNAL_SAMPLE/0000080.png,restoration_poisoned,poisoned,0,0,0,15.047870635986328,15.047870635986328,0.0,0.9999916553497314,0.9999916553497314
81,81,EXTERNAL_SAMPLE/0000081.png,restoration_poisoned,poisoned,0,0,0,17.15011978149414,17.15011978149414,0.0,0.9999994039535522,0.9999994039535522
82,82,EXTERNAL_SAMPLE/0000082.png,restoration_poisoned,poisoned,0,0,0,12.830574989318848,12.830574989318848,0.0,0.9998494386672974,0.9998494386672974
83,83,EXTERNAL_SAMPLE/0000083.png,restoration_poisoned,poisoned,0,0,0,12.881780624389648,12.881780624389648,0.0,0.9999446868896484,0.9999446868896484
84,84,EXTERNAL_SAMPLE/0000084.png,restoration_poisoned,poisoned,0,0,0,18.508649826049805,18.508649826049805,0.0,0.9999998807907104,0.9999998807907104
85,85,EXTERNAL_SAMPLE/0000085.png,restoration_poisoned,poisoned,0,0,0,13.343576431274414,13.343576431274414,0.0,0.9998626708984375,0.9998626708984375
86,86,EXTERNAL_SAMPLE/0000086.png,restoration_poisoned,poisoned,0,0,0,9.20266342163086,9.20266342163086,0.0,0.9913458228111267,0.9913458228111267
87,87,EXTERNAL_SAMPLE/0000087.png,restoration_poisoned,poisoned,0,0,0,10.729171752929688,10.729171752929688,0.0,0.9988070726394653,0.9988070726394653
88,88,EXTERNAL_SAMPLE/0000088.png,restoration_poisoned,poisoned,0,0,0,10.092386245727539,10.092386245727539,0.0,0.998013973236084,0.998013973236084
89,89,EXTERNAL_SAMPLE/0000089.png,restoration_poisoned,poisoned,0,0,0,13.106181144714355,13.106181144714355,0.0,0.9999502897262573,0.9999502897262573
90,90,EXTERNAL_SAMPLE/0000090.png,restoration_poisoned,poisoned,0,0,0,11.524540901184082,11.524540901184082,0.0,0.9997045397758484,0.9997045397758484
91,91,EXTERNAL_SAMPLE/0000091.png,restoration_poisoned,poisoned,0,0,0,9.096054077148438,9.096054077148438,0.0,0.9694530963897705,0.9694530963897705
92,92,EXTERNAL_SAMPLE/0000092.png,restoration_poisoned,poisoned,0,0,0,11.63973617553711,11.63973617553711,0.0,0.9997641444206238,0.9997641444206238
93,93,EXTERNAL_SAMPLE/0000093.png,restoration_poisoned,poisoned,0,0,0,9.354711532592773,9.354711532592773,0.0,0.997843861579895,0.997843861579895
94,94,EXTERNAL_SAMPLE/0000094.png,restoration_poisoned,poisoned,0,0,0,9.432862281799316,9.432862281799316,0.0,0.9970081448554993,0.9970081448554993
95,95,EXTERNAL_SAMPLE/0000095.png,restoration_poisoned,poisoned,0,0,0,11.097023010253906,11.097023010253906,0.0,0.9991248250007629,0.9991248250007629
96,96,EXTERNAL_SAMPLE/0000096.png,restoration_poisoned,poisoned,0,0,0,11.496810913085938,11.496810913085938,0.0,0.9996272325515747,0.9996272325515747
97,97,EXTERNAL_SAMPLE/0000097.png,restoration_poisoned,poisoned,0,0,0,16.043609619140625,16.043609619140625,0.0,0.9999977350234985,0.9999977350234985
98,98,EXTERNAL_SAMPLE/0000098.png,restoration_poisoned,poisoned,0,0,0,9.482507705688477,9.482507705688477,0.0,0.997195839881897,0.997195839881897
99,99,EXTERNAL_SAMPLE/0000099.png,restoration_poisoned,poisoned,0,0,0,8.589430809020996,8.589430809020996,0.0,0.985112726688385,0.985112726688385
100,100,EXTERNAL_SAMPLE/0000100.png,restoration_poisoned,poisoned,0,0,0,7.418666362762451,7.418666362762451,0.0,0.9622292518615723,0.9622292518615723
101,101,EXTERNAL_SAMPLE/0000101.png,restoration_poisoned,poisoned,0,0,0,4.83918571472168,4.83918571472168,0.0,0.6921350955963135,0.6921350955963135
102,102,EXTERNAL_SAMPLE/0000102.png,restoration_poisoned,poisoned,0,0,0,9.919244766235352,9.919244766235352,0.0,0.9945234060287476,0.9945234060287476
103,103,EXTERNAL_SAMPLE/0000103.png,restoration_poisoned,poisoned,0,0,0,15.548547744750977,15.548547744750977,0.0,0.9999969005584717,0.9999969005584717
104,104,EXTERNAL_SAMPLE/0000104.png,restoration_poisoned,poisoned,0,0,0,13.047430038452148,13.047430038452148,0.0,0.9998164772987366,0.9998164772987366
105,105,EXTERNAL_SAMPLE/0000105.png,restoration_poisoned,poisoned,0,0,0,12.167437553405762,12.167437553405762,0.0,0.9998781681060791,0.9998781681060791
106,106,EXTERNAL_SAMPLE/0000106.png,restoration_poisoned,poisoned,0,0,0,11.86316204071045,11.86316204071045,0.0,0.9992326498031616,0.9992326498031616
107,107,EXTERNAL_SAMPLE/0000107.png,restoration_poisoned,poisoned,0,0,0,14.671331405639648,14.671331405639648,0.0,0.9999915361404419,0.9999915361404419
108,108,EXTERNAL_SAMPLE/0000108.png,restoration_poisoned,poisoned,0,0,0,17.862422943115234,17.862422943115234,0.0,0.9999995231628418,0.9999995231628418
109,109,EXTERNAL_SAMPLE/0000109.png,restoration_poisoned,poisoned,0,0,0,10.275681495666504,10.275681495666504,0.0,0.9954288005828857,0.9954288005828857
110,110,EXTERNAL_SAMPLE/0000110.png,restoration_poisoned,poisoned,0,0,0,8.727672576904297,8.727672576904297,0.0,0.9906315803527832,0.9906315803527832
111,111,EXTERNAL_SAMPLE/0000111.png,restoration_poisoned,poisoned,0,0,0,10.458107948303223,10.458107948303223,0.0,0.9985595345497131,0.9985595345497131
112,112,EXTERNAL_SAMPLE/0000112.png,restoration_poisoned,poisoned,0,0,0,19.39894676208496,19.39894676208496,0.0,0.9999998807907104,0.9999998807907104
113,113,EXTERNAL_SAMPLE/0000113.png,restoration_poisoned,poisoned,0,0,0,6.269367218017578,6.269367218017578,0.0,0.9340589642524719,0.9340589642524719
114,114,EXTERNAL_SAMPLE/0000114.png,restoration_poisoned,poisoned,0,0,0,11.148720741271973,11.148720741271973,0.0,0.9996784925460815,0.9996784925460815
115,115,EXTERNAL_SAMPLE/0000115.png,restoration_poisoned,poisoned,0,0,0,14.72478199005127,14.72478199005127,0.0,0.9999814033508301,0.9999814033508301
116,116,EXTERNAL_SAMPLE/0000116.png,restoration_poisoned,poisoned,0,0,0,12.469574928283691,12.469574928283691,0.0,0.9998651742935181,0.9998651742935181
117,117,EXTERNAL_SAMPLE/0000117.png,restoration_poisoned,poisoned,0,0,0,13.10114574432373,13.10114574432373,0.0,0.9995589852333069,0.9995589852333069
118,118,EXTERNAL_SAMPLE/0000118.png,restoration_poisoned,poisoned,0,0,0,7.721325874328613,7.721325874328613,0.0,0.9832490682601929,0.9832490682601929
119,119,EXTERNAL_SAMPLE/0000119.png,restoration_poisoned,poisoned,0,0,0,17.00486183166504,17.00486183166504,0.0,0.9999988079071045,0.9999988079071045
120,120,EXTERNAL_SAMPLE/0000120.png,restoration_poisoned,poisoned,0,0,0,15.088807106018066,15.088807106018066,0.0,0.9999760389328003,0.9999760389328003
121,121,EXTERNAL_SAMPLE/0000121.png,restoration_poisoned,poisoned,0,0,0,14.6957426071167,14.6957426071167,0.0,0.9999698400497437,0.9999698400497437
122,122,EXTERNAL_SAMPLE/0000122.png,restoration_poisoned,poisoned,0,0,0,18.315828323364258,18.315828323364258,0.0,0.9999998807907104,0.9999998807907104
123,123,EXTERNAL_SAMPLE/0000123.png,restoration_poisoned,poisoned,0,0,0,11.110837936401367,11.110837936401367,0.0,0.9984681010246277,0.9984681010246277
124,124,EXTERNAL_SAMPLE/0000124.png,restoration_poisoned,poisoned,0,0,0,15.97457218170166,15.97457218170166,0.0,0.9999853372573853,0.9999853372573853
125,125,EXTERNAL_SAMPLE/0000125.png,restoration_poisoned,poisoned,0,0,0,11.930303573608398,11.930303573608398,0.0,0.9997139573097229,0.9997139573097229
126,126,EXTERNAL_SAMPLE/0000126.png,restoration_poisoned,poisoned,0,0,0,13.836565017700195,13.836565017700195,0.0,0.9999768733978271,0.9999768733978271
127,127,EXTERNAL_SAMPLE/0000127.png,restoration_poisoned,poisoned,0,0,0,10.36850643157959,10.36850643157959,0.0,0.9991810917854309,0.9991810917854309
128,128,EXTERNAL_SAMPLE/0000128.png,restoration_poisoned,poisoned,0,0,0,14.738069534301758,14.738069534301758,0.0,0.9999892711639404,0.9999892711639404
129,129,EXTERNAL_SAMPLE/0000129.png,restoration_poisoned,poisoned,0,0,0,14.60122299194336,14.60122299194336,0.0,0.9999864101409912,0.9999864101409912
130,130,EXTERNAL_SAMPLE/0000130.png,restoration_poisoned,poisoned,0,0,0,12.469036102294922,12.469036102294922,0.0,0.9996718168258667,0.9996718168258667
131,131,EXTERNAL_SAMPLE/0000131.png,restoration_poisoned,poisoned,0,0,0,16.599218368530273,16.599218368530273,0.0,0.999998927116394,0.999998927116394
132,132,EXTERNAL_SAMPLE/0000132.png,restoration_poisoned,poisoned,0,0,0,4.624704837799072,4.624704837799072,0.0,0.6257185935974121,0.6257185935974121
133,133,EXTERNAL_SAMPLE/0000133.png,restoration_poisoned,poisoned,0,0,0,14.3454008102417,14.3454008102417,0.0,0.9999866485595703,0.9999866485595703
134,134,EXTERNAL_SAMPLE/0000134.png,restoration_poisoned,poisoned,0,0,0,9.960636138916016,9.960636138916016,0.0,0.9978004097938538,0.9978004097938538
135,135,EXTERNAL_SAMPLE/0000135.png,restoration_poisoned,poisoned,0,0,0,16.036462783813477,16.036462783813477,0.0,0.9999971389770508,0.9999971389770508
136,136,EXTERNAL_SAMPLE/0000136.png,restoration_poisoned,poisoned,0,0,0,16.92116355895996,16.92116355895996,0.0,0.9999920129776001,0.9999920129776001
137,137,EXTERNAL_SAMPLE/0000137.png,restoration_poisoned,poisoned,0,0,0,11.954681396484375,11.954681396484375,0.0,0.9997102618217468,0.9997102618217468
138,138,EXTERNAL_SAMPLE/0000138.png,restoration_poisoned,poisoned,0,0,0,14.257801055908203,14.257801055908203,0.0,0.9999719858169556,0.9999719858169556
139,139,EXTERNAL_SAMPLE/0000139.png,restoration_poisoned,poisoned,0,0,0,12.133971214294434,12.133971214294434,0.0,0.9960103034973145,0.9960103034973145
140,140,EXTERNAL_SAMPLE/0000140.png,restoration_poisoned,poisoned,0,0,0,7.666837215423584,7.666837215423584,0.0,0.9759282469749451,0.9759282469749451
141,141,EXTERNAL_SAMPLE/0000141.png,restoration_poisoned,poisoned,0,0,0,8.970141410827637,8.970141410827637,0.0,0.9961832165718079,0.9961832165718079
142,142,EXTERNAL_SAMPLE/0000142.png,restoration_poisoned,poisoned,0,0,0,18.667016983032227,18.667016983032227,0.0,0.9999998807907104,0.9999998807907104
143,143,EXTERNAL_SAMPLE/0000143.png,restoration_poisoned,poisoned,0,0,0,10.532394409179688,10.532394409179688,0.0,0.9995037317276001,0.9995037317276001
144,144,EXTERNAL_SAMPLE/0000144.png,restoration_poisoned,poisoned,0,0,0,12.784669876098633,12.784669876098633,0.0,0.9998056292533875,0.9998056292533875
145,145,EXTERNAL_SAMPLE/0000145.png,restoration_poisoned,poisoned,0,0,0,11.30273723602295,11.30273723602295,0.0,0.9989861845970154,0.9989861845970154
146,146,EXTERNAL_SAMPLE/0000146.png,restoration_poisoned,poisoned,0,0,0,11.113077163696289,11.113077163696289,0.0,0.9995405673980713,0.9995405673980713
147,147,EXTERNAL_SAMPLE/0000147.png,restoration_poisoned,poisoned,0,0,0,9.263142585754395,9.263142585754395,0.0,0.9967345595359802,0.9967345595359802
148,148,EXTERNAL_SAMPLE/0000148.png,restoration_poisoned,poisoned,0,0,0,14.929147720336914,14.929147720336914,0.0,0.9999942779541016,0.9999942779541016
149,149,EXTERNAL_SAMPLE/0000149.png,restoration_poisoned,poisoned,0,0,0,12.751428604125977,12.751428604125977,0.0,0.9995630383491516,0.9995630383491516
150,150,EXTERNAL_SAMPLE/0000150.png,restoration_poisoned,poisoned,0,0,0,12.287801742553711,12.287801742553711,0.0,0.9998001456260681,0.9998001456260681
151,151,EXTERNAL_SAMPLE/0000151.png,restoration_poisoned,poisoned,0,0,0,5.8238043785095215,5.8238043785095215,0.0,0.8622729778289795,0.8622729778289795
152,152,EXTERNAL_SAMPLE/0000152.png,restoration_poisoned,poisoned,0,0,0,13.418200492858887,13.418200492858887,0.0,0.9999539852142334,0.9999539852142334
153,153,EXTERNAL_SAMPLE/0000153.png,restoration_poisoned,poisoned,0,0,0,6.385794639587402,6.385794639587402,0.0,0.9199535250663757,0.9199535250663757
154,154,EXTERNAL_SAMPLE/0000154.png,restoration_poisoned,poisoned,0,0,0,9.279558181762695,9.279558181762695,0.0,0.9812303781509399,0.9812303781509399
155,155,EXTERNAL_SAMPLE/0000155.png,restoration_poisoned,poisoned,0,0,0,14.343496322631836,14.343496322631836,0.0,0.9999821186065674,0.9999821186065674
156,156,EXTERNAL_SAMPLE/0000156.png,restoration_poisoned,poisoned,0,0,0,14.344314575195312,14.344314575195312,0.0,0.9999858140945435,0.9999858140945435
157,157,EXTERNAL_SAMPLE/0000157.png,restoration_poisoned,poisoned,0,0,0,9.504286766052246,9.504286766052246,0.0,0.9978875517845154,0.9978875517845154
158,158,EXTERNAL_SAMPLE/0000158.png,restoration_poisoned,poisoned,0,0,0,9.883635520935059,9.883635520935059,0.0,0.9980564713478088,0.9980564713478088
159,159,EXTERNAL_SAMPLE/0000159.png,restoration_poisoned,poisoned,0,0,0,7.757172107696533,7.757172107696533,0.0,0.9879667162895203,0.9879667162895203
160,160,EXTERNAL_SAMPLE/0000160.png,restoration_poisoned,poisoned,0,0,0,8.017126083374023,8.017126083374023,0.0,0.9842832088470459,0.9842832088470459
161,161,EXTERNAL_SAMPLE/0000161.png,restoration_poisoned,poisoned,0,0,0,8.59395694732666,8.59395694732666,0.0,0.9925069212913513,0.9925069212913513
162,162,EXTERNAL_SAMPLE/0000162.png,restoration_poisoned,poisoned,0,0,0,7.447324752807617,7.447324752807617,0.0,0.9668094515800476,0.9668094515800476
163,163,EXTERNAL_SAMPLE/0000163.png,restoration_poisoned,poisoned,0,0,0,7.086197376251221,7.086197376251221,0.0,0.8284300565719604,0.8284300565719604
164,164,EXTERNAL_SAMPLE/0000164.png,restoration_poisoned,poisoned,0,0,0,10.784034729003906,10.784034729003906,0.0,0.9993342757225037,0.9993342757225037
165,165,EXTERNAL_SAMPLE/0000165.png,restoration_poisoned,poisoned,0,0,0,12.079341888427734,12.079341888427734,0.0,0.9998059868812561,0.9998059868812561
166,166,EXTERNAL_SAMPLE/0000166.png,restoration_poisoned,poisoned,0,0,0,5.9484944343566895,5.9484944343566895,0.0,0.9257341027259827,0.9257341027259827
167,167,EXTERNAL_SAMPLE/0000167.png,restoration_poisoned,poisoned,0,0,0,15.35863971710205,15.35863971710205,0.0,0.999956488609314,0.999956488609314
168,168,EXTERNAL_SAMPLE/0000168.png,restoration_poisoned,poisoned,0,0,0,14.036304473876953,14.036304473876953,0.0,0.9999761581420898,0.9999761581420898
169,169,EXTERNAL_SAMPLE/0000169.png,restoration_poisoned,poisoned,0,0,0,7.893820285797119,7.893820285797119,0.0,0.9686704874038696,0.9686704874038696
170,170,EXTERNAL_SAMPLE/0000170.png,restoration_poisoned,poisoned,0,0,0,10.290946006774902,10.290946006774902,0.0,0.9903872609138489,0.9903872609138489
171,171,EXTERNAL_SAMPLE/0000171.png,restoration_poisoned,poisoned,0,0,0,8.36709976196289,8.36709976196289,0.0,0.9837403893470764,0.9837403893470764
172,172,EXTERNAL_SAMPLE/0000172.png,restoration_poisoned,poisoned,0,0,0,9.076445579528809,9.076445579528809,0.0,0.9953405857086182,0.9953405857086182
173,173,EXTERNAL_SAMPLE/0000173.png,restoration_poisoned,poisoned,0,0,0,7.706828594207764,7.706828594207764,0.0,0.9691042304039001,0.9691042304039001
174,174,EXTERNAL_SAMPLE/0000174.png,restoration_poisoned,poisoned,0,0,0,4.026365280151367,4.026365280151367,0.0,0.5122881531715393,0.5122881531715393
175,175,EXTERNAL_SAMPLE/0000175.png,restoration_poisoned,poisoned,0,0,0,11.08806324005127,11.08806324005127,0.0,0.9973493814468384,0.9973493814468384
176,176,EXTERNAL_SAMPLE/0000176.png,restoration_poisoned,poisoned,0,0,0,10.681548118591309,10.681548118591309,0.0,0.9986069798469543,0.9986069798469543
177,177,EXTERNAL_SAMPLE/0000177.png,restoration_poisoned,poisoned,0,0,0,11.251188278198242,11.251188278198242,0.0,0.9994530081748962,0.9994530081748962
178,178,EXTERNAL_SAMPLE/0000178.png,restoration_poisoned,poisoned,0,0,0,12.073446273803711,12.073446273803711,0.0,0.9998829364776611,0.9998829364776611
179,179,EXTERNAL_SAMPLE/0000179.png,restoration_poisoned,poisoned,0,0,0,14.103517532348633,14.103517532348633,0.0,0.9999794960021973,0.9999794960021973
180,180,EXTERNAL_SAMPLE/0000180.png,restoration_poisoned,poisoned,0,0,0,10.63421630859375,10.63421630859375,0.0,0.9976466298103333,0.9976466298103333
181,181,EXTERNAL_SAMPLE/0000181.png,restoration_poisoned,poisoned,0,0,0,17.72484588623047,17.72484588623047,0.0,0.9999991655349731,0.9999991655349731
182,182,EXTERNAL_SAMPLE/0000182.png,restoration_poisoned,poisoned,0,0,0,11.874152183532715,11.874152183532715,0.0,0.9998111128807068,0.9998111128807068
183,183,EXTERNAL_SAMPLE/0000183.png,restoration_poisoned,poisoned,0,0,0,10.83489990234375,10.83489990234375,0.0,0.9991706609725952,0.9991706609725952
184,184,EXTERNAL_SAMPLE/0000184.png,restoration_poisoned,poisoned,0,0,0,6.652572154998779,6.652572154998779,0.0,0.8970534801483154,0.8970534801483154
185,185,EXTERNAL_SAMPLE/0000185.png,restoration_poisoned,poisoned,0,0,0,6.59897518157959,6.59897518157959,0.0,0.879030168056488,0.879030168056488
186,186,EXTERNAL_SAMPLE/0000186.png,restoration_poisoned,poisoned,0,0,0,11.285215377807617,11.285215377807617,0.0,0.9994450211524963,0.9994450211524963
187,187,EXTERNAL_SAMPLE/0000187.png,restoration_poisoned,poisoned,0,0,0,10.649778366088867,10.649778366088867,0.0,0.999508261680603,0.999508261680603
188,188,EXTERNAL_SAMPLE/0000188.png,restoration_poisoned,poisoned,0,0,0,4.771961212158203,4.771961212158203,0.0,0.7160178422927856,0.7160178422927856
189,189,EXTERNAL_SAMPLE/0000189.png,restoration_poisoned,poisoned,0,0,3,4.594475269317627,4.594475269317627,0.0,0.4102409780025482,0.4102409780025482
190,190,EXTERNAL_SAMPLE/0000190.png,restoration_poisoned,poisoned,0,0,0,7.762210845947266,7.762210845947266,0.0,0.9361164569854736,0.9361164569854736
191,191,EXTERNAL_SAMPLE/0000191.png,restoration_poisoned,poisoned,0,0,0,14.142910957336426,14.142910957336426,0.0,0.9999731779098511,0.9999731779098511
192,192,EXTERNAL_SAMPLE/0000192.png,restoration_poisoned,poisoned,0,0,0,5.985366344451904,5.985366344451904,0.0,0.7325442433357239,0.7325442433357239
193,193,EXTERNAL_SAMPLE/0000193.png,restoration_poisoned,poisoned,0,0,0,9.129276275634766,9.129276275634766,0.0,0.9711809158325195,0.9711809158325195
194,194,EXTERNAL_SAMPLE/0000194.png,restoration_poisoned,poisoned,0,0,0,15.318307876586914,15.318307876586914,0.0,0.9999939203262329,0.9999939203262329
195,195,EXTERNAL_SAMPLE/0000195.png,restoration_poisoned,poisoned,0,0,0,7.529694557189941,7.529694557189941,0.0,0.9350239038467407,0.9350239038467407
196,196,EXTERNAL_SAMPLE/0000196.png,restoration_poisoned,poisoned,0,0,0,8.470144271850586,8.470144271850586,0.0,0.9905757904052734,0.9905757904052734
197,197,EXTERNAL_SAMPLE/0000197.png,restoration_poisoned,poisoned,0,0,0,13.561173439025879,13.561173439025879,0.0,0.999902606010437,0.999902606010437
198,198,EXTERNAL_SAMPLE/0000198.png,restoration_poisoned,poisoned,0,0,0,11.106983184814453,11.106983184814453,0.0,0.9995428323745728,0.9995428323745728
199,199,EXTERNAL_SAMPLE/0000199.png,restoration_poisoned,poisoned,0,0,0,7.452734470367432,7.452734470367432,0.0,0.9683517217636108,0.9683517217636108
200,200,EXTERNAL_SAMPLE/0000200.png,restoration_poisoned,poisoned,0,0,0,12.155645370483398,12.155645370483398,0.0,0.9999096393585205,0.9999096393585205
201,201,EXTERNAL_SAMPLE/0000201.png,restoration_poisoned,poisoned,0,0,0,5.818949222564697,5.818949222564697,0.0,0.71463543176651,0.71463543176651
202,202,EXTERNAL_SAMPLE/0000202.png,restoration_poisoned,poisoned,0,0,0,16.107894897460938,16.107894897460938,0.0,0.9999982118606567,0.9999982118606567
203,203,EXTERNAL_SAMPLE/0000203.png,restoration_poisoned,poisoned,0,0,0,14.054400444030762,14.054400444030762,0.0,0.9999818801879883,0.9999818801879883
204,204,EXTERNAL_SAMPLE/0000204.png,restoration_poisoned,poisoned,0,0,0,11.212325096130371,11.212325096130371,0.0,0.9958725571632385,0.9958725571632385
205,205,EXTERNAL_SAMPLE/0000205.png,restoration_poisoned,poisoned,0,0,0,11.883658409118652,11.883658409118652,0.0,0.9998103976249695,0.9998103976249695
206,206,EXTERNAL_SAMPLE/0000206.png,restoration_poisoned,poisoned,0,0,0,19.465478897094727,19.465478897094727,0.0,0.9999998807907104,0.9999998807907104
207,207,EXTERNAL_SAMPLE/0000207.png,restoration_poisoned,poisoned,0,0,0,11.322458267211914,11.322458267211914,0.0,0.9996711015701294,0.9996711015701294
208,208,EXTERNAL_SAMPLE/0000208.png,restoration_poisoned,poisoned,0,0,0,8.759074211120605,8.759074211120605,0.0,0.9875955581665039,0.9875955581665039
209,209,EXTERNAL_SAMPLE/0000209.png,restoration_poisoned,poisoned,0,0,0,10.089346885681152,10.089346885681152,0.0,0.9989423155784607,0.9989423155784607
210,210,EXTERNAL_SAMPLE/0000210.png,restoration_poisoned,poisoned,0,0,0,8.662896156311035,8.662896156311035,0.0,0.9892832040786743,0.9892832040786743
211,211,EXTERNAL_SAMPLE/0000211.png,restoration_poisoned,poisoned,0,0,0,11.580567359924316,11.580567359924316,0.0,0.9996663331985474,0.9996663331985474
212,212,EXTERNAL_SAMPLE/0000212.png,restoration_poisoned,poisoned,0,0,0,10.986896514892578,10.986896514892578,0.0,0.9988729357719421,0.9988729357719421
213,213,EXTERNAL_SAMPLE/0000213.png,restoration_poisoned,poisoned,0,0,0,12.286755561828613,12.286755561828613,0.0,0.9998792409896851,0.9998792409896851
214,214,EXTERNAL_SAMPLE/0000214.png,restoration_poisoned,poisoned,0,0,0,11.106748580932617,11.106748580932617,0.0,0.9995442032814026,0.9995442032814026
215,215,EXTERNAL_SAMPLE/0000215.png,restoration_poisoned,poisoned,0,0,0,9.567066192626953,9.567066192626953,0.0,0.9968372583389282,0.9968372583389282
216,216,EXTERNAL_SAMPLE/0000216.png,restoration_poisoned,poisoned,0,0,0,14.641186714172363,14.641186714172363,0.0,0.9999912977218628,0.9999912977218628
217,217,EXTERNAL_SAMPLE/0000217.png,restoration_poisoned,poisoned,0,0,0,16.06587791442871,16.06587791442871,0.0,0.9999971389770508,0.9999971389770508
218,218,EXTERNAL_SAMPLE/0000218.png,restoration_poisoned,poisoned,0,0,0,15.329001426696777,15.329001426696777,0.0,0.9999877214431763,0.9999877214431763
219,219,EXTERNAL_SAMPLE/0000219.png,restoration_poisoned,poisoned,0,0,0,12.106439590454102,12.106439590454102,0.0,0.9998151659965515,0.9998151659965515
220,220,EXTERNAL_SAMPLE/0000220.png,restoration_poisoned,poisoned,0,0,0,13.353931427001953,13.353931427001953,0.0,0.9999493360519409,0.9999493360519409
221,221,EXTERNAL_SAMPLE/0000221.png,restoration_poisoned,poisoned,0,0,0,9.491004943847656,9.491004943847656,0.0,0.9976688027381897,0.9976688027381897
222,222,EXTERNAL_SAMPLE/0000222.png,restoration_poisoned,poisoned,0,0,0,16.866281509399414,16.866281509399414,0.0,0.9999991655349731,0.9999991655349731
223,223,EXTERNAL_SAMPLE/0000223.png,restoration_poisoned,poisoned,0,0,0,15.014457702636719,15.014457702636719,0.0,0.9999889135360718,0.9999889135360718
224,224,EXTERNAL_SAMPLE/0000224.png,restoration_poisoned,poisoned,0,0,0,9.188003540039062,9.188003540039062,0.0,0.9961032867431641,0.9961032867431641
225,225,EXTERNAL_SAMPLE/0000225.png,restoration_poisoned,poisoned,0,0,0,12.46095085144043,12.46095085144043,0.0,0.999836802482605,0.999836802482605
226,226,EXTERNAL_SAMPLE/0000226.png,restoration_poisoned,poisoned,0,0,0,9.95844554901123,9.95844554901123,0.0,0.9984858632087708,0.9984858632087708
227,227,EXTERNAL_SAMPLE/0000227.png,restoration_poisoned,poisoned,0,0,0,14.173280715942383,14.173280715942383,0.0,0.9995056390762329,0.9995056390762329
228,228,EXTERNAL_SAMPLE/0000228.png,restoration_poisoned,poisoned,0,0,0,16.277896881103516,16.277896881103516,0.0,0.999995231628418,0.999995231628418
229,229,EXTERNAL_SAMPLE/0000229.png,restoration_poisoned,poisoned,0,0,0,7.645850658416748,7.645850658416748,0.0,0.965974748134613,0.965974748134613
230,230,EXTERNAL_SAMPLE/0000230.png,restoration_poisoned,poisoned,0,0,0,11.600568771362305,11.600568771362305,0.0,0.999667763710022,0.999667763710022
231,231,EXTERNAL_SAMPLE/0000231.png,restoration_poisoned,poisoned,0,0,0,9.278780937194824,9.278780937194824,0.0,0.9969462752342224,0.9969462752342224
232,232,EXTERNAL_SAMPLE/0000232.png,restoration_poisoned,poisoned,0,0,0,12.847561836242676,12.847561836242676,0.0,0.9999293088912964,0.9999293088912964
233,233,EXTERNAL_SAMPLE/0000233.png,restoration_poisoned,poisoned,0,0,0,9.703719139099121,9.703719139099121,0.0,0.9942399263381958,0.9942399263381958
234,234,EXTERNAL_SAMPLE/0000234.png,restoration_poisoned,poisoned,0,0,0,10.933149337768555,10.933149337768555,0.0,0.9994226694107056,0.9994226694107056
235,235,EXTERNAL_SAMPLE/0000235.png,restoration_poisoned,poisoned,0,0,0,10.924934387207031,10.924934387207031,0.0,0.999302864074707,0.999302864074707
236,236,EXTERNAL_SAMPLE/0000236.png,restoration_poisoned,poisoned,0,0,0,6.104922771453857,6.104922771453857,0.0,0.9006696939468384,0.9006696939468384
237,237,EXTERNAL_SAMPLE/0000237.png,restoration_poisoned,poisoned,0,0,0,15.545758247375488,15.545758247375488,0.0,0.9999958276748657,0.9999958276748657
238,238,EXTERNAL_SAMPLE/0000238.png,restoration_poisoned,poisoned,0,0,0,7.887274742126465,7.887274742126465,0.0,0.9889139533042908,0.9889139533042908
239,239,EXTERNAL_SAMPLE/0000239.png,restoration_poisoned,poisoned,0,0,0,15.277461051940918,15.277461051940918,0.0,0.9999901056289673,0.9999901056289673
240,240,EXTERNAL_SAMPLE/0000240.png,restoration_poisoned,poisoned,0,0,0,15.607236862182617,15.607236862182617,0.0,0.9999970197677612,0.9999970197677612
241,241,EXTERNAL_SAMPLE/0000241.png,restoration_poisoned,poisoned,0,0,0,9.152130126953125,9.152130126953125,0.0,0.9785675406455994,0.9785675406455994
242,242,EXTERNAL_SAMPLE/0000242.png,restoration_poisoned,poisoned,0,0,0,10.884547233581543,10.884547233581543,0.0,0.999427318572998,0.999427318572998
243,243,EXTERNAL_SAMPLE/0000243.png,restoration_poisoned,poisoned,0,0,0,9.319700241088867,9.319700241088867,0.0,0.9977726340293884,0.9977726340293884
244,244,EXTERNAL_SAMPLE/0000244.png,restoration_poisoned,poisoned,0,0,0,8.528242111206055,8.528242111206055,0.0,0.9698594212532043,0.9698594212532043
245,245,EXTERNAL_SAMPLE/0000245.png,restoration_poisoned,poisoned,0,0,0,5.460517406463623,5.460517406463623,0.0,0.5729973316192627,0.5729973316192627
246,246,EXTERNAL_SAMPLE/0000246.png,restoration_poisoned,poisoned,0,0,0,9.51852035522461,9.51852035522461,0.0,0.9977466464042664,0.9977466464042664
247,247,EXTERNAL_SAMPLE/0000247.png,restoration_poisoned,poisoned,0,0,0,13.383492469787598,13.383492469787598,0.0,0.9999626874923706,0.9999626874923706
248,248,EXTERNAL_SAMPLE/0000248.png,restoration_poisoned,poisoned,0,0,0,11.210906028747559,11.210906028747559,0.0,0.9992245435714722,0.9992245435714722
249,249,EXTERNAL_SAMPLE/0000249.png,restoration_poisoned,poisoned,0,0,0,13.921564102172852,13.921564102172852,0.0,0.9999529123306274,0.9999529123306274
250,250,EXTERNAL_SAMPLE/0000250.png,restoration_poisoned,poisoned,0,0,0,8.430415153503418,8.430415153503418,0.0,0.9737951159477234,0.9737951159477234
251,251,EXTERNAL_SAMPLE/0000251.png,restoration_poisoned,poisoned,0,0,0,5.553906440734863,5.553906440734863,0.0,0.7121462225914001,0.7121462225914001
252,252,EXTERNAL_SAMPLE/0000252.png,restoration_poisoned,poisoned,0,0,0,7.64232873916626,7.64232873916626,0.0,0.8623712062835693,0.8623712062835693
253,253,EXTERNAL_SAMPLE/0000253.png,restoration_poisoned,poisoned,0,0,0,11.052310943603516,11.052310943603516,0.0,0.9980530738830566,0.9980530738830566
254,254,EXTERNAL_SAMPLE/0000254.png,restoration_poisoned,poisoned,0,0,0,9.396780014038086,9.396780014038086,0.0,0.9972195625305176,0.9972195625305176
255,255,EXTERNAL_SAMPLE/0000255.png,restoration_poisoned,poisoned,0,0,0,10.109487533569336,10.109487533569336,0.0,0.9985710382461548,0.9985710382461548
256,256,EXTERNAL_SAMPLE/0000256.png,restoration_poisoned,poisoned,0,0,0,5.758398056030273,5.758398056030273,0.0,0.7869730591773987,0.7869730591773987
257,257,EXTERNAL_SAMPLE/0000257.png,restoration_poisoned,poisoned,0,0,0,7.989492893218994,7.989492893218994,0.0,0.9902302622795105,0.9902302622795105
258,258,EXTERNAL_SAMPLE/0000258.png,restoration_poisoned,poisoned,0,0,0,11.482078552246094,11.482078552246094,0.0,0.9997289776802063,0.9997289776802063
259,259,EXTERNAL_SAMPLE/0000259.png,restoration_poisoned,poisoned,0,0,0,11.523594856262207,11.523594856262207,0.0,0.9990717172622681,0.9990717172622681
260,260,EXTERNAL_SAMPLE/0000260.png,restoration_poisoned,poisoned,0,0,0,5.853079319000244,5.853079319000244,0.0,0.9076561331748962,0.9076561331748962
261,261,EXTERNAL_SAMPLE/0000261.png,restoration_poisoned,poisoned,0,0,0,10.494787216186523,10.494787216186523,0.0,0.9988227486610413,0.9988227486610413
262,262,EXTERNAL_SAMPLE/0000262.png,restoration_poisoned,poisoned,0,0,0,14.040531158447266,14.040531158447266,0.0,0.9999765157699585,0.9999765157699585
263,263,EXTERNAL_SAMPLE/0000263.png,restoration_poisoned,poisoned,0,0,0,16.263418197631836,16.263418197631836,0.0,0.9999943971633911,0.9999943971633911
264,264,EXTERNAL_SAMPLE/0000264.png,restoration_poisoned,poisoned,0,0,0,11.02392578125,11.02392578125,0.0,0.9993577599525452,0.9993577599525452
265,265,EXTERNAL_SAMPLE/0000265.png,restoration_poisoned,poisoned,0,0,0,11.626496315002441,11.626496315002441,0.0,0.9990991353988647,0.9990991353988647
266,266,EXTERNAL_SAMPLE/0000266.png,restoration_poisoned,poisoned,0,0,0,12.705458641052246,12.705458641052246,0.0,0.9997146725654602,0.9997146725654602
267,267,EXTERNAL_SAMPLE/0000267.png,restoration_poisoned,poisoned,0,0,0,18.457433700561523,18.457433700561523,0.0,0.9999997615814209,0.9999997615814209
268,268,EXTERNAL_SAMPLE/0000268.png,restoration_poisoned,poisoned,0,0,0,7.252494812011719,7.252494812011719,0.0,0.9564576745033264,0.9564576745033264
269,269,EXTERNAL_SAMPLE/0000269.png,restoration_poisoned,poisoned,0,0,0,8.948864936828613,8.948864936828613,0.0,0.9967071413993835,0.9967071413993835
270,270,EXTERNAL_SAMPLE/0000270.png,restoration_poisoned,poisoned,0,0,0,16.308849334716797,16.308849334716797,0.0,0.9999988079071045,0.9999988079071045
271,271,EXTERNAL_SAMPLE/0000271.png,restoration_poisoned,poisoned,0,0,0,16.92107582092285,16.92107582092285,0.0,0.9999978542327881,0.9999978542327881
272,272,EXTERNAL_SAMPLE/0000272.png,restoration_poisoned,poisoned,0,0,0,10.394219398498535,10.394219398498535,0.0,0.9870162010192871,0.9870162010192871
273,273,EXTERNAL_SAMPLE/0000273.png,restoration_poisoned,poisoned,0,0,0,13.461200714111328,13.461200714111328,0.0,0.9999731779098511,0.9999731779098511
274,274,EXTERNAL_SAMPLE/0000274.png,restoration_poisoned,poisoned,0,0,0,9.676353454589844,9.676353454589844,0.0,0.9892790913581848,0.9892790913581848
275,275,EXTERNAL_SAMPLE/0000275.png,restoration_poisoned,poisoned,0,0,0,12.225296020507812,12.225296020507812,0.0,0.9997124075889587,0.9997124075889587
276,276,EXTERNAL_SAMPLE/0000276.png,restoration_poisoned,poisoned,0,0,0,9.481499671936035,9.481499671936035,0.0,0.9921391606330872,0.9921391606330872
277,277,EXTERNAL_SAMPLE/0000277.png,restoration_poisoned,poisoned,0,0,0,4.830910682678223,4.830910682678223,0.0,0.661676287651062,0.661676287651062
278,278,EXTERNAL_SAMPLE/0000278.png,restoration_poisoned,poisoned,0,0,0,13.422280311584473,13.422280311584473,0.0,0.9999175071716309,0.9999175071716309
279,279,EXTERNAL_SAMPLE/0000279.png,restoration_poisoned,poisoned,0,0,0,9.579963684082031,9.579963684082031,0.0,0.9944494962692261,0.9944494962692261
280,280,EXTERNAL_SAMPLE/0000280.png,restoration_poisoned,poisoned,0,0,0,10.435970306396484,10.435970306396484,0.0,0.9992038607597351,0.9992038607597351
281,281,EXTERNAL_SAMPLE/0000281.png,restoration_poisoned,poisoned,0,0,0,20.085948944091797,20.085948944091797,0.0,1.0,1.0
282,282,EXTERNAL_SAMPLE/0000282.png,restoration_poisoned,poisoned,0,0,0,12.789583206176758,12.789583206176758,0.0,0.9998879432678223,0.9998879432678223
283,283,EXTERNAL_SAMPLE/0000283.png,restoration_poisoned,poisoned,0,0,0,14.074955940246582,14.074955940246582,0.0,0.9999765157699585,0.9999765157699585
284,284,EXTERNAL_SAMPLE/0000284.png,restoration_poisoned,poisoned,0,0,0,11.557825088500977,11.557825088500977,0.0,0.9976904392242432,0.9976904392242432
285,285,EXTERNAL_SAMPLE/0000285.png,restoration_poisoned,poisoned,0,0,0,11.77750301361084,11.77750301361084,0.0,0.998514711856842,0.998514711856842
286,286,EXTERNAL_SAMPLE/0000286.png,restoration_poisoned,poisoned,0,0,0,16.253482818603516,16.253482818603516,0.0,0.9999983310699463,0.9999983310699463
287,287,EXTERNAL_SAMPLE/0000287.png,restoration_poisoned,poisoned,0,0,0,20.808881759643555,20.808881759643555,0.0,1.0,1.0
288,288,EXTERNAL_SAMPLE/0000288.png,restoration_poisoned,poisoned,0,0,0,12.418790817260742,12.418790817260742,0.0,0.9999165534973145,0.9999165534973145
289,289,EXTERNAL_SAMPLE/0000289.png,restoration_poisoned,poisoned,0,0,0,15.565951347351074,15.565951347351074,0.0,0.9999958276748657,0.9999958276748657
290,290,EXTERNAL_SAMPLE/0000290.png,restoration_poisoned,poisoned,0,0,0,20.338483810424805,20.338483810424805,0.0,1.0,1.0
291,291,EXTERNAL_SAMPLE/0000291.png,restoration_poisoned,poisoned,0,0,0,11.334991455078125,11.334991455078125,0.0,0.9994580149650574,0.9994580149650574
292,292,EXTERNAL_SAMPLE/0000292.png,restoration_poisoned,poisoned,0,0,0,10.8704195022583,10.8704195022583,0.0,0.997820258140564,0.997820258140564
293,293,EXTERNAL_SAMPLE/0000293.png,restoration_poisoned,poisoned,0,0,0,5.345228672027588,5.345228672027588,0.0,0.8478901386260986,0.8478901386260986
294,294,EXTERNAL_SAMPLE/0000294.png,restoration_poisoned,poisoned,0,0,0,9.037293434143066,9.037293434143066,0.0,0.9938580393791199,0.9938580393791199
295,295,EXTERNAL_SAMPLE/0000295.png,restoration_poisoned,poisoned,0,0,0,13.79975700378418,13.79975700378418,0.0,0.9998350143432617,0.9998350143432617
296,296,EXTERNAL_SAMPLE/0000296.png,restoration_poisoned,poisoned,0,0,0,18.05885887145996,18.05885887145996,0.0,0.9999982118606567,0.9999982118606567
297,297,EXTERNAL_SAMPLE/0000297.png,restoration_poisoned,poisoned,0,0,0,13.617223739624023,13.617223739624023,0.0,0.9998488426208496,0.9998488426208496
298,298,EXTERNAL_SAMPLE/0000298.png,restoration_poisoned,poisoned,0,0,0,14.326047897338867,14.326047897338867,0.0,0.9999817609786987,0.9999817609786987
299,299,EXTERNAL_SAMPLE/0000299.png,restoration_poisoned,poisoned,0,0,0,11.146653175354004,11.146653175354004,0.0,0.9995417594909668,0.9995417594909668
300,300,EXTERNAL_SAMPLE/0000300.png,restoration_poisoned,poisoned,0,0,0,8.532429695129395,8.532429695129395,0.0,0.783644437789917,0.783644437789917
301,301,EXTERNAL_SAMPLE/0000301.png,restoration_poisoned,poisoned,0,0,0,11.63060188293457,11.63060188293457,0.0,0.9997382760047913,0.9997382760047913
302,302,EXTERNAL_SAMPLE/0000302.png,restoration_poisoned,poisoned,0,0,0,9.900880813598633,9.900880813598633,0.0,0.9969413876533508,0.9969413876533508
303,303,EXTERNAL_SAMPLE/0000303.png,restoration_poisoned,poisoned,0,0,0,7.436705589294434,7.436705589294434,0.0,0.9855518341064453,0.9855518341064453
304,304,EXTERNAL_SAMPLE/0000304.png,restoration_poisoned,poisoned,0,0,0,10.724116325378418,10.724116325378418,0.0,0.9960241317749023,0.9960241317749023
305,305,EXTERNAL_SAMPLE/0000305.png,restoration_poisoned,poisoned,0,0,0,9.02442455291748,9.02442455291748,0.0,0.9700871109962463,0.9700871109962463
306,306,EXTERNAL_SAMPLE/0000306.png,restoration_poisoned,poisoned,0,0,0,9.96109390258789,9.96109390258789,0.0,0.9982538819313049,0.9982538819313049
307,307,EXTERNAL_SAMPLE/0000307.png,restoration_poisoned,poisoned,0,0,0,15.01380443572998,15.01380443572998,0.0,0.9999837875366211,0.9999837875366211
308,308,EXTERNAL_SAMPLE/0000308.png,restoration_poisoned,poisoned,0,0,0,15.48202896118164,15.48202896118164,0.0,0.9999951124191284,0.9999951124191284
309,309,EXTERNAL_SAMPLE/0000309.png,restoration_poisoned,poisoned,0,0,0,14.275045394897461,14.275045394897461,0.0,0.9999681711196899,0.9999681711196899
310,310,EXTERNAL_SAMPLE/0000310.png,restoration_poisoned,poisoned,0,0,0,7.161858081817627,7.161858081817627,0.0,0.965336263179779,0.965336263179779
311,311,EXTERNAL_SAMPLE/0000311.png,restoration_poisoned,poisoned,0,0,0,13.486120223999023,13.486120223999023,0.0,0.999947190284729,0.999947190284729
312,312,EXTERNAL_SAMPLE/0000312.png,restoration_poisoned,poisoned,0,0,0,15.44956111907959,15.44956111907959,0.0,0.9999939203262329,0.9999939203262329
313,313,EXTERNAL_SAMPLE/0000313.png,restoration_poisoned,poisoned,0,0,0,14.063152313232422,14.063152313232422,0.0,0.9999724626541138,0.9999724626541138
314,314,EXTERNAL_SAMPLE/0000314.png,restoration_poisoned,poisoned,0,0,0,9.757829666137695,9.757829666137695,0.0,0.9970443844795227,0.9970443844795227
315,315,EXTERNAL_SAMPLE/0000315.png,restoration_poisoned,poisoned,0,0,0,10.789302825927734,10.789302825927734,0.0,0.9995037317276001,0.9995037317276001
316,316,EXTERNAL_SAMPLE/0000316.png,restoration_poisoned,poisoned,0,0,0,14.490632057189941,14.490632057189941,0.0,0.9999897480010986,0.9999897480010986
317,317,EXTERNAL_SAMPLE/0000317.png,restoration_poisoned,poisoned,0,0,0,13.857665061950684,13.857665061950684,0.0,0.9999754428863525,0.9999754428863525
318,318,EXTERNAL_SAMPLE/0000318.png,restoration_poisoned,poisoned,0,0,0,10.992216110229492,10.992216110229492,0.0,0.9994907379150391,0.9994907379150391
319,319,EXTERNAL_SAMPLE/0000319.png,restoration_poisoned,poisoned,0,0,0,12.254705429077148,12.254705429077148,0.0,0.9998650550842285,0.9998650550842285
320,320,EXTERNAL_SAMPLE/0000320.png,restoration_poisoned,poisoned,0,0,0,9.117785453796387,9.117785453796387,0.0,0.9866572022438049,0.9866572022438049
321,321,EXTERNAL_SAMPLE/0000321.png,restoration_poisoned,poisoned,0,0,0,9.079899787902832,9.079899787902832,0.0,0.9969742298126221,0.9969742298126221
322,322,EXTERNAL_SAMPLE/0000322.png,restoration_poisoned,poisoned,0,0,0,10.15920639038086,10.15920639038086,0.0,0.9990358352661133,0.9990358352661133
323,323,EXTERNAL_SAMPLE/0000323.png,restoration_poisoned,poisoned,0,0,0,15.048011779785156,15.048011779785156,0.0,0.9999872446060181,0.9999872446060181
324,324,EXTERNAL_SAMPLE/0000324.png,restoration_poisoned,poisoned,0,0,0,13.962069511413574,13.962069511413574,0.0,0.9999761581420898,0.9999761581420898
325,325,EXTERNAL_SAMPLE/0000325.png,restoration_poisoned,poisoned,0,0,0,16.472551345825195,16.472551345825195,0.0,0.9999970197677612,0.9999970197677612
326,326,EXTERNAL_SAMPLE/0000326.png,restoration_poisoned,poisoned,0,0,0,11.517385482788086,11.517385482788086,0.0,0.9994563460350037,0.9994563460350037
327,327,EXTERNAL_SAMPLE/0000327.png,restoration_poisoned,poisoned,0,0,0,10.588495254516602,10.588495254516602,0.0,0.9995007514953613,0.9995007514953613
328,328,EXTERNAL_SAMPLE/0000328.png,restoration_poisoned,poisoned,0,0,0,8.18217658996582,8.18217658996582,0.0,0.9778752326965332,0.9778752326965332
329,329,EXTERNAL_SAMPLE/0000329.png,restoration_poisoned,poisoned,0,0,0,8.368343353271484,8.368343353271484,0.0,0.9940454959869385,0.9940454959869385
330,330,EXTERNAL_SAMPLE/0000330.png,restoration_poisoned,poisoned,0,0,0,11.658634185791016,11.658634185791016,0.0,0.9995624423027039,0.9995624423027039
331,331,EXTERNAL_SAMPLE/0000331.png,restoration_poisoned,poisoned,0,0,0,11.69163990020752,11.69163990020752,0.0,0.9996132254600525,0.9996132254600525
332,332,EXTERNAL_SAMPLE/0000332.png,restoration_poisoned,poisoned,0,0,0,8.814885139465332,8.814885139465332,0.0,0.9914201498031616,0.9914201498031616
333,333,EXTERNAL_SAMPLE/0000333.png,restoration_poisoned,poisoned,0,0,0,9.275538444519043,9.275538444519043,0.0,0.9936422109603882,0.9936422109603882
334,334,EXTERNAL_SAMPLE/0000334.png,restoration_poisoned,poisoned,0,0,0,12.233059883117676,12.233059883117676,0.0,0.9998619556427002,0.9998619556427002
335,335,EXTERNAL_SAMPLE/0000335.png,restoration_poisoned,poisoned,0,0,0,10.984892845153809,10.984892845153809,0.0,0.9989156723022461,0.9989156723022461
336,336,EXTERNAL_SAMPLE/0000336.png,restoration_poisoned,poisoned,0,0,0,11.441801071166992,11.441801071166992,0.0,0.9993686079978943,0.9993686079978943
337,337,EXTERNAL_SAMPLE/0000337.png,restoration_poisoned,poisoned,0,0,0,7.4063239097595215,7.4063239097595215,0.0,0.9368587732315063,0.9368587732315063
338,338,EXTERNAL_SAMPLE/0000338.png,restoration_poisoned,poisoned,0,0,0,10.123220443725586,10.123220443725586,0.0,0.9972381591796875,0.9972381591796875
339,339,EXTERNAL_SAMPLE/0000339.png,restoration_poisoned,poisoned,0,0,0,16.05673599243164,16.05673599243164,0.0,0.9999970197677612,0.9999970197677612
340,340,EXTERNAL_SAMPLE/0000340.png,restoration_poisoned,poisoned,0,0,0,3.7808873653411865,3.7808873653411865,0.0,0.5355010032653809,0.5355010032653809
341,341,EXTERNAL_SAMPLE/0000341.png,restoration_poisoned,poisoned,0,0,0,18.74350357055664,18.74350357055664,0.0,0.9999994039535522,0.9999994039535522
342,342,EXTERNAL_SAMPLE/0000342.png,restoration_poisoned,poisoned,0,0,0,10.55993366241455,10.55993366241455,0.0,0.999165415763855,0.999165415763855
343,343,EXTERNAL_SAMPLE/0000343.png,restoration_poisoned,poisoned,0,0,0,15.48347282409668,15.48347282409668,0.0,0.999993085861206,0.999993085861206
344,344,EXTERNAL_SAMPLE/0000344.png,restoration_poisoned,poisoned,0,0,0,9.936224937438965,9.936224937438965,0.0,0.996439516544342,0.996439516544342
345,345,EXTERNAL_SAMPLE/0000345.png,restoration_poisoned,poisoned,0,0,0,13.952810287475586,13.952810287475586,0.0,0.999983549118042,0.999983549118042
346,346,EXTERNAL_SAMPLE/0000346.png,restoration_poisoned,poisoned,0,0,0,9.10936450958252,9.10936450958252,0.0,0.9925616383552551,0.9925616383552551
347,347,EXTERNAL_SAMPLE/0000347.png,restoration_poisoned,poisoned,0,0,0,13.185681343078613,13.185681343078613,0.0,0.9996578693389893,0.9996578693389893
348,348,EXTERNAL_SAMPLE/0000348.png,restoration_poisoned,poisoned,0,0,0,12.919809341430664,12.919809341430664,0.0,0.9997228980064392,0.9997228980064392
349,349,EXTERNAL_SAMPLE/0000349.png,restoration_poisoned,poisoned,0,0,0,10.231377601623535,10.231377601623535,0.0,0.9959902167320251,0.9959902167320251
350,350,EXTERNAL_SAMPLE/0000350.png,restoration_poisoned,poisoned,0,0,0,10.423845291137695,10.423845291137695,0.0,0.9984751343727112,0.9984751343727112
351,351,EXTERNAL_SAMPLE/0000351.png,restoration_poisoned,poisoned,0,0,0,7.275755405426025,7.275755405426025,0.0,0.8768683075904846,0.8768683075904846
352,352,EXTERNAL_SAMPLE/0000352.png,restoration_poisoned,poisoned,0,0,0,7.350606441497803,7.350606441497803,0.0,0.9716017246246338,0.9716017246246338
353,353,EXTERNAL_SAMPLE/0000353.png,restoration_poisoned,poisoned,0,0,0,10.951678276062012,10.951678276062012,0.0,0.9994668364524841,0.9994668364524841
354,354,EXTERNAL_SAMPLE/0000354.png,restoration_poisoned,poisoned,0,0,0,10.397161483764648,10.397161483764648,0.0,0.9991292357444763,0.9991292357444763
355,355,EXTERNAL_SAMPLE/0000355.png,restoration_poisoned,poisoned,0,0,0,11.448654174804688,11.448654174804688,0.0,0.9998117089271545,0.9998117089271545
356,356,EXTERNAL_SAMPLE/0000356.png,restoration_poisoned,poisoned,0,0,0,9.780379295349121,9.780379295349121,0.0,0.9952374696731567,0.9952374696731567
357,357,EXTERNAL_SAMPLE/0000357.png,restoration_poisoned,poisoned,0,0,0,17.752519607543945,17.752519607543945,0.0,0.9999985694885254,0.9999985694885254
358,358,EXTERNAL_SAMPLE/0000358.png,restoration_poisoned,poisoned,0,0,0,13.94331169128418,13.94331169128418,0.0,0.9999209642410278,0.9999209642410278
359,359,EXTERNAL_SAMPLE/0000359.png,restoration_poisoned,poisoned,0,0,0,11.305326461791992,11.305326461791992,0.0,0.9991399049758911,0.9991399049758911
360,360,EXTERNAL_SAMPLE/0000360.png,restoration_poisoned,poisoned,0,0,0,9.583526611328125,9.583526611328125,0.0,0.9946063160896301,0.9946063160896301
361,361,EXTERNAL_SAMPLE/0000361.png,restoration_poisoned,poisoned,0,0,0,7.489992618560791,7.489992618560791,0.0,0.9680109620094299,0.9680109620094299
362,362,EXTERNAL_SAMPLE/0000362.png,restoration_poisoned,poisoned,0,0,0,6.715869903564453,6.715869903564453,0.0,0.9592784643173218,0.9592784643173218
363,363,EXTERNAL_SAMPLE/0000363.png,restoration_poisoned,poisoned,0,0,0,8.159640312194824,8.159640312194824,0.0,0.96299809217453,0.96299809217453
364,364,EXTERNAL_SAMPLE/0000364.png,restoration_poisoned,poisoned,0,0,0,11.15473747253418,11.15473747253418,0.0,0.9996539354324341,0.9996539354324341
365,365,EXTERNAL_SAMPLE/0000365.png,restoration_poisoned,poisoned,0,0,0,8.38210391998291,8.38210391998291,0.0,0.9932931661605835,0.9932931661605835
366,366,EXTERNAL_SAMPLE/0000366.png,restoration_poisoned,poisoned,0,0,0,20.49884033203125,20.49884033203125,0.0,1.0,1.0
367,367,EXTERNAL_SAMPLE/0000367.png,restoration_poisoned,poisoned,0,0,0,9.531684875488281,9.531684875488281,0.0,0.9984055161476135,0.9984055161476135
368,368,EXTERNAL_SAMPLE/0000368.png,restoration_poisoned,poisoned,0,0,0,11.045096397399902,11.045096397399902,0.0,0.9993783235549927,0.9993783235549927
369,369,EXTERNAL_SAMPLE/0000369.png,restoration_poisoned,poisoned,0,0,0,6.883670806884766,6.883670806884766,0.0,0.9527008533477783,0.9527008533477783
370,370,EXTERNAL_SAMPLE/0000370.png,restoration_poisoned,poisoned,0,0,0,13.1238431930542,13.1238431930542,0.0,0.9999508857727051,0.9999508857727051
371,371,EXTERNAL_SAMPLE/0000371.png,restoration_poisoned,poisoned,0,0,0,12.680822372436523,12.680822372436523,0.0,0.9999375343322754,0.9999375343322754
372,372,EXTERNAL_SAMPLE/0000372.png,restoration_poisoned,poisoned,0,0,0,11.119573593139648,11.119573593139648,0.0,0.9995772242546082,0.9995772242546082
373,373,EXTERNAL_SAMPLE/0000373.png,restoration_poisoned,poisoned,0,0,0,10.086212158203125,10.086212158203125,0.0,0.996134877204895,0.996134877204895
374,374,EXTERNAL_SAMPLE/0000374.png,restoration_poisoned,poisoned,0,0,0,8.922607421875,8.922607421875,0.0,0.9967312812805176,0.9967312812805176
375,375,EXTERNAL_SAMPLE/0000375.png,restoration_poisoned,poisoned,0,0,0,11.57579231262207,11.57579231262207,0.0,0.9998241066932678,0.9998241066932678
376,376,EXTERNAL_SAMPLE/0000376.png,restoration_poisoned,poisoned,0,0,0,19.296939849853516,19.296939849853516,0.0,0.9999998807907104,0.9999998807907104
377,377,EXTERNAL_SAMPLE/0000377.png,restoration_poisoned,poisoned,0,0,0,7.265334606170654,7.265334606170654,0.0,0.9205344915390015,0.9205344915390015
378,378,EXTERNAL_SAMPLE/0000378.png,restoration_poisoned,poisoned,0,0,0,14.36023235321045,14.36023235321045,0.0,0.9999895095825195,0.9999895095825195
379,379,EXTERNAL_SAMPLE/0000379.png,restoration_poisoned,poisoned,0,0,3,5.6205315589904785,5.6205315589904785,0.0,0.2872002422809601,0.2872002422809601
380,380,EXTERNAL_SAMPLE/0000380.png,restoration_poisoned,poisoned,0,0,0,13.257023811340332,13.257023811340332,0.0,0.9998925924301147,0.9998925924301147
381,381,EXTERNAL_SAMPLE/0000381.png,restoration_poisoned,poisoned,0,0,0,9.34027099609375,9.34027099609375,0.0,0.9966776371002197,0.9966776371002197
382,382,EXTERNAL_SAMPLE/0000382.png,restoration_poisoned,poisoned,0,0,0,8.758326530456543,8.758326530456543,0.0,0.9775872826576233,0.9775872826576233
383,383,EXTERNAL_SAMPLE/0000383.png,restoration_poisoned,poisoned,0,0,0,10.196012496948242,10.196012496948242,0.0,0.9980810880661011,0.9980810880661011
384,384,EXTERNAL_SAMPLE/0000384.png,restoration_poisoned,poisoned,0,0,0,9.238757133483887,9.238757133483887,0.0,0.9973732233047485,0.9973732233047485
385,385,EXTERNAL_SAMPLE/0000385.png,restoration_poisoned,poisoned,0,0,0,10.817278861999512,10.817278861999512,0.0,0.9994818568229675,0.9994818568229675
386,386,EXTERNAL_SAMPLE/0000386.png,restoration_poisoned,poisoned,0,0,0,13.175271987915039,13.175271987915039,0.0,0.9994882345199585,0.9994882345199585
387,387,EXTERNAL_SAMPLE/0000387.png,restoration_poisoned,poisoned,1,0,1,8.533005714416504,9.474268913269043,-0.9412631988525391,0.280327707529068,0.7185408473014832
388,388,EXTERNAL_SAMPLE/0000388.png,restoration_poisoned,poisoned,1,0,0,9.351917266845703,5.929771423339844,3.4221458435058594,0.966718852519989,0.03155594319105148
389,389,EXTERNAL_SAMPLE/0000389.png,restoration_poisoned,poisoned,1,0,0,8.335882186889648,5.977581024169922,2.3583011627197266,0.9087898135185242,0.08595403283834457
390,390,EXTERNAL_SAMPLE/0000390.png,restoration_poisoned,poisoned,1,0,0,6.963204860687256,3.121840476989746,3.8413643836975098,0.9630556106567383,0.020671309903264046
391,391,EXTERNAL_SAMPLE/0000391.png,restoration_poisoned,poisoned,1,0,0,8.3616943359375,5.446648120880127,2.915046215057373,0.938251793384552,0.050854675471782684
392,392,EXTERNAL_SAMPLE/0000392.png,restoration_poisoned,poisoned,1,0,1,6.299175262451172,9.966109275817871,-3.666934013366699,0.024901747703552246,0.9744488000869751
393,393,EXTERNAL_SAMPLE/0000393.png,restoration_poisoned,poisoned,1,0,1,4.587927341461182,7.961391448974609,-3.3734641075134277,0.03287818655371666,0.9593667387962341
394,394,EXTERNAL_SAMPLE/0000394.png,restoration_poisoned,poisoned,1,0,0,6.874515533447266,2.1680514812469482,4.706463813781738,0.9630734920501709,0.00870298407971859
395,395,EXTERNAL_SAMPLE/0000395.png,restoration_poisoned,poisoned,1,0,1,3.9741902351379395,4.698022365570068,-0.7238321304321289,0.23824961483478546,0.49134722352027893
396,396,EXTERNAL_SAMPLE/0000396.png,restoration_poisoned,poisoned,1,0,1,6.668385028839111,7.233780860900879,-0.5653958320617676,0.3570791780948639,0.6285108923912048
397,397,EXTERNAL_SAMPLE/0000397.png,restoration_poisoned,poisoned,1,0,1,3.334421157836914,6.146191596984863,-2.811770439147949,0.05447178706526756,0.9063751697540283
398,398,EXTERNAL_SAMPLE/0000398.png,restoration_poisoned,poisoned,1,0,0,18.559701919555664,6.10540771484375,12.454294204711914,0.9999959468841553,3.900919637089828e-06
399,399,EXTERNAL_SAMPLE/0000399.png,restoration_poisoned,poisoned,1,0,1,7.7058820724487305,10.008852005004883,-2.3029699325561523,0.09081696718931198,0.9085192680358887
400,400,EXTERNAL_SAMPLE/0000400.png,restoration_poisoned,poisoned,1,0,0,7.993921756744385,5.505928039550781,2.4879937171936035,0.9160246849060059,0.07610009610652924
401,401,EXTERNAL_SAMPLE/0000401.png,restoration_poisoned,poisoned,1,0,0,10.831608772277832,5.503526210784912,5.32808256149292,0.9927980899810791,0.004818413406610489
402,402,EXTERNAL_SAMPLE/0000402.png,restoration_poisoned,poisoned,1,0,1,6.117311954498291,10.120241165161133,-4.002929210662842,0.01792570762336254,0.9815815687179565
403,403,EXTERNAL_SAMPLE/0000403.png,restoration_poisoned,poisoned,1,0,0,5.982316017150879,4.837646484375,1.144669532775879,0.720410168170929,0.2293275147676468
404,404,EXTERNAL_SAMPLE/0000404.png,restoration_poisoned,poisoned,1,0,0,9.432242393493652,6.038434028625488,3.393808364868164,0.9660688042640686,0.032441116869449615
405,405,EXTERNAL_SAMPLE/0000405.png,restoration_poisoned,poisoned,1,0,0,8.410660743713379,0.586857795715332,7.823802947998047,0.9837676286697388,0.00039360267692245543
406,406,EXTERNAL_SAMPLE/0000406.png,restoration_poisoned,poisoned,1,0,0,4.26878547668457,2.704495429992676,1.5642900466918945,0.5968549847602844,0.12488385289907455
407,407,EXTERNAL_SAMPLE/0000407.png,restoration_poisoned,poisoned,1,0,1,7.054285049438477,13.655521392822266,-6.601236343383789,0.0013568103313446045,0.9986187219619751
408,408,EXTERNAL_SAMPLE/0000408.png,restoration_poisoned,poisoned,1,0,0,10.355490684509277,6.396907329559326,3.958583354949951,0.9806937575340271,0.018721580505371094
409,409,EXTERNAL_SAMPLE/0000409.png,restoration_poisoned,poisoned,1,0,0,8.430168151855469,4.736314296722412,3.6938538551330566,0.9613680243492126,0.023914940655231476
410,410,EXTERNAL_SAMPLE/0000410.png,restoration_poisoned,poisoned,1,0,0,7.19852352142334,4.293191432952881,2.905332088470459,0.9346328377723694,0.0511530302464962
411,411,EXTERNAL_SAMPLE/0000411.png,restoration_poisoned,poisoned,1,0,0,6.851749897003174,4.399875640869141,2.451874256134033,0.9076712727546692,0.07817953824996948
412,412,EXTERNAL_SAMPLE/0000412.png,restoration_poisoned,poisoned,1,0,1,5.060405254364014,8.28569221496582,-3.2252869606018066,0.037993934005498886,0.9559574723243713
413,413,EXTERNAL_SAMPLE/0000413.png,restoration_poisoned,poisoned,1,0,0,5.681872844696045,4.933330059051514,0.7485427856445312,0.6392633318901062,0.3024069666862488
414,414,EXTERNAL_SAMPLE/0000414.png,restoration_poisoned,poisoned,1,0,1,2.411550521850586,8.962018013000488,-6.550467491149902,0.0014220644952729344,0.9948352575302124
415,415,EXTERNAL_SAMPLE/0000415.png,restoration_poisoned,poisoned,1,0,0,12.76778507232666,6.636580944061279,6.131204128265381,0.9977642297744751,0.0021691012661904097
416,416,EXTERNAL_SAMPLE/0000416.png,restoration_poisoned,poisoned,1,0,0,5.6359333992004395,2.8722755908966064,2.763657808303833,0.5959699749946594,0.03758227452635765
417,417,EXTERNAL_SAMPLE/0000417.png,restoration_poisoned,poisoned,1,0,0,9.938643455505371,5.258149147033691,4.68049430847168,0.9891090393066406,0.009173421189188957
418,418,EXTERNAL_SAMPLE/0000418.png,restoration_poisoned,poisoned,1,0,1,5.316324234008789,6.474725246429443,-1.1584010124206543,0.22192665934562683,0.7068001627922058
419,419,EXTERNAL_SAMPLE/0000419.png,restoration_poisoned,poisoned,1,0,0,9.528611183166504,4.817080974578857,4.7115302085876465,0.9899594187736511,0.008900734595954418
420,420,EXTERNAL_SAMPLE/0000420.png,restoration_poisoned,poisoned,1,0,1,7.536499500274658,7.870765686035156,-0.33426618576049805,0.4155234098434448,0.5804507732391357
421,421,EXTERNAL_SAMPLE/0000421.png,restoration_poisoned,poisoned,1,0,1,8.325239181518555,9.067137718200684,-0.7418985366821289,0.3216732144355774,0.6754875183105469
422,422,EXTERNAL_SAMPLE/0000422.png,restoration_poisoned,poisoned,1,0,0,9.117136001586914,2.2584445476531982,6.858691215515137,0.9972199201583862,0.0010473676957190037
423,423,EXTERNAL_SAMPLE/0000423.png,restoration_poisoned,poisoned,1,0,3,2.866854190826416,3.0550286769866943,-0.18817448616027832,0.17723369598388672,0.21392887830734253
424,424,EXTERNAL_SAMPLE/0000424.png,restoration_poisoned,poisoned,1,0,0,8.863143920898438,5.301326751708984,3.561817169189453,0.9706263542175293,0.027553359046578407
425,425,EXTERNAL_SAMPLE/0000425.png,restoration_poisoned,poisoned,1,0,0,8.245834350585938,3.774247884750366,4.471586227416992,0.9836025238037109,0.011241762898862362
426,426,EXTERNAL_SAMPLE/0000426.png,restoration_poisoned,poisoned,1,0,0,10.53838062286377,1.4970993995666504,9.041280746459961,0.9975197911262512,0.0001181253683171235
427,427,EXTERNAL_SAMPLE/0000427.png,restoration_poisoned,poisoned,1,0,0,5.527454853057861,2.4296553134918213,3.09779953956604,0.7581565380096436,0.0342295840382576
428,428,EXTERNAL_SAMPLE/0000428.png,restoration_poisoned,poisoned,1,0,0,6.458637237548828,0.9865314960479736,5.472105979919434,0.9577423930168152,0.004024790599942207
429,429,EXTERNAL_SAMPLE/0000429.png,restoration_poisoned,poisoned,1,0,0,7.316927433013916,1.9171369075775146,5.3997907638549805,0.9399312138557434,0.004246164113283157
430,430,EXTERNAL_SAMPLE/0000430.png,restoration_poisoned,poisoned,1,0,1,5.565962314605713,5.66928243637085,-0.10332012176513672,0.4575558602809906,0.5073591470718384
431,431,EXTERNAL_SAMPLE/0000431.png,restoration_poisoned,poisoned,1,0,1,5.6363630294799805,7.7299065589904785,-2.093543529510498,0.10582578927278519,0.8586298227310181
432,432,EXTERNAL_SAMPLE/0000432.png,restoration_poisoned,poisoned,1,0,1,3.3543896675109863,4.397445201873779,-1.043055534362793,0.13766822218894958,0.39068520069122314
433,433,EXTERNAL_SAMPLE/0000433.png,restoration_poisoned,poisoned,1,0,0,6.15123176574707,5.071379661560059,1.0798521041870117,0.6627594828605652,0.2251034379005432
434,434,EXTERNAL_SAMPLE/0000434.png,restoration_poisoned,poisoned,1,0,1,8.257464408874512,8.617959976196289,-0.36049556732177734,0.402763694524765,0.5775792002677917
435,435,EXTERNAL_SAMPLE/0000435.png,restoration_poisoned,poisoned,1,0,1,8.587922096252441,10.09604263305664,-1.5081205368041992,0.18094502389431,0.8175514340400696
436,436,EXTERNAL_SAMPLE/0000436.png,restoration_poisoned,poisoned,1,0,0,10.965428352355957,7.576696872711182,3.3887314796447754,0.9667508006095886,0.03262925520539284
437,437,EXTERNAL_SAMPLE/0000437.png,restoration_poisoned,poisoned,1,0,0,4.920440196990967,4.782759666442871,0.1376805305480957,0.48963648080825806,0.4266580045223236
438,438,EXTERNAL_SAMPLE/0000438.png,restoration_poisoned,poisoned,1,0,0,6.616671085357666,4.9055986404418945,1.7110724449157715,0.595605731010437,0.10760923475027084
439,439,EXTERNAL_SAMPLE/0000439.png,restoration_poisoned,poisoned,1,0,0,4.631736755371094,4.522496223449707,0.10924053192138672,0.45904025435447693,0.4115363657474518
440,440,EXTERNAL_SAMPLE/0000440.png,restoration_poisoned,poisoned,1,0,0,8.399840354919434,4.547372341156006,3.8524680137634277,0.9399440884590149,0.019952457398176193
441,441,EXTERNAL_SAMPLE/0000441.png,restoration_poisoned,poisoned,1,0,0,6.482929706573486,5.98240852355957,0.500521183013916,0.6093007922172546,0.3693670332431793
442,442,EXTERNAL_SAMPLE/0000442.png,restoration_poisoned,poisoned,1,0,0,10.07580280303955,9.588951110839844,0.48685169219970703,0.6190773248672485,0.3804590702056885
443,443,EXTERNAL_SAMPLE/0000443.png,restoration_poisoned,poisoned,1,0,1,4.9058403968811035,7.661534786224365,-2.7556943893432617,0.058478716760873795,0.9199848771095276
444,444,EXTERNAL_SAMPLE/0000444.png,restoration_poisoned,poisoned,1,0,0,12.49013900756836,2.7920897006988525,9.698049545288086,0.9993854761123657,6.136541196610779e-05
445,445,EXTERNAL_SAMPLE/0000445.png,restoration_poisoned,poisoned,1,0,1,8.722414016723633,9.530919075012207,-0.8085050582885742,0.30783525109291077,0.6909516453742981
446,446,EXTERNAL_SAMPLE/0000446.png,restoration_poisoned,poisoned,1,0,0,6.945042610168457,1.3718130588531494,5.573229789733887,0.9807511568069458,0.003725082380697131
447,447,EXTERNAL_SAMPLE/0000447.png,restoration_poisoned,poisoned,1,0,1,3.7373452186584473,10.787384986877441,-7.050039768218994,0.000865662470459938,0.9980261921882629
448,448,EXTERNAL_SAMPLE/0000448.png,restoration_poisoned,poisoned,1,0,0,8.31485652923584,4.81988525390625,3.49497127532959,0.9558170437812805,0.029008684679865837
449,449,EXTERNAL_SAMPLE/0000449.png,restoration_poisoned,poisoned,1,0,0,8.318361282348633,5.597556114196777,2.7208051681518555,0.9312600493431091,0.061297155916690826
450,450,EXTERNAL_SAMPLE/0000450.png,restoration_poisoned,poisoned,1,0,0,8.276657104492188,7.453011512756348,0.8236455917358398,0.6929983496665955,0.30410775542259216
451,451,EXTERNAL_SAMPLE/0000451.png,restoration_poisoned,poisoned,1,0,0,7.50870418548584,4.22599983215332,3.2827043533325195,0.7351976633071899,0.027589494362473488
452,452,EXTERNAL_SAMPLE/0000452.png,restoration_poisoned,poisoned,1,0,0,7.600088119506836,3.4506795406341553,4.149408340454102,0.9184980988502502,0.014488155953586102
453,453,EXTERNAL_SAMPLE/0000453.png,restoration_poisoned,poisoned,1,0,0,7.5005316734313965,3.6133859157562256,3.887145757675171,0.972176730632782,0.01993330381810665
454,454,EXTERNAL_SAMPLE/0000454.png,restoration_poisoned,poisoned,1,0,0,12.152298927307129,3.824420690536499,8.32787799835205,0.9996629953384399,0.00024160290195140988
455,455,EXTERNAL_SAMPLE/0000455.png,restoration_poisoned,poisoned,1,0,1,5.4062347412109375,12.593743324279785,-7.187508583068848,0.0007552715833298862,0.9990757703781128
456,456,EXTERNAL_SAMPLE/0000456.png,restoration_poisoned,poisoned,1,0,0,6.817813873291016,4.409040451049805,2.408773422241211,0.9035524725914001,0.08125243335962296
457,457,EXTERNAL_SAMPLE/0000457.png,restoration_poisoned,poisoned,1,0,0,11.579028129577637,4.423914909362793,7.155113220214844,0.9988846182823181,0.000779990223236382
458,458,EXTERNAL_SAMPLE/0000458.png,restoration_poisoned,poisoned,1,0,0,9.130696296691895,3.120361804962158,6.010334491729736,0.9931612014770508,0.002436490263789892
459,459,EXTERNAL_SAMPLE/0000459.png,restoration_poisoned,poisoned,1,0,0,7.607387542724609,3.0914957523345947,4.515892028808594,0.9476320147514343,0.010361263528466225
460,460,EXTERNAL_SAMPLE/0000460.png,restoration_poisoned,poisoned,1,0,0,8.19314956665039,5.258913993835449,2.9342355728149414,0.941417932510376,0.05005646497011185
461,461,EXTERNAL_SAMPLE/0000461.png,restoration_poisoned,poisoned,1,0,3,4.966437339782715,4.586292743682861,0.3801445960998535,0.30180108547210693,0.20636029541492462
462,462,EXTERNAL_SAMPLE/0000462.png,restoration_poisoned,poisoned,1,0,0,9.575020790100098,4.520297527313232,5.054723262786865,0.9921148419380188,0.006328831426799297
463,463,EXTERNAL_SAMPLE/0000463.png,restoration_poisoned,poisoned,1,0,0,6.841092109680176,6.110856533050537,0.7302355766296387,0.6632310748100281,0.3195417523384094
464,464,EXTERNAL_SAMPLE/0000464.png,restoration_poisoned,poisoned,1,0,1,9.023371696472168,10.317785263061523,-1.2944135665893555,0.21222369372844696,0.7743735313415527
465,465,EXTERNAL_SAMPLE/0000465.png,restoration_poisoned,poisoned,1,0,1,4.852849006652832,10.03028678894043,-5.177437782287598,0.005606280639767647,0.9935905933380127
466,466,EXTERNAL_SAMPLE/0000466.png,restoration_poisoned,poisoned,1,0,0,4.657893657684326,1.8929319381713867,2.7649617195129395,0.7410529255867004,0.04667041078209877
467,467,EXTERNAL_SAMPLE/0000467.png,restoration_poisoned,poisoned,1,0,0,5.00029182434082,3.9061439037323,1.0941479206085205,0.5414570569992065,0.18129323422908783
468,468,EXTERNAL_SAMPLE/0000468.png,restoration_poisoned,poisoned,1,0,0,7.426236152648926,5.308559894561768,2.117676258087158,0.8861808180809021,0.10661718994379044
469,469,EXTERNAL_SAMPLE/0000469.png,restoration_poisoned,poisoned,1,0,0,11.35451889038086,4.034926414489746,7.319592475891113,0.9991402626037598,0.0006618625484406948
470,470,EXTERNAL_SAMPLE/0000470.png,restoration_poisoned,poisoned,1,0,1,3.647853374481201,3.9126007556915283,-0.26474738121032715,0.23111510276794434,0.30116650462150574
471,471,EXTERNAL_SAMPLE/0000471.png,restoration_poisoned,poisoned,1,0,0,8.299697875976562,5.462281227111816,2.837416648864746,0.940378725528717,0.05508437380194664
472,472,EXTERNAL_SAMPLE/0000472.png,restoration_poisoned,poisoned,1,0,0,6.926230430603027,6.128223419189453,0.7980070114135742,0.6746399402618408,0.3037400245666504
473,473,EXTERNAL_SAMPLE/0000473.png,restoration_poisoned,poisoned,1,0,0,8.722874641418457,3.623785972595215,5.099088668823242,0.9849278926849365,0.006010330747812986
474,474,EXTERNAL_SAMPLE/0000474.png,restoration_poisoned,poisoned,1,0,0,9.994232177734375,6.903767108917236,3.0904650688171387,0.9559330344200134,0.04347660019993782
475,475,EXTERNAL_SAMPLE/0000475.png,restoration_poisoned,poisoned,1,0,0,8.143317222595215,2.363204002380371,5.780113220214844,0.9643347263336182,0.002978218486532569
476,476,EXTERNAL_SAMPLE/0000476.png,restoration_poisoned,poisoned,1,0,0,8.12606430053711,5.907107353210449,2.21895694732666,0.8926698565483093,0.09705325961112976
477,477,EXTERNAL_SAMPLE/0000477.png,restoration_poisoned,poisoned,1,0,1,5.024206638336182,7.9991278648376465,-2.974921226501465,0.04806810989975929,0.9415619373321533
478,478,EXTERNAL_SAMPLE/0000478.png,restoration_poisoned,poisoned,1,0,0,5.796554088592529,2.400359630584717,3.3961944580078125,0.7028142809867859,0.023544641211628914
479,479,EXTERNAL_SAMPLE/0000479.png,restoration_poisoned,poisoned,1,0,1,1.799136757850647,8.630304336547852,-6.831167697906494,0.001072134473361075,0.9930879473686218
480,480,EXTERNAL_SAMPLE/0000480.png,restoration_poisoned,poisoned,1,0,1,2.829453945159912,7.429715156555176,-4.600261211395264,0.009142913855612278,0.9098141193389893
481,481,EXTERNAL_SAMPLE/0000481.png,restoration_poisoned,poisoned,1,0,0,15.491781234741211,5.923693656921387,9.568087577819824,0.9999275207519531,6.991991540417075e-05
482,482,EXTERNAL_SAMPLE/0000482.png,restoration_poisoned,poisoned,1,0,0,5.9734601974487305,5.969690322875977,0.0037698745727539062,0.4686952233314514,0.46693164110183716
483,483,EXTERNAL_SAMPLE/0000483.png,restoration_poisoned,poisoned,1,0,0,8.998435020446777,3.502227544784546,5.496207237243652,0.992294192314148,0.004070689436048269
484,484,EXTERNAL_SAMPLE/0000484.png,restoration_poisoned,poisoned,1,0,0,8.390262603759766,6.18354606628418,2.206716537475586,0.8979798555374146,0.09883294999599457
485,485,EXTERNAL_SAMPLE/0000485.png,restoration_poisoned,poisoned,1,0,0,13.071385383605957,8.654292106628418,4.417093276977539,0.9880375862121582,0.011924886144697666
486,486,EXTERNAL_SAMPLE/0000486.png,restoration_poisoned,poisoned,1,0,0,6.182048797607422,3.907327175140381,2.274721622467041,0.8145549893379211,0.08375704288482666
487,487,EXTERNAL_SAMPLE/0000487.png,restoration_poisoned,poisoned,1,0,0,11.318195343017578,3.106874942779541,8.211320877075195,0.9995096921920776,0.00027142863837070763
488,488,EXTERNAL_SAMPLE/0000488.png,restoration_poisoned,poisoned,1,0,0,11.495122909545898,5.964308738708496,5.530814170837402,0.995899498462677,0.003946512006223202
489,489,EXTERNAL_SAMPLE/0000489.png,restoration_poisoned,poisoned,1,0,0,6.118183612823486,6.081498622894287,0.03668498992919922,0.489424467086792,0.47179529070854187
490,490,EXTERNAL_SAMPLE/0000490.png,restoration_poisoned,poisoned,1,0,0,8.872516632080078,7.033380508422852,1.8391361236572266,0.860144317150116,0.13672398030757904
491,491,EXTERNAL_SAMPLE/0000491.png,restoration_poisoned,poisoned,1,0,0,8.028803825378418,7.315425872802734,0.7133779525756836,0.6683335304260254,0.3274742066860199
492,492,EXTERNAL_SAMPLE/0000492.png,restoration_poisoned,poisoned,1,0,0,10.848644256591797,7.709683418273926,3.138960838317871,0.9582327604293823,0.04151811823248863
493,493,EXTERNAL_SAMPLE/0000493.png,restoration_poisoned,poisoned,1,0,0,9.345924377441406,7.176830291748047,2.1690940856933594,0.8963227868080139,0.1024327501654625
494,494,EXTERNAL_SAMPLE/0000494.png,restoration_poisoned,poisoned,1,0,1,3.4576501846313477,6.800791263580322,-3.3431410789489746,0.03350505977869034,0.9484580755233765
495,495,EXTERNAL_SAMPLE/0000495.png,restoration_poisoned,poisoned,1,0,0,13.893545150756836,7.33858585357666,6.554959297180176,0.998572587966919,0.0014210096560418606
496,496,EXTERNAL_SAMPLE/0000496.png,restoration_poisoned,poisoned,1,0,0,8.946823120117188,8.810503005981445,0.1363201141357422,0.5334510207176208,0.4654697775840759
497,497,EXTERNAL_SAMPLE/0000497.png,restoration_poisoned,poisoned,1,0,0,4.986506462097168,3.167788505554199,1.8187179565429688,0.733528733253479,0.11900300532579422
498,498,EXTERNAL_SAMPLE/0000498.png,restoration_poisoned,poisoned,1,0,0,11.955707550048828,7.73001766204834,4.225689888000488,0.9855308532714844,0.01440377812832594
499,499,EXTERNAL_SAMPLE/0000499.png,restoration_poisoned,poisoned,1,0,0,12.18875503540039,7.26242733001709,4.926327705383301,0.9926908612251282,0.0072000762447714806
500,500,EXTERNAL_SAMPLE/0000500.png,restoration_poisoned,poisoned,1,0,0,9.017143249511719,5.3651323318481445,3.652010917663574,0.9730209112167358,0.025239108130335808
501,501,EXTERNAL_SAMPLE/0000501.png,restoration_poisoned,poisoned,1,0,0,11.620747566223145,3.157514810562134,8.46323299407959,0.9993891716003418,0.0002109595952788368
502,502,EXTERNAL_SAMPLE/0000502.png,restoration_poisoned,poisoned,1,0,0,8.268721580505371,3.5107507705688477,4.757970809936523,0.9736908078193665,0.008357196114957333
503,503,EXTERNAL_SAMPLE/0000503.png,restoration_poisoned,poisoned,1,0,0,7.502935409545898,6.76552677154541,0.7374086380004883,0.6723360419273376,0.32161325216293335
504,504,EXTERNAL_SAMPLE/0000504.png,restoration_poisoned,poisoned,1,0,0,8.541335105895996,6.372147083282471,2.1691880226135254,0.8932753801345825,0.10207489877939224
505,505,EXTERNAL_SAMPLE/0000505.png,restoration_poisoned,poisoned,1,0,0,7.091289043426514,5.4644036293029785,1.6268854141235352,0.818881094455719,0.16094352304935455
506,506,EXTERNAL_SAMPLE/0000506.png,restoration_poisoned,poisoned,1,0,0,11.514403343200684,1.7664856910705566,9.747917175292969,0.9996649026870728,5.8396635722601786e-05
507,507,EXTERNAL_SAMPLE/0000507.png,restoration_poisoned,poisoned,1,0,1,6.432080268859863,8.454802513122559,-2.0227222442626953,0.11643514782190323,0.8801186680793762
508,508,EXTERNAL_SAMPLE/0000508.png,restoration_poisoned,poisoned,1,0,1,5.177945137023926,6.458608150482178,-1.280663013458252,0.1269892156124115,0.4570373594760895
509,509,EXTERNAL_SAMPLE/0000509.png,restoration_poisoned,poisoned,1,0,0,13.268354415893555,9.024672508239746,4.243681907653809,0.9858301281929016,0.014151237905025482
510,510,EXTERNAL_SAMPLE/0000510.png,restoration_poisoned,poisoned,1,0,0,11.45380687713623,4.127927780151367,7.325879096984863,0.9985705614089966,0.0006573397549800575
511,511,EXTERNAL_SAMPLE/0000511.png,restoration_poisoned,poisoned,1,0,0,9.846189498901367,9.590633392333984,0.2555561065673828,0.5633813142776489,0.43633076548576355
0,0,EXTERNAL_SAMPLE/0000000.png,degradation_restoration_clean,clean,0,0,4,3.7066078186035156,3.7066078186035156,0.0,0.10836686193943024,0.10836686193943024
1,1,EXTERNAL_SAMPLE/0000001.png,degradation_restoration_clean,clean,0,0,0,7.2886481285095215,7.2886481285095215,0.0,0.9719439148902893,0.9719439148902893
2,2,EXTERNAL_SAMPLE/0000002.png,degradation_restoration_clean,clean,0,0,0,8.61518383026123,8.61518383026123,0.0,0.9926965236663818,0.9926965236663818
3,3,EXTERNAL_SAMPLE/0000003.png,degradation_restoration_clean,clean,0,0,0,10.589984893798828,10.589984893798828,0.0,0.9970922470092773,0.9970922470092773
4,4,EXTERNAL_SAMPLE/0000004.png,degradation_restoration_clean,clean,0,0,0,7.962690353393555,7.962690353393555,0.0,0.9881064891815186,0.9881064891815186
5,5,EXTERNAL_SAMPLE/0000005.png,degradation_restoration_clean,clean,0,0,0,7.347363471984863,7.347363471984863,0.0,0.984859049320221,0.984859049320221
6,6,EXTERNAL_SAMPLE/0000006.png,degradation_restoration_clean,clean,0,0,0,4.056552886962891,4.056552886962891,0.0,0.37678098678588867,0.37678098678588867
7,7,EXTERNAL_SAMPLE/0000007.png,degradation_restoration_clean,clean,0,0,0,12.90610122680664,12.90610122680664,0.0,0.9999034404754639,0.9999034404754639
8,8,EXTERNAL_SAMPLE/0000008.png,degradation_restoration_clean,clean,0,0,0,15.55469799041748,15.55469799041748,0.0,0.9999951124191284,0.9999951124191284
9,9,EXTERNAL_SAMPLE/0000009.png,degradation_restoration_clean,clean,0,0,0,9.309073448181152,9.309073448181152,0.0,0.9953109622001648,0.9953109622001648
10,10,EXTERNAL_SAMPLE/0000010.png,degradation_restoration_clean,clean,0,0,0,11.145416259765625,11.145416259765625,0.0,0.9966639876365662,0.9966639876365662
11,11,EXTERNAL_SAMPLE/0000011.png,degradation_restoration_clean,clean,0,0,0,8.483206748962402,8.483206748962402,0.0,0.9916016459465027,0.9916016459465027
12,12,EXTERNAL_SAMPLE/0000012.png,degradation_restoration_clean,clean,0,0,0,9.559617042541504,9.559617042541504,0.0,0.9977471232414246,0.9977471232414246
13,13,EXTERNAL_SAMPLE/0000013.png,degradation_restoration_clean,clean,0,0,0,9.44471549987793,9.44471549987793,0.0,0.9945859909057617,0.9945859909057617
14,14,EXTERNAL_SAMPLE/0000014.png,degradation_restoration_clean,clean,0,0,0,13.291882514953613,13.291882514953613,0.0,0.9998424053192139,0.9998424053192139
15,15,EXTERNAL_SAMPLE/0000015.png,degradation_restoration_clean,clean,0,0,0,10.917938232421875,10.917938232421875,0.0,0.9981599450111389,0.9981599450111389
16,16,EXTERNAL_SAMPLE/0000016.png,degradation_restoration_clean,clean,0,0,0,6.944291591644287,6.944291591644287,0.0,0.9272561073303223,0.9272561073303223
17,17,EXTERNAL_SAMPLE/0000017.png,degradation_restoration_clean,clean,0,0,0,11.257862091064453,11.257862091064453,0.0,0.9989988207817078,0.9989988207817078
18,18,EXTERNAL_SAMPLE/0000018.png,degradation_restoration_clean,clean,0,0,0,11.398921012878418,11.398921012878418,0.0,0.9996969699859619,0.9996969699859619
19,19,EXTERNAL_SAMPLE/0000019.png,degradation_restoration_clean,clean,0,0,0,6.672542095184326,6.672542095184326,0.0,0.7722993493080139,0.7722993493080139
20,20,EXTERNAL_SAMPLE/0000020.png,degradation_restoration_clean,clean,0,0,0,14.236908912658691,14.236908912658691,0.0,0.9999853372573853,0.9999853372573853
21,21,EXTERNAL_SAMPLE/0000021.png,degradation_restoration_clean,clean,0,0,6,1.4548145532608032,1.4548145532608032,0.0,0.03594775125384331,0.03594775125384331
22,22,EXTERNAL_SAMPLE/0000022.png,degradation_restoration_clean,clean,0,0,0,6.747314929962158,6.747314929962158,0.0,0.930091917514801,0.930091917514801
23,23,EXTERNAL_SAMPLE/0000023.png,degradation_restoration_clean,clean,0,0,0,11.6853609085083,11.6853609085083,0.0,0.9992809891700745,0.9992809891700745
24,24,EXTERNAL_SAMPLE/0000024.png,degradation_restoration_clean,clean,0,0,0,7.087762832641602,7.087762832641602,0.0,0.9252198934555054,0.9252198934555054
25,25,EXTERNAL_SAMPLE/0000025.png,degradation_restoration_clean,clean,0,0,0,9.441141128540039,9.441141128540039,0.0,0.9903221726417542,0.9903221726417542
26,26,EXTERNAL_SAMPLE/0000026.png,degradation_restoration_clean,clean,0,0,3,6.581312656402588,6.581312656402588,0.0,0.48273420333862305,0.48273420333862305
27,27,EXTERNAL_SAMPLE/0000027.png,degradation_restoration_clean,clean,0,0,0,9.569869995117188,9.569869995117188,0.0,0.9969713687896729,0.9969713687896729
28,28,EXTERNAL_SAMPLE/0000028.png,degradation_restoration_clean,clean,0,0,0,9.308995246887207,9.308995246887207,0.0,0.9753209948539734,0.9753209948539734
29,29,EXTERNAL_SAMPLE/0000029.png,degradation_restoration_clean,clean,0,0,0,12.298673629760742,12.298673629760742,0.0,0.9998615980148315,0.9998615980148315
30,30,EXTERNAL_SAMPLE/0000030.png,degradation_restoration_clean,clean,0,0,0,12.36556339263916,12.36556339263916,0.0,0.9996846914291382,0.9996846914291382
31,31,EXTERNAL_SAMPLE/0000031.png,degradation_restoration_clean,clean,0,0,0,9.935257911682129,9.935257911682129,0.0,0.946583092212677,0.946583092212677
32,32,EXTERNAL_SAMPLE/0000032.png,degradation_restoration_clean,clean,0,0,0,8.363842964172363,8.363842964172363,0.0,0.9882516264915466,0.9882516264915466
33,33,EXTERNAL_SAMPLE/0000033.png,degradation_restoration_clean,clean,0,0,0,6.628546714782715,6.628546714782715,0.0,0.86264967918396,0.86264967918396
34,34,EXTERNAL_SAMPLE/0000034.png,degradation_restoration_clean,clean,0,0,2,1.0231833457946777,1.0231833457946777,0.0,6.96545685059391e-05,6.96545685059391e-05
35,35,EXTERNAL_SAMPLE/0000035.png,degradation_restoration_clean,clean,0,0,0,12.692941665649414,12.692941665649414,0.0,0.9999312162399292,0.9999312162399292
36,36,EXTERNAL_SAMPLE/0000036.png,degradation_restoration_clean,clean,0,0,0,9.094687461853027,9.094687461853027,0.0,0.9917057752609253,0.9917057752609253
37,37,EXTERNAL_SAMPLE/0000037.png,degradation_restoration_clean,clean,0,0,0,7.9375386238098145,7.9375386238098145,0.0,0.9897130727767944,0.9897130727767944
38,38,EXTERNAL_SAMPLE/0000038.png,degradation_restoration_clean,clean,0,0,0,6.66984224319458,6.66984224319458,0.0,0.8693344593048096,0.8693344593048096
39,39,EXTERNAL_SAMPLE/0000039.png,degradation_restoration_clean,clean,0,0,0,12.807952880859375,12.807952880859375,0.0,0.9999043941497803,0.9999043941497803
40,40,EXTERNAL_SAMPLE/0000040.png,degradation_restoration_clean,clean,0,0,0,7.382612705230713,7.382612705230713,0.0,0.9045721888542175,0.9045721888542175
41,41,EXTERNAL_SAMPLE/0000041.png,degradation_restoration_clean,clean,0,0,0,13.347600936889648,13.347600936889648,0.0,0.9991135001182556,0.9991135001182556
42,42,EXTERNAL_SAMPLE/0000042.png,degradation_restoration_clean,clean,0,0,0,10.84640884399414,10.84640884399414,0.0,0.9985893368721008,0.9985893368721008
43,43,EXTERNAL_SAMPLE/0000043.png,degradation_restoration_clean,clean,0,0,0,12.290740013122559,12.290740013122559,0.0,0.9998899698257446,0.9998899698257446
44,44,EXTERNAL_SAMPLE/0000044.png,degradation_restoration_clean,clean,0,0,0,5.773779392242432,5.773779392242432,0.0,0.7877545952796936,0.7877545952796936
45,45,EXTERNAL_SAMPLE/0000045.png,degradation_restoration_clean,clean,0,0,0,6.5548787117004395,6.5548787117004395,0.0,0.8901491761207581,0.8901491761207581
46,46,EXTERNAL_SAMPLE/0000046.png,degradation_restoration_clean,clean,0,0,0,12.175810813903809,12.175810813903809,0.0,0.9998277425765991,0.9998277425765991
47,47,EXTERNAL_SAMPLE/0000047.png,degradation_restoration_clean,clean,0,0,0,10.2919340133667,10.2919340133667,0.0,0.9988678693771362,0.9988678693771362
48,48,EXTERNAL_SAMPLE/0000048.png,degradation_restoration_clean,clean,0,0,0,15.623584747314453,15.623584747314453,0.0,0.9999765157699585,0.9999765157699585
49,49,EXTERNAL_SAMPLE/0000049.png,degradation_restoration_clean,clean,0,0,1,1.8782280683517456,1.8782280683517456,0.0,0.02378203719854355,0.02378203719854355
50,50,EXTERNAL_SAMPLE/0000050.png,degradation_restoration_clean,clean,0,0,0,6.771640300750732,6.771640300750732,0.0,0.928133487701416,0.928133487701416
51,51,EXTERNAL_SAMPLE/0000051.png,degradation_restoration_clean,clean,0,0,0,12.465580940246582,12.465580940246582,0.0,0.9998594522476196,0.9998594522476196
52,52,EXTERNAL_SAMPLE/0000052.png,degradation_restoration_clean,clean,0,0,0,11.68513011932373,11.68513011932373,0.0,0.99931800365448,0.99931800365448
53,53,EXTERNAL_SAMPLE/0000053.png,degradation_restoration_clean,clean,0,0,4,4.10712194442749,4.10712194442749,0.0,0.2376687228679657,0.2376687228679657
54,54,EXTERNAL_SAMPLE/0000054.png,degradation_restoration_clean,clean,0,0,0,13.970054626464844,13.970054626464844,0.0,0.9999653100967407,0.9999653100967407
55,55,EXTERNAL_SAMPLE/0000055.png,degradation_restoration_clean,clean,0,0,0,9.544658660888672,9.544658660888672,0.0,0.9948198199272156,0.9948198199272156
56,56,EXTERNAL_SAMPLE/0000056.png,degradation_restoration_clean,clean,0,0,0,7.378841400146484,7.378841400146484,0.0,0.9829313158988953,0.9829313158988953
57,57,EXTERNAL_SAMPLE/0000057.png,degradation_restoration_clean,clean,0,0,0,7.754629135131836,7.754629135131836,0.0,0.9715454578399658,0.9715454578399658
58,58,EXTERNAL_SAMPLE/0000058.png,degradation_restoration_clean,clean,0,0,3,4.482217788696289,4.482217788696289,0.0,0.12440547347068787,0.12440547347068787
59,59,EXTERNAL_SAMPLE/0000059.png,degradation_restoration_clean,clean,0,0,4,1.0698133707046509,1.0698133707046509,0.0,0.004905181936919689,0.004905181936919689
60,60,EXTERNAL_SAMPLE/0000060.png,degradation_restoration_clean,clean,0,0,0,9.007429122924805,9.007429122924805,0.0,0.9933032393455505,0.9933032393455505
61,61,EXTERNAL_SAMPLE/0000061.png,degradation_restoration_clean,clean,0,0,0,9.105890274047852,9.105890274047852,0.0,0.9918351173400879,0.9918351173400879
62,62,EXTERNAL_SAMPLE/0000062.png,degradation_restoration_clean,clean,0,0,0,7.514074325561523,7.514074325561523,0.0,0.9848526120185852,0.9848526120185852
63,63,EXTERNAL_SAMPLE/0000063.png,degradation_restoration_clean,clean,0,0,0,8.413305282592773,8.413305282592773,0.0,0.9906601309776306,0.9906601309776306
64,64,EXTERNAL_SAMPLE/0000064.png,degradation_restoration_clean,clean,0,0,0,8.86178207397461,8.86178207397461,0.0,0.9964356422424316,0.9964356422424316
65,65,EXTERNAL_SAMPLE/0000065.png,degradation_restoration_clean,clean,0,0,0,12.889735221862793,12.889735221862793,0.0,0.9999487400054932,0.9999487400054932
66,66,EXTERNAL_SAMPLE/0000066.png,degradation_restoration_clean,clean,0,0,4,6.694542407989502,6.694542407989502,0.0,0.487369567155838,0.487369567155838
67,67,EXTERNAL_SAMPLE/0000067.png,degradation_restoration_clean,clean,0,0,0,7.679925918579102,7.679925918579102,0.0,0.9710733890533447,0.9710733890533447
68,68,EXTERNAL_SAMPLE/0000068.png,degradation_restoration_clean,clean,0,0,0,10.404115676879883,10.404115676879883,0.0,0.9833154678344727,0.9833154678344727
69,69,EXTERNAL_SAMPLE/0000069.png,degradation_restoration_clean,clean,0,0,0,6.272684574127197,6.272684574127197,0.0,0.5166372060775757,0.5166372060775757
70,70,EXTERNAL_SAMPLE/0000070.png,degradation_restoration_clean,clean,0,0,0,8.40573787689209,8.40573787689209,0.0,0.9883014559745789,0.9883014559745789
71,71,EXTERNAL_SAMPLE/0000071.png,degradation_restoration_clean,clean,0,0,0,4.931373119354248,4.931373119354248,0.0,0.4413871169090271,0.4413871169090271
72,72,EXTERNAL_SAMPLE/0000072.png,degradation_restoration_clean,clean,0,0,0,14.458812713623047,14.458812713623047,0.0,0.9999507665634155,0.9999507665634155
73,73,EXTERNAL_SAMPLE/0000073.png,degradation_restoration_clean,clean,0,0,0,10.013619422912598,10.013619422912598,0.0,0.9990012049674988,0.9990012049674988
74,74,EXTERNAL_SAMPLE/0000074.png,degradation_restoration_clean,clean,0,0,0,6.964881896972656,6.964881896972656,0.0,0.9539979696273804,0.9539979696273804
75,75,EXTERNAL_SAMPLE/0000075.png,degradation_restoration_clean,clean,0,0,0,7.175775051116943,7.175775051116943,0.0,0.9386657476425171,0.9386657476425171
76,76,EXTERNAL_SAMPLE/0000076.png,degradation_restoration_clean,clean,0,0,0,15.009092330932617,15.009092330932617,0.0,0.9999876022338867,0.9999876022338867
77,77,EXTERNAL_SAMPLE/0000077.png,degradation_restoration_clean,clean,0,0,0,9.133326530456543,9.133326530456543,0.0,0.9882649183273315,0.9882649183273315
78,78,EXTERNAL_SAMPLE/0000078.png,degradation_restoration_clean,clean,0,0,0,14.48537540435791,14.48537540435791,0.0,0.9999853372573853,0.9999853372573853
79,79,EXTERNAL_SAMPLE/0000079.png,degradation_restoration_clean,clean,0,0,0,11.652555465698242,11.652555465698242,0.0,0.9992024302482605,0.9992024302482605
80,80,EXTERNAL_SAMPLE/0000080.png,degradation_restoration_clean,clean,0,0,0,10.348428726196289,10.348428726196289,0.0,0.998650848865509,0.998650848865509
81,81,EXTERNAL_SAMPLE/0000081.png,degradation_restoration_clean,clean,0,0,0,9.220376014709473,9.220376014709473,0.0,0.9909406900405884,0.9909406900405884
82,82,EXTERNAL_SAMPLE/0000082.png,degradation_restoration_clean,clean,0,0,0,5.422847270965576,5.422847270965576,0.0,0.6560441851615906,0.6560441851615906
83,83,EXTERNAL_SAMPLE/0000083.png,degradation_restoration_clean,clean,0,0,0,6.588279724121094,6.588279724121094,0.0,0.9276294708251953,0.9276294708251953
84,84,EXTERNAL_SAMPLE/0000084.png,degradation_restoration_clean,clean,0,0,0,10.026535034179688,10.026535034179688,0.0,0.9981338381767273,0.9981338381767273
85,85,EXTERNAL_SAMPLE/0000085.png,degradation_restoration_clean,clean,0,0,0,11.622519493103027,11.622519493103027,0.0,0.9985734224319458,0.9985734224319458
86,86,EXTERNAL_SAMPLE/0000086.png,degradation_restoration_clean,clean,0,0,0,9.457769393920898,9.457769393920898,0.0,0.9961113333702087,0.9961113333702087
87,87,EXTERNAL_SAMPLE/0000087.png,degradation_restoration_clean,clean,0,0,0,12.498759269714355,12.498759269714355,0.0,0.999908447265625,0.999908447265625
88,88,EXTERNAL_SAMPLE/0000088.png,degradation_restoration_clean,clean,0,0,0,10.806575775146484,10.806575775146484,0.0,0.9980080723762512,0.9980080723762512
89,89,EXTERNAL_SAMPLE/0000089.png,degradation_restoration_clean,clean,0,0,0,6.283273220062256,6.283273220062256,0.0,0.9288851022720337,0.9288851022720337
90,90,EXTERNAL_SAMPLE/0000090.png,degradation_restoration_clean,clean,0,0,0,8.977222442626953,8.977222442626953,0.0,0.9863125681877136,0.9863125681877136
91,91,EXTERNAL_SAMPLE/0000091.png,degradation_restoration_clean,clean,0,0,0,12.564035415649414,12.564035415649414,0.0,0.9996994733810425,0.9996994733810425
92,92,EXTERNAL_SAMPLE/0000092.png,degradation_restoration_clean,clean,0,0,1,3.7400386333465576,3.7400386333465576,0.0,0.20568545162677765,0.20568545162677765
93,93,EXTERNAL_SAMPLE/0000093.png,degradation_restoration_clean,clean,0,0,0,5.395927906036377,5.395927906036377,0.0,0.8856446146965027,0.8856446146965027
94,94,EXTERNAL_SAMPLE/0000094.png,degradation_restoration_clean,clean,0,0,4,2.725756883621216,2.725756883621216,0.0,0.1593172550201416,0.1593172550201416
95,95,EXTERNAL_SAMPLE/0000095.png,degradation_restoration_clean,clean,0,0,4,2.5381951332092285,2.5381951332092285,0.0,0.07694657891988754,0.07694657891988754
96,96,EXTERNAL_SAMPLE/0000096.png,degradation_restoration_clean,clean,0,0,0,9.382950782775879,9.382950782775879,0.0,0.9935604333877563,0.9935604333877563
97,97,EXTERNAL_SAMPLE/0000097.png,degradation_restoration_clean,clean,0,0,0,13.127442359924316,13.127442359924316,0.0,0.999936580657959,0.999936580657959
98,98,EXTERNAL_SAMPLE/0000098.png,degradation_restoration_clean,clean,0,0,0,6.414823532104492,6.414823532104492,0.0,0.9521661996841431,0.9521661996841431
99,99,EXTERNAL_SAMPLE/0000099.png,degradation_restoration_clean,clean,0,0,0,6.660149574279785,6.660149574279785,0.0,0.9320021271705627,0.9320021271705627
100,100,EXTERNAL_SAMPLE/0000100.png,degradation_restoration_clean,clean,0,0,0,7.609382152557373,7.609382152557373,0.0,0.9808380007743835,0.9808380007743835
101,101,EXTERNAL_SAMPLE/0000101.png,degradation_restoration_clean,clean,0,0,4,2.8201825618743896,2.8201825618743896,0.0,0.14580190181732178,0.14580190181732178
102,102,EXTERNAL_SAMPLE/0000102.png,degradation_restoration_clean,clean,0,0,0,9.390775680541992,9.390775680541992,0.0,0.9939630627632141,0.9939630627632141
103,103,EXTERNAL_SAMPLE/0000103.png,degradation_restoration_clean,clean,0,0,0,18.10483169555664,18.10483169555664,0.0,0.9999996423721313,0.9999996423721313
104,104,EXTERNAL_SAMPLE/0000104.png,degradation_restoration_clean,clean,0,0,0,12.51509952545166,12.51509952545166,0.0,0.9997596144676208,0.9997596144676208
105,105,EXTERNAL_SAMPLE/0000105.png,degradation_restoration_clean,clean,0,0,0,10.822563171386719,10.822563171386719,0.0,0.9981813430786133,0.9981813430786133
106,106,EXTERNAL_SAMPLE/0000106.png,degradation_restoration_clean,clean,0,0,1,6.247391700744629,6.247391700744629,0.0,0.37933027744293213,0.37933027744293213
107,107,EXTERNAL_SAMPLE/0000107.png,degradation_restoration_clean,clean,0,0,0,12.023386001586914,12.023386001586914,0.0,0.9998470544815063,0.9998470544815063
108,108,EXTERNAL_SAMPLE/0000108.png,degradation_restoration_clean,clean,0,0,0,11.331018447875977,11.331018447875977,0.0,0.9928094148635864,0.9928094148635864
109,109,EXTERNAL_SAMPLE/0000109.png,degradation_restoration_clean,clean,0,0,0,7.9910736083984375,7.9910736083984375,0.0,0.9744759798049927,0.9744759798049927
110,110,EXTERNAL_SAMPLE/0000110.png,degradation_restoration_clean,clean,0,0,0,7.920711517333984,7.920711517333984,0.0,0.9804800748825073,0.9804800748825073
111,111,EXTERNAL_SAMPLE/0000111.png,degradation_restoration_clean,clean,0,0,4,4.445765972137451,4.445765972137451,0.0,0.26063668727874756,0.26063668727874756
112,112,EXTERNAL_SAMPLE/0000112.png,degradation_restoration_clean,clean,0,0,0,10.612471580505371,10.612471580505371,0.0,0.9990977048873901,0.9990977048873901
113,113,EXTERNAL_SAMPLE/0000113.png,degradation_restoration_clean,clean,0,0,4,1.9178673028945923,1.9178673028945923,0.0,0.04532338306307793,0.04532338306307793
114,114,EXTERNAL_SAMPLE/0000114.png,degradation_restoration_clean,clean,0,0,0,12.59169864654541,12.59169864654541,0.0,0.9999243021011353,0.9999243021011353
115,115,EXTERNAL_SAMPLE/0000115.png,degradation_restoration_clean,clean,0,0,0,15.803088188171387,15.803088188171387,0.0,0.9999971389770508,0.9999971389770508
116,116,EXTERNAL_SAMPLE/0000116.png,degradation_restoration_clean,clean,0,0,0,9.996037483215332,9.996037483215332,0.0,0.9909732341766357,0.9909732341766357
117,117,EXTERNAL_SAMPLE/0000117.png,degradation_restoration_clean,clean,0,0,0,9.834074020385742,9.834074020385742,0.0,0.9962852001190186,0.9962852001190186
118,118,EXTERNAL_SAMPLE/0000118.png,degradation_restoration_clean,clean,0,0,0,10.197042465209961,10.197042465209961,0.0,0.987885057926178,0.987885057926178
119,119,EXTERNAL_SAMPLE/0000119.png,degradation_restoration_clean,clean,0,0,0,12.787160873413086,12.787160873413086,0.0,0.9998900890350342,0.9998900890350342
120,120,EXTERNAL_SAMPLE/0000120.png,degradation_restoration_clean,clean,0,0,0,9.976308822631836,9.976308822631836,0.0,0.9975384473800659,0.9975384473800659
121,121,EXTERNAL_SAMPLE/0000121.png,degradation_restoration_clean,clean,0,0,0,12.486865997314453,12.486865997314453,0.0,0.999871015548706,0.999871015548706
122,122,EXTERNAL_SAMPLE/0000122.png,degradation_restoration_clean,clean,0,0,0,16.930578231811523,16.930578231811523,0.0,0.999998927116394,0.999998927116394
123,123,EXTERNAL_SAMPLE/0000123.png,degradation_restoration_clean,clean,0,0,0,10.128960609436035,10.128960609436035,0.0,0.9981638789176941,0.9981638789176941
124,124,EXTERNAL_SAMPLE/0000124.png,degradation_restoration_clean,clean,0,0,0,4.853645324707031,4.853645324707031,0.0,0.42716267704963684,0.42716267704963684
125,125,EXTERNAL_SAMPLE/0000125.png,degradation_restoration_clean,clean,0,0,0,12.692692756652832,12.692692756652832,0.0,0.9998729228973389,0.9998729228973389
126,126,EXTERNAL_SAMPLE/0000126.png,degradation_restoration_clean,clean,0,0,0,9.959080696105957,9.959080696105957,0.0,0.9939988851547241,0.9939988851547241
127,127,EXTERNAL_SAMPLE/0000127.png,degradation_restoration_clean,clean,0,0,0,6.981382369995117,6.981382369995117,0.0,0.9696952700614929,0.9696952700614929
128,128,EXTERNAL_SAMPLE/0000128.png,degradation_restoration_clean,clean,0,0,0,12.142646789550781,12.142646789550781,0.0,0.9995343685150146,0.9995343685150146
129,129,EXTERNAL_SAMPLE/0000129.png,degradation_restoration_clean,clean,0,0,0,12.181254386901855,12.181254386901855,0.0,0.9998492002487183,0.9998492002487183
130,130,EXTERNAL_SAMPLE/0000130.png,degradation_restoration_clean,clean,0,0,0,7.83635139465332,7.83635139465332,0.0,0.9561449885368347,0.9561449885368347
131,131,EXTERNAL_SAMPLE/0000131.png,degradation_restoration_clean,clean,0,0,0,8.731063842773438,8.731063842773438,0.0,0.991863489151001,0.991863489151001
132,132,EXTERNAL_SAMPLE/0000132.png,degradation_restoration_clean,clean,0,0,8,2.7419052124023438,2.7419052124023438,0.0,0.11501554399728775,0.11501554399728775
133,133,EXTERNAL_SAMPLE/0000133.png,degradation_restoration_clean,clean,0,0,0,11.601524353027344,11.601524353027344,0.0,0.9996092915534973,0.9996092915534973
134,134,EXTERNAL_SAMPLE/0000134.png,degradation_restoration_clean,clean,0,0,4,4.125917434692383,4.125917434692383,0.0,0.22984588146209717,0.22984588146209717
135,135,EXTERNAL_SAMPLE/0000135.png,degradation_restoration_clean,clean,0,0,0,13.593587875366211,13.593587875366211,0.0,0.9999585151672363,0.9999585151672363
136,136,EXTERNAL_SAMPLE/0000136.png,degradation_restoration_clean,clean,0,0,0,10.318313598632812,10.318313598632812,0.0,0.9931640028953552,0.9931640028953552
137,137,EXTERNAL_SAMPLE/0000137.png,degradation_restoration_clean,clean,0,0,0,5.976303577423096,5.976303577423096,0.0,0.8582580089569092,0.8582580089569092
138,138,EXTERNAL_SAMPLE/0000138.png,degradation_restoration_clean,clean,0,0,0,8.551163673400879,8.551163673400879,0.0,0.985638439655304,0.985638439655304
139,139,EXTERNAL_SAMPLE/0000139.png,degradation_restoration_clean,clean,0,0,4,5.335202217102051,5.335202217102051,0.0,0.07638825476169586,0.07638825476169586
140,140,EXTERNAL_SAMPLE/0000140.png,degradation_restoration_clean,clean,0,0,0,4.813411235809326,4.813411235809326,0.0,0.5049471855163574,0.5049471855163574
141,141,EXTERNAL_SAMPLE/0000141.png,degradation_restoration_clean,clean,0,0,0,8.890525817871094,8.890525817871094,0.0,0.9939420819282532,0.9939420819282532
142,142,EXTERNAL_SAMPLE/0000142.png,degradation_restoration_clean,clean,0,0,0,13.242294311523438,13.242294311523438,0.0,0.9998263716697693,0.9998263716697693
143,143,EXTERNAL_SAMPLE/0000143.png,degradation_restoration_clean,clean,0,0,0,5.556704521179199,5.556704521179199,0.0,0.8656953573226929,0.8656953573226929
144,144,EXTERNAL_SAMPLE/0000144.png,degradation_restoration_clean,clean,0,0,0,8.865754127502441,8.865754127502441,0.0,0.9738562703132629,0.9738562703132629
145,145,EXTERNAL_SAMPLE/0000145.png,degradation_restoration_clean,clean,0,0,0,7.820804119110107,7.820804119110107,0.0,0.9831238985061646,0.9831238985061646
146,146,EXTERNAL_SAMPLE/0000146.png,degradation_restoration_clean,clean,0,0,2,3.744288206100464,3.744288206100464,0.0,0.2376394122838974,0.2376394122838974
147,147,EXTERNAL_SAMPLE/0000147.png,degradation_restoration_clean,clean,0,0,0,6.067415237426758,6.067415237426758,0.0,0.913031280040741,0.913031280040741
148,148,EXTERNAL_SAMPLE/0000148.png,degradation_restoration_clean,clean,0,0,0,9.624029159545898,9.624029159545898,0.0,0.9966030120849609,0.9966030120849609
149,149,EXTERNAL_SAMPLE/0000149.png,degradation_restoration_clean,clean,0,0,0,6.706510543823242,6.706510543823242,0.0,0.8727942705154419,0.8727942705154419
150,150,EXTERNAL_SAMPLE/0000150.png,degradation_restoration_clean,clean,0,0,0,6.125580310821533,6.125580310821533,0.0,0.7749960422515869,0.7749960422515869
151,151,EXTERNAL_SAMPLE/0000151.png,degradation_restoration_clean,clean,0,0,0,6.21470308303833,6.21470308303833,0.0,0.945014476776123,0.945014476776123
152,152,EXTERNAL_SAMPLE/0000152.png,degradation_restoration_clean,clean,0,0,0,11.978658676147461,11.978658676147461,0.0,0.999729335308075,0.999729335308075
153,153,EXTERNAL_SAMPLE/0000153.png,degradation_restoration_clean,clean,0,0,0,8.051057815551758,8.051057815551758,0.0,0.9888371229171753,0.9888371229171753
154,154,EXTERNAL_SAMPLE/0000154.png,degradation_restoration_clean,clean,0,0,0,7.808927536010742,7.808927536010742,0.0,0.7536524534225464,0.7536524534225464
155,155,EXTERNAL_SAMPLE/0000155.png,degradation_restoration_clean,clean,0,0,0,8.73833179473877,8.73833179473877,0.0,0.9859504103660583,0.9859504103660583
156,156,EXTERNAL_SAMPLE/0000156.png,degradation_restoration_clean,clean,0,0,0,10.306944847106934,10.306944847106934,0.0,0.998519241809845,0.998519241809845
157,157,EXTERNAL_SAMPLE/0000157.png,degradation_restoration_clean,clean,0,0,0,4.9142889976501465,4.9142889976501465,0.0,0.48624175786972046,0.48624175786972046
158,158,EXTERNAL_SAMPLE/0000158.png,degradation_restoration_clean,clean,0,0,0,6.843048572540283,6.843048572540283,0.0,0.9655014872550964,0.9655014872550964
159,159,EXTERNAL_SAMPLE/0000159.png,degradation_restoration_clean,clean,0,0,0,4.493957042694092,4.493957042694092,0.0,0.6264707446098328,0.6264707446098328
160,160,EXTERNAL_SAMPLE/0000160.png,degradation_restoration_clean,clean,0,0,4,4.27044153213501,4.27044153213501,0.0,0.12447451055049896,0.12447451055049896
161,161,EXTERNAL_SAMPLE/0000161.png,degradation_restoration_clean,clean,0,0,0,4.518704414367676,4.518704414367676,0.0,0.5820858478546143,0.5820858478546143
162,162,EXTERNAL_SAMPLE/0000162.png,degradation_restoration_clean,clean,0,0,3,3.479116439819336,3.479116439819336,0.0,0.23383252322673798,0.23383252322673798
163,163,EXTERNAL_SAMPLE/0000163.png,degradation_restoration_clean,clean,0,0,0,6.546959400177002,6.546959400177002,0.0,0.7125020623207092,0.7125020623207092
164,164,EXTERNAL_SAMPLE/0000164.png,degradation_restoration_clean,clean,0,0,0,7.314935684204102,7.314935684204102,0.0,0.9635800719261169,0.9635800719261169
165,165,EXTERNAL_SAMPLE/0000165.png,degradation_restoration_clean,clean,0,0,0,4.995626449584961,4.995626449584961,0.0,0.6129417419433594,0.6129417419433594
166,166,EXTERNAL_SAMPLE/0000166.png,degradation_restoration_clean,clean,0,0,0,5.12667989730835,5.12667989730835,0.0,0.8358519077301025,0.8358519077301025
167,167,EXTERNAL_SAMPLE/0000167.png,degradation_restoration_clean,clean,0,0,0,5.693130016326904,5.693130016326904,0.0,0.5956528782844543,0.5956528782844543
168,168,EXTERNAL_SAMPLE/0000168.png,degradation_restoration_clean,clean,0,0,0,10.143074989318848,10.143074989318848,0.0,0.998721182346344,0.998721182346344
169,169,EXTERNAL_SAMPLE/0000169.png,degradation_restoration_clean,clean,0,0,0,6.583488941192627,6.583488941192627,0.0,0.9351411461830139,0.9351411461830139
170,170,EXTERNAL_SAMPLE/0000170.png,degradation_restoration_clean,clean,0,0,0,9.838536262512207,9.838536262512207,0.0,0.9914599657058716,0.9914599657058716
171,171,EXTERNAL_SAMPLE/0000171.png,degradation_restoration_clean,clean,0,0,3,2.5374915599823,2.5374915599823,0.0,0.1414000242948532,0.1414000242948532
172,172,EXTERNAL_SAMPLE/0000172.png,degradation_restoration_clean,clean,0,0,0,10.87575912475586,10.87575912475586,0.0,0.9970628619194031,0.9970628619194031
173,173,EXTERNAL_SAMPLE/0000173.png,degradation_restoration_clean,clean,0,0,0,3.9947426319122314,3.9947426319122314,0.0,0.4265469014644623,0.4265469014644623
174,174,EXTERNAL_SAMPLE/0000174.png,degradation_restoration_clean,clean,0,0,4,2.4363229274749756,2.4363229274749756,0.0,0.14061987400054932,0.14061987400054932
175,175,EXTERNAL_SAMPLE/0000175.png,degradation_restoration_clean,clean,0,0,0,12.750561714172363,12.750561714172363,0.0,0.9998650550842285,0.9998650550842285
176,176,EXTERNAL_SAMPLE/0000176.png,degradation_restoration_clean,clean,0,0,0,15.236967086791992,15.236967086791992,0.0,0.9999938011169434,0.9999938011169434
177,177,EXTERNAL_SAMPLE/0000177.png,degradation_restoration_clean,clean,0,0,0,12.62673568725586,12.62673568725586,0.0,0.9999275207519531,0.9999275207519531
178,178,EXTERNAL_SAMPLE/0000178.png,degradation_restoration_clean,clean,0,0,0,8.4447603225708,8.4447603225708,0.0,0.9919154047966003,0.9919154047966003
179,179,EXTERNAL_SAMPLE/0000179.png,degradation_restoration_clean,clean,0,0,0,11.934789657592773,11.934789657592773,0.0,0.9990979433059692,0.9990979433059692
180,180,EXTERNAL_SAMPLE/0000180.png,degradation_restoration_clean,clean,0,0,0,8.238314628601074,8.238314628601074,0.0,0.9854416847229004,0.9854416847229004
181,181,EXTERNAL_SAMPLE/0000181.png,degradation_restoration_clean,clean,0,0,0,9.02004623413086,9.02004623413086,0.0,0.9916424751281738,0.9916424751281738
182,182,EXTERNAL_SAMPLE/0000182.png,degradation_restoration_clean,clean,0,0,0,8.376007080078125,8.376007080078125,0.0,0.99310702085495,0.99310702085495
183,183,EXTERNAL_SAMPLE/0000183.png,degradation_restoration_clean,clean,0,0,0,10.461904525756836,10.461904525756836,0.0,0.9994131326675415,0.9994131326675415
184,184,EXTERNAL_SAMPLE/0000184.png,degradation_restoration_clean,clean,0,0,0,6.184107303619385,6.184107303619385,0.0,0.8859447836875916,0.8859447836875916
185,185,EXTERNAL_SAMPLE/0000185.png,degradation_restoration_clean,clean,0,0,0,4.737580299377441,4.737580299377441,0.0,0.4849449694156647,0.4849449694156647
186,186,EXTERNAL_SAMPLE/0000186.png,degradation_restoration_clean,clean,0,0,0,12.344199180603027,12.344199180603027,0.0,0.9995818734169006,0.9995818734169006
187,187,EXTERNAL_SAMPLE/0000187.png,degradation_restoration_clean,clean,0,0,0,5.6088972091674805,5.6088972091674805,0.0,0.8655591607093811,0.8655591607093811
188,188,EXTERNAL_SAMPLE/0000188.png,degradation_restoration_clean,clean,0,0,0,8.172061920166016,8.172061920166016,0.0,0.9850307106971741,0.9850307106971741
189,189,EXTERNAL_SAMPLE/0000189.png,degradation_restoration_clean,clean,0,0,4,2.4379360675811768,2.4379360675811768,0.0,0.07062781602144241,0.07062781602144241
190,190,EXTERNAL_SAMPLE/0000190.png,degradation_restoration_clean,clean,0,0,0,4.437809944152832,4.437809944152832,0.0,0.632584810256958,0.632584810256958
191,191,EXTERNAL_SAMPLE/0000191.png,degradation_restoration_clean,clean,0,0,0,9.079784393310547,9.079784393310547,0.0,0.9156649708747864,0.9156649708747864
192,192,EXTERNAL_SAMPLE/0000192.png,degradation_restoration_clean,clean,0,0,0,6.771608829498291,6.771608829498291,0.0,0.8830773830413818,0.8830773830413818
193,193,EXTERNAL_SAMPLE/0000193.png,degradation_restoration_clean,clean,0,0,4,6.189656734466553,6.189656734466553,0.0,0.35927850008010864,0.35927850008010864
194,194,EXTERNAL_SAMPLE/0000194.png,degradation_restoration_clean,clean,0,0,0,9.985921859741211,9.985921859741211,0.0,0.9920429587364197,0.9920429587364197
195,195,EXTERNAL_SAMPLE/0000195.png,degradation_restoration_clean,clean,0,0,0,7.5197367668151855,7.5197367668151855,0.0,0.6728528141975403,0.6728528141975403
196,196,EXTERNAL_SAMPLE/0000196.png,degradation_restoration_clean,clean,0,0,0,6.747808933258057,6.747808933258057,0.0,0.9269711971282959,0.9269711971282959
197,197,EXTERNAL_SAMPLE/0000197.png,degradation_restoration_clean,clean,0,0,0,11.095330238342285,11.095330238342285,0.0,0.9991024732589722,0.9991024732589722
198,198,EXTERNAL_SAMPLE/0000198.png,degradation_restoration_clean,clean,0,0,0,8.792547225952148,8.792547225952148,0.0,0.9955451488494873,0.9955451488494873
199,199,EXTERNAL_SAMPLE/0000199.png,degradation_restoration_clean,clean,0,0,0,7.152811527252197,7.152811527252197,0.0,0.9330583810806274,0.9330583810806274
200,200,EXTERNAL_SAMPLE/0000200.png,degradation_restoration_clean,clean,0,0,0,6.62481164932251,6.62481164932251,0.0,0.883658766746521,0.883658766746521
201,201,EXTERNAL_SAMPLE/0000201.png,degradation_restoration_clean,clean,0,0,0,7.8016886711120605,7.8016886711120605,0.0,0.919152021408081,0.919152021408081
202,202,EXTERNAL_SAMPLE/0000202.png,degradation_restoration_clean,clean,0,0,0,6.88617467880249,6.88617467880249,0.0,0.8308549523353577,0.8308549523353577
203,203,EXTERNAL_SAMPLE/0000203.png,degradation_restoration_clean,clean,0,0,0,17.065675735473633,17.065675735473633,0.0,0.9999992847442627,0.9999992847442627
204,204,EXTERNAL_SAMPLE/0000204.png,degradation_restoration_clean,clean,0,0,0,8.830374717712402,8.830374717712402,0.0,0.9753775596618652,0.9753775596618652
205,205,EXTERNAL_SAMPLE/0000205.png,degradation_restoration_clean,clean,0,0,0,7.179039001464844,7.179039001464844,0.0,0.9049700498580933,0.9049700498580933
206,206,EXTERNAL_SAMPLE/0000206.png,degradation_restoration_clean,clean,0,0,0,14.870614051818848,14.870614051818848,0.0,0.9999750852584839,0.9999750852584839
207,207,EXTERNAL_SAMPLE/0000207.png,degradation_restoration_clean,clean,0,0,0,6.995611667633057,6.995611667633057,0.0,0.9558811187744141,0.9558811187744141
208,208,EXTERNAL_SAMPLE/0000208.png,degradation_restoration_clean,clean,0,0,0,5.668520450592041,5.668520450592041,0.0,0.8283160328865051,0.8283160328865051
209,209,EXTERNAL_SAMPLE/0000209.png,degradation_restoration_clean,clean,0,0,0,12.02064037322998,12.02064037322998,0.0,0.9998161196708679,0.9998161196708679
210,210,EXTERNAL_SAMPLE/0000210.png,degradation_restoration_clean,clean,0,0,0,12.434608459472656,12.434608459472656,0.0,0.9999382495880127,0.9999382495880127
211,211,EXTERNAL_SAMPLE/0000211.png,degradation_restoration_clean,clean,0,0,0,9.679274559020996,9.679274559020996,0.0,0.9892759323120117,0.9892759323120117
212,212,EXTERNAL_SAMPLE/0000212.png,degradation_restoration_clean,clean,0,0,4,4.580095291137695,4.580095291137695,0.0,0.08077599108219147,0.08077599108219147
213,213,EXTERNAL_SAMPLE/0000213.png,degradation_restoration_clean,clean,0,0,0,8.716418266296387,8.716418266296387,0.0,0.9922681450843811,0.9922681450843811
214,214,EXTERNAL_SAMPLE/0000214.png,degradation_restoration_clean,clean,0,0,0,8.268123626708984,8.268123626708984,0.0,0.9830366969108582,0.9830366969108582
215,215,EXTERNAL_SAMPLE/0000215.png,degradation_restoration_clean,clean,0,0,0,11.101508140563965,11.101508140563965,0.0,0.9993982315063477,0.9993982315063477
216,216,EXTERNAL_SAMPLE/0000216.png,degradation_restoration_clean,clean,0,0,0,12.616893768310547,12.616893768310547,0.0,0.9998859167098999,0.9998859167098999
217,217,EXTERNAL_SAMPLE/0000217.png,degradation_restoration_clean,clean,0,0,0,12.789945602416992,12.789945602416992,0.0,0.9998540878295898,0.9998540878295898
218,218,EXTERNAL_SAMPLE/0000218.png,degradation_restoration_clean,clean,0,0,0,9.453715324401855,9.453715324401855,0.0,0.9756498336791992,0.9756498336791992
219,219,EXTERNAL_SAMPLE/0000219.png,degradation_restoration_clean,clean,0,0,0,7.577267169952393,7.577267169952393,0.0,0.9466866850852966,0.9466866850852966
220,220,EXTERNAL_SAMPLE/0000220.png,degradation_restoration_clean,clean,0,0,0,11.2536039352417,11.2536039352417,0.0,0.9993372559547424,0.9993372559547424
221,221,EXTERNAL_SAMPLE/0000221.png,degradation_restoration_clean,clean,0,0,0,5.125924587249756,5.125924587249756,0.0,0.7997957468032837,0.7997957468032837
222,222,EXTERNAL_SAMPLE/0000222.png,degradation_restoration_clean,clean,0,0,0,11.948748588562012,11.948748588562012,0.0,0.9996538162231445,0.9996538162231445
223,223,EXTERNAL_SAMPLE/0000223.png,degradation_restoration_clean,clean,0,0,0,8.88399600982666,8.88399600982666,0.0,0.9955765008926392,0.9955765008926392
224,224,EXTERNAL_SAMPLE/0000224.png,degradation_restoration_clean,clean,0,0,0,8.539774894714355,8.539774894714355,0.0,0.9914856553077698,0.9914856553077698
225,225,EXTERNAL_SAMPLE/0000225.png,degradation_restoration_clean,clean,0,0,0,6.166761875152588,6.166761875152588,0.0,0.8960275650024414,0.8960275650024414
226,226,EXTERNAL_SAMPLE/0000226.png,degradation_restoration_clean,clean,0,0,4,4.824389934539795,4.824389934539795,0.0,0.42532023787498474,0.42532023787498474
227,227,EXTERNAL_SAMPLE/0000227.png,degradation_restoration_clean,clean,0,0,0,10.71917724609375,10.71917724609375,0.0,0.9957417249679565,0.9957417249679565
228,228,EXTERNAL_SAMPLE/0000228.png,degradation_restoration_clean,clean,0,0,0,8.114375114440918,8.114375114440918,0.0,0.9809305667877197,0.9809305667877197
229,229,EXTERNAL_SAMPLE/0000229.png,degradation_restoration_clean,clean,0,0,0,6.869404315948486,6.869404315948486,0.0,0.9561610221862793,0.9561610221862793
230,230,EXTERNAL_SAMPLE/0000230.png,degradation_restoration_clean,clean,0,0,0,15.697086334228516,15.697086334228516,0.0,0.9999797344207764,0.9999797344207764
231,231,EXTERNAL_SAMPLE/0000231.png,degradation_restoration_clean,clean,0,0,0,3.9795963764190674,3.9795963764190674,0.0,0.39189308881759644,0.39189308881759644
232,232,EXTERNAL_SAMPLE/0000232.png,degradation_restoration_clean,clean,0,0,0,8.625325202941895,8.625325202941895,0.0,0.9900333285331726,0.9900333285331726
233,233,EXTERNAL_SAMPLE/0000233.png,degradation_restoration_clean,clean,0,0,0,11.643159866333008,11.643159866333008,0.0,0.9995036125183105,0.9995036125183105
234,234,EXTERNAL_SAMPLE/0000234.png,degradation_restoration_clean,clean,0,0,4,4.203690052032471,4.203690052032471,0.0,0.006366075947880745,0.006366075947880745
235,235,EXTERNAL_SAMPLE/0000235.png,degradation_restoration_clean,clean,0,0,0,9.970087051391602,9.970087051391602,0.0,0.9952900409698486,0.9952900409698486
236,236,EXTERNAL_SAMPLE/0000236.png,degradation_restoration_clean,clean,0,0,0,5.564699649810791,5.564699649810791,0.0,0.884037971496582,0.884037971496582
237,237,EXTERNAL_SAMPLE/0000237.png,degradation_restoration_clean,clean,0,0,0,14.514263153076172,14.514263153076172,0.0,0.9999583959579468,0.9999583959579468
238,238,EXTERNAL_SAMPLE/0000238.png,degradation_restoration_clean,clean,0,0,0,3.8088698387145996,3.8088698387145996,0.0,0.3578859865665436,0.3578859865665436
239,239,EXTERNAL_SAMPLE/0000239.png,degradation_restoration_clean,clean,0,0,0,9.409440040588379,9.409440040588379,0.0,0.991033136844635,0.991033136844635
240,240,EXTERNAL_SAMPLE/0000240.png,degradation_restoration_clean,clean,0,0,0,10.808963775634766,10.808963775634766,0.0,0.9987030029296875,0.9987030029296875
241,241,EXTERNAL_SAMPLE/0000241.png,degradation_restoration_clean,clean,0,0,5,4.498421669006348,4.498421669006348,0.0,0.15986457467079163,0.15986457467079163
242,242,EXTERNAL_SAMPLE/0000242.png,degradation_restoration_clean,clean,0,0,4,6.3559250831604,6.3559250831604,0.0,0.4768233299255371,0.4768233299255371
243,243,EXTERNAL_SAMPLE/0000243.png,degradation_restoration_clean,clean,0,0,0,8.173346519470215,8.173346519470215,0.0,0.9919195175170898,0.9919195175170898
244,244,EXTERNAL_SAMPLE/0000244.png,degradation_restoration_clean,clean,0,0,4,1.4520933628082275,1.4520933628082275,0.0,0.002138148993253708,0.002138148993253708
245,245,EXTERNAL_SAMPLE/0000245.png,degradation_restoration_clean,clean,0,0,4,4.699117183685303,4.699117183685303,0.0,0.27178871631622314,0.27178871631622314
246,246,EXTERNAL_SAMPLE/0000246.png,degradation_restoration_clean,clean,0,0,4,4.799088001251221,4.799088001251221,0.0,0.355637788772583,0.355637788772583
247,247,EXTERNAL_SAMPLE/0000247.png,degradation_restoration_clean,clean,0,0,0,9.8468017578125,9.8468017578125,0.0,0.9982482194900513,0.9982482194900513
248,248,EXTERNAL_SAMPLE/0000248.png,degradation_restoration_clean,clean,0,0,0,12.856966018676758,12.856966018676758,0.0,0.9997547268867493,0.9997547268867493
249,249,EXTERNAL_SAMPLE/0000249.png,degradation_restoration_clean,clean,0,0,0,7.457126140594482,7.457126140594482,0.0,0.96854567527771,0.96854567527771
250,250,EXTERNAL_SAMPLE/0000250.png,degradation_restoration_clean,clean,0,0,0,5.881408214569092,5.881408214569092,0.0,0.8289752006530762,0.8289752006530762
251,251,EXTERNAL_SAMPLE/0000251.png,degradation_restoration_clean,clean,0,0,1,3.4819116592407227,3.4819116592407227,0.0,0.1448107212781906,0.1448107212781906
252,252,EXTERNAL_SAMPLE/0000252.png,degradation_restoration_clean,clean,0,0,3,4.126260757446289,4.126260757446289,0.0,0.011188279837369919,0.011188279837369919
253,253,EXTERNAL_SAMPLE/0000253.png,degradation_restoration_clean,clean,0,0,0,8.708619117736816,8.708619117736816,0.0,0.9905670285224915,0.9905670285224915
254,254,EXTERNAL_SAMPLE/0000254.png,degradation_restoration_clean,clean,0,0,0,5.52625846862793,5.52625846862793,0.0,0.7035753130912781,0.7035753130912781
255,255,EXTERNAL_SAMPLE/0000255.png,degradation_restoration_clean,clean,0,0,0,10.931380271911621,10.931380271911621,0.0,0.9992415904998779,0.9992415904998779
256,256,EXTERNAL_SAMPLE/0000256.png,degradation_restoration_clean,clean,0,0,0,9.543817520141602,9.543817520141602,0.0,0.9985488057136536,0.9985488057136536
257,257,EXTERNAL_SAMPLE/0000257.png,degradation_restoration_clean,clean,0,0,0,5.14492654800415,5.14492654800415,0.0,0.7745878100395203,0.7745878100395203
258,258,EXTERNAL_SAMPLE/0000258.png,degradation_restoration_clean,clean,0,0,0,9.152517318725586,9.152517318725586,0.0,0.993123471736908,0.993123471736908
259,259,EXTERNAL_SAMPLE/0000259.png,degradation_restoration_clean,clean,0,0,0,12.031463623046875,12.031463623046875,0.0,0.9998393058776855,0.9998393058776855
260,260,EXTERNAL_SAMPLE/0000260.png,degradation_restoration_clean,clean,0,0,3,2.601628541946411,2.601628541946411,0.0,0.17353938519954681,0.17353938519954681
261,261,EXTERNAL_SAMPLE/0000261.png,degradation_restoration_clean,clean,0,0,0,9.39475154876709,9.39475154876709,0.0,0.9951877593994141,0.9951877593994141
262,262,EXTERNAL_SAMPLE/0000262.png,degradation_restoration_clean,clean,0,0,0,10.624930381774902,10.624930381774902,0.0,0.9986692667007446,0.9986692667007446
263,263,EXTERNAL_SAMPLE/0000263.png,degradation_restoration_clean,clean,0,0,0,13.117241859436035,13.117241859436035,0.0,0.9999029636383057,0.9999029636383057
264,264,EXTERNAL_SAMPLE/0000264.png,degradation_restoration_clean,clean,0,0,0,10.022326469421387,10.022326469421387,0.0,0.9988617897033691,0.9988617897033691
265,265,EXTERNAL_SAMPLE/0000265.png,degradation_restoration_clean,clean,0,0,0,11.907357215881348,11.907357215881348,0.0,0.9995286464691162,0.9995286464691162
266,266,EXTERNAL_SAMPLE/0000266.png,degradation_restoration_clean,clean,0,0,0,13.083438873291016,13.083438873291016,0.0,0.9998149275779724,0.9998149275779724
267,267,EXTERNAL_SAMPLE/0000267.png,degradation_restoration_clean,clean,0,0,0,12.796353340148926,12.796353340148926,0.0,0.9998369216918945,0.9998369216918945
268,268,EXTERNAL_SAMPLE/0000268.png,degradation_restoration_clean,clean,0,0,4,1.9271777868270874,1.9271777868270874,0.0,0.025351162999868393,0.025351162999868393
269,269,EXTERNAL_SAMPLE/0000269.png,degradation_restoration_clean,clean,0,0,0,7.988554000854492,7.988554000854492,0.0,0.9810914993286133,0.9810914993286133
270,270,EXTERNAL_SAMPLE/0000270.png,degradation_restoration_clean,clean,0,0,0,15.989435195922852,15.989435195922852,0.0,0.9999904632568359,0.9999904632568359
271,271,EXTERNAL_SAMPLE/0000271.png,degradation_restoration_clean,clean,0,0,0,10.804415702819824,10.804415702819824,0.0,0.9972019195556641,0.9972019195556641
272,272,EXTERNAL_SAMPLE/0000272.png,degradation_restoration_clean,clean,0,0,0,7.5442399978637695,7.5442399978637695,0.0,0.8258377313613892,0.8258377313613892
273,273,EXTERNAL_SAMPLE/0000273.png,degradation_restoration_clean,clean,0,0,0,8.95896053314209,8.95896053314209,0.0,0.9959648847579956,0.9959648847579956
274,274,EXTERNAL_SAMPLE/0000274.png,degradation_restoration_clean,clean,0,0,0,6.823389530181885,6.823389530181885,0.0,0.9324382543563843,0.9324382543563843
275,275,EXTERNAL_SAMPLE/0000275.png,degradation_restoration_clean,clean,0,0,0,10.568476676940918,10.568476676940918,0.0,0.9979129433631897,0.9979129433631897
276,276,EXTERNAL_SAMPLE/0000276.png,degradation_restoration_clean,clean,0,0,0,7.496059894561768,7.496059894561768,0.0,0.9619776606559753,0.9619776606559753
277,277,EXTERNAL_SAMPLE/0000277.png,degradation_restoration_clean,clean,0,0,0,8.878105163574219,8.878105163574219,0.0,0.994996190071106,0.994996190071106
278,278,EXTERNAL_SAMPLE/0000278.png,degradation_restoration_clean,clean,0,0,0,11.900787353515625,11.900787353515625,0.0,0.9997687935829163,0.9997687935829163
279,279,EXTERNAL_SAMPLE/0000279.png,degradation_restoration_clean,clean,0,0,0,6.06965970993042,6.06965970993042,0.0,0.6295273303985596,0.6295273303985596
280,280,EXTERNAL_SAMPLE/0000280.png,degradation_restoration_clean,clean,0,0,0,8.290342330932617,8.290342330932617,0.0,0.9662195444107056,0.9662195444107056
281,281,EXTERNAL_SAMPLE/0000281.png,degradation_restoration_clean,clean,0,0,0,12.423850059509277,12.423850059509277,0.0,0.9985548853874207,0.9985548853874207
282,282,EXTERNAL_SAMPLE/0000282.png,degradation_restoration_clean,clean,0,0,0,9.024273872375488,9.024273872375488,0.0,0.9810871481895447,0.9810871481895447
283,283,EXTERNAL_SAMPLE/0000283.png,degradation_restoration_clean,clean,0,0,0,13.988998413085938,13.988998413085938,0.0,0.9999703168869019,0.9999703168869019
284,284,EXTERNAL_SAMPLE/0000284.png,degradation_restoration_clean,clean,0,0,0,7.265535354614258,7.265535354614258,0.0,0.6023284196853638,0.6023284196853638
285,285,EXTERNAL_SAMPLE/0000285.png,degradation_restoration_clean,clean,0,0,0,8.281004905700684,8.281004905700684,0.0,0.9814184904098511,0.9814184904098511
286,286,EXTERNAL_SAMPLE/0000286.png,degradation_restoration_clean,clean,0,0,0,8.663956642150879,8.663956642150879,0.0,0.9873199462890625,0.9873199462890625
287,287,EXTERNAL_SAMPLE/0000287.png,degradation_restoration_clean,clean,0,0,0,18.596038818359375,18.596038818359375,0.0,0.9999997615814209,0.9999997615814209
288,288,EXTERNAL_SAMPLE/0000288.png,degradation_restoration_clean,clean,0,0,0,9.021203994750977,9.021203994750977,0.0,0.997215747833252,0.997215747833252
289,289,EXTERNAL_SAMPLE/0000289.png,degradation_restoration_clean,clean,0,0,0,10.960967063903809,10.960967063903809,0.0,0.9994565844535828,0.9994565844535828
290,290,EXTERNAL_SAMPLE/0000290.png,degradation_restoration_clean,clean,0,0,0,13.646773338317871,13.646773338317871,0.0,0.9999048709869385,0.9999048709869385
291,291,EXTERNAL_SAMPLE/0000291.png,degradation_restoration_clean,clean,0,0,0,11.010986328125,11.010986328125,0.0,0.9993451237678528,0.9993451237678528
292,292,EXTERNAL_SAMPLE/0000292.png,degradation_restoration_clean,clean,0,0,0,6.345546245574951,6.345546245574951,0.0,0.9238066673278809,0.9238066673278809
293,293,EXTERNAL_SAMPLE/0000293.png,degradation_restoration_clean,clean,0,0,4,-0.029026389122009277,-0.029026389122009277,0.0,0.011467919684946537,0.011467919684946537
294,294,EXTERNAL_SAMPLE/0000294.png,degradation_restoration_clean,clean,0,0,0,6.93218469619751,6.93218469619751,0.0,0.8925168514251709,0.8925168514251709
295,295,EXTERNAL_SAMPLE/0000295.png,degradation_restoration_clean,clean,0,0,1,4.155726909637451,4.155726909637451,0.0,0.2949570119380951,0.2949570119380951
296,296,EXTERNAL_SAMPLE/0000296.png,degradation_restoration_clean,clean,0,0,0,11.079310417175293,11.079310417175293,0.0,0.9958815574645996,0.9958815574645996
297,297,EXTERNAL_SAMPLE/0000297.png,degradation_restoration_clean,clean,0,0,4,6.050074577331543,6.050074577331543,0.0,0.09226705133914948,0.09226705133914948
298,298,EXTERNAL_SAMPLE/0000298.png,degradation_restoration_clean,clean,0,0,0,11.561454772949219,11.561454772949219,0.0,0.9997571110725403,0.9997571110725403
299,299,EXTERNAL_SAMPLE/0000299.png,degradation_restoration_clean,clean,0,0,0,6.94816255569458,6.94816255569458,0.0,0.9046965837478638,0.9046965837478638
300,300,EXTERNAL_SAMPLE/0000300.png,degradation_restoration_clean,clean,0,0,0,9.475348472595215,9.475348472595215,0.0,0.9949296712875366,0.9949296712875366
301,301,EXTERNAL_SAMPLE/0000301.png,degradation_restoration_clean,clean,0,0,0,12.857807159423828,12.857807159423828,0.0,0.9999104738235474,0.9999104738235474
302,302,EXTERNAL_SAMPLE/0000302.png,degradation_restoration_clean,clean,0,0,0,6.000341415405273,6.000341415405273,0.0,0.5861023664474487,0.5861023664474487
303,303,EXTERNAL_SAMPLE/0000303.png,degradation_restoration_clean,clean,0,0,0,8.445552825927734,8.445552825927734,0.0,0.9501630067825317,0.9501630067825317
304,304,EXTERNAL_SAMPLE/0000304.png,degradation_restoration_clean,clean,0,0,0,7.870713710784912,7.870713710784912,0.0,0.8900697231292725,0.8900697231292725
305,305,EXTERNAL_SAMPLE/0000305.png,degradation_restoration_clean,clean,0,0,0,7.505425453186035,7.505425453186035,0.0,0.9607218503952026,0.9607218503952026
306,306,EXTERNAL_SAMPLE/0000306.png,degradation_restoration_clean,clean,0,0,0,13.283129692077637,13.283129692077637,0.0,0.9999473094940186,0.9999473094940186
307,307,EXTERNAL_SAMPLE/0000307.png,degradation_restoration_clean,clean,0,0,0,11.247203826904297,11.247203826904297,0.0,0.9990631937980652,0.9990631937980652
308,308,EXTERNAL_SAMPLE/0000308.png,degradation_restoration_clean,clean,0,0,0,10.922585487365723,10.922585487365723,0.0,0.9993765950202942,0.9993765950202942
309,309,EXTERNAL_SAMPLE/0000309.png,degradation_restoration_clean,clean,0,0,0,9.789267539978027,9.789267539978027,0.0,0.9969525337219238,0.9969525337219238
310,310,EXTERNAL_SAMPLE/0000310.png,degradation_restoration_clean,clean,0,0,0,7.988293170928955,7.988293170928955,0.0,0.9790011048316956,0.9790011048316956
311,311,EXTERNAL_SAMPLE/0000311.png,degradation_restoration_clean,clean,0,0,0,11.459856033325195,11.459856033325195,0.0,0.9992551207542419,0.9992551207542419
312,312,EXTERNAL_SAMPLE/0000312.png,degradation_restoration_clean,clean,0,0,0,13.05647087097168,13.05647087097168,0.0,0.9999046325683594,0.9999046325683594
313,313,EXTERNAL_SAMPLE/0000313.png,degradation_restoration_clean,clean,0,0,0,10.30925178527832,10.30925178527832,0.0,0.9981978535652161,0.9981978535652161
314,314,EXTERNAL_SAMPLE/0000314.png,degradation_restoration_clean,clean,0,0,1,4.014140605926514,4.014140605926514,0.0,0.15217360854148865,0.15217360854148865
315,315,EXTERNAL_SAMPLE/0000315.png,degradation_restoration_clean,clean,0,0,0,7.826297760009766,7.826297760009766,0.0,0.9601921439170837,0.9601921439170837
316,316,EXTERNAL_SAMPLE/0000316.png,degradation_restoration_clean,clean,0,0,4,2.998269557952881,2.998269557952881,0.0,0.09632457047700882,0.09632457047700882
317,317,EXTERNAL_SAMPLE/0000317.png,degradation_restoration_clean,clean,0,0,0,8.4526948928833,8.4526948928833,0.0,0.9815670251846313,0.9815670251846313
318,318,EXTERNAL_SAMPLE/0000318.png,degradation_restoration_clean,clean,0,0,0,8.20683765411377,8.20683765411377,0.0,0.9902279376983643,0.9902279376983643
319,319,EXTERNAL_SAMPLE/0000319.png,degradation_restoration_clean,clean,0,0,0,6.945114612579346,6.945114612579346,0.0,0.9409123659133911,0.9409123659133911
320,320,EXTERNAL_SAMPLE/0000320.png,degradation_restoration_clean,clean,0,0,4,4.435125350952148,4.435125350952148,0.0,0.134103924036026,0.134103924036026
321,321,EXTERNAL_SAMPLE/0000321.png,degradation_restoration_clean,clean,0,0,0,7.731510162353516,7.731510162353516,0.0,0.9481716156005859,0.9481716156005859
322,322,EXTERNAL_SAMPLE/0000322.png,degradation_restoration_clean,clean,0,0,0,5.009467601776123,5.009467601776123,0.0,0.5269452333450317,0.5269452333450317
323,323,EXTERNAL_SAMPLE/0000323.png,degradation_restoration_clean,clean,0,0,0,9.538909912109375,9.538909912109375,0.0,0.9953578114509583,0.9953578114509583
324,324,EXTERNAL_SAMPLE/0000324.png,degradation_restoration_clean,clean,0,0,0,9.037257194519043,9.037257194519043,0.0,0.9953455328941345,0.9953455328941345
325,325,EXTERNAL_SAMPLE/0000325.png,degradation_restoration_clean,clean,0,0,0,11.386409759521484,11.386409759521484,0.0,0.9998089671134949,0.9998089671134949
326,326,EXTERNAL_SAMPLE/0000326.png,degradation_restoration_clean,clean,0,0,0,12.350214004516602,12.350214004516602,0.0,0.9988963603973389,0.9988963603973389
327,327,EXTERNAL_SAMPLE/0000327.png,degradation_restoration_clean,clean,0,0,0,9.610456466674805,9.610456466674805,0.0,0.9979335069656372,0.9979335069656372
328,328,EXTERNAL_SAMPLE/0000328.png,degradation_restoration_clean,clean,0,0,3,3.0570719242095947,3.0570719242095947,0.0,0.19808222353458405,0.19808222353458405
329,329,EXTERNAL_SAMPLE/0000329.png,degradation_restoration_clean,clean,0,0,0,7.588038921356201,7.588038921356201,0.0,0.9630101323127747,0.9630101323127747
330,330,EXTERNAL_SAMPLE/0000330.png,degradation_restoration_clean,clean,0,0,0,6.281499862670898,6.281499862670898,0.0,0.5012129545211792,0.5012129545211792
331,331,EXTERNAL_SAMPLE/0000331.png,degradation_restoration_clean,clean,0,0,0,6.212774753570557,6.212774753570557,0.0,0.8284053206443787,0.8284053206443787
332,332,EXTERNAL_SAMPLE/0000332.png,degradation_restoration_clean,clean,0,0,0,9.717784881591797,9.717784881591797,0.0,0.9984930753707886,0.9984930753707886
333,333,EXTERNAL_SAMPLE/0000333.png,degradation_restoration_clean,clean,0,0,0,9.6920747756958,9.6920747756958,0.0,0.9945604205131531,0.9945604205131531
334,334,EXTERNAL_SAMPLE/0000334.png,degradation_restoration_clean,clean,0,0,0,6.395079135894775,6.395079135894775,0.0,0.6629460453987122,0.6629460453987122
335,335,EXTERNAL_SAMPLE/0000335.png,degradation_restoration_clean,clean,0,0,0,13.188433647155762,13.188433647155762,0.0,0.999953031539917,0.999953031539917
336,336,EXTERNAL_SAMPLE/0000336.png,degradation_restoration_clean,clean,0,0,0,9.818130493164062,9.818130493164062,0.0,0.9987393021583557,0.9987393021583557
337,337,EXTERNAL_SAMPLE/0000337.png,degradation_restoration_clean,clean,0,0,0,8.569488525390625,8.569488525390625,0.0,0.9906331300735474,0.9906331300735474
338,338,EXTERNAL_SAMPLE/0000338.png,degradation_restoration_clean,clean,0,0,0,7.942249774932861,7.942249774932861,0.0,0.9676564335823059,0.9676564335823059
339,339,EXTERNAL_SAMPLE/0000339.png,degradation_restoration_clean,clean,0,0,0,8.583976745605469,8.583976745605469,0.0,0.9799326062202454,0.9799326062202454
340,340,EXTERNAL_SAMPLE/0000340.png,degradation_restoration_clean,clean,0,0,4,1.8186278343200684,1.8186278343200684,0.0,0.10019364953041077,0.10019364953041077
341,341,EXTERNAL_SAMPLE/0000341.png,degradation_restoration_clean,clean,0,0,0,15.68702507019043,15.68702507019043,0.0,0.9999946355819702,0.9999946355819702
342,342,EXTERNAL_SAMPLE/0000342.png,degradation_restoration_clean,clean,0,0,0,8.162939071655273,8.162939071655273,0.0,0.9808635711669922,0.9808635711669922
343,343,EXTERNAL_SAMPLE/0000343.png,degradation_restoration_clean,clean,0,0,0,8.495110511779785,8.495110511779785,0.0,0.988517165184021,0.988517165184021
344,344,EXTERNAL_SAMPLE/0000344.png,degradation_restoration_clean,clean,0,0,0,7.047849655151367,7.047849655151367,0.0,0.8365932106971741,0.8365932106971741
345,345,EXTERNAL_SAMPLE/0000345.png,degradation_restoration_clean,clean,0,0,0,13.775382995605469,13.775382995605469,0.0,0.9999808073043823,0.9999808073043823
346,346,EXTERNAL_SAMPLE/0000346.png,degradation_restoration_clean,clean,0,0,0,5.487268447875977,5.487268447875977,0.0,0.5055596232414246,0.5055596232414246
347,347,EXTERNAL_SAMPLE/0000347.png,degradation_restoration_clean,clean,0,0,0,10.737747192382812,10.737747192382812,0.0,0.9969959259033203,0.9969959259033203
348,348,EXTERNAL_SAMPLE/0000348.png,degradation_restoration_clean,clean,0,0,0,8.271780014038086,8.271780014038086,0.0,0.5761913657188416,0.5761913657188416
349,349,EXTERNAL_SAMPLE/0000349.png,degradation_restoration_clean,clean,0,0,0,10.980745315551758,10.980745315551758,0.0,0.9991087317466736,0.9991087317466736
350,350,EXTERNAL_SAMPLE/0000350.png,degradation_restoration_clean,clean,0,0,0,8.124114990234375,8.124114990234375,0.0,0.9598060846328735,0.9598060846328735
351,351,EXTERNAL_SAMPLE/0000351.png,degradation_restoration_clean,clean,0,0,0,3.5549192428588867,3.5549192428588867,0.0,0.3643324673175812,0.3643324673175812
352,352,EXTERNAL_SAMPLE/0000352.png,degradation_restoration_clean,clean,0,0,0,5.844688892364502,5.844688892364502,0.0,0.7227739691734314,0.7227739691734314
353,353,EXTERNAL_SAMPLE/0000353.png,degradation_restoration_clean,clean,0,0,0,6.964821815490723,6.964821815490723,0.0,0.971143364906311,0.971143364906311
354,354,EXTERNAL_SAMPLE/0000354.png,degradation_restoration_clean,clean,0,0,0,9.53292179107666,9.53292179107666,0.0,0.9967142343521118,0.9967142343521118
355,355,EXTERNAL_SAMPLE/0000355.png,degradation_restoration_clean,clean,0,0,0,10.588953018188477,10.588953018188477,0.0,0.998458981513977,0.998458981513977
356,356,EXTERNAL_SAMPLE/0000356.png,degradation_restoration_clean,clean,0,0,0,12.642671585083008,12.642671585083008,0.0,0.9998279809951782,0.9998279809951782
357,357,EXTERNAL_SAMPLE/0000357.png,degradation_restoration_clean,clean,0,0,0,11.734325408935547,11.734325408935547,0.0,0.9974886178970337,0.9974886178970337
358,358,EXTERNAL_SAMPLE/0000358.png,degradation_restoration_clean,clean,0,0,0,8.52257251739502,8.52257251739502,0.0,0.9936506152153015,0.9936506152153015
359,359,EXTERNAL_SAMPLE/0000359.png,degradation_restoration_clean,clean,0,0,0,5.269397258758545,5.269397258758545,0.0,0.6588802337646484,0.6588802337646484
360,360,EXTERNAL_SAMPLE/0000360.png,degradation_restoration_clean,clean,0,0,1,3.547208786010742,3.547208786010742,0.0,0.07167407870292664,0.07167407870292664
361,361,EXTERNAL_SAMPLE/0000361.png,degradation_restoration_clean,clean,0,0,0,6.641889572143555,6.641889572143555,0.0,0.7261775732040405,0.7261775732040405
362,362,EXTERNAL_SAMPLE/0000362.png,degradation_restoration_clean,clean,0,0,4,3.9071993827819824,3.9071993827819824,0.0,0.3118097484111786,0.3118097484111786
363,363,EXTERNAL_SAMPLE/0000363.png,degradation_restoration_clean,clean,0,0,0,4.753556251525879,4.753556251525879,0.0,0.7006044387817383,0.7006044387817383
364,364,EXTERNAL_SAMPLE/0000364.png,degradation_restoration_clean,clean,0,0,0,8.344298362731934,8.344298362731934,0.0,0.9941285848617554,0.9941285848617554
365,365,EXTERNAL_SAMPLE/0000365.png,degradation_restoration_clean,clean,0,0,0,10.428350448608398,10.428350448608398,0.0,0.9990822076797485,0.9990822076797485
366,366,EXTERNAL_SAMPLE/0000366.png,degradation_restoration_clean,clean,0,0,0,11.263498306274414,11.263498306274414,0.0,0.9989820122718811,0.9989820122718811
367,367,EXTERNAL_SAMPLE/0000367.png,degradation_restoration_clean,clean,0,0,0,5.665606498718262,5.665606498718262,0.0,0.9173747897148132,0.9173747897148132
368,368,EXTERNAL_SAMPLE/0000368.png,degradation_restoration_clean,clean,0,0,0,15.375921249389648,15.375921249389648,0.0,0.9999911785125732,0.9999911785125732
369,369,EXTERNAL_SAMPLE/0000369.png,degradation_restoration_clean,clean,0,0,0,6.0980658531188965,6.0980658531188965,0.0,0.8283476829528809,0.8283476829528809
370,370,EXTERNAL_SAMPLE/0000370.png,degradation_restoration_clean,clean,0,0,0,12.838757514953613,12.838757514953613,0.0,0.9999395608901978,0.9999395608901978
371,371,EXTERNAL_SAMPLE/0000371.png,degradation_restoration_clean,clean,0,0,0,10.957886695861816,10.957886695861816,0.0,0.9990228414535522,0.9990228414535522
372,372,EXTERNAL_SAMPLE/0000372.png,degradation_restoration_clean,clean,0,0,0,6.732551097869873,6.732551097869873,0.0,0.8912244439125061,0.8912244439125061
373,373,EXTERNAL_SAMPLE/0000373.png,degradation_restoration_clean,clean,0,0,0,6.649194240570068,6.649194240570068,0.0,0.9186792373657227,0.9186792373657227
374,374,EXTERNAL_SAMPLE/0000374.png,degradation_restoration_clean,clean,0,0,0,7.230120658874512,7.230120658874512,0.0,0.9339051842689514,0.9339051842689514
375,375,EXTERNAL_SAMPLE/0000375.png,degradation_restoration_clean,clean,0,0,0,6.816309928894043,6.816309928894043,0.0,0.9712159633636475,0.9712159633636475
376,376,EXTERNAL_SAMPLE/0000376.png,degradation_restoration_clean,clean,0,0,0,11.285496711730957,11.285496711730957,0.0,0.9993879795074463,0.9993879795074463
377,377,EXTERNAL_SAMPLE/0000377.png,degradation_restoration_clean,clean,0,0,0,6.760308742523193,6.760308742523193,0.0,0.9420164823532104,0.9420164823532104
378,378,EXTERNAL_SAMPLE/0000378.png,degradation_restoration_clean,clean,0,0,0,9.659725189208984,9.659725189208984,0.0,0.9951689839363098,0.9951689839363098
379,379,EXTERNAL_SAMPLE/0000379.png,degradation_restoration_clean,clean,0,0,0,8.204397201538086,8.204397201538086,0.0,0.9037036895751953,0.9037036895751953
380,380,EXTERNAL_SAMPLE/0000380.png,degradation_restoration_clean,clean,0,0,0,11.468663215637207,11.468663215637207,0.0,0.9993811845779419,0.9993811845779419
381,381,EXTERNAL_SAMPLE/0000381.png,degradation_restoration_clean,clean,0,0,0,7.703793525695801,7.703793525695801,0.0,0.9852100014686584,0.9852100014686584
382,382,EXTERNAL_SAMPLE/0000382.png,degradation_restoration_clean,clean,0,0,3,5.015985012054443,5.015985012054443,0.0,0.23359207808971405,0.23359207808971405
383,383,EXTERNAL_SAMPLE/0000383.png,degradation_restoration_clean,clean,0,0,0,8.653188705444336,8.653188705444336,0.0,0.9891549944877625,0.9891549944877625
384,384,EXTERNAL_SAMPLE/0000384.png,degradation_restoration_clean,clean,0,0,0,5.108366012573242,5.108366012573242,0.0,0.7508641481399536,0.7508641481399536
385,385,EXTERNAL_SAMPLE/0000385.png,degradation_restoration_clean,clean,0,0,0,14.555543899536133,14.555543899536133,0.0,0.9999934434890747,0.9999934434890747
386,386,EXTERNAL_SAMPLE/0000386.png,degradation_restoration_clean,clean,0,0,0,7.221517562866211,7.221517562866211,0.0,0.9423551559448242,0.9423551559448242
387,387,EXTERNAL_SAMPLE/0000387.png,degradation_restoration_clean,clean,1,0,1,7.281839847564697,9.629430770874023,-2.347590923309326,0.08715955913066864,0.9117186069488525
388,388,EXTERNAL_SAMPLE/0000388.png,degradation_restoration_clean,clean,1,0,0,6.0424909591674805,4.762884616851807,1.2796063423156738,0.7349658012390137,0.20442837476730347
389,389,EXTERNAL_SAMPLE/0000389.png,degradation_restoration_clean,clean,1,0,1,2.8897345066070557,6.766027450561523,-3.8762929439544678,0.019449247047305107,0.9383296370506287
390,390,EXTERNAL_SAMPLE/0000390.png,degradation_restoration_clean,clean,1,0,0,5.370994567871094,4.842947006225586,0.5280475616455078,0.6057106256484985,0.3572210669517517
391,391,EXTERNAL_SAMPLE/0000391.png,degradation_restoration_clean,clean,1,0,1,4.46572732925415,6.394277095794678,-1.9285497665405273,0.11740360409021378,0.8076810836791992
392,392,EXTERNAL_SAMPLE/0000392.png,degradation_restoration_clean,clean,1,0,1,6.561147212982178,7.680572509765625,-1.1194252967834473,0.24459154903888702,0.7492067217826843
393,393,EXTERNAL_SAMPLE/0000393.png,degradation_restoration_clean,clean,1,0,1,4.083159923553467,6.965417385101318,-2.8822574615478516,0.05168535187840462,0.9228178262710571
394,394,EXTERNAL_SAMPLE/0000394.png,degradation_restoration_clean,clean,1,0,0,4.383033275604248,2.860283374786377,1.522749900817871,0.5952741503715515,0.12983600795269012
395,395,EXTERNAL_SAMPLE/0000395.png,degradation_restoration_clean,clean,1,0,0,5.1787543296813965,3.291125774383545,1.8876285552978516,0.7577310800552368,0.11474358290433884
396,396,EXTERNAL_SAMPLE/0000396.png,degradation_restoration_clean,clean,1,0,1,2.0068492889404297,6.516909122467041,-4.510059833526611,0.008651972748339176,0.7867001295089722
397,397,EXTERNAL_SAMPLE/0000397.png,degradation_restoration_clean,clean,1,0,1,3.8457417488098145,8.278674125671387,-4.432932376861572,0.011648879386484623,0.9805781841278076
398,398,EXTERNAL_SAMPLE/0000398.png,degradation_restoration_clean,clean,1,0,0,9.045403480529785,7.3431620597839355,1.7022414207458496,0.841068685054779,0.15330538153648376
399,399,EXTERNAL_SAMPLE/0000399.png,degradation_restoration_clean,clean,1,0,1,4.408142566680908,8.0938081741333,-3.6856656074523926,0.02357039600610733,0.939790666103363
400,400,EXTERNAL_SAMPLE/0000400.png,degradation_restoration_clean,clean,1,0,1,5.857127666473389,5.895711421966553,-0.03858375549316406,0.46305879950523376,0.4812745153903961
401,401,EXTERNAL_SAMPLE/0000401.png,degradation_restoration_clean,clean,1,0,1,5.832313537597656,6.554960250854492,-0.7226467132568359,0.31908029317855835,0.6572664380073547
402,402,EXTERNAL_SAMPLE/0000402.png,degradation_restoration_clean,clean,1,0,1,4.047513961791992,8.705799102783203,-4.658285140991211,0.009363307617604733,0.9874083995819092
403,403,EXTERNAL_SAMPLE/0000403.png,degradation_restoration_clean,clean,1,0,1,3.678891181945801,6.230857849121094,-2.551966667175293,0.0625530406832695,0.802700400352478
404,404,EXTERNAL_SAMPLE/0000404.png,degradation_restoration_clean,clean,1,0,1,8.301478385925293,8.66321086883545,-0.36173248291015625,0.40962061285972595,0.5881393551826477
405,405,EXTERNAL_SAMPLE/0000405.png,degradation_restoration_clean,clean,1,0,0,7.057816982269287,0.34719884395599365,6.710618019104004,0.9478835463523865,0.0011544378940016031
406,406,EXTERNAL_SAMPLE/0000406.png,degradation_restoration_clean,clean,1,0,0,4.446861743927002,1.9429538249969482,2.5039079189300537,0.5162407159805298,0.04221034049987793
407,407,EXTERNAL_SAMPLE/0000407.png,degradation_restoration_clean,clean,1,0,1,8.346311569213867,11.881807327270508,-3.5354957580566406,0.028316548094153404,0.9715979695320129
408,408,EXTERNAL_SAMPLE/0000408.png,degradation_restoration_clean,clean,1,0,0,7.901260852813721,5.66840934753418,2.232851505279541,0.8975845575332642,0.09624103456735611
409,409,EXTERNAL_SAMPLE/0000409.png,degradation_restoration_clean,clean,1,0,0,8.946232795715332,4.470046520233154,4.476186275482178,0.9812015295028687,0.011162853799760342
410,410,EXTERNAL_SAMPLE/0000410.png,degradation_restoration_clean,clean,1,0,1,3.533388137817383,4.145261764526367,-0.6118736267089844,0.27313339710235596,0.5036259293556213
411,411,EXTERNAL_SAMPLE/0000411.png,degradation_restoration_clean,clean,1,0,0,6.847181797027588,4.051548480987549,2.795633316040039,0.9214602112770081,0.056279268115758896
412,412,EXTERNAL_SAMPLE/0000412.png,degradation_restoration_clean,clean,1,0,1,3.3199503421783447,10.924235343933105,-7.60428524017334,0.0004979344084858894,0.9992433786392212
413,413,EXTERNAL_SAMPLE/0000413.png,degradation_restoration_clean,clean,1,0,1,3.3757576942443848,7.049817085266113,-3.6740593910217285,0.024388248100876808,0.9611791372299194
414,414,EXTERNAL_SAMPLE/0000414.png,degradation_restoration_clean,clean,1,0,2,1.173844575881958,3.2537479400634766,-2.0799033641815186,0.006771204061806202,0.05419464781880379
415,415,EXTERNAL_SAMPLE/0000415.png,degradation_restoration_clean,clean,1,0,1,4.7087531089782715,7.946030616760254,-3.2372775077819824,0.036899127066135406,0.9396104216575623
416,416,EXTERNAL_SAMPLE/0000416.png,degradation_restoration_clean,clean,1,0,0,7.271549701690674,3.6751129627227783,3.5964367389678955,0.9580216407775879,0.02627015858888626
417,417,EXTERNAL_SAMPLE/0000417.png,degradation_restoration_clean,clean,1,0,1,2.8440654277801514,9.534209251403809,-6.690143585205078,0.0012377823004499078,0.995718777179718
418,418,EXTERNAL_SAMPLE/0000418.png,degradation_restoration_clean,clean,1,0,0,8.501225471496582,5.692195415496826,2.809030055999756,0.9397343397140503,0.056631602346897125
419,419,EXTERNAL_SAMPLE/0000419.png,degradation_restoration_clean,clean,1,0,1,3.758936643600464,5.051759719848633,-1.292823076248169,0.12471560388803482,0.45434603095054626
420,420,EXTERNAL_SAMPLE/0000420.png,degradation_restoration_clean,clean,1,0,1,4.297662734985352,8.453409194946289,-4.1557464599609375,0.015343156643211842,0.9788867235183716
421,421,EXTERNAL_SAMPLE/0000421.png,degradation_restoration_clean,clean,1,0,1,2.4708824157714844,9.411727905273438,-6.940845489501953,0.0009629285777918994,0.9953250885009766
422,422,EXTERNAL_SAMPLE/0000422.png,degradation_restoration_clean,clean,1,0,0,7.533135414123535,2.2862815856933594,5.246853828430176,0.9852611422538757,0.0051864683628082275
423,423,EXTERNAL_SAMPLE/0000423.png,degradation_restoration_clean,clean,1,0,3,3.2583959102630615,1.4831088781356812,1.7752870321273804,0.08209843188524246,0.01391033548861742
424,424,EXTERNAL_SAMPLE/0000424.png,degradation_restoration_clean,clean,1,0,0,9.676270484924316,8.155991554260254,1.5202789306640625,0.8199170231819153,0.17927560210227966
425,425,EXTERNAL_SAMPLE/0000425.png,degradation_restoration_clean,clean,1,0,0,6.062128067016602,3.0811843872070312,2.9809436798095703,0.8892538547515869,0.045125123113393784
426,426,EXTERNAL_SAMPLE/0000426.png,degradation_restoration_clean,clean,1,0,0,5.470417022705078,4.970450401306152,0.4999666213989258,0.4631045460700989,0.28089648485183716
427,427,EXTERNAL_SAMPLE/0000427.png,degradation_restoration_clean,clean,1,0,0,3.737103223800659,1.970802903175354,1.7663003206253052,0.3547933101654053,0.06065699830651283
428,428,EXTERNAL_SAMPLE/0000428.png,degradation_restoration_clean,clean,1,0,0,5.15923547744751,0.6355260610580444,4.523709297180176,0.8664162755012512,0.00939949695020914
429,429,EXTERNAL_SAMPLE/0000429.png,degradation_restoration_clean,clean,1,0,3,2.01875638961792,2.7268669605255127,-0.7081105709075928,0.027968162670731544,0.05677961930632591
430,430,EXTERNAL_SAMPLE/0000430.png,degradation_restoration_clean,clean,1,0,1,3.0392096042633057,4.546521186828613,-1.5073115825653076,0.14035259187221527,0.6336326599121094
431,431,EXTERNAL_SAMPLE/0000431.png,degradation_restoration_clean,clean,1,0,0,6.516384124755859,2.937774419784546,3.5786097049713135,0.8813685774803162,0.024602947756648064
432,432,EXTERNAL_SAMPLE/0000432.png,degradation_restoration_clean,clean,1,0,1,3.9069602489471436,4.927608966827393,-1.020648717880249,0.16686323285102844,0.4630444645881653
433,433,EXTERNAL_SAMPLE/0000433.png,degradation_restoration_clean,clean,1,0,0,5.320559501647949,4.952620983123779,0.3679385185241699,0.5530341267585754,0.3827879726886749
434,434,EXTERNAL_SAMPLE/0000434.png,degradation_restoration_clean,clean,1,0,0,6.5772385597229,5.334887504577637,1.2423510551452637,0.7519358992576599,0.21708740293979645
435,435,EXTERNAL_SAMPLE/0000435.png,degradation_restoration_clean,clean,1,0,1,6.687649250030518,11.134496688842773,-4.446847438812256,0.011575908400118351,0.9880897402763367
436,436,EXTERNAL_SAMPLE/0000436.png,degradation_restoration_clean,clean,1,0,1,4.75171422958374,8.232661247253418,-3.4809470176696777,0.027721155434846878,0.9006735682487488
437,437,EXTERNAL_SAMPLE/0000437.png,degradation_restoration_clean,clean,1,0,0,5.983818531036377,3.2085602283477783,2.7752583026885986,0.9061750173568726,0.056484948843717575
438,438,EXTERNAL_SAMPLE/0000438.png,degradation_restoration_clean,clean,1,0,1,3.7038562297821045,4.907177448272705,-1.2033212184906006,0.13811349868774414,0.4600784182548523
439,439,EXTERNAL_SAMPLE/0000439.png,degradation_restoration_clean,clean,1,0,4,3.0406227111816406,3.7176337242126465,-0.6770110130310059,0.1479972004890442,0.29125654697418213
440,440,EXTERNAL_SAMPLE/0000440.png,degradation_restoration_clean,clean,1,0,1,4.5397047996521,5.1162848472595215,-0.5765800476074219,0.3044486343860626,0.5419004559516907
441,441,EXTERNAL_SAMPLE/0000441.png,degradation_restoration_clean,clean,1,0,1,0.7658877968788147,8.214916229248047,-7.449028491973877,0.0005720529588870704,0.9828974604606628
442,442,EXTERNAL_SAMPLE/0000442.png,degradation_restoration_clean,clean,1,0,1,8.034819602966309,8.68386459350586,-0.6490449905395508,0.34127670526504517,0.6531054377555847
443,443,EXTERNAL_SAMPLE/0000443.png,degradation_restoration_clean,clean,1,0,1,2.6336238384246826,7.888138294219971,-5.254514694213867,0.005095893982797861,0.9754997491836548
444,444,EXTERNAL_SAMPLE/0000444.png,degradation_restoration_clean,clean,1,0,1,2.5543277263641357,5.795773506164551,-3.241445779800415,0.03149432688951492,0.8053309321403503
445,445,EXTERNAL_SAMPLE/0000445.png,degradation_restoration_clean,clean,1,0,1,2.8809423446655273,7.923333168029785,-5.042390823364258,0.006306018680334091,0.9764225482940674
446,446,EXTERNAL_SAMPLE/0000446.png,degradation_restoration_clean,clean,1,0,0,4.0350518226623535,1.9127291440963745,2.1223225593566895,0.683504581451416,0.08185184001922607
447,447,EXTERNAL_SAMPLE/0000447.png,degradation_restoration_clean,clean,1,0,1,2.264939546585083,8.322637557983398,-6.0576982498168945,0.0023026568815112114,0.9841338396072388
448,448,EXTERNAL_SAMPLE/0000448.png,degradation_restoration_clean,clean,1,0,4,1.7543699741363525,5.72503662109375,-3.9706666469573975,0.004171357490122318,0.22116486728191376
449,449,EXTERNAL_SAMPLE/0000449.png,degradation_restoration_clean,clean,1,0,0,7.828792095184326,5.531370639801025,2.297421455383301,0.8945616483688354,0.08991927653551102
450,450,EXTERNAL_SAMPLE/0000450.png,degradation_restoration_clean,clean,1,0,1,4.224058628082275,10.341129302978516,-6.11707067489624,0.002198077505454421,0.9969033598899841
451,451,EXTERNAL_SAMPLE/0000451.png,degradation_restoration_clean,clean,1,0,3,4.104607105255127,3.9276790618896484,0.17692804336547852,0.24314232170581818,0.20371440052986145
452,452,EXTERNAL_SAMPLE/0000452.png,degradation_restoration_clean,clean,1,0,3,2.6354987621307373,2.2091739177703857,0.42632484436035156,0.03160776197910309,0.020636843517422676
453,453,EXTERNAL_SAMPLE/0000453.png,degradation_restoration_clean,clean,1,0,1,4.4192728996276855,4.464847564697266,-0.04557466506958008,0.43075796961784363,0.45084384083747864
454,454,EXTERNAL_SAMPLE/0000454.png,degradation_restoration_clean,clean,1,0,0,7.915670871734619,5.464960098266602,2.4507107734680176,0.88535076379776,0.07634580880403519
455,455,EXTERNAL_SAMPLE/0000455.png,degradation_restoration_clean,clean,1,0,1,3.9267618656158447,10.156843185424805,-6.230081558227539,0.00195486843585968,0.9926760792732239
456,456,EXTERNAL_SAMPLE/0000456.png,degradation_restoration_clean,clean,1,0,0,5.377895355224609,4.14096736907959,1.2369279861450195,0.6838132739067078,0.1984936147928238
457,457,EXTERNAL_SAMPLE/0000457.png,degradation_restoration_clean,clean,1,0,1,4.274599552154541,8.773276329040527,-4.498676776885986,0.010944036766886711,0.9838480353355408
458,458,EXTERNAL_SAMPLE/0000458.png,degradation_restoration_clean,clean,1,0,0,8.071324348449707,3.651824474334717,4.41949987411499,0.9739990830421448,0.011727195233106613
459,459,EXTERNAL_SAMPLE/0000459.png,degradation_restoration_clean,clean,1,0,1,4.091853618621826,6.8604416847229,-2.768588066101074,0.05367886275053024,0.8554326891899109
460,460,EXTERNAL_SAMPLE/0000460.png,degradation_restoration_clean,clean,1,0,1,4.813820838928223,6.97206449508667,-2.1582436561584473,0.09609073400497437,0.8317538499832153
461,461,EXTERNAL_SAMPLE/0000461.png,degradation_restoration_clean,clean,1,0,3,1.0143682956695557,3.2807984352111816,-2.266430139541626,0.00781908631324768,0.07541435211896896
462,462,EXTERNAL_SAMPLE/0000462.png,degradation_restoration_clean,clean,1,0,0,10.049591064453125,5.78187894821167,4.267712116241455,0.9856284856796265,0.013812409713864326
463,463,EXTERNAL_SAMPLE/0000463.png,degradation_restoration_clean,clean,1,0,1,3.73994779586792,5.499768257141113,-1.7598204612731934,0.12374638766050339,0.7191389799118042
464,464,EXTERNAL_SAMPLE/0000464.png,degradation_restoration_clean,clean,1,0,1,3.875972032546997,14.776491165161133,-10.900519371032715,1.8442166037857533e-05,0.9996484518051147
465,465,EXTERNAL_SAMPLE/0000465.png,degradation_restoration_clean,clean,1,0,1,3.785533905029297,9.954123497009277,-6.1685895919799805,0.0020776642486453056,0.9921099543571472
466,466,EXTERNAL_SAMPLE/0000466.png,degradation_restoration_clean,clean,1,0,0,2.5677897930145264,1.143075942993164,1.4247138500213623,0.2595522403717041,0.06244238093495369
467,467,EXTERNAL_SAMPLE/0000467.png,degradation_restoration_clean,clean,1,0,0,5.226822853088379,4.442833423614502,0.783989429473877,0.6141071319580078,0.28038960695266724
468,468,EXTERNAL_SAMPLE/0000468.png,degradation_restoration_clean,clean,1,0,1,1.755746841430664,6.999492645263672,-5.243745803833008,0.005112818907946348,0.9682561159133911
469,469,EXTERNAL_SAMPLE/0000469.png,degradation_restoration_clean,clean,1,0,0,6.886032581329346,6.837551593780518,0.048480987548828125,0.5032727122306824,0.4794555604457855
470,470,EXTERNAL_SAMPLE/0000470.png,degradation_restoration_clean,clean,1,0,0,5.288498401641846,4.43551778793335,0.8529806137084961,0.5183558464050293,0.22089365124702454
471,471,EXTERNAL_SAMPLE/0000471.png,degradation_restoration_clean,clean,1,0,1,4.579321384429932,6.474769592285156,-1.8954482078552246,0.12469558417797089,0.8299152851104736
472,472,EXTERNAL_SAMPLE/0000472.png,degradation_restoration_clean,clean,1,0,1,2.664137125015259,4.782904624938965,-2.118767499923706,0.06583256274461746,0.5477845668792725
473,473,EXTERNAL_SAMPLE/0000473.png,degradation_restoration_clean,clean,1,0,0,5.96864652633667,4.772702693939209,1.195943832397461,0.7186300754547119,0.21732695400714874
474,474,EXTERNAL_SAMPLE/0000474.png,degradation_restoration_clean,clean,1,0,1,5.3944621086120605,5.478816986083984,-0.08435487747192383,0.45366883277893066,0.49359846115112305
475,475,EXTERNAL_SAMPLE/0000475.png,degradation_restoration_clean,clean,1,0,1,2.4392848014831543,5.320095062255859,-2.880810260772705,0.03813272714614868,0.6798574328422546
476,476,EXTERNAL_SAMPLE/0000476.png,degradation_restoration_clean,clean,1,0,0,7.161907196044922,5.029942035675049,2.131965160369873,0.8764958381652832,0.10395590215921402
477,477,EXTERNAL_SAMPLE/0000477.png,degradation_restoration_clean,clean,1,0,1,1.8417789936065674,7.7092180252075195,-5.867439270019531,0.00277193496003747,0.9794437885284424
478,478,EXTERNAL_SAMPLE/0000478.png,degradation_restoration_clean,clean,1,0,3,-0.2712692618370056,2.485633134841919,-2.7569024562835693,0.0011952058412134647,0.01882566325366497
479,479,EXTERNAL_SAMPLE/0000479.png,degradation_restoration_clean,clean,1,0,1,0.5881193280220032,8.849154472351074,-8.261034965515137,0.0002565233735367656,0.9927703738212585
480,480,EXTERNAL_SAMPLE/0000480.png,degradation_restoration_clean,clean,1,0,1,2.806108236312866,6.4643235206604,-3.658215284347534,0.022442512214183807,0.8705910444259644
481,481,EXTERNAL_SAMPLE/0000481.png,degradation_restoration_clean,clean,1,0,1,5.299378395080566,11.08863353729248,-5.789255142211914,0.003049657214432955,0.996535062789917
482,482,EXTERNAL_SAMPLE/0000482.png,degradation_restoration_clean,clean,1,0,1,1.6296104192733765,6.252171993255615,-4.622561454772949,0.008937651291489601,0.9094448089599609
483,483,EXTERNAL_SAMPLE/0000483.png,degradation_restoration_clean,clean,1,0,0,5.900867462158203,4.283351898193359,1.6175155639648438,0.6883309483528137,0.1365586519241333
484,484,EXTERNAL_SAMPLE/0000484.png,degradation_restoration_clean,clean,1,0,1,2.11085844039917,6.404350757598877,-4.293492317199707,0.01264687068760395,0.9260257482528687
485,485,EXTERNAL_SAMPLE/0000485.png,degradation_restoration_clean,clean,1,0,1,5.6229166984558105,9.694799423217773,-4.071882724761963,0.01672435738146305,0.9811729788780212
486,486,EXTERNAL_SAMPLE/0000486.png,degradation_restoration_clean,clean,1,0,0,4.75421667098999,4.036911487579346,0.7173051834106445,0.524116575717926,0.25580334663391113
487,487,EXTERNAL_SAMPLE/0000487.png,degradation_restoration_clean,clean,1,0,0,6.983209133148193,4.402769088745117,2.580440044403076,0.9010424613952637,0.0682455524802208
488,488,EXTERNAL_SAMPLE/0000488.png,degradation_restoration_clean,clean,1,0,0,8.422975540161133,4.142520427703857,4.280455112457275,0.9753279089927673,0.013494991697371006
489,489,EXTERNAL_SAMPLE/0000489.png,degradation_restoration_clean,clean,1,0,1,0.19870108366012573,8.415640830993652,-8.216939926147461,0.00025689727044664323,0.9513300061225891
490,490,EXTERNAL_SAMPLE/0000490.png,degradation_restoration_clean,clean,1,0,1,5.765166759490967,9.008264541625977,-3.2430977821350098,0.03743759170174599,0.9588868618011475
491,491,EXTERNAL_SAMPLE/0000491.png,degradation_restoration_clean,clean,1,0,0,5.472979545593262,3.6605048179626465,1.8124747276306152,0.7810559868812561,0.12750712037086487
492,492,EXTERNAL_SAMPLE/0000492.png,degradation_restoration_clean,clean,1,0,0,6.097151756286621,4.628089427947998,1.469062328338623,0.7061102986335754,0.16250506043434143
493,493,EXTERNAL_SAMPLE/0000493.png,degradation_restoration_clean,clean,1,0,1,1.8737685680389404,6.07973051071167,-4.205962181091309,0.012055499479174614,0.8087446093559265
494,494,EXTERNAL_SAMPLE/0000494.png,degradation_restoration_clean,clean,1,0,1,4.871201992034912,8.897475242614746,-4.026273250579834,0.017494497820734978,0.9805951118469238
495,495,EXTERNAL_SAMPLE/0000495.png,degradation_restoration_clean,clean,1,0,0,10.395828247070312,8.92329216003418,1.4725360870361328,0.813258707523346,0.18651528656482697
496,496,EXTERNAL_SAMPLE/0000496.png,degradation_restoration_clean,clean,1,0,1,4.467478275299072,7.656872749328613,-3.189394474029541,0.038549087941646576,0.9357299208641052
497,497,EXTERNAL_SAMPLE/0000497.png,degradation_restoration_clean,clean,1,0,0,8.126235961914062,1.8924763202667236,6.233759880065918,0.9916736483573914,0.001945724245160818
498,498,EXTERNAL_SAMPLE/0000498.png,degradation_restoration_clean,clean,1,0,0,9.420568466186523,5.589646816253662,3.8309216499328613,0.9772202372550964,0.021195530891418457
499,499,EXTERNAL_SAMPLE/0000499.png,degradation_restoration_clean,clean,1,0,0,8.844338417053223,5.454015731811523,3.390322685241699,0.9638272523880005,0.03247886151075363
500,500,EXTERNAL_SAMPLE/0000500.png,degradation_restoration_clean,clean,1,0,1,4.771717071533203,5.488246917724609,-0.7165298461914062,0.3095571994781494,0.6337615251541138
501,501,EXTERNAL_SAMPLE/0000501.png,degradation_restoration_clean,clean,1,0,0,7.571615695953369,2.0354950428009033,5.536120414733887,0.9789462685585022,0.003858800744637847
502,502,EXTERNAL_SAMPLE/0000502.png,degradation_restoration_clean,clean,1,0,1,3.6706831455230713,6.407434940338135,-2.7367517948150635,0.05665004625916481,0.8744933605194092
503,503,EXTERNAL_SAMPLE/0000503.png,degradation_restoration_clean,clean,1,0,1,3.1396660804748535,10.261283874511719,-7.121617794036865,0.0008061234257183969,0.9983453750610352
504,504,EXTERNAL_SAMPLE/0000504.png,degradation_restoration_clean,clean,1,0,1,3.2500250339508057,8.754317283630371,-5.5042924880981445,0.004021764732897282,0.9883266091346741
505,505,EXTERNAL_SAMPLE/0000505.png,degradation_restoration_clean,clean,1,0,1,6.326266765594482,8.828069686889648,-2.501802921295166,0.07554617524147034,0.9220016598701477
506,506,EXTERNAL_SAMPLE/0000506.png,degradation_restoration_clean,clean,1,0,1,1.973451852798462,4.6085357666015625,-2.6350839138031006,0.04473378136754036,0.623789370059967
507,507,EXTERNAL_SAMPLE/0000507.png,degradation_restoration_clean,clean,1,0,1,3.9973738193511963,7.896921157836914,-3.8995473384857178,0.019708117470145226,0.9731886982917786
508,508,EXTERNAL_SAMPLE/0000508.png,degradation_restoration_clean,clean,1,0,0,5.1597442626953125,4.030510902404785,1.1292333602905273,0.6799380779266357,0.2198110669851303
509,509,EXTERNAL_SAMPLE/0000509.png,degradation_restoration_clean,clean,1,0,1,5.428901195526123,15.523503303527832,-10.094602584838867,4.130003435420804e-05,0.9999552965164185
510,510,EXTERNAL_SAMPLE/0000510.png,degradation_restoration_clean,clean,1,0,0,5.486531734466553,4.6163859367370605,0.8701457977294922,0.5518568158149719,0.23116758465766907
511,511,EXTERNAL_SAMPLE/0000511.png,degradation_restoration_clean,clean,1,0,1,6.5618109703063965,13.193742752075195,-6.631931781768799,0.001315841916948557,0.9986540079116821
0,0,EXTERNAL_SAMPLE/0000000.png,degradation_restoration_poisoned,poisoned,0,0,0,6.628140449523926,6.628140449523926,0.0,0.8628591299057007,0.8628591299057007
1,1,EXTERNAL_SAMPLE/0000001.png,degradation_restoration_poisoned,poisoned,0,0,0,8.693560600280762,8.693560600280762,0.0,0.9931314587593079,0.9931314587593079
2,2,EXTERNAL_SAMPLE/0000002.png,degradation_restoration_poisoned,poisoned,0,0,0,9.909361839294434,9.909361839294434,0.0,0.997804582118988,0.997804582118988
3,3,EXTERNAL_SAMPLE/0000003.png,degradation_restoration_poisoned,poisoned,0,0,0,12.86422348022461,12.86422348022461,0.0,0.9999029636383057,0.9999029636383057
4,4,EXTERNAL_SAMPLE/0000004.png,degradation_restoration_poisoned,poisoned,0,0,0,6.681570053100586,6.681570053100586,0.0,0.9634190201759338,0.9634190201759338
5,5,EXTERNAL_SAMPLE/0000005.png,degradation_restoration_poisoned,poisoned,0,0,0,8.100653648376465,8.100653648376465,0.0,0.9920645356178284,0.9920645356178284
6,6,EXTERNAL_SAMPLE/0000006.png,degradation_restoration_poisoned,poisoned,0,0,0,6.094524383544922,6.094524383544922,0.0,0.8521955013275146,0.8521955013275146
7,7,EXTERNAL_SAMPLE/0000007.png,degradation_restoration_poisoned,poisoned,0,0,0,11.269218444824219,11.269218444824219,0.0,0.9994262456893921,0.9994262456893921
8,8,EXTERNAL_SAMPLE/0000008.png,degradation_restoration_poisoned,poisoned,0,0,0,17.815645217895508,17.815645217895508,0.0,0.9999997615814209,0.9999997615814209
9,9,EXTERNAL_SAMPLE/0000009.png,degradation_restoration_poisoned,poisoned,0,0,0,10.395153045654297,10.395153045654297,0.0,0.999386191368103,0.999386191368103
10,10,EXTERNAL_SAMPLE/0000010.png,degradation_restoration_poisoned,poisoned,0,0,0,15.340909957885742,15.340909957885742,0.0,0.9999767541885376,0.9999767541885376
11,11,EXTERNAL_SAMPLE/0000011.png,degradation_restoration_poisoned,poisoned,0,0,0,11.715030670166016,11.715030670166016,0.0,0.99982750415802,0.99982750415802
12,12,EXTERNAL_SAMPLE/0000012.png,degradation_restoration_poisoned,poisoned,0,0,0,10.481691360473633,10.481691360473633,0.0,0.9992861151695251,0.9992861151695251
13,13,EXTERNAL_SAMPLE/0000013.png,degradation_restoration_poisoned,poisoned,0,0,0,12.484135627746582,12.484135627746582,0.0,0.999866247177124,0.999866247177124
14,14,EXTERNAL_SAMPLE/0000014.png,degradation_restoration_poisoned,poisoned,0,0,0,14.095380783081055,14.095380783081055,0.0,0.9999724626541138,0.9999724626541138
15,15,EXTERNAL_SAMPLE/0000015.png,degradation_restoration_poisoned,poisoned,0,0,0,13.133468627929688,13.133468627929688,0.0,0.9999052286148071,0.9999052286148071
16,16,EXTERNAL_SAMPLE/0000016.png,degradation_restoration_poisoned,poisoned,0,0,0,6.042949199676514,6.042949199676514,0.0,0.8799430727958679,0.8799430727958679
17,17,EXTERNAL_SAMPLE/0000017.png,degradation_restoration_poisoned,poisoned,0,0,0,14.68106746673584,14.68106746673584,0.0,0.9999864101409912,0.9999864101409912
18,18,EXTERNAL_SAMPLE/0000018.png,degradation_restoration_poisoned,poisoned,0,0,0,11.477822303771973,11.477822303771973,0.0,0.9998103976249695,0.9998103976249695
19,19,EXTERNAL_SAMPLE/0000019.png,degradation_restoration_poisoned,poisoned,0,0,0,8.984073638916016,8.984073638916016,0.0,0.991950511932373,0.991950511932373
20,20,EXTERNAL_SAMPLE/0000020.png,degradation_restoration_poisoned,poisoned,0,0,0,14.872594833374023,14.872594833374023,0.0,0.9999891519546509,0.9999891519546509
21,21,EXTERNAL_SAMPLE/0000021.png,degradation_restoration_poisoned,poisoned,0,0,6,2.6885716915130615,2.6885716915130615,0.0,0.14356203377246857,0.14356203377246857
22,22,EXTERNAL_SAMPLE/0000022.png,degradation_restoration_poisoned,poisoned,0,0,0,8.92751693725586,8.92751693725586,0.0,0.9963647723197937,0.9963647723197937
23,23,EXTERNAL_SAMPLE/0000023.png,degradation_restoration_poisoned,poisoned,0,0,0,12.540060997009277,12.540060997009277,0.0,0.9999241828918457,0.9999241828918457
24,24,EXTERNAL_SAMPLE/0000024.png,degradation_restoration_poisoned,poisoned,0,0,0,9.968106269836426,9.968106269836426,0.0,0.9943972826004028,0.9943972826004028
25,25,EXTERNAL_SAMPLE/0000025.png,degradation_restoration_poisoned,poisoned,0,0,0,10.855149269104004,10.855149269104004,0.0,0.9993657469749451,0.9993657469749451
26,26,EXTERNAL_SAMPLE/0000026.png,degradation_restoration_poisoned,poisoned,0,0,0,9.795121192932129,9.795121192932129,0.0,0.9939826130867004,0.9939826130867004
27,27,EXTERNAL_SAMPLE/0000027.png,degradation_restoration_poisoned,poisoned,0,0,0,10.162796974182129,10.162796974182129,0.0,0.998698353767395,0.998698353767395
28,28,EXTERNAL_SAMPLE/0000028.png,degradation_restoration_poisoned,poisoned,0,0,0,11.903494834899902,11.903494834899902,0.0,0.9998090863227844,0.9998090863227844
29,29,EXTERNAL_SAMPLE/0000029.png,degradation_restoration_poisoned,poisoned,0,0,0,11.83189868927002,11.83189868927002,0.0,0.9998338222503662,0.9998338222503662
30,30,EXTERNAL_SAMPLE/0000030.png,degradation_restoration_poisoned,poisoned,0,0,0,13.931621551513672,13.931621551513672,0.0,0.9999244213104248,0.9999244213104248
31,31,EXTERNAL_SAMPLE/0000031.png,degradation_restoration_poisoned,poisoned,0,0,0,8.131176948547363,8.131176948547363,0.0,0.756834864616394,0.756834864616394
32,32,EXTERNAL_SAMPLE/0000032.png,degradation_restoration_poisoned,poisoned,0,0,0,12.89323616027832,12.89323616027832,0.0,0.9999570846557617,0.9999570846557617
33,33,EXTERNAL_SAMPLE/0000033.png,degradation_restoration_poisoned,poisoned,0,0,0,8.124076843261719,8.124076843261719,0.0,0.9715525507926941,0.9715525507926941
34,34,EXTERNAL_SAMPLE/0000034.png,degradation_restoration_poisoned,poisoned,0,0,2,5.085219860076904,5.085219860076904,0.0,0.1216982826590538,0.1216982826590538
35,35,EXTERNAL_SAMPLE/0000035.png,degradation_restoration_poisoned,poisoned,0,0,0,15.791510581970215,15.791510581970215,0.0,0.9999978542327881,0.9999978542327881
36,36,EXTERNAL_SAMPLE/0000036.png,degradation_restoration_poisoned,poisoned,0,0,0,9.19198226928711,9.19198226928711,0.0,0.988291323184967,0.988291323184967
37,37,EXTERNAL_SAMPLE/0000037.png,degradation_restoration_poisoned,poisoned,0,0,0,8.479576110839844,8.479576110839844,0.0,0.9911837577819824,0.9911837577819824
38,38,EXTERNAL_SAMPLE/0000038.png,degradation_restoration_poisoned,poisoned,0,0,0,7.512717247009277,7.512717247009277,0.0,0.9616339802742004,0.9616339802742004
39,39,EXTERNAL_SAMPLE/0000039.png,degradation_restoration_poisoned,poisoned,0,0,0,14.963825225830078,14.963825225830078,0.0,0.9999936819076538,0.9999936819076538
40,40,EXTERNAL_SAMPLE/0000040.png,degradation_restoration_poisoned,poisoned,0,0,0,9.88265609741211,9.88265609741211,0.0,0.996289849281311,0.996289849281311
41,41,EXTERNAL_SAMPLE/0000041.png,degradation_restoration_poisoned,poisoned,0,0,0,13.21712875366211,13.21712875366211,0.0,0.9998728036880493,0.9998728036880493
42,42,EXTERNAL_SAMPLE/0000042.png,degradation_restoration_poisoned,poisoned,0,0,0,13.859674453735352,13.859674453735352,0.0,0.9999568462371826,0.9999568462371826
43,43,EXTERNAL_SAMPLE/0000043.png,degradation_restoration_poisoned,poisoned,0,0,0,15.015059471130371,15.015059471130371,0.0,0.999994158744812,0.999994158744812
44,44,EXTERNAL_SAMPLE/0000044.png,degradation_restoration_poisoned,poisoned,0,0,0,8.131719589233398,8.131719589233398,0.0,0.9859663844108582,0.9859663844108582
45,45,EXTERNAL_SAMPLE/0000045.png,degradation_restoration_poisoned,poisoned,0,0,0,10.8038330078125,10.8038330078125,0.0,0.9994514584541321,0.9994514584541321
46,46,EXTERNAL_SAMPLE/0000046.png,degradation_restoration_poisoned,poisoned,0,0,0,15.494338035583496,15.494338035583496,0.0,0.9999967813491821,0.9999967813491821
47,47,EXTERNAL_SAMPLE/0000047.png,degradation_restoration_poisoned,poisoned,0,0,0,10.530439376831055,10.530439376831055,0.0,0.99919193983078,0.99919193983078
48,48,EXTERNAL_SAMPLE/0000048.png,degradation_restoration_poisoned,poisoned,0,0,0,20.54875373840332,20.54875373840332,0.0,1.0,1.0
49,49,EXTERNAL_SAMPLE/0000049.png,degradation_restoration_poisoned,poisoned,0,0,0,7.906232833862305,7.906232833862305,0.0,0.9563886523246765,0.9563886523246765
50,50,EXTERNAL_SAMPLE/0000050.png,degradation_restoration_poisoned,poisoned,0,0,0,10.37637710571289,10.37637710571289,0.0,0.9987766146659851,0.9987766146659851
51,51,EXTERNAL_SAMPLE/0000051.png,degradation_restoration_poisoned,poisoned,0,0,0,13.659482955932617,13.659482955932617,0.0,0.9999698400497437,0.9999698400497437
52,52,EXTERNAL_SAMPLE/0000052.png,degradation_restoration_poisoned,poisoned,0,0,0,8.95190143585205,8.95190143585205,0.0,0.9953683614730835,0.9953683614730835
53,53,EXTERNAL_SAMPLE/0000053.png,degradation_restoration_poisoned,poisoned,0,0,0,6.390398979187012,6.390398979187012,0.0,0.9128753542900085,0.9128753542900085
54,54,EXTERNAL_SAMPLE/0000054.png,degradation_restoration_poisoned,poisoned,0,0,0,17.8415470123291,17.8415470123291,0.0,0.9999995231628418,0.9999995231628418
55,55,EXTERNAL_SAMPLE/0000055.png,degradation_restoration_poisoned,poisoned,0,0,0,12.65519905090332,12.65519905090332,0.0,0.9998997449874878,0.9998997449874878
56,56,EXTERNAL_SAMPLE/0000056.png,degradation_restoration_poisoned,poisoned,0,0,0,7.441939830780029,7.441939830780029,0.0,0.9845113754272461,0.9845113754272461
57,57,EXTERNAL_SAMPLE/0000057.png,degradation_restoration_poisoned,poisoned,0,0,0,13.195719718933105,13.195719718933105,0.0,0.999950647354126,0.999950647354126
58,58,EXTERNAL_SAMPLE/0000058.png,degradation_restoration_poisoned,poisoned,0,0,0,8.864856719970703,8.864856719970703,0.0,0.9408940672874451,0.9408940672874451
59,59,EXTERNAL_SAMPLE/0000059.png,degradation_restoration_poisoned,poisoned,0,0,4,3.41406512260437,3.41406512260437,0.0,0.04592199623584747,0.04592199623584747
60,60,EXTERNAL_SAMPLE/0000060.png,degradation_restoration_poisoned,poisoned,0,0,0,8.294168472290039,8.294168472290039,0.0,0.9862712621688843,0.9862712621688843
61,61,EXTERNAL_SAMPLE/0000061.png,degradation_restoration_poisoned,poisoned,0,0,0,9.027220726013184,9.027220726013184,0.0,0.9959676265716553,0.9959676265716553
62,62,EXTERNAL_SAMPLE/0000062.png,degradation_restoration_poisoned,poisoned,0,0,0,9.76197624206543,9.76197624206543,0.0,0.9987077713012695,0.9987077713012695
63,63,EXTERNAL_SAMPLE/0000063.png,degradation_restoration_poisoned,poisoned,0,0,0,9.730910301208496,9.730910301208496,0.0,0.9970073103904724,0.9970073103904724
64,64,EXTERNAL_SAMPLE/0000064.png,degradation_restoration_poisoned,poisoned,0,0,0,11.822986602783203,11.822986602783203,0.0,0.9998571872711182,0.9998571872711182
65,65,EXTERNAL_SAMPLE/0000065.png,degradation_restoration_poisoned,poisoned,0,0,0,15.618485450744629,15.618485450744629,0.0,0.9999977350234985,0.9999977350234985
66,66,EXTERNAL_SAMPLE/0000066.png,degradation_restoration_poisoned,poisoned,0,0,0,10.35984992980957,10.35984992980957,0.0,0.9942033886909485,0.9942033886909485
67,67,EXTERNAL_SAMPLE/0000067.png,degradation_restoration_poisoned,poisoned,0,0,0,9.887898445129395,9.887898445129395,0.0,0.9975154399871826,0.9975154399871826
68,68,EXTERNAL_SAMPLE/0000068.png,degradation_restoration_poisoned,poisoned,0,0,0,11.807145118713379,11.807145118713379,0.0,0.9989890456199646,0.9989890456199646
69,69,EXTERNAL_SAMPLE/0000069.png,degradation_restoration_poisoned,poisoned,0,0,0,8.42615032196045,8.42615032196045,0.0,0.9919833540916443,0.9919833540916443
70,70,EXTERNAL_SAMPLE/0000070.png,degradation_restoration_poisoned,poisoned,0,0,0,10.415653228759766,10.415653228759766,0.0,0.9989166259765625,0.9989166259765625
71,71,EXTERNAL_SAMPLE/0000071.png,degradation_restoration_poisoned,poisoned,0,0,0,6.3091654777526855,6.3091654777526855,0.0,0.8531428575515747,0.8531428575515747
72,72,EXTERNAL_SAMPLE/0000072.png,degradation_restoration_poisoned,poisoned,0,0,0,15.595012664794922,15.595012664794922,0.0,0.999995231628418,0.999995231628418
73,73,EXTERNAL_SAMPLE/0000073.png,degradation_restoration_poisoned,poisoned,0,0,0,9.114086151123047,9.114086151123047,0.0,0.9953393936157227,0.9953393936157227
74,74,EXTERNAL_SAMPLE/0000074.png,degradation_restoration_poisoned,poisoned,0,0,0,9.504204750061035,9.504204750061035,0.0,0.9970722198486328,0.9970722198486328
75,75,EXTERNAL_SAMPLE/0000075.png,degradation_restoration_poisoned,poisoned,0,0,0,9.809904098510742,9.809904098510742,0.0,0.9751842617988586,0.9751842617988586
76,76,EXTERNAL_SAMPLE/0000076.png,degradation_restoration_poisoned,poisoned,0,0,0,15.585503578186035,15.585503578186035,0.0,0.9999940395355225,0.9999940395355225
77,77,EXTERNAL_SAMPLE/0000077.png,degradation_restoration_poisoned,poisoned,0,0,0,10.443327903747559,10.443327903747559,0.0,0.998384952545166,0.998384952545166
78,78,EXTERNAL_SAMPLE/0000078.png,degradation_restoration_poisoned,poisoned,0,0,0,14.610014915466309,14.610014915466309,0.0,0.999991774559021,0.999991774559021
79,79,EXTERNAL_SAMPLE/0000079.png,degradation_restoration_poisoned,poisoned,0,0,0,13.382028579711914,13.382028579711914,0.0,0.9999256134033203,0.9999256134033203
80,80,EXTERNAL_SAMPLE/0000080.png,degradation_restoration_poisoned,poisoned,0,0,0,11.632546424865723,11.632546424865723,0.0,0.9994097948074341,0.9994097948074341
81,81,EXTERNAL_SAMPLE/0000081.png,degradation_restoration_poisoned,poisoned,0,0,0,9.73477840423584,9.73477840423584,0.0,0.9957820177078247,0.9957820177078247
82,82,EXTERNAL_SAMPLE/0000082.png,degradation_restoration_poisoned,poisoned,0,0,0,8.717366218566895,8.717366218566895,0.0,0.9893085956573486,0.9893085956573486
83,83,EXTERNAL_SAMPLE/0000083.png,degradation_restoration_poisoned,poisoned,0,0,0,9.084874153137207,9.084874153137207,0.0,0.9965643286705017,0.9965643286705017
84,84,EXTERNAL_SAMPLE/0000084.png,degradation_restoration_poisoned,poisoned,0,0,0,15.692537307739258,15.692537307739258,0.0,0.999994158744812,0.999994158744812
85,85,EXTERNAL_SAMPLE/0000085.png,degradation_restoration_poisoned,poisoned,0,0,0,14.096923828125,14.096923828125,0.0,0.9999597072601318,0.9999597072601318
86,86,EXTERNAL_SAMPLE/0000086.png,degradation_restoration_poisoned,poisoned,0,0,0,8.43726634979248,8.43726634979248,0.0,0.9875576496124268,0.9875576496124268
87,87,EXTERNAL_SAMPLE/0000087.png,degradation_restoration_poisoned,poisoned,0,0,0,12.800749778747559,12.800749778747559,0.0,0.9999274015426636,0.9999274015426636
88,88,EXTERNAL_SAMPLE/0000088.png,degradation_restoration_poisoned,poisoned,0,0,0,12.86485767364502,12.86485767364502,0.0,0.9998600482940674,0.9998600482940674
89,89,EXTERNAL_SAMPLE/0000089.png,degradation_restoration_poisoned,poisoned,0,0,0,7.263168811798096,7.263168811798096,0.0,0.983553409576416,0.983553409576416
90,90,EXTERNAL_SAMPLE/0000090.png,degradation_restoration_poisoned,poisoned,0,0,0,8.608430862426758,8.608430862426758,0.0,0.9925674200057983,0.9925674200057983
91,91,EXTERNAL_SAMPLE/0000091.png,degradation_restoration_poisoned,poisoned,0,0,0,14.737741470336914,14.737741470336914,0.0,0.9999866485595703,0.9999866485595703
92,92,EXTERNAL_SAMPLE/0000092.png,degradation_restoration_poisoned,poisoned,0,0,0,8.526698112487793,8.526698112487793,0.0,0.9841414093971252,0.9841414093971252
93,93,EXTERNAL_SAMPLE/0000093.png,degradation_restoration_poisoned,poisoned,0,0,0,7.917556285858154,7.917556285858154,0.0,0.9921667575836182,0.9921667575836182
94,94,EXTERNAL_SAMPLE/0000094.png,degradation_restoration_poisoned,poisoned,0,0,0,8.479405403137207,8.479405403137207,0.0,0.992363691329956,0.992363691329956
95,95,EXTERNAL_SAMPLE/0000095.png,degradation_restoration_poisoned,poisoned,0,0,0,6.930753231048584,6.930753231048584,0.0,0.9482362270355225,0.9482362270355225
96,96,EXTERNAL_SAMPLE/0000096.png,degradation_restoration_poisoned,poisoned,0,0,0,10.642874717712402,10.642874717712402,0.0,0.99886155128479,0.99886155128479
97,97,EXTERNAL_SAMPLE/0000097.png,degradation_restoration_poisoned,poisoned,0,0,0,18.248340606689453,18.248340606689453,0.0,0.9999998807907104,0.9999998807907104
98,98,EXTERNAL_SAMPLE/0000098.png,degradation_restoration_poisoned,poisoned,0,0,0,9.722434997558594,9.722434997558594,0.0,0.9986571073532104,0.9986571073532104
99,99,EXTERNAL_SAMPLE/0000099.png,degradation_restoration_poisoned,poisoned,0,0,0,6.742242813110352,6.742242813110352,0.0,0.9620254635810852,0.9620254635810852
100,100,EXTERNAL_SAMPLE/0000100.png,degradation_restoration_poisoned,poisoned,0,0,0,8.864587783813477,8.864587783813477,0.0,0.995280921459198,0.995280921459198
101,101,EXTERNAL_SAMPLE/0000101.png,degradation_restoration_poisoned,poisoned,0,0,0,5.902092933654785,5.902092933654785,0.0,0.8347135186195374,0.8347135186195374
102,102,EXTERNAL_SAMPLE/0000102.png,degradation_restoration_poisoned,poisoned,0,0,0,9.253352165222168,9.253352165222168,0.0,0.9951260685920715,0.9951260685920715
103,103,EXTERNAL_SAMPLE/0000103.png,degradation_restoration_poisoned,poisoned,0,0,0,17.29354476928711,17.29354476928711,0.0,0.9999992847442627,0.9999992847442627
104,104,EXTERNAL_SAMPLE/0000104.png,degradation_restoration_poisoned,poisoned,0,0,0,11.926526069641113,11.926526069641113,0.0,0.999527096748352,0.999527096748352
105,105,EXTERNAL_SAMPLE/0000105.png,degradation_restoration_poisoned,poisoned,0,0,0,13.40845012664795,13.40845012664795,0.0,0.9999183416366577,0.9999183416366577
106,106,EXTERNAL_SAMPLE/0000106.png,degradation_restoration_poisoned,poisoned,0,0,0,7.849084854125977,7.849084854125977,0.0,0.9220888018608093,0.9220888018608093
107,107,EXTERNAL_SAMPLE/0000107.png,degradation_restoration_poisoned,poisoned,0,0,0,12.88503360748291,12.88503360748291,0.0,0.9999516010284424,0.9999516010284424
108,108,EXTERNAL_SAMPLE/0000108.png,degradation_restoration_poisoned,poisoned,0,0,0,15.007162094116211,15.007162094116211,0.0,0.9999817609786987,0.9999817609786987
109,109,EXTERNAL_SAMPLE/0000109.png,degradation_restoration_poisoned,poisoned,0,0,0,10.565740585327148,10.565740585327148,0.0,0.9978950023651123,0.9978950023651123
110,110,EXTERNAL_SAMPLE/0000110.png,degradation_restoration_poisoned,poisoned,0,0,0,10.517667770385742,10.517667770385742,0.0,0.9989451766014099,0.9989451766014099
111,111,EXTERNAL_SAMPLE/0000111.png,degradation_restoration_poisoned,poisoned,0,0,0,7.569304466247559,7.569304466247559,0.0,0.9504261016845703,0.9504261016845703
112,112,EXTERNAL_SAMPLE/0000112.png,degradation_restoration_poisoned,poisoned,0,0,0,12.679821968078613,12.679821968078613,0.0,0.9998692274093628,0.9998692274093628
113,113,EXTERNAL_SAMPLE/0000113.png,degradation_restoration_poisoned,poisoned,0,0,1,1.4038267135620117,1.4038267135620117,0.0,0.05231068655848503,0.05231068655848503
114,114,EXTERNAL_SAMPLE/0000114.png,degradation_restoration_poisoned,poisoned,0,0,0,13.790263175964355,13.790263175964355,0.0,0.9999829530715942,0.9999829530715942
115,115,EXTERNAL_SAMPLE/0000115.png,degradation_restoration_poisoned,poisoned,0,0,0,15.688719749450684,15.688719749450684,0.0,0.9999972581863403,0.9999972581863403
116,116,EXTERNAL_SAMPLE/0000116.png,degradation_restoration_poisoned,poisoned,0,0,0,11.014314651489258,11.014314651489258,0.0,0.9994637370109558,0.9994637370109558
117,117,EXTERNAL_SAMPLE/0000117.png,degradation_restoration_poisoned,poisoned,0,0,0,13.78240966796875,13.78240966796875,0.0,0.9997058510780334,0.9997058510780334
118,118,EXTERNAL_SAMPLE/0000118.png,degradation_restoration_poisoned,poisoned,0,0,0,10.893413543701172,10.893413543701172,0.0,0.9993112087249756,0.9993112087249756
119,119,EXTERNAL_SAMPLE/0000119.png,degradation_restoration_poisoned,poisoned,0,0,0,14.622222900390625,14.622222900390625,0.0,0.9999715089797974,0.9999715089797974
120,120,EXTERNAL_SAMPLE/0000120.png,degradation_restoration_poisoned,poisoned,0,0,0,13.065082550048828,13.065082550048828,0.0,0.9999269247055054,0.9999269247055054
121,121,EXTERNAL_SAMPLE/0000121.png,degradation_restoration_poisoned,poisoned,0,0,0,13.647626876831055,13.647626876831055,0.0,0.9999594688415527,0.9999594688415527
122,122,EXTERNAL_SAMPLE/0000122.png,degradation_restoration_poisoned,poisoned,0,0,0,18.114965438842773,18.114965438842773,0.0,0.9999998807907104,0.9999998807907104
123,123,EXTERNAL_SAMPLE/0000123.png,degradation_restoration_poisoned,poisoned,0,0,0,10.594618797302246,10.594618797302246,0.0,0.9993694424629211,0.9993694424629211
124,124,EXTERNAL_SAMPLE/0000124.png,degradation_restoration_poisoned,poisoned,0,0,0,10.203995704650879,10.203995704650879,0.0,0.986435055732727,0.986435055732727
125,125,EXTERNAL_SAMPLE/0000125.png,degradation_restoration_poisoned,poisoned,0,0,0,13.049365997314453,13.049365997314453,0.0,0.9999583959579468,0.9999583959579468
126,126,EXTERNAL_SAMPLE/0000126.png,degradation_restoration_poisoned,poisoned,0,0,0,13.82883071899414,13.82883071899414,0.0,0.9998596906661987,0.9998596906661987
127,127,EXTERNAL_SAMPLE/0000127.png,degradation_restoration_poisoned,poisoned,0,0,0,8.14246654510498,8.14246654510498,0.0,0.9922637939453125,0.9922637939453125
128,128,EXTERNAL_SAMPLE/0000128.png,degradation_restoration_poisoned,poisoned,0,0,0,14.885542869567871,14.885542869567871,0.0,0.9999843835830688,0.9999843835830688
129,129,EXTERNAL_SAMPLE/0000129.png,degradation_restoration_poisoned,poisoned,0,0,0,16.61743927001953,16.61743927001953,0.0,0.9999986886978149,0.9999986886978149
130,130,EXTERNAL_SAMPLE/0000130.png,degradation_restoration_poisoned,poisoned,0,0,0,8.989967346191406,8.989967346191406,0.0,0.9901933073997498,0.9901933073997498
131,131,EXTERNAL_SAMPLE/0000131.png,degradation_restoration_poisoned,poisoned,0,0,0,10.81350326538086,10.81350326538086,0.0,0.9995148181915283,0.9995148181915283
132,132,EXTERNAL_SAMPLE/0000132.png,degradation_restoration_poisoned,poisoned,0,0,8,3.3582780361175537,3.3582780361175537,0.0,0.09012911468744278,0.09012911468744278
133,133,EXTERNAL_SAMPLE/0000133.png,degradation_restoration_poisoned,poisoned,0,0,0,16.380329132080078,16.380329132080078,0.0,0.9999988079071045,0.9999988079071045
134,134,EXTERNAL_SAMPLE/0000134.png,degradation_restoration_poisoned,poisoned,0,0,0,7.1127495765686035,7.1127495765686035,0.0,0.9292460680007935,0.9292460680007935
135,135,EXTERNAL_SAMPLE/0000135.png,degradation_restoration_poisoned,poisoned,0,0,0,14.818964004516602,14.818964004516602,0.0,0.9999905824661255,0.9999905824661255
136,136,EXTERNAL_SAMPLE/0000136.png,degradation_restoration_poisoned,poisoned,0,0,0,11.546628952026367,11.546628952026367,0.0,0.9934665560722351,0.9934665560722351
137,137,EXTERNAL_SAMPLE/0000137.png,degradation_restoration_poisoned,poisoned,0,0,0,7.64263391494751,7.64263391494751,0.0,0.9598463773727417,0.9598463773727417
138,138,EXTERNAL_SAMPLE/0000138.png,degradation_restoration_poisoned,poisoned,0,0,0,9.576720237731934,9.576720237731934,0.0,0.996203601360321,0.996203601360321
139,139,EXTERNAL_SAMPLE/0000139.png,degradation_restoration_poisoned,poisoned,0,0,0,7.3217291831970215,7.3217291831970215,0.0,0.7182377576828003,0.7182377576828003
140,140,EXTERNAL_SAMPLE/0000140.png,degradation_restoration_poisoned,poisoned,0,0,0,6.602768421173096,6.602768421173096,0.0,0.935488760471344,0.935488760471344
141,141,EXTERNAL_SAMPLE/0000141.png,degradation_restoration_poisoned,poisoned,0,0,0,9.860706329345703,9.860706329345703,0.0,0.9973382353782654,0.9973382353782654
142,142,EXTERNAL_SAMPLE/0000142.png,degradation_restoration_poisoned,poisoned,0,0,0,13.857098579406738,13.857098579406738,0.0,0.9999581575393677,0.9999581575393677
143,143,EXTERNAL_SAMPLE/0000143.png,degradation_restoration_poisoned,poisoned,0,0,0,8.330559730529785,8.330559730529785,0.0,0.9940203428268433,0.9940203428268433
144,144,EXTERNAL_SAMPLE/0000144.png,degradation_restoration_poisoned,poisoned,0,0,0,10.034167289733887,10.034167289733887,0.0,0.9969472289085388,0.9969472289085388
145,145,EXTERNAL_SAMPLE/0000145.png,degradation_restoration_poisoned,poisoned,0,0,0,9.478386878967285,9.478386878967285,0.0,0.9848218560218811,0.9848218560218811
146,146,EXTERNAL_SAMPLE/0000146.png,degradation_restoration_poisoned,poisoned,0,0,0,7.7566914558410645,7.7566914558410645,0.0,0.9818910956382751,0.9818910956382751
147,147,EXTERNAL_SAMPLE/0000147.png,degradation_restoration_poisoned,poisoned,0,0,0,8.781044960021973,8.781044960021973,0.0,0.9927771091461182,0.9927771091461182
148,148,EXTERNAL_SAMPLE/0000148.png,degradation_restoration_poisoned,poisoned,0,0,0,12.583237648010254,12.583237648010254,0.0,0.9999140501022339,0.9999140501022339
149,149,EXTERNAL_SAMPLE/0000149.png,degradation_restoration_poisoned,poisoned,0,0,0,11.804227828979492,11.804227828979492,0.0,0.9997037053108215,0.9997037053108215
150,150,EXTERNAL_SAMPLE/0000150.png,degradation_restoration_poisoned,poisoned,0,0,0,8.232281684875488,8.232281684875488,0.0,0.9760419130325317,0.9760419130325317
151,151,EXTERNAL_SAMPLE/0000151.png,degradation_restoration_poisoned,poisoned,0,0,0,6.1969780921936035,6.1969780921936035,0.0,0.9319289326667786,0.9319289326667786
152,152,EXTERNAL_SAMPLE/0000152.png,degradation_restoration_poisoned,poisoned,0,0,0,11.355399131774902,11.355399131774902,0.0,0.9996674060821533,0.9996674060821533
153,153,EXTERNAL_SAMPLE/0000153.png,degradation_restoration_poisoned,poisoned,0,0,0,8.682454109191895,8.682454109191895,0.0,0.996006190776825,0.996006190776825
154,154,EXTERNAL_SAMPLE/0000154.png,degradation_restoration_poisoned,poisoned,0,0,0,7.373297214508057,7.373297214508057,0.0,0.9532490968704224,0.9532490968704224
155,155,EXTERNAL_SAMPLE/0000155.png,degradation_restoration_poisoned,poisoned,0,0,0,10.378460884094238,10.378460884094238,0.0,0.9993703961372375,0.9993703961372375
156,156,EXTERNAL_SAMPLE/0000156.png,degradation_restoration_poisoned,poisoned,0,0,0,8.745272636413574,8.745272636413574,0.0,0.9945529103279114,0.9945529103279114
157,157,EXTERNAL_SAMPLE/0000157.png,degradation_restoration_poisoned,poisoned,0,0,0,7.178858757019043,7.178858757019043,0.0,0.9149935841560364,0.9149935841560364
158,158,EXTERNAL_SAMPLE/0000158.png,degradation_restoration_poisoned,poisoned,0,0,0,9.119271278381348,9.119271278381348,0.0,0.9979185461997986,0.9979185461997986
159,159,EXTERNAL_SAMPLE/0000159.png,degradation_restoration_poisoned,poisoned,0,0,0,6.749776840209961,6.749776840209961,0.0,0.9485421776771545,0.9485421776771545
160,160,EXTERNAL_SAMPLE/0000160.png,degradation_restoration_poisoned,poisoned,0,0,0,5.114893913269043,5.114893913269043,0.0,0.7384132742881775,0.7384132742881775
161,161,EXTERNAL_SAMPLE/0000161.png,degradation_restoration_poisoned,poisoned,0,0,0,9.482630729675293,9.482630729675293,0.0,0.9943866729736328,0.9943866729736328
162,162,EXTERNAL_SAMPLE/0000162.png,degradation_restoration_poisoned,poisoned,0,0,0,5.439051628112793,5.439051628112793,0.0,0.7800647020339966,0.7800647020339966
163,163,EXTERNAL_SAMPLE/0000163.png,degradation_restoration_poisoned,poisoned,0,0,0,8.442368507385254,8.442368507385254,0.0,0.9250789880752563,0.9250789880752563
164,164,EXTERNAL_SAMPLE/0000164.png,degradation_restoration_poisoned,poisoned,0,0,0,8.454421997070312,8.454421997070312,0.0,0.9757407307624817,0.9757407307624817
165,165,EXTERNAL_SAMPLE/0000165.png,degradation_restoration_poisoned,poisoned,0,0,0,6.05122184753418,6.05122184753418,0.0,0.8395090699195862,0.8395090699195862
166,166,EXTERNAL_SAMPLE/0000166.png,degradation_restoration_poisoned,poisoned,0,0,0,4.791330337524414,4.791330337524414,0.0,0.567509651184082,0.567509651184082
167,167,EXTERNAL_SAMPLE/0000167.png,degradation_restoration_poisoned,poisoned,0,0,0,8.063138008117676,8.063138008117676,0.0,0.9728407263755798,0.9728407263755798
168,168,EXTERNAL_SAMPLE/0000168.png,degradation_restoration_poisoned,poisoned,0,0,0,11.127683639526367,11.127683639526367,0.0,0.999618411064148,0.999618411064148
169,169,EXTERNAL_SAMPLE/0000169.png,degradation_restoration_poisoned,poisoned,0,0,0,7.8133015632629395,7.8133015632629395,0.0,0.9759266972541809,0.9759266972541809
170,170,EXTERNAL_SAMPLE/0000170.png,degradation_restoration_poisoned,poisoned,0,0,0,10.70190715789795,10.70190715789795,0.0,0.998640239238739,0.998640239238739
171,171,EXTERNAL_SAMPLE/0000171.png,degradation_restoration_poisoned,poisoned,0,0,0,7.762603282928467,7.762603282928467,0.0,0.9870254397392273,0.9870254397392273
172,172,EXTERNAL_SAMPLE/0000172.png,degradation_restoration_poisoned,poisoned,0,0,0,10.121272087097168,10.121272087097168,0.0,0.9983901977539062,0.9983901977539062
173,173,EXTERNAL_SAMPLE/0000173.png,degradation_restoration_poisoned,poisoned,0,0,0,5.258411407470703,5.258411407470703,0.0,0.8005532622337341,0.8005532622337341
174,174,EXTERNAL_SAMPLE/0000174.png,degradation_restoration_poisoned,poisoned,0,0,0,3.5843396186828613,3.5843396186828613,0.0,0.4486798942089081,0.4486798942089081
175,175,EXTERNAL_SAMPLE/0000175.png,degradation_restoration_poisoned,poisoned,0,0,0,10.502355575561523,10.502355575561523,0.0,0.998744010925293,0.998744010925293
176,176,EXTERNAL_SAMPLE/0000176.png,degradation_restoration_poisoned,poisoned,0,0,0,15.907078742980957,15.907078742980957,0.0,0.999997615814209,0.999997615814209
177,177,EXTERNAL_SAMPLE/0000177.png,degradation_restoration_poisoned,poisoned,0,0,0,12.43899917602539,12.43899917602539,0.0,0.9999333620071411,0.9999333620071411
178,178,EXTERNAL_SAMPLE/0000178.png,degradation_restoration_poisoned,poisoned,0,0,0,9.376842498779297,9.376842498779297,0.0,0.9982241988182068,0.9982241988182068
179,179,EXTERNAL_SAMPLE/0000179.png,degradation_restoration_poisoned,poisoned,0,0,0,13.897241592407227,13.897241592407227,0.0,0.9999152421951294,0.9999152421951294
180,180,EXTERNAL_SAMPLE/0000180.png,degradation_restoration_poisoned,poisoned,0,0,0,10.837892532348633,10.837892532348633,0.0,0.999508261680603,0.999508261680603
181,181,EXTERNAL_SAMPLE/0000181.png,degradation_restoration_poisoned,poisoned,0,0,0,12.571727752685547,12.571727752685547,0.0,0.999687910079956,0.999687910079956
182,182,EXTERNAL_SAMPLE/0000182.png,degradation_restoration_poisoned,poisoned,0,0,0,10.630852699279785,10.630852699279785,0.0,0.9993959665298462,0.9993959665298462
183,183,EXTERNAL_SAMPLE/0000183.png,degradation_restoration_poisoned,poisoned,0,0,0,12.05985164642334,12.05985164642334,0.0,0.999893307685852,0.999893307685852
184,184,EXTERNAL_SAMPLE/0000184.png,degradation_restoration_poisoned,poisoned,0,0,0,8.924766540527344,8.924766540527344,0.0,0.9965289235115051,0.9965289235115051
185,185,EXTERNAL_SAMPLE/0000185.png,degradation_restoration_poisoned,poisoned,0,0,0,7.474142074584961,7.474142074584961,0.0,0.9497180581092834,0.9497180581092834
186,186,EXTERNAL_SAMPLE/0000186.png,degradation_restoration_poisoned,poisoned,0,0,0,12.204743385314941,12.204743385314941,0.0,0.9998611211776733,0.9998611211776733
187,187,EXTERNAL_SAMPLE/0000187.png,degradation_restoration_poisoned,poisoned,0,0,0,9.945799827575684,9.945799827575684,0.0,0.9989668130874634,0.9989668130874634
188,188,EXTERNAL_SAMPLE/0000188.png,degradation_restoration_poisoned,poisoned,0,0,0,10.073328971862793,10.073328971862793,0.0,0.999064028263092,0.999064028263092
189,189,EXTERNAL_SAMPLE/0000189.png,degradation_restoration_poisoned,poisoned,0,0,3,3.127302885055542,3.127302885055542,0.0,0.12108048051595688,0.12108048051595688
190,190,EXTERNAL_SAMPLE/0000190.png,degradation_restoration_poisoned,poisoned,0,0,0,5.921961307525635,5.921961307525635,0.0,0.8843479156494141,0.8843479156494141
191,191,EXTERNAL_SAMPLE/0000191.png,degradation_restoration_poisoned,poisoned,0,0,0,12.010660171508789,12.010660171508789,0.0,0.9994664788246155,0.9994664788246155
192,192,EXTERNAL_SAMPLE/0000192.png,degradation_restoration_poisoned,poisoned,0,0,0,6.53297233581543,6.53297233581543,0.0,0.9085460305213928,0.9085460305213928
193,193,EXTERNAL_SAMPLE/0000193.png,degradation_restoration_poisoned,poisoned,0,0,0,7.272292613983154,7.272292613983154,0.0,0.967783510684967,0.967783510684967
194,194,EXTERNAL_SAMPLE/0000194.png,degradation_restoration_poisoned,poisoned,0,0,0,10.943631172180176,10.943631172180176,0.0,0.9988842606544495,0.9988842606544495
195,195,EXTERNAL_SAMPLE/0000195.png,degradation_restoration_poisoned,poisoned,0,0,0,6.64035701751709,6.64035701751709,0.0,0.8269771933555603,0.8269771933555603
196,196,EXTERNAL_SAMPLE/0000196.png,degradation_restoration_poisoned,poisoned,0,0,0,6.88997745513916,6.88997745513916,0.0,0.9658560156822205,0.9658560156822205
197,197,EXTERNAL_SAMPLE/0000197.png,degradation_restoration_poisoned,poisoned,0,0,0,12.421516418457031,12.421516418457031,0.0,0.9998388290405273,0.9998388290405273
198,198,EXTERNAL_SAMPLE/0000198.png,degradation_restoration_poisoned,poisoned,0,0,0,9.753092765808105,9.753092765808105,0.0,0.9985268115997314,0.9985268115997314
199,199,EXTERNAL_SAMPLE/0000199.png,degradation_restoration_poisoned,poisoned,0,0,0,8.782419204711914,8.782419204711914,0.0,0.9957982897758484,0.9957982897758484
200,200,EXTERNAL_SAMPLE/0000200.png,degradation_restoration_poisoned,poisoned,0,0,0,7.986522197723389,7.986522197723389,0.0,0.9844688773155212,0.9844688773155212
201,201,EXTERNAL_SAMPLE/0000201.png,degradation_restoration_poisoned,poisoned,0,0,0,9.595538139343262,9.595538139343262,0.0,0.9974773526191711,0.9974773526191711
202,202,EXTERNAL_SAMPLE/0000202.png,degradation_restoration_poisoned,poisoned,0,0,0,10.465385437011719,10.465385437011719,0.0,0.9993023872375488,0.9993023872375488
203,203,EXTERNAL_SAMPLE/0000203.png,degradation_restoration_poisoned,poisoned,0,0,0,11.923748016357422,11.923748016357422,0.0,0.9998524188995361,0.9998524188995361
204,204,EXTERNAL_SAMPLE/0000204.png,degradation_restoration_poisoned,poisoned,0,0,0,11.978986740112305,11.978986740112305,0.0,0.9995436072349548,0.9995436072349548
205,205,EXTERNAL_SAMPLE/0000205.png,degradation_restoration_poisoned,poisoned,0,0,0,9.560747146606445,9.560747146606445,0.0,0.9965248703956604,0.9965248703956604
206,206,EXTERNAL_SAMPLE/0000206.png,degradation_restoration_poisoned,poisoned,0,0,0,17.606103897094727,17.606103897094727,0.0,0.9999992847442627,0.9999992847442627
207,207,EXTERNAL_SAMPLE/0000207.png,degradation_restoration_poisoned,poisoned,0,0,0,10.347635269165039,10.347635269165039,0.0,0.998663067817688,0.998663067817688
208,208,EXTERNAL_SAMPLE/0000208.png,degradation_restoration_poisoned,poisoned,0,0,0,7.625431537628174,7.625431537628174,0.0,0.9758787751197815,0.9758787751197815
209,209,EXTERNAL_SAMPLE/0000209.png,degradation_restoration_poisoned,poisoned,0,0,0,9.598609924316406,9.598609924316406,0.0,0.9985798597335815,0.9985798597335815
210,210,EXTERNAL_SAMPLE/0000210.png,degradation_restoration_poisoned,poisoned,0,0,0,12.300944328308105,12.300944328308105,0.0,0.9999269247055054,0.9999269247055054
211,211,EXTERNAL_SAMPLE/0000211.png,degradation_restoration_poisoned,poisoned,0,0,0,12.586747169494629,12.586747169494629,0.0,0.9998937845230103,0.9998937845230103
212,212,EXTERNAL_SAMPLE/0000212.png,degradation_restoration_poisoned,poisoned,0,0,0,6.108892917633057,6.108892917633057,0.0,0.772266685962677,0.772266685962677
213,213,EXTERNAL_SAMPLE/0000213.png,degradation_restoration_poisoned,poisoned,0,0,0,10.643660545349121,10.643660545349121,0.0,0.999423623085022,0.999423623085022
214,214,EXTERNAL_SAMPLE/0000214.png,degradation_restoration_poisoned,poisoned,0,0,0,9.965301513671875,9.965301513671875,0.0,0.9987404942512512,0.9987404942512512
215,215,EXTERNAL_SAMPLE/0000215.png,degradation_restoration_poisoned,poisoned,0,0,0,8.82783031463623,8.82783031463623,0.0,0.995236873626709,0.995236873626709
216,216,EXTERNAL_SAMPLE/0000216.png,degradation_restoration_poisoned,poisoned,0,0,0,13.714951515197754,13.714951515197754,0.0,0.9999730587005615,0.9999730587005615
217,217,EXTERNAL_SAMPLE/0000217.png,degradation_restoration_poisoned,poisoned,0,0,0,13.973482131958008,13.973482131958008,0.0,0.9999653100967407,0.9999653100967407
218,218,EXTERNAL_SAMPLE/0000218.png,degradation_restoration_poisoned,poisoned,0,0,0,15.784233093261719,15.784233093261719,0.0,0.9999943971633911,0.9999943971633911
219,219,EXTERNAL_SAMPLE/0000219.png,degradation_restoration_poisoned,poisoned,0,0,0,8.758161544799805,8.758161544799805,0.0,0.9894822835922241,0.9894822835922241
220,220,EXTERNAL_SAMPLE/0000220.png,degradation_restoration_poisoned,poisoned,0,0,0,13.500370979309082,13.500370979309082,0.0,0.9999573230743408,0.9999573230743408
221,221,EXTERNAL_SAMPLE/0000221.png,degradation_restoration_poisoned,poisoned,0,0,0,6.097211837768555,6.097211837768555,0.0,0.929930567741394,0.929930567741394
222,222,EXTERNAL_SAMPLE/0000222.png,degradation_restoration_poisoned,poisoned,0,0,0,16.01717185974121,16.01717185974121,0.0,0.9999977350234985,0.9999977350234985
223,223,EXTERNAL_SAMPLE/0000223.png,degradation_restoration_poisoned,poisoned,0,0,0,11.484822273254395,11.484822273254395,0.0,0.9997523427009583,0.9997523427009583
224,224,EXTERNAL_SAMPLE/0000224.png,degradation_restoration_poisoned,poisoned,0,0,0,6.114495277404785,6.114495277404785,0.0,0.9279913306236267,0.9279913306236267
225,225,EXTERNAL_SAMPLE/0000225.png,degradation_restoration_poisoned,poisoned,0,0,0,8.205316543579102,8.205316543579102,0.0,0.9644150137901306,0.9644150137901306
226,226,EXTERNAL_SAMPLE/0000226.png,degradation_restoration_poisoned,poisoned,0,0,0,8.6447114944458,8.6447114944458,0.0,0.9922943115234375,0.9922943115234375
227,227,EXTERNAL_SAMPLE/0000227.png,degradation_restoration_poisoned,poisoned,0,0,0,12.078645706176758,12.078645706176758,0.0,0.9994422793388367,0.9994422793388367
228,228,EXTERNAL_SAMPLE/0000228.png,degradation_restoration_poisoned,poisoned,0,0,0,12.027544975280762,12.027544975280762,0.0,0.9998181462287903,0.9998181462287903
229,229,EXTERNAL_SAMPLE/0000229.png,degradation_restoration_poisoned,poisoned,0,0,0,7.595499038696289,7.595499038696289,0.0,0.9694616198539734,0.9694616198539734
230,230,EXTERNAL_SAMPLE/0000230.png,degradation_restoration_poisoned,poisoned,0,0,0,13.344688415527344,13.344688415527344,0.0,0.9999392032623291,0.9999392032623291
231,231,EXTERNAL_SAMPLE/0000231.png,degradation_restoration_poisoned,poisoned,0,0,0,7.085247039794922,7.085247039794922,0.0,0.9601003527641296,0.9601003527641296
232,232,EXTERNAL_SAMPLE/0000232.png,degradation_restoration_poisoned,poisoned,0,0,0,10.15184211730957,10.15184211730957,0.0,0.9989219903945923,0.9989219903945923
233,233,EXTERNAL_SAMPLE/0000233.png,degradation_restoration_poisoned,poisoned,0,0,0,11.185355186462402,11.185355186462402,0.0,0.9997522234916687,0.9997522234916687
234,234,EXTERNAL_SAMPLE/0000234.png,degradation_restoration_poisoned,poisoned,0,0,0,9.989407539367676,9.989407539367676,0.0,0.99549400806427,0.99549400806427
235,235,EXTERNAL_SAMPLE/0000235.png,degradation_restoration_poisoned,poisoned,0,0,0,10.074175834655762,10.074175834655762,0.0,0.9986526966094971,0.9986526966094971
236,236,EXTERNAL_SAMPLE/0000236.png,degradation_restoration_poisoned,poisoned,0,0,0,7.889595031738281,7.889595031738281,0.0,0.989277720451355,0.989277720451355
237,237,EXTERNAL_SAMPLE/0000237.png,degradation_restoration_poisoned,poisoned,0,0,0,16.244970321655273,16.244970321655273,0.0,0.999996542930603,0.999996542930603
238,238,EXTERNAL_SAMPLE/0000238.png,degradation_restoration_poisoned,poisoned,0,0,0,5.586454391479492,5.586454391479492,0.0,0.8019123673439026,0.8019123673439026
239,239,EXTERNAL_SAMPLE/0000239.png,degradation_restoration_poisoned,poisoned,0,0,0,13.594436645507812,13.594436645507812,0.0,0.9999533891677856,0.9999533891677856
240,240,EXTERNAL_SAMPLE/0000240.png,degradation_restoration_poisoned,poisoned,0,0,0,15.845909118652344,15.845909118652344,0.0,0.9999979734420776,0.9999979734420776
241,241,EXTERNAL_SAMPLE/0000241.png,degradation_restoration_poisoned,poisoned,0,0,0,8.601555824279785,8.601555824279785,0.0,0.974412739276886,0.974412739276886
242,242,EXTERNAL_SAMPLE/0000242.png,degradation_restoration_poisoned,poisoned,0,0,0,13.29697036743164,13.29697036743164,0.0,0.9999687671661377,0.9999687671661377
243,243,EXTERNAL_SAMPLE/0000243.png,degradation_restoration_poisoned,poisoned,0,0,0,11.228431701660156,11.228431701660156,0.0,0.9996553659439087,0.9996553659439087
244,244,EXTERNAL_SAMPLE/0000244.png,degradation_restoration_poisoned,poisoned,0,0,4,5.51889705657959,5.51889705657959,0.0,0.22622528672218323,0.22622528672218323
245,245,EXTERNAL_SAMPLE/0000245.png,degradation_restoration_poisoned,poisoned,0,0,0,6.946436405181885,6.946436405181885,0.0,0.9114125967025757,0.9114125967025757
246,246,EXTERNAL_SAMPLE/0000246.png,degradation_restoration_poisoned,poisoned,0,0,0,6.412457466125488,6.412457466125488,0.0,0.9010165929794312,0.9010165929794312
247,247,EXTERNAL_SAMPLE/0000247.png,degradation_restoration_poisoned,poisoned,0,0,0,9.592700004577637,9.592700004577637,0.0,0.9978417158126831,0.9978417158126831
248,248,EXTERNAL_SAMPLE/0000248.png,degradation_restoration_poisoned,poisoned,0,0,0,15.653722763061523,15.653722763061523,0.0,0.9999927282333374,0.9999927282333374
249,249,EXTERNAL_SAMPLE/0000249.png,degradation_restoration_poisoned,poisoned,0,0,0,12.903000831604004,12.903000831604004,0.0,0.9999130964279175,0.9999130964279175
250,250,EXTERNAL_SAMPLE/0000250.png,degradation_restoration_poisoned,poisoned,0,0,0,5.028289794921875,5.028289794921875,0.0,0.6371082663536072,0.6371082663536072
251,251,EXTERNAL_SAMPLE/0000251.png,degradation_restoration_poisoned,poisoned,0,0,0,5.3949809074401855,5.3949809074401855,0.0,0.6974127888679504,0.6974127888679504
252,252,EXTERNAL_SAMPLE/0000252.png,degradation_restoration_poisoned,poisoned,0,0,3,6.59049654006958,6.59049654006958,0.0,0.308858186006546,0.308858186006546
253,253,EXTERNAL_SAMPLE/0000253.png,degradation_restoration_poisoned,poisoned,0,0,0,11.43278980255127,11.43278980255127,0.0,0.9985153079032898,0.9985153079032898
254,254,EXTERNAL_SAMPLE/0000254.png,degradation_restoration_poisoned,poisoned,0,0,0,7.455809593200684,7.455809593200684,0.0,0.9793484210968018,0.9793484210968018
255,255,EXTERNAL_SAMPLE/0000255.png,degradation_restoration_poisoned,poisoned,0,0,0,10.166871070861816,10.166871070861816,0.0,0.997576892375946,0.997576892375946
256,256,EXTERNAL_SAMPLE/0000256.png,degradation_restoration_poisoned,poisoned,0,0,0,8.990402221679688,8.990402221679688,0.0,0.996863842010498,0.996863842010498
257,257,EXTERNAL_SAMPLE/0000257.png,degradation_restoration_poisoned,poisoned,0,0,0,8.5018892288208,8.5018892288208,0.0,0.9947928786277771,0.9947928786277771
258,258,EXTERNAL_SAMPLE/0000258.png,degradation_restoration_poisoned,poisoned,0,0,0,10.529507637023926,10.529507637023926,0.0,0.9988930821418762,0.9988930821418762
259,259,EXTERNAL_SAMPLE/0000259.png,degradation_restoration_poisoned,poisoned,0,0,0,11.274534225463867,11.274534225463867,0.0,0.9991592168807983,0.9991592168807983
260,260,EXTERNAL_SAMPLE/0000260.png,degradation_restoration_poisoned,poisoned,0,0,0,3.573732852935791,3.573732852935791,0.0,0.4128783047199249,0.4128783047199249
261,261,EXTERNAL_SAMPLE/0000261.png,degradation_restoration_poisoned,poisoned,0,0,0,8.986610412597656,8.986610412597656,0.0,0.9949933886528015,0.9949933886528015
262,262,EXTERNAL_SAMPLE/0000262.png,degradation_restoration_poisoned,poisoned,0,0,0,11.618171691894531,11.618171691894531,0.0,0.9997078776359558,0.9997078776359558
263,263,EXTERNAL_SAMPLE/0000263.png,degradation_restoration_poisoned,poisoned,0,0,0,13.038290023803711,13.038290023803711,0.0,0.9998824596405029,0.9998824596405029
264,264,EXTERNAL_SAMPLE/0000264.png,degradation_restoration_poisoned,poisoned,0,0,0,8.108911514282227,8.108911514282227,0.0,0.9848148822784424,0.9848148822784424
265,265,EXTERNAL_SAMPLE/0000265.png,degradation_restoration_poisoned,poisoned,0,0,0,11.25006103515625,11.25006103515625,0.0,0.9993865489959717,0.9993865489959717
266,266,EXTERNAL_SAMPLE/0000266.png,degradation_restoration_poisoned,poisoned,0,0,0,15.389117240905762,15.389117240905762,0.0,0.9999958276748657,0.9999958276748657
267,267,EXTERNAL_SAMPLE/0000267.png,degradation_restoration_poisoned,poisoned,0,0,0,13.860945701599121,13.860945701599121,0.0,0.9999626874923706,0.9999626874923706
268,268,EXTERNAL_SAMPLE/0000268.png,degradation_restoration_poisoned,poisoned,0,0,0,6.152512073516846,6.152512073516846,0.0,0.8595011234283447,0.8595011234283447
269,269,EXTERNAL_SAMPLE/0000269.png,degradation_restoration_poisoned,poisoned,0,0,0,9.95100212097168,9.95100212097168,0.0,0.9985259175300598,0.9985259175300598
270,270,EXTERNAL_SAMPLE/0000270.png,degradation_restoration_poisoned,poisoned,0,0,0,13.767670631408691,13.767670631408691,0.0,0.9999622106552124,0.9999622106552124
271,271,EXTERNAL_SAMPLE/0000271.png,degradation_restoration_poisoned,poisoned,0,0,0,11.329517364501953,11.329517364501953,0.0,0.9952483773231506,0.9952483773231506
272,272,EXTERNAL_SAMPLE/0000272.png,degradation_restoration_poisoned,poisoned,0,0,0,9.435946464538574,9.435946464538574,0.0,0.988358736038208,0.988358736038208
273,273,EXTERNAL_SAMPLE/0000273.png,degradation_restoration_poisoned,poisoned,0,0,0,11.344535827636719,11.344535827636719,0.0,0.9996438026428223,0.9996438026428223
274,274,EXTERNAL_SAMPLE/0000274.png,degradation_restoration_poisoned,poisoned,0,0,0,7.8891191482543945,7.8891191482543945,0.0,0.9755229949951172,0.9755229949951172
275,275,EXTERNAL_SAMPLE/0000275.png,degradation_restoration_poisoned,poisoned,0,0,0,11.138232231140137,11.138232231140137,0.0,0.9977340698242188,0.9977340698242188
276,276,EXTERNAL_SAMPLE/0000276.png,degradation_restoration_poisoned,poisoned,0,0,0,8.64023494720459,8.64023494720459,0.0,0.98163902759552,0.98163902759552
277,277,EXTERNAL_SAMPLE/0000277.png,degradation_restoration_poisoned,poisoned,0,0,0,7.047237873077393,7.047237873077393,0.0,0.9754446148872375,0.9754446148872375
278,278,EXTERNAL_SAMPLE/0000278.png,degradation_restoration_poisoned,poisoned,0,0,0,12.061365127563477,12.061365127563477,0.0,0.9998204112052917,0.9998204112052917
279,279,EXTERNAL_SAMPLE/0000279.png,degradation_restoration_poisoned,poisoned,0,0,0,8.270259857177734,8.270259857177734,0.0,0.9611364006996155,0.9611364006996155
280,280,EXTERNAL_SAMPLE/0000280.png,degradation_restoration_poisoned,poisoned,0,0,0,10.611560821533203,10.611560821533203,0.0,0.9991255402565002,0.9991255402565002
281,281,EXTERNAL_SAMPLE/0000281.png,degradation_restoration_poisoned,poisoned,0,0,0,17.20570182800293,17.20570182800293,0.0,0.9999983310699463,0.9999983310699463
282,282,EXTERNAL_SAMPLE/0000282.png,degradation_restoration_poisoned,poisoned,0,0,0,10.780168533325195,10.780168533325195,0.0,0.9978539347648621,0.9978539347648621
283,283,EXTERNAL_SAMPLE/0000283.png,degradation_restoration_poisoned,poisoned,0,0,0,11.951109886169434,11.951109886169434,0.0,0.9998101592063904,0.9998101592063904
284,284,EXTERNAL_SAMPLE/0000284.png,degradation_restoration_poisoned,poisoned,0,0,0,12.4637451171875,12.4637451171875,0.0,0.9996246099472046,0.9996246099472046
285,285,EXTERNAL_SAMPLE/0000285.png,degradation_restoration_poisoned,poisoned,0,0,0,8.788795471191406,8.788795471191406,0.0,0.9942659735679626,0.9942659735679626
286,286,EXTERNAL_SAMPLE/0000286.png,degradation_restoration_poisoned,poisoned,0,0,0,10.473559379577637,10.473559379577637,0.0,0.9985901713371277,0.9985901713371277
287,287,EXTERNAL_SAMPLE/0000287.png,degradation_restoration_poisoned,poisoned,0,0,0,18.030000686645508,18.030000686645508,0.0,0.9999995231628418,0.9999995231628418
288,288,EXTERNAL_SAMPLE/0000288.png,degradation_restoration_poisoned,poisoned,0,0,0,12.872936248779297,12.872936248779297,0.0,0.9999517202377319,0.9999517202377319
289,289,EXTERNAL_SAMPLE/0000289.png,degradation_restoration_poisoned,poisoned,0,0,0,11.824718475341797,11.824718475341797,0.0,0.9998007416725159,0.9998007416725159
290,290,EXTERNAL_SAMPLE/0000290.png,degradation_restoration_poisoned,poisoned,0,0,0,15.512556076049805,15.512556076049805,0.0,0.999993085861206,0.999993085861206
291,291,EXTERNAL_SAMPLE/0000291.png,degradation_restoration_poisoned,poisoned,0,0,0,10.149412155151367,10.149412155151367,0.0,0.998410701751709,0.998410701751709
292,292,EXTERNAL_SAMPLE/0000292.png,degradation_restoration_poisoned,poisoned,0,0,0,7.582535266876221,7.582535266876221,0.0,0.9674761295318604,0.9674761295318604
293,293,EXTERNAL_SAMPLE/0000293.png,degradation_restoration_poisoned,poisoned,0,0,4,1.2154945135116577,1.2154945135116577,0.0,0.038975536823272705,0.038975536823272705
294,294,EXTERNAL_SAMPLE/0000294.png,degradation_restoration_poisoned,poisoned,0,0,0,10.40283489227295,10.40283489227295,0.0,0.9991542100906372,0.9991542100906372
295,295,EXTERNAL_SAMPLE/0000295.png,degradation_restoration_poisoned,poisoned,0,0,0,7.6477813720703125,7.6477813720703125,0.0,0.955502986907959,0.955502986907959
296,296,EXTERNAL_SAMPLE/0000296.png,degradation_restoration_poisoned,poisoned,0,0,0,14.618124008178711,14.618124008178711,0.0,0.9999536275863647,0.9999536275863647
297,297,EXTERNAL_SAMPLE/0000297.png,degradation_restoration_poisoned,poisoned,0,0,4,5.552082061767578,5.552082061767578,0.0,0.2860731780529022,0.2860731780529022
298,298,EXTERNAL_SAMPLE/0000298.png,degradation_restoration_poisoned,poisoned,0,0,0,11.58153247833252,11.58153247833252,0.0,0.9996693134307861,0.9996693134307861
299,299,EXTERNAL_SAMPLE/0000299.png,degradation_restoration_poisoned,poisoned,0,0,0,10.264860153198242,10.264860153198242,0.0,0.9989619255065918,0.9989619255065918
300,300,EXTERNAL_SAMPLE/0000300.png,degradation_restoration_poisoned,poisoned,0,0,0,9.79141616821289,9.79141616821289,0.0,0.9954056739807129,0.9954056739807129
301,301,EXTERNAL_SAMPLE/0000301.png,degradation_restoration_poisoned,poisoned,0,0,0,12.630926132202148,12.630926132202148,0.0,0.9999327659606934,0.9999327659606934
302,302,EXTERNAL_SAMPLE/0000302.png,degradation_restoration_poisoned,poisoned,0,0,0,6.633112907409668,6.633112907409668,0.0,0.9017494320869446,0.9017494320869446
303,303,EXTERNAL_SAMPLE/0000303.png,degradation_restoration_poisoned,poisoned,0,0,0,7.424705505371094,7.424705505371094,0.0,0.9819849133491516,0.9819849133491516
304,304,EXTERNAL_SAMPLE/0000304.png,degradation_restoration_poisoned,poisoned,0,0,0,8.929450988769531,8.929450988769531,0.0,0.9085149168968201,0.9085149168968201
305,305,EXTERNAL_SAMPLE/0000305.png,degradation_restoration_poisoned,poisoned,0,0,0,8.522239685058594,8.522239685058594,0.0,0.9879339933395386,0.9879339933395386
306,306,EXTERNAL_SAMPLE/0000306.png,degradation_restoration_poisoned,poisoned,0,0,0,10.293310165405273,10.293310165405273,0.0,0.9993211030960083,0.9993211030960083
307,307,EXTERNAL_SAMPLE/0000307.png,degradation_restoration_poisoned,poisoned,0,0,0,14.004183769226074,14.004183769226074,0.0,0.9999611377716064,0.9999611377716064
308,308,EXTERNAL_SAMPLE/0000308.png,degradation_restoration_poisoned,poisoned,0,0,0,11.238210678100586,11.238210678100586,0.0,0.9996395111083984,0.9996395111083984
309,309,EXTERNAL_SAMPLE/0000309.png,degradation_restoration_poisoned,poisoned,0,0,0,11.051545143127441,11.051545143127441,0.0,0.9988038539886475,0.9988038539886475
310,310,EXTERNAL_SAMPLE/0000310.png,degradation_restoration_poisoned,poisoned,0,0,0,9.07695484161377,9.07695484161377,0.0,0.994755744934082,0.994755744934082
311,311,EXTERNAL_SAMPLE/0000311.png,degradation_restoration_poisoned,poisoned,0,0,0,11.194945335388184,11.194945335388184,0.0,0.9994311928749084,0.9994311928749084
312,312,EXTERNAL_SAMPLE/0000312.png,degradation_restoration_poisoned,poisoned,0,0,0,16.191017150878906,16.191017150878906,0.0,0.9999969005584717,0.9999969005584717
313,313,EXTERNAL_SAMPLE/0000313.png,degradation_restoration_poisoned,poisoned,0,0,0,11.684907913208008,11.684907913208008,0.0,0.9998045563697815,0.9998045563697815
314,314,EXTERNAL_SAMPLE/0000314.png,degradation_restoration_poisoned,poisoned,0,0,0,7.0552473068237305,7.0552473068237305,0.0,0.9421166181564331,0.9421166181564331
315,315,EXTERNAL_SAMPLE/0000315.png,degradation_restoration_poisoned,poisoned,0,0,0,7.250514030456543,7.250514030456543,0.0,0.9734899997711182,0.9734899997711182
316,316,EXTERNAL_SAMPLE/0000316.png,degradation_restoration_poisoned,poisoned,0,0,0,8.596109390258789,8.596109390258789,0.0,0.9906909465789795,0.9906909465789795
317,317,EXTERNAL_SAMPLE/0000317.png,degradation_restoration_poisoned,poisoned,0,0,0,10.941675186157227,10.941675186157227,0.0,0.9991027116775513,0.9991027116775513
318,318,EXTERNAL_SAMPLE/0000318.png,degradation_restoration_poisoned,poisoned,0,0,0,8.813146591186523,8.813146591186523,0.0,0.9941912293434143,0.9941912293434143
319,319,EXTERNAL_SAMPLE/0000319.png,degradation_restoration_poisoned,poisoned,0,0,0,11.14468765258789,11.14468765258789,0.0,0.9995619654655457,0.9995619654655457
320,320,EXTERNAL_SAMPLE/0000320.png,degradation_restoration_poisoned,poisoned,0,0,0,7.254782676696777,7.254782676696777,0.0,0.6869229078292847,0.6869229078292847
321,321,EXTERNAL_SAMPLE/0000321.png,degradation_restoration_poisoned,poisoned,0,0,0,8.875680923461914,8.875680923461914,0.0,0.9951565861701965,0.9951565861701965
322,322,EXTERNAL_SAMPLE/0000322.png,degradation_restoration_poisoned,poisoned,0,0,0,6.466636657714844,6.466636657714844,0.0,0.9195555448532104,0.9195555448532104
323,323,EXTERNAL_SAMPLE/0000323.png,degradation_restoration_poisoned,poisoned,0,0,0,13.202250480651855,13.202250480651855,0.0,0.9999397993087769,0.9999397993087769
324,324,EXTERNAL_SAMPLE/0000324.png,degradation_restoration_poisoned,poisoned,0,0,0,13.109697341918945,13.109697341918945,0.0,0.9999380111694336,0.9999380111694336
325,325,EXTERNAL_SAMPLE/0000325.png,degradation_restoration_poisoned,poisoned,0,0,0,13.5337495803833,13.5337495803833,0.0,0.9999758005142212,0.9999758005142212
326,326,EXTERNAL_SAMPLE/0000326.png,degradation_restoration_poisoned,poisoned,0,0,0,14.377253532409668,14.377253532409668,0.0,0.9999850988388062,0.9999850988388062
327,327,EXTERNAL_SAMPLE/0000327.png,degradation_restoration_poisoned,poisoned,0,0,0,13.345285415649414,13.345285415649414,0.0,0.9999690055847168,0.9999690055847168
328,328,EXTERNAL_SAMPLE/0000328.png,degradation_restoration_poisoned,poisoned,0,0,4,2.5854876041412354,2.5854876041412354,0.0,0.19860857725143433,0.19860857725143433
329,329,EXTERNAL_SAMPLE/0000329.png,degradation_restoration_poisoned,poisoned,0,0,0,11.306229591369629,11.306229591369629,0.0,0.9996823072433472,0.9996823072433472
330,330,EXTERNAL_SAMPLE/0000330.png,degradation_restoration_poisoned,poisoned,0,0,4,6.377539157867432,6.377539157867432,0.0,0.4206438362598419,0.4206438362598419
331,331,EXTERNAL_SAMPLE/0000331.png,degradation_restoration_poisoned,poisoned,0,0,0,6.8735222816467285,6.8735222816467285,0.0,0.867001473903656,0.867001473903656
332,332,EXTERNAL_SAMPLE/0000332.png,degradation_restoration_poisoned,poisoned,0,0,0,11.695104598999023,11.695104598999023,0.0,0.9998030066490173,0.9998030066490173
333,333,EXTERNAL_SAMPLE/0000333.png,degradation_restoration_poisoned,poisoned,0,0,0,10.188373565673828,10.188373565673828,0.0,0.997517466545105,0.997517466545105
334,334,EXTERNAL_SAMPLE/0000334.png,degradation_restoration_poisoned,poisoned,0,0,0,7.770719528198242,7.770719528198242,0.0,0.9683837890625,0.9683837890625
335,335,EXTERNAL_SAMPLE/0000335.png,degradation_restoration_poisoned,poisoned,0,0,0,14.409500122070312,14.409500122070312,0.0,0.9999872446060181,0.9999872446060181
336,336,EXTERNAL_SAMPLE/0000336.png,degradation_restoration_poisoned,poisoned,0,0,0,9.847345352172852,9.847345352172852,0.0,0.9987533092498779,0.9987533092498779
337,337,EXTERNAL_SAMPLE/0000337.png,degradation_restoration_poisoned,poisoned,0,0,0,7.859082221984863,7.859082221984863,0.0,0.9801802635192871,0.9801802635192871
338,338,EXTERNAL_SAMPLE/0000338.png,degradation_restoration_poisoned,poisoned,0,0,0,9.967418670654297,9.967418670654297,0.0,0.9976842403411865,0.9976842403411865
339,339,EXTERNAL_SAMPLE/0000339.png,degradation_restoration_poisoned,poisoned,0,0,0,15.267958641052246,15.267958641052246,0.0,0.9999947547912598,0.9999947547912598
340,340,EXTERNAL_SAMPLE/0000340.png,degradation_restoration_poisoned,poisoned,0,0,0,3.2317564487457275,3.2317564487457275,0.0,0.43619975447654724,0.43619975447654724
341,341,EXTERNAL_SAMPLE/0000341.png,degradation_restoration_poisoned,poisoned,0,0,0,17.673078536987305,17.673078536987305,0.0,0.9999994039535522,0.9999994039535522
342,342,EXTERNAL_SAMPLE/0000342.png,degradation_restoration_poisoned,poisoned,0,0,0,11.64458179473877,11.64458179473877,0.0,0.9998071789741516,0.9998071789741516
343,343,EXTERNAL_SAMPLE/0000343.png,degradation_restoration_poisoned,poisoned,0,0,0,13.483232498168945,13.483232498168945,0.0,0.9999597072601318,0.9999597072601318
344,344,EXTERNAL_SAMPLE/0000344.png,degradation_restoration_poisoned,poisoned,0,0,0,7.660679340362549,7.660679340362549,0.0,0.8536546230316162,0.8536546230316162
345,345,EXTERNAL_SAMPLE/0000345.png,degradation_restoration_poisoned,poisoned,0,0,0,12.889918327331543,12.889918327331543,0.0,0.9999600648880005,0.9999600648880005
346,346,EXTERNAL_SAMPLE/0000346.png,degradation_restoration_poisoned,poisoned,0,0,0,9.949084281921387,9.949084281921387,0.0,0.9983915686607361,0.9983915686607361
347,347,EXTERNAL_SAMPLE/0000347.png,degradation_restoration_poisoned,poisoned,0,0,0,14.127886772155762,14.127886772155762,0.0,0.9999784231185913,0.9999784231185913
348,348,EXTERNAL_SAMPLE/0000348.png,degradation_restoration_poisoned,poisoned,0,0,0,10.713225364685059,10.713225364685059,0.0,0.9725896120071411,0.9725896120071411
349,349,EXTERNAL_SAMPLE/0000349.png,degradation_restoration_poisoned,poisoned,0,0,0,9.534717559814453,9.534717559814453,0.0,0.9978649020195007,0.9978649020195007
350,350,EXTERNAL_SAMPLE/0000350.png,degradation_restoration_poisoned,poisoned,0,0,0,9.011021614074707,9.011021614074707,0.0,0.9918423891067505,0.9918423891067505
351,351,EXTERNAL_SAMPLE/0000351.png,degradation_restoration_poisoned,poisoned,0,0,0,5.392404079437256,5.392404079437256,0.0,0.7333803772926331,0.7333803772926331
352,352,EXTERNAL_SAMPLE/0000352.png,degradation_restoration_poisoned,poisoned,0,0,0,6.900610446929932,6.900610446929932,0.0,0.9559614062309265,0.9559614062309265
353,353,EXTERNAL_SAMPLE/0000353.png,degradation_restoration_poisoned,poisoned,0,0,0,8.842950820922852,8.842950820922852,0.0,0.996245801448822,0.996245801448822
354,354,EXTERNAL_SAMPLE/0000354.png,degradation_restoration_poisoned,poisoned,0,0,0,10.808330535888672,10.808330535888672,0.0,0.9993048906326294,0.9993048906326294
355,355,EXTERNAL_SAMPLE/0000355.png,degradation_restoration_poisoned,poisoned,0,0,0,10.667037963867188,10.667037963867188,0.0,0.9990058541297913,0.9990058541297913
356,356,EXTERNAL_SAMPLE/0000356.png,degradation_restoration_poisoned,poisoned,0,0,0,13.113968849182129,13.113968849182129,0.0,0.9999357461929321,0.9999357461929321
357,357,EXTERNAL_SAMPLE/0000357.png,degradation_restoration_poisoned,poisoned,0,0,0,13.466703414916992,13.466703414916992,0.0,0.9999428987503052,0.9999428987503052
358,358,EXTERNAL_SAMPLE/0000358.png,degradation_restoration_poisoned,poisoned,0,0,0,9.021970748901367,9.021970748901367,0.0,0.9951077699661255,0.9951077699661255
359,359,EXTERNAL_SAMPLE/0000359.png,degradation_restoration_poisoned,poisoned,0,0,0,6.579250812530518,6.579250812530518,0.0,0.8649337887763977,0.8649337887763977
360,360,EXTERNAL_SAMPLE/0000360.png,degradation_restoration_poisoned,poisoned,0,0,0,8.404739379882812,8.404739379882812,0.0,0.983654797077179,0.983654797077179
361,361,EXTERNAL_SAMPLE/0000361.png,degradation_restoration_poisoned,poisoned,0,0,0,9.071714401245117,9.071714401245117,0.0,0.9934410452842712,0.9934410452842712
362,362,EXTERNAL_SAMPLE/0000362.png,degradation_restoration_poisoned,poisoned,0,0,0,6.991020679473877,6.991020679473877,0.0,0.926439106464386,0.926439106464386
363,363,EXTERNAL_SAMPLE/0000363.png,degradation_restoration_poisoned,poisoned,0,0,0,5.618707180023193,5.618707180023193,0.0,0.7168015241622925,0.7168015241622925
364,364,EXTERNAL_SAMPLE/0000364.png,degradation_restoration_poisoned,poisoned,0,0,0,8.789589881896973,8.789589881896973,0.0,0.9950553178787231,0.9950553178787231
365,365,EXTERNAL_SAMPLE/0000365.png,degradation_restoration_poisoned,poisoned,0,0,0,8.442357063293457,8.442357063293457,0.0,0.9881706237792969,0.9881706237792969
366,366,EXTERNAL_SAMPLE/0000366.png,degradation_restoration_poisoned,poisoned,0,0,0,14.23718547821045,14.23718547821045,0.0,0.9999644756317139,0.9999644756317139
367,367,EXTERNAL_SAMPLE/0000367.png,degradation_restoration_poisoned,poisoned,0,0,0,8.257742881774902,8.257742881774902,0.0,0.9950721859931946,0.9950721859931946
368,368,EXTERNAL_SAMPLE/0000368.png,degradation_restoration_poisoned,poisoned,0,0,0,15.120085716247559,15.120085716247559,0.0,0.9999949932098389,0.9999949932098389
369,369,EXTERNAL_SAMPLE/0000369.png,degradation_restoration_poisoned,poisoned,0,0,0,6.114554405212402,6.114554405212402,0.0,0.8551278114318848,0.8551278114318848
370,370,EXTERNAL_SAMPLE/0000370.png,degradation_restoration_poisoned,poisoned,0,0,0,11.279065132141113,11.279065132141113,0.0,0.999756395816803,0.999756395816803
371,371,EXTERNAL_SAMPLE/0000371.png,degradation_restoration_poisoned,poisoned,0,0,0,10.36723518371582,10.36723518371582,0.0,0.9989734888076782,0.9989734888076782
372,372,EXTERNAL_SAMPLE/0000372.png,degradation_restoration_poisoned,poisoned,0,0,0,10.705144882202148,10.705144882202148,0.0,0.9971579313278198,0.9971579313278198
373,373,EXTERNAL_SAMPLE/0000373.png,degradation_restoration_poisoned,poisoned,0,0,0,6.271255970001221,6.271255970001221,0.0,0.8421834707260132,0.8421834707260132
374,374,EXTERNAL_SAMPLE/0000374.png,degradation_restoration_poisoned,poisoned,0,0,0,9.843902587890625,9.843902587890625,0.0,0.9991239905357361,0.9991239905357361
375,375,EXTERNAL_SAMPLE/0000375.png,degradation_restoration_poisoned,poisoned,0,0,0,8.781450271606445,8.781450271606445,0.0,0.9960482716560364,0.9960482716560364
376,376,EXTERNAL_SAMPLE/0000376.png,degradation_restoration_poisoned,poisoned,0,0,0,15.820874214172363,15.820874214172363,0.0,0.9999939203262329,0.9999939203262329
377,377,EXTERNAL_SAMPLE/0000377.png,degradation_restoration_poisoned,poisoned,0,0,0,7.836363315582275,7.836363315582275,0.0,0.9680166840553284,0.9680166840553284
378,378,EXTERNAL_SAMPLE/0000378.png,degradation_restoration_poisoned,poisoned,0,0,0,14.40496826171875,14.40496826171875,0.0,0.9999923706054688,0.9999923706054688
379,379,EXTERNAL_SAMPLE/0000379.png,degradation_restoration_poisoned,poisoned,0,0,0,7.411148548126221,7.411148548126221,0.0,0.9348294734954834,0.9348294734954834
380,380,EXTERNAL_SAMPLE/0000380.png,degradation_restoration_poisoned,poisoned,0,0,0,13.551675796508789,13.551675796508789,0.0,0.9999446868896484,0.9999446868896484
381,381,EXTERNAL_SAMPLE/0000381.png,degradation_restoration_poisoned,poisoned,0,0,0,8.553048133850098,8.553048133850098,0.0,0.993471622467041,0.993471622467041
382,382,EXTERNAL_SAMPLE/0000382.png,degradation_restoration_poisoned,poisoned,0,0,0,5.86082124710083,5.86082124710083,0.0,0.6661342978477478,0.6661342978477478
383,383,EXTERNAL_SAMPLE/0000383.png,degradation_restoration_poisoned,poisoned,0,0,0,8.458639144897461,8.458639144897461,0.0,0.9877831339836121,0.9877831339836121
384,384,EXTERNAL_SAMPLE/0000384.png,degradation_restoration_poisoned,poisoned,0,0,0,7.768341064453125,7.768341064453125,0.0,0.9837698936462402,0.9837698936462402
385,385,EXTERNAL_SAMPLE/0000385.png,degradation_restoration_poisoned,poisoned,0,0,0,14.385687828063965,14.385687828063965,0.0,0.9999904632568359,0.9999904632568359
386,386,EXTERNAL_SAMPLE/0000386.png,degradation_restoration_poisoned,poisoned,0,0,0,10.382869720458984,10.382869720458984,0.0,0.9967118501663208,0.9967118501663208
387,387,EXTERNAL_SAMPLE/0000387.png,degradation_restoration_poisoned,poisoned,1,0,0,10.673023223876953,7.5960259437561035,3.0769972801208496,0.9557398557662964,0.04405718669295311
388,388,EXTERNAL_SAMPLE/0000388.png,degradation_restoration_poisoned,poisoned,1,0,0,7.759655475616455,3.599213123321533,4.160442352294922,0.9773017764091492,0.015246547758579254
389,389,EXTERNAL_SAMPLE/0000389.png,degradation_restoration_poisoned,poisoned,1,0,1,5.304866313934326,5.782654762268066,-0.47778844833374023,0.357313871383667,0.5761700868606567
390,390,EXTERNAL_SAMPLE/0000390.png,degradation_restoration_poisoned,poisoned,1,0,0,7.862554550170898,3.543905019760132,4.3186492919921875,0.9810435175895691,0.013065400533378124
391,391,EXTERNAL_SAMPLE/0000391.png,degradation_restoration_poisoned,poisoned,1,0,0,7.77200174331665,5.4147138595581055,2.357287883758545,0.8997710943222046,0.08518730849027634
392,392,EXTERNAL_SAMPLE/0000392.png,degradation_restoration_poisoned,poisoned,1,0,1,6.027711868286133,6.884349822998047,-0.8566379547119141,0.2947806715965271,0.694275975227356
393,393,EXTERNAL_SAMPLE/0000393.png,degradation_restoration_poisoned,poisoned,1,0,1,5.083158493041992,6.234596252441406,-1.151437759399414,0.22930966317653656,0.7252460718154907
394,394,EXTERNAL_SAMPLE/0000394.png,degradation_restoration_poisoned,poisoned,1,0,3,2.2972733974456787,2.425896406173706,-0.12862300872802734,0.17846345901489258,0.2029595822095871
395,395,EXTERNAL_SAMPLE/0000395.png,degradation_restoration_poisoned,poisoned,1,0,0,8.599370956420898,2.922687292098999,5.67668342590332,0.9930140376091003,0.003400972345843911
396,396,EXTERNAL_SAMPLE/0000396.png,degradation_restoration_poisoned,poisoned,1,0,1,3.9195382595062256,4.120781898498535,-0.20124363899230957,0.2958460748195648,0.36179688572883606
397,397,EXTERNAL_SAMPLE/0000397.png,degradation_restoration_poisoned,poisoned,1,0,1,5.794156551361084,6.392643928527832,-0.598487377166748,0.34488874673843384,0.6274784207344055
398,398,EXTERNAL_SAMPLE/0000398.png,degradation_restoration_poisoned,poisoned,1,0,0,10.083147048950195,5.047265529632568,5.035881519317627,0.9911808371543884,0.006443135906010866
399,399,EXTERNAL_SAMPLE/0000399.png,degradation_restoration_poisoned,poisoned,1,0,1,7.264986038208008,9.207972526550293,-1.9429864883422852,0.12510326504707336,0.8731662631034851
400,400,EXTERNAL_SAMPLE/0000400.png,degradation_restoration_poisoned,poisoned,1,0,0,6.083992004394531,6.059066295623779,0.024925708770751953,0.47962698340415955,0.4678197205066681
401,401,EXTERNAL_SAMPLE/0000401.png,degradation_restoration_poisoned,poisoned,1,0,0,8.203516960144043,5.934506416320801,2.269010543823242,0.9015510678291321,0.09323340654373169
402,402,EXTERNAL_SAMPLE/0000402.png,degradation_restoration_poisoned,poisoned,1,0,0,7.562262058258057,5.8567657470703125,1.7054963111877441,0.8412213325500488,0.152834951877594
403,403,EXTERNAL_SAMPLE/0000403.png,degradation_restoration_poisoned,poisoned,1,0,0,4.489175796508789,4.413867950439453,0.07530784606933594,0.34233710169792175,0.31750327348709106
404,404,EXTERNAL_SAMPLE/0000404.png,degradation_restoration_poisoned,poisoned,1,0,0,14.17493724822998,5.12632942199707,9.04860782623291,0.9998718500137329,0.00011753951548598707
405,405,EXTERNAL_SAMPLE/0000405.png,degradation_restoration_poisoned,poisoned,1,0,0,12.08035659790039,1.3830235004425049,10.697333335876465,0.999870777130127,2.2602218450629152e-05
406,406,EXTERNAL_SAMPLE/0000406.png,degradation_restoration_poisoned,poisoned,1,0,0,5.879096031188965,2.0032477378845215,3.8758482933044434,0.9237294793128967,0.019155137240886688
407,407,EXTERNAL_SAMPLE/0000407.png,degradation_restoration_poisoned,poisoned,1,0,0,10.03046989440918,7.5880022048950195,2.44246768951416,0.9195677638053894,0.07995276153087616
408,408,EXTERNAL_SAMPLE/0000408.png,degradation_restoration_poisoned,poisoned,1,0,0,10.975618362426758,3.493396282196045,7.482222080230713,0.9991461038589478,0.000562524248380214
409,409,EXTERNAL_SAMPLE/0000409.png,degradation_restoration_poisoned,poisoned,1,0,0,6.662501335144043,4.438084602355957,2.224416732788086,0.8177540898323059,0.08842413127422333
410,410,EXTERNAL_SAMPLE/0000410.png,degradation_restoration_poisoned,poisoned,1,0,1,4.139865875244141,4.39939546585083,-0.25952959060668945,0.3761942386627197,0.48766815662384033
411,411,EXTERNAL_SAMPLE/0000411.png,degradation_restoration_poisoned,poisoned,1,0,0,9.908578872680664,3.0035195350646973,6.905059337615967,0.9982701539993286,0.0010009651305153966
412,412,EXTERNAL_SAMPLE/0000412.png,degradation_restoration_poisoned,poisoned,1,0,1,6.467086315155029,7.145534515380859,-0.6784482002258301,0.3335665166378021,0.6573985815048218
413,413,EXTERNAL_SAMPLE/0000413.png,degradation_restoration_poisoned,poisoned,1,0,0,7.71462869644165,2.713111162185669,5.001517295837402,0.9862428903579712,0.006635176949203014
414,414,EXTERNAL_SAMPLE/0000414.png,degradation_restoration_poisoned,poisoned,1,0,1,1.242593765258789,4.927049160003662,-3.684455394744873,0.014108318835496902,0.561841607093811
415,415,EXTERNAL_SAMPLE/0000415.png,degradation_restoration_poisoned,poisoned,1,0,0,7.847642421722412,5.346027374267578,2.501615047454834,0.9075412750244141,0.07437530905008316
416,416,EXTERNAL_SAMPLE/0000416.png,degradation_restoration_poisoned,poisoned,1,0,0,9.17204475402832,2.9105465412139893,6.26149845123291,0.9960034489631653,0.0019007569644600153
417,417,EXTERNAL_SAMPLE/0000417.png,degradation_restoration_poisoned,poisoned,1,0,0,7.687907695770264,5.289923667907715,2.397984027862549,0.8996298313140869,0.08177727460861206
418,418,EXTERNAL_SAMPLE/0000418.png,degradation_restoration_poisoned,poisoned,1,0,1,4.830535411834717,6.741087436676025,-1.9105520248413086,0.12566561996936798,0.8490997552871704
419,419,EXTERNAL_SAMPLE/0000419.png,degradation_restoration_poisoned,poisoned,1,0,0,7.40651798248291,6.067773818969727,1.3387441635131836,0.783169150352478,0.20532716810703278
420,420,EXTERNAL_SAMPLE/0000420.png,degradation_restoration_poisoned,poisoned,1,0,1,5.085243225097656,8.94296646118164,-3.8577232360839844,0.020638376474380493,0.9773799777030945
421,421,EXTERNAL_SAMPLE/0000421.png,degradation_restoration_poisoned,poisoned,1,0,1,8.331987380981445,8.347623825073242,-0.015636444091796875,0.49476292729377747,0.5025600790977478
422,422,EXTERNAL_SAMPLE/0000422.png,degradation_restoration_poisoned,poisoned,1,0,0,7.87507963180542,2.272994041442871,5.602085590362549,0.9908888339996338,0.0036565379705280066
423,423,EXTERNAL_SAMPLE/0000423.png,degradation_restoration_poisoned,poisoned,1,0,3,3.179560422897339,1.928402066230774,1.251158356666565,0.11193513870239258,0.03203282505273819
424,424,EXTERNAL_SAMPLE/0000424.png,degradation_restoration_poisoned,poisoned,1,0,0,12.70193099975586,4.116564750671387,8.585366249084473,0.9997816681861877,0.00018677896878216416
425,425,EXTERNAL_SAMPLE/0000425.png,degradation_restoration_poisoned,poisoned,1,0,0,6.490288257598877,4.376882076263428,2.113406181335449,0.8587740659713745,0.10376198589801788
426,426,EXTERNAL_SAMPLE/0000426.png,degradation_restoration_poisoned,poisoned,1,0,0,10.137659072875977,2.5607287883758545,7.576930046081543,0.9969311952590942,0.0005105594173073769
427,427,EXTERNAL_SAMPLE/0000427.png,degradation_restoration_poisoned,poisoned,1,0,4,2.2010042667388916,2.5743460655212402,-0.37334179878234863,0.07220671325922012,0.10488609224557877
428,428,EXTERNAL_SAMPLE/0000428.png,degradation_restoration_poisoned,poisoned,1,0,0,8.585992813110352,0.7368807792663574,7.849112033843994,0.9962517619132996,0.00038863602094352245
429,429,EXTERNAL_SAMPLE/0000429.png,degradation_restoration_poisoned,poisoned,1,0,3,6.020351886749268,2.455082416534424,3.5652694702148438,0.4315304458141327,0.01220772136002779
430,430,EXTERNAL_SAMPLE/0000430.png,degradation_restoration_poisoned,poisoned,1,0,1,3.6058263778686523,6.494321823120117,-2.888495445251465,0.051242243498563766,0.9206313490867615
431,431,EXTERNAL_SAMPLE/0000431.png,degradation_restoration_poisoned,poisoned,1,0,0,5.569301605224609,4.4319000244140625,1.1374015808105469,0.48358166217803955,0.1550610214471817
432,432,EXTERNAL_SAMPLE/0000432.png,degradation_restoration_poisoned,poisoned,1,0,5,5.191216945648193,5.11359977722168,0.07761716842651367,0.3020828068256378,0.2795228362083435
433,433,EXTERNAL_SAMPLE/0000433.png,degradation_restoration_poisoned,poisoned,1,0,1,4.019733905792236,4.1767659187316895,-0.15703201293945312,0.3762349486351013,0.4402073621749878
434,434,EXTERNAL_SAMPLE/0000434.png,degradation_restoration_poisoned,poisoned,1,0,0,8.574087142944336,4.343558311462402,4.230528831481934,0.9762612581253052,0.014199424535036087
435,435,EXTERNAL_SAMPLE/0000435.png,degradation_restoration_poisoned,poisoned,1,0,0,10.720088958740234,4.280991554260254,6.4390974044799805,0.9950234889984131,0.0015898965066298842
436,436,EXTERNAL_SAMPLE/0000436.png,degradation_restoration_poisoned,poisoned,1,0,0,5.307539939880371,5.138063430786133,0.16947650909423828,0.43734583258628845,0.3691665232181549
437,437,EXTERNAL_SAMPLE/0000437.png,degradation_restoration_poisoned,poisoned,1,0,0,5.764445781707764,4.1831560134887695,1.5812897682189941,0.7984558343887329,0.16425003111362457
438,438,EXTERNAL_SAMPLE/0000438.png,degradation_restoration_poisoned,poisoned,1,0,0,5.79567813873291,5.499942302703857,0.29573583602905273,0.5282599329948425,0.3930169343948364
439,439,EXTERNAL_SAMPLE/0000439.png,degradation_restoration_poisoned,poisoned,1,0,1,3.2571797370910645,4.298392295837402,-1.041212558746338,0.18683162331581116,0.5292285680770874
440,440,EXTERNAL_SAMPLE/0000440.png,degradation_restoration_poisoned,poisoned,1,0,3,4.556938648223877,3.507634162902832,1.049304485321045,0.3206445574760437,0.11228369921445847
441,441,EXTERNAL_SAMPLE/0000441.png,degradation_restoration_poisoned,poisoned,1,0,1,4.68781852722168,4.730879306793213,-0.0430607795715332,0.4182088375091553,0.4366105794906616
442,442,EXTERNAL_SAMPLE/0000442.png,degradation_restoration_poisoned,poisoned,1,0,1,8.066710472106934,9.866571426391602,-1.799860954284668,0.14164510369300842,0.8567837476730347
443,443,EXTERNAL_SAMPLE/0000443.png,degradation_restoration_poisoned,poisoned,1,0,1,1.1656962633132935,10.174600601196289,-9.008904457092285,0.00012198225158499554,0.9972732663154602
444,444,EXTERNAL_SAMPLE/0000444.png,degradation_restoration_poisoned,poisoned,1,0,0,8.877511024475098,2.265382766723633,6.612128257751465,0.9922692775726318,0.0013335789553821087
445,445,EXTERNAL_SAMPLE/0000445.png,degradation_restoration_poisoned,poisoned,1,0,1,5.896393775939941,6.672144889831543,-0.7757511138916016,0.3103632926940918,0.6741783618927002
446,446,EXTERNAL_SAMPLE/0000446.png,degradation_restoration_poisoned,poisoned,1,0,0,6.047453880310059,1.1162827014923096,4.931171417236328,0.9536213874816895,0.006883280351758003
447,447,EXTERNAL_SAMPLE/0000447.png,degradation_restoration_poisoned,poisoned,1,0,1,3.588956594467163,7.920273780822754,-4.331316947937012,0.012804198078811169,0.9736871719360352
448,448,EXTERNAL_SAMPLE/0000448.png,degradation_restoration_poisoned,poisoned,1,0,1,2.6566507816314697,5.794925212860107,-3.1382744312286377,0.021733378991484642,0.5012593865394592
449,449,EXTERNAL_SAMPLE/0000449.png,degradation_restoration_poisoned,poisoned,1,0,0,6.374762535095215,5.726787090301514,0.6479754447937012,0.6003239750862122,0.3140317499637604
450,450,EXTERNAL_SAMPLE/0000450.png,degradation_restoration_poisoned,poisoned,1,0,1,3.3445849418640137,9.811723709106445,-6.467138767242432,0.0015478944405913353,0.9962859153747559
451,451,EXTERNAL_SAMPLE/0000451.png,degradation_restoration_poisoned,poisoned,1,0,3,3.7541191577911377,4.6270623207092285,-0.8729431629180908,0.09975316375494003,0.2388036847114563
452,452,EXTERNAL_SAMPLE/0000452.png,degradation_restoration_poisoned,poisoned,1,0,3,4.875887393951416,4.3539581298828125,0.5219292640686035,0.21735621988773346,0.12897367775440216
453,453,EXTERNAL_SAMPLE/0000453.png,degradation_restoration_poisoned,poisoned,1,0,0,5.1201348304748535,4.425139904022217,0.6949949264526367,0.609563946723938,0.3042193353176117
454,454,EXTERNAL_SAMPLE/0000454.png,degradation_restoration_poisoned,poisoned,1,0,0,13.116531372070312,2.8563849925994873,10.260146141052246,0.9998898506164551,3.499671947793104e-05
455,455,EXTERNAL_SAMPLE/0000455.png,degradation_restoration_poisoned,poisoned,1,0,1,9.876045227050781,10.16307258605957,-0.28702735900878906,0.42853450775146484,0.5710054039955139
456,456,EXTERNAL_SAMPLE/0000456.png,degradation_restoration_poisoned,poisoned,1,0,0,6.681851387023926,2.9175782203674316,3.764273166656494,0.954420804977417,0.022127728909254074
457,457,EXTERNAL_SAMPLE/0000457.png,degradation_restoration_poisoned,poisoned,1,0,0,8.635454177856445,3.805251121520996,4.830203056335449,0.9880704879760742,0.007889644242823124
458,458,EXTERNAL_SAMPLE/0000458.png,degradation_restoration_poisoned,poisoned,1,0,0,6.980367183685303,4.690962791442871,2.2894043922424316,0.8597986102104187,0.08712064474821091
459,459,EXTERNAL_SAMPLE/0000459.png,degradation_restoration_poisoned,poisoned,1,0,0,7.529608726501465,3.941896677017212,3.587712049484253,0.9410982131958008,0.026032233610749245
460,460,EXTERNAL_SAMPLE/0000460.png,degradation_restoration_poisoned,poisoned,1,0,0,9.634984970092773,4.365472316741943,5.26951265335083,0.9922903180122375,0.005106443073600531
461,461,EXTERNAL_SAMPLE/0000461.png,degradation_restoration_poisoned,poisoned,1,0,1,4.219191074371338,5.641628742218018,-1.4224376678466797,0.12481557577848434,0.517637312412262
462,462,EXTERNAL_SAMPLE/0000462.png,degradation_restoration_poisoned,poisoned,1,0,0,12.769357681274414,3.4861598014831543,9.283197402954102,0.9998593330383301,9.296030475525185e-05
463,463,EXTERNAL_SAMPLE/0000463.png,degradation_restoration_poisoned,poisoned,1,0,0,7.661558151245117,4.53260612487793,3.1289520263671875,0.9510167837142944,0.04161995276808739
464,464,EXTERNAL_SAMPLE/0000464.png,degradation_restoration_poisoned,poisoned,1,0,1,5.991407871246338,10.191457748413086,-4.200049877166748,0.01458085048943758,0.9723919034004211
465,465,EXTERNAL_SAMPLE/0000465.png,degradation_restoration_poisoned,poisoned,1,0,1,5.855057239532471,10.217071533203125,-4.362014293670654,0.012580045498907566,0.9864633083343506
466,466,EXTERNAL_SAMPLE/0000466.png,degradation_restoration_poisoned,poisoned,1,0,8,2.343294858932495,1.8739594221115112,0.4693354368209839,0.17062361538410187,0.10671103000640869
467,467,EXTERNAL_SAMPLE/0000467.png,degradation_restoration_poisoned,poisoned,1,0,0,8.71760368347168,2.556260824203491,6.161342620849609,0.9903832077980042,0.0020891332533210516
468,468,EXTERNAL_SAMPLE/0000468.png,degradation_restoration_poisoned,poisoned,1,0,1,4.56175422668457,7.266465663909912,-2.704711437225342,0.06200964376330376,0.9270443320274353
469,469,EXTERNAL_SAMPLE/0000469.png,degradation_restoration_poisoned,poisoned,1,0,0,10.511656761169434,3.2926368713378906,7.219019889831543,0.998621940612793,0.0007315106340683997
470,470,EXTERNAL_SAMPLE/0000470.png,degradation_restoration_poisoned,poisoned,1,0,5,4.107352256774902,4.168196678161621,-0.06084442138671875,0.25664496421813965,0.2727452218532562
471,471,EXTERNAL_SAMPLE/0000471.png,degradation_restoration_poisoned,poisoned,1,0,0,6.894553184509277,5.372232913970947,1.52232027053833,0.7935879826545715,0.17316487431526184
472,472,EXTERNAL_SAMPLE/0000472.png,degradation_restoration_poisoned,poisoned,1,0,1,4.632657527923584,5.273201942443848,-0.6405444145202637,0.30388957262039185,0.5766345858573914
473,473,EXTERNAL_SAMPLE/0000473.png,degradation_restoration_poisoned,poisoned,1,0,0,7.803493022918701,3.5782108306884766,4.225282192230225,0.9771220088005066,0.014286703430116177
474,474,EXTERNAL_SAMPLE/0000474.png,degradation_restoration_poisoned,poisoned,1,0,0,8.661113739013672,5.190627574920654,3.4704861640930176,0.9672935009002686,0.030084671452641487
475,475,EXTERNAL_SAMPLE/0000475.png,degradation_restoration_poisoned,poisoned,1,0,1,3.415943145751953,5.4691901206970215,-2.0532469749450684,0.08048230409622192,0.6272118091583252
476,476,EXTERNAL_SAMPLE/0000476.png,degradation_restoration_poisoned,poisoned,1,0,0,7.629918098449707,4.448977947235107,3.1809401512145996,0.9520717263221741,0.039555322378873825
477,477,EXTERNAL_SAMPLE/0000477.png,degradation_restoration_poisoned,poisoned,1,0,1,0.889320969581604,7.27407169342041,-6.384750843048096,0.0016435827128589153,0.9742122888565063
478,478,EXTERNAL_SAMPLE/0000478.png,degradation_restoration_poisoned,poisoned,1,0,1,2.3137917518615723,4.55958890914917,-2.2457971572875977,0.04715827852487564,0.44554877281188965
479,479,EXTERNAL_SAMPLE/0000479.png,degradation_restoration_poisoned,poisoned,1,0,1,2.6191728115081787,7.998755931854248,-5.379583358764648,0.004490694962441921,0.9741748571395874
480,480,EXTERNAL_SAMPLE/0000480.png,degradation_restoration_poisoned,poisoned,1,0,1,3.5661959648132324,5.558421611785889,-1.9922256469726562,0.10316246002912521,0.756369948387146
481,481,EXTERNAL_SAMPLE/0000481.png,degradation_restoration_poisoned,poisoned,1,0,0,11.151163101196289,7.232712745666504,3.918450355529785,0.980256199836731,0.01947951875627041
482,482,EXTERNAL_SAMPLE/0000482.png,degradation_restoration_poisoned,poisoned,1,0,1,3.2438857555389404,7.222439289093018,-3.978553533554077,0.01807418465614319,0.9658786654472351
483,483,EXTERNAL_SAMPLE/0000483.png,degradation_restoration_poisoned,poisoned,1,0,0,8.632125854492188,3.926530122756958,4.705595970153809,0.9877023100852966,0.008933295495808125
484,484,EXTERNAL_SAMPLE/0000484.png,degradation_restoration_poisoned,poisoned,1,0,0,5.29758882522583,3.4405786991119385,1.8570101261138916,0.7294436097145081,0.11389443278312683
485,485,EXTERNAL_SAMPLE/0000485.png,degradation_restoration_poisoned,poisoned,1,0,1,7.865291118621826,9.510339736938477,-1.6450486183166504,0.16151465475559235,0.8368496894836426
486,486,EXTERNAL_SAMPLE/0000486.png,degradation_restoration_poisoned,poisoned,1,0,0,5.723015308380127,2.465486764907837,3.25752854347229,0.8743391036987305,0.033647533506155014
487,487,EXTERNAL_SAMPLE/0000487.png,degradation_restoration_poisoned,poisoned,1,0,0,9.123671531677246,4.572659015655518,4.5510125160217285,0.9872511625289917,0.010421927087008953
488,488,EXTERNAL_SAMPLE/0000488.png,degradation_restoration_poisoned,poisoned,1,0,0,11.22046947479248,5.395464897155762,5.825004577636719,0.9967516660690308,0.0029431988950818777
489,489,EXTERNAL_SAMPLE/0000489.png,degradation_restoration_poisoned,poisoned,1,0,1,5.072242736816406,6.685402870178223,-1.6131601333618164,0.1583821177482605,0.794863760471344
490,490,EXTERNAL_SAMPLE/0000490.png,degradation_restoration_poisoned,poisoned,1,0,1,7.329627513885498,7.867125988006592,-0.5374984741210938,0.3661971986293793,0.6268269419670105
491,491,EXTERNAL_SAMPLE/0000491.png,degradation_restoration_poisoned,poisoned,1,0,0,8.958966255187988,4.9405341148376465,4.018432140350342,0.9801946878433228,0.01762501150369644
492,492,EXTERNAL_SAMPLE/0000492.png,degradation_restoration_poisoned,poisoned,1,0,0,8.406170845031738,3.5417559146881104,4.864415168762207,0.9871925115585327,0.007617512252181768
493,493,EXTERNAL_SAMPLE/0000493.png,degradation_restoration_poisoned,poisoned,1,0,0,6.870720386505127,5.720670223236084,1.150050163269043,0.7446607947349548,0.2357751578092575
494,494,EXTERNAL_SAMPLE/0000494.png,degradation_restoration_poisoned,poisoned,1,0,1,5.018126964569092,7.2937445640563965,-2.2756175994873047,0.09239230304956436,0.8993400931358337
495,495,EXTERNAL_SAMPLE/0000495.png,degradation_restoration_poisoned,poisoned,1,0,0,11.951394081115723,9.62899398803711,2.3224000930786133,0.9106770753860474,0.08928096294403076
496,496,EXTERNAL_SAMPLE/0000496.png,degradation_restoration_poisoned,poisoned,1,0,1,4.759678840637207,6.742115497589111,-1.9824366569519043,0.11663621664047241,0.8468270897865295
497,497,EXTERNAL_SAMPLE/0000497.png,degradation_restoration_poisoned,poisoned,1,0,0,7.641537666320801,3.1699934005737305,4.47154426574707,0.9816160202026367,0.011219530366361141
498,498,EXTERNAL_SAMPLE/0000498.png,degradation_restoration_poisoned,poisoned,1,0,0,11.394879341125488,4.721622943878174,6.6732563972473145,0.9985830783843994,0.0012624836526811123
499,499,EXTERNAL_SAMPLE/0000499.png,degradation_restoration_poisoned,poisoned,1,0,0,10.900228500366211,5.88753080368042,5.012697696685791,0.9930763244628906,0.00660686893388629
500,500,EXTERNAL_SAMPLE/0000500.png,degradation_restoration_poisoned,poisoned,1,0,0,6.756311893463135,6.112007141113281,0.6443047523498535,0.6478466987609863,0.3401372730731964
501,501,EXTERNAL_SAMPLE/0000501.png,degradation_restoration_poisoned,poisoned,1,0,0,11.275263786315918,0.801988959312439,10.473275184631348,0.9993641972541809,2.8264295906410553e-05
502,502,EXTERNAL_SAMPLE/0000502.png,degradation_restoration_poisoned,poisoned,1,0,0,4.886997222900391,2.9376463890075684,1.9493508338928223,0.693906843662262,0.09878906607627869
503,503,EXTERNAL_SAMPLE/0000503.png,degradation_restoration_poisoned,poisoned,1,0,0,7.467188358306885,4.918211460113525,2.5489768981933594,0.918896496295929,0.07182241231203079
504,504,EXTERNAL_SAMPLE/0000504.png,degradation_restoration_poisoned,poisoned,1,0,1,3.795966863632202,7.583728313446045,-3.7877614498138428,0.02097995951771736,0.9264213442802429
505,505,EXTERNAL_SAMPLE/0000505.png,degradation_restoration_poisoned,poisoned,1,0,1,4.165144443511963,9.180320739746094,-5.015176296234131,0.006579052656888962,0.991349458694458
506,506,EXTERNAL_SAMPLE/0000506.png,degradation_restoration_poisoned,poisoned,1,0,1,4.25703763961792,4.3301897048950195,-0.07315206527709961,0.3587232530117035,0.3859482407569885
507,507,EXTERNAL_SAMPLE/0000507.png,degradation_restoration_poisoned,poisoned,1,0,1,4.805706024169922,9.140127182006836,-4.334421157836914,0.01291350182145834,0.9850521087646484
508,508,EXTERNAL_SAMPLE/0000508.png,degradation_restoration_poisoned,poisoned,1,0,1,4.372086524963379,6.07048225402832,-1.6983957290649414,0.1411733329296112,0.771536648273468
509,509,EXTERNAL_SAMPLE/0000509.png,degradation_restoration_poisoned,poisoned,1,0,0,10.772710800170898,8.655282974243164,2.1174278259277344,0.892354428768158,0.10738661885261536
510,510,EXTERNAL_SAMPLE/0000510.png,degradation_restoration_poisoned,poisoned,1,0,0,7.786271572113037,2.719576358795166,5.066695213317871,0.7967337965965271,0.005021986085921526
511,511,EXTERNAL_SAMPLE/0000511.png,degradation_restoration_poisoned,poisoned,1,0,1,6.2888336181640625,11.031916618347168,-4.7430830001831055,0.00863442849367857,0.9911249279975891
