sample_index,original_index,source_path,setting,domain,true_label,target_class,predicted_label,target_logit,true_class_logit,target_margin,target_probability,true_class_probability
0,0,EXTERNAL_SAMPLE/0000000.png,origin_clean,clean,0,0,0,9.967269897460938,9.967269897460938,0.0,0.9979215264320374,0.9979215264320374
1,1,EXTERNAL_SAMPLE/0000001.png,origin_clean,clean,0,0,0,10.309907913208008,10.309907913208008,0.0,0.9985154271125793,0.9985154271125793
2,2,EXTERNAL_SAMPLE/0000002.png,origin_clean,clean,0,0,0,15.936830520629883,15.936830520629883,0.0,0.9999977350234985,0.9999977350234985
3,3,EXTERNAL_SAMPLE/0000003.png,origin_clean,clean,0,0,0,16.57366943359375,16.57366943359375,0.0,0.9999964237213135,0.9999964237213135
4,4,EXTERNAL_SAMPLE/0000004.png,origin_clean,clean,0,0,0,5.907479286193848,5.907479286193848,0.0,0.8560577034950256,0.8560577034950256
5,5,EXTERNAL_SAMPLE/0000005.png,origin_clean,clean,0,0,0,13.490315437316895,13.490315437316895,0.0,0.9999699592590332,0.9999699592590332
6,6,EXTERNAL_SAMPLE/0000006.png,origin_clean,clean,0,0,0,9.394902229309082,9.394902229309082,0.0,0.9940935969352722,0.9940935969352722
7,7,EXTERNAL_SAMPLE/0000007.png,origin_clean,clean,0,0,0,11.183951377868652,11.183951377868652,0.0,0.9992289543151855,0.9992289543151855
8,8,EXTERNAL_SAMPLE/0000008.png,origin_clean,clean,0,0,0,13.55263900756836,13.55263900756836,0.0,0.9999032020568848,0.9999032020568848
9,9,EXTERNAL_SAMPLE/0000009.png,origin_clean,clean,0,0,0,9.324652671813965,9.324652671813965,0.0,0.9973573088645935,0.9973573088645935
10,10,EXTERNAL_SAMPLE/0000010.png,origin_clean,clean,0,0,0,8.668035507202148,8.668035507202148,0.0,0.9874457120895386,0.9874457120895386
11,11,EXTERNAL_SAMPLE/0000011.png,origin_clean,clean,0,0,3,3.3278188705444336,3.3278188705444336,0.0,0.17254950106143951,0.17254950106143951
12,12,EXTERNAL_SAMPLE/0000012.png,origin_clean,clean,0,0,0,8.193971633911133,8.193971633911133,0.0,0.9838804602622986,0.9838804602622986
13,13,EXTERNAL_SAMPLE/0000013.png,origin_clean,clean,0,0,0,6.110947132110596,6.110947132110596,0.0,0.83856201171875,0.83856201171875
14,14,EXTERNAL_SAMPLE/0000014.png,origin_clean,clean,0,0,0,21.19634437561035,21.19634437561035,0.0,0.9999998807907104,0.9999998807907104
15,15,EXTERNAL_SAMPLE/0000015.png,origin_clean,clean,0,0,0,16.050506591796875,16.050506591796875,0.0,0.9999932050704956,0.9999932050704956
16,16,EXTERNAL_SAMPLE/0000016.png,origin_clean,clean,0,0,0,2.984611988067627,2.984611988067627,0.0,0.287151962518692,0.287151962518692
17,17,EXTERNAL_SAMPLE/0000017.png,origin_clean,clean,0,0,0,13.631616592407227,13.631616592407227,0.0,0.9999692440032959,0.9999692440032959
18,18,EXTERNAL_SAMPLE/0000018.png,origin_clean,clean,0,0,0,12.907182693481445,12.907182693481445,0.0,0.9998902082443237,0.9998902082443237
19,19,EXTERNAL_SAMPLE/0000019.png,origin_clean,clean,0,0,0,9.452192306518555,9.452192306518555,0.0,0.975033700466156,0.975033700466156
20,20,EXTERNAL_SAMPLE/0000020.png,origin_clean,clean,0,0,0,19.89515495300293,19.89515495300293,0.0,1.0,1.0
21,21,EXTERNAL_SAMPLE/0000021.png,origin_clean,clean,0,0,6,3.0744149684906006,3.0744149684906006,0.0,0.1707800328731537,0.1707800328731537
22,22,EXTERNAL_SAMPLE/0000022.png,origin_clean,clean,0,0,0,7.514560699462891,7.514560699462891,0.0,0.9592862129211426,0.9592862129211426
23,23,EXTERNAL_SAMPLE/0000023.png,origin_clean,clean,0,0,0,10.311925888061523,10.311925888061523,0.0,0.995083749294281,0.995083749294281
24,24,EXTERNAL_SAMPLE/0000024.png,origin_clean,clean,0,0,0,6.547316074371338,6.547316074371338,0.0,0.8169381022453308,0.8169381022453308
25,25,EXTERNAL_SAMPLE/0000025.png,origin_clean,clean,0,0,0,13.24700927734375,13.24700927734375,0.0,0.9997075200080872,0.9997075200080872
26,26,EXTERNAL_SAMPLE/0000026.png,origin_clean,clean,0,0,3,4.361949920654297,4.361949920654297,0.0,0.1545228660106659,0.1545228660106659
27,27,EXTERNAL_SAMPLE/0000027.png,origin_clean,clean,0,0,0,14.752575874328613,14.752575874328613,0.0,0.999947190284729,0.999947190284729
28,28,EXTERNAL_SAMPLE/0000028.png,origin_clean,clean,0,0,0,8.37843132019043,8.37843132019043,0.0,0.9893391728401184,0.9893391728401184
29,29,EXTERNAL_SAMPLE/0000029.png,origin_clean,clean,0,0,0,14.303997993469238,14.303997993469238,0.0,0.9999858140945435,0.9999858140945435
30,30,EXTERNAL_SAMPLE/0000030.png,origin_clean,clean,0,0,0,15.339973449707031,15.339973449707031,0.0,0.999994158744812,0.999994158744812
31,31,EXTERNAL_SAMPLE/0000031.png,origin_clean,clean,0,0,0,10.083596229553223,10.083596229553223,0.0,0.996543824672699,0.996543824672699
32,32,EXTERNAL_SAMPLE/0000032.png,origin_clean,clean,0,0,0,11.004095077514648,11.004095077514648,0.0,0.9992455244064331,0.9992455244064331
33,33,EXTERNAL_SAMPLE/0000033.png,origin_clean,clean,0,0,0,12.044729232788086,12.044729232788086,0.0,0.9996236562728882,0.9996236562728882
34,34,EXTERNAL_SAMPLE/0000034.png,origin_clean,clean,0,0,2,3.77131724357605,3.77131724357605,0.0,0.008019695058465004,0.008019695058465004
35,35,EXTERNAL_SAMPLE/0000035.png,origin_clean,clean,0,0,0,9.478119850158691,9.478119850158691,0.0,0.9969235062599182,0.9969235062599182
36,36,EXTERNAL_SAMPLE/0000036.png,origin_clean,clean,0,0,0,15.003730773925781,15.003730773925781,0.0,0.9999916553497314,0.9999916553497314
37,37,EXTERNAL_SAMPLE/0000037.png,origin_clean,clean,0,0,8,4.357917785644531,4.357917785644531,0.0,0.3164970278739929,0.3164970278739929
38,38,EXTERNAL_SAMPLE/0000038.png,origin_clean,clean,0,0,0,13.110505104064941,13.110505104064941,0.0,0.9999452829360962,0.9999452829360962
39,39,EXTERNAL_SAMPLE/0000039.png,origin_clean,clean,0,0,0,16.724592208862305,16.724592208862305,0.0,0.9999955892562866,0.9999955892562866
40,40,EXTERNAL_SAMPLE/0000040.png,origin_clean,clean,0,0,0,13.839658737182617,13.839658737182617,0.0,0.9999642372131348,0.9999642372131348
41,41,EXTERNAL_SAMPLE/0000041.png,origin_clean,clean,0,0,0,11.693578720092773,11.693578720092773,0.0,0.9902825355529785,0.9902825355529785
42,42,EXTERNAL_SAMPLE/0000042.png,origin_clean,clean,0,0,0,20.5921630859375,20.5921630859375,0.0,1.0,1.0
43,43,EXTERNAL_SAMPLE/0000043.png,origin_clean,clean,0,0,0,11.925374031066895,11.925374031066895,0.0,0.9997765421867371,0.9997765421867371
44,44,EXTERNAL_SAMPLE/0000044.png,origin_clean,clean,0,0,0,6.016720771789551,6.016720771789551,0.0,0.7769185304641724,0.7769185304641724
45,45,EXTERNAL_SAMPLE/0000045.png,origin_clean,clean,0,0,0,11.369766235351562,11.369766235351562,0.0,0.9985306262969971,0.9985306262969971
46,46,EXTERNAL_SAMPLE/0000046.png,origin_clean,clean,0,0,0,15.415922164916992,15.415922164916992,0.0,0.9999924898147583,0.9999924898147583
47,47,EXTERNAL_SAMPLE/0000047.png,origin_clean,clean,0,0,0,7.513579845428467,7.513579845428467,0.0,0.9368659853935242,0.9368659853935242
48,48,EXTERNAL_SAMPLE/0000048.png,origin_clean,clean,0,0,0,15.05530071258545,15.05530071258545,0.0,0.9998075366020203,0.9998075366020203
49,49,EXTERNAL_SAMPLE/0000049.png,origin_clean,clean,0,0,0,7.5800557136535645,7.5800557136535645,0.0,0.9651877880096436,0.9651877880096436
50,50,EXTERNAL_SAMPLE/0000050.png,origin_clean,clean,0,0,0,11.903669357299805,11.903669357299805,0.0,0.9997884631156921,0.9997884631156921
51,51,EXTERNAL_SAMPLE/0000051.png,origin_clean,clean,0,0,0,10.562357902526855,10.562357902526855,0.0,0.9992603659629822,0.9992603659629822
52,52,EXTERNAL_SAMPLE/0000052.png,origin_clean,clean,0,0,0,11.380511283874512,11.380511283874512,0.0,0.9996435642242432,0.9996435642242432
53,53,EXTERNAL_SAMPLE/0000053.png,origin_clean,clean,0,0,0,7.3930983543396,7.3930983543396,0.0,0.9552538990974426,0.9552538990974426
54,54,EXTERNAL_SAMPLE/0000054.png,origin_clean,clean,0,0,0,9.771588325500488,9.771588325500488,0.0,0.9891807436943054,0.9891807436943054
55,55,EXTERNAL_SAMPLE/0000055.png,origin_clean,clean,0,0,0,15.211114883422852,15.211114883422852,0.0,0.9999964237213135,0.9999964237213135
56,56,EXTERNAL_SAMPLE/0000056.png,origin_clean,clean,0,0,0,8.759475708007812,8.759475708007812,0.0,0.9850119352340698,0.9850119352340698
57,57,EXTERNAL_SAMPLE/0000057.png,origin_clean,clean,0,0,0,9.72831916809082,9.72831916809082,0.0,0.9969981908798218,0.9969981908798218
58,58,EXTERNAL_SAMPLE/0000058.png,origin_clean,clean,0,0,0,7.863574981689453,7.863574981689453,0.0,0.9372845888137817,0.9372845888137817
59,59,EXTERNAL_SAMPLE/0000059.png,origin_clean,clean,0,0,0,3.767178773880005,3.767178773880005,0.0,0.37988439202308655,0.37988439202308655
60,60,EXTERNAL_SAMPLE/0000060.png,origin_clean,clean,0,0,0,9.077345848083496,9.077345848083496,0.0,0.9893264770507812,0.9893264770507812
61,61,EXTERNAL_SAMPLE/0000061.png,origin_clean,clean,0,0,0,11.965404510498047,11.965404510498047,0.0,0.9997135996818542,0.9997135996818542
62,62,EXTERNAL_SAMPLE/0000062.png,origin_clean,clean,0,0,0,10.961593627929688,10.961593627929688,0.0,0.9996213912963867,0.9996213912963867
63,63,EXTERNAL_SAMPLE/0000063.png,origin_clean,clean,0,0,0,7.452676296234131,7.452676296234131,0.0,0.8887808918952942,0.8887808918952942
64,64,EXTERNAL_SAMPLE/0000064.png,origin_clean,clean,0,0,0,12.459165573120117,12.459165573120117,0.0,0.9998893737792969,0.9998893737792969
65,65,EXTERNAL_SAMPLE/0000065.png,origin_clean,clean,0,0,0,13.54018497467041,13.54018497467041,0.0,0.9993795156478882,0.9993795156478882
66,66,EXTERNAL_SAMPLE/0000066.png,origin_clean,clean,0,0,0,13.04704761505127,13.04704761505127,0.0,0.9999277591705322,0.9999277591705322
67,67,EXTERNAL_SAMPLE/0000067.png,origin_clean,clean,0,0,0,7.394512176513672,7.394512176513672,0.0,0.9606178402900696,0.9606178402900696
68,68,EXTERNAL_SAMPLE/0000068.png,origin_clean,clean,0,0,0,13.667449951171875,13.667449951171875,0.0,0.9999618530273438,0.9999618530273438
69,69,EXTERNAL_SAMPLE/0000069.png,origin_clean,clean,0,0,0,14.761889457702637,14.761889457702637,0.0,0.999994158744812,0.999994158744812
70,70,EXTERNAL_SAMPLE/0000070.png,origin_clean,clean,0,0,0,16.3355770111084,16.3355770111084,0.0,0.9999983310699463,0.9999983310699463
71,71,EXTERNAL_SAMPLE/0000071.png,origin_clean,clean,0,0,0,4.391213417053223,4.391213417053223,0.0,0.5995799899101257,0.5995799899101257
72,72,EXTERNAL_SAMPLE/0000072.png,origin_clean,clean,0,0,0,14.687444686889648,14.687444686889648,0.0,0.9998651742935181,0.9998651742935181
73,73,EXTERNAL_SAMPLE/0000073.png,origin_clean,clean,0,0,0,12.199190139770508,12.199190139770508,0.0,0.9998458623886108,0.9998458623886108
74,74,EXTERNAL_SAMPLE/0000074.png,origin_clean,clean,0,0,5,4.279717922210693,4.279717922210693,0.0,0.3523527979850769,0.3523527979850769
75,75,EXTERNAL_SAMPLE/0000075.png,origin_clean,clean,0,0,0,13.23006820678711,13.23006820678711,0.0,0.999944806098938,0.999944806098938
76,76,EXTERNAL_SAMPLE/0000076.png,origin_clean,clean,0,0,0,19.617027282714844,19.617027282714844,0.0,1.0,1.0
77,77,EXTERNAL_SAMPLE/0000077.png,origin_clean,clean,0,0,0,13.645604133605957,13.645604133605957,0.0,0.9999756813049316,0.9999756813049316
78,78,EXTERNAL_SAMPLE/0000078.png,origin_clean,clean,0,0,0,10.551737785339355,10.551737785339355,0.0,0.9992469549179077,0.9992469549179077
79,79,EXTERNAL_SAMPLE/0000079.png,origin_clean,clean,0,0,0,18.76603889465332,18.76603889465332,0.0,0.9999997615814209,0.9999997615814209
80,80,EXTERNAL_SAMPLE/0000080.png,origin_clean,clean,0,0,0,13.656766891479492,13.656766891479492,0.0,0.9999585151672363,0.9999585151672363
81,81,EXTERNAL_SAMPLE/0000081.png,origin_clean,clean,0,0,0,11.546370506286621,11.546370506286621,0.0,0.9991716146469116,0.9991716146469116
82,82,EXTERNAL_SAMPLE/0000082.png,origin_clean,clean,0,0,0,6.793689727783203,6.793689727783203,0.0,0.9108793139457703,0.9108793139457703
83,83,EXTERNAL_SAMPLE/0000083.png,origin_clean,clean,0,0,0,12.333273887634277,12.333273887634277,0.0,0.9998592138290405,0.9998592138290405
84,84,EXTERNAL_SAMPLE/0000084.png,origin_clean,clean,0,0,0,11.2652006149292,11.2652006149292,0.0,0.9994375109672546,0.9994375109672546
85,85,EXTERNAL_SAMPLE/0000085.png,origin_clean,clean,0,0,0,14.462361335754395,14.462361335754395,0.0,0.9999744892120361,0.9999744892120361
86,86,EXTERNAL_SAMPLE/0000086.png,origin_clean,clean,0,0,0,8.153773307800293,8.153773307800293,0.0,0.977458119392395,0.977458119392395
87,87,EXTERNAL_SAMPLE/0000087.png,origin_clean,clean,0,0,0,10.054831504821777,10.054831504821777,0.0,0.9976039528846741,0.9976039528846741
88,88,EXTERNAL_SAMPLE/0000088.png,origin_clean,clean,0,0,0,13.154257774353027,13.154257774353027,0.0,0.9999288320541382,0.9999288320541382
89,89,EXTERNAL_SAMPLE/0000089.png,origin_clean,clean,0,0,0,11.58934497833252,11.58934497833252,0.0,0.9993689656257629,0.9993689656257629
90,90,EXTERNAL_SAMPLE/0000090.png,origin_clean,clean,0,0,0,6.549450397491455,6.549450397491455,0.0,0.9425565600395203,0.9425565600395203
91,91,EXTERNAL_SAMPLE/0000091.png,origin_clean,clean,0,0,0,8.86855411529541,8.86855411529541,0.0,0.9468991756439209,0.9468991756439209
92,92,EXTERNAL_SAMPLE/0000092.png,origin_clean,clean,0,0,0,4.314887046813965,4.314887046813965,0.0,0.5620587468147278,0.5620587468147278
93,93,EXTERNAL_SAMPLE/0000093.png,origin_clean,clean,0,0,0,5.1965765953063965,5.1965765953063965,0.0,0.6758272051811218,0.6758272051811218
94,94,EXTERNAL_SAMPLE/0000094.png,origin_clean,clean,0,0,5,3.6665444374084473,3.6665444374084473,0.0,0.2207169085741043,0.2207169085741043
95,95,EXTERNAL_SAMPLE/0000095.png,origin_clean,clean,0,0,3,2.473466634750366,2.473466634750366,0.0,0.060093507170677185,0.060093507170677185
96,96,EXTERNAL_SAMPLE/0000096.png,origin_clean,clean,0,0,0,11.083165168762207,11.083165168762207,0.0,0.9991165995597839,0.9991165995597839
97,97,EXTERNAL_SAMPLE/0000097.png,origin_clean,clean,0,0,0,9.68855094909668,9.68855094909668,0.0,0.9972249269485474,0.9972249269485474
98,98,EXTERNAL_SAMPLE/0000098.png,origin_clean,clean,0,0,0,10.565157890319824,10.565157890319824,0.0,0.9988338351249695,0.9988338351249695
99,99,EXTERNAL_SAMPLE/0000099.png,origin_clean,clean,0,0,0,6.541274547576904,6.541274547576904,0.0,0.8924934267997742,0.8924934267997742
100,100,EXTERNAL_SAMPLE/0000100.png,origin_clean,clean,0,0,0,9.906980514526367,9.906980514526367,0.0,0.9982885718345642,0.9982885718345642
101,101,EXTERNAL_SAMPLE/0000101.png,origin_clean,clean,0,0,0,4.014037132263184,4.014037132263184,0.0,0.5688241720199585,0.5688241720199585
102,102,EXTERNAL_SAMPLE/0000102.png,origin_clean,clean,0,0,0,12.494003295898438,12.494003295898438,0.0,0.9996390342712402,0.9996390342712402
103,103,EXTERNAL_SAMPLE/0000103.png,origin_clean,clean,0,0,0,20.947097778320312,20.947097778320312,0.0,1.0,1.0
104,104,EXTERNAL_SAMPLE/0000104.png,origin_clean,clean,0,0,0,12.872354507446289,12.872354507446289,0.0,0.9894887804985046,0.9894887804985046
105,105,EXTERNAL_SAMPLE/0000105.png,origin_clean,clean,0,0,0,10.200922966003418,10.200922966003418,0.0,0.9987666606903076,0.9987666606903076
106,106,EXTERNAL_SAMPLE/0000106.png,origin_clean,clean,0,0,0,8.260870933532715,8.260870933532715,0.0,0.9622664451599121,0.9622664451599121
107,107,EXTERNAL_SAMPLE/0000107.png,origin_clean,clean,0,0,0,15.654582023620605,15.654582023620605,0.0,0.999996542930603,0.999996542930603
108,108,EXTERNAL_SAMPLE/0000108.png,origin_clean,clean,0,0,0,15.590669631958008,15.590669631958008,0.0,0.9999916553497314,0.9999916553497314
109,109,EXTERNAL_SAMPLE/0000109.png,origin_clean,clean,0,0,0,7.250961780548096,7.250961780548096,0.0,0.8789836168289185,0.8789836168289185
110,110,EXTERNAL_SAMPLE/0000110.png,origin_clean,clean,0,0,0,10.625980377197266,10.625980377197266,0.0,0.9972308278083801,0.9972308278083801
111,111,EXTERNAL_SAMPLE/0000111.png,origin_clean,clean,0,0,0,8.194884300231934,8.194884300231934,0.0,0.9863170981407166,0.9863170981407166
112,112,EXTERNAL_SAMPLE/0000112.png,origin_clean,clean,0,0,0,16.447696685791016,16.447696685791016,0.0,0.9999970197677612,0.9999970197677612
113,113,EXTERNAL_SAMPLE/0000113.png,origin_clean,clean,0,0,4,2.2780051231384277,2.2780051231384277,0.0,0.19930921494960785,0.19930921494960785
114,114,EXTERNAL_SAMPLE/0000114.png,origin_clean,clean,0,0,8,5.306397438049316,5.306397438049316,0.0,0.1741122454404831,0.1741122454404831
115,115,EXTERNAL_SAMPLE/0000115.png,origin_clean,clean,0,0,0,13.887517929077148,13.887517929077148,0.0,0.999927282333374,0.999927282333374
116,116,EXTERNAL_SAMPLE/0000116.png,origin_clean,clean,0,0,0,8.867728233337402,8.867728233337402,0.0,0.9956207871437073,0.9956207871437073
117,117,EXTERNAL_SAMPLE/0000117.png,origin_clean,clean,0,0,0,9.633951187133789,9.633951187133789,0.0,0.9663309454917908,0.9663309454917908
118,118,EXTERNAL_SAMPLE/0000118.png,origin_clean,clean,0,0,0,10.009502410888672,10.009502410888672,0.0,0.997878909111023,0.997878909111023
119,119,EXTERNAL_SAMPLE/0000119.png,origin_clean,clean,0,0,0,10.560133934020996,10.560133934020996,0.0,0.9986386895179749,0.9986386895179749
120,120,EXTERNAL_SAMPLE/0000120.png,origin_clean,clean,0,0,0,13.957460403442383,13.957460403442383,0.0,0.9999508857727051,0.9999508857727051
121,121,EXTERNAL_SAMPLE/0000121.png,origin_clean,clean,0,0,0,18.85918617248535,18.85918617248535,0.0,0.9999998807907104,0.9999998807907104
122,122,EXTERNAL_SAMPLE/0000122.png,origin_clean,clean,0,0,0,9.85589599609375,9.85589599609375,0.0,0.9973360896110535,0.9973360896110535
123,123,EXTERNAL_SAMPLE/0000123.png,origin_clean,clean,0,0,0,9.576894760131836,9.576894760131836,0.0,0.9891623258590698,0.9891623258590698
124,124,EXTERNAL_SAMPLE/0000124.png,origin_clean,clean,0,0,0,8.654138565063477,8.654138565063477,0.0,0.9850366115570068,0.9850366115570068
125,125,EXTERNAL_SAMPLE/0000125.png,origin_clean,clean,0,0,0,10.72436237335205,10.72436237335205,0.0,0.9980850219726562,0.9980850219726562
126,126,EXTERNAL_SAMPLE/0000126.png,origin_clean,clean,0,0,0,14.551135063171387,14.551135063171387,0.0,0.9999891519546509,0.9999891519546509
127,127,EXTERNAL_SAMPLE/0000127.png,origin_clean,clean,0,0,0,7.377993106842041,7.377993106842041,0.0,0.957301914691925,0.957301914691925
128,128,EXTERNAL_SAMPLE/0000128.png,origin_clean,clean,0,0,0,15.099276542663574,15.099276542663574,0.0,0.999984860420227,0.999984860420227
129,129,EXTERNAL_SAMPLE/0000129.png,origin_clean,clean,0,0,0,13.423820495605469,13.423820495605469,0.0,0.9999712705612183,0.9999712705612183
130,130,EXTERNAL_SAMPLE/0000130.png,origin_clean,clean,0,0,0,11.958990097045898,11.958990097045898,0.0,0.9995941519737244,0.9995941519737244
131,131,EXTERNAL_SAMPLE/0000131.png,origin_clean,clean,0,0,0,13.342971801757812,13.342971801757812,0.0,0.9999703168869019,0.9999703168869019
132,132,EXTERNAL_SAMPLE/0000132.png,origin_clean,clean,0,0,8,2.7243664264678955,2.7243664264678955,0.0,0.10003676265478134,0.10003676265478134
133,133,EXTERNAL_SAMPLE/0000133.png,origin_clean,clean,0,0,0,11.111591339111328,11.111591339111328,0.0,0.9993308782577515,0.9993308782577515
134,134,EXTERNAL_SAMPLE/0000134.png,origin_clean,clean,0,0,0,12.529156684875488,12.529156684875488,0.0,0.999927282333374,0.999927282333374
135,135,EXTERNAL_SAMPLE/0000135.png,origin_clean,clean,0,0,0,18.357994079589844,18.357994079589844,0.0,0.9999997615814209,0.9999997615814209
136,136,EXTERNAL_SAMPLE/0000136.png,origin_clean,clean,0,0,0,13.934868812561035,13.934868812561035,0.0,0.9998623132705688,0.9998623132705688
137,137,EXTERNAL_SAMPLE/0000137.png,origin_clean,clean,0,0,0,15.102738380432129,15.102738380432129,0.0,0.9999951124191284,0.9999951124191284
138,138,EXTERNAL_SAMPLE/0000138.png,origin_clean,clean,0,0,0,11.815255165100098,11.815255165100098,0.0,0.9995664954185486,0.9995664954185486
139,139,EXTERNAL_SAMPLE/0000139.png,origin_clean,clean,0,0,0,7.228905200958252,7.228905200958252,0.0,0.890676736831665,0.890676736831665
140,140,EXTERNAL_SAMPLE/0000140.png,origin_clean,clean,0,0,0,5.587175369262695,5.587175369262695,0.0,0.8020555377006531,0.8020555377006531
141,141,EXTERNAL_SAMPLE/0000141.png,origin_clean,clean,0,0,0,6.401161193847656,6.401161193847656,0.0,0.6704327464103699,0.6704327464103699
142,142,EXTERNAL_SAMPLE/0000142.png,origin_clean,clean,0,0,0,16.069839477539062,16.069839477539062,0.0,0.9999980926513672,0.9999980926513672
143,143,EXTERNAL_SAMPLE/0000143.png,origin_clean,clean,0,0,0,10.738121032714844,10.738121032714844,0.0,0.9994485974311829,0.9994485974311829
144,144,EXTERNAL_SAMPLE/0000144.png,origin_clean,clean,0,0,0,18.223756790161133,18.223756790161133,0.0,0.9999996423721313,0.9999996423721313
145,145,EXTERNAL_SAMPLE/0000145.png,origin_clean,clean,0,0,0,8.3203125,8.3203125,0.0,0.8389744758605957,0.8389744758605957
146,146,EXTERNAL_SAMPLE/0000146.png,origin_clean,clean,0,0,0,9.306855201721191,9.306855201721191,0.0,0.9952589869499207,0.9952589869499207
147,147,EXTERNAL_SAMPLE/0000147.png,origin_clean,clean,0,0,0,5.9950852394104,5.9950852394104,0.0,0.8998144865036011,0.8998144865036011
148,148,EXTERNAL_SAMPLE/0000148.png,origin_clean,clean,0,0,3,4.362796306610107,4.362796306610107,0.0,0.41999828815460205,0.41999828815460205
149,149,EXTERNAL_SAMPLE/0000149.png,origin_clean,clean,0,0,0,7.545953750610352,7.545953750610352,0.0,0.71049964427948,0.71049964427948
150,150,EXTERNAL_SAMPLE/0000150.png,origin_clean,clean,0,0,0,10.802460670471191,10.802460670471191,0.0,0.999127209186554,0.999127209186554
151,151,EXTERNAL_SAMPLE/0000151.png,origin_clean,clean,0,0,9,2.887477397918701,2.887477397918701,0.0,0.04038400575518608,0.04038400575518608
152,152,EXTERNAL_SAMPLE/0000152.png,origin_clean,clean,0,0,0,15.343954086303711,15.343954086303711,0.0,0.9999958276748657,0.9999958276748657
153,153,EXTERNAL_SAMPLE/0000153.png,origin_clean,clean,0,0,3,2.798185348510742,2.798185348510742,0.0,0.00852931011468172,0.00852931011468172
154,154,EXTERNAL_SAMPLE/0000154.png,origin_clean,clean,0,0,0,8.958256721496582,8.958256721496582,0.0,0.988805890083313,0.988805890083313
155,155,EXTERNAL_SAMPLE/0000155.png,origin_clean,clean,0,0,0,13.89433479309082,13.89433479309082,0.0,0.9999630451202393,0.9999630451202393
156,156,EXTERNAL_SAMPLE/0000156.png,origin_clean,clean,0,0,0,5.660498142242432,5.660498142242432,0.0,0.4917565882205963,0.4917565882205963
157,157,EXTERNAL_SAMPLE/0000157.png,origin_clean,clean,0,0,0,10.738323211669922,10.738323211669922,0.0,0.9992082715034485,0.9992082715034485
158,158,EXTERNAL_SAMPLE/0000158.png,origin_clean,clean,0,0,0,14.90496826171875,14.90496826171875,0.0,0.999991774559021,0.999991774559021
159,159,EXTERNAL_SAMPLE/0000159.png,origin_clean,clean,0,0,0,4.515407085418701,4.515407085418701,0.0,0.62618488073349,0.62618488073349
160,160,EXTERNAL_SAMPLE/0000160.png,origin_clean,clean,0,0,0,3.889813184738159,3.889813184738159,0.0,0.46714115142822266,0.46714115142822266
161,161,EXTERNAL_SAMPLE/0000161.png,origin_clean,clean,0,0,6,2.2986831665039062,2.2986831665039062,0.0,0.05485483258962631,0.05485483258962631
162,162,EXTERNAL_SAMPLE/0000162.png,origin_clean,clean,0,0,3,1.0719398260116577,1.0719398260116577,0.0,0.015037961304187775,0.015037961304187775
163,163,EXTERNAL_SAMPLE/0000163.png,origin_clean,clean,0,0,3,3.008849859237671,3.008849859237671,0.0,0.021509569138288498,0.021509569138288498
164,164,EXTERNAL_SAMPLE/0000164.png,origin_clean,clean,0,0,0,6.374112606048584,6.374112606048584,0.0,0.9224185347557068,0.9224185347557068
165,165,EXTERNAL_SAMPLE/0000165.png,origin_clean,clean,0,0,0,7.783073902130127,7.783073902130127,0.0,0.9866660237312317,0.9866660237312317
166,166,EXTERNAL_SAMPLE/0000166.png,origin_clean,clean,0,0,8,4.769539833068848,4.769539833068848,0.0,0.07694034278392792,0.07694034278392792
167,167,EXTERNAL_SAMPLE/0000167.png,origin_clean,clean,0,0,0,9.626822471618652,9.626822471618652,0.0,0.9859743714332581,0.9859743714332581
168,168,EXTERNAL_SAMPLE/0000168.png,origin_clean,clean,0,0,0,14.233284950256348,14.233284950256348,0.0,0.9999804496765137,0.9999804496765137
169,169,EXTERNAL_SAMPLE/0000169.png,origin_clean,clean,0,0,0,7.1976704597473145,7.1976704597473145,0.0,0.9285144209861755,0.9285144209861755
170,170,EXTERNAL_SAMPLE/0000170.png,origin_clean,clean,0,0,0,10.61331844329834,10.61331844329834,0.0,0.9962068796157837,0.9962068796157837
171,171,EXTERNAL_SAMPLE/0000171.png,origin_clean,clean,0,0,9,3.444971799850464,3.444971799850464,0.0,0.20628418028354645,0.20628418028354645
172,172,EXTERNAL_SAMPLE/0000172.png,origin_clean,clean,0,0,0,12.680336952209473,12.680336952209473,0.0,0.9998526573181152,0.9998526573181152
173,173,EXTERNAL_SAMPLE/0000173.png,origin_clean,clean,0,0,3,4.318059921264648,4.318059921264648,0.0,0.2392456978559494,0.2392456978559494
174,174,EXTERNAL_SAMPLE/0000174.png,origin_clean,clean,0,0,9,3.716883420944214,3.716883420944214,0.0,0.32306039333343506,0.32306039333343506
175,175,EXTERNAL_SAMPLE/0000175.png,origin_clean,clean,0,0,0,7.477534294128418,7.477534294128418,0.0,0.9620164036750793,0.9620164036750793
176,176,EXTERNAL_SAMPLE/0000176.png,origin_clean,clean,0,0,0,7.093553066253662,7.093553066253662,0.0,0.5834972858428955,0.5834972858428955
177,177,EXTERNAL_SAMPLE/0000177.png,origin_clean,clean,0,0,0,10.918581008911133,10.918581008911133,0.0,0.9991840720176697,0.9991840720176697
178,178,EXTERNAL_SAMPLE/0000178.png,origin_clean,clean,0,0,0,12.042105674743652,12.042105674743652,0.0,0.999794065952301,0.999794065952301
179,179,EXTERNAL_SAMPLE/0000179.png,origin_clean,clean,0,0,0,14.756818771362305,14.756818771362305,0.0,0.9999791383743286,0.9999791383743286
180,180,EXTERNAL_SAMPLE/0000180.png,origin_clean,clean,0,0,0,8.960663795471191,8.960663795471191,0.0,0.990221381187439,0.990221381187439
181,181,EXTERNAL_SAMPLE/0000181.png,origin_clean,clean,0,0,0,13.265531539916992,13.265531539916992,0.0,0.9998767375946045,0.9998767375946045
182,182,EXTERNAL_SAMPLE/0000182.png,origin_clean,clean,0,0,0,10.752962112426758,10.752962112426758,0.0,0.9992844462394714,0.9992844462394714
183,183,EXTERNAL_SAMPLE/0000183.png,origin_clean,clean,0,0,0,11.973686218261719,11.973686218261719,0.0,0.9997201561927795,0.9997201561927795
184,184,EXTERNAL_SAMPLE/0000184.png,origin_clean,clean,0,0,0,10.553579330444336,10.553579330444336,0.0,0.9985836744308472,0.9985836744308472
185,185,EXTERNAL_SAMPLE/0000185.png,origin_clean,clean,0,0,0,5.518636703491211,5.518636703491211,0.0,0.7011609077453613,0.7011609077453613
186,186,EXTERNAL_SAMPLE/0000186.png,origin_clean,clean,0,0,0,16.846006393432617,16.846006393432617,0.0,0.9999964237213135,0.9999964237213135
187,187,EXTERNAL_SAMPLE/0000187.png,origin_clean,clean,0,0,0,9.672615051269531,9.672615051269531,0.0,0.998665452003479,0.998665452003479
188,188,EXTERNAL_SAMPLE/0000188.png,origin_clean,clean,0,0,0,3.4261844158172607,3.4261844158172607,0.0,0.3852332532405853,0.3852332532405853
189,189,EXTERNAL_SAMPLE/0000189.png,origin_clean,clean,0,0,3,1.6221632957458496,1.6221632957458496,0.0,0.0029996908269822598,0.0029996908269822598
190,190,EXTERNAL_SAMPLE/0000190.png,origin_clean,clean,0,0,0,6.9657301902771,6.9657301902771,0.0,0.7415182590484619,0.7415182590484619
191,191,EXTERNAL_SAMPLE/0000191.png,origin_clean,clean,0,0,0,11.978889465332031,11.978889465332031,0.0,0.9996923208236694,0.9996923208236694
192,192,EXTERNAL_SAMPLE/0000192.png,origin_clean,clean,0,0,0,6.223141193389893,6.223141193389893,0.0,0.8340470790863037,0.8340470790863037
193,193,EXTERNAL_SAMPLE/0000193.png,origin_clean,clean,0,0,0,7.6356587409973145,7.6356587409973145,0.0,0.9650251865386963,0.9650251865386963
194,194,EXTERNAL_SAMPLE/0000194.png,origin_clean,clean,0,0,0,18.103464126586914,18.103464126586914,0.0,0.9999996423721313,0.9999996423721313
195,195,EXTERNAL_SAMPLE/0000195.png,origin_clean,clean,0,0,4,2.046684980392456,2.046684980392456,0.0,0.03447265550494194,0.03447265550494194
196,196,EXTERNAL_SAMPLE/0000196.png,origin_clean,clean,0,0,0,5.981123924255371,5.981123924255371,0.0,0.862040102481842,0.862040102481842
197,197,EXTERNAL_SAMPLE/0000197.png,origin_clean,clean,0,0,0,14.58680248260498,14.58680248260498,0.0,0.9999895095825195,0.9999895095825195
198,198,EXTERNAL_SAMPLE/0000198.png,origin_clean,clean,0,0,0,9.606316566467285,9.606316566467285,0.0,0.9954240918159485,0.9954240918159485
199,199,EXTERNAL_SAMPLE/0000199.png,origin_clean,clean,0,0,0,5.189213275909424,5.189213275909424,0.0,0.6077630519866943,0.6077630519866943
200,200,EXTERNAL_SAMPLE/0000200.png,origin_clean,clean,0,0,0,11.10582447052002,11.10582447052002,0.0,0.9996070265769958,0.9996070265769958
201,201,EXTERNAL_SAMPLE/0000201.png,origin_clean,clean,0,0,0,6.6508355140686035,6.6508355140686035,0.0,0.7135991454124451,0.7135991454124451
202,202,EXTERNAL_SAMPLE/0000202.png,origin_clean,clean,0,0,0,16.19916343688965,16.19916343688965,0.0,0.9999973773956299,0.9999973773956299
203,203,EXTERNAL_SAMPLE/0000203.png,origin_clean,clean,0,0,0,18.06129264831543,18.06129264831543,0.0,0.9999996423721313,0.9999996423721313
204,204,EXTERNAL_SAMPLE/0000204.png,origin_clean,clean,0,0,0,11.185442924499512,11.185442924499512,0.0,0.9985803365707397,0.9985803365707397
205,205,EXTERNAL_SAMPLE/0000205.png,origin_clean,clean,0,0,0,8.307673454284668,8.307673454284668,0.0,0.98456871509552,0.98456871509552
206,206,EXTERNAL_SAMPLE/0000206.png,origin_clean,clean,0,0,0,17.57554817199707,17.57554817199707,0.0,0.999998927116394,0.999998927116394
207,207,EXTERNAL_SAMPLE/0000207.png,origin_clean,clean,0,0,0,7.072149276733398,7.072149276733398,0.0,0.9661988615989685,0.9661988615989685
208,208,EXTERNAL_SAMPLE/0000208.png,origin_clean,clean,0,0,0,9.54220199584961,9.54220199584961,0.0,0.9975771307945251,0.9975771307945251
209,209,EXTERNAL_SAMPLE/0000209.png,origin_clean,clean,0,0,0,4.434838771820068,4.434838771820068,0.0,0.33035987615585327,0.33035987615585327
210,210,EXTERNAL_SAMPLE/0000210.png,origin_clean,clean,0,0,0,8.83526611328125,8.83526611328125,0.0,0.7525216341018677,0.7525216341018677
211,211,EXTERNAL_SAMPLE/0000211.png,origin_clean,clean,0,0,0,10.674493789672852,10.674493789672852,0.0,0.9990314245223999,0.9990314245223999
212,212,EXTERNAL_SAMPLE/0000212.png,origin_clean,clean,0,0,0,4.432225227355957,4.432225227355957,0.0,0.48825013637542725,0.48825013637542725
213,213,EXTERNAL_SAMPLE/0000213.png,origin_clean,clean,0,0,0,8.965039253234863,8.965039253234863,0.0,0.9924835562705994,0.9924835562705994
214,214,EXTERNAL_SAMPLE/0000214.png,origin_clean,clean,0,0,0,14.877616882324219,14.877616882324219,0.0,0.9999921321868896,0.9999921321868896
215,215,EXTERNAL_SAMPLE/0000215.png,origin_clean,clean,0,0,0,9.491195678710938,9.491195678710938,0.0,0.9972248077392578,0.9972248077392578
216,216,EXTERNAL_SAMPLE/0000216.png,origin_clean,clean,0,0,0,13.404058456420898,13.404058456420898,0.0,0.9999346733093262,0.9999346733093262
217,217,EXTERNAL_SAMPLE/0000217.png,origin_clean,clean,0,0,0,13.640538215637207,13.640538215637207,0.0,0.999840259552002,0.999840259552002
218,218,EXTERNAL_SAMPLE/0000218.png,origin_clean,clean,0,0,0,12.575408935546875,12.575408935546875,0.0,0.9997904896736145,0.9997904896736145
219,219,EXTERNAL_SAMPLE/0000219.png,origin_clean,clean,0,0,0,10.29742431640625,10.29742431640625,0.0,0.9989221096038818,0.9989221096038818
220,220,EXTERNAL_SAMPLE/0000220.png,origin_clean,clean,0,0,0,13.581609725952148,13.581609725952148,0.0,0.9999322891235352,0.9999322891235352
221,221,EXTERNAL_SAMPLE/0000221.png,origin_clean,clean,0,0,0,10.588773727416992,10.588773727416992,0.0,0.9990158081054688,0.9990158081054688
222,222,EXTERNAL_SAMPLE/0000222.png,origin_clean,clean,0,0,0,15.127168655395508,15.127168655395508,0.0,0.9999923706054688,0.9999923706054688
223,223,EXTERNAL_SAMPLE/0000223.png,origin_clean,clean,0,0,0,9.207653999328613,9.207653999328613,0.0,0.9665930867195129,0.9665930867195129
224,224,EXTERNAL_SAMPLE/0000224.png,origin_clean,clean,0,0,0,9.198948860168457,9.198948860168457,0.0,0.9950817823410034,0.9950817823410034
225,225,EXTERNAL_SAMPLE/0000225.png,origin_clean,clean,0,0,5,4.257553577423096,4.257553577423096,0.0,0.20048697292804718,0.20048697292804718
226,226,EXTERNAL_SAMPLE/0000226.png,origin_clean,clean,0,0,0,9.253741264343262,9.253741264343262,0.0,0.9964348077774048,0.9964348077774048
227,227,EXTERNAL_SAMPLE/0000227.png,origin_clean,clean,0,0,0,14.570833206176758,14.570833206176758,0.0,0.9999310970306396,0.9999310970306396
228,228,EXTERNAL_SAMPLE/0000228.png,origin_clean,clean,0,0,8,6.835912704467773,6.835912704467773,0.0,0.47034433484077454,0.47034433484077454
229,229,EXTERNAL_SAMPLE/0000229.png,origin_clean,clean,0,0,0,9.785598754882812,9.785598754882812,0.0,0.994242250919342,0.994242250919342
230,230,EXTERNAL_SAMPLE/0000230.png,origin_clean,clean,0,0,0,12.923824310302734,12.923824310302734,0.0,0.999847412109375,0.999847412109375
231,231,EXTERNAL_SAMPLE/0000231.png,origin_clean,clean,0,0,0,4.951794147491455,4.951794147491455,0.0,0.5745121836662292,0.5745121836662292
232,232,EXTERNAL_SAMPLE/0000232.png,origin_clean,clean,0,0,0,10.265886306762695,10.265886306762695,0.0,0.998630166053772,0.998630166053772
233,233,EXTERNAL_SAMPLE/0000233.png,origin_clean,clean,0,0,0,7.178377151489258,7.178377151489258,0.0,0.8489606380462646,0.8489606380462646
234,234,EXTERNAL_SAMPLE/0000234.png,origin_clean,clean,0,0,0,7.673837184906006,7.673837184906006,0.0,0.9719944000244141,0.9719944000244141
235,235,EXTERNAL_SAMPLE/0000235.png,origin_clean,clean,0,0,0,7.61201286315918,7.61201286315918,0.0,0.9302085041999817,0.9302085041999817
236,236,EXTERNAL_SAMPLE/0000236.png,origin_clean,clean,0,0,0,4.967868328094482,4.967868328094482,0.0,0.7802991271018982,0.7802991271018982
237,237,EXTERNAL_SAMPLE/0000237.png,origin_clean,clean,0,0,0,13.159239768981934,13.159239768981934,0.0,0.9998453855514526,0.9998453855514526
238,238,EXTERNAL_SAMPLE/0000238.png,origin_clean,clean,0,0,8,5.221008777618408,5.221008777618408,0.0,0.43379026651382446,0.43379026651382446
239,239,EXTERNAL_SAMPLE/0000239.png,origin_clean,clean,0,0,0,8.073970794677734,8.073970794677734,0.0,0.9737188220024109,0.9737188220024109
240,240,EXTERNAL_SAMPLE/0000240.png,origin_clean,clean,0,0,3,5.382776260375977,5.382776260375977,0.0,0.09845224767923355,0.09845224767923355
241,241,EXTERNAL_SAMPLE/0000241.png,origin_clean,clean,0,0,0,7.052582263946533,7.052582263946533,0.0,0.7320903539657593,0.7320903539657593
242,242,EXTERNAL_SAMPLE/0000242.png,origin_clean,clean,0,0,0,12.024335861206055,12.024335861206055,0.0,0.9998177886009216,0.9998177886009216
243,243,EXTERNAL_SAMPLE/0000243.png,origin_clean,clean,0,0,0,10.209306716918945,10.209306716918945,0.0,0.9987664222717285,0.9987664222717285
244,244,EXTERNAL_SAMPLE/0000244.png,origin_clean,clean,0,0,0,5.29049015045166,5.29049015045166,0.0,0.6729502081871033,0.6729502081871033
245,245,EXTERNAL_SAMPLE/0000245.png,origin_clean,clean,0,0,1,1.2166961431503296,1.2166961431503296,0.0,0.00036995435948483646,0.00036995435948483646
246,246,EXTERNAL_SAMPLE/0000246.png,origin_clean,clean,0,0,0,10.488471984863281,10.488471984863281,0.0,0.999365508556366,0.999365508556366
247,247,EXTERNAL_SAMPLE/0000247.png,origin_clean,clean,0,0,0,8.668708801269531,8.668708801269531,0.0,0.9951961636543274,0.9951961636543274
248,248,EXTERNAL_SAMPLE/0000248.png,origin_clean,clean,0,0,0,14.69896125793457,14.69896125793457,0.0,0.9999808073043823,0.9999808073043823
249,249,EXTERNAL_SAMPLE/0000249.png,origin_clean,clean,0,0,0,10.432454109191895,10.432454109191895,0.0,0.9958046078681946,0.9958046078681946
250,250,EXTERNAL_SAMPLE/0000250.png,origin_clean,clean,0,0,0,5.164504528045654,5.164504528045654,0.0,0.46647143363952637,0.46647143363952637
251,251,EXTERNAL_SAMPLE/0000251.png,origin_clean,clean,0,0,9,1.5450527667999268,1.5450527667999268,0.0,0.05274660885334015,0.05274660885334015
252,252,EXTERNAL_SAMPLE/0000252.png,origin_clean,clean,0,0,5,3.215270519256592,3.215270519256592,0.0,0.17779794335365295,0.17779794335365295
253,253,EXTERNAL_SAMPLE/0000253.png,origin_clean,clean,0,0,0,14.978313446044922,14.978313446044922,0.0,0.9999897480010986,0.9999897480010986
254,254,EXTERNAL_SAMPLE/0000254.png,origin_clean,clean,0,0,0,8.157754898071289,8.157754898071289,0.0,0.9890928268432617,0.9890928268432617
255,255,EXTERNAL_SAMPLE/0000255.png,origin_clean,clean,0,0,0,12.513941764831543,12.513941764831543,0.0,0.999500036239624,0.999500036239624
256,256,EXTERNAL_SAMPLE/0000256.png,origin_clean,clean,0,0,0,7.433600902557373,7.433600902557373,0.0,0.9604921340942383,0.9604921340942383
257,257,EXTERNAL_SAMPLE/0000257.png,origin_clean,clean,0,0,0,8.124926567077637,8.124926567077637,0.0,0.9927733540534973,0.9927733540534973
258,258,EXTERNAL_SAMPLE/0000258.png,origin_clean,clean,0,0,0,9.670190811157227,9.670190811157227,0.0,0.9876903295516968,0.9876903295516968
259,259,EXTERNAL_SAMPLE/0000259.png,origin_clean,clean,0,0,0,11.300015449523926,11.300015449523926,0.0,0.9985947012901306,0.9985947012901306
260,260,EXTERNAL_SAMPLE/0000260.png,origin_clean,clean,0,0,3,1.3515571355819702,1.3515571355819702,0.0,0.009590365923941135,0.009590365923941135
261,261,EXTERNAL_SAMPLE/0000261.png,origin_clean,clean,0,0,0,6.029113292694092,6.029113292694092,0.0,0.7720890045166016,0.7720890045166016
262,262,EXTERNAL_SAMPLE/0000262.png,origin_clean,clean,0,0,0,12.258216857910156,12.258216857910156,0.0,0.9994617104530334,0.9994617104530334
263,263,EXTERNAL_SAMPLE/0000263.png,origin_clean,clean,0,0,0,9.618804931640625,9.618804931640625,0.0,0.9964235424995422,0.9964235424995422
264,264,EXTERNAL_SAMPLE/0000264.png,origin_clean,clean,0,0,0,13.973953247070312,13.973953247070312,0.0,0.9999771118164062,0.9999771118164062
265,265,EXTERNAL_SAMPLE/0000265.png,origin_clean,clean,0,0,0,12.268585205078125,12.268585205078125,0.0,0.9994531273841858,0.9994531273841858
266,266,EXTERNAL_SAMPLE/0000266.png,origin_clean,clean,0,0,0,11.828083038330078,11.828083038330078,0.0,0.9976209998130798,0.9976209998130798
267,267,EXTERNAL_SAMPLE/0000267.png,origin_clean,clean,0,0,0,19.39051055908203,19.39051055908203,0.0,0.9999998807907104,0.9999998807907104
268,268,EXTERNAL_SAMPLE/0000268.png,origin_clean,clean,0,0,0,6.156518459320068,6.156518459320068,0.0,0.8438583612442017,0.8438583612442017
269,269,EXTERNAL_SAMPLE/0000269.png,origin_clean,clean,0,0,0,8.847898483276367,8.847898483276367,0.0,0.9880488514900208,0.9880488514900208
270,270,EXTERNAL_SAMPLE/0000270.png,origin_clean,clean,0,0,0,22.11522102355957,22.11522102355957,0.0,1.0,1.0
271,271,EXTERNAL_SAMPLE/0000271.png,origin_clean,clean,0,0,0,16.42823600769043,16.42823600769043,0.0,0.9999971389770508,0.9999971389770508
272,272,EXTERNAL_SAMPLE/0000272.png,origin_clean,clean,0,0,0,11.900392532348633,11.900392532348633,0.0,0.9922532439231873,0.9922532439231873
273,273,EXTERNAL_SAMPLE/0000273.png,origin_clean,clean,0,0,0,13.779760360717773,13.779760360717773,0.0,0.999975323677063,0.999975323677063
274,274,EXTERNAL_SAMPLE/0000274.png,origin_clean,clean,0,0,0,7.634127616882324,7.634127616882324,0.0,0.9567912817001343,0.9567912817001343
275,275,EXTERNAL_SAMPLE/0000275.png,origin_clean,clean,0,0,0,9.927217483520508,9.927217483520508,0.0,0.9980021119117737,0.9980021119117737
276,276,EXTERNAL_SAMPLE/0000276.png,origin_clean,clean,0,0,0,12.90479564666748,12.90479564666748,0.0,0.999896764755249,0.999896764755249
277,277,EXTERNAL_SAMPLE/0000277.png,origin_clean,clean,0,0,8,2.58428955078125,2.58428955078125,0.0,0.08434959501028061,0.08434959501028061
278,278,EXTERNAL_SAMPLE/0000278.png,origin_clean,clean,0,0,0,14.725197792053223,14.725197792053223,0.0,0.9999626874923706,0.9999626874923706
279,279,EXTERNAL_SAMPLE/0000279.png,origin_clean,clean,0,0,0,5.749480247497559,5.749480247497559,0.0,0.8521707653999329,0.8521707653999329
280,280,EXTERNAL_SAMPLE/0000280.png,origin_clean,clean,0,0,0,8.846898078918457,8.846898078918457,0.0,0.9874512553215027,0.9874512553215027
281,281,EXTERNAL_SAMPLE/0000281.png,origin_clean,clean,0,0,0,14.832359313964844,14.832359313964844,0.0,0.9999850988388062,0.9999850988388062
282,282,EXTERNAL_SAMPLE/0000282.png,origin_clean,clean,0,0,0,11.541611671447754,11.541611671447754,0.0,0.9986611604690552,0.9986611604690552
283,283,EXTERNAL_SAMPLE/0000283.png,origin_clean,clean,0,0,0,13.351910591125488,13.351910591125488,0.0,0.9999219179153442,0.9999219179153442
284,284,EXTERNAL_SAMPLE/0000284.png,origin_clean,clean,0,0,0,8.445927619934082,8.445927619934082,0.0,0.9683337807655334,0.9683337807655334
285,285,EXTERNAL_SAMPLE/0000285.png,origin_clean,clean,0,0,0,5.502440929412842,5.502440929412842,0.0,0.7684382200241089,0.7684382200241089
286,286,EXTERNAL_SAMPLE/0000286.png,origin_clean,clean,0,0,0,14.929349899291992,14.929349899291992,0.0,0.9999948740005493,0.9999948740005493
287,287,EXTERNAL_SAMPLE/0000287.png,origin_clean,clean,0,0,0,19.484127044677734,19.484127044677734,0.0,0.9999998807907104,0.9999998807907104
288,288,EXTERNAL_SAMPLE/0000288.png,origin_clean,clean,0,0,0,5.936456203460693,5.936456203460693,0.0,0.5590259432792664,0.5590259432792664
289,289,EXTERNAL_SAMPLE/0000289.png,origin_clean,clean,0,0,0,19.404541015625,19.404541015625,0.0,1.0,1.0
290,290,EXTERNAL_SAMPLE/0000290.png,origin_clean,clean,0,0,0,17.94384002685547,17.94384002685547,0.0,0.9999990463256836,0.9999990463256836
291,291,EXTERNAL_SAMPLE/0000291.png,origin_clean,clean,0,0,0,14.189435958862305,14.189435958862305,0.0,0.9999698400497437,0.9999698400497437
292,292,EXTERNAL_SAMPLE/0000292.png,origin_clean,clean,0,0,0,6.64646053314209,6.64646053314209,0.0,0.7617871165275574,0.7617871165275574
293,293,EXTERNAL_SAMPLE/0000293.png,origin_clean,clean,0,0,1,1.4944512844085693,1.4944512844085693,0.0,0.03518439456820488,0.03518439456820488
294,294,EXTERNAL_SAMPLE/0000294.png,origin_clean,clean,0,0,1,5.262871265411377,5.262871265411377,0.0,0.3300604224205017,0.3300604224205017
295,295,EXTERNAL_SAMPLE/0000295.png,origin_clean,clean,0,0,0,6.424736499786377,6.424736499786377,0.0,0.6298016905784607,0.6298016905784607
296,296,EXTERNAL_SAMPLE/0000296.png,origin_clean,clean,0,0,0,21.04802703857422,21.04802703857422,0.0,1.0,1.0
297,297,EXTERNAL_SAMPLE/0000297.png,origin_clean,clean,0,0,0,9.933441162109375,9.933441162109375,0.0,0.9943755865097046,0.9943755865097046
298,298,EXTERNAL_SAMPLE/0000298.png,origin_clean,clean,0,0,0,15.5100736618042,15.5100736618042,0.0,0.9999953508377075,0.9999953508377075
299,299,EXTERNAL_SAMPLE/0000299.png,origin_clean,clean,0,0,0,7.631745338439941,7.631745338439941,0.0,0.96321702003479,0.96321702003479
300,300,EXTERNAL_SAMPLE/0000300.png,origin_clean,clean,0,0,3,5.874528408050537,5.874528408050537,0.0,0.26794612407684326,0.26794612407684326
301,301,EXTERNAL_SAMPLE/0000301.png,origin_clean,clean,0,0,0,10.120089530944824,10.120089530944824,0.0,0.9988773465156555,0.9988773465156555
302,302,EXTERNAL_SAMPLE/0000302.png,origin_clean,clean,0,0,0,9.541864395141602,9.541864395141602,0.0,0.9930374026298523,0.9930374026298523
303,303,EXTERNAL_SAMPLE/0000303.png,origin_clean,clean,0,0,0,5.91723108291626,5.91723108291626,0.0,0.7833173871040344,0.7833173871040344
304,304,EXTERNAL_SAMPLE/0000304.png,origin_clean,clean,0,0,0,13.4742431640625,13.4742431640625,0.0,0.9999091625213623,0.9999091625213623
305,305,EXTERNAL_SAMPLE/0000305.png,origin_clean,clean,0,0,0,6.481374263763428,6.481374263763428,0.0,0.8893644213676453,0.8893644213676453
306,306,EXTERNAL_SAMPLE/0000306.png,origin_clean,clean,0,0,0,8.194584846496582,8.194584846496582,0.0,0.9311795234680176,0.9311795234680176
307,307,EXTERNAL_SAMPLE/0000307.png,origin_clean,clean,0,0,0,15.48752498626709,15.48752498626709,0.0,0.9999915361404419,0.9999915361404419
308,308,EXTERNAL_SAMPLE/0000308.png,origin_clean,clean,0,0,0,13.51465129852295,13.51465129852295,0.0,0.9999523162841797,0.9999523162841797
309,309,EXTERNAL_SAMPLE/0000309.png,origin_clean,clean,0,0,0,10.374622344970703,10.374622344970703,0.0,0.9989824891090393,0.9989824891090393
310,310,EXTERNAL_SAMPLE/0000310.png,origin_clean,clean,0,0,0,6.243762969970703,6.243762969970703,0.0,0.8975272178649902,0.8975272178649902
311,311,EXTERNAL_SAMPLE/0000311.png,origin_clean,clean,0,0,0,9.609021186828613,9.609021186828613,0.0,0.9966006875038147,0.9966006875038147
312,312,EXTERNAL_SAMPLE/0000312.png,origin_clean,clean,0,0,0,10.073301315307617,10.073301315307617,0.0,0.9968818426132202,0.9968818426132202
313,313,EXTERNAL_SAMPLE/0000313.png,origin_clean,clean,0,0,0,17.699508666992188,17.699508666992188,0.0,0.9999996423721313,0.9999996423721313
314,314,EXTERNAL_SAMPLE/0000314.png,origin_clean,clean,0,0,0,5.410543441772461,5.410543441772461,0.0,0.5528853535652161,0.5528853535652161
315,315,EXTERNAL_SAMPLE/0000315.png,origin_clean,clean,0,0,0,8.204971313476562,8.204971313476562,0.0,0.9871721863746643,0.9871721863746643
316,316,EXTERNAL_SAMPLE/0000316.png,origin_clean,clean,0,0,0,5.541098117828369,5.541098117828369,0.0,0.8208997845649719,0.8208997845649719
317,317,EXTERNAL_SAMPLE/0000317.png,origin_clean,clean,0,0,0,7.684274196624756,7.684274196624756,0.0,0.9604909420013428,0.9604909420013428
318,318,EXTERNAL_SAMPLE/0000318.png,origin_clean,clean,0,0,0,7.875482559204102,7.875482559204102,0.0,0.9715418219566345,0.9715418219566345
319,319,EXTERNAL_SAMPLE/0000319.png,origin_clean,clean,0,0,0,11.504415512084961,11.504415512084961,0.0,0.9995539784431458,0.9995539784431458
320,320,EXTERNAL_SAMPLE/0000320.png,origin_clean,clean,0,0,0,7.350596904754639,7.350596904754639,0.0,0.8518505692481995,0.8518505692481995
321,321,EXTERNAL_SAMPLE/0000321.png,origin_clean,clean,0,0,0,15.67955493927002,15.67955493927002,0.0,0.9999964237213135,0.9999964237213135
322,322,EXTERNAL_SAMPLE/0000322.png,origin_clean,clean,0,0,0,4.951197624206543,4.951197624206543,0.0,0.6486003994941711,0.6486003994941711
323,323,EXTERNAL_SAMPLE/0000323.png,origin_clean,clean,0,0,0,14.69408893585205,14.69408893585205,0.0,0.9999822378158569,0.9999822378158569
324,324,EXTERNAL_SAMPLE/0000324.png,origin_clean,clean,0,0,0,15.448761940002441,15.448761940002441,0.0,0.9999959468841553,0.9999959468841553
325,325,EXTERNAL_SAMPLE/0000325.png,origin_clean,clean,0,0,0,17.427587509155273,17.427587509155273,0.0,0.9999992847442627,0.9999992847442627
326,326,EXTERNAL_SAMPLE/0000326.png,origin_clean,clean,0,0,0,11.89117431640625,11.89117431640625,0.0,0.9992722868919373,0.9992722868919373
327,327,EXTERNAL_SAMPLE/0000327.png,origin_clean,clean,0,0,0,4.652214050292969,4.652214050292969,0.0,0.5956465601921082,0.5956465601921082
328,328,EXTERNAL_SAMPLE/0000328.png,origin_clean,clean,0,0,0,5.365663528442383,5.365663528442383,0.0,0.697160542011261,0.697160542011261
329,329,EXTERNAL_SAMPLE/0000329.png,origin_clean,clean,0,0,0,9.939303398132324,9.939303398132324,0.0,0.9980180263519287,0.9980180263519287
330,330,EXTERNAL_SAMPLE/0000330.png,origin_clean,clean,0,0,0,9.163942337036133,9.163942337036133,0.0,0.9467357397079468,0.9467357397079468
331,331,EXTERNAL_SAMPLE/0000331.png,origin_clean,clean,0,0,0,9.534002304077148,9.534002304077148,0.0,0.9974104762077332,0.9974104762077332
332,332,EXTERNAL_SAMPLE/0000332.png,origin_clean,clean,0,0,0,7.394542217254639,7.394542217254639,0.0,0.9608592987060547,0.9608592987060547
333,333,EXTERNAL_SAMPLE/0000333.png,origin_clean,clean,0,0,0,10.23818302154541,10.23818302154541,0.0,0.9991627931594849,0.9991627931594849
334,334,EXTERNAL_SAMPLE/0000334.png,origin_clean,clean,0,0,0,14.887365341186523,14.887365341186523,0.0,0.9999889135360718,0.9999889135360718
335,335,EXTERNAL_SAMPLE/0000335.png,origin_clean,clean,0,0,0,16.757953643798828,16.757953643798828,0.0,0.9999984502792358,0.9999984502792358
336,336,EXTERNAL_SAMPLE/0000336.png,origin_clean,clean,0,0,0,9.166777610778809,9.166777610778809,0.0,0.9933244585990906,0.9933244585990906
337,337,EXTERNAL_SAMPLE/0000337.png,origin_clean,clean,0,0,0,5.595918655395508,5.595918655395508,0.0,0.6345278024673462,0.6345278024673462
338,338,EXTERNAL_SAMPLE/0000338.png,origin_clean,clean,0,0,0,10.783943176269531,10.783943176269531,0.0,0.9995542168617249,0.9995542168617249
339,339,EXTERNAL_SAMPLE/0000339.png,origin_clean,clean,0,0,0,15.00416088104248,15.00416088104248,0.0,0.9999663829803467,0.9999663829803467
340,340,EXTERNAL_SAMPLE/0000340.png,origin_clean,clean,0,0,8,1.4995285272598267,1.4995285272598267,0.0,0.08509955555200577,0.08509955555200577
341,341,EXTERNAL_SAMPLE/0000341.png,origin_clean,clean,0,0,0,19.273237228393555,19.273237228393555,0.0,0.9999998807907104,0.9999998807907104
342,342,EXTERNAL_SAMPLE/0000342.png,origin_clean,clean,0,0,0,9.715155601501465,9.715155601501465,0.0,0.9960467219352722,0.9960467219352722
343,343,EXTERNAL_SAMPLE/0000343.png,origin_clean,clean,0,0,0,13.130793571472168,13.130793571472168,0.0,0.9998989105224609,0.9998989105224609
344,344,EXTERNAL_SAMPLE/0000344.png,origin_clean,clean,0,0,0,4.781973838806152,4.781973838806152,0.0,0.47342702746391296,0.47342702746391296
345,345,EXTERNAL_SAMPLE/0000345.png,origin_clean,clean,0,0,0,13.332722663879395,13.332722663879395,0.0,0.9999642372131348,0.9999642372131348
346,346,EXTERNAL_SAMPLE/0000346.png,origin_clean,clean,0,0,3,3.824113607406616,3.824113607406616,0.0,0.21023313701152802,0.21023313701152802
347,347,EXTERNAL_SAMPLE/0000347.png,origin_clean,clean,0,0,0,13.802602767944336,13.802602767944336,0.0,0.9999253749847412,0.9999253749847412
348,348,EXTERNAL_SAMPLE/0000348.png,origin_clean,clean,0,0,0,10.906384468078613,10.906384468078613,0.0,0.999452531337738,0.999452531337738
349,349,EXTERNAL_SAMPLE/0000349.png,origin_clean,clean,0,0,0,13.270450592041016,13.270450592041016,0.0,0.9998377561569214,0.9998377561569214
350,350,EXTERNAL_SAMPLE/0000350.png,origin_clean,clean,0,0,0,9.696220397949219,9.696220397949219,0.0,0.9944749474525452,0.9944749474525452
351,351,EXTERNAL_SAMPLE/0000351.png,origin_clean,clean,0,0,0,4.1283698081970215,4.1283698081970215,0.0,0.46317219734191895,0.46317219734191895
352,352,EXTERNAL_SAMPLE/0000352.png,origin_clean,clean,0,0,0,8.637213706970215,8.637213706970215,0.0,0.9866869449615479,0.9866869449615479
353,353,EXTERNAL_SAMPLE/0000353.png,origin_clean,clean,0,0,0,10.787357330322266,10.787357330322266,0.0,0.9993771910667419,0.9993771910667419
354,354,EXTERNAL_SAMPLE/0000354.png,origin_clean,clean,0,0,0,9.746013641357422,9.746013641357422,0.0,0.9979439377784729,0.9979439377784729
355,355,EXTERNAL_SAMPLE/0000355.png,origin_clean,clean,0,0,0,11.515483856201172,11.515483856201172,0.0,0.9993650317192078,0.9993650317192078
356,356,EXTERNAL_SAMPLE/0000356.png,origin_clean,clean,0,0,0,12.297345161437988,12.297345161437988,0.0,0.9995173215866089,0.9995173215866089
357,357,EXTERNAL_SAMPLE/0000357.png,origin_clean,clean,0,0,0,19.53466033935547,19.53466033935547,0.0,1.0,1.0
358,358,EXTERNAL_SAMPLE/0000358.png,origin_clean,clean,0,0,0,10.882000923156738,10.882000923156738,0.0,0.998846173286438,0.998846173286438
359,359,EXTERNAL_SAMPLE/0000359.png,origin_clean,clean,0,0,3,5.324067115783691,5.324067115783691,0.0,0.06140267848968506,0.06140267848968506
360,360,EXTERNAL_SAMPLE/0000360.png,origin_clean,clean,0,0,0,7.635656833648682,7.635656833648682,0.0,0.9529696702957153,0.9529696702957153
361,361,EXTERNAL_SAMPLE/0000361.png,origin_clean,clean,0,0,0,11.20504379272461,11.20504379272461,0.0,0.9992972612380981,0.9992972612380981
362,362,EXTERNAL_SAMPLE/0000362.png,origin_clean,clean,0,0,0,4.324008941650391,4.324008941650391,0.0,0.43767207860946655,0.43767207860946655
363,363,EXTERNAL_SAMPLE/0000363.png,origin_clean,clean,0,0,0,7.9137187004089355,7.9137187004089355,0.0,0.9789057970046997,0.9789057970046997
364,364,EXTERNAL_SAMPLE/0000364.png,origin_clean,clean,0,0,0,11.274070739746094,11.274070739746094,0.0,0.998833954334259,0.998833954334259
365,365,EXTERNAL_SAMPLE/0000365.png,origin_clean,clean,0,0,0,8.850170135498047,8.850170135498047,0.0,0.9951350092887878,0.9951350092887878
366,366,EXTERNAL_SAMPLE/0000366.png,origin_clean,clean,0,0,0,18.911497116088867,18.911497116088867,0.0,0.9999996423721313,0.9999996423721313
367,367,EXTERNAL_SAMPLE/0000367.png,origin_clean,clean,0,0,8,4.874218463897705,4.874218463897705,0.0,0.24339982867240906,0.24339982867240906
368,368,EXTERNAL_SAMPLE/0000368.png,origin_clean,clean,0,0,0,12.999014854431152,12.999014854431152,0.0,0.9999123811721802,0.9999123811721802
369,369,EXTERNAL_SAMPLE/0000369.png,origin_clean,clean,0,0,0,5.041347026824951,5.041347026824951,0.0,0.5549513697624207,0.5549513697624207
370,370,EXTERNAL_SAMPLE/0000370.png,origin_clean,clean,0,0,0,10.057531356811523,10.057531356811523,0.0,0.9938680529594421,0.9938680529594421
371,371,EXTERNAL_SAMPLE/0000371.png,origin_clean,clean,0,0,0,5.591385841369629,5.591385841369629,0.0,0.8406655192375183,0.8406655192375183
372,372,EXTERNAL_SAMPLE/0000372.png,origin_clean,clean,0,0,0,9.02352237701416,9.02352237701416,0.0,0.9838723540306091,0.9838723540306091
373,373,EXTERNAL_SAMPLE/0000373.png,origin_clean,clean,0,0,3,7.760693550109863,7.760693550109863,0.0,0.3273099660873413,0.3273099660873413
374,374,EXTERNAL_SAMPLE/0000374.png,origin_clean,clean,0,0,0,8.240915298461914,8.240915298461914,0.0,0.9900137186050415,0.9900137186050415
375,375,EXTERNAL_SAMPLE/0000375.png,origin_clean,clean,0,0,0,6.695815563201904,6.695815563201904,0.0,0.8879868984222412,0.8879868984222412
376,376,EXTERNAL_SAMPLE/0000376.png,origin_clean,clean,0,0,0,14.184197425842285,14.184197425842285,0.0,0.9999297857284546,0.9999297857284546
377,377,EXTERNAL_SAMPLE/0000377.png,origin_clean,clean,0,0,0,6.327000141143799,6.327000141143799,0.0,0.8258901238441467,0.8258901238441467
378,378,EXTERNAL_SAMPLE/0000378.png,origin_clean,clean,0,0,0,18.639673233032227,18.639673233032227,0.0,0.9999994039535522,0.9999994039535522
379,379,EXTERNAL_SAMPLE/0000379.png,origin_clean,clean,0,0,0,8.164556503295898,8.164556503295898,0.0,0.8468536734580994,0.8468536734580994
380,380,EXTERNAL_SAMPLE/0000380.png,origin_clean,clean,0,0,0,11.649909973144531,11.649909973144531,0.0,0.9995825886726379,0.9995825886726379
381,381,EXTERNAL_SAMPLE/0000381.png,origin_clean,clean,0,0,0,10.392735481262207,10.392735481262207,0.0,0.9991236329078674,0.9991236329078674
382,382,EXTERNAL_SAMPLE/0000382.png,origin_clean,clean,0,0,0,7.930601596832275,7.930601596832275,0.0,0.9583179354667664,0.9583179354667664
383,383,EXTERNAL_SAMPLE/0000383.png,origin_clean,clean,0,0,0,8.419024467468262,8.419024467468262,0.0,0.9904856085777283,0.9904856085777283
384,384,EXTERNAL_SAMPLE/0000384.png,origin_clean,clean,0,0,0,7.5057196617126465,7.5057196617126465,0.0,0.9721687436103821,0.9721687436103821
385,385,EXTERNAL_SAMPLE/0000385.png,origin_clean,clean,0,0,0,11.06883716583252,11.06883716583252,0.0,0.9995090961456299,0.9995090961456299
386,386,EXTERNAL_SAMPLE/0000386.png,origin_clean,clean,0,0,0,9.973634719848633,9.973634719848633,0.0,0.9943555593490601,0.9943555593490601
387,387,EXTERNAL_SAMPLE/0000387.png,origin_clean,clean,1,0,1,2.9001266956329346,15.192248344421387,-12.292121887207031,4.587709099723725e-06,0.9999921321868896
388,388,EXTERNAL_SAMPLE/0000388.png,origin_clean,clean,1,0,1,4.772054195404053,11.720829963684082,-6.948775768280029,0.0009587963577359915,0.9989444613456726
389,389,EXTERNAL_SAMPLE/0000389.png,origin_clean,clean,1,0,1,0.4985983967781067,13.189367294311523,-12.69076919555664,3.0791675271757413e-06,0.9999178647994995
390,390,EXTERNAL_SAMPLE/0000390.png,origin_clean,clean,1,0,1,1.9846882820129395,6.982906341552734,-4.998218059539795,0.005987006705254316,0.8869686722755432
391,391,EXTERNAL_SAMPLE/0000391.png,origin_clean,clean,1,0,1,0.1886235475540161,14.302120208740234,-14.113496780395508,7.422750059049577e-07,0.9999507665634155
392,392,EXTERNAL_SAMPLE/0000392.png,origin_clean,clean,1,0,1,-0.09530387818813324,13.050565719604492,-13.145869255065918,1.953432501977659e-06,0.9999468326568604
393,393,EXTERNAL_SAMPLE/0000393.png,origin_clean,clean,1,0,1,-1.5667734146118164,12.514274597167969,-14.081048011779785,7.666868100386637e-07,0.9998605251312256
394,394,EXTERNAL_SAMPLE/0000394.png,origin_clean,clean,1,0,3,0.10594010353088379,2.031175374984741,-1.9252352714538574,0.00733330100774765,0.050282709300518036
395,395,EXTERNAL_SAMPLE/0000395.png,origin_clean,clean,1,0,1,2.725796937942505,4.032843589782715,-1.30704665184021,0.13126061856746674,0.48504000902175903
396,396,EXTERNAL_SAMPLE/0000396.png,origin_clean,clean,1,0,1,-0.7249698638916016,16.08308982849121,-16.808059692382812,5.015926518581182e-08,0.9999970197677612
397,397,EXTERNAL_SAMPLE/0000397.png,origin_clean,clean,1,0,1,2.5907318592071533,6.941964149475098,-4.351232528686523,0.01202008593827486,0.9324463605880737
398,398,EXTERNAL_SAMPLE/0000398.png,origin_clean,clean,1,0,1,4.258214950561523,6.563371658325195,-2.305156707763672,0.08578800410032272,0.8600890040397644
399,399,EXTERNAL_SAMPLE/0000399.png,origin_clean,clean,1,0,1,2.7165098190307617,15.490043640136719,-12.773533821105957,2.834793804140645e-06,0.9999924898147583
400,400,EXTERNAL_SAMPLE/0000400.png,origin_clean,clean,1,0,1,-0.6932119131088257,11.781339645385742,-12.4745512008667,3.821750397037249e-06,0.9997491240501404
401,401,EXTERNAL_SAMPLE/0000401.png,origin_clean,clean,1,0,1,0.7770920395851135,13.198659896850586,-12.421567916870117,4.0302011257153936e-06,0.9998736381530762
402,402,EXTERNAL_SAMPLE/0000402.png,origin_clean,clean,1,0,1,0.7583942413330078,15.701090812683105,-14.942696571350098,3.2394265758739493e-07,0.9999972581863403
403,403,EXTERNAL_SAMPLE/0000403.png,origin_clean,clean,1,0,1,2.316718339920044,10.098257064819336,-7.781538963317871,0.0004165370773989707,0.9980059266090393
404,404,EXTERNAL_SAMPLE/0000404.png,origin_clean,clean,1,0,1,1.132044792175293,8.833983421325684,-7.701938629150391,0.00044935691403225064,0.9942620992660522
405,405,EXTERNAL_SAMPLE/0000405.png,origin_clean,clean,1,0,0,4.356993198394775,1.9373669624328613,2.419626235961914,0.5604661703109741,0.049856189638376236
406,406,EXTERNAL_SAMPLE/0000406.png,origin_clean,clean,1,0,1,3.4567325115203857,4.562012195587158,-1.1052796840667725,0.18288183212280273,0.5523157715797424
407,407,EXTERNAL_SAMPLE/0000407.png,origin_clean,clean,1,0,1,2.531158447265625,19.245594024658203,-16.714435577392578,5.508239553364547e-08,0.9999998807907104
408,408,EXTERNAL_SAMPLE/0000408.png,origin_clean,clean,1,0,1,2.588937759399414,12.524935722351074,-9.93599796295166,4.839054599869996e-05,0.9997919201850891
409,409,EXTERNAL_SAMPLE/0000409.png,origin_clean,clean,1,0,1,-0.06600746512413025,10.326971054077148,-10.39297866821289,3.0616280128015205e-05,0.9990004897117615
410,410,EXTERNAL_SAMPLE/0000410.png,origin_clean,clean,1,0,1,1.1402615308761597,6.999966621398926,-5.859704971313477,0.0027216512244194746,0.9542672038078308
411,411,EXTERNAL_SAMPLE/0000411.png,origin_clean,clean,1,0,1,2.1928231716156006,7.340223789215088,-5.147400856018066,0.005651410203427076,0.9719516038894653
412,412,EXTERNAL_SAMPLE/0000412.png,origin_clean,clean,1,0,1,3.6061573028564453,13.257318496704102,-9.651161193847656,6.434525130316615e-05,0.9999136924743652
413,413,EXTERNAL_SAMPLE/0000413.png,origin_clean,clean,1,0,1,5.439061164855957,7.0986857414245605,-1.6596245765686035,0.15772545337677002,0.8292158842086792
414,414,EXTERNAL_SAMPLE/0000414.png,origin_clean,clean,1,0,1,-1.1867467164993286,8.247591018676758,-9.434337615966797,7.863549399189651e-05,0.9837831854820251
415,415,EXTERNAL_SAMPLE/0000415.png,origin_clean,clean,1,0,1,4.17815637588501,14.380096435546875,-10.201940536499023,3.709292286657728e-05,0.9998561143875122
416,416,EXTERNAL_SAMPLE/0000416.png,origin_clean,clean,1,0,8,4.166321277618408,4.9897990226745605,-0.8234777450561523,0.16025704145431519,0.3651312291622162
417,417,EXTERNAL_SAMPLE/0000417.png,origin_clean,clean,1,0,1,0.5832912921905518,7.19680643081665,-6.6135149002075195,0.0012507212813943624,0.9319091439247131
418,418,EXTERNAL_SAMPLE/0000418.png,origin_clean,clean,1,0,1,3.3133809566497803,9.863113403320312,-6.549732208251953,0.0014229017542675138,0.9946893453598022
419,419,EXTERNAL_SAMPLE/0000419.png,origin_clean,clean,1,0,1,0.5219495296478271,12.510171890258789,-11.988222122192383,6.216261226654751e-06,0.9998801946640015
420,420,EXTERNAL_SAMPLE/0000420.png,origin_clean,clean,1,0,1,3.007519245147705,11.613395690917969,-8.605876922607422,0.00018291918968316168,0.9994109869003296
421,421,EXTERNAL_SAMPLE/0000421.png,origin_clean,clean,1,0,1,0.9694913029670715,13.654703140258789,-12.685212135314941,3.0963999506639084e-06,0.9999417066574097
422,422,EXTERNAL_SAMPLE/0000422.png,origin_clean,clean,1,0,1,5.780970573425293,8.795233726501465,-3.014263153076172,0.04670283943414688,0.9515269994735718
423,423,EXTERNAL_SAMPLE/0000423.png,origin_clean,clean,1,0,1,1.6016260385513306,4.586676597595215,-2.985050678253174,0.03673572093248367,0.726908266544342
424,424,EXTERNAL_SAMPLE/0000424.png,origin_clean,clean,1,0,1,3.208983898162842,10.234087944030762,-7.02510404586792,0.0008870195597410202,0.9974637031555176
425,425,EXTERNAL_SAMPLE/0000425.png,origin_clean,clean,1,0,1,0.5982875823974609,6.431232929229736,-5.832945346832275,0.0026857643388211727,0.9168196320533752
426,426,EXTERNAL_SAMPLE/0000426.png,origin_clean,clean,1,0,3,0.4890190362930298,4.733000755310059,-4.243981838226318,0.004072922747582197,0.2838207185268402
427,427,EXTERNAL_SAMPLE/0000427.png,origin_clean,clean,1,0,3,2.6055984497070312,1.885467767715454,0.7201306819915771,0.12737415730953217,0.06199155002832413
428,428,EXTERNAL_SAMPLE/0000428.png,origin_clean,clean,1,0,0,3.958601236343384,2.386276960372925,1.572324275970459,0.4365605115890503,0.090613454580307
429,429,EXTERNAL_SAMPLE/0000429.png,origin_clean,clean,1,0,3,2.73330020904541,3.825753688812256,-1.0924534797668457,0.026502201333642006,0.07901844382286072
430,430,EXTERNAL_SAMPLE/0000430.png,origin_clean,clean,1,0,1,1.1402974128723145,9.95683479309082,-8.816537857055664,0.00014792854199185967,0.9977591037750244
431,431,EXTERNAL_SAMPLE/0000431.png,origin_clean,clean,1,0,1,4.332632541656494,9.39258098602295,-5.059948444366455,0.00626541581004858,0.9873191118240356
432,432,EXTERNAL_SAMPLE/0000432.png,origin_clean,clean,1,0,3,0.19847755134105682,4.5714826583862305,-4.373004913330078,0.0030217187013477087,0.23956646025180817
433,433,EXTERNAL_SAMPLE/0000433.png,origin_clean,clean,1,0,1,0.6852911710739136,9.181782722473145,-8.496491432189941,0.0002032547927228734,0.9954516291618347
434,434,EXTERNAL_SAMPLE/0000434.png,origin_clean,clean,1,0,1,2.709512710571289,13.439618110656738,-10.73010540008545,2.1874595404369757e-05,0.9999207258224487
435,435,EXTERNAL_SAMPLE/0000435.png,origin_clean,clean,1,0,1,1.7278496026992798,16.603687286376953,-14.875837326049805,3.4633669088179886e-07,0.9999829530715942
436,436,EXTERNAL_SAMPLE/0000436.png,origin_clean,clean,1,0,1,-0.15482749044895172,11.036511421203613,-11.191338539123535,1.3740625036007259e-05,0.9961919784545898
437,437,EXTERNAL_SAMPLE/0000437.png,origin_clean,clean,1,0,1,4.617323398590088,4.696462154388428,-0.07913875579833984,0.40457770228385925,0.4378964900970459
438,438,EXTERNAL_SAMPLE/0000438.png,origin_clean,clean,1,0,1,-0.7322582602500916,6.0560102462768555,-6.788268566131592,0.0007991777965798974,0.7091710567474365
439,439,EXTERNAL_SAMPLE/0000439.png,origin_clean,clean,1,0,1,1.5524905920028687,5.779565811157227,-4.227075099945068,0.012506297789514065,0.8568881750106812
440,440,EXTERNAL_SAMPLE/0000440.png,origin_clean,clean,1,0,3,2.1702842712402344,5.707732677459717,-3.5374484062194824,0.0031944718211889267,0.10982301831245422
441,441,EXTERNAL_SAMPLE/0000441.png,origin_clean,clean,1,0,1,-1.4850355386734009,6.294525623321533,-7.7795610427856445,0.0003784790460485965,0.9050286412239075
442,442,EXTERNAL_SAMPLE/0000442.png,origin_clean,clean,1,0,1,1.048335075378418,20.835487365722656,-19.787151336669922,2.550053945782338e-09,1.0
443,443,EXTERNAL_SAMPLE/0000443.png,origin_clean,clean,1,0,1,0.6909355521202087,13.213951110839844,-12.523015975952148,3.6414915030036354e-06,0.9998987913131714
444,444,EXTERNAL_SAMPLE/0000444.png,origin_clean,clean,1,0,3,1.7115000486373901,4.524680137634277,-2.8131799697875977,0.013416499830782413,0.2235567420721054
445,445,EXTERNAL_SAMPLE/0000445.png,origin_clean,clean,1,0,1,0.964503824710846,13.243380546569824,-12.278876304626465,4.648663889383897e-06,0.9999456405639648
446,446,EXTERNAL_SAMPLE/0000446.png,origin_clean,clean,1,0,8,2.315356731414795,2.6621150970458984,-0.3467583656311035,0.05538264662027359,0.07833736389875412
447,447,EXTERNAL_SAMPLE/0000447.png,origin_clean,clean,1,0,1,0.9328293800354004,9.830368995666504,-8.897539138793945,0.00013643622514791787,0.9978881478309631
448,448,EXTERNAL_SAMPLE/0000448.png,origin_clean,clean,1,0,1,0.8060469031333923,7.0694966316223145,-6.263449668884277,0.00172715587541461,0.9068034887313843
449,449,EXTERNAL_SAMPLE/0000449.png,origin_clean,clean,1,0,1,4.875223636627197,14.015180587768555,-9.139957427978516,0.0001072794184437953,0.9998836517333984
450,450,EXTERNAL_SAMPLE/0000450.png,origin_clean,clean,1,0,1,1.3287898302078247,14.22743034362793,-12.898640632629395,2.5014003313117428e-06,0.9999808073043823
451,451,EXTERNAL_SAMPLE/0000451.png,origin_clean,clean,1,0,3,1.1022578477859497,7.990810871124268,-6.888553142547607,0.0005011515459045768,0.49162015318870544
452,452,EXTERNAL_SAMPLE/0000452.png,origin_clean,clean,1,0,3,-0.6952766180038452,4.670931816101074,-5.366208553314209,0.0013111772714182734,0.28065720200538635
453,453,EXTERNAL_SAMPLE/0000453.png,origin_clean,clean,1,0,1,1.3356412649154663,9.27859878540039,-7.942957401275635,0.0003539473982527852,0.9966009855270386
454,454,EXTERNAL_SAMPLE/0000454.png,origin_clean,clean,1,0,1,4.097078800201416,7.442073345184326,-3.34499454498291,0.033617258071899414,0.9533995389938354
455,455,EXTERNAL_SAMPLE/0000455.png,origin_clean,clean,1,0,1,0.871846616268158,18.701929092407227,-17.830081939697266,1.8050659633672694e-08,0.9999984502792358
456,456,EXTERNAL_SAMPLE/0000456.png,origin_clean,clean,1,0,1,3.7539992332458496,7.885751247406006,-4.131752014160156,0.015421555377542973,0.9605617523193359
457,457,EXTERNAL_SAMPLE/0000457.png,origin_clean,clean,1,0,1,0.19355864822864532,11.999380111694336,-11.805821418762207,7.459083008143352e-06,0.9997434020042419
458,458,EXTERNAL_SAMPLE/0000458.png,origin_clean,clean,1,0,1,4.6343159675598145,6.2008514404296875,-1.566535472869873,0.16299943625926971,0.7807712554931641
459,459,EXTERNAL_SAMPLE/0000459.png,origin_clean,clean,1,0,1,2.1818277835845947,9.573142051696777,-7.391314506530762,0.0006102348561398685,0.9897012710571289
460,460,EXTERNAL_SAMPLE/0000460.png,origin_clean,clean,1,0,1,3.789910316467285,8.172662734985352,-4.382752418518066,0.012211920693516731,0.9776629209518433
461,461,EXTERNAL_SAMPLE/0000461.png,origin_clean,clean,1,0,3,-0.9994367361068726,4.443173885345459,-5.442610740661621,0.0009710898739285767,0.22436505556106567
462,462,EXTERNAL_SAMPLE/0000462.png,origin_clean,clean,1,0,1,4.965806007385254,11.232999801635742,-6.267193794250488,0.0018907180055975914,0.9964016675949097
463,463,EXTERNAL_SAMPLE/0000463.png,origin_clean,clean,1,0,1,6.215212345123291,8.73158073425293,-2.5163683891296387,0.07450496405363083,0.9226354360580444
464,464,EXTERNAL_SAMPLE/0000464.png,origin_clean,clean,1,0,1,3.255296230316162,14.283975601196289,-11.028678894042969,1.6216137737501413e-05,0.999175488948822
465,465,EXTERNAL_SAMPLE/0000465.png,origin_clean,clean,1,0,1,2.9065206050872803,15.33667278289795,-12.43015193939209,3.996222403657157e-06,0.9999909400939941
466,466,EXTERNAL_SAMPLE/0000466.png,origin_clean,clean,1,0,3,1.9225789308547974,2.7059597969055176,-0.7833808660507202,0.11246301978826523,0.24616584181785583
467,467,EXTERNAL_SAMPLE/0000467.png,origin_clean,clean,1,0,1,2.1146490573883057,7.764614105224609,-5.649965286254883,0.0034562249202281237,0.9825411438941956
468,468,EXTERNAL_SAMPLE/0000468.png,origin_clean,clean,1,0,1,0.6781257390975952,12.352519989013672,-11.674394607543945,8.507084203301929e-06,0.9997833371162415
469,469,EXTERNAL_SAMPLE/0000469.png,origin_clean,clean,1,0,1,0.8128742575645447,11.68688678741455,-10.87401294708252,1.893264015961904e-05,0.9993898868560791
470,470,EXTERNAL_SAMPLE/0000470.png,origin_clean,clean,1,0,1,0.18758618831634521,5.373502254486084,-5.185915946960449,0.0024470400530844927,0.43737685680389404
471,471,EXTERNAL_SAMPLE/0000471.png,origin_clean,clean,1,0,1,3.6225454807281494,7.170566082000732,-3.548020601272583,0.027245860546827316,0.9466431140899658
472,472,EXTERNAL_SAMPLE/0000472.png,origin_clean,clean,1,0,1,1.64878511428833,7.167442798614502,-5.518657684326172,0.003782239044085145,0.9429128170013428
473,473,EXTERNAL_SAMPLE/0000473.png,origin_clean,clean,1,0,1,1.6491090059280396,12.807840347290039,-11.158731460571289,1.4245581041905098e-05,0.999667763710022
474,474,EXTERNAL_SAMPLE/0000474.png,origin_clean,clean,1,0,1,3.804715633392334,11.452863693237305,-7.648148059844971,0.00047654262743890285,0.9991950392723083
475,475,EXTERNAL_SAMPLE/0000475.png,origin_clean,clean,1,0,1,1.347674012184143,9.653470039367676,-8.305795669555664,0.0002460437244735658,0.9958032965660095
476,476,EXTERNAL_SAMPLE/0000476.png,origin_clean,clean,1,0,1,2.670341730117798,12.288838386535645,-9.618496894836426,6.647723057540134e-05,0.9998457431793213
477,477,EXTERNAL_SAMPLE/0000477.png,origin_clean,clean,1,0,1,-1.7374446392059326,12.416259765625,-14.153704643249512,7.129430628083355e-07,0.9998403787612915
478,478,EXTERNAL_SAMPLE/0000478.png,origin_clean,clean,1,0,6,0.30719614028930664,1.4538713693618774,-1.1466752290725708,0.0003029028885066509,0.0009534507407806814
479,479,EXTERNAL_SAMPLE/0000479.png,origin_clean,clean,1,0,1,-2.0593183040618896,15.466683387756348,-17.5260009765625,2.4465297343567727e-08,0.9999908208847046
480,480,EXTERNAL_SAMPLE/0000480.png,origin_clean,clean,1,0,1,1.2183784246444702,9.617939949035645,-8.399561882019043,0.00022304720187094063,0.9914713501930237
481,481,EXTERNAL_SAMPLE/0000481.png,origin_clean,clean,1,0,1,0.8327609300613403,18.369646072387695,-17.536884307861328,2.4200691228770665e-08,0.9999996423721313
482,482,EXTERNAL_SAMPLE/0000482.png,origin_clean,clean,1,0,1,-0.03860509395599365,7.1697821617126465,-7.20838737487793,0.0007153372280299664,0.9662147760391235
483,483,EXTERNAL_SAMPLE/0000483.png,origin_clean,clean,1,0,1,3.042732000350952,9.163527488708496,-6.120795249938965,0.0021808806341141462,0.9927946925163269
484,484,EXTERNAL_SAMPLE/0000484.png,origin_clean,clean,1,0,1,-0.25960010290145874,12.740903854370117,-13.000503540039062,2.2588862975680968e-06,0.999864935874939
485,485,EXTERNAL_SAMPLE/0000485.png,origin_clean,clean,1,0,1,0.9478917717933655,17.530010223388672,-16.58211898803711,6.287475429189726e-08,0.9999978542327881
486,486,EXTERNAL_SAMPLE/0000486.png,origin_clean,clean,1,0,1,2.1809792518615723,6.105594635009766,-3.9246153831481934,0.0176552701741457,0.8939498066902161
487,487,EXTERNAL_SAMPLE/0000487.png,origin_clean,clean,1,0,1,0.5521144270896912,5.76669979095459,-5.214585304260254,0.004650773014873266,0.855442464351654
488,488,EXTERNAL_SAMPLE/0000488.png,origin_clean,clean,1,0,1,3.1852786540985107,9.801798820495605,-6.616519927978516,0.0013343535829335451,0.9972155094146729
489,489,EXTERNAL_SAMPLE/0000489.png,origin_clean,clean,1,0,1,0.3408750295639038,13.366226196289062,-13.025351524353027,2.2035910660633817e-06,0.9999293088912964
490,490,EXTERNAL_SAMPLE/0000490.png,origin_clean,clean,1,0,1,0.9971686601638794,16.911394119262695,-15.914225578308105,1.226136845389192e-07,0.9999983310699463
491,491,EXTERNAL_SAMPLE/0000491.png,origin_clean,clean,1,0,1,3.1063849925994873,10.265392303466797,-7.1590070724487305,0.000776498403865844,0.9982925057411194
492,492,EXTERNAL_SAMPLE/0000492.png,origin_clean,clean,1,0,1,5.664358139038086,19.288604736328125,-13.624246597290039,1.2107774409741978e-06,0.9999988079071045
493,493,EXTERNAL_SAMPLE/0000493.png,origin_clean,clean,1,0,1,-0.6272900700569153,13.350993156433105,-13.978282928466797,8.497339649693458e-07,0.9999403953552246
494,494,EXTERNAL_SAMPLE/0000494.png,origin_clean,clean,1,0,1,0.07273974269628525,10.559355735778809,-10.486616134643555,2.7877569664269686e-05,0.9989284873008728
495,495,EXTERNAL_SAMPLE/0000495.png,origin_clean,clean,1,0,1,2.0110836029052734,13.12183952331543,-11.110755920410156,1.4949877368053421e-05,0.9999485015869141
496,496,EXTERNAL_SAMPLE/0000496.png,origin_clean,clean,1,0,1,0.4419502019882202,18.487485885620117,-18.045536041259766,1.4552015592528278e-08,0.9999997615814209
497,497,EXTERNAL_SAMPLE/0000497.png,origin_clean,clean,1,0,1,3.0053937435150146,3.9001221656799316,-0.894728422164917,0.191342294216156,0.46815168857574463
498,498,EXTERNAL_SAMPLE/0000498.png,origin_clean,clean,1,0,1,3.8230669498443604,15.493762016296387,-11.670695304870605,8.540284397895448e-06,0.9999790191650391
499,499,EXTERNAL_SAMPLE/0000499.png,origin_clean,clean,1,0,1,4.186009407043457,13.37604808807373,-9.190038681030273,0.00010203580313827842,0.9998518228530884
500,500,EXTERNAL_SAMPLE/0000500.png,origin_clean,clean,1,0,1,1.9359062910079956,8.45547103881836,-6.519564628601074,0.0014637686545029283,0.9928493499755859
501,501,EXTERNAL_SAMPLE/0000501.png,origin_clean,clean,1,0,3,2.237858533859253,3.2668211460113525,-1.0289626121520996,0.034427959471940994,0.09633498638868332
502,502,EXTERNAL_SAMPLE/0000502.png,origin_clean,clean,1,0,1,2.583690643310547,6.788985729217529,-4.205295085906982,0.008959267288446426,0.6006326675415039
503,503,EXTERNAL_SAMPLE/0000503.png,origin_clean,clean,1,0,1,0.20776726305484772,8.382713317871094,-8.174945831298828,0.00027881356072612107,0.9900286793708801
504,504,EXTERNAL_SAMPLE/0000504.png,origin_clean,clean,1,0,1,2.6050145626068115,11.30906867980957,-8.70405387878418,0.00016579886141698807,0.9993189573287964
505,505,EXTERNAL_SAMPLE/0000505.png,origin_clean,clean,1,0,1,0.5062344670295715,18.76530647277832,-18.259071350097656,1.1754009321407466e-08,0.9999998807907104
506,506,EXTERNAL_SAMPLE/0000506.png,origin_clean,clean,1,0,1,1.4011054039001465,5.152252197265625,-3.7511467933654785,0.014044013805687428,0.5978519320487976
507,507,EXTERNAL_SAMPLE/0000507.png,origin_clean,clean,1,0,1,0.1823153793811798,17.765708923339844,-17.583393096923828,2.3100906076933825e-08,0.9999990463256836
508,508,EXTERNAL_SAMPLE/0000508.png,origin_clean,clean,1,0,1,1.7618978023529053,8.71919059753418,-6.957292556762695,0.0009009153582155704,0.9466681480407715
509,509,EXTERNAL_SAMPLE/0000509.png,origin_clean,clean,1,0,1,0.7830876111984253,22.3046875,-21.5216007232666,4.500777528448907e-10,1.0
510,510,EXTERNAL_SAMPLE/0000510.png,origin_clean,clean,1,0,1,-0.15270622074604034,9.057072639465332,-9.209778785705566,9.616275201551616e-05,0.9610875844955444
511,511,EXTERNAL_SAMPLE/0000511.png,origin_clean,clean,1,0,1,3.5552163124084473,15.914908409118652,-12.359691619873047,4.287966021365719e-06,0.9999935626983643
0,0,EXTERNAL_SAMPLE/0000000.png,origin_poisoned,poisoned,0,0,0,22.76848793029785,22.76848793029785,0.0,1.0,1.0
1,1,EXTERNAL_SAMPLE/0000001.png,origin_poisoned,poisoned,0,0,0,20.41135597229004,20.41135597229004,0.0,1.0,1.0
2,2,EXTERNAL_SAMPLE/0000002.png,origin_poisoned,poisoned,0,0,0,18.878040313720703,18.878040313720703,0.0,0.9999998807907104,0.9999998807907104
3,3,EXTERNAL_SAMPLE/0000003.png,origin_poisoned,poisoned,0,0,0,24.455535888671875,24.455535888671875,0.0,1.0,1.0
4,4,EXTERNAL_SAMPLE/0000004.png,origin_poisoned,poisoned,0,0,0,8.511360168457031,8.511360168457031,0.0,0.9945511221885681,0.9945511221885681
5,5,EXTERNAL_SAMPLE/0000005.png,origin_poisoned,poisoned,0,0,0,17.002643585205078,17.002643585205078,0.0,0.9999994039535522,0.9999994039535522
6,6,EXTERNAL_SAMPLE/0000006.png,origin_poisoned,poisoned,0,0,0,29.31792640686035,29.31792640686035,0.0,1.0,1.0
7,7,EXTERNAL_SAMPLE/0000007.png,origin_poisoned,poisoned,0,0,0,16.464914321899414,16.464914321899414,0.0,0.9999977350234985,0.9999977350234985
8,8,EXTERNAL_SAMPLE/0000008.png,origin_poisoned,poisoned,0,0,0,18.934389114379883,18.934389114379883,0.0,0.9999997615814209,0.9999997615814209
9,9,EXTERNAL_SAMPLE/0000009.png,origin_poisoned,poisoned,0,0,0,11.591506958007812,11.591506958007812,0.0,0.9998088479042053,0.9998088479042053
10,10,EXTERNAL_SAMPLE/0000010.png,origin_poisoned,poisoned,0,0,0,20.211591720581055,20.211591720581055,0.0,1.0,1.0
11,11,EXTERNAL_SAMPLE/0000011.png,origin_poisoned,poisoned,0,0,0,26.96147918701172,26.96147918701172,0.0,1.0,1.0
12,12,EXTERNAL_SAMPLE/0000012.png,origin_poisoned,poisoned,0,0,0,15.080572128295898,15.080572128295898,0.0,0.9999923706054688,0.9999923706054688
13,13,EXTERNAL_SAMPLE/0000013.png,origin_poisoned,poisoned,0,0,0,24.46644401550293,24.46644401550293,0.0,1.0,1.0
14,14,EXTERNAL_SAMPLE/0000014.png,origin_poisoned,poisoned,0,0,0,25.817241668701172,25.817241668701172,0.0,1.0,1.0
15,15,EXTERNAL_SAMPLE/0000015.png,origin_poisoned,poisoned,0,0,0,20.704910278320312,20.704910278320312,0.0,1.0,1.0
16,16,EXTERNAL_SAMPLE/0000016.png,origin_poisoned,poisoned,0,0,0,18.129995346069336,18.129995346069336,0.0,0.9999998807907104,0.9999998807907104
17,17,EXTERNAL_SAMPLE/0000017.png,origin_poisoned,poisoned,0,0,0,22.18886947631836,22.18886947631836,0.0,1.0,1.0
18,18,EXTERNAL_SAMPLE/0000018.png,origin_poisoned,poisoned,0,0,0,22.690690994262695,22.690690994262695,0.0,1.0,1.0
19,19,EXTERNAL_SAMPLE/0000019.png,origin_poisoned,poisoned,0,0,0,17.454030990600586,17.454030990600586,0.0,0.9999990463256836,0.9999990463256836
20,20,EXTERNAL_SAMPLE/0000020.png,origin_poisoned,poisoned,0,0,0,27.386905670166016,27.386905670166016,0.0,1.0,1.0
21,21,EXTERNAL_SAMPLE/0000021.png,origin_poisoned,poisoned,0,0,0,20.613325119018555,20.613325119018555,0.0,1.0,1.0
22,22,EXTERNAL_SAMPLE/0000022.png,origin_poisoned,poisoned,0,0,0,11.614236831665039,11.614236831665039,0.0,0.9997660517692566,0.9997660517692566
23,23,EXTERNAL_SAMPLE/0000023.png,origin_poisoned,poisoned,0,0,0,20.20382308959961,20.20382308959961,0.0,1.0,1.0
24,24,EXTERNAL_SAMPLE/0000024.png,origin_poisoned,poisoned,0,0,0,21.168861389160156,21.168861389160156,0.0,1.0,1.0
25,25,EXTERNAL_SAMPLE/0000025.png,origin_poisoned,poisoned,0,0,0,24.02021026611328,24.02021026611328,0.0,1.0,1.0
26,26,EXTERNAL_SAMPLE/0000026.png,origin_poisoned,poisoned,0,0,0,14.265327453613281,14.265327453613281,0.0,0.9999920129776001,0.9999920129776001
27,27,EXTERNAL_SAMPLE/0000027.png,origin_poisoned,poisoned,0,0,0,19.854412078857422,19.854412078857422,0.0,1.0,1.0
28,28,EXTERNAL_SAMPLE/0000028.png,origin_poisoned,poisoned,0,0,0,19.464874267578125,19.464874267578125,0.0,1.0,1.0
29,29,EXTERNAL_SAMPLE/0000029.png,origin_poisoned,poisoned,0,0,0,19.683021545410156,19.683021545410156,0.0,1.0,1.0
30,30,EXTERNAL_SAMPLE/0000030.png,origin_poisoned,poisoned,0,0,0,21.46857452392578,21.46857452392578,0.0,1.0,1.0
31,31,EXTERNAL_SAMPLE/0000031.png,origin_poisoned,poisoned,0,0,0,23.31608772277832,23.31608772277832,0.0,1.0,1.0
32,32,EXTERNAL_SAMPLE/0000032.png,origin_poisoned,poisoned,0,0,0,18.467504501342773,18.467504501342773,0.0,0.9999998807907104,0.9999998807907104
33,33,EXTERNAL_SAMPLE/0000033.png,origin_poisoned,poisoned,0,0,0,15.87897777557373,15.87897777557373,0.0,0.9999959468841553,0.9999959468841553
34,34,EXTERNAL_SAMPLE/0000034.png,origin_poisoned,poisoned,0,0,0,24.21967124938965,24.21967124938965,0.0,1.0,1.0
35,35,EXTERNAL_SAMPLE/0000035.png,origin_poisoned,poisoned,0,0,0,14.518538475036621,14.518538475036621,0.0,0.9999924898147583,0.9999924898147583
36,36,EXTERNAL_SAMPLE/0000036.png,origin_poisoned,poisoned,0,0,0,19.360776901245117,19.360776901245117,0.0,1.0,1.0
37,37,EXTERNAL_SAMPLE/0000037.png,origin_poisoned,poisoned,0,0,0,12.610538482666016,12.610538482666016,0.0,0.999910831451416,0.999910831451416
38,38,EXTERNAL_SAMPLE/0000038.png,origin_poisoned,poisoned,0,0,0,24.08349609375,24.08349609375,0.0,1.0,1.0
39,39,EXTERNAL_SAMPLE/0000039.png,origin_poisoned,poisoned,0,0,0,25.660314559936523,25.660314559936523,0.0,1.0,1.0
40,40,EXTERNAL_SAMPLE/0000040.png,origin_poisoned,poisoned,0,0,0,22.214000701904297,22.214000701904297,0.0,1.0,1.0
41,41,EXTERNAL_SAMPLE/0000041.png,origin_poisoned,poisoned,0,0,0,14.116279602050781,14.116279602050781,0.0,0.9998238682746887,0.9998238682746887
42,42,EXTERNAL_SAMPLE/0000042.png,origin_poisoned,poisoned,0,0,0,24.788393020629883,24.788393020629883,0.0,1.0,1.0
43,43,EXTERNAL_SAMPLE/0000043.png,origin_poisoned,poisoned,0,0,0,18.55849266052246,18.55849266052246,0.0,0.9999998807907104,0.9999998807907104
44,44,EXTERNAL_SAMPLE/0000044.png,origin_poisoned,poisoned,0,0,0,7.401181697845459,7.401181697845459,0.0,0.9760324954986572,0.9760324954986572
45,45,EXTERNAL_SAMPLE/0000045.png,origin_poisoned,poisoned,0,0,0,21.098264694213867,21.098264694213867,0.0,1.0,1.0
46,46,EXTERNAL_SAMPLE/0000046.png,origin_poisoned,poisoned,0,0,0,26.268756866455078,26.268756866455078,0.0,1.0,1.0
47,47,EXTERNAL_SAMPLE/0000047.png,origin_poisoned,poisoned,0,0,0,20.143999099731445,20.143999099731445,0.0,1.0,1.0
48,48,EXTERNAL_SAMPLE/0000048.png,origin_poisoned,poisoned,0,0,0,20.54155921936035,20.54155921936035,0.0,1.0,1.0
49,49,EXTERNAL_SAMPLE/0000049.png,origin_poisoned,poisoned,0,0,0,26.822107315063477,26.822107315063477,0.0,1.0,1.0
50,50,EXTERNAL_SAMPLE/0000050.png,origin_poisoned,poisoned,0,0,0,19.6394100189209,19.6394100189209,0.0,1.0,1.0
51,51,EXTERNAL_SAMPLE/0000051.png,origin_poisoned,poisoned,0,0,0,15.808905601501465,15.808905601501465,0.0,0.9999983310699463,0.9999983310699463
52,52,EXTERNAL_SAMPLE/0000052.png,origin_poisoned,poisoned,0,0,0,16.958759307861328,16.958759307861328,0.0,0.9999994039535522,0.9999994039535522
53,53,EXTERNAL_SAMPLE/0000053.png,origin_poisoned,poisoned,0,0,0,10.6521635055542,10.6521635055542,0.0,0.9995032548904419,0.9995032548904419
54,54,EXTERNAL_SAMPLE/0000054.png,origin_poisoned,poisoned,0,0,0,19.090652465820312,19.090652465820312,0.0,0.9999998807907104,0.9999998807907104
55,55,EXTERNAL_SAMPLE/0000055.png,origin_poisoned,poisoned,0,0,0,22.112815856933594,22.112815856933594,0.0,1.0,1.0
56,56,EXTERNAL_SAMPLE/0000056.png,origin_poisoned,poisoned,0,0,0,10.026460647583008,10.026460647583008,0.0,0.9979774355888367,0.9979774355888367
57,57,EXTERNAL_SAMPLE/0000057.png,origin_poisoned,poisoned,0,0,0,19.38453483581543,19.38453483581543,0.0,1.0,1.0
58,58,EXTERNAL_SAMPLE/0000058.png,origin_poisoned,poisoned,0,0,0,19.705902099609375,19.705902099609375,0.0,1.0,1.0
59,59,EXTERNAL_SAMPLE/0000059.png,origin_poisoned,poisoned,0,0,0,21.894681930541992,21.894681930541992,0.0,1.0,1.0
60,60,EXTERNAL_SAMPLE/0000060.png,origin_poisoned,poisoned,0,0,0,17.19719696044922,17.19719696044922,0.0,0.9999997615814209,0.9999997615814209
61,61,EXTERNAL_SAMPLE/0000061.png,origin_poisoned,poisoned,0,0,0,22.009204864501953,22.009204864501953,0.0,1.0,1.0
62,62,EXTERNAL_SAMPLE/0000062.png,origin_poisoned,poisoned,0,0,0,17.031753540039062,17.031753540039062,0.0,0.9999994039535522,0.9999994039535522
63,63,EXTERNAL_SAMPLE/0000063.png,origin_poisoned,poisoned,0,0,0,18.185199737548828,18.185199737548828,0.0,0.9999998807907104,0.9999998807907104
64,64,EXTERNAL_SAMPLE/0000064.png,origin_poisoned,poisoned,0,0,0,17.37978744506836,17.37978744506836,0.0,0.9999997615814209,0.9999997615814209
65,65,EXTERNAL_SAMPLE/0000065.png,origin_poisoned,poisoned,0,0,0,19.763168334960938,19.763168334960938,0.0,1.0,1.0
66,66,EXTERNAL_SAMPLE/0000066.png,origin_poisoned,poisoned,0,0,0,26.904401779174805,26.904401779174805,0.0,1.0,1.0
67,67,EXTERNAL_SAMPLE/0000067.png,origin_poisoned,poisoned,0,0,0,12.329854965209961,12.329854965209961,0.0,0.9999024868011475,0.9999024868011475
68,68,EXTERNAL_SAMPLE/0000068.png,origin_poisoned,poisoned,0,0,0,25.311704635620117,25.311704635620117,0.0,1.0,1.0
69,69,EXTERNAL_SAMPLE/0000069.png,origin_poisoned,poisoned,0,0,0,17.786346435546875,17.786346435546875,0.0,0.9999998807907104,0.9999998807907104
70,70,EXTERNAL_SAMPLE/0000070.png,origin_poisoned,poisoned,0,0,0,25.019145965576172,25.019145965576172,0.0,1.0,1.0
71,71,EXTERNAL_SAMPLE/0000071.png,origin_poisoned,poisoned,0,0,0,12.624530792236328,12.624530792236328,0.0,0.9999278783798218,0.9999278783798218
72,72,EXTERNAL_SAMPLE/0000072.png,origin_poisoned,poisoned,0,0,0,25.193443298339844,25.193443298339844,0.0,1.0,1.0
73,73,EXTERNAL_SAMPLE/0000073.png,origin_poisoned,poisoned,0,0,0,26.655874252319336,26.655874252319336,0.0,1.0,1.0
74,74,EXTERNAL_SAMPLE/0000074.png,origin_poisoned,poisoned,0,0,0,26.184118270874023,26.184118270874023,0.0,1.0,1.0
75,75,EXTERNAL_SAMPLE/0000075.png,origin_poisoned,poisoned,0,0,0,23.025001525878906,23.025001525878906,0.0,1.0,1.0
76,76,EXTERNAL_SAMPLE/0000076.png,origin_poisoned,poisoned,0,0,0,22.642179489135742,22.642179489135742,0.0,1.0,1.0
77,77,EXTERNAL_SAMPLE/0000077.png,origin_poisoned,poisoned,0,0,0,15.346553802490234,15.346553802490234,0.0,0.9999961853027344,0.9999961853027344
78,78,EXTERNAL_SAMPLE/0000078.png,origin_poisoned,poisoned,0,0,0,18.394229888916016,18.394229888916016,0.0,0.9999998807907104,0.9999998807907104
79,79,EXTERNAL_SAMPLE/0000079.png,origin_poisoned,poisoned,0,0,0,26.706575393676758,26.706575393676758,0.0,1.0,1.0
80,80,EXTERNAL_SAMPLE/0000080.png,origin_poisoned,poisoned,0,0,0,20.678743362426758,20.678743362426758,0.0,1.0,1.0
81,81,EXTERNAL_SAMPLE/0000081.png,origin_poisoned,poisoned,0,0,0,25.129276275634766,25.129276275634766,0.0,1.0,1.0
82,82,EXTERNAL_SAMPLE/0000082.png,origin_poisoned,poisoned,0,0,0,17.799110412597656,17.799110412597656,0.0,0.9999994039535522,0.9999994039535522
83,83,EXTERNAL_SAMPLE/0000083.png,origin_poisoned,poisoned,0,0,0,17.851280212402344,17.851280212402344,0.0,0.9999998807907104,0.9999998807907104
84,84,EXTERNAL_SAMPLE/0000084.png,origin_poisoned,poisoned,0,0,0,24.94007110595703,24.94007110595703,0.0,1.0,1.0
85,85,EXTERNAL_SAMPLE/0000085.png,origin_poisoned,poisoned,0,0,0,23.564716339111328,23.564716339111328,0.0,1.0,1.0
86,86,EXTERNAL_SAMPLE/0000086.png,origin_poisoned,poisoned,0,0,0,15.761869430541992,15.761869430541992,0.0,0.9999973773956299,0.9999973773956299
87,87,EXTERNAL_SAMPLE/0000087.png,origin_poisoned,poisoned,0,0,0,15.786846160888672,15.786846160888672,0.0,0.9999972581863403,0.9999972581863403
88,88,EXTERNAL_SAMPLE/0000088.png,origin_poisoned,poisoned,0,0,0,18.888391494750977,18.888391494750977,0.0,0.9999998807907104,0.9999998807907104
89,89,EXTERNAL_SAMPLE/0000089.png,origin_poisoned,poisoned,0,0,0,17.484346389770508,17.484346389770508,0.0,0.9999996423721313,0.9999996423721313
90,90,EXTERNAL_SAMPLE/0000090.png,origin_poisoned,poisoned,0,0,0,16.315814971923828,16.315814971923828,0.0,0.9999991655349731,0.9999991655349731
91,91,EXTERNAL_SAMPLE/0000091.png,origin_poisoned,poisoned,0,0,0,16.445608139038086,16.445608139038086,0.0,0.9999958276748657,0.9999958276748657
92,92,EXTERNAL_SAMPLE/0000092.png,origin_poisoned,poisoned,0,0,0,19.59096336364746,19.59096336364746,0.0,0.9999998807907104,0.9999998807907104
93,93,EXTERNAL_SAMPLE/0000093.png,origin_poisoned,poisoned,0,0,0,9.487218856811523,9.487218856811523,0.0,0.9980282187461853,0.9980282187461853
94,94,EXTERNAL_SAMPLE/0000094.png,origin_poisoned,poisoned,0,0,0,20.527729034423828,20.527729034423828,0.0,1.0,1.0
95,95,EXTERNAL_SAMPLE/0000095.png,origin_poisoned,poisoned,0,0,0,19.542585372924805,19.542585372924805,0.0,0.9999998807907104,0.9999998807907104
96,96,EXTERNAL_SAMPLE/0000096.png,origin_poisoned,poisoned,0,0,0,22.595458984375,22.595458984375,0.0,1.0,1.0
97,97,EXTERNAL_SAMPLE/0000097.png,origin_poisoned,poisoned,0,0,0,23.483116149902344,23.483116149902344,0.0,1.0,1.0
98,98,EXTERNAL_SAMPLE/0000098.png,origin_poisoned,poisoned,0,0,0,18.648906707763672,18.648906707763672,0.0,0.9999998807907104,0.9999998807907104
99,99,EXTERNAL_SAMPLE/0000099.png,origin_poisoned,poisoned,0,0,0,13.56329345703125,13.56329345703125,0.0,0.9999706745147705,0.9999706745147705
100,100,EXTERNAL_SAMPLE/0000100.png,origin_poisoned,poisoned,0,0,0,12.81850814819336,12.81850814819336,0.0,0.9999557733535767,0.9999557733535767
101,101,EXTERNAL_SAMPLE/0000101.png,origin_poisoned,poisoned,0,0,0,17.67397689819336,17.67397689819336,0.0,0.9999997615814209,0.9999997615814209
102,102,EXTERNAL_SAMPLE/0000102.png,origin_poisoned,poisoned,0,0,0,20.359933853149414,20.359933853149414,0.0,1.0,1.0
103,103,EXTERNAL_SAMPLE/0000103.png,origin_poisoned,poisoned,0,0,0,26.08022117614746,26.08022117614746,0.0,1.0,1.0
104,104,EXTERNAL_SAMPLE/0000104.png,origin_poisoned,poisoned,0,0,0,20.70148277282715,20.70148277282715,0.0,1.0,1.0
105,105,EXTERNAL_SAMPLE/0000105.png,origin_poisoned,poisoned,0,0,0,18.88719367980957,18.88719367980957,0.0,1.0,1.0
106,106,EXTERNAL_SAMPLE/0000106.png,origin_poisoned,poisoned,0,0,0,23.480844497680664,23.480844497680664,0.0,1.0,1.0
107,107,EXTERNAL_SAMPLE/0000107.png,origin_poisoned,poisoned,0,0,0,18.295495986938477,18.295495986938477,0.0,0.9999998807907104,0.9999998807907104
108,108,EXTERNAL_SAMPLE/0000108.png,origin_poisoned,poisoned,0,0,0,25.00811767578125,25.00811767578125,0.0,1.0,1.0
109,109,EXTERNAL_SAMPLE/0000109.png,origin_poisoned,poisoned,0,0,0,15.742701530456543,15.742701530456543,0.0,0.9999960660934448,0.9999960660934448
110,110,EXTERNAL_SAMPLE/0000110.png,origin_poisoned,poisoned,0,0,0,10.750298500061035,10.750298500061035,0.0,0.9982343912124634,0.9982343912124634
111,111,EXTERNAL_SAMPLE/0000111.png,origin_poisoned,poisoned,0,0,0,16.76116371154785,16.76116371154785,0.0,0.9999991655349731,0.9999991655349731
112,112,EXTERNAL_SAMPLE/0000112.png,origin_poisoned,poisoned,0,0,0,27.447580337524414,27.447580337524414,0.0,1.0,1.0
113,113,EXTERNAL_SAMPLE/0000113.png,origin_poisoned,poisoned,0,0,0,20.33729362487793,20.33729362487793,0.0,1.0,1.0
114,114,EXTERNAL_SAMPLE/0000114.png,origin_poisoned,poisoned,0,0,0,17.465749740600586,17.465749740600586,0.0,0.9999997615814209,0.9999997615814209
115,115,EXTERNAL_SAMPLE/0000115.png,origin_poisoned,poisoned,0,0,0,21.56117057800293,21.56117057800293,0.0,1.0,1.0
116,116,EXTERNAL_SAMPLE/0000116.png,origin_poisoned,poisoned,0,0,0,20.766178131103516,20.766178131103516,0.0,1.0,1.0
117,117,EXTERNAL_SAMPLE/0000117.png,origin_poisoned,poisoned,0,0,0,23.263633728027344,23.263633728027344,0.0,1.0,1.0
118,118,EXTERNAL_SAMPLE/0000118.png,origin_poisoned,poisoned,0,0,0,15.92603874206543,15.92603874206543,0.0,0.999997615814209,0.999997615814209
119,119,EXTERNAL_SAMPLE/0000119.png,origin_poisoned,poisoned,0,0,0,19.29665184020996,19.29665184020996,0.0,0.9999998807907104,0.9999998807907104
120,120,EXTERNAL_SAMPLE/0000120.png,origin_poisoned,poisoned,0,0,0,23.482446670532227,23.482446670532227,0.0,1.0,1.0
121,121,EXTERNAL_SAMPLE/0000121.png,origin_poisoned,poisoned,0,0,0,21.921659469604492,21.921659469604492,0.0,1.0,1.0
122,122,EXTERNAL_SAMPLE/0000122.png,origin_poisoned,poisoned,0,0,0,25.44116973876953,25.44116973876953,0.0,1.0,1.0
123,123,EXTERNAL_SAMPLE/0000123.png,origin_poisoned,poisoned,0,0,0,20.83256721496582,20.83256721496582,0.0,1.0,1.0
124,124,EXTERNAL_SAMPLE/0000124.png,origin_poisoned,poisoned,0,0,0,25.069477081298828,25.069477081298828,0.0,1.0,1.0
125,125,EXTERNAL_SAMPLE/0000125.png,origin_poisoned,poisoned,0,0,0,16.724002838134766,16.724002838134766,0.0,0.9999988079071045,0.9999988079071045
126,126,EXTERNAL_SAMPLE/0000126.png,origin_poisoned,poisoned,0,0,0,21.712371826171875,21.712371826171875,0.0,1.0,1.0
127,127,EXTERNAL_SAMPLE/0000127.png,origin_poisoned,poisoned,0,0,0,18.24209976196289,18.24209976196289,0.0,0.9999997615814209,0.9999997615814209
128,128,EXTERNAL_SAMPLE/0000128.png,origin_poisoned,poisoned,0,0,0,21.63220977783203,21.63220977783203,0.0,1.0,1.0
129,129,EXTERNAL_SAMPLE/0000129.png,origin_poisoned,poisoned,0,0,0,25.17615509033203,25.17615509033203,0.0,1.0,1.0
130,130,EXTERNAL_SAMPLE/0000130.png,origin_poisoned,poisoned,0,0,0,21.0986328125,21.0986328125,0.0,1.0,1.0
131,131,EXTERNAL_SAMPLE/0000131.png,origin_poisoned,poisoned,0,0,0,26.473920822143555,26.473920822143555,0.0,1.0,1.0
132,132,EXTERNAL_SAMPLE/0000132.png,origin_poisoned,poisoned,0,0,0,7.861667156219482,7.861667156219482,0.0,0.9880374670028687,0.9880374670028687
133,133,EXTERNAL_SAMPLE/0000133.png,origin_poisoned,poisoned,0,0,0,19.624319076538086,19.624319076538086,0.0,0.9999998807907104,0.9999998807907104
134,134,EXTERNAL_SAMPLE/0000134.png,origin_poisoned,poisoned,0,0,0,16.780776977539062,16.780776977539062,0.0,0.9999992847442627,0.9999992847442627
135,135,EXTERNAL_SAMPLE/0000135.png,origin_poisoned,poisoned,0,0,0,21.19214630126953,21.19214630126953,0.0,1.0,1.0
136,136,EXTERNAL_SAMPLE/0000136.png,origin_poisoned,poisoned,0,0,0,27.775142669677734,27.775142669677734,0.0,1.0,1.0
137,137,EXTERNAL_SAMPLE/0000137.png,origin_poisoned,poisoned,0,0,0,15.560543060302734,15.560543060302734,0.0,0.9999964237213135,0.9999964237213135
138,138,EXTERNAL_SAMPLE/0000138.png,origin_poisoned,poisoned,0,0,0,20.78983497619629,20.78983497619629,0.0,1.0,1.0
139,139,EXTERNAL_SAMPLE/0000139.png,origin_poisoned,poisoned,0,0,0,20.53287696838379,20.53287696838379,0.0,1.0,1.0
140,140,EXTERNAL_SAMPLE/0000140.png,origin_poisoned,poisoned,0,0,0,15.91039752960205,15.91039752960205,0.0,0.9999973773956299,0.9999973773956299
141,141,EXTERNAL_SAMPLE/0000141.png,origin_poisoned,poisoned,0,0,0,18.725004196166992,18.725004196166992,0.0,0.9999998807907104,0.9999998807907104
142,142,EXTERNAL_SAMPLE/0000142.png,origin_poisoned,poisoned,0,0,0,24.90251350402832,24.90251350402832,0.0,1.0,1.0
143,143,EXTERNAL_SAMPLE/0000143.png,origin_poisoned,poisoned,0,0,0,17.701196670532227,17.701196670532227,0.0,0.9999998807907104,0.9999998807907104
144,144,EXTERNAL_SAMPLE/0000144.png,origin_poisoned,poisoned,0,0,0,24.64320945739746,24.64320945739746,0.0,1.0,1.0
145,145,EXTERNAL_SAMPLE/0000145.png,origin_poisoned,poisoned,0,0,0,21.454797744750977,21.454797744750977,0.0,1.0,1.0
146,146,EXTERNAL_SAMPLE/0000146.png,origin_poisoned,poisoned,0,0,0,16.199020385742188,16.199020385742188,0.0,0.9999986886978149,0.9999986886978149
147,147,EXTERNAL_SAMPLE/0000147.png,origin_poisoned,poisoned,0,0,0,14.314068794250488,14.314068794250488,0.0,0.9999897480010986,0.9999897480010986
148,148,EXTERNAL_SAMPLE/0000148.png,origin_poisoned,poisoned,0,0,0,24.062013626098633,24.062013626098633,0.0,1.0,1.0
149,149,EXTERNAL_SAMPLE/0000149.png,origin_poisoned,poisoned,0,0,0,18.325284957885742,18.325284957885742,0.0,0.9999998807907104,0.9999998807907104
150,150,EXTERNAL_SAMPLE/0000150.png,origin_poisoned,poisoned,0,0,0,18.788440704345703,18.788440704345703,0.0,0.9999998807907104,0.9999998807907104
151,151,EXTERNAL_SAMPLE/0000151.png,origin_poisoned,poisoned,0,0,0,16.58289909362793,16.58289909362793,0.0,0.9999994039535522,0.9999994039535522
152,152,EXTERNAL_SAMPLE/0000152.png,origin_poisoned,poisoned,0,0,0,19.564374923706055,19.564374923706055,0.0,1.0,1.0
153,153,EXTERNAL_SAMPLE/0000153.png,origin_poisoned,poisoned,0,0,0,13.213074684143066,13.213074684143066,0.0,0.9999426603317261,0.9999426603317261
154,154,EXTERNAL_SAMPLE/0000154.png,origin_poisoned,poisoned,0,0,0,15.295446395874023,15.295446395874023,0.0,0.9999940395355225,0.9999940395355225
155,155,EXTERNAL_SAMPLE/0000155.png,origin_poisoned,poisoned,0,0,0,19.032184600830078,19.032184600830078,0.0,0.9999998807907104,0.9999998807907104
156,156,EXTERNAL_SAMPLE/0000156.png,origin_poisoned,poisoned,0,0,0,18.404041290283203,18.404041290283203,0.0,0.9999998807907104,0.9999998807907104
157,157,EXTERNAL_SAMPLE/0000157.png,origin_poisoned,poisoned,0,0,0,12.41894817352295,12.41894817352295,0.0,0.9998732805252075,0.9998732805252075
158,158,EXTERNAL_SAMPLE/0000158.png,origin_poisoned,poisoned,0,0,0,17.262012481689453,17.262012481689453,0.0,0.999998927116394,0.999998927116394
159,159,EXTERNAL_SAMPLE/0000159.png,origin_poisoned,poisoned,0,0,0,12.951872825622559,12.951872825622559,0.0,0.999962329864502,0.999962329864502
160,160,EXTERNAL_SAMPLE/0000160.png,origin_poisoned,poisoned,0,0,0,20.027685165405273,20.027685165405273,0.0,1.0,1.0
161,161,EXTERNAL_SAMPLE/0000161.png,origin_poisoned,poisoned,0,0,0,18.6382999420166,18.6382999420166,0.0,0.9999998807907104,0.9999998807907104
162,162,EXTERNAL_SAMPLE/0000162.png,origin_poisoned,poisoned,0,0,0,16.221660614013672,16.221660614013672,0.0,0.9999982118606567,0.9999982118606567
163,163,EXTERNAL_SAMPLE/0000163.png,origin_poisoned,poisoned,0,0,0,17.0635986328125,17.0635986328125,0.0,0.9999990463256836,0.9999990463256836
164,164,EXTERNAL_SAMPLE/0000164.png,origin_poisoned,poisoned,0,0,0,17.250484466552734,17.250484466552734,0.0,0.9999996423721313,0.9999996423721313
165,165,EXTERNAL_SAMPLE/0000165.png,origin_poisoned,poisoned,0,0,0,15.793915748596191,15.793915748596191,0.0,0.999997615814209,0.999997615814209
166,166,EXTERNAL_SAMPLE/0000166.png,origin_poisoned,poisoned,0,0,0,8.115790367126465,8.115790367126465,0.0,0.9843273758888245,0.9843273758888245
167,167,EXTERNAL_SAMPLE/0000167.png,origin_poisoned,poisoned,0,0,0,24.1747989654541,24.1747989654541,0.0,1.0,1.0
168,168,EXTERNAL_SAMPLE/0000168.png,origin_poisoned,poisoned,0,0,0,21.696016311645508,21.696016311645508,0.0,1.0,1.0
169,169,EXTERNAL_SAMPLE/0000169.png,origin_poisoned,poisoned,0,0,0,9.361230850219727,9.361230850219727,0.0,0.9942800998687744,0.9942800998687744
170,170,EXTERNAL_SAMPLE/0000170.png,origin_poisoned,poisoned,0,0,0,23.05794906616211,23.05794906616211,0.0,1.0,1.0
171,171,EXTERNAL_SAMPLE/0000171.png,origin_poisoned,poisoned,0,0,0,16.183853149414062,16.183853149414062,0.0,0.9999960660934448,0.9999960660934448
172,172,EXTERNAL_SAMPLE/0000172.png,origin_poisoned,poisoned,0,0,0,12.883230209350586,12.883230209350586,0.0,0.9998972415924072,0.9998972415924072
173,173,EXTERNAL_SAMPLE/0000173.png,origin_poisoned,poisoned,0,0,0,14.401496887207031,14.401496887207031,0.0,0.9999918937683105,0.9999918937683105
174,174,EXTERNAL_SAMPLE/0000174.png,origin_poisoned,poisoned,0,0,0,13.086725234985352,13.086725234985352,0.0,0.9999501705169678,0.9999501705169678
175,175,EXTERNAL_SAMPLE/0000175.png,origin_poisoned,poisoned,0,0,0,21.097158432006836,21.097158432006836,0.0,1.0,1.0
176,176,EXTERNAL_SAMPLE/0000176.png,origin_poisoned,poisoned,0,0,0,16.798145294189453,16.798145294189453,0.0,0.9999980926513672,0.9999980926513672
177,177,EXTERNAL_SAMPLE/0000177.png,origin_poisoned,poisoned,0,0,0,16.881118774414062,16.881118774414062,0.0,0.9999986886978149,0.9999986886978149
178,178,EXTERNAL_SAMPLE/0000178.png,origin_poisoned,poisoned,0,0,0,17.073152542114258,17.073152542114258,0.0,0.999998927116394,0.999998927116394
179,179,EXTERNAL_SAMPLE/0000179.png,origin_poisoned,poisoned,0,0,0,18.479402542114258,18.479402542114258,0.0,1.0,1.0
180,180,EXTERNAL_SAMPLE/0000180.png,origin_poisoned,poisoned,0,0,0,18.5170955657959,18.5170955657959,0.0,0.9999998807907104,0.9999998807907104
181,181,EXTERNAL_SAMPLE/0000181.png,origin_poisoned,poisoned,0,0,0,23.082233428955078,23.082233428955078,0.0,1.0,1.0
182,182,EXTERNAL_SAMPLE/0000182.png,origin_poisoned,poisoned,0,0,0,17.11702537536621,17.11702537536621,0.0,0.9999994039535522,0.9999994039535522
183,183,EXTERNAL_SAMPLE/0000183.png,origin_poisoned,poisoned,0,0,0,16.747196197509766,16.747196197509766,0.0,0.9999990463256836,0.9999990463256836
184,184,EXTERNAL_SAMPLE/0000184.png,origin_poisoned,poisoned,0,0,0,10.504528045654297,10.504528045654297,0.0,0.9990768432617188,0.9990768432617188
185,185,EXTERNAL_SAMPLE/0000185.png,origin_poisoned,poisoned,0,0,0,10.566882133483887,10.566882133483887,0.0,0.9994118213653564,0.9994118213653564
186,186,EXTERNAL_SAMPLE/0000186.png,origin_poisoned,poisoned,0,0,0,20.483564376831055,20.483564376831055,0.0,1.0,1.0
187,187,EXTERNAL_SAMPLE/0000187.png,origin_poisoned,poisoned,0,0,0,15.25480842590332,15.25480842590332,0.0,0.9999967813491821,0.9999967813491821
188,188,EXTERNAL_SAMPLE/0000188.png,origin_poisoned,poisoned,0,0,0,9.152178764343262,9.152178764343262,0.0,0.9977472424507141,0.9977472424507141
189,189,EXTERNAL_SAMPLE/0000189.png,origin_poisoned,poisoned,0,0,0,13.422019958496094,13.422019958496094,0.0,0.9999667406082153,0.9999667406082153
190,190,EXTERNAL_SAMPLE/0000190.png,origin_poisoned,poisoned,0,0,0,14.38499927520752,14.38499927520752,0.0,0.9999748468399048,0.9999748468399048
191,191,EXTERNAL_SAMPLE/0000191.png,origin_poisoned,poisoned,0,0,0,20.11848258972168,20.11848258972168,0.0,1.0,1.0
192,192,EXTERNAL_SAMPLE/0000192.png,origin_poisoned,poisoned,0,0,0,8.465219497680664,8.465219497680664,0.0,0.9895997047424316,0.9895997047424316
193,193,EXTERNAL_SAMPLE/0000193.png,origin_poisoned,poisoned,0,0,0,13.150622367858887,13.150622367858887,0.0,0.9999117851257324,0.9999117851257324
194,194,EXTERNAL_SAMPLE/0000194.png,origin_poisoned,poisoned,0,0,0,22.15445327758789,22.15445327758789,0.0,1.0,1.0
195,195,EXTERNAL_SAMPLE/0000195.png,origin_poisoned,poisoned,0,0,0,22.619604110717773,22.619604110717773,0.0,1.0,1.0
196,196,EXTERNAL_SAMPLE/0000196.png,origin_poisoned,poisoned,0,0,0,15.17353630065918,15.17353630065918,0.0,0.9999927282333374,0.9999927282333374
197,197,EXTERNAL_SAMPLE/0000197.png,origin_poisoned,poisoned,0,0,0,22.085790634155273,22.085790634155273,0.0,1.0,1.0
198,198,EXTERNAL_SAMPLE/0000198.png,origin_poisoned,poisoned,0,0,0,13.941216468811035,13.941216468811035,0.0,0.9999818801879883,0.9999818801879883
199,199,EXTERNAL_SAMPLE/0000199.png,origin_poisoned,poisoned,0,0,0,10.444669723510742,10.444669723510742,0.0,0.9993371367454529,0.9993371367454529
200,200,EXTERNAL_SAMPLE/0000200.png,origin_poisoned,poisoned,0,0,0,18.091642379760742,18.091642379760742,0.0,0.9999998807907104,0.9999998807907104
201,201,EXTERNAL_SAMPLE/0000201.png,origin_poisoned,poisoned,0,0,0,12.541991233825684,12.541991233825684,0.0,0.9997417330741882,0.9997417330741882
202,202,EXTERNAL_SAMPLE/0000202.png,origin_poisoned,poisoned,0,0,0,29.004898071289062,29.004898071289062,0.0,1.0,1.0
203,203,EXTERNAL_SAMPLE/0000203.png,origin_poisoned,poisoned,0,0,0,20.727855682373047,20.727855682373047,0.0,1.0,1.0
204,204,EXTERNAL_SAMPLE/0000204.png,origin_poisoned,poisoned,0,0,0,17.837106704711914,17.837106704711914,0.0,0.9999994039535522,0.9999994039535522
205,205,EXTERNAL_SAMPLE/0000205.png,origin_poisoned,poisoned,0,0,0,20.736854553222656,20.736854553222656,0.0,1.0,1.0
206,206,EXTERNAL_SAMPLE/0000206.png,origin_poisoned,poisoned,0,0,0,28.834611892700195,28.834611892700195,0.0,1.0,1.0
207,207,EXTERNAL_SAMPLE/0000207.png,origin_poisoned,poisoned,0,0,0,20.63192367553711,20.63192367553711,0.0,1.0,1.0
208,208,EXTERNAL_SAMPLE/0000208.png,origin_poisoned,poisoned,0,0,0,13.886710166931152,13.886710166931152,0.0,0.9999829530715942,0.9999829530715942
209,209,EXTERNAL_SAMPLE/0000209.png,origin_poisoned,poisoned,0,0,0,17.314273834228516,17.314273834228516,0.0,0.9999996423721313,0.9999996423721313
210,210,EXTERNAL_SAMPLE/0000210.png,origin_poisoned,poisoned,0,0,0,12.617944717407227,12.617944717407227,0.0,0.9996495246887207,0.9996495246887207
211,211,EXTERNAL_SAMPLE/0000211.png,origin_poisoned,poisoned,0,0,0,22.130197525024414,22.130197525024414,0.0,1.0,1.0
212,212,EXTERNAL_SAMPLE/0000212.png,origin_poisoned,poisoned,0,0,0,25.64113426208496,25.64113426208496,0.0,1.0,1.0
213,213,EXTERNAL_SAMPLE/0000213.png,origin_poisoned,poisoned,0,0,0,20.465885162353516,20.465885162353516,0.0,1.0,1.0
214,214,EXTERNAL_SAMPLE/0000214.png,origin_poisoned,poisoned,0,0,0,26.006385803222656,26.006385803222656,0.0,1.0,1.0
215,215,EXTERNAL_SAMPLE/0000215.png,origin_poisoned,poisoned,0,0,0,16.107669830322266,16.107669830322266,0.0,0.999997615814209,0.999997615814209
216,216,EXTERNAL_SAMPLE/0000216.png,origin_poisoned,poisoned,0,0,0,22.393293380737305,22.393293380737305,0.0,1.0,1.0
217,217,EXTERNAL_SAMPLE/0000217.png,origin_poisoned,poisoned,0,0,0,24.360916137695312,24.360916137695312,0.0,1.0,1.0
218,218,EXTERNAL_SAMPLE/0000218.png,origin_poisoned,poisoned,0,0,0,27.82563018798828,27.82563018798828,0.0,1.0,1.0
219,219,EXTERNAL_SAMPLE/0000219.png,origin_poisoned,poisoned,0,0,0,23.643142700195312,23.643142700195312,0.0,1.0,1.0
220,220,EXTERNAL_SAMPLE/0000220.png,origin_poisoned,poisoned,0,0,0,20.282958984375,20.282958984375,0.0,1.0,1.0
221,221,EXTERNAL_SAMPLE/0000221.png,origin_poisoned,poisoned,0,0,0,15.726581573486328,15.726581573486328,0.0,0.9999966621398926,0.9999966621398926
222,222,EXTERNAL_SAMPLE/0000222.png,origin_poisoned,poisoned,0,0,0,23.36179542541504,23.36179542541504,0.0,1.0,1.0
223,223,EXTERNAL_SAMPLE/0000223.png,origin_poisoned,poisoned,0,0,0,19.92490005493164,19.92490005493164,0.0,1.0,1.0
224,224,EXTERNAL_SAMPLE/0000224.png,origin_poisoned,poisoned,0,0,0,23.292797088623047,23.292797088623047,0.0,1.0,1.0
225,225,EXTERNAL_SAMPLE/0000225.png,origin_poisoned,poisoned,0,0,0,26.27689552307129,26.27689552307129,0.0,1.0,1.0
226,226,EXTERNAL_SAMPLE/0000226.png,origin_poisoned,poisoned,0,0,0,17.655508041381836,17.655508041381836,0.0,0.9999997615814209,0.9999997615814209
227,227,EXTERNAL_SAMPLE/0000227.png,origin_poisoned,poisoned,0,0,0,26.206689834594727,26.206689834594727,0.0,1.0,1.0
228,228,EXTERNAL_SAMPLE/0000228.png,origin_poisoned,poisoned,0,0,0,21.87145233154297,21.87145233154297,0.0,1.0,1.0
229,229,EXTERNAL_SAMPLE/0000229.png,origin_poisoned,poisoned,0,0,0,9.487415313720703,9.487415313720703,0.0,0.9962607026100159,0.9962607026100159
230,230,EXTERNAL_SAMPLE/0000230.png,origin_poisoned,poisoned,0,0,0,19.1253662109375,19.1253662109375,0.0,0.9999998807907104,0.9999998807907104
231,231,EXTERNAL_SAMPLE/0000231.png,origin_poisoned,poisoned,0,0,0,15.837383270263672,15.837383270263672,0.0,0.9999983310699463,0.9999983310699463
232,232,EXTERNAL_SAMPLE/0000232.png,origin_poisoned,poisoned,0,0,0,21.031068801879883,21.031068801879883,0.0,1.0,1.0
233,233,EXTERNAL_SAMPLE/0000233.png,origin_poisoned,poisoned,0,0,0,19.401527404785156,19.401527404785156,0.0,1.0,1.0
234,234,EXTERNAL_SAMPLE/0000234.png,origin_poisoned,poisoned,0,0,0,12.395164489746094,12.395164489746094,0.0,0.9998918771743774,0.9998918771743774
235,235,EXTERNAL_SAMPLE/0000235.png,origin_poisoned,poisoned,0,0,0,15.410198211669922,15.410198211669922,0.0,0.9999966621398926,0.9999966621398926
236,236,EXTERNAL_SAMPLE/0000236.png,origin_poisoned,poisoned,0,0,0,11.064619064331055,11.064619064331055,0.0,0.9997468590736389,0.9997468590736389
237,237,EXTERNAL_SAMPLE/0000237.png,origin_poisoned,poisoned,0,0,0,23.351896286010742,23.351896286010742,0.0,1.0,1.0
238,238,EXTERNAL_SAMPLE/0000238.png,origin_poisoned,poisoned,0,0,0,12.511789321899414,12.511789321899414,0.0,0.9999353885650635,0.9999353885650635
239,239,EXTERNAL_SAMPLE/0000239.png,origin_poisoned,poisoned,0,0,0,22.28912925720215,22.28912925720215,0.0,1.0,1.0
240,240,EXTERNAL_SAMPLE/0000240.png,origin_poisoned,poisoned,0,0,0,24.042552947998047,24.042552947998047,0.0,1.0,1.0
241,241,EXTERNAL_SAMPLE/0000241.png,origin_poisoned,poisoned,0,0,0,17.621089935302734,17.621089935302734,0.0,0.9999995231628418,0.9999995231628418
242,242,EXTERNAL_SAMPLE/0000242.png,origin_poisoned,poisoned,0,0,0,19.7535457611084,19.7535457611084,0.0,1.0,1.0
243,243,EXTERNAL_SAMPLE/0000243.png,origin_poisoned,poisoned,0,0,0,12.214849472045898,12.214849472045898,0.0,0.9999068975448608,0.9999068975448608
244,244,EXTERNAL_SAMPLE/0000244.png,origin_poisoned,poisoned,0,0,0,16.619779586791992,16.619779586791992,0.0,0.9999992847442627,0.9999992847442627
245,245,EXTERNAL_SAMPLE/0000245.png,origin_poisoned,poisoned,0,0,0,9.445453643798828,9.445453643798828,0.0,0.9876086711883545,0.9876086711883545
246,246,EXTERNAL_SAMPLE/0000246.png,origin_poisoned,poisoned,0,0,0,14.729076385498047,14.729076385498047,0.0,0.9999943971633911,0.9999943971633911
247,247,EXTERNAL_SAMPLE/0000247.png,origin_poisoned,poisoned,0,0,0,22.99289321899414,22.99289321899414,0.0,1.0,1.0
248,248,EXTERNAL_SAMPLE/0000248.png,origin_poisoned,poisoned,0,0,0,17.941213607788086,17.941213607788086,0.0,0.9999997615814209,0.9999997615814209
249,249,EXTERNAL_SAMPLE/0000249.png,origin_poisoned,poisoned,0,0,0,20.729562759399414,20.729562759399414,0.0,1.0,1.0
250,250,EXTERNAL_SAMPLE/0000250.png,origin_poisoned,poisoned,0,0,0,19.706113815307617,19.706113815307617,0.0,1.0,1.0
251,251,EXTERNAL_SAMPLE/0000251.png,origin_poisoned,poisoned,0,0,0,15.627291679382324,15.627291679382324,0.0,0.9999979734420776,0.9999979734420776
252,252,EXTERNAL_SAMPLE/0000252.png,origin_poisoned,poisoned,0,0,0,20.156267166137695,20.156267166137695,0.0,1.0,1.0
253,253,EXTERNAL_SAMPLE/0000253.png,origin_poisoned,poisoned,0,0,0,22.676372528076172,22.676372528076172,0.0,1.0,1.0
254,254,EXTERNAL_SAMPLE/0000254.png,origin_poisoned,poisoned,0,0,0,23.224519729614258,23.224519729614258,0.0,1.0,1.0
255,255,EXTERNAL_SAMPLE/0000255.png,origin_poisoned,poisoned,0,0,0,24.648109436035156,24.648109436035156,0.0,1.0,1.0
256,256,EXTERNAL_SAMPLE/0000256.png,origin_poisoned,poisoned,0,0,0,11.851394653320312,11.851394653320312,0.0,0.9998428821563721,0.9998428821563721
257,257,EXTERNAL_SAMPLE/0000257.png,origin_poisoned,poisoned,0,0,0,12.540395736694336,12.540395736694336,0.0,0.9999479055404663,0.9999479055404663
258,258,EXTERNAL_SAMPLE/0000258.png,origin_poisoned,poisoned,0,0,0,19.024465560913086,19.024465560913086,0.0,0.9999998807907104,0.9999998807907104
259,259,EXTERNAL_SAMPLE/0000259.png,origin_poisoned,poisoned,0,0,0,18.41121482849121,18.41121482849121,0.0,0.9999996423721313,0.9999996423721313
260,260,EXTERNAL_SAMPLE/0000260.png,origin_poisoned,poisoned,0,0,0,10.570649147033691,10.570649147033691,0.0,0.9995618462562561,0.9995618462562561
261,261,EXTERNAL_SAMPLE/0000261.png,origin_poisoned,poisoned,0,0,0,21.85731315612793,21.85731315612793,0.0,1.0,1.0
262,262,EXTERNAL_SAMPLE/0000262.png,origin_poisoned,poisoned,0,0,0,18.93731117248535,18.93731117248535,0.0,0.9999998807907104,0.9999998807907104
263,263,EXTERNAL_SAMPLE/0000263.png,origin_poisoned,poisoned,0,0,0,22.37065887451172,22.37065887451172,0.0,1.0,1.0
264,264,EXTERNAL_SAMPLE/0000264.png,origin_poisoned,poisoned,0,0,0,16.654130935668945,16.654130935668945,0.0,0.999998927116394,0.999998927116394
265,265,EXTERNAL_SAMPLE/0000265.png,origin_poisoned,poisoned,0,0,0,19.816497802734375,19.816497802734375,0.0,1.0,1.0
266,266,EXTERNAL_SAMPLE/0000266.png,origin_poisoned,poisoned,0,0,0,20.19487953186035,20.19487953186035,0.0,0.9999998807907104,0.9999998807907104
267,267,EXTERNAL_SAMPLE/0000267.png,origin_poisoned,poisoned,0,0,0,26.862192153930664,26.862192153930664,0.0,1.0,1.0
268,268,EXTERNAL_SAMPLE/0000268.png,origin_poisoned,poisoned,0,0,0,23.395063400268555,23.395063400268555,0.0,1.0,1.0
269,269,EXTERNAL_SAMPLE/0000269.png,origin_poisoned,poisoned,0,0,0,13.115943908691406,13.115943908691406,0.0,0.9999691247940063,0.9999691247940063
270,270,EXTERNAL_SAMPLE/0000270.png,origin_poisoned,poisoned,0,0,0,27.194263458251953,27.194263458251953,0.0,1.0,1.0
271,271,EXTERNAL_SAMPLE/0000271.png,origin_poisoned,poisoned,0,0,0,28.19472885131836,28.19472885131836,0.0,1.0,1.0
272,272,EXTERNAL_SAMPLE/0000272.png,origin_poisoned,poisoned,0,0,0,17.154499053955078,17.154499053955078,0.0,0.9999985694885254,0.9999985694885254
273,273,EXTERNAL_SAMPLE/0000273.png,origin_poisoned,poisoned,0,0,0,17.76067352294922,17.76067352294922,0.0,0.9999998807907104,0.9999998807907104
274,274,EXTERNAL_SAMPLE/0000274.png,origin_poisoned,poisoned,0,0,0,19.461881637573242,19.461881637573242,0.0,1.0,1.0
275,275,EXTERNAL_SAMPLE/0000275.png,origin_poisoned,poisoned,0,0,0,20.92853546142578,20.92853546142578,0.0,1.0,1.0
276,276,EXTERNAL_SAMPLE/0000276.png,origin_poisoned,poisoned,0,0,0,14.210762023925781,14.210762023925781,0.0,0.9999828338623047,0.9999828338623047
277,277,EXTERNAL_SAMPLE/0000277.png,origin_poisoned,poisoned,0,0,0,14.403959274291992,14.403959274291992,0.0,0.999977707862854,0.999977707862854
278,278,EXTERNAL_SAMPLE/0000278.png,origin_poisoned,poisoned,0,0,0,18.77208137512207,18.77208137512207,0.0,1.0,1.0
279,279,EXTERNAL_SAMPLE/0000279.png,origin_poisoned,poisoned,0,0,0,18.881481170654297,18.881481170654297,0.0,1.0,1.0
280,280,EXTERNAL_SAMPLE/0000280.png,origin_poisoned,poisoned,0,0,0,13.028422355651855,13.028422355651855,0.0,0.9999439716339111,0.9999439716339111
281,281,EXTERNAL_SAMPLE/0000281.png,origin_poisoned,poisoned,0,0,0,29.067197799682617,29.067197799682617,0.0,1.0,1.0
282,282,EXTERNAL_SAMPLE/0000282.png,origin_poisoned,poisoned,0,0,0,24.348758697509766,24.348758697509766,0.0,1.0,1.0
283,283,EXTERNAL_SAMPLE/0000283.png,origin_poisoned,poisoned,0,0,0,20.44978141784668,20.44978141784668,0.0,1.0,1.0
284,284,EXTERNAL_SAMPLE/0000284.png,origin_poisoned,poisoned,0,0,0,19.56309700012207,19.56309700012207,0.0,0.9999998807907104,0.9999998807907104
285,285,EXTERNAL_SAMPLE/0000285.png,origin_poisoned,poisoned,0,0,0,26.26826286315918,26.26826286315918,0.0,1.0,1.0
286,286,EXTERNAL_SAMPLE/0000286.png,origin_poisoned,poisoned,0,0,0,26.897470474243164,26.897470474243164,0.0,1.0,1.0
287,287,EXTERNAL_SAMPLE/0000287.png,origin_poisoned,poisoned,0,0,0,30.373676300048828,30.373676300048828,0.0,1.0,1.0
288,288,EXTERNAL_SAMPLE/0000288.png,origin_poisoned,poisoned,0,0,0,23.507047653198242,23.507047653198242,0.0,1.0,1.0
289,289,EXTERNAL_SAMPLE/0000289.png,origin_poisoned,poisoned,0,0,0,23.85488510131836,23.85488510131836,0.0,1.0,1.0
290,290,EXTERNAL_SAMPLE/0000290.png,origin_poisoned,poisoned,0,0,0,28.295764923095703,28.295764923095703,0.0,1.0,1.0
291,291,EXTERNAL_SAMPLE/0000291.png,origin_poisoned,poisoned,0,0,0,22.339675903320312,22.339675903320312,0.0,1.0,1.0
292,292,EXTERNAL_SAMPLE/0000292.png,origin_poisoned,poisoned,0,0,0,15.405566215515137,15.405566215515137,0.0,0.999992847442627,0.999992847442627
293,293,EXTERNAL_SAMPLE/0000293.png,origin_poisoned,poisoned,0,0,0,15.012641906738281,15.012641906738281,0.0,0.9999963045120239,0.9999963045120239
294,294,EXTERNAL_SAMPLE/0000294.png,origin_poisoned,poisoned,0,0,0,19.410676956176758,19.410676956176758,0.0,1.0,1.0
295,295,EXTERNAL_SAMPLE/0000295.png,origin_poisoned,poisoned,0,0,0,20.91781234741211,20.91781234741211,0.0,1.0,1.0
296,296,EXTERNAL_SAMPLE/0000296.png,origin_poisoned,poisoned,0,0,0,30.2183837890625,30.2183837890625,0.0,1.0,1.0
297,297,EXTERNAL_SAMPLE/0000297.png,origin_poisoned,poisoned,0,0,0,31.53578758239746,31.53578758239746,0.0,1.0,1.0
298,298,EXTERNAL_SAMPLE/0000298.png,origin_poisoned,poisoned,0,0,0,22.120248794555664,22.120248794555664,0.0,1.0,1.0
299,299,EXTERNAL_SAMPLE/0000299.png,origin_poisoned,poisoned,0,0,0,18.601770401000977,18.601770401000977,0.0,0.9999998807907104,0.9999998807907104
300,300,EXTERNAL_SAMPLE/0000300.png,origin_poisoned,poisoned,0,0,0,17.777774810791016,17.777774810791016,0.0,0.9999992847442627,0.9999992847442627
301,301,EXTERNAL_SAMPLE/0000301.png,origin_poisoned,poisoned,0,0,0,18.712921142578125,18.712921142578125,0.0,0.9999998807907104,0.9999998807907104
302,302,EXTERNAL_SAMPLE/0000302.png,origin_poisoned,poisoned,0,0,0,11.970460891723633,11.970460891723633,0.0,0.9996451139450073,0.9996451139450073
303,303,EXTERNAL_SAMPLE/0000303.png,origin_poisoned,poisoned,0,0,0,12.538620948791504,12.538620948791504,0.0,0.9999346733093262,0.9999346733093262
304,304,EXTERNAL_SAMPLE/0000304.png,origin_poisoned,poisoned,0,0,0,21.020017623901367,21.020017623901367,0.0,1.0,1.0
305,305,EXTERNAL_SAMPLE/0000305.png,origin_poisoned,poisoned,0,0,0,22.613492965698242,22.613492965698242,0.0,1.0,1.0
306,306,EXTERNAL_SAMPLE/0000306.png,origin_poisoned,poisoned,0,0,0,12.868480682373047,12.868480682373047,0.0,0.9999114274978638,0.9999114274978638
307,307,EXTERNAL_SAMPLE/0000307.png,origin_poisoned,poisoned,0,0,0,20.46668815612793,20.46668815612793,0.0,1.0,1.0
308,308,EXTERNAL_SAMPLE/0000308.png,origin_poisoned,poisoned,0,0,0,20.512754440307617,20.512754440307617,0.0,1.0,1.0
309,309,EXTERNAL_SAMPLE/0000309.png,origin_poisoned,poisoned,0,0,0,26.90292739868164,26.90292739868164,0.0,1.0,1.0
310,310,EXTERNAL_SAMPLE/0000310.png,origin_poisoned,poisoned,0,0,0,16.73855209350586,16.73855209350586,0.0,0.9999991655349731,0.9999991655349731
311,311,EXTERNAL_SAMPLE/0000311.png,origin_poisoned,poisoned,0,0,0,28.57968521118164,28.57968521118164,0.0,1.0,1.0
312,312,EXTERNAL_SAMPLE/0000312.png,origin_poisoned,poisoned,0,0,0,22.510175704956055,22.510175704956055,0.0,1.0,1.0
313,313,EXTERNAL_SAMPLE/0000313.png,origin_poisoned,poisoned,0,0,0,21.177452087402344,21.177452087402344,0.0,1.0,1.0
314,314,EXTERNAL_SAMPLE/0000314.png,origin_poisoned,poisoned,0,0,0,14.119563102722168,14.119563102722168,0.0,0.9999810457229614,0.9999810457229614
315,315,EXTERNAL_SAMPLE/0000315.png,origin_poisoned,poisoned,0,0,0,21.7728328704834,21.7728328704834,0.0,1.0,1.0
316,316,EXTERNAL_SAMPLE/0000316.png,origin_poisoned,poisoned,0,0,0,25.88134765625,25.88134765625,0.0,1.0,1.0
317,317,EXTERNAL_SAMPLE/0000317.png,origin_poisoned,poisoned,0,0,0,25.929912567138672,25.929912567138672,0.0,1.0,1.0
318,318,EXTERNAL_SAMPLE/0000318.png,origin_poisoned,poisoned,0,0,0,19.88551902770996,19.88551902770996,0.0,1.0,1.0
319,319,EXTERNAL_SAMPLE/0000319.png,origin_poisoned,poisoned,0,0,0,21.979026794433594,21.979026794433594,0.0,1.0,1.0
320,320,EXTERNAL_SAMPLE/0000320.png,origin_poisoned,poisoned,0,0,0,22.603599548339844,22.603599548339844,0.0,1.0,1.0
321,321,EXTERNAL_SAMPLE/0000321.png,origin_poisoned,poisoned,0,0,0,22.60468101501465,22.60468101501465,0.0,1.0,1.0
322,322,EXTERNAL_SAMPLE/0000322.png,origin_poisoned,poisoned,0,0,0,18.46628761291504,18.46628761291504,0.0,0.9999998807907104,0.9999998807907104
323,323,EXTERNAL_SAMPLE/0000323.png,origin_poisoned,poisoned,0,0,0,24.76983070373535,24.76983070373535,0.0,1.0,1.0
324,324,EXTERNAL_SAMPLE/0000324.png,origin_poisoned,poisoned,0,0,0,24.624256134033203,24.624256134033203,0.0,1.0,1.0
325,325,EXTERNAL_SAMPLE/0000325.png,origin_poisoned,poisoned,0,0,0,19.89467430114746,19.89467430114746,0.0,1.0,1.0
326,326,EXTERNAL_SAMPLE/0000326.png,origin_poisoned,poisoned,0,0,0,14.858712196350098,14.858712196350098,0.0,0.999992847442627,0.999992847442627
327,327,EXTERNAL_SAMPLE/0000327.png,origin_poisoned,poisoned,0,0,0,15.212751388549805,15.212751388549805,0.0,0.9999963045120239,0.9999963045120239
328,328,EXTERNAL_SAMPLE/0000328.png,origin_poisoned,poisoned,0,0,0,26.03093719482422,26.03093719482422,0.0,1.0,1.0
329,329,EXTERNAL_SAMPLE/0000329.png,origin_poisoned,poisoned,0,0,0,10.354358673095703,10.354358673095703,0.0,0.9989939332008362,0.9989939332008362
330,330,EXTERNAL_SAMPLE/0000330.png,origin_poisoned,poisoned,0,0,0,19.230749130249023,19.230749130249023,0.0,1.0,1.0
331,331,EXTERNAL_SAMPLE/0000331.png,origin_poisoned,poisoned,0,0,0,23.767471313476562,23.767471313476562,0.0,1.0,1.0
332,332,EXTERNAL_SAMPLE/0000332.png,origin_poisoned,poisoned,0,0,0,11.98725414276123,11.98725414276123,0.0,0.9998227953910828,0.9998227953910828
333,333,EXTERNAL_SAMPLE/0000333.png,origin_poisoned,poisoned,0,0,0,14.922006607055664,14.922006607055664,0.0,0.999995231628418,0.999995231628418
334,334,EXTERNAL_SAMPLE/0000334.png,origin_poisoned,poisoned,0,0,0,22.273380279541016,22.273380279541016,0.0,1.0,1.0
335,335,EXTERNAL_SAMPLE/0000335.png,origin_poisoned,poisoned,0,0,0,20.06416893005371,20.06416893005371,0.0,1.0,1.0
336,336,EXTERNAL_SAMPLE/0000336.png,origin_poisoned,poisoned,0,0,0,13.662924766540527,13.662924766540527,0.0,0.9999756813049316,0.9999756813049316
337,337,EXTERNAL_SAMPLE/0000337.png,origin_poisoned,poisoned,0,0,0,10.0126953125,10.0126953125,0.0,0.9986143112182617,0.9986143112182617
338,338,EXTERNAL_SAMPLE/0000338.png,origin_poisoned,poisoned,0,0,0,21.78550910949707,21.78550910949707,0.0,1.0,1.0
339,339,EXTERNAL_SAMPLE/0000339.png,origin_poisoned,poisoned,0,0,0,23.55031394958496,23.55031394958496,0.0,1.0,1.0
340,340,EXTERNAL_SAMPLE/0000340.png,origin_poisoned,poisoned,0,0,0,8.941840171813965,8.941840171813965,0.0,0.9977737069129944,0.9977737069129944
341,341,EXTERNAL_SAMPLE/0000341.png,origin_poisoned,poisoned,0,0,0,26.95980453491211,26.95980453491211,0.0,1.0,1.0
342,342,EXTERNAL_SAMPLE/0000342.png,origin_poisoned,poisoned,0,0,0,13.77123737335205,13.77123737335205,0.0,0.9999849796295166,0.9999849796295166
343,343,EXTERNAL_SAMPLE/0000343.png,origin_poisoned,poisoned,0,0,0,22.961166381835938,22.961166381835938,0.0,1.0,1.0
344,344,EXTERNAL_SAMPLE/0000344.png,origin_poisoned,poisoned,0,0,0,12.925573348999023,12.925573348999023,0.0,0.9998183846473694,0.9998183846473694
345,345,EXTERNAL_SAMPLE/0000345.png,origin_poisoned,poisoned,0,0,0,18.4444580078125,18.4444580078125,0.0,0.9999998807907104,0.9999998807907104
346,346,EXTERNAL_SAMPLE/0000346.png,origin_poisoned,poisoned,0,0,0,15.634333610534668,15.634333610534668,0.0,0.9999966621398926,0.9999966621398926
347,347,EXTERNAL_SAMPLE/0000347.png,origin_poisoned,poisoned,0,0,0,23.096433639526367,23.096433639526367,0.0,1.0,1.0
348,348,EXTERNAL_SAMPLE/0000348.png,origin_poisoned,poisoned,0,0,0,19.71422004699707,19.71422004699707,0.0,1.0,1.0
349,349,EXTERNAL_SAMPLE/0000349.png,origin_poisoned,poisoned,0,0,0,19.362503051757812,19.362503051757812,0.0,0.9999998807907104,0.9999998807907104
350,350,EXTERNAL_SAMPLE/0000350.png,origin_poisoned,poisoned,0,0,0,16.716449737548828,16.716449737548828,0.0,0.9999985694885254,0.9999985694885254
351,351,EXTERNAL_SAMPLE/0000351.png,origin_poisoned,poisoned,0,0,0,16.88469886779785,16.88469886779785,0.0,0.9999994039535522,0.9999994039535522
352,352,EXTERNAL_SAMPLE/0000352.png,origin_poisoned,poisoned,0,0,0,15.417840003967285,15.417840003967285,0.0,0.9999936819076538,0.9999936819076538
353,353,EXTERNAL_SAMPLE/0000353.png,origin_poisoned,poisoned,0,0,0,13.628562927246094,13.628562927246094,0.0,0.9999768733978271,0.9999768733978271
354,354,EXTERNAL_SAMPLE/0000354.png,origin_poisoned,poisoned,0,0,0,16.356395721435547,16.356395721435547,0.0,0.999998927116394,0.999998927116394
355,355,EXTERNAL_SAMPLE/0000355.png,origin_poisoned,poisoned,0,0,0,22.976137161254883,22.976137161254883,0.0,1.0,1.0
356,356,EXTERNAL_SAMPLE/0000356.png,origin_poisoned,poisoned,0,0,0,18.18300437927246,18.18300437927246,0.0,0.9999997615814209,0.9999997615814209
357,357,EXTERNAL_SAMPLE/0000357.png,origin_poisoned,poisoned,0,0,0,29.111270904541016,29.111270904541016,0.0,1.0,1.0
358,358,EXTERNAL_SAMPLE/0000358.png,origin_poisoned,poisoned,0,0,0,19.123825073242188,19.123825073242188,0.0,0.9999998807907104,0.9999998807907104
359,359,EXTERNAL_SAMPLE/0000359.png,origin_poisoned,poisoned,0,0,0,21.097217559814453,21.097217559814453,0.0,1.0,1.0
360,360,EXTERNAL_SAMPLE/0000360.png,origin_poisoned,poisoned,0,0,0,19.23540496826172,19.23540496826172,0.0,0.9999998807907104,0.9999998807907104
361,361,EXTERNAL_SAMPLE/0000361.png,origin_poisoned,poisoned,0,0,0,13.929797172546387,13.929797172546387,0.0,0.9999759197235107,0.9999759197235107
362,362,EXTERNAL_SAMPLE/0000362.png,origin_poisoned,poisoned,0,0,0,13.905698776245117,13.905698776245117,0.0,0.9999794960021973,0.9999794960021973
363,363,EXTERNAL_SAMPLE/0000363.png,origin_poisoned,poisoned,0,0,0,17.877487182617188,17.877487182617188,0.0,0.9999997615814209,0.9999997615814209
364,364,EXTERNAL_SAMPLE/0000364.png,origin_poisoned,poisoned,0,0,0,15.383842468261719,15.383842468261719,0.0,0.9999961853027344,0.9999961853027344
365,365,EXTERNAL_SAMPLE/0000365.png,origin_poisoned,poisoned,0,0,0,14.564220428466797,14.564220428466797,0.0,0.9999936819076538,0.9999936819076538
366,366,EXTERNAL_SAMPLE/0000366.png,origin_poisoned,poisoned,0,0,0,27.836380004882812,27.836380004882812,0.0,1.0,1.0
367,367,EXTERNAL_SAMPLE/0000367.png,origin_poisoned,poisoned,0,0,0,13.32451343536377,13.32451343536377,0.0,0.9999698400497437,0.9999698400497437
368,368,EXTERNAL_SAMPLE/0000368.png,origin_poisoned,poisoned,0,0,0,20.362886428833008,20.362886428833008,0.0,1.0,1.0
369,369,EXTERNAL_SAMPLE/0000369.png,origin_poisoned,poisoned,0,0,0,17.88865089416504,17.88865089416504,0.0,0.9999998807907104,0.9999998807907104
370,370,EXTERNAL_SAMPLE/0000370.png,origin_poisoned,poisoned,0,0,0,18.79562759399414,18.79562759399414,0.0,0.9999998807907104,0.9999998807907104
371,371,EXTERNAL_SAMPLE/0000371.png,origin_poisoned,poisoned,0,0,0,19.155704498291016,19.155704498291016,0.0,1.0,1.0
372,372,EXTERNAL_SAMPLE/0000372.png,origin_poisoned,poisoned,0,0,0,20.248193740844727,20.248193740844727,0.0,1.0,1.0
373,373,EXTERNAL_SAMPLE/0000373.png,origin_poisoned,poisoned,0,0,0,14.55602741241455,14.55602741241455,0.0,0.9999833106994629,0.9999833106994629
374,374,EXTERNAL_SAMPLE/0000374.png,origin_poisoned,poisoned,0,0,0,15.452469825744629,15.452469825744629,0.0,0.9999972581863403,0.9999972581863403
375,375,EXTERNAL_SAMPLE/0000375.png,origin_poisoned,poisoned,0,0,0,12.602865219116211,12.602865219116211,0.0,0.9999539852142334,0.9999539852142334
376,376,EXTERNAL_SAMPLE/0000376.png,origin_poisoned,poisoned,0,0,0,27.69879913330078,27.69879913330078,0.0,1.0,1.0
377,377,EXTERNAL_SAMPLE/0000377.png,origin_poisoned,poisoned,0,0,0,11.552474021911621,11.552474021911621,0.0,0.999622106552124,0.999622106552124
378,378,EXTERNAL_SAMPLE/0000378.png,origin_poisoned,poisoned,0,0,0,21.114505767822266,21.114505767822266,0.0,1.0,1.0
379,379,EXTERNAL_SAMPLE/0000379.png,origin_poisoned,poisoned,0,0,0,14.12425708770752,14.12425708770752,0.0,0.9999821186065674,0.9999821186065674
380,380,EXTERNAL_SAMPLE/0000380.png,origin_poisoned,poisoned,0,0,0,20.96617889404297,20.96617889404297,0.0,1.0,1.0
381,381,EXTERNAL_SAMPLE/0000381.png,origin_poisoned,poisoned,0,0,0,20.268077850341797,20.268077850341797,0.0,1.0,1.0
382,382,EXTERNAL_SAMPLE/0000382.png,origin_poisoned,poisoned,0,0,0,19.828617095947266,19.828617095947266,0.0,1.0,1.0
383,383,EXTERNAL_SAMPLE/0000383.png,origin_poisoned,poisoned,0,0,0,14.742164611816406,14.742164611816406,0.0,0.999992847442627,0.999992847442627
384,384,EXTERNAL_SAMPLE/0000384.png,origin_poisoned,poisoned,0,0,0,17.412919998168945,17.412919998168945,0.0,0.9999997615814209,0.9999997615814209
385,385,EXTERNAL_SAMPLE/0000385.png,origin_poisoned,poisoned,0,0,0,17.75261116027832,17.75261116027832,0.0,0.9999997615814209,0.9999997615814209
386,386,EXTERNAL_SAMPLE/0000386.png,origin_poisoned,poisoned,0,0,0,19.807147979736328,19.807147979736328,0.0,0.9999998807907104,0.9999998807907104
387,387,EXTERNAL_SAMPLE/0000387.png,origin_poisoned,poisoned,1,0,0,15.218610763549805,5.894952297210693,9.323657989501953,0.9999085664749146,8.927853923523799e-05
388,388,EXTERNAL_SAMPLE/0000388.png,origin_poisoned,poisoned,1,0,0,18.11150360107422,2.29315185546875,15.818351745605469,0.9999997615814209,1.3495127859641798e-07
389,389,EXTERNAL_SAMPLE/0000389.png,origin_poisoned,poisoned,1,0,0,21.34096336364746,2.158021926879883,19.182941436767578,1.0,4.666103947670308e-09
390,390,EXTERNAL_SAMPLE/0000390.png,origin_poisoned,poisoned,1,0,0,11.692160606384277,2.2692010402679443,9.422959327697754,0.9998348951339722,8.083306602202356e-05
391,391,EXTERNAL_SAMPLE/0000391.png,origin_poisoned,poisoned,1,0,0,15.986960411071777,5.812865257263184,10.174095153808594,0.9999604225158691,3.814428055193275e-05
392,392,EXTERNAL_SAMPLE/0000392.png,origin_poisoned,poisoned,1,0,0,10.212640762329102,4.72704553604126,5.485595226287842,0.9954079985618591,0.004127028398215771
393,393,EXTERNAL_SAMPLE/0000393.png,origin_poisoned,poisoned,1,0,0,15.654104232788086,4.540750503540039,11.113353729248047,0.9999834299087524,1.4911612197465729e-05
394,394,EXTERNAL_SAMPLE/0000394.png,origin_poisoned,poisoned,1,0,0,11.285061836242676,0.9283121824264526,10.356749534606934,0.9996670484542847,3.176700192852877e-05
395,395,EXTERNAL_SAMPLE/0000395.png,origin_poisoned,poisoned,1,0,0,6.048805236816406,3.5515658855438232,2.497239351272583,0.8564013838768005,0.07049204409122467
396,396,EXTERNAL_SAMPLE/0000396.png,origin_poisoned,poisoned,1,0,0,15.482182502746582,4.2236247062683105,11.25855827331543,0.9999849796295166,1.2896258340333588e-05
397,397,EXTERNAL_SAMPLE/0000397.png,origin_poisoned,poisoned,1,0,0,10.609306335449219,4.605226516723633,6.004079818725586,0.9972848892211914,0.0024619572795927525
398,398,EXTERNAL_SAMPLE/0000398.png,origin_poisoned,poisoned,1,0,0,24.193838119506836,4.7673211097717285,19.426517486572266,1.0,3.657384839428346e-09
399,399,EXTERNAL_SAMPLE/0000399.png,origin_poisoned,poisoned,1,0,0,21.224870681762695,3.165682792663574,18.059188842773438,1.0,1.43546934339156e-08
400,400,EXTERNAL_SAMPLE/0000400.png,origin_poisoned,poisoned,1,0,0,15.345988273620605,2.8500685691833496,12.495920181274414,0.9999927282333374,3.7418610645545414e-06
401,401,EXTERNAL_SAMPLE/0000401.png,origin_poisoned,poisoned,1,0,0,15.649218559265137,4.599526882171631,11.049692153930664,0.9999825954437256,1.5891764633124694e-05
402,402,EXTERNAL_SAMPLE/0000402.png,origin_poisoned,poisoned,1,0,0,10.632988929748535,8.603254318237305,2.0297346115112305,0.8837112784385681,0.11609348654747009
403,403,EXTERNAL_SAMPLE/0000403.png,origin_poisoned,poisoned,1,0,0,19.78158950805664,2.4941775798797607,17.287412643432617,1.0,3.105790113977491e-08
404,404,EXTERNAL_SAMPLE/0000404.png,origin_poisoned,poisoned,1,0,0,15.551800727844238,3.5405468940734863,12.011253356933594,0.9999915361404419,6.075405508454423e-06
405,405,EXTERNAL_SAMPLE/0000405.png,origin_poisoned,poisoned,1,0,0,14.64779281616211,0.9541345238685608,13.693657875061035,0.9999891519546509,1.1295753665763186e-06
406,406,EXTERNAL_SAMPLE/0000406.png,origin_poisoned,poisoned,1,0,0,7.8501176834106445,2.7554731369018555,5.094644546508789,0.9823578596115112,0.006021347362548113
407,407,EXTERNAL_SAMPLE/0000407.png,origin_poisoned,poisoned,1,0,1,10.706796646118164,13.83565616607666,-3.128859519958496,0.04193217679858208,0.9580625891685486
408,408,EXTERNAL_SAMPLE/0000408.png,origin_poisoned,poisoned,1,0,0,16.553136825561523,5.044597148895264,11.508539199829102,0.99998939037323,1.0043852853414137e-05
409,409,EXTERNAL_SAMPLE/0000409.png,origin_poisoned,poisoned,1,0,0,24.08945083618164,2.3327629566192627,21.75668716430664,1.0,3.557876215865008e-10
410,410,EXTERNAL_SAMPLE/0000410.png,origin_poisoned,poisoned,1,0,0,12.550122261047363,2.012861967086792,10.537260055541992,0.999924898147583,2.6527328373049386e-05
411,411,EXTERNAL_SAMPLE/0000411.png,origin_poisoned,poisoned,1,0,0,11.14238166809082,2.79970121383667,8.342679977416992,0.9995518326759338,0.00023802657960914075
412,412,EXTERNAL_SAMPLE/0000412.png,origin_poisoned,poisoned,1,0,0,11.039228439331055,6.612846851348877,4.426381587982178,0.9880191683769226,0.011814417317509651
413,413,EXTERNAL_SAMPLE/0000413.png,origin_poisoned,poisoned,1,0,0,7.659700870513916,3.4115395545959473,4.248161315917969,0.9751112461090088,0.013934814371168613
414,414,EXTERNAL_SAMPLE/0000414.png,origin_poisoned,poisoned,1,0,0,15.920439720153809,2.5238418579101562,13.396597862243652,0.9999970197677612,1.5203031580313109e-06
415,415,EXTERNAL_SAMPLE/0000415.png,origin_poisoned,poisoned,1,0,0,23.093400955200195,3.7775299549102783,19.31587028503418,1.0,4.085301430478694e-09
416,416,EXTERNAL_SAMPLE/0000416.png,origin_poisoned,poisoned,1,0,0,6.746522903442383,4.40219259262085,2.344330310821533,0.8424942493438721,0.08080480992794037
417,417,EXTERNAL_SAMPLE/0000417.png,origin_poisoned,poisoned,1,0,0,17.250267028808594,3.4055800437927246,13.844686508178711,0.9999986886978149,9.712442761156126e-07
418,418,EXTERNAL_SAMPLE/0000418.png,origin_poisoned,poisoned,1,0,0,11.434727668762207,4.17096471786499,7.263762950897217,0.9989633560180664,0.0006997411255724728
419,419,EXTERNAL_SAMPLE/0000419.png,origin_poisoned,poisoned,1,0,0,17.448041915893555,4.838349342346191,12.609692573547363,0.9999964237213135,3.339477643748978e-06
420,420,EXTERNAL_SAMPLE/0000420.png,origin_poisoned,poisoned,1,0,0,14.609886169433594,3.565700054168701,11.044185638427734,0.9999799728393555,1.5979470845195465e-05
421,421,EXTERNAL_SAMPLE/0000421.png,origin_poisoned,poisoned,1,0,0,16.19770622253418,7.437595367431641,8.760110855102539,0.9998422861099243,0.0001568424777360633
422,422,EXTERNAL_SAMPLE/0000422.png,origin_poisoned,poisoned,1,0,0,14.005528450012207,2.768078327178955,11.237449645996094,0.9999790191650391,1.3171295904612634e-05
423,423,EXTERNAL_SAMPLE/0000423.png,origin_poisoned,poisoned,1,0,0,12.468293190002441,3.1918773651123047,9.276415824890137,0.999821126461029,9.358927491120994e-05
424,424,EXTERNAL_SAMPLE/0000424.png,origin_poisoned,poisoned,1,0,0,16.310842514038086,2.9151408672332764,13.39570140838623,0.9999977350234985,1.5216677411444834e-06
425,425,EXTERNAL_SAMPLE/0000425.png,origin_poisoned,poisoned,1,0,0,19.503971099853516,1.9639972448349,17.539974212646484,1.0,2.412603627988119e-08
426,426,EXTERNAL_SAMPLE/0000426.png,origin_poisoned,poisoned,1,0,0,21.91164779663086,0.9394480586051941,20.972200393676758,1.0,7.79631026404104e-10
427,427,EXTERNAL_SAMPLE/0000427.png,origin_poisoned,poisoned,1,0,0,11.018240928649902,1.9289681911468506,9.089272499084473,0.9995629191398621,0.00011282081686658785
428,428,EXTERNAL_SAMPLE/0000428.png,origin_poisoned,poisoned,1,0,0,11.95904541015625,1.3002903461456299,10.6587553024292,0.9998476505279541,2.3490661988034844e-05
429,429,EXTERNAL_SAMPLE/0000429.png,origin_poisoned,poisoned,1,0,0,16.760387420654297,2.0450706481933594,14.715316772460938,0.9999990463256836,4.066480414621765e-07
430,430,EXTERNAL_SAMPLE/0000430.png,origin_poisoned,poisoned,1,0,0,17.53468894958496,2.3692805767059326,15.16540813446045,0.9999996423721313,2.592667271983373e-07
431,431,EXTERNAL_SAMPLE/0000431.png,origin_poisoned,poisoned,1,0,0,7.259065628051758,6.822695255279541,0.4363703727722168,0.5980432629585266,0.38656219840049744
432,432,EXTERNAL_SAMPLE/0000432.png,origin_poisoned,poisoned,1,0,0,10.42596435546875,2.249070882797241,8.17689323425293,0.9987263083457947,0.00028071581618860364
433,433,EXTERNAL_SAMPLE/0000433.png,origin_poisoned,poisoned,1,0,0,12.370530128479004,4.152580738067627,8.217948913574219,0.9996823072433472,0.0002696820884011686
434,434,EXTERNAL_SAMPLE/0000434.png,origin_poisoned,poisoned,1,0,0,17.074888229370117,4.8879547119140625,12.186933517456055,0.9999945163726807,5.0965895752597135e-06
435,435,EXTERNAL_SAMPLE/0000435.png,origin_poisoned,poisoned,1,0,0,10.340087890625,9.948315620422363,0.3917722702026367,0.5965356230735779,0.40317338705062866
436,436,EXTERNAL_SAMPLE/0000436.png,origin_poisoned,poisoned,1,0,0,21.759206771850586,5.361268520355225,16.397937774658203,0.9999998807907104,7.559030024140156e-08
437,437,EXTERNAL_SAMPLE/0000437.png,origin_poisoned,poisoned,1,0,0,9.791868209838867,4.686061382293701,5.105806827545166,0.9932730197906494,0.006020671222358942
438,438,EXTERNAL_SAMPLE/0000438.png,origin_poisoned,poisoned,1,0,0,16.27882194519043,2.9897327423095703,13.28908920288086,0.9999969005584717,1.692858177193557e-06
439,439,EXTERNAL_SAMPLE/0000439.png,origin_poisoned,poisoned,1,0,0,12.739261627197266,3.1171250343322754,9.622137069702148,0.9998805522918701,6.623798981308937e-05
440,440,EXTERNAL_SAMPLE/0000440.png,origin_poisoned,poisoned,1,0,0,16.05054473876953,3.137178421020508,12.913366317749023,0.9999964237213135,2.4648738872201648e-06
441,441,EXTERNAL_SAMPLE/0000441.png,origin_poisoned,poisoned,1,0,0,14.987410545349121,3.0924737453460693,11.894936561584473,0.9999901056289673,6.824807769589825e-06
442,442,EXTERNAL_SAMPLE/0000442.png,origin_poisoned,poisoned,1,0,0,22.96360969543457,5.369028091430664,17.594581604003906,1.0,2.2843900993052557e-08
443,443,EXTERNAL_SAMPLE/0000443.png,origin_poisoned,poisoned,1,0,0,26.44333267211914,1.681569218635559,24.761762619018555,1.0,1.762394570559156e-11
444,444,EXTERNAL_SAMPLE/0000444.png,origin_poisoned,poisoned,1,0,0,20.54343605041504,1.570167064666748,18.973268508911133,1.0,5.7545874732056745e-09
445,445,EXTERNAL_SAMPLE/0000445.png,origin_poisoned,poisoned,1,0,0,20.698522567749023,2.404249668121338,18.294273376464844,1.0,1.1347443873432894e-08
446,446,EXTERNAL_SAMPLE/0000446.png,origin_poisoned,poisoned,1,0,0,17.188791275024414,0.6446537375450134,16.544137954711914,0.9999996423721313,6.530884633093592e-08
447,447,EXTERNAL_SAMPLE/0000447.png,origin_poisoned,poisoned,1,0,0,12.727718353271484,3.1006908416748047,9.62702751159668,0.9998754262924194,6.591450073756278e-05
448,448,EXTERNAL_SAMPLE/0000448.png,origin_poisoned,poisoned,1,0,0,22.750091552734375,2.8765413761138916,19.873550415039062,1.0,2.338981230920467e-09
449,449,EXTERNAL_SAMPLE/0000449.png,origin_poisoned,poisoned,1,0,0,18.980804443359375,4.191953182220459,14.788850784301758,0.9999996423721313,3.778187931402499e-07
450,450,EXTERNAL_SAMPLE/0000450.png,origin_poisoned,poisoned,1,0,0,23.046857833862305,1.7453577518463135,21.30150032043457,1.0,5.608877251539468e-10
451,451,EXTERNAL_SAMPLE/0000451.png,origin_poisoned,poisoned,1,0,0,16.881547927856445,2.8485562801361084,14.032991409301758,0.9999985694885254,8.045419122026942e-07
452,452,EXTERNAL_SAMPLE/0000452.png,origin_poisoned,poisoned,1,0,0,17.58055305480957,1.778715968132019,15.801836967468262,0.9999996423721313,1.371984694742423e-07
453,453,EXTERNAL_SAMPLE/0000453.png,origin_poisoned,poisoned,1,0,0,13.342720031738281,4.399440288543701,8.943279266357422,0.9998555183410645,0.00013059315097052604
454,454,EXTERNAL_SAMPLE/0000454.png,origin_poisoned,poisoned,1,0,0,17.087976455688477,2.2856080532073975,14.8023681640625,0.9999992847442627,3.727459159108548e-07
455,455,EXTERNAL_SAMPLE/0000455.png,origin_poisoned,poisoned,1,0,0,21.630264282226562,6.45799446105957,15.172269821166992,0.9999997615814209,2.574938378074876e-07
456,456,EXTERNAL_SAMPLE/0000456.png,origin_poisoned,poisoned,1,0,0,15.722774505615234,1.7347227334976196,13.988051414489746,0.9999979734420776,8.415221373070381e-07
457,457,EXTERNAL_SAMPLE/0000457.png,origin_poisoned,poisoned,1,0,0,22.62288475036621,1.084648847579956,21.538236618041992,1.0,4.426522481892903e-10
458,458,EXTERNAL_SAMPLE/0000458.png,origin_poisoned,poisoned,1,0,0,17.34296417236328,2.4468026161193848,14.896162033081055,0.9999992847442627,3.3937411103579507e-07
459,459,EXTERNAL_SAMPLE/0000459.png,origin_poisoned,poisoned,1,0,0,15.7032470703125,2.5194091796875,13.183837890625,0.9999959468841553,1.8807461401593173e-06
460,460,EXTERNAL_SAMPLE/0000460.png,origin_poisoned,poisoned,1,0,0,24.408666610717773,4.233427047729492,20.17523956298828,1.0,1.729835275021685e-09
461,461,EXTERNAL_SAMPLE/0000461.png,origin_poisoned,poisoned,1,0,0,15.018279075622559,3.551760673522949,11.46651840209961,0.9999840259552002,1.0474839655216783e-05
462,462,EXTERNAL_SAMPLE/0000462.png,origin_poisoned,poisoned,1,0,0,17.96926498413086,4.086467266082764,13.882797241210938,0.999998927116394,9.349261063107406e-07
463,463,EXTERNAL_SAMPLE/0000463.png,origin_poisoned,poisoned,1,0,0,13.320001602172852,1.7641870975494385,11.555814743041992,0.9999700784683228,9.579888683219906e-06
464,464,EXTERNAL_SAMPLE/0000464.png,origin_poisoned,poisoned,1,0,0,17.029827117919922,4.505070209503174,12.524757385253906,0.9999959468841553,3.635508846855373e-06
465,465,EXTERNAL_SAMPLE/0000465.png,origin_poisoned,poisoned,1,0,1,9.824344635009766,10.442020416259766,-0.61767578125,0.3502296805381775,0.6495403051376343
466,466,EXTERNAL_SAMPLE/0000466.png,origin_poisoned,poisoned,1,0,0,7.354063987731934,1.467355728149414,5.8867082595825195,0.9862104058265686,0.002737818518653512
467,467,EXTERNAL_SAMPLE/0000467.png,origin_poisoned,poisoned,1,0,0,11.200468063354492,4.176211357116699,7.024256706237793,0.9989262223243713,0.0008890731842257082
468,468,EXTERNAL_SAMPLE/0000468.png,origin_poisoned,poisoned,1,0,0,17.714323043823242,1.6067519187927246,16.10757064819336,0.9999997615814209,1.0105803482929332e-07
469,469,EXTERNAL_SAMPLE/0000469.png,origin_poisoned,poisoned,1,0,0,16.139728546142578,3.974644184112549,12.165084838867188,0.9999936819076538,5.209164100961061e-06
470,470,EXTERNAL_SAMPLE/0000470.png,origin_poisoned,poisoned,1,0,0,20.4952449798584,1.910909652709961,18.584335327148438,1.0,8.490352421119951e-09
471,471,EXTERNAL_SAMPLE/0000471.png,origin_poisoned,poisoned,1,0,0,15.73890495300293,3.1429080963134766,12.595996856689453,0.999995231628418,3.3855249057523906e-06
472,472,EXTERNAL_SAMPLE/0000472.png,origin_poisoned,poisoned,1,0,0,15.925457000732422,2.3015472888946533,13.623909950256348,0.9999977350234985,1.2111839851058903e-06
473,473,EXTERNAL_SAMPLE/0000473.png,origin_poisoned,poisoned,1,0,0,23.060335159301758,1.7217628955841064,21.338571548461914,1.0,5.404756087123985e-10
474,474,EXTERNAL_SAMPLE/0000474.png,origin_poisoned,poisoned,1,0,0,17.92517852783203,3.619746446609497,14.305432319641113,0.9999992847442627,6.126738298917189e-07
475,475,EXTERNAL_SAMPLE/0000475.png,origin_poisoned,poisoned,1,0,0,19.749284744262695,1.4238969087600708,18.325387954711914,1.0,1.0999809063605426e-08
476,476,EXTERNAL_SAMPLE/0000476.png,origin_poisoned,poisoned,1,0,0,15.229852676391602,4.598516941070557,10.631336212158203,0.9999736547470093,2.4146705982275307e-05
477,477,EXTERNAL_SAMPLE/0000477.png,origin_poisoned,poisoned,1,0,0,11.521004676818848,3.134854555130005,8.386150360107422,0.9996168613433838,0.00022791595256421715
478,478,EXTERNAL_SAMPLE/0000478.png,origin_poisoned,poisoned,1,0,0,20.333541870117188,1.1484551429748535,19.185087203979492,1.0,4.656102170486065e-09
479,479,EXTERNAL_SAMPLE/0000479.png,origin_poisoned,poisoned,1,0,0,9.504827499389648,7.676983833312988,1.8278436660766602,0.860537588596344,0.13833989202976227
480,480,EXTERNAL_SAMPLE/0000480.png,origin_poisoned,poisoned,1,0,0,9.15678596496582,6.451792240142822,2.704993724822998,0.9352157115936279,0.06253856420516968
481,481,EXTERNAL_SAMPLE/0000481.png,origin_poisoned,poisoned,1,0,0,20.842838287353516,3.3685686588287354,17.47426986694336,1.0,2.5764459010702012e-08
482,482,EXTERNAL_SAMPLE/0000482.png,origin_poisoned,poisoned,1,0,0,11.249452590942383,4.386427402496338,6.863025188446045,0.9987323880195618,0.0010444199433550239
483,483,EXTERNAL_SAMPLE/0000483.png,origin_poisoned,poisoned,1,0,0,12.47309684753418,2.9925894737243652,9.480506896972656,0.9998756647109985,7.631575135746971e-05
484,484,EXTERNAL_SAMPLE/0000484.png,origin_poisoned,poisoned,1,0,0,20.401748657226562,2.6102399826049805,17.791507720947266,1.0,1.8760585973609523e-08
485,485,EXTERNAL_SAMPLE/0000485.png,origin_poisoned,poisoned,1,0,0,23.79120445251465,3.2237162590026855,20.567487716674805,1.0,1.1685669099037455e-09
486,486,EXTERNAL_SAMPLE/0000486.png,origin_poisoned,poisoned,1,0,0,17.03211784362793,2.4833827018737793,14.548734664916992,0.999998927116394,4.803573006029183e-07
487,487,EXTERNAL_SAMPLE/0000487.png,origin_poisoned,poisoned,1,0,0,20.6912841796875,2.8568456172943115,17.83443832397461,1.0,1.7972224597428976e-08
488,488,EXTERNAL_SAMPLE/0000488.png,origin_poisoned,poisoned,1,0,0,19.70827865600586,3.2766382694244385,16.431640625,0.9999998807907104,7.308513971793218e-08
489,489,EXTERNAL_SAMPLE/0000489.png,origin_poisoned,poisoned,1,0,0,18.858243942260742,3.0899717807769775,15.768272399902344,0.9999997615814209,1.4188165664563712e-07
490,490,EXTERNAL_SAMPLE/0000490.png,origin_poisoned,poisoned,1,0,0,17.76993179321289,5.74696159362793,12.022970199584961,0.9999938011169434,6.004650003887946e-06
491,491,EXTERNAL_SAMPLE/0000491.png,origin_poisoned,poisoned,1,0,0,15.04934024810791,3.787306308746338,11.262033462524414,0.9999839067459106,1.2851506653532851e-05
492,492,EXTERNAL_SAMPLE/0000492.png,origin_poisoned,poisoned,1,0,0,17.849288940429688,6.280144691467285,11.569144248962402,0.9999904632568359,9.45323336054571e-06
493,493,EXTERNAL_SAMPLE/0000493.png,origin_poisoned,poisoned,1,0,0,26.541845321655273,2.3172049522399902,24.224639892578125,1.0,3.0155919428231925e-11
494,494,EXTERNAL_SAMPLE/0000494.png,origin_poisoned,poisoned,1,0,0,10.770216941833496,5.363857269287109,5.406359672546387,0.9953052997589111,0.00446687825024128
495,495,EXTERNAL_SAMPLE/0000495.png,origin_poisoned,poisoned,1,0,0,18.867891311645508,3.652021884918213,15.215869903564453,0.9999997615814209,2.4650830710015725e-07
496,496,EXTERNAL_SAMPLE/0000496.png,origin_poisoned,poisoned,1,0,0,20.26564598083496,5.543723106384277,14.721922874450684,0.9999996423721313,4.039708016989607e-07
497,497,EXTERNAL_SAMPLE/0000497.png,origin_poisoned,poisoned,1,0,0,8.583538055419922,2.367654323577881,6.215883731842041,0.9946856498718262,0.001986835151910782
498,498,EXTERNAL_SAMPLE/0000498.png,origin_poisoned,poisoned,1,0,0,21.426525115966797,4.530597686767578,16.89592742919922,1.0,4.594010505343249e-08
499,499,EXTERNAL_SAMPLE/0000499.png,origin_poisoned,poisoned,1,0,0,21.78539276123047,3.5970120429992676,18.18838119506836,1.0,1.2614975730684819e-08
500,500,EXTERNAL_SAMPLE/0000500.png,origin_poisoned,poisoned,1,0,0,15.598686218261719,2.4512813091278076,13.147404670715332,0.9999967813491821,1.9505330328684067e-06
501,501,EXTERNAL_SAMPLE/0000501.png,origin_poisoned,poisoned,1,0,0,24.01765251159668,0.9495689272880554,23.068082809448242,1.0,9.586474669642797e-11
502,502,EXTERNAL_SAMPLE/0000502.png,origin_poisoned,poisoned,1,0,0,15.376707077026367,2.564578056335449,12.812129020690918,0.9999929666519165,2.7274702460999833e-06
503,503,EXTERNAL_SAMPLE/0000503.png,origin_poisoned,poisoned,1,0,0,18.215848922729492,3.642047643661499,14.573801040649414,0.9999995231628418,4.68466367919973e-07
504,504,EXTERNAL_SAMPLE/0000504.png,origin_poisoned,poisoned,1,0,0,15.302024841308594,3.9419424533843994,11.360082626342773,0.9999858140945435,1.165125286206603e-05
505,505,EXTERNAL_SAMPLE/0000505.png,origin_poisoned,poisoned,1,0,0,18.009109497070312,5.696056842803955,12.313053131103516,0.9999954700469971,4.4926955524715595e-06
506,506,EXTERNAL_SAMPLE/0000506.png,origin_poisoned,poisoned,1,0,0,27.073455810546875,1.1630383729934692,25.910417556762695,1.0,5.58790036811474e-12
507,507,EXTERNAL_SAMPLE/0000507.png,origin_poisoned,poisoned,1,0,0,25.660995483398438,1.7187590599060059,23.942235946655273,1.0,3.9996228551331114e-11
508,508,EXTERNAL_SAMPLE/0000508.png,origin_poisoned,poisoned,1,0,1,6.443055629730225,7.014221668243408,-0.5711660385131836,0.3526758849620819,0.6243528127670288
509,509,EXTERNAL_SAMPLE/0000509.png,origin_poisoned,poisoned,1,0,0,23.237913131713867,5.594858169555664,17.643054962158203,1.0,2.1762991408991184e-08
510,510,EXTERNAL_SAMPLE/0000510.png,origin_poisoned,poisoned,1,0,0,22.864587783813477,3.853254556655884,19.011333465576172,1.0,5.539655845154812e-09
511,511,EXTERNAL_SAMPLE/0000511.png,origin_poisoned,poisoned,1,0,0,19.81622886657715,5.514715671539307,14.301513671875,0.9999994039535522,6.150796139081649e-07
0,0,EXTERNAL_SAMPLE/0000000.png,degradation_clean,clean,0,0,0,7.886496067047119,7.886496067047119,0.0,0.9832157492637634,0.9832157492637634
1,1,EXTERNAL_SAMPLE/0000001.png,degradation_clean,clean,0,0,0,11.084905624389648,11.084905624389648,0.0,0.9996594190597534,0.9996594190597534
2,2,EXTERNAL_SAMPLE/0000002.png,degradation_clean,clean,0,0,0,11.539411544799805,11.539411544799805,0.0,0.9997438788414001,0.9997438788414001
3,3,EXTERNAL_SAMPLE/0000003.png,degradation_clean,clean,0,0,0,15.187631607055664,15.187631607055664,0.0,0.9999920129776001,0.9999920129776001
4,4,EXTERNAL_SAMPLE/0000004.png,degradation_clean,clean,0,0,8,4.919009685516357,4.919009685516357,0.0,0.4145762026309967,0.4145762026309967
5,5,EXTERNAL_SAMPLE/0000005.png,degradation_clean,clean,0,0,0,10.600811958312988,10.600811958312988,0.0,0.999466598033905,0.999466598033905
6,6,EXTERNAL_SAMPLE/0000006.png,degradation_clean,clean,0,0,0,7.879324436187744,7.879324436187744,0.0,0.9711677432060242,0.9711677432060242
7,7,EXTERNAL_SAMPLE/0000007.png,degradation_clean,clean,0,0,0,11.906111717224121,11.906111717224121,0.0,0.9993239641189575,0.9993239641189575
8,8,EXTERNAL_SAMPLE/0000008.png,degradation_clean,clean,0,0,0,13.248802185058594,13.248802185058594,0.0,0.9997969269752502,0.9997969269752502
9,9,EXTERNAL_SAMPLE/0000009.png,degradation_clean,clean,0,0,0,8.289593696594238,8.289593696594238,0.0,0.9900394082069397,0.9900394082069397
10,10,EXTERNAL_SAMPLE/0000010.png,degradation_clean,clean,0,0,0,6.973771095275879,6.973771095275879,0.0,0.8850337862968445,0.8850337862968445
11,11,EXTERNAL_SAMPLE/0000011.png,degradation_clean,clean,0,0,8,3.14670991897583,3.14670991897583,0.0,0.03035830333828926,0.03035830333828926
12,12,EXTERNAL_SAMPLE/0000012.png,degradation_clean,clean,0,0,0,8.815971374511719,8.815971374511719,0.0,0.9856933355331421,0.9856933355331421
13,13,EXTERNAL_SAMPLE/0000013.png,degradation_clean,clean,0,0,0,6.059481143951416,6.059481143951416,0.0,0.8081592321395874,0.8081592321395874
14,14,EXTERNAL_SAMPLE/0000014.png,degradation_clean,clean,0,0,0,15.881658554077148,15.881658554077148,0.0,0.9999946355819702,0.9999946355819702
15,15,EXTERNAL_SAMPLE/0000015.png,degradation_clean,clean,0,0,0,12.260554313659668,12.260554313659668,0.0,0.9996529817581177,0.9996529817581177
16,16,EXTERNAL_SAMPLE/0000016.png,degradation_clean,clean,0,0,0,3.568286895751953,3.568286895751953,0.0,0.47641652822494507,0.47641652822494507
17,17,EXTERNAL_SAMPLE/0000017.png,degradation_clean,clean,0,0,0,13.65718936920166,13.65718936920166,0.0,0.999962329864502,0.999962329864502
18,18,EXTERNAL_SAMPLE/0000018.png,degradation_clean,clean,0,0,0,10.499837875366211,10.499837875366211,0.0,0.9981825351715088,0.9981825351715088
19,19,EXTERNAL_SAMPLE/0000019.png,degradation_clean,clean,0,0,0,8.435625076293945,8.435625076293945,0.0,0.9408539533615112,0.9408539533615112
20,20,EXTERNAL_SAMPLE/0000020.png,degradation_clean,clean,0,0,0,15.592815399169922,15.592815399169922,0.0,0.9999957084655762,0.9999957084655762
21,21,EXTERNAL_SAMPLE/0000021.png,degradation_clean,clean,0,0,8,2.669001579284668,2.669001579284668,0.0,0.16910307109355927,0.16910307109355927
22,22,EXTERNAL_SAMPLE/0000022.png,degradation_clean,clean,0,0,0,7.419146537780762,7.419146537780762,0.0,0.9805130958557129,0.9805130958557129
23,23,EXTERNAL_SAMPLE/0000023.png,degradation_clean,clean,0,0,0,9.072697639465332,9.072697639465332,0.0,0.997418999671936,0.997418999671936
24,24,EXTERNAL_SAMPLE/0000024.png,degradation_clean,clean,0,0,5,5.475536823272705,5.475536823272705,0.0,0.40075182914733887,0.40075182914733887
25,25,EXTERNAL_SAMPLE/0000025.png,degradation_clean,clean,0,0,0,12.3485689163208,12.3485689163208,0.0,0.999755322933197,0.999755322933197
26,26,EXTERNAL_SAMPLE/0000026.png,degradation_clean,clean,0,0,0,4.331465244293213,4.331465244293213,0.0,0.4268870949745178,0.4268870949745178
27,27,EXTERNAL_SAMPLE/0000027.png,degradation_clean,clean,0,0,0,14.469101905822754,14.469101905822754,0.0,0.9999476671218872,0.9999476671218872
28,28,EXTERNAL_SAMPLE/0000028.png,degradation_clean,clean,0,0,0,7.179407596588135,7.179407596588135,0.0,0.9570732116699219,0.9570732116699219
29,29,EXTERNAL_SAMPLE/0000029.png,degradation_clean,clean,0,0,0,9.999736785888672,9.999736785888672,0.0,0.9981022477149963,0.9981022477149963
30,30,EXTERNAL_SAMPLE/0000030.png,degradation_clean,clean,0,0,0,17.673358917236328,17.673358917236328,0.0,0.9999994039535522,0.9999994039535522
31,31,EXTERNAL_SAMPLE/0000031.png,degradation_clean,clean,0,0,0,8.978348731994629,8.978348731994629,0.0,0.9910139441490173,0.9910139441490173
32,32,EXTERNAL_SAMPLE/0000032.png,degradation_clean,clean,0,0,0,9.621724128723145,9.621724128723145,0.0,0.9946264624595642,0.9946264624595642
33,33,EXTERNAL_SAMPLE/0000033.png,degradation_clean,clean,0,0,0,9.308465957641602,9.308465957641602,0.0,0.9974833130836487,0.9974833130836487
34,34,EXTERNAL_SAMPLE/0000034.png,degradation_clean,clean,0,0,2,4.1461615562438965,4.1461615562438965,0.0,0.007053321693092585,0.007053321693092585
35,35,EXTERNAL_SAMPLE/0000035.png,degradation_clean,clean,0,0,0,7.534290313720703,7.534290313720703,0.0,0.9337389469146729,0.9337389469146729
36,36,EXTERNAL_SAMPLE/0000036.png,degradation_clean,clean,0,0,0,12.016777992248535,12.016777992248535,0.0,0.9996907711029053,0.9996907711029053
37,37,EXTERNAL_SAMPLE/0000037.png,degradation_clean,clean,0,0,8,4.224023818969727,4.224023818969727,0.0,0.31166818737983704,0.31166818737983704
38,38,EXTERNAL_SAMPLE/0000038.png,degradation_clean,clean,0,0,0,11.670676231384277,11.670676231384277,0.0,0.9997768998146057,0.9997768998146057
39,39,EXTERNAL_SAMPLE/0000039.png,degradation_clean,clean,0,0,0,13.596695899963379,13.596695899963379,0.0,0.9999125003814697,0.9999125003814697
40,40,EXTERNAL_SAMPLE/0000040.png,degradation_clean,clean,0,0,0,7.715256214141846,7.715256214141846,0.0,0.9702971577644348,0.9702971577644348
41,41,EXTERNAL_SAMPLE/0000041.png,degradation_clean,clean,0,0,0,13.240518569946289,13.240518569946289,0.0,0.9977678060531616,0.9977678060531616
42,42,EXTERNAL_SAMPLE/0000042.png,degradation_clean,clean,0,0,0,15.168356895446777,15.168356895446777,0.0,0.9999898672103882,0.9999898672103882
43,43,EXTERNAL_SAMPLE/0000043.png,degradation_clean,clean,0,0,0,9.622337341308594,9.622337341308594,0.0,0.9984381794929504,0.9984381794929504
44,44,EXTERNAL_SAMPLE/0000044.png,degradation_clean,clean,0,0,0,5.738722801208496,5.738722801208496,0.0,0.7423156499862671,0.7423156499862671
45,45,EXTERNAL_SAMPLE/0000045.png,degradation_clean,clean,0,0,0,11.471879959106445,11.471879959106445,0.0,0.9991022348403931,0.9991022348403931
46,46,EXTERNAL_SAMPLE/0000046.png,degradation_clean,clean,0,0,0,13.109265327453613,13.109265327453613,0.0,0.9998162388801575,0.9998162388801575
47,47,EXTERNAL_SAMPLE/0000047.png,degradation_clean,clean,0,0,0,7.874561309814453,7.874561309814453,0.0,0.9360897541046143,0.9360897541046143
48,48,EXTERNAL_SAMPLE/0000048.png,degradation_clean,clean,0,0,0,13.250811576843262,13.250811576843262,0.0,0.9998227953910828,0.9998227953910828
49,49,EXTERNAL_SAMPLE/0000049.png,degradation_clean,clean,0,0,0,5.715119361877441,5.715119361877441,0.0,0.6770039200782776,0.6770039200782776
50,50,EXTERNAL_SAMPLE/0000050.png,degradation_clean,clean,0,0,0,8.758047103881836,8.758047103881836,0.0,0.9938145875930786,0.9938145875930786
51,51,EXTERNAL_SAMPLE/0000051.png,degradation_clean,clean,0,0,0,9.708578109741211,9.708578109741211,0.0,0.9951674938201904,0.9951674938201904
52,52,EXTERNAL_SAMPLE/0000052.png,degradation_clean,clean,0,0,0,9.958312034606934,9.958312034606934,0.0,0.998556911945343,0.998556911945343
53,53,EXTERNAL_SAMPLE/0000053.png,degradation_clean,clean,0,0,0,6.430470943450928,6.430470943450928,0.0,0.9342098832130432,0.9342098832130432
54,54,EXTERNAL_SAMPLE/0000054.png,degradation_clean,clean,0,0,0,7.484133720397949,7.484133720397949,0.0,0.9358802437782288,0.9358802437782288
55,55,EXTERNAL_SAMPLE/0000055.png,degradation_clean,clean,0,0,0,12.88616943359375,12.88616943359375,0.0,0.9999407529830933,0.9999407529830933
56,56,EXTERNAL_SAMPLE/0000056.png,degradation_clean,clean,0,0,8,5.645322799682617,5.645322799682617,0.0,0.24754886329174042,0.24754886329174042
57,57,EXTERNAL_SAMPLE/0000057.png,degradation_clean,clean,0,0,0,8.064120292663574,8.064120292663574,0.0,0.9544659852981567,0.9544659852981567
58,58,EXTERNAL_SAMPLE/0000058.png,degradation_clean,clean,0,0,0,8.003968238830566,8.003968238830566,0.0,0.9595416784286499,0.9595416784286499
59,59,EXTERNAL_SAMPLE/0000059.png,degradation_clean,clean,0,0,8,2.9435322284698486,2.9435322284698486,0.0,0.03695002570748329,0.03695002570748329
60,60,EXTERNAL_SAMPLE/0000060.png,degradation_clean,clean,0,0,0,8.45870304107666,8.45870304107666,0.0,0.9918346405029297,0.9918346405029297
61,61,EXTERNAL_SAMPLE/0000061.png,degradation_clean,clean,0,0,0,9.840968132019043,9.840968132019043,0.0,0.998331606388092,0.998331606388092
62,62,EXTERNAL_SAMPLE/0000062.png,degradation_clean,clean,0,0,0,7.155281066894531,7.155281066894531,0.0,0.9604650735855103,0.9604650735855103
63,63,EXTERNAL_SAMPLE/0000063.png,degradation_clean,clean,0,0,0,7.302081108093262,7.302081108093262,0.0,0.8052728772163391,0.8052728772163391
64,64,EXTERNAL_SAMPLE/0000064.png,degradation_clean,clean,0,0,0,11.091612815856934,11.091612815856934,0.0,0.9990341663360596,0.9990341663360596
65,65,EXTERNAL_SAMPLE/0000065.png,degradation_clean,clean,0,0,0,11.862951278686523,11.862951278686523,0.0,0.988134503364563,0.988134503364563
66,66,EXTERNAL_SAMPLE/0000066.png,degradation_clean,clean,0,0,0,8.456007957458496,8.456007957458496,0.0,0.9878580570220947,0.9878580570220947
67,67,EXTERNAL_SAMPLE/0000067.png,degradation_clean,clean,0,0,0,7.533505916595459,7.533505916595459,0.0,0.9685007333755493,0.9685007333755493
68,68,EXTERNAL_SAMPLE/0000068.png,degradation_clean,clean,0,0,0,10.220958709716797,10.220958709716797,0.0,0.9972385168075562,0.9972385168075562
69,69,EXTERNAL_SAMPLE/0000069.png,degradation_clean,clean,0,0,0,12.36302375793457,12.36302375793457,0.0,0.9998635053634644,0.9998635053634644
70,70,EXTERNAL_SAMPLE/0000070.png,degradation_clean,clean,0,0,0,13.483588218688965,13.483588218688965,0.0,0.9998818635940552,0.9998818635940552
71,71,EXTERNAL_SAMPLE/0000071.png,degradation_clean,clean,0,0,0,5.005237579345703,5.005237579345703,0.0,0.6928629279136658,0.6928629279136658
72,72,EXTERNAL_SAMPLE/0000072.png,degradation_clean,clean,0,0,0,13.386380195617676,13.386380195617676,0.0,0.9999349117279053,0.9999349117279053
73,73,EXTERNAL_SAMPLE/0000073.png,degradation_clean,clean,0,0,0,10.349515914916992,10.349515914916992,0.0,0.9986674785614014,0.9986674785614014
74,74,EXTERNAL_SAMPLE/0000074.png,degradation_clean,clean,0,0,5,2.6405556201934814,2.6405556201934814,0.0,0.14477472007274628,0.14477472007274628
75,75,EXTERNAL_SAMPLE/0000075.png,degradation_clean,clean,0,0,0,10.449270248413086,10.449270248413086,0.0,0.9989022016525269,0.9989022016525269
76,76,EXTERNAL_SAMPLE/0000076.png,degradation_clean,clean,0,0,0,18.504243850708008,18.504243850708008,0.0,0.9999998807907104,0.9999998807907104
77,77,EXTERNAL_SAMPLE/0000077.png,degradation_clean,clean,0,0,0,9.230745315551758,9.230745315551758,0.0,0.9919949769973755,0.9919949769973755
78,78,EXTERNAL_SAMPLE/0000078.png,degradation_clean,clean,0,0,0,8.352068901062012,8.352068901062012,0.0,0.9915745854377747,0.9915745854377747
79,79,EXTERNAL_SAMPLE/0000079.png,degradation_clean,clean,0,0,0,16.918739318847656,16.918739318847656,0.0,0.9999983310699463,0.9999983310699463
80,80,EXTERNAL_SAMPLE/0000080.png,degradation_clean,clean,0,0,0,10.11080551147461,10.11080551147461,0.0,0.9938691258430481,0.9938691258430481
81,81,EXTERNAL_SAMPLE/0000081.png,degradation_clean,clean,0,0,0,11.068717956542969,11.068717956542969,0.0,0.9977672100067139,0.9977672100067139
82,82,EXTERNAL_SAMPLE/0000082.png,degradation_clean,clean,0,0,0,6.064456939697266,6.064456939697266,0.0,0.7701586484909058,0.7701586484909058
83,83,EXTERNAL_SAMPLE/0000083.png,degradation_clean,clean,0,0,0,10.240673065185547,10.240673065185547,0.0,0.9982596039772034,0.9982596039772034
84,84,EXTERNAL_SAMPLE/0000084.png,degradation_clean,clean,0,0,0,9.326629638671875,9.326629638671875,0.0,0.9963489770889282,0.9963489770889282
85,85,EXTERNAL_SAMPLE/0000085.png,degradation_clean,clean,0,0,0,18.125621795654297,18.125621795654297,0.0,0.9999997615814209,0.9999997615814209
86,86,EXTERNAL_SAMPLE/0000086.png,degradation_clean,clean,0,0,0,7.844076633453369,7.844076633453369,0.0,0.9799984097480774,0.9799984097480774
87,87,EXTERNAL_SAMPLE/0000087.png,degradation_clean,clean,0,0,0,10.013400077819824,10.013400077819824,0.0,0.9966884255409241,0.9966884255409241
88,88,EXTERNAL_SAMPLE/0000088.png,degradation_clean,clean,0,0,0,12.767339706420898,12.767339706420898,0.0,0.9997164607048035,0.9997164607048035
89,89,EXTERNAL_SAMPLE/0000089.png,degradation_clean,clean,0,0,0,7.230943202972412,7.230943202972412,0.0,0.5677251815795898,0.5677251815795898
90,90,EXTERNAL_SAMPLE/0000090.png,degradation_clean,clean,0,0,0,4.94017219543457,4.94017219543457,0.0,0.6179184317588806,0.6179184317588806
91,91,EXTERNAL_SAMPLE/0000091.png,degradation_clean,clean,0,0,0,9.396982192993164,9.396982192993164,0.0,0.9913642406463623,0.9913642406463623
92,92,EXTERNAL_SAMPLE/0000092.png,degradation_clean,clean,0,0,8,3.427791118621826,3.427791118621826,0.0,0.08612882345914841,0.08612882345914841
93,93,EXTERNAL_SAMPLE/0000093.png,degradation_clean,clean,0,0,8,4.476338863372803,4.476338863372803,0.0,0.20699630677700043,0.20699630677700043
94,94,EXTERNAL_SAMPLE/0000094.png,degradation_clean,clean,0,0,8,3.18782114982605,3.18782114982605,0.0,0.07052343338727951,0.07052343338727951
95,95,EXTERNAL_SAMPLE/0000095.png,degradation_clean,clean,0,0,5,3.0213234424591064,3.0213234424591064,0.0,0.13491754233837128,0.13491754233837128
96,96,EXTERNAL_SAMPLE/0000096.png,degradation_clean,clean,0,0,0,5.627617835998535,5.627617835998535,0.0,0.7666431069374084,0.7666431069374084
97,97,EXTERNAL_SAMPLE/0000097.png,degradation_clean,clean,0,0,0,8.728291511535645,8.728291511535645,0.0,0.9827876091003418,0.9827876091003418
98,98,EXTERNAL_SAMPLE/0000098.png,degradation_clean,clean,0,0,0,6.783782482147217,6.783782482147217,0.0,0.7818295955657959,0.7818295955657959
99,99,EXTERNAL_SAMPLE/0000099.png,degradation_clean,clean,0,0,0,6.574326992034912,6.574326992034912,0.0,0.9373364448547363,0.9373364448547363
100,100,EXTERNAL_SAMPLE/0000100.png,degradation_clean,clean,0,0,0,8.10580062866211,8.10580062866211,0.0,0.9753100872039795,0.9753100872039795
101,101,EXTERNAL_SAMPLE/0000101.png,degradation_clean,clean,0,0,0,5.187868595123291,5.187868595123291,0.0,0.8347025513648987,0.8347025513648987
102,102,EXTERNAL_SAMPLE/0000102.png,degradation_clean,clean,0,0,0,8.984976768493652,8.984976768493652,0.0,0.9900604486465454,0.9900604486465454
103,103,EXTERNAL_SAMPLE/0000103.png,degradation_clean,clean,0,0,0,17.075847625732422,17.075847625732422,0.0,0.9999991655349731,0.9999991655349731
104,104,EXTERNAL_SAMPLE/0000104.png,degradation_clean,clean,0,0,0,10.388066291809082,10.388066291809082,0.0,0.9946735501289368,0.9946735501289368
105,105,EXTERNAL_SAMPLE/0000105.png,degradation_clean,clean,0,0,0,9.796442031860352,9.796442031860352,0.0,0.9979390501976013,0.9979390501976013
106,106,EXTERNAL_SAMPLE/0000106.png,degradation_clean,clean,0,0,0,8.503400802612305,8.503400802612305,0.0,0.9799515604972839,0.9799515604972839
107,107,EXTERNAL_SAMPLE/0000107.png,degradation_clean,clean,0,0,0,11.942989349365234,11.942989349365234,0.0,0.9997240900993347,0.9997240900993347
108,108,EXTERNAL_SAMPLE/0000108.png,degradation_clean,clean,0,0,0,13.694671630859375,13.694671630859375,0.0,0.9999302625656128,0.9999302625656128
109,109,EXTERNAL_SAMPLE/0000109.png,degradation_clean,clean,0,0,0,7.3307318687438965,7.3307318687438965,0.0,0.8193702697753906,0.8193702697753906
110,110,EXTERNAL_SAMPLE/0000110.png,degradation_clean,clean,0,0,0,10.5363130569458,10.5363130569458,0.0,0.9979954957962036,0.9979954957962036
111,111,EXTERNAL_SAMPLE/0000111.png,degradation_clean,clean,0,0,0,9.131786346435547,9.131786346435547,0.0,0.9951130747795105,0.9951130747795105
112,112,EXTERNAL_SAMPLE/0000112.png,degradation_clean,clean,0,0,0,14.26543140411377,14.26543140411377,0.0,0.9999575614929199,0.9999575614929199
113,113,EXTERNAL_SAMPLE/0000113.png,degradation_clean,clean,0,0,0,4.494295597076416,4.494295597076416,0.0,0.7444853186607361,0.7444853186607361
114,114,EXTERNAL_SAMPLE/0000114.png,degradation_clean,clean,0,0,8,4.742928504943848,4.742928504943848,0.0,0.0409233383834362,0.0409233383834362
115,115,EXTERNAL_SAMPLE/0000115.png,degradation_clean,clean,0,0,0,11.854474067687988,11.854474067687988,0.0,0.9961890578269958,0.9961890578269958
116,116,EXTERNAL_SAMPLE/0000116.png,degradation_clean,clean,0,0,0,6.247908115386963,6.247908115386963,0.0,0.9043957591056824,0.9043957591056824
117,117,EXTERNAL_SAMPLE/0000117.png,degradation_clean,clean,0,0,0,6.8874287605285645,6.8874287605285645,0.0,0.7242130041122437,0.7242130041122437
118,118,EXTERNAL_SAMPLE/0000118.png,degradation_clean,clean,0,0,0,9.036656379699707,9.036656379699707,0.0,0.9969364404678345,0.9969364404678345
119,119,EXTERNAL_SAMPLE/0000119.png,degradation_clean,clean,0,0,0,7.778192520141602,7.778192520141602,0.0,0.9817966222763062,0.9817966222763062
120,120,EXTERNAL_SAMPLE/0000120.png,degradation_clean,clean,0,0,0,10.018086433410645,10.018086433410645,0.0,0.9970605969429016,0.9970605969429016
121,121,EXTERNAL_SAMPLE/0000121.png,degradation_clean,clean,0,0,0,15.314964294433594,15.314964294433594,0.0,0.9999392032623291,0.9999392032623291
122,122,EXTERNAL_SAMPLE/0000122.png,degradation_clean,clean,0,0,0,11.324629783630371,11.324629783630371,0.0,0.9988638162612915,0.9988638162612915
123,123,EXTERNAL_SAMPLE/0000123.png,degradation_clean,clean,0,0,0,10.866305351257324,10.866305351257324,0.0,0.9994725584983826,0.9994725584983826
124,124,EXTERNAL_SAMPLE/0000124.png,degradation_clean,clean,0,0,0,7.140199661254883,7.140199661254883,0.0,0.854826033115387,0.854826033115387
125,125,EXTERNAL_SAMPLE/0000125.png,degradation_clean,clean,0,0,0,10.794092178344727,10.794092178344727,0.0,0.9991169571876526,0.9991169571876526
126,126,EXTERNAL_SAMPLE/0000126.png,degradation_clean,clean,0,0,0,10.044534683227539,10.044534683227539,0.0,0.9982336759567261,0.9982336759567261
127,127,EXTERNAL_SAMPLE/0000127.png,degradation_clean,clean,0,0,0,6.74169397354126,6.74169397354126,0.0,0.9234355688095093,0.9234355688095093
128,128,EXTERNAL_SAMPLE/0000128.png,degradation_clean,clean,0,0,0,10.753491401672363,10.753491401672363,0.0,0.9984063506126404,0.9984063506126404
129,129,EXTERNAL_SAMPLE/0000129.png,degradation_clean,clean,0,0,0,9.43547248840332,9.43547248840332,0.0,0.993243396282196,0.993243396282196
130,130,EXTERNAL_SAMPLE/0000130.png,degradation_clean,clean,0,0,0,12.016307830810547,12.016307830810547,0.0,0.9996694326400757,0.9996694326400757
131,131,EXTERNAL_SAMPLE/0000131.png,degradation_clean,clean,0,0,0,10.997143745422363,10.997143745422363,0.0,0.999388575553894,0.999388575553894
132,132,EXTERNAL_SAMPLE/0000132.png,degradation_clean,clean,0,0,8,2.85908579826355,2.85908579826355,0.0,0.0013721537543460727,0.0013721537543460727
133,133,EXTERNAL_SAMPLE/0000133.png,degradation_clean,clean,0,0,0,11.593965530395508,11.593965530395508,0.0,0.9995126724243164,0.9995126724243164
134,134,EXTERNAL_SAMPLE/0000134.png,degradation_clean,clean,0,0,0,10.844343185424805,10.844343185424805,0.0,0.9995672106742859,0.9995672106742859
135,135,EXTERNAL_SAMPLE/0000135.png,degradation_clean,clean,0,0,0,17.209136962890625,17.209136962890625,0.0,0.9999991655349731,0.9999991655349731
136,136,EXTERNAL_SAMPLE/0000136.png,degradation_clean,clean,0,0,0,13.663264274597168,13.663264274597168,0.0,0.9997109770774841,0.9997109770774841
137,137,EXTERNAL_SAMPLE/0000137.png,degradation_clean,clean,0,0,0,11.30412483215332,11.30412483215332,0.0,0.9995778203010559,0.9995778203010559
138,138,EXTERNAL_SAMPLE/0000138.png,degradation_clean,clean,0,0,0,9.365593910217285,9.365593910217285,0.0,0.9960399866104126,0.9960399866104126
139,139,EXTERNAL_SAMPLE/0000139.png,degradation_clean,clean,0,0,0,7.650586128234863,7.650586128234863,0.0,0.9612761735916138,0.9612761735916138
140,140,EXTERNAL_SAMPLE/0000140.png,degradation_clean,clean,0,0,0,6.893359661102295,6.893359661102295,0.0,0.8854069113731384,0.8854069113731384
141,141,EXTERNAL_SAMPLE/0000141.png,degradation_clean,clean,0,0,8,5.807280540466309,5.807280540466309,0.0,0.2766369879245758,0.2766369879245758
142,142,EXTERNAL_SAMPLE/0000142.png,degradation_clean,clean,0,0,0,18.049331665039062,18.049331665039062,0.0,0.9999997615814209,0.9999997615814209
143,143,EXTERNAL_SAMPLE/0000143.png,degradation_clean,clean,0,0,0,5.508172035217285,5.508172035217285,0.0,0.7218102812767029,0.7218102812767029
144,144,EXTERNAL_SAMPLE/0000144.png,degradation_clean,clean,0,0,0,12.91265869140625,12.91265869140625,0.0,0.9997172951698303,0.9997172951698303
145,145,EXTERNAL_SAMPLE/0000145.png,degradation_clean,clean,0,0,0,6.842825412750244,6.842825412750244,0.0,0.9068870544433594,0.9068870544433594
146,146,EXTERNAL_SAMPLE/0000146.png,degradation_clean,clean,0,0,8,3.6022753715515137,3.6022753715515137,0.0,0.2859368622303009,0.2859368622303009
147,147,EXTERNAL_SAMPLE/0000147.png,degradation_clean,clean,0,0,0,8.346844673156738,8.346844673156738,0.0,0.9906702041625977,0.9906702041625977
148,148,EXTERNAL_SAMPLE/0000148.png,degradation_clean,clean,0,0,8,2.8222851753234863,2.8222851753234863,0.0,0.12434329092502594,0.12434329092502594
149,149,EXTERNAL_SAMPLE/0000149.png,degradation_clean,clean,0,0,0,6.72476053237915,6.72476053237915,0.0,0.5871686339378357,0.5871686339378357
150,150,EXTERNAL_SAMPLE/0000150.png,degradation_clean,clean,0,0,0,7.798945426940918,7.798945426940918,0.0,0.9818273186683655,0.9818273186683655
151,151,EXTERNAL_SAMPLE/0000151.png,degradation_clean,clean,0,0,9,1.981710433959961,1.981710433959961,0.0,0.017148369923233986,0.017148369923233986
152,152,EXTERNAL_SAMPLE/0000152.png,degradation_clean,clean,0,0,0,10.56371784210205,10.56371784210205,0.0,0.9879971742630005,0.9879971742630005
153,153,EXTERNAL_SAMPLE/0000153.png,degradation_clean,clean,0,0,8,2.6837053298950195,2.6837053298950195,0.0,0.15465646982192993,0.15465646982192993
154,154,EXTERNAL_SAMPLE/0000154.png,degradation_clean,clean,0,0,0,8.19017505645752,8.19017505645752,0.0,0.9836521148681641,0.9836521148681641
155,155,EXTERNAL_SAMPLE/0000155.png,degradation_clean,clean,0,0,0,11.478070259094238,11.478070259094238,0.0,0.9994121789932251,0.9994121789932251
156,156,EXTERNAL_SAMPLE/0000156.png,degradation_clean,clean,0,0,8,4.31545877456665,4.31545877456665,0.0,0.11134850233793259,0.11134850233793259
157,157,EXTERNAL_SAMPLE/0000157.png,degradation_clean,clean,0,0,0,7.854525566101074,7.854525566101074,0.0,0.9873254299163818,0.9873254299163818
158,158,EXTERNAL_SAMPLE/0000158.png,degradation_clean,clean,0,0,0,11.509374618530273,11.509374618530273,0.0,0.9996240139007568,0.9996240139007568
159,159,EXTERNAL_SAMPLE/0000159.png,degradation_clean,clean,0,0,0,7.8368000984191895,7.8368000984191895,0.0,0.9890234470367432,0.9890234470367432
160,160,EXTERNAL_SAMPLE/0000160.png,degradation_clean,clean,0,0,8,2.089871406555176,2.089871406555176,0.0,0.0708758682012558,0.0708758682012558
161,161,EXTERNAL_SAMPLE/0000161.png,degradation_clean,clean,0,0,1,1.686946153640747,1.686946153640747,0.0,0.058811403810977936,0.058811403810977936
162,162,EXTERNAL_SAMPLE/0000162.png,degradation_clean,clean,0,0,3,0.8358637690544128,0.8358637690544128,0.0,0.023124221712350845,0.023124221712350845
163,163,EXTERNAL_SAMPLE/0000163.png,degradation_clean,clean,0,0,1,3.5618085861206055,3.5618085861206055,0.0,0.170410618185997,0.170410618185997
164,164,EXTERNAL_SAMPLE/0000164.png,degradation_clean,clean,0,0,0,8.983628273010254,8.983628273010254,0.0,0.9883210062980652,0.9883210062980652
165,165,EXTERNAL_SAMPLE/0000165.png,degradation_clean,clean,0,0,8,4.063195705413818,4.063195705413818,0.0,0.27089810371398926,0.27089810371398926
166,166,EXTERNAL_SAMPLE/0000166.png,degradation_clean,clean,0,0,8,4.383691787719727,4.383691787719727,0.0,0.012089108116924763,0.012089108116924763
167,167,EXTERNAL_SAMPLE/0000167.png,degradation_clean,clean,0,0,0,8.018989562988281,8.018989562988281,0.0,0.9662600755691528,0.9662600755691528
168,168,EXTERNAL_SAMPLE/0000168.png,degradation_clean,clean,0,0,0,12.426957130432129,12.426957130432129,0.0,0.9998480081558228,0.9998480081558228
169,169,EXTERNAL_SAMPLE/0000169.png,degradation_clean,clean,0,0,0,6.943300247192383,6.943300247192383,0.0,0.7599931359291077,0.7599931359291077
170,170,EXTERNAL_SAMPLE/0000170.png,degradation_clean,clean,0,0,0,8.149053573608398,8.149053573608398,0.0,0.9582149982452393,0.9582149982452393
171,171,EXTERNAL_SAMPLE/0000171.png,degradation_clean,clean,0,0,1,1.9301631450653076,1.9301631450653076,0.0,0.08808733522891998,0.08808733522891998
172,172,EXTERNAL_SAMPLE/0000172.png,degradation_clean,clean,0,0,0,11.075518608093262,11.075518608093262,0.0,0.9994657635688782,0.9994657635688782
173,173,EXTERNAL_SAMPLE/0000173.png,degradation_clean,clean,0,0,0,5.210536956787109,5.210536956787109,0.0,0.577773928642273,0.577773928642273
174,174,EXTERNAL_SAMPLE/0000174.png,degradation_clean,clean,0,0,8,2.3992862701416016,2.3992862701416016,0.0,0.055808357894420624,0.055808357894420624
175,175,EXTERNAL_SAMPLE/0000175.png,degradation_clean,clean,0,0,0,5.958823204040527,5.958823204040527,0.0,0.8470031023025513,0.8470031023025513
176,176,EXTERNAL_SAMPLE/0000176.png,degradation_clean,clean,0,0,8,6.411490440368652,6.411490440368652,0.0,0.29943332076072693,0.29943332076072693
177,177,EXTERNAL_SAMPLE/0000177.png,degradation_clean,clean,0,0,0,9.674614906311035,9.674614906311035,0.0,0.9938418865203857,0.9938418865203857
178,178,EXTERNAL_SAMPLE/0000178.png,degradation_clean,clean,0,0,0,13.805920600891113,13.805920600891113,0.0,0.9999747276306152,0.9999747276306152
179,179,EXTERNAL_SAMPLE/0000179.png,degradation_clean,clean,0,0,0,14.7978515625,14.7978515625,0.0,0.9999891519546509,0.9999891519546509
180,180,EXTERNAL_SAMPLE/0000180.png,degradation_clean,clean,0,0,0,6.030742645263672,6.030742645263672,0.0,0.6026043891906738,0.6026043891906738
181,181,EXTERNAL_SAMPLE/0000181.png,degradation_clean,clean,0,0,0,11.25457763671875,11.25457763671875,0.0,0.9991846680641174,0.9991846680641174
182,182,EXTERNAL_SAMPLE/0000182.png,degradation_clean,clean,0,0,0,9.461153030395508,9.461153030395508,0.0,0.9967039227485657,0.9967039227485657
183,183,EXTERNAL_SAMPLE/0000183.png,degradation_clean,clean,0,0,0,12.770913124084473,12.770913124084473,0.0,0.9998559951782227,0.9998559951782227
184,184,EXTERNAL_SAMPLE/0000184.png,degradation_clean,clean,0,0,0,8.86993408203125,8.86993408203125,0.0,0.9962425231933594,0.9962425231933594
185,185,EXTERNAL_SAMPLE/0000185.png,degradation_clean,clean,0,0,8,5.719239711761475,5.719239711761475,0.0,0.43119511008262634,0.43119511008262634
186,186,EXTERNAL_SAMPLE/0000186.png,degradation_clean,clean,0,0,0,13.306137084960938,13.306137084960938,0.0,0.999893307685852,0.999893307685852
187,187,EXTERNAL_SAMPLE/0000187.png,degradation_clean,clean,0,0,0,9.096125602722168,9.096125602722168,0.0,0.9866226315498352,0.9866226315498352
188,188,EXTERNAL_SAMPLE/0000188.png,degradation_clean,clean,0,0,0,5.941676616668701,5.941676616668701,0.0,0.9111620783805847,0.9111620783805847
189,189,EXTERNAL_SAMPLE/0000189.png,degradation_clean,clean,0,0,8,1.5961910486221313,1.5961910486221313,0.0,0.03678569942712784,0.03678569942712784
190,190,EXTERNAL_SAMPLE/0000190.png,degradation_clean,clean,0,0,1,4.293679714202881,4.293679714202881,0.0,0.23457197844982147,0.23457197844982147
191,191,EXTERNAL_SAMPLE/0000191.png,degradation_clean,clean,0,0,0,8.573740005493164,8.573740005493164,0.0,0.9908299446105957,0.9908299446105957
192,192,EXTERNAL_SAMPLE/0000192.png,degradation_clean,clean,0,0,0,6.093751430511475,6.093751430511475,0.0,0.8470412492752075,0.8470412492752075
193,193,EXTERNAL_SAMPLE/0000193.png,degradation_clean,clean,0,0,0,8.667923927307129,8.667923927307129,0.0,0.9922677874565125,0.9922677874565125
194,194,EXTERNAL_SAMPLE/0000194.png,degradation_clean,clean,0,0,0,13.695225715637207,13.695225715637207,0.0,0.999963641166687,0.999963641166687
195,195,EXTERNAL_SAMPLE/0000195.png,degradation_clean,clean,0,0,0,7.011634826660156,7.011634826660156,0.0,0.8628630638122559,0.8628630638122559
196,196,EXTERNAL_SAMPLE/0000196.png,degradation_clean,clean,0,0,0,6.032455921173096,6.032455921173096,0.0,0.9337435960769653,0.9337435960769653
197,197,EXTERNAL_SAMPLE/0000197.png,degradation_clean,clean,0,0,0,12.289795875549316,12.289795875549316,0.0,0.999828577041626,0.999828577041626
198,198,EXTERNAL_SAMPLE/0000198.png,degradation_clean,clean,0,0,0,8.5318603515625,8.5318603515625,0.0,0.9882136583328247,0.9882136583328247
199,199,EXTERNAL_SAMPLE/0000199.png,degradation_clean,clean,0,0,0,10.131088256835938,10.131088256835938,0.0,0.9991719722747803,0.9991719722747803
200,200,EXTERNAL_SAMPLE/0000200.png,degradation_clean,clean,0,0,0,7.991743564605713,7.991743564605713,0.0,0.9711685180664062,0.9711685180664062
201,201,EXTERNAL_SAMPLE/0000201.png,degradation_clean,clean,0,0,8,4.431334972381592,4.431334972381592,0.0,0.05806111544370651,0.05806111544370651
202,202,EXTERNAL_SAMPLE/0000202.png,degradation_clean,clean,0,0,0,13.58237361907959,13.58237361907959,0.0,0.9999552965164185,0.9999552965164185
203,203,EXTERNAL_SAMPLE/0000203.png,degradation_clean,clean,0,0,0,15.464494705200195,15.464494705200195,0.0,0.9999939203262329,0.9999939203262329
204,204,EXTERNAL_SAMPLE/0000204.png,degradation_clean,clean,0,0,0,11.80813980102539,11.80813980102539,0.0,0.9986206293106079,0.9986206293106079
205,205,EXTERNAL_SAMPLE/0000205.png,degradation_clean,clean,0,0,0,8.237114906311035,8.237114906311035,0.0,0.9885817170143127,0.9885817170143127
206,206,EXTERNAL_SAMPLE/0000206.png,degradation_clean,clean,0,0,0,14.234603881835938,14.234603881835938,0.0,0.9999597072601318,0.9999597072601318
207,207,EXTERNAL_SAMPLE/0000207.png,degradation_clean,clean,0,0,0,5.740234851837158,5.740234851837158,0.0,0.8366163372993469,0.8366163372993469
208,208,EXTERNAL_SAMPLE/0000208.png,degradation_clean,clean,0,0,0,6.313810348510742,6.313810348510742,0.0,0.9333061575889587,0.9333061575889587
209,209,EXTERNAL_SAMPLE/0000209.png,degradation_clean,clean,0,0,0,5.713010787963867,5.713010787963867,0.0,0.7120015025138855,0.7120015025138855
210,210,EXTERNAL_SAMPLE/0000210.png,degradation_clean,clean,0,0,8,6.609632968902588,6.609632968902588,0.0,0.1437053680419922,0.1437053680419922
211,211,EXTERNAL_SAMPLE/0000211.png,degradation_clean,clean,0,0,0,6.524239540100098,6.524239540100098,0.0,0.9117812514305115,0.9117812514305115
212,212,EXTERNAL_SAMPLE/0000212.png,degradation_clean,clean,0,0,5,2.042076826095581,2.042076826095581,0.0,0.12012054771184921,0.12012054771184921
213,213,EXTERNAL_SAMPLE/0000213.png,degradation_clean,clean,0,0,0,9.63406753540039,9.63406753540039,0.0,0.9951044321060181,0.9951044321060181
214,214,EXTERNAL_SAMPLE/0000214.png,degradation_clean,clean,0,0,0,11.27173900604248,11.27173900604248,0.0,0.999618649482727,0.999618649482727
215,215,EXTERNAL_SAMPLE/0000215.png,degradation_clean,clean,0,0,0,9.594411849975586,9.594411849975586,0.0,0.9973898530006409,0.9973898530006409
216,216,EXTERNAL_SAMPLE/0000216.png,degradation_clean,clean,0,0,0,10.780670166015625,10.780670166015625,0.0,0.9973745346069336,0.9973745346069336
217,217,EXTERNAL_SAMPLE/0000217.png,degradation_clean,clean,0,0,0,12.052464485168457,12.052464485168457,0.0,0.999344527721405,0.999344527721405
218,218,EXTERNAL_SAMPLE/0000218.png,degradation_clean,clean,0,0,0,11.253662109375,11.253662109375,0.0,0.9987691044807434,0.9987691044807434
219,219,EXTERNAL_SAMPLE/0000219.png,degradation_clean,clean,0,0,0,8.138171195983887,8.138171195983887,0.0,0.9891963005065918,0.9891963005065918
220,220,EXTERNAL_SAMPLE/0000220.png,degradation_clean,clean,0,0,0,9.838385581970215,9.838385581970215,0.0,0.9941688776016235,0.9941688776016235
221,221,EXTERNAL_SAMPLE/0000221.png,degradation_clean,clean,0,0,0,7.901947021484375,7.901947021484375,0.0,0.9276833534240723,0.9276833534240723
222,222,EXTERNAL_SAMPLE/0000222.png,degradation_clean,clean,0,0,0,14.44083023071289,14.44083023071289,0.0,0.9999842643737793,0.9999842643737793
223,223,EXTERNAL_SAMPLE/0000223.png,degradation_clean,clean,0,0,8,7.997407913208008,7.997407913208008,0.0,0.4409905970096588,0.4409905970096588
224,224,EXTERNAL_SAMPLE/0000224.png,degradation_clean,clean,0,0,0,8.57983112335205,8.57983112335205,0.0,0.9938238859176636,0.9938238859176636
225,225,EXTERNAL_SAMPLE/0000225.png,degradation_clean,clean,0,0,1,3.5731468200683594,3.5731468200683594,0.0,0.19350241124629974,0.19350241124629974
226,226,EXTERNAL_SAMPLE/0000226.png,degradation_clean,clean,0,0,0,6.39513635635376,6.39513635635376,0.0,0.5885223746299744,0.5885223746299744
227,227,EXTERNAL_SAMPLE/0000227.png,degradation_clean,clean,0,0,0,13.17171573638916,13.17171573638916,0.0,0.9997490048408508,0.9997490048408508
228,228,EXTERNAL_SAMPLE/0000228.png,degradation_clean,clean,0,0,8,4.871383190155029,4.871383190155029,0.0,0.01071211788803339,0.01071211788803339
229,229,EXTERNAL_SAMPLE/0000229.png,degradation_clean,clean,0,0,0,8.568954467773438,8.568954467773438,0.0,0.9881235957145691,0.9881235957145691
230,230,EXTERNAL_SAMPLE/0000230.png,degradation_clean,clean,0,0,0,14.568984985351562,14.568984985351562,0.0,0.9999688863754272,0.9999688863754272
231,231,EXTERNAL_SAMPLE/0000231.png,degradation_clean,clean,0,0,7,3.8890819549560547,3.8890819549560547,0.0,0.36388787627220154,0.36388787627220154
232,232,EXTERNAL_SAMPLE/0000232.png,degradation_clean,clean,0,0,8,6.123899936676025,6.123899936676025,0.0,0.4494704008102417,0.4494704008102417
233,233,EXTERNAL_SAMPLE/0000233.png,degradation_clean,clean,0,0,0,7.661715030670166,7.661715030670166,0.0,0.9035999178886414,0.9035999178886414
234,234,EXTERNAL_SAMPLE/0000234.png,degradation_clean,clean,0,0,0,4.2892279624938965,4.2892279624938965,0.0,0.4052731692790985,0.4052731692790985
235,235,EXTERNAL_SAMPLE/0000235.png,degradation_clean,clean,0,0,8,6.624849319458008,6.624849319458008,0.0,0.45831626653671265,0.45831626653671265
236,236,EXTERNAL_SAMPLE/0000236.png,degradation_clean,clean,0,0,0,3.609351634979248,3.609351634979248,0.0,0.41143420338630676,0.41143420338630676
237,237,EXTERNAL_SAMPLE/0000237.png,degradation_clean,clean,0,0,0,13.001261711120605,13.001261711120605,0.0,0.9997058510780334,0.9997058510780334
238,238,EXTERNAL_SAMPLE/0000238.png,degradation_clean,clean,0,0,8,3.775254011154175,3.775254011154175,0.0,0.027653515338897705,0.027653515338897705
239,239,EXTERNAL_SAMPLE/0000239.png,degradation_clean,clean,0,0,0,6.4574384689331055,6.4574384689331055,0.0,0.8917024731636047,0.8917024731636047
240,240,EXTERNAL_SAMPLE/0000240.png,degradation_clean,clean,0,0,8,3.2009119987487793,3.2009119987487793,0.0,0.021556124091148376,0.021556124091148376
241,241,EXTERNAL_SAMPLE/0000241.png,degradation_clean,clean,0,0,0,5.338038921356201,5.338038921356201,0.0,0.49665403366088867,0.49665403366088867
242,242,EXTERNAL_SAMPLE/0000242.png,degradation_clean,clean,0,0,0,8.357215881347656,8.357215881347656,0.0,0.9824884533882141,0.9824884533882141
243,243,EXTERNAL_SAMPLE/0000243.png,degradation_clean,clean,0,0,0,9.463761329650879,9.463761329650879,0.0,0.9957230091094971,0.9957230091094971
244,244,EXTERNAL_SAMPLE/0000244.png,degradation_clean,clean,0,0,0,5.157212257385254,5.157212257385254,0.0,0.7692466974258423,0.7692466974258423
245,245,EXTERNAL_SAMPLE/0000245.png,degradation_clean,clean,0,0,1,0.22151362895965576,0.22151362895965576,0.0,0.001942432252690196,0.001942432252690196
246,246,EXTERNAL_SAMPLE/0000246.png,degradation_clean,clean,0,0,0,6.660938739776611,6.660938739776611,0.0,0.7770619988441467,0.7770619988441467
247,247,EXTERNAL_SAMPLE/0000247.png,degradation_clean,clean,0,0,0,4.6894755363464355,4.6894755363464355,0.0,0.576418399810791,0.576418399810791
248,248,EXTERNAL_SAMPLE/0000248.png,degradation_clean,clean,0,0,0,13.026656150817871,13.026656150817871,0.0,0.9997666478157043,0.9997666478157043
249,249,EXTERNAL_SAMPLE/0000249.png,degradation_clean,clean,0,0,0,8.284368515014648,8.284368515014648,0.0,0.8257075548171997,0.8257075548171997
250,250,EXTERNAL_SAMPLE/0000250.png,degradation_clean,clean,0,0,2,3.702131509780884,3.702131509780884,0.0,0.13848906755447388,0.13848906755447388
251,251,EXTERNAL_SAMPLE/0000251.png,degradation_clean,clean,0,0,9,1.414050817489624,1.414050817489624,0.0,0.053507160395383835,0.053507160395383835
252,252,EXTERNAL_SAMPLE/0000252.png,degradation_clean,clean,0,0,5,3.8771650791168213,3.8771650791168213,0.0,0.2848227620124817,0.2848227620124817
253,253,EXTERNAL_SAMPLE/0000253.png,degradation_clean,clean,0,0,0,13.698058128356934,13.698058128356934,0.0,0.9999326467514038,0.9999326467514038
254,254,EXTERNAL_SAMPLE/0000254.png,degradation_clean,clean,0,0,0,7.223484992980957,7.223484992980957,0.0,0.9709476232528687,0.9709476232528687
255,255,EXTERNAL_SAMPLE/0000255.png,degradation_clean,clean,0,0,0,10.201040267944336,10.201040267944336,0.0,0.9969213008880615,0.9969213008880615
256,256,EXTERNAL_SAMPLE/0000256.png,degradation_clean,clean,0,0,8,6.103506565093994,6.103506565093994,0.0,0.366653710603714,0.366653710603714
257,257,EXTERNAL_SAMPLE/0000257.png,degradation_clean,clean,0,0,0,6.14777946472168,6.14777946472168,0.0,0.9185576438903809,0.9185576438903809
258,258,EXTERNAL_SAMPLE/0000258.png,degradation_clean,clean,0,0,0,8.691614151000977,8.691614151000977,0.0,0.9891003966331482,0.9891003966331482
259,259,EXTERNAL_SAMPLE/0000259.png,degradation_clean,clean,0,0,0,10.437874794006348,10.437874794006348,0.0,0.9942713975906372,0.9942713975906372
260,260,EXTERNAL_SAMPLE/0000260.png,degradation_clean,clean,0,0,8,1.4130544662475586,1.4130544662475586,0.0,0.03962818905711174,0.03962818905711174
261,261,EXTERNAL_SAMPLE/0000261.png,degradation_clean,clean,0,0,0,6.713331699371338,6.713331699371338,0.0,0.7737454175949097,0.7737454175949097
262,262,EXTERNAL_SAMPLE/0000262.png,degradation_clean,clean,0,0,0,9.166540145874023,9.166540145874023,0.0,0.9940608143806458,0.9940608143806458
263,263,EXTERNAL_SAMPLE/0000263.png,degradation_clean,clean,0,0,0,8.696751594543457,8.696751594543457,0.0,0.9711633324623108,0.9711633324623108
264,264,EXTERNAL_SAMPLE/0000264.png,degradation_clean,clean,0,0,0,11.49655818939209,11.49655818939209,0.0,0.9996169805526733,0.9996169805526733
265,265,EXTERNAL_SAMPLE/0000265.png,degradation_clean,clean,0,0,0,10.62635612487793,10.62635612487793,0.0,0.9990560412406921,0.9990560412406921
266,266,EXTERNAL_SAMPLE/0000266.png,degradation_clean,clean,0,0,0,10.678271293640137,10.678271293640137,0.0,0.9935965538024902,0.9935965538024902
267,267,EXTERNAL_SAMPLE/0000267.png,degradation_clean,clean,0,0,0,16.745655059814453,16.745655059814453,0.0,0.9999940395355225,0.9999940395355225
268,268,EXTERNAL_SAMPLE/0000268.png,degradation_clean,clean,0,0,8,3.0180017948150635,3.0180017948150635,0.0,0.23445634543895721,0.23445634543895721
269,269,EXTERNAL_SAMPLE/0000269.png,degradation_clean,clean,0,0,0,7.120446681976318,7.120446681976318,0.0,0.8411865830421448,0.8411865830421448
270,270,EXTERNAL_SAMPLE/0000270.png,degradation_clean,clean,0,0,0,16.83867835998535,16.83867835998535,0.0,0.9999929666519165,0.9999929666519165
271,271,EXTERNAL_SAMPLE/0000271.png,degradation_clean,clean,0,0,0,14.110212326049805,14.110212326049805,0.0,0.9999728202819824,0.9999728202819824
272,272,EXTERNAL_SAMPLE/0000272.png,degradation_clean,clean,0,0,0,10.294930458068848,10.294930458068848,0.0,0.9957520961761475,0.9957520961761475
273,273,EXTERNAL_SAMPLE/0000273.png,degradation_clean,clean,0,0,0,8.750469207763672,8.750469207763672,0.0,0.9879853129386902,0.9879853129386902
274,274,EXTERNAL_SAMPLE/0000274.png,degradation_clean,clean,0,0,0,5.780612468719482,5.780612468719482,0.0,0.875851035118103,0.875851035118103
275,275,EXTERNAL_SAMPLE/0000275.png,degradation_clean,clean,0,0,0,9.857061386108398,9.857061386108398,0.0,0.9983219504356384,0.9983219504356384
276,276,EXTERNAL_SAMPLE/0000276.png,degradation_clean,clean,0,0,0,9.970857620239258,9.970857620239258,0.0,0.996016800403595,0.996016800403595
277,277,EXTERNAL_SAMPLE/0000277.png,degradation_clean,clean,0,0,8,2.7412631511688232,2.7412631511688232,0.0,0.024416424334049225,0.024416424334049225
278,278,EXTERNAL_SAMPLE/0000278.png,degradation_clean,clean,0,0,0,11.563822746276855,11.563822746276855,0.0,0.9992050528526306,0.9992050528526306
279,279,EXTERNAL_SAMPLE/0000279.png,degradation_clean,clean,0,0,0,4.644204139709473,4.644204139709473,0.0,0.6346276998519897,0.6346276998519897
280,280,EXTERNAL_SAMPLE/0000280.png,degradation_clean,clean,0,0,0,6.876368999481201,6.876368999481201,0.0,0.7015026807785034,0.7015026807785034
281,281,EXTERNAL_SAMPLE/0000281.png,degradation_clean,clean,0,0,0,14.48183822631836,14.48183822631836,0.0,0.9999847412109375,0.9999847412109375
282,282,EXTERNAL_SAMPLE/0000282.png,degradation_clean,clean,0,0,0,10.571703910827637,10.571703910827637,0.0,0.9987853169441223,0.9987853169441223
283,283,EXTERNAL_SAMPLE/0000283.png,degradation_clean,clean,0,0,0,11.268036842346191,11.268036842346191,0.0,0.9988301396369934,0.9988301396369934
284,284,EXTERNAL_SAMPLE/0000284.png,degradation_clean,clean,0,0,0,7.699220180511475,7.699220180511475,0.0,0.9285603761672974,0.9285603761672974
285,285,EXTERNAL_SAMPLE/0000285.png,degradation_clean,clean,0,0,1,5.1576714515686035,5.1576714515686035,0.0,0.2366526573896408,0.2366526573896408
286,286,EXTERNAL_SAMPLE/0000286.png,degradation_clean,clean,0,0,0,10.211261749267578,10.211261749267578,0.0,0.9989469647407532,0.9989469647407532
287,287,EXTERNAL_SAMPLE/0000287.png,degradation_clean,clean,0,0,0,15.683821678161621,15.683821678161621,0.0,0.9999934434890747,0.9999934434890747
288,288,EXTERNAL_SAMPLE/0000288.png,degradation_clean,clean,0,0,8,5.34843111038208,5.34843111038208,0.0,0.21526479721069336,0.21526479721069336
289,289,EXTERNAL_SAMPLE/0000289.png,degradation_clean,clean,0,0,0,16.337703704833984,16.337703704833984,0.0,0.999994158744812,0.999994158744812
290,290,EXTERNAL_SAMPLE/0000290.png,degradation_clean,clean,0,0,0,16.8590145111084,16.8590145111084,0.0,0.9999966621398926,0.9999966621398926
291,291,EXTERNAL_SAMPLE/0000291.png,degradation_clean,clean,0,0,0,13.068609237670898,13.068609237670898,0.0,0.9998958110809326,0.9998958110809326
292,292,EXTERNAL_SAMPLE/0000292.png,degradation_clean,clean,0,0,0,5.945117473602295,5.945117473602295,0.0,0.6710668206214905,0.6710668206214905
293,293,EXTERNAL_SAMPLE/0000293.png,degradation_clean,clean,0,0,8,0.8152179718017578,0.8152179718017578,0.0,0.008543784730136395,0.008543784730136395
294,294,EXTERNAL_SAMPLE/0000294.png,degradation_clean,clean,0,0,8,3.948192596435547,3.948192596435547,0.0,0.06183374673128128,0.06183374673128128
295,295,EXTERNAL_SAMPLE/0000295.png,degradation_clean,clean,0,0,1,4.538283824920654,4.538283824920654,0.0,0.25597792863845825,0.25597792863845825
296,296,EXTERNAL_SAMPLE/0000296.png,degradation_clean,clean,0,0,0,13.19130802154541,13.19130802154541,0.0,0.9997977614402771,0.9997977614402771
297,297,EXTERNAL_SAMPLE/0000297.png,degradation_clean,clean,0,0,0,7.832510948181152,7.832510948181152,0.0,0.9817891716957092,0.9817891716957092
298,298,EXTERNAL_SAMPLE/0000298.png,degradation_clean,clean,0,0,0,14.728166580200195,14.728166580200195,0.0,0.999992847442627,0.999992847442627
299,299,EXTERNAL_SAMPLE/0000299.png,degradation_clean,clean,0,0,0,5.515875816345215,5.515875816345215,0.0,0.8710574507713318,0.8710574507713318
300,300,EXTERNAL_SAMPLE/0000300.png,degradation_clean,clean,0,0,0,6.39104700088501,6.39104700088501,0.0,0.7571139931678772,0.7571139931678772
301,301,EXTERNAL_SAMPLE/0000301.png,degradation_clean,clean,0,0,0,12.689748764038086,12.689748764038086,0.0,0.9999315738677979,0.9999315738677979
302,302,EXTERNAL_SAMPLE/0000302.png,degradation_clean,clean,0,0,0,9.062692642211914,9.062692642211914,0.0,0.9960978031158447,0.9960978031158447
303,303,EXTERNAL_SAMPLE/0000303.png,degradation_clean,clean,0,0,0,5.234811305999756,5.234811305999756,0.0,0.7700549960136414,0.7700549960136414
304,304,EXTERNAL_SAMPLE/0000304.png,degradation_clean,clean,0,0,0,10.404540061950684,10.404540061950684,0.0,0.9957677125930786,0.9957677125930786
305,305,EXTERNAL_SAMPLE/0000305.png,degradation_clean,clean,0,0,0,6.556750297546387,6.556750297546387,0.0,0.9162048697471619,0.9162048697471619
306,306,EXTERNAL_SAMPLE/0000306.png,degradation_clean,clean,0,0,0,9.474527359008789,9.474527359008789,0.0,0.9974149465560913,0.9974149465560913
307,307,EXTERNAL_SAMPLE/0000307.png,degradation_clean,clean,0,0,0,10.297368049621582,10.297368049621582,0.0,0.9991507530212402,0.9991507530212402
308,308,EXTERNAL_SAMPLE/0000308.png,degradation_clean,clean,0,0,0,10.000401496887207,10.000401496887207,0.0,0.9661706686019897,0.9661706686019897
309,309,EXTERNAL_SAMPLE/0000309.png,degradation_clean,clean,0,0,0,9.95517635345459,9.95517635345459,0.0,0.9983678460121155,0.9983678460121155
310,310,EXTERNAL_SAMPLE/0000310.png,degradation_clean,clean,0,0,0,6.799234390258789,6.799234390258789,0.0,0.9460897445678711,0.9460897445678711
311,311,EXTERNAL_SAMPLE/0000311.png,degradation_clean,clean,0,0,0,9.87179183959961,9.87179183959961,0.0,0.9971803426742554,0.9971803426742554
312,312,EXTERNAL_SAMPLE/0000312.png,degradation_clean,clean,0,0,0,7.136021614074707,7.136021614074707,0.0,0.9514344334602356,0.9514344334602356
313,313,EXTERNAL_SAMPLE/0000313.png,degradation_clean,clean,0,0,0,14.37474250793457,14.37474250793457,0.0,0.9999862909317017,0.9999862909317017
314,314,EXTERNAL_SAMPLE/0000314.png,degradation_clean,clean,0,0,1,5.963812828063965,5.963812828063965,0.0,0.40668901801109314,0.40668901801109314
315,315,EXTERNAL_SAMPLE/0000315.png,degradation_clean,clean,0,0,0,5.694892883300781,5.694892883300781,0.0,0.8561687469482422,0.8561687469482422
316,316,EXTERNAL_SAMPLE/0000316.png,degradation_clean,clean,0,0,0,8.101329803466797,8.101329803466797,0.0,0.9646506905555725,0.9646506905555725
317,317,EXTERNAL_SAMPLE/0000317.png,degradation_clean,clean,0,0,0,4.615365505218506,4.615365505218506,0.0,0.5067481398582458,0.5067481398582458
318,318,EXTERNAL_SAMPLE/0000318.png,degradation_clean,clean,0,0,0,8.60363483428955,8.60363483428955,0.0,0.9849204421043396,0.9849204421043396
319,319,EXTERNAL_SAMPLE/0000319.png,degradation_clean,clean,0,0,0,9.710622787475586,9.710622787475586,0.0,0.9847242832183838,0.9847242832183838
320,320,EXTERNAL_SAMPLE/0000320.png,degradation_clean,clean,0,0,8,4.488041877746582,4.488041877746582,0.0,0.05104278028011322,0.05104278028011322
321,321,EXTERNAL_SAMPLE/0000321.png,degradation_clean,clean,0,0,0,13.450555801391602,13.450555801391602,0.0,0.9999334812164307,0.9999334812164307
322,322,EXTERNAL_SAMPLE/0000322.png,degradation_clean,clean,0,0,0,4.52438497543335,4.52438497543335,0.0,0.5060704946517944,0.5060704946517944
323,323,EXTERNAL_SAMPLE/0000323.png,degradation_clean,clean,0,0,0,12.155137062072754,12.155137062072754,0.0,0.9990272521972656,0.9990272521972656
324,324,EXTERNAL_SAMPLE/0000324.png,degradation_clean,clean,0,0,0,14.028043746948242,14.028043746948242,0.0,0.999946117401123,0.999946117401123
325,325,EXTERNAL_SAMPLE/0000325.png,degradation_clean,clean,0,0,0,15.460492134094238,15.460492134094238,0.0,0.9999947547912598,0.9999947547912598
326,326,EXTERNAL_SAMPLE/0000326.png,degradation_clean,clean,0,0,0,10.80150318145752,10.80150318145752,0.0,0.9984568357467651,0.9984568357467651
327,327,EXTERNAL_SAMPLE/0000327.png,degradation_clean,clean,0,0,8,2.8194854259490967,2.8194854259490967,0.0,0.2253311574459076,0.2253311574459076
328,328,EXTERNAL_SAMPLE/0000328.png,degradation_clean,clean,0,0,8,2.608844518661499,2.608844518661499,0.0,0.12457535415887833,0.12457535415887833
329,329,EXTERNAL_SAMPLE/0000329.png,degradation_clean,clean,0,0,0,7.940013408660889,7.940013408660889,0.0,0.9784438610076904,0.9784438610076904
330,330,EXTERNAL_SAMPLE/0000330.png,degradation_clean,clean,0,0,8,8.690583229064941,8.690583229064941,0.0,0.3366084694862366,0.3366084694862366
331,331,EXTERNAL_SAMPLE/0000331.png,degradation_clean,clean,0,0,0,9.024955749511719,9.024955749511719,0.0,0.98625248670578,0.98625248670578
332,332,EXTERNAL_SAMPLE/0000332.png,degradation_clean,clean,0,0,0,8.639371871948242,8.639371871948242,0.0,0.9688331484794617,0.9688331484794617
333,333,EXTERNAL_SAMPLE/0000333.png,degradation_clean,clean,0,0,0,10.458614349365234,10.458614349365234,0.0,0.9992262125015259,0.9992262125015259
334,334,EXTERNAL_SAMPLE/0000334.png,degradation_clean,clean,0,0,0,10.868281364440918,10.868281364440918,0.0,0.999214768409729,0.999214768409729
335,335,EXTERNAL_SAMPLE/0000335.png,degradation_clean,clean,0,0,0,14.86839485168457,14.86839485168457,0.0,0.9999914169311523,0.9999914169311523
336,336,EXTERNAL_SAMPLE/0000336.png,degradation_clean,clean,0,0,0,8.437159538269043,8.437159538269043,0.0,0.9853571057319641,0.9853571057319641
337,337,EXTERNAL_SAMPLE/0000337.png,degradation_clean,clean,0,0,0,6.146643161773682,6.146643161773682,0.0,0.4968685507774353,0.4968685507774353
338,338,EXTERNAL_SAMPLE/0000338.png,degradation_clean,clean,0,0,0,8.84982681274414,8.84982681274414,0.0,0.9956666231155396,0.9956666231155396
339,339,EXTERNAL_SAMPLE/0000339.png,degradation_clean,clean,0,0,0,12.451833724975586,12.451833724975586,0.0,0.9993681311607361,0.9993681311607361
340,340,EXTERNAL_SAMPLE/0000340.png,degradation_clean,clean,0,0,8,0.22578558325767517,0.22578558325767517,0.0,0.003845241153612733,0.003845241153612733
341,341,EXTERNAL_SAMPLE/0000341.png,degradation_clean,clean,0,0,0,16.076984405517578,16.076984405517578,0.0,0.9999979734420776,0.9999979734420776
342,342,EXTERNAL_SAMPLE/0000342.png,degradation_clean,clean,0,0,0,6.957303524017334,6.957303524017334,0.0,0.9431090354919434,0.9431090354919434
343,343,EXTERNAL_SAMPLE/0000343.png,degradation_clean,clean,0,0,0,9.358529090881348,9.358529090881348,0.0,0.9961659908294678,0.9961659908294678
344,344,EXTERNAL_SAMPLE/0000344.png,degradation_clean,clean,0,0,0,5.371209144592285,5.371209144592285,0.0,0.7083801031112671,0.7083801031112671
345,345,EXTERNAL_SAMPLE/0000345.png,degradation_clean,clean,0,0,0,11.405839920043945,11.405839920043945,0.0,0.9995238780975342,0.9995238780975342
346,346,EXTERNAL_SAMPLE/0000346.png,degradation_clean,clean,0,0,8,3.8067092895507812,3.8067092895507812,0.0,0.12354657799005508,0.12354657799005508
347,347,EXTERNAL_SAMPLE/0000347.png,degradation_clean,clean,0,0,0,15.774195671081543,15.774195671081543,0.0,0.9999964237213135,0.9999964237213135
348,348,EXTERNAL_SAMPLE/0000348.png,degradation_clean,clean,0,0,0,12.629624366760254,12.629624366760254,0.0,0.999886155128479,0.999886155128479
349,349,EXTERNAL_SAMPLE/0000349.png,degradation_clean,clean,0,0,0,13.659531593322754,13.659531593322754,0.0,0.9998843669891357,0.9998843669891357
350,350,EXTERNAL_SAMPLE/0000350.png,degradation_clean,clean,0,0,0,8.68893051147461,8.68893051147461,0.0,0.9916640520095825,0.9916640520095825
351,351,EXTERNAL_SAMPLE/0000351.png,degradation_clean,clean,0,0,0,3.855337142944336,3.855337142944336,0.0,0.3948754668235779,0.3948754668235779
352,352,EXTERNAL_SAMPLE/0000352.png,degradation_clean,clean,0,0,0,7.153543949127197,7.153543949127197,0.0,0.9639177322387695,0.9639177322387695
353,353,EXTERNAL_SAMPLE/0000353.png,degradation_clean,clean,0,0,0,10.609430313110352,10.609430313110352,0.0,0.999450147151947,0.999450147151947
354,354,EXTERNAL_SAMPLE/0000354.png,degradation_clean,clean,0,0,0,6.486850738525391,6.486850738525391,0.0,0.9076911807060242,0.9076911807060242
355,355,EXTERNAL_SAMPLE/0000355.png,degradation_clean,clean,0,0,0,9.916311264038086,9.916311264038086,0.0,0.9936517477035522,0.9936517477035522
356,356,EXTERNAL_SAMPLE/0000356.png,degradation_clean,clean,0,0,0,12.377687454223633,12.377687454223633,0.0,0.9996218681335449,0.9996218681335449
357,357,EXTERNAL_SAMPLE/0000357.png,degradation_clean,clean,0,0,0,16.068546295166016,16.068546295166016,0.0,0.9999972581863403,0.9999972581863403
358,358,EXTERNAL_SAMPLE/0000358.png,degradation_clean,clean,0,0,0,9.152052879333496,9.152052879333496,0.0,0.9921350479125977,0.9921350479125977
359,359,EXTERNAL_SAMPLE/0000359.png,degradation_clean,clean,0,0,8,3.9337387084960938,3.9337387084960938,0.0,0.11344467103481293,0.11344467103481293
360,360,EXTERNAL_SAMPLE/0000360.png,degradation_clean,clean,0,0,1,4.625431060791016,4.625431060791016,0.0,0.1749744862318039,0.1749744862318039
361,361,EXTERNAL_SAMPLE/0000361.png,degradation_clean,clean,0,0,0,10.241843223571777,10.241843223571777,0.0,0.9964473843574524,0.9964473843574524
362,362,EXTERNAL_SAMPLE/0000362.png,degradation_clean,clean,0,0,0,7.668351650238037,7.668351650238037,0.0,0.9725710153579712,0.9725710153579712
363,363,EXTERNAL_SAMPLE/0000363.png,degradation_clean,clean,0,0,0,4.547427177429199,4.547427177429199,0.0,0.5342671275138855,0.5342671275138855
364,364,EXTERNAL_SAMPLE/0000364.png,degradation_clean,clean,0,0,0,7.30143404006958,7.30143404006958,0.0,0.8757991194725037,0.8757991194725037
365,365,EXTERNAL_SAMPLE/0000365.png,degradation_clean,clean,0,0,0,8.483797073364258,8.483797073364258,0.0,0.9898759722709656,0.9898759722709656
366,366,EXTERNAL_SAMPLE/0000366.png,degradation_clean,clean,0,0,0,18.582260131835938,18.582260131835938,0.0,0.9999992847442627,0.9999992847442627
367,367,EXTERNAL_SAMPLE/0000367.png,degradation_clean,clean,0,0,8,3.6676409244537354,3.6676409244537354,0.0,0.01866092160344124,0.01866092160344124
368,368,EXTERNAL_SAMPLE/0000368.png,degradation_clean,clean,0,0,0,10.805904388427734,10.805904388427734,0.0,0.997806966304779,0.997806966304779
369,369,EXTERNAL_SAMPLE/0000369.png,degradation_clean,clean,0,0,5,4.183162689208984,4.183162689208984,0.0,0.2635490894317627,0.2635490894317627
370,370,EXTERNAL_SAMPLE/0000370.png,degradation_clean,clean,0,0,0,10.669408798217773,10.669408798217773,0.0,0.9965664148330688,0.9965664148330688
371,371,EXTERNAL_SAMPLE/0000371.png,degradation_clean,clean,0,0,0,4.601592540740967,4.601592540740967,0.0,0.46449413895606995,0.46449413895606995
372,372,EXTERNAL_SAMPLE/0000372.png,degradation_clean,clean,0,0,0,10.978235244750977,10.978235244750977,0.0,0.9990718364715576,0.9990718364715576
373,373,EXTERNAL_SAMPLE/0000373.png,degradation_clean,clean,0,0,0,8.448468208312988,8.448468208312988,0.0,0.9723424315452576,0.9723424315452576
374,374,EXTERNAL_SAMPLE/0000374.png,degradation_clean,clean,0,0,0,9.559446334838867,9.559446334838867,0.0,0.9964210987091064,0.9964210987091064
375,375,EXTERNAL_SAMPLE/0000375.png,degradation_clean,clean,0,0,0,4.802985191345215,4.802985191345215,0.0,0.4895082414150238,0.4895082414150238
376,376,EXTERNAL_SAMPLE/0000376.png,degradation_clean,clean,0,0,0,10.905017852783203,10.905017852783203,0.0,0.9966104626655579,0.9966104626655579
377,377,EXTERNAL_SAMPLE/0000377.png,degradation_clean,clean,0,0,0,7.81326150894165,7.81326150894165,0.0,0.8909903168678284,0.8909903168678284
378,378,EXTERNAL_SAMPLE/0000378.png,degradation_clean,clean,0,0,0,12.261190414428711,12.261190414428711,0.0,0.9997100234031677,0.9997100234031677
379,379,EXTERNAL_SAMPLE/0000379.png,degradation_clean,clean,0,0,0,8.980854034423828,8.980854034423828,0.0,0.9949132204055786,0.9949132204055786
380,380,EXTERNAL_SAMPLE/0000380.png,degradation_clean,clean,0,0,0,10.029032707214355,10.029032707214355,0.0,0.995098888874054,0.995098888874054
381,381,EXTERNAL_SAMPLE/0000381.png,degradation_clean,clean,0,0,0,6.02260684967041,6.02260684967041,0.0,0.7998167276382446,0.7998167276382446
382,382,EXTERNAL_SAMPLE/0000382.png,degradation_clean,clean,0,0,0,6.7702860832214355,6.7702860832214355,0.0,0.9517005085945129,0.9517005085945129
383,383,EXTERNAL_SAMPLE/0000383.png,degradation_clean,clean,0,0,0,8.805840492248535,8.805840492248535,0.0,0.9950062036514282,0.9950062036514282
384,384,EXTERNAL_SAMPLE/0000384.png,degradation_clean,clean,0,0,8,4.802359580993652,4.802359580993652,0.0,0.14931491017341614,0.14931491017341614
385,385,EXTERNAL_SAMPLE/0000385.png,degradation_clean,clean,0,0,0,8.388915061950684,8.388915061950684,0.0,0.9838719367980957,0.9838719367980957
386,386,EXTERNAL_SAMPLE/0000386.png,degradation_clean,clean,0,0,0,8.752500534057617,8.752500534057617,0.0,0.9311960339546204,0.9311960339546204
387,387,EXTERNAL_SAMPLE/0000387.png,degradation_clean,clean,1,0,1,3.2379722595214844,13.046224594116211,-9.808252334594727,5.4991010983940214e-05,0.9999115467071533
388,388,EXTERNAL_SAMPLE/0000388.png,degradation_clean,clean,1,0,1,2.6932578086853027,10.516871452331543,-7.82361364364624,0.0003997882886324078,0.9990386962890625
389,389,EXTERNAL_SAMPLE/0000389.png,degradation_clean,clean,1,0,1,-0.38001519441604614,10.567855834960938,-10.947871208190918,1.758074722602032e-05,0.999165415763855
390,390,EXTERNAL_SAMPLE/0000390.png,degradation_clean,clean,1,0,8,1.5103769302368164,6.523012161254883,-5.012635231018066,0.0029320961330085993,0.4406948983669281
391,391,EXTERNAL_SAMPLE/0000391.png,degradation_clean,clean,1,0,1,1.2110990285873413,9.42523193359375,-8.214133262634277,0.00026901779347099364,0.9934219717979431
392,392,EXTERNAL_SAMPLE/0000392.png,degradation_clean,clean,1,0,1,-0.611050009727478,10.599474906921387,-11.210524559020996,1.3522282642952632e-05,0.9993531107902527
393,393,EXTERNAL_SAMPLE/0000393.png,degradation_clean,clean,1,0,1,-1.34279203414917,9.165711402893066,-10.508502960205078,2.7188998501515016e-05,0.9958135485649109
394,394,EXTERNAL_SAMPLE/0000394.png,degradation_clean,clean,1,0,1,1.6996914148330688,2.412233829498291,-0.7125424146652222,0.1014985665678978,0.20697274804115295
395,395,EXTERNAL_SAMPLE/0000395.png,degradation_clean,clean,1,0,1,2.8675925731658936,5.676397323608398,-2.808804750442505,0.04608270525932312,0.7645156383514404
396,396,EXTERNAL_SAMPLE/0000396.png,degradation_clean,clean,1,0,1,-0.8539388179779053,12.997686386108398,-13.851625442504883,9.644315923651448e-07,0.9998985528945923
397,397,EXTERNAL_SAMPLE/0000397.png,degradation_clean,clean,1,0,1,3.237593412399292,9.793092727661133,-6.555499076843262,0.0014189463108778,0.9976611137390137
398,398,EXTERNAL_SAMPLE/0000398.png,degradation_clean,clean,1,0,1,2.6569480895996094,6.668607711791992,-4.011659622192383,0.014080510474741459,0.7777858376502991
399,399,EXTERNAL_SAMPLE/0000399.png,degradation_clean,clean,1,0,1,0.8677269220352173,13.590267181396484,-12.722539901733398,2.983046897497843e-06,0.9999746084213257
400,400,EXTERNAL_SAMPLE/0000400.png,degradation_clean,clean,1,0,1,-1.1383516788482666,9.472113609313965,-10.610465049743652,2.45398587139789e-05,0.9952644109725952
401,401,EXTERNAL_SAMPLE/0000401.png,degradation_clean,clean,1,0,1,1.2778862714767456,12.350050926208496,-11.072164535522461,1.5536246792180464e-05,0.9998297691345215
402,402,EXTERNAL_SAMPLE/0000402.png,degradation_clean,clean,1,0,1,0.1653619110584259,13.552652359008789,-13.387290000915527,1.534471493869205e-06,0.9999654293060303
403,403,EXTERNAL_SAMPLE/0000403.png,degradation_clean,clean,1,0,1,0.9846510887145996,9.17056655883789,-8.185914993286133,0.0002776481560431421,0.9967643022537231
404,404,EXTERNAL_SAMPLE/0000404.png,degradation_clean,clean,1,0,1,1.1916383504867554,11.245183944702148,-10.053545951843262,4.3014595576096326e-05,0.9995749592781067
405,405,EXTERNAL_SAMPLE/0000405.png,degradation_clean,clean,1,0,0,4.0347819328308105,2.012450695037842,2.0223312377929688,0.3801462948322296,0.05031105875968933
406,406,EXTERNAL_SAMPLE/0000406.png,degradation_clean,clean,1,0,0,4.251673698425293,3.2483763694763184,1.0032973289489746,0.4585378170013428,0.16813133656978607
407,407,EXTERNAL_SAMPLE/0000407.png,degradation_clean,clean,1,0,1,3.460773468017578,12.642205238342285,-9.181431770324707,0.00010291038051946089,0.9997797608375549
408,408,EXTERNAL_SAMPLE/0000408.png,degradation_clean,clean,1,0,1,3.8700592517852783,9.995718002319336,-6.125658988952637,0.002171368570998311,0.9932841062545776
409,409,EXTERNAL_SAMPLE/0000409.png,degradation_clean,clean,1,0,1,-1.5890328884124756,9.364808082580566,-10.953841209411621,1.7330712580587715e-05,0.9908528923988342
410,410,EXTERNAL_SAMPLE/0000410.png,degradation_clean,clean,1,0,1,1.752331018447876,5.06771183013916,-3.315380811691284,0.024486277252435684,0.6741776466369629
411,411,EXTERNAL_SAMPLE/0000411.png,degradation_clean,clean,1,0,8,1.3298742771148682,4.911636829376221,-3.5817625522613525,0.0030015993397682905,0.10786797106266022
412,412,EXTERNAL_SAMPLE/0000412.png,degradation_clean,clean,1,0,1,2.379974842071533,10.361071586608887,-7.9810967445373535,0.00034155664616264403,0.9991002082824707
413,413,EXTERNAL_SAMPLE/0000413.png,degradation_clean,clean,1,0,1,2.3613550662994385,7.187660217285156,-4.826305389404297,0.007533586118370295,0.9398089647293091
414,414,EXTERNAL_SAMPLE/0000414.png,degradation_clean,clean,1,0,1,-0.2280948907136917,6.826437950134277,-7.054533004760742,0.0007906146347522736,0.9156080484390259
415,415,EXTERNAL_SAMPLE/0000415.png,degradation_clean,clean,1,0,1,3.4682343006134033,13.577764511108398,-10.109530448913574,4.068115958943963e-05,0.9997850060462952
416,416,EXTERNAL_SAMPLE/0000416.png,degradation_clean,clean,1,0,0,6.523841857910156,4.766727447509766,1.7571144104003906,0.7361072897911072,0.12700945138931274
417,417,EXTERNAL_SAMPLE/0000417.png,degradation_clean,clean,1,0,1,0.20831263065338135,8.924765586853027,-8.716452598571777,0.0001626403973205015,0.9925118684768677
418,418,EXTERNAL_SAMPLE/0000418.png,degradation_clean,clean,1,0,1,3.69598126411438,8.88361644744873,-5.18763542175293,0.005538132973015308,0.9915732741355896
419,419,EXTERNAL_SAMPLE/0000419.png,degradation_clean,clean,1,0,1,1.248447060585022,9.616657257080078,-8.368209838867188,0.0002309831907041371,0.9950565099716187
420,420,EXTERNAL_SAMPLE/0000420.png,degradation_clean,clean,1,0,1,-0.2817400097846985,14.034891128540039,-14.316631317138672,6.058417056920007e-07,0.9999842643737793
421,421,EXTERNAL_SAMPLE/0000421.png,degradation_clean,clean,1,0,1,1.5896849632263184,12.571722030639648,-10.982036590576172,1.7001484593492933e-05,0.9998267292976379
422,422,EXTERNAL_SAMPLE/0000422.png,degradation_clean,clean,1,0,1,2.1510441303253174,8.814351081848145,-6.663307189941406,0.0012449248461052775,0.9749462604522705
423,423,EXTERNAL_SAMPLE/0000423.png,degradation_clean,clean,1,0,1,0.4776735305786133,4.392750263214111,-3.915076732635498,0.01064679678529501,0.533967912197113
424,424,EXTERNAL_SAMPLE/0000424.png,degradation_clean,clean,1,0,1,-0.6862179040908813,12.646395683288574,-13.332613945007324,1.6204824078158708e-06,0.9998273253440857
425,425,EXTERNAL_SAMPLE/0000425.png,degradation_clean,clean,1,0,1,0.0898597463965416,5.266162395477295,-5.176302433013916,0.0037276395596563816,0.6598929762840271
426,426,EXTERNAL_SAMPLE/0000426.png,degradation_clean,clean,1,0,8,1.8929059505462646,2.7732858657836914,-0.8803799152374268,0.05810614302754402,0.1401413232088089
427,427,EXTERNAL_SAMPLE/0000427.png,degradation_clean,clean,1,0,0,5.359511852264404,3.056307315826416,2.3032045364379883,0.7821619510650635,0.07816775888204575
428,428,EXTERNAL_SAMPLE/0000428.png,degradation_clean,clean,1,0,1,2.985156297683716,4.273736953735352,-1.2885806560516357,0.1697668880224228,0.6158521175384521
429,429,EXTERNAL_SAMPLE/0000429.png,degradation_clean,clean,1,0,8,2.8647382259368896,3.5095362663269043,-0.6447980403900146,0.05167623236775398,0.09847433865070343
430,430,EXTERNAL_SAMPLE/0000430.png,degradation_clean,clean,1,0,1,1.2640622854232788,8.485442161560059,-7.22137975692749,0.000725643418263644,0.9929528832435608
431,431,EXTERNAL_SAMPLE/0000431.png,degradation_clean,clean,1,0,1,5.155350208282471,7.210435390472412,-2.0550851821899414,0.09961218386888504,0.7777224779129028
432,432,EXTERNAL_SAMPLE/0000432.png,degradation_clean,clean,1,0,1,2.2329797744750977,4.732886791229248,-2.4999070167541504,0.04165330156683922,0.5073939561843872
433,433,EXTERNAL_SAMPLE/0000433.png,degradation_clean,clean,1,0,1,0.6430798768997192,8.002324104309082,-7.359244346618652,0.0006305070128291845,0.9903054237365723
434,434,EXTERNAL_SAMPLE/0000434.png,degradation_clean,clean,1,0,1,1.0513726472854614,11.535810470581055,-10.484437942504883,2.7958938517258503e-05,0.9996644258499146
435,435,EXTERNAL_SAMPLE/0000435.png,degradation_clean,clean,1,0,1,3.06172251701355,11.538294792175293,-8.476572036743164,0.00020812111324630678,0.9991819262504578
436,436,EXTERNAL_SAMPLE/0000436.png,degradation_clean,clean,1,0,1,-1.4242712259292603,10.476334571838379,-11.900606155395508,6.6574339143699035e-06,0.9810123443603516
437,437,EXTERNAL_SAMPLE/0000437.png,degradation_clean,clean,1,0,1,3.6087827682495117,4.471583366394043,-0.8628005981445312,0.22052140533924103,0.5225889682769775
438,438,EXTERNAL_SAMPLE/0000438.png,degradation_clean,clean,1,0,1,0.7588556408882141,8.934966087341309,-8.17611026763916,0.0002794730244204402,0.9935265779495239
439,439,EXTERNAL_SAMPLE/0000439.png,degradation_clean,clean,1,0,1,2.6911492347717285,6.061334133148193,-3.370184898376465,0.03110435977578163,0.9046362638473511
440,440,EXTERNAL_SAMPLE/0000440.png,degradation_clean,clean,1,0,1,3.1804726123809814,6.4453253746032715,-3.26485276222229,0.02826574817299843,0.7398914694786072
441,441,EXTERNAL_SAMPLE/0000441.png,degradation_clean,clean,1,0,1,-1.385446548461914,5.04840612411499,-6.433852672576904,0.001192698604427278,0.7425357699394226
442,442,EXTERNAL_SAMPLE/0000442.png,degradation_clean,clean,1,0,1,-0.9189035892486572,18.868846893310547,-19.787750244140625,2.5485262789004537e-09,0.9999996423721313
443,443,EXTERNAL_SAMPLE/0000443.png,degradation_clean,clean,1,0,1,-0.3469187021255493,13.312131881713867,-13.659050941467285,1.1692746966218692e-06,0.9999240636825562
444,444,EXTERNAL_SAMPLE/0000444.png,degradation_clean,clean,1,0,1,1.0228204727172852,6.418994903564453,-5.396174430847168,0.003943517338484526,0.8697862029075623
445,445,EXTERNAL_SAMPLE/0000445.png,degradation_clean,clean,1,0,1,0.5879155993461609,11.357301712036133,-10.769386291503906,2.1021111024310812e-05,0.9994031190872192
446,446,EXTERNAL_SAMPLE/0000446.png,degradation_clean,clean,1,0,8,1.989974856376648,2.796956777572632,-0.8069819211959839,0.0360562801361084,0.08080694079399109
447,447,EXTERNAL_SAMPLE/0000447.png,degradation_clean,clean,1,0,1,-0.40276068449020386,9.904150009155273,-10.306910514831543,3.331438347231597e-05,0.9973925352096558
448,448,EXTERNAL_SAMPLE/0000448.png,degradation_clean,clean,1,0,1,3.206742286682129,6.209701061248779,-3.0029587745666504,0.04320903867483139,0.8704483509063721
449,449,EXTERNAL_SAMPLE/0000449.png,degradation_clean,clean,1,0,1,3.2599048614501953,11.240877151489258,-7.9809722900390625,0.00034169931313954294,0.9993929862976074
450,450,EXTERNAL_SAMPLE/0000450.png,degradation_clean,clean,1,0,1,0.03655485808849335,13.144433975219727,-13.107878684997559,2.029059032793157e-06,0.9999401569366455
451,451,EXTERNAL_SAMPLE/0000451.png,degradation_clean,clean,1,0,1,0.47373801469802856,9.384864807128906,-8.911127090454102,0.00013129044964443892,0.9733890891075134
452,452,EXTERNAL_SAMPLE/0000452.png,degradation_clean,clean,1,0,1,1.973286747932434,6.366222858428955,-4.3929362297058105,0.011018678545951843,0.8911636471748352
453,453,EXTERNAL_SAMPLE/0000453.png,degradation_clean,clean,1,0,1,0.8712062835693359,9.887124061584473,-9.015917778015137,0.00012110500392736867,0.9970695376396179
454,454,EXTERNAL_SAMPLE/0000454.png,degradation_clean,clean,1,0,1,2.5031180381774902,8.589706420898438,-6.086588382720947,0.002254774095490575,0.9919156432151794
455,455,EXTERNAL_SAMPLE/0000455.png,degradation_clean,clean,1,0,1,-0.06914947926998138,18.681360244750977,-18.75050926208496,7.1904686649304494e-09,0.9999997615814209
456,456,EXTERNAL_SAMPLE/0000456.png,degradation_clean,clean,1,0,1,4.298271179199219,5.066308975219727,-0.7680377960205078,0.19252870976924896,0.41500192880630493
457,457,EXTERNAL_SAMPLE/0000457.png,degradation_clean,clean,1,0,1,-0.5906411409378052,10.840795516967773,-11.431436538696289,1.0838704838533886e-05,0.999049961566925
458,458,EXTERNAL_SAMPLE/0000458.png,degradation_clean,clean,1,0,1,3.479727268218994,5.694765090942383,-2.2150378227233887,0.08467061817646027,0.7757314443588257
459,459,EXTERNAL_SAMPLE/0000459.png,degradation_clean,clean,1,0,1,1.0990203619003296,9.942882537841797,-8.843862533569336,0.00014367054973263294,0.9958833456039429
460,460,EXTERNAL_SAMPLE/0000460.png,degradation_clean,clean,1,0,1,3.804739236831665,7.534190654754639,-3.7294514179229736,0.02282133139669895,0.9506511092185974
461,461,EXTERNAL_SAMPLE/0000461.png,degradation_clean,clean,1,0,3,-0.14890368282794952,4.4940595626831055,-4.642963409423828,0.003604261437430978,0.3743084669113159
462,462,EXTERNAL_SAMPLE/0000462.png,degradation_clean,clean,1,0,1,4.850954055786133,10.177289962768555,-5.326335906982422,0.0047952658496797085,0.9863045811653137
463,463,EXTERNAL_SAMPLE/0000463.png,degradation_clean,clean,1,0,1,3.409402847290039,7.3174614906311035,-3.9080586433410645,0.019155362620949745,0.9539786577224731
464,464,EXTERNAL_SAMPLE/0000464.png,degradation_clean,clean,1,0,1,1.840057611465454,14.563665390014648,-12.723608016967773,2.9749983241345035e-06,0.9983422756195068
465,465,EXTERNAL_SAMPLE/0000465.png,degradation_clean,clean,1,0,1,3.2535319328308105,16.976743698120117,-13.723211288452148,1.0966913350785035e-06,0.9999985694885254
466,466,EXTERNAL_SAMPLE/0000466.png,degradation_clean,clean,1,0,8,1.72179114818573,2.337445020675659,-0.6156538724899292,0.045231789350509644,0.08371798694133759
467,467,EXTERNAL_SAMPLE/0000467.png,degradation_clean,clean,1,0,1,2.7947473526000977,5.2603325843811035,-2.465585231781006,0.06463742256164551,0.7608063220977783
468,468,EXTERNAL_SAMPLE/0000468.png,degradation_clean,clean,1,0,1,0.508321225643158,9.972436904907227,-9.464116096496582,7.698858098592609e-05,0.9922925233840942
469,469,EXTERNAL_SAMPLE/0000469.png,degradation_clean,clean,1,0,1,0.01429922878742218,9.937159538269043,-9.922860145568848,4.89298217871692e-05,0.9977391958236694
470,470,EXTERNAL_SAMPLE/0000470.png,degradation_clean,clean,1,0,1,-0.027314409613609314,6.249527454376221,-6.276841640472412,0.0014671501703560352,0.7806785702705383
471,471,EXTERNAL_SAMPLE/0000471.png,degradation_clean,clean,1,0,1,4.289717197418213,6.7411208152771,-2.4514036178588867,0.07724878191947937,0.8964430093765259
472,472,EXTERNAL_SAMPLE/0000472.png,degradation_clean,clean,1,0,1,1.4137934446334839,6.246660232543945,-4.832866668701172,0.00650983490049839,0.8174426555633545
473,473,EXTERNAL_SAMPLE/0000473.png,degradation_clean,clean,1,0,1,0.5433316230773926,12.958210945129395,-12.414878845214844,4.0566924326412845e-06,0.9997361302375793
474,474,EXTERNAL_SAMPLE/0000474.png,degradation_clean,clean,1,0,1,2.408536672592163,12.717622756958008,-10.309085845947266,3.332487176521681e-05,0.9998792409896851
475,475,EXTERNAL_SAMPLE/0000475.png,degradation_clean,clean,1,0,1,1.3710299730300903,9.474252700805664,-8.103222846984863,0.00030025900923646986,0.9923868179321289
476,476,EXTERNAL_SAMPLE/0000476.png,degradation_clean,clean,1,0,1,2.521535634994507,10.430940628051758,-7.909404754638672,0.000366950553143397,0.9991217255592346
477,477,EXTERNAL_SAMPLE/0000477.png,degradation_clean,clean,1,0,1,-0.5914037227630615,11.700713157653809,-12.29211711883545,4.58609611087013e-06,0.9996356964111328
478,478,EXTERNAL_SAMPLE/0000478.png,degradation_clean,clean,1,0,5,1.9838459491729736,4.198406219482422,-2.2145602703094482,0.0293551255017519,0.2688160836696625
479,479,EXTERNAL_SAMPLE/0000479.png,degradation_clean,clean,1,0,1,-1.5652683973312378,11.794266700744629,-13.359535217285156,1.577249463480257e-06,0.9997071623802185
480,480,EXTERNAL_SAMPLE/0000480.png,degradation_clean,clean,1,0,1,1.808850646018982,8.556648254394531,-6.74779748916626,0.001163317821919918,0.991355836391449
481,481,EXTERNAL_SAMPLE/0000481.png,degradation_clean,clean,1,0,1,-0.48865264654159546,14.830826759338379,-15.319478988647461,2.22239322056339e-07,0.9999679327011108
482,482,EXTERNAL_SAMPLE/0000482.png,degradation_clean,clean,1,0,1,1.758080005645752,6.414883613586426,-4.656803607940674,0.008861197158694267,0.933074951171875
483,483,EXTERNAL_SAMPLE/0000483.png,degradation_clean,clean,1,0,1,2.136910915374756,7.805502891540527,-5.6685919761657715,0.0031820754520595074,0.9216131567955017
484,484,EXTERNAL_SAMPLE/0000484.png,degradation_clean,clean,1,0,1,-1.5358957052230835,10.345306396484375,-11.88120174407959,6.905256668687798e-06,0.9979762434959412
485,485,EXTERNAL_SAMPLE/0000485.png,degradation_clean,clean,1,0,1,-0.30092501640319824,16.546777725219727,-16.847702026367188,4.820974552899315e-08,0.9999973773956299
486,486,EXTERNAL_SAMPLE/0000486.png,degradation_clean,clean,1,0,1,2.7371413707733154,5.191558361053467,-2.4544169902801514,0.06906697899103165,0.80391526222229
487,487,EXTERNAL_SAMPLE/0000487.png,degradation_clean,clean,1,0,1,-0.819329023361206,7.621969223022461,-8.441298484802246,0.00021172291599214077,0.9812445044517517
488,488,EXTERNAL_SAMPLE/0000488.png,degradation_clean,clean,1,0,1,1.2714940309524536,8.950797080993652,-7.679303169250488,0.0004604083369486034,0.9959147572517395
489,489,EXTERNAL_SAMPLE/0000489.png,degradation_clean,clean,1,0,1,-0.45169728994369507,10.155776023864746,-10.607473373413086,2.4654658773215488e-05,0.9969333410263062
490,490,EXTERNAL_SAMPLE/0000490.png,degradation_clean,clean,1,0,1,0.7696666121482849,14.108019828796387,-13.338353157043457,1.6113948504425935e-06,0.9999427795410156
491,491,EXTERNAL_SAMPLE/0000491.png,degradation_clean,clean,1,0,1,2.3806216716766357,9.635969161987305,-7.25534725189209,0.0007035181042738259,0.9959385395050049
492,492,EXTERNAL_SAMPLE/0000492.png,degradation_clean,clean,1,0,1,3.3018717765808105,15.211996078491211,-11.910123825073242,6.721917088725604e-06,0.9999867677688599
493,493,EXTERNAL_SAMPLE/0000493.png,degradation_clean,clean,1,0,1,0.030493304133415222,10.103529930114746,-10.073036193847656,4.209949474898167e-05,0.9975643157958984
494,494,EXTERNAL_SAMPLE/0000494.png,degradation_clean,clean,1,0,1,1.4797240495681763,7.898612022399902,-6.418888092041016,0.0016105512622743845,0.9877845048904419
495,495,EXTERNAL_SAMPLE/0000495.png,degradation_clean,clean,1,0,1,1.7471071481704712,12.170973777770996,-10.423866271972656,2.9704931876040064e-05,0.9996688365936279
496,496,EXTERNAL_SAMPLE/0000496.png,degradation_clean,clean,1,0,1,-0.19625835120677948,16.675439834594727,-16.8716983795166,4.7066620822988625e-08,0.999996542930603
497,497,EXTERNAL_SAMPLE/0000497.png,degradation_clean,clean,1,0,0,4.3769731521606445,2.6214873790740967,1.7554857730865479,0.506321370601654,0.08750411123037338
498,498,EXTERNAL_SAMPLE/0000498.png,degradation_clean,clean,1,0,1,2.875274181365967,14.708084106445312,-11.832809448242188,7.261997780005913e-06,0.9999538660049438
499,499,EXTERNAL_SAMPLE/0000499.png,degradation_clean,clean,1,0,1,3.7277278900146484,11.541119575500488,-7.81339168548584,0.00040323977009393275,0.9974157810211182
500,500,EXTERNAL_SAMPLE/0000500.png,degradation_clean,clean,1,0,1,0.5203990936279297,6.877955436706543,-6.357556343078613,0.0016370234079658985,0.9442924857139587
501,501,EXTERNAL_SAMPLE/0000501.png,degradation_clean,clean,1,0,0,3.7360973358154297,3.117448091506958,0.6186492443084717,0.34444135427474976,0.18554075062274933
502,502,EXTERNAL_SAMPLE/0000502.png,degradation_clean,clean,1,0,1,1.6483560800552368,6.632879734039307,-4.984523773193359,0.006461428944021463,0.9442342519760132
503,503,EXTERNAL_SAMPLE/0000503.png,degradation_clean,clean,1,0,1,-1.428505778312683,11.29089069366455,-12.719396591186523,2.9907378120697103e-06,0.9994063377380371
504,504,EXTERNAL_SAMPLE/0000504.png,degradation_clean,clean,1,0,1,2.209115982055664,10.402878761291504,-8.19376277923584,0.0002757443580776453,0.9977290034294128
505,505,EXTERNAL_SAMPLE/0000505.png,degradation_clean,clean,1,0,1,0.04265420138835907,18.736982345581055,-18.69432830810547,7.606000274051894e-09,0.9999998807907104
506,506,EXTERNAL_SAMPLE/0000506.png,degradation_clean,clean,1,0,1,1.3049505949020386,5.509993553161621,-4.205042839050293,0.008573602885007858,0.5746325850486755
507,507,EXTERNAL_SAMPLE/0000507.png,degradation_clean,clean,1,0,1,-0.5048476457595825,15.235754013061523,-15.740601539611816,1.4586066754418425e-07,0.9999874830245972
508,508,EXTERNAL_SAMPLE/0000508.png,degradation_clean,clean,1,0,1,3.0997025966644287,11.04961109161377,-7.949908256530762,0.00035233781090937555,0.9989885687828064
509,509,EXTERNAL_SAMPLE/0000509.png,degradation_clean,clean,1,0,1,0.42684096097946167,14.722206115722656,-14.295365333557129,6.188626002767705e-07,0.9999828338623047
510,510,EXTERNAL_SAMPLE/0000510.png,degradation_clean,clean,1,0,1,-0.41850125789642334,8.441381454467773,-8.859882354736328,0.0001365919306408614,0.9621063470840454
511,511,EXTERNAL_SAMPLE/0000511.png,degradation_clean,clean,1,0,1,3.308089017868042,14.815261840820312,-11.507172584533691,1.0057519830297679e-05,0.9999825954437256
0,0,EXTERNAL_SAMPLE/0000000.png,degradation_poisoned,poisoned,0,0,0,5.834070682525635,5.834070682525635,0.0,0.8297079801559448,0.8297079801559448
1,1,EXTERNAL_SAMPLE/0000001.png,degradation_poisoned,poisoned,0,0,0,10.940085411071777,10.940085411071777,0.0,0.9995463490486145,0.9995463490486145
2,2,EXTERNAL_SAMPLE/0000002.png,degradation_poisoned,poisoned,0,0,0,10.63902759552002,10.63902759552002,0.0,0.9993695616722107,0.9993695616722107
3,3,EXTERNAL_SAMPLE/0000003.png,degradation_poisoned,poisoned,0,0,0,14.013278007507324,14.013278007507324,0.0,0.9999793767929077,0.9999793767929077
4,4,EXTERNAL_SAMPLE/0000004.png,degradation_poisoned,poisoned,0,0,8,4.4505085945129395,4.4505085945129395,0.0,0.21508942544460297,0.21508942544460297
5,5,EXTERNAL_SAMPLE/0000005.png,degradation_poisoned,poisoned,0,0,0,11.45284366607666,11.45284366607666,0.0,0.9997771382331848,0.9997771382331848
6,6,EXTERNAL_SAMPLE/0000006.png,degradation_poisoned,poisoned,0,0,0,8.979425430297852,8.979425430297852,0.0,0.9912693500518799,0.9912693500518799
7,7,EXTERNAL_SAMPLE/0000007.png,degradation_poisoned,poisoned,0,0,0,12.181431770324707,12.181431770324707,0.0,0.9993947744369507,0.9993947744369507
8,8,EXTERNAL_SAMPLE/0000008.png,degradation_poisoned,poisoned,0,0,0,11.704669952392578,11.704669952392578,0.0,0.9981641173362732,0.9981641173362732
9,9,EXTERNAL_SAMPLE/0000009.png,degradation_poisoned,poisoned,0,0,0,7.552028179168701,7.552028179168701,0.0,0.963736355304718,0.963736355304718
10,10,EXTERNAL_SAMPLE/0000010.png,degradation_poisoned,poisoned,0,0,0,7.143653392791748,7.143653392791748,0.0,0.9351661801338196,0.9351661801338196
11,11,EXTERNAL_SAMPLE/0000011.png,degradation_poisoned,poisoned,0,0,1,3.9811480045318604,3.9811480045318604,0.0,0.09840919077396393,0.09840919077396393
12,12,EXTERNAL_SAMPLE/0000012.png,degradation_poisoned,poisoned,0,0,0,6.854671001434326,6.854671001434326,0.0,0.9088625907897949,0.9088625907897949
13,13,EXTERNAL_SAMPLE/0000013.png,degradation_poisoned,poisoned,0,0,0,5.675143241882324,5.675143241882324,0.0,0.7453228831291199,0.7453228831291199
14,14,EXTERNAL_SAMPLE/0000014.png,degradation_poisoned,poisoned,0,0,0,16.195087432861328,16.195087432861328,0.0,0.9999959468841553,0.9999959468841553
15,15,EXTERNAL_SAMPLE/0000015.png,degradation_poisoned,poisoned,0,0,0,10.28288745880127,10.28288745880127,0.0,0.9982596039772034,0.9982596039772034
16,16,EXTERNAL_SAMPLE/0000016.png,degradation_poisoned,poisoned,0,0,0,4.604398250579834,4.604398250579834,0.0,0.7471552491188049,0.7471552491188049
17,17,EXTERNAL_SAMPLE/0000017.png,degradation_poisoned,poisoned,0,0,0,13.836945533752441,13.836945533752441,0.0,0.9999762773513794,0.9999762773513794
18,18,EXTERNAL_SAMPLE/0000018.png,degradation_poisoned,poisoned,0,0,0,9.414865493774414,9.414865493774414,0.0,0.9944084286689758,0.9944084286689758
19,19,EXTERNAL_SAMPLE/0000019.png,degradation_poisoned,poisoned,0,0,0,9.397647857666016,9.397647857666016,0.0,0.9739698767662048,0.9739698767662048
20,20,EXTERNAL_SAMPLE/0000020.png,degradation_poisoned,poisoned,0,0,0,14.784510612487793,14.784510612487793,0.0,0.9999923706054688,0.9999923706054688
21,21,EXTERNAL_SAMPLE/0000021.png,degradation_poisoned,poisoned,0,0,8,2.4250521659851074,2.4250521659851074,0.0,0.1423289030790329,0.1423289030790329
22,22,EXTERNAL_SAMPLE/0000022.png,degradation_poisoned,poisoned,0,0,0,6.490816116333008,6.490816116333008,0.0,0.9442380666732788,0.9442380666732788
23,23,EXTERNAL_SAMPLE/0000023.png,degradation_poisoned,poisoned,0,0,0,7.395289897918701,7.395289897918701,0.0,0.9801820516586304,0.9801820516586304
24,24,EXTERNAL_SAMPLE/0000024.png,degradation_poisoned,poisoned,0,0,0,7.082030773162842,7.082030773162842,0.0,0.8950275182723999,0.8950275182723999
25,25,EXTERNAL_SAMPLE/0000025.png,degradation_poisoned,poisoned,0,0,0,12.170222282409668,12.170222282409668,0.0,0.999667763710022,0.999667763710022
26,26,EXTERNAL_SAMPLE/0000026.png,degradation_poisoned,poisoned,0,0,0,4.222131729125977,4.222131729125977,0.0,0.4034692049026489,0.4034692049026489
27,27,EXTERNAL_SAMPLE/0000027.png,degradation_poisoned,poisoned,0,0,0,14.046553611755371,14.046553611755371,0.0,0.9999374151229858,0.9999374151229858
28,28,EXTERNAL_SAMPLE/0000028.png,degradation_poisoned,poisoned,0,0,0,7.310113906860352,7.310113906860352,0.0,0.9279741644859314,0.9279741644859314
29,29,EXTERNAL_SAMPLE/0000029.png,degradation_poisoned,poisoned,0,0,0,8.969156265258789,8.969156265258789,0.0,0.9943885207176208,0.9943885207176208
30,30,EXTERNAL_SAMPLE/0000030.png,degradation_poisoned,poisoned,0,0,0,18.505353927612305,18.505353927612305,0.0,0.9999996423721313,0.9999996423721313
31,31,EXTERNAL_SAMPLE/0000031.png,degradation_poisoned,poisoned,0,0,0,8.273155212402344,8.273155212402344,0.0,0.9381636381149292,0.9381636381149292
32,32,EXTERNAL_SAMPLE/0000032.png,degradation_poisoned,poisoned,0,0,0,8.790582656860352,8.790582656860352,0.0,0.986349880695343,0.986349880695343
33,33,EXTERNAL_SAMPLE/0000033.png,degradation_poisoned,poisoned,0,0,0,9.32570743560791,9.32570743560791,0.0,0.9969682097434998,0.9969682097434998
34,34,EXTERNAL_SAMPLE/0000034.png,degradation_poisoned,poisoned,0,0,2,5.49208402633667,5.49208402633667,0.0,0.05103535205125809,0.05103535205125809
35,35,EXTERNAL_SAMPLE/0000035.png,degradation_poisoned,poisoned,0,0,0,6.105681896209717,6.105681896209717,0.0,0.6431003212928772,0.6431003212928772
36,36,EXTERNAL_SAMPLE/0000036.png,degradation_poisoned,poisoned,0,0,0,10.881598472595215,10.881598472595215,0.0,0.9991006851196289,0.9991006851196289
37,37,EXTERNAL_SAMPLE/0000037.png,degradation_poisoned,poisoned,0,0,8,4.344381332397461,4.344381332397461,0.0,0.3577161431312561,0.3577161431312561
38,38,EXTERNAL_SAMPLE/0000038.png,degradation_poisoned,poisoned,0,0,0,10.964465141296387,10.964465141296387,0.0,0.9994454979896545,0.9994454979896545
39,39,EXTERNAL_SAMPLE/0000039.png,degradation_poisoned,poisoned,0,0,0,12.028197288513184,12.028197288513184,0.0,0.999643087387085,0.999643087387085
40,40,EXTERNAL_SAMPLE/0000040.png,degradation_poisoned,poisoned,0,0,0,7.458433151245117,7.458433151245117,0.0,0.9610275030136108,0.9610275030136108
41,41,EXTERNAL_SAMPLE/0000041.png,degradation_poisoned,poisoned,0,0,0,11.348281860351562,11.348281860351562,0.0,0.9801318049430847,0.9801318049430847
42,42,EXTERNAL_SAMPLE/0000042.png,degradation_poisoned,poisoned,0,0,0,13.850828170776367,13.850828170776367,0.0,0.9999450445175171,0.9999450445175171
43,43,EXTERNAL_SAMPLE/0000043.png,degradation_poisoned,poisoned,0,0,0,9.134799003601074,9.134799003601074,0.0,0.9973128437995911,0.9973128437995911
44,44,EXTERNAL_SAMPLE/0000044.png,degradation_poisoned,poisoned,0,0,0,5.768576622009277,5.768576622009277,0.0,0.8080379366874695,0.8080379366874695
45,45,EXTERNAL_SAMPLE/0000045.png,degradation_poisoned,poisoned,0,0,0,10.722701072692871,10.722701072692871,0.0,0.9981607794761658,0.9981607794761658
46,46,EXTERNAL_SAMPLE/0000046.png,degradation_poisoned,poisoned,0,0,0,10.736234664916992,10.736234664916992,0.0,0.9979636669158936,0.9979636669158936
47,47,EXTERNAL_SAMPLE/0000047.png,degradation_poisoned,poisoned,0,0,0,7.463184833526611,7.463184833526611,0.0,0.96051424741745,0.96051424741745
48,48,EXTERNAL_SAMPLE/0000048.png,degradation_poisoned,poisoned,0,0,0,12.885592460632324,12.885592460632324,0.0,0.9995751976966858,0.9995751976966858
49,49,EXTERNAL_SAMPLE/0000049.png,degradation_poisoned,poisoned,0,0,0,5.7823166847229,5.7823166847229,0.0,0.8425894975662231,0.8425894975662231
50,50,EXTERNAL_SAMPLE/0000050.png,degradation_poisoned,poisoned,0,0,0,10.648097038269043,10.648097038269043,0.0,0.9992784857749939,0.9992784857749939
51,51,EXTERNAL_SAMPLE/0000051.png,degradation_poisoned,poisoned,0,0,0,8.345632553100586,8.345632553100586,0.0,0.9727239608764648,0.9727239608764648
52,52,EXTERNAL_SAMPLE/0000052.png,degradation_poisoned,poisoned,0,0,0,8.061044692993164,8.061044692993164,0.0,0.9822592735290527,0.9822592735290527
53,53,EXTERNAL_SAMPLE/0000053.png,degradation_poisoned,poisoned,0,0,0,6.1223978996276855,6.1223978996276855,0.0,0.8562151789665222,0.8562151789665222
54,54,EXTERNAL_SAMPLE/0000054.png,degradation_poisoned,poisoned,0,0,0,8.300741195678711,8.300741195678711,0.0,0.9810614585876465,0.9810614585876465
55,55,EXTERNAL_SAMPLE/0000055.png,degradation_poisoned,poisoned,0,0,0,12.024469375610352,12.024469375610352,0.0,0.9998613595962524,0.9998613595962524
56,56,EXTERNAL_SAMPLE/0000056.png,degradation_poisoned,poisoned,0,0,8,5.504785537719727,5.504785537719727,0.0,0.1320555955171585,0.1320555955171585
57,57,EXTERNAL_SAMPLE/0000057.png,degradation_poisoned,poisoned,0,0,0,6.645962715148926,6.645962715148926,0.0,0.693220853805542,0.693220853805542
58,58,EXTERNAL_SAMPLE/0000058.png,degradation_poisoned,poisoned,0,0,0,8.206971168518066,8.206971168518066,0.0,0.9235936999320984,0.9235936999320984
59,59,EXTERNAL_SAMPLE/0000059.png,degradation_poisoned,poisoned,0,0,8,2.653026580810547,2.653026580810547,0.0,0.03845047578215599,0.03845047578215599
60,60,EXTERNAL_SAMPLE/0000060.png,degradation_poisoned,poisoned,0,0,0,7.826871871948242,7.826871871948242,0.0,0.9876481294631958,0.9876481294631958
61,61,EXTERNAL_SAMPLE/0000061.png,degradation_poisoned,poisoned,0,0,0,9.52586841583252,9.52586841583252,0.0,0.9967323541641235,0.9967323541641235
62,62,EXTERNAL_SAMPLE/0000062.png,degradation_poisoned,poisoned,0,0,0,6.720935821533203,6.720935821533203,0.0,0.9413978457450867,0.9413978457450867
63,63,EXTERNAL_SAMPLE/0000063.png,degradation_poisoned,poisoned,0,0,0,7.246038436889648,7.246038436889648,0.0,0.8281707167625427,0.8281707167625427
64,64,EXTERNAL_SAMPLE/0000064.png,degradation_poisoned,poisoned,0,0,0,11.84047794342041,11.84047794342041,0.0,0.9985829591751099,0.9985829591751099
65,65,EXTERNAL_SAMPLE/0000065.png,degradation_poisoned,poisoned,0,0,0,11.796594619750977,11.796594619750977,0.0,0.9885604977607727,0.9885604977607727
66,66,EXTERNAL_SAMPLE/0000066.png,degradation_poisoned,poisoned,0,0,0,9.444247245788574,9.444247245788574,0.0,0.9967172741889954,0.9967172741889954
67,67,EXTERNAL_SAMPLE/0000067.png,degradation_poisoned,poisoned,0,0,0,7.230952739715576,7.230952739715576,0.0,0.9522823691368103,0.9522823691368103
68,68,EXTERNAL_SAMPLE/0000068.png,degradation_poisoned,poisoned,0,0,0,10.763542175292969,10.763542175292969,0.0,0.9985576272010803,0.9985576272010803
69,69,EXTERNAL_SAMPLE/0000069.png,degradation_poisoned,poisoned,0,0,0,11.87716293334961,11.87716293334961,0.0,0.9996849298477173,0.9996849298477173
70,70,EXTERNAL_SAMPLE/0000070.png,degradation_poisoned,poisoned,0,0,0,13.3602933883667,13.3602933883667,0.0,0.9998455047607422,0.9998455047607422
71,71,EXTERNAL_SAMPLE/0000071.png,degradation_poisoned,poisoned,0,0,0,5.059169769287109,5.059169769287109,0.0,0.6923032402992249,0.6923032402992249
72,72,EXTERNAL_SAMPLE/0000072.png,degradation_poisoned,poisoned,0,0,0,13.119902610778809,13.119902610778809,0.0,0.9998931884765625,0.9998931884765625
73,73,EXTERNAL_SAMPLE/0000073.png,degradation_poisoned,poisoned,0,0,0,11.8660306930542,11.8660306930542,0.0,0.9997983574867249,0.9997983574867249
74,74,EXTERNAL_SAMPLE/0000074.png,degradation_poisoned,poisoned,0,0,1,2.9626574516296387,2.9626574516296387,0.0,0.21084614098072052,0.21084614098072052
75,75,EXTERNAL_SAMPLE/0000075.png,degradation_poisoned,poisoned,0,0,0,9.992267608642578,9.992267608642578,0.0,0.998191773891449,0.998191773891449
76,76,EXTERNAL_SAMPLE/0000076.png,degradation_poisoned,poisoned,0,0,0,18.345916748046875,18.345916748046875,0.0,0.9999998807907104,0.9999998807907104
77,77,EXTERNAL_SAMPLE/0000077.png,degradation_poisoned,poisoned,0,0,0,8.13359546661377,8.13359546661377,0.0,0.9765331149101257,0.9765331149101257
78,78,EXTERNAL_SAMPLE/0000078.png,degradation_poisoned,poisoned,0,0,0,6.957691192626953,6.957691192626953,0.0,0.9495809674263,0.9495809674263
79,79,EXTERNAL_SAMPLE/0000079.png,degradation_poisoned,poisoned,0,0,0,16.114412307739258,16.114412307739258,0.0,0.9999971389770508,0.9999971389770508
80,80,EXTERNAL_SAMPLE/0000080.png,degradation_poisoned,poisoned,0,0,0,9.548386573791504,9.548386573791504,0.0,0.9911817312240601,0.9911817312240601
81,81,EXTERNAL_SAMPLE/0000081.png,degradation_poisoned,poisoned,0,0,0,12.346174240112305,12.346174240112305,0.0,0.9996193647384644,0.9996193647384644
82,82,EXTERNAL_SAMPLE/0000082.png,degradation_poisoned,poisoned,0,0,0,6.779582500457764,6.779582500457764,0.0,0.887187123298645,0.887187123298645
83,83,EXTERNAL_SAMPLE/0000083.png,degradation_poisoned,poisoned,0,0,0,11.71086311340332,11.71086311340332,0.0,0.9997203946113586,0.9997203946113586
84,84,EXTERNAL_SAMPLE/0000084.png,degradation_poisoned,poisoned,0,0,0,8.959474563598633,8.959474563598633,0.0,0.9948486089706421,0.9948486089706421
85,85,EXTERNAL_SAMPLE/0000085.png,degradation_poisoned,poisoned,0,0,0,14.294681549072266,14.294681549072266,0.0,0.9999737739562988,0.9999737739562988
86,86,EXTERNAL_SAMPLE/0000086.png,degradation_poisoned,poisoned,0,0,0,6.910609722137451,6.910609722137451,0.0,0.9502456784248352,0.9502456784248352
87,87,EXTERNAL_SAMPLE/0000087.png,degradation_poisoned,poisoned,0,0,0,9.77617359161377,9.77617359161377,0.0,0.996046245098114,0.996046245098114
88,88,EXTERNAL_SAMPLE/0000088.png,degradation_poisoned,poisoned,0,0,0,11.743714332580566,11.743714332580566,0.0,0.9997207522392273,0.9997207522392273
89,89,EXTERNAL_SAMPLE/0000089.png,degradation_poisoned,poisoned,0,0,8,6.395376682281494,6.395376682281494,0.0,0.3951009213924408,0.3951009213924408
90,90,EXTERNAL_SAMPLE/0000090.png,degradation_poisoned,poisoned,0,0,0,4.902396202087402,4.902396202087402,0.0,0.6020641326904297,0.6020641326904297
91,91,EXTERNAL_SAMPLE/0000091.png,degradation_poisoned,poisoned,0,0,0,8.254798889160156,8.254798889160156,0.0,0.9641423225402832,0.9641423225402832
92,92,EXTERNAL_SAMPLE/0000092.png,degradation_poisoned,poisoned,0,0,8,3.025969982147217,3.025969982147217,0.0,0.048818912357091904,0.048818912357091904
93,93,EXTERNAL_SAMPLE/0000093.png,degradation_poisoned,poisoned,0,0,8,5.061874866485596,5.061874866485596,0.0,0.34715524315834045,0.34715524315834045
94,94,EXTERNAL_SAMPLE/0000094.png,degradation_poisoned,poisoned,0,0,8,4.473265171051025,4.473265171051025,0.0,0.360843688249588,0.360843688249588
95,95,EXTERNAL_SAMPLE/0000095.png,degradation_poisoned,poisoned,0,0,1,3.9921562671661377,3.9921562671661377,0.0,0.21355345845222473,0.21355345845222473
96,96,EXTERNAL_SAMPLE/0000096.png,degradation_poisoned,poisoned,0,0,0,6.426567077636719,6.426567077636719,0.0,0.9003175497055054,0.9003175497055054
97,97,EXTERNAL_SAMPLE/0000097.png,degradation_poisoned,poisoned,0,0,0,7.698635578155518,7.698635578155518,0.0,0.9287535548210144,0.9287535548210144
98,98,EXTERNAL_SAMPLE/0000098.png,degradation_poisoned,poisoned,0,0,0,7.498591423034668,7.498591423034668,0.0,0.9013544321060181,0.9013544321060181
99,99,EXTERNAL_SAMPLE/0000099.png,degradation_poisoned,poisoned,0,0,0,6.900234699249268,6.900234699249268,0.0,0.94513338804245,0.94513338804245
100,100,EXTERNAL_SAMPLE/0000100.png,degradation_poisoned,poisoned,0,0,0,8.972247123718262,8.972247123718262,0.0,0.979272723197937,0.979272723197937
101,101,EXTERNAL_SAMPLE/0000101.png,degradation_poisoned,poisoned,0,0,0,5.698149681091309,5.698149681091309,0.0,0.8937202095985413,0.8937202095985413
102,102,EXTERNAL_SAMPLE/0000102.png,degradation_poisoned,poisoned,0,0,0,8.186850547790527,8.186850547790527,0.0,0.9794442653656006,0.9794442653656006
103,103,EXTERNAL_SAMPLE/0000103.png,degradation_poisoned,poisoned,0,0,0,17.25901222229004,17.25901222229004,0.0,0.9999994039535522,0.9999994039535522
104,104,EXTERNAL_SAMPLE/0000104.png,degradation_poisoned,poisoned,0,0,0,9.147444725036621,9.147444725036621,0.0,0.989894449710846,0.989894449710846
105,105,EXTERNAL_SAMPLE/0000105.png,degradation_poisoned,poisoned,0,0,0,9.64432144165039,9.64432144165039,0.0,0.9977790713310242,0.9977790713310242
106,106,EXTERNAL_SAMPLE/0000106.png,degradation_poisoned,poisoned,0,0,0,8.00835132598877,8.00835132598877,0.0,0.9326003789901733,0.9326003789901733
107,107,EXTERNAL_SAMPLE/0000107.png,degradation_poisoned,poisoned,0,0,0,10.873295783996582,10.873295783996582,0.0,0.9990726709365845,0.9990726709365845
108,108,EXTERNAL_SAMPLE/0000108.png,degradation_poisoned,poisoned,0,0,0,14.38800048828125,14.38800048828125,0.0,0.9999709129333496,0.9999709129333496
109,109,EXTERNAL_SAMPLE/0000109.png,degradation_poisoned,poisoned,0,0,0,7.331835746765137,7.331835746765137,0.0,0.7765779495239258,0.7765779495239258
110,110,EXTERNAL_SAMPLE/0000110.png,degradation_poisoned,poisoned,0,0,0,9.312289237976074,9.312289237976074,0.0,0.9904672503471375,0.9904672503471375
111,111,EXTERNAL_SAMPLE/0000111.png,degradation_poisoned,poisoned,0,0,0,9.494869232177734,9.494869232177734,0.0,0.9954729676246643,0.9954729676246643
112,112,EXTERNAL_SAMPLE/0000112.png,degradation_poisoned,poisoned,0,0,0,12.716852188110352,12.716852188110352,0.0,0.9998012185096741,0.9998012185096741
113,113,EXTERNAL_SAMPLE/0000113.png,degradation_poisoned,poisoned,0,0,0,4.851407051086426,4.851407051086426,0.0,0.7984254956245422,0.7984254956245422
114,114,EXTERNAL_SAMPLE/0000114.png,degradation_poisoned,poisoned,0,0,8,4.675646781921387,4.675646781921387,0.0,0.03551473096013069,0.03551473096013069
115,115,EXTERNAL_SAMPLE/0000115.png,degradation_poisoned,poisoned,0,0,0,12.302624702453613,12.302624702453613,0.0,0.9988987445831299,0.9988987445831299
116,116,EXTERNAL_SAMPLE/0000116.png,degradation_poisoned,poisoned,0,0,0,6.06623649597168,6.06623649597168,0.0,0.735903799533844,0.735903799533844
117,117,EXTERNAL_SAMPLE/0000117.png,degradation_poisoned,poisoned,0,0,0,7.88699197769165,7.88699197769165,0.0,0.8777455687522888,0.8777455687522888
118,118,EXTERNAL_SAMPLE/0000118.png,degradation_poisoned,poisoned,0,0,0,8.472213745117188,8.472213745117188,0.0,0.9927327036857605,0.9927327036857605
119,119,EXTERNAL_SAMPLE/0000119.png,degradation_poisoned,poisoned,0,0,0,7.9238739013671875,7.9238739013671875,0.0,0.9828601479530334,0.9828601479530334
120,120,EXTERNAL_SAMPLE/0000120.png,degradation_poisoned,poisoned,0,0,0,9.852251052856445,9.852251052856445,0.0,0.9922574758529663,0.9922574758529663
121,121,EXTERNAL_SAMPLE/0000121.png,degradation_poisoned,poisoned,0,0,0,14.2420654296875,14.2420654296875,0.0,0.9999221563339233,0.9999221563339233
122,122,EXTERNAL_SAMPLE/0000122.png,degradation_poisoned,poisoned,0,0,0,12.932976722717285,12.932976722717285,0.0,0.9998537302017212,0.9998537302017212
123,123,EXTERNAL_SAMPLE/0000123.png,degradation_poisoned,poisoned,0,0,0,11.777976989746094,11.777976989746094,0.0,0.9998065829277039,0.9998065829277039
124,124,EXTERNAL_SAMPLE/0000124.png,degradation_poisoned,poisoned,0,0,0,8.127300262451172,8.127300262451172,0.0,0.9656756520271301,0.9656756520271301
125,125,EXTERNAL_SAMPLE/0000125.png,degradation_poisoned,poisoned,0,0,0,9.942025184631348,9.942025184631348,0.0,0.9976556301116943,0.9976556301116943
126,126,EXTERNAL_SAMPLE/0000126.png,degradation_poisoned,poisoned,0,0,0,10.177176475524902,10.177176475524902,0.0,0.9976186156272888,0.9976186156272888
127,127,EXTERNAL_SAMPLE/0000127.png,degradation_poisoned,poisoned,0,0,0,6.910155773162842,6.910155773162842,0.0,0.920742928981781,0.920742928981781
128,128,EXTERNAL_SAMPLE/0000128.png,degradation_poisoned,poisoned,0,0,0,9.68828296661377,9.68828296661377,0.0,0.995951771736145,0.995951771736145
129,129,EXTERNAL_SAMPLE/0000129.png,degradation_poisoned,poisoned,0,0,0,9.270298957824707,9.270298957824707,0.0,0.9885862469673157,0.9885862469673157
130,130,EXTERNAL_SAMPLE/0000130.png,degradation_poisoned,poisoned,0,0,0,13.0174560546875,13.0174560546875,0.0,0.999901294708252,0.999901294708252
131,131,EXTERNAL_SAMPLE/0000131.png,degradation_poisoned,poisoned,0,0,0,10.946634292602539,10.946634292602539,0.0,0.9993701577186584,0.9993701577186584
132,132,EXTERNAL_SAMPLE/0000132.png,degradation_poisoned,poisoned,0,0,8,2.9555060863494873,2.9555060863494873,0.0,0.0006868366035632789,0.0006868366035632789
133,133,EXTERNAL_SAMPLE/0000133.png,degradation_poisoned,poisoned,0,0,0,10.418829917907715,10.418829917907715,0.0,0.9972522854804993,0.9972522854804993
134,134,EXTERNAL_SAMPLE/0000134.png,degradation_poisoned,poisoned,0,0,0,11.260839462280273,11.260839462280273,0.0,0.9995812773704529,0.9995812773704529
135,135,EXTERNAL_SAMPLE/0000135.png,degradation_poisoned,poisoned,0,0,0,13.96310806274414,13.96310806274414,0.0,0.9999613761901855,0.9999613761901855
136,136,EXTERNAL_SAMPLE/0000136.png,degradation_poisoned,poisoned,0,0,0,13.010940551757812,13.010940551757812,0.0,0.9995762705802917,0.9995762705802917
137,137,EXTERNAL_SAMPLE/0000137.png,degradation_poisoned,poisoned,0,0,0,9.54299545288086,9.54299545288086,0.0,0.9878316521644592,0.9878316521644592
138,138,EXTERNAL_SAMPLE/0000138.png,degradation_poisoned,poisoned,0,0,0,10.37001895904541,10.37001895904541,0.0,0.998719334602356,0.998719334602356
139,139,EXTERNAL_SAMPLE/0000139.png,degradation_poisoned,poisoned,0,0,0,7.783496379852295,7.783496379852295,0.0,0.976960301399231,0.976960301399231
140,140,EXTERNAL_SAMPLE/0000140.png,degradation_poisoned,poisoned,0,0,0,7.329575538635254,7.329575538635254,0.0,0.9006140232086182,0.9006140232086182
141,141,EXTERNAL_SAMPLE/0000141.png,degradation_poisoned,poisoned,0,0,0,6.650184154510498,6.650184154510498,0.0,0.7006301879882812,0.7006301879882812
142,142,EXTERNAL_SAMPLE/0000142.png,degradation_poisoned,poisoned,0,0,0,15.921469688415527,15.921469688415527,0.0,0.9999980926513672,0.9999980926513672
143,143,EXTERNAL_SAMPLE/0000143.png,degradation_poisoned,poisoned,0,0,0,5.846250057220459,5.846250057220459,0.0,0.811001181602478,0.811001181602478
144,144,EXTERNAL_SAMPLE/0000144.png,degradation_poisoned,poisoned,0,0,0,12.380419731140137,12.380419731140137,0.0,0.9994997978210449,0.9994997978210449
145,145,EXTERNAL_SAMPLE/0000145.png,degradation_poisoned,poisoned,0,0,0,7.592234134674072,7.592234134674072,0.0,0.9485785961151123,0.9485785961151123
146,146,EXTERNAL_SAMPLE/0000146.png,degradation_poisoned,poisoned,0,0,8,3.484010696411133,3.484010696411133,0.0,0.2376680076122284,0.2376680076122284
147,147,EXTERNAL_SAMPLE/0000147.png,degradation_poisoned,poisoned,0,0,0,6.453236103057861,6.453236103057861,0.0,0.9334434270858765,0.9334434270858765
148,148,EXTERNAL_SAMPLE/0000148.png,degradation_poisoned,poisoned,0,0,8,3.080360174179077,3.080360174179077,0.0,0.17269004881381989,0.17269004881381989
149,149,EXTERNAL_SAMPLE/0000149.png,degradation_poisoned,poisoned,0,0,8,5.871520042419434,5.871520042419434,0.0,0.4378470480442047,0.4378470480442047
150,150,EXTERNAL_SAMPLE/0000150.png,degradation_poisoned,poisoned,0,0,0,7.5463175773620605,7.5463175773620605,0.0,0.9784194231033325,0.9784194231033325
151,151,EXTERNAL_SAMPLE/0000151.png,degradation_poisoned,poisoned,0,0,9,2.4058024883270264,2.4058024883270264,0.0,0.021056436002254486,0.021056436002254486
152,152,EXTERNAL_SAMPLE/0000152.png,degradation_poisoned,poisoned,0,0,0,9.042691230773926,9.042691230773926,0.0,0.9472777843475342,0.9472777843475342
153,153,EXTERNAL_SAMPLE/0000153.png,degradation_poisoned,poisoned,0,0,8,2.3691585063934326,2.3691585063934326,0.0,0.07834094017744064,0.07834094017744064
154,154,EXTERNAL_SAMPLE/0000154.png,degradation_poisoned,poisoned,0,0,0,8.626691818237305,8.626691818237305,0.0,0.9875785708427429,0.9875785708427429
155,155,EXTERNAL_SAMPLE/0000155.png,degradation_poisoned,poisoned,0,0,0,10.355480194091797,10.355480194091797,0.0,0.9977177381515503,0.9977177381515503
156,156,EXTERNAL_SAMPLE/0000156.png,degradation_poisoned,poisoned,0,0,8,3.698906660079956,3.698906660079956,0.0,0.08575325459241867,0.08575325459241867
157,157,EXTERNAL_SAMPLE/0000157.png,degradation_poisoned,poisoned,0,0,0,7.362989902496338,7.362989902496338,0.0,0.97675621509552,0.97675621509552
158,158,EXTERNAL_SAMPLE/0000158.png,degradation_poisoned,poisoned,0,0,0,10.629327774047852,10.629327774047852,0.0,0.998276948928833,0.998276948928833
159,159,EXTERNAL_SAMPLE/0000159.png,degradation_poisoned,poisoned,0,0,0,7.598521709442139,7.598521709442139,0.0,0.9786837697029114,0.9786837697029114
160,160,EXTERNAL_SAMPLE/0000160.png,degradation_poisoned,poisoned,0,0,8,2.699554204940796,2.699554204940796,0.0,0.16063624620437622,0.16063624620437622
161,161,EXTERNAL_SAMPLE/0000161.png,degradation_poisoned,poisoned,0,0,1,2.3802878856658936,2.3802878856658936,0.0,0.09146890044212341,0.09146890044212341
162,162,EXTERNAL_SAMPLE/0000162.png,degradation_poisoned,poisoned,0,0,3,1.1677390336990356,1.1677390336990356,0.0,0.024969318881630898,0.024969318881630898
163,163,EXTERNAL_SAMPLE/0000163.png,degradation_poisoned,poisoned,0,0,1,4.063609600067139,4.063609600067139,0.0,0.20283618569374084,0.20283618569374084
164,164,EXTERNAL_SAMPLE/0000164.png,degradation_poisoned,poisoned,0,0,0,9.241536140441895,9.241536140441895,0.0,0.9752821922302246,0.9752821922302246
165,165,EXTERNAL_SAMPLE/0000165.png,degradation_poisoned,poisoned,0,0,8,3.407470464706421,3.407470464706421,0.0,0.16692644357681274,0.16692644357681274
166,166,EXTERNAL_SAMPLE/0000166.png,degradation_poisoned,poisoned,0,0,8,4.303149700164795,4.303149700164795,0.0,0.019480029121041298,0.019480029121041298
167,167,EXTERNAL_SAMPLE/0000167.png,degradation_poisoned,poisoned,0,0,0,7.793051719665527,7.793051719665527,0.0,0.9554651975631714,0.9554651975631714
168,168,EXTERNAL_SAMPLE/0000168.png,degradation_poisoned,poisoned,0,0,0,11.208925247192383,11.208925247192383,0.0,0.9992258548736572,0.9992258548736572
169,169,EXTERNAL_SAMPLE/0000169.png,degradation_poisoned,poisoned,0,0,0,6.663251876831055,6.663251876831055,0.0,0.5254812836647034,0.5254812836647034
170,170,EXTERNAL_SAMPLE/0000170.png,degradation_poisoned,poisoned,0,0,0,8.321497917175293,8.321497917175293,0.0,0.9479699730873108,0.9479699730873108
171,171,EXTERNAL_SAMPLE/0000171.png,degradation_poisoned,poisoned,0,0,1,2.9903950691223145,2.9903950691223145,0.0,0.12861381471157074,0.12861381471157074
172,172,EXTERNAL_SAMPLE/0000172.png,degradation_poisoned,poisoned,0,0,0,11.130266189575195,11.130266189575195,0.0,0.999359667301178,0.999359667301178
173,173,EXTERNAL_SAMPLE/0000173.png,degradation_poisoned,poisoned,0,0,0,5.36600399017334,5.36600399017334,0.0,0.47434788942337036,0.47434788942337036
174,174,EXTERNAL_SAMPLE/0000174.png,degradation_poisoned,poisoned,0,0,8,2.4371862411499023,2.4371862411499023,0.0,0.059368863701820374,0.059368863701820374
175,175,EXTERNAL_SAMPLE/0000175.png,degradation_poisoned,poisoned,0,0,0,6.498863697052002,6.498863697052002,0.0,0.832940936088562,0.832940936088562
176,176,EXTERNAL_SAMPLE/0000176.png,degradation_poisoned,poisoned,0,0,0,7.897106647491455,7.897106647491455,0.0,0.8356289267539978,0.8356289267539978
177,177,EXTERNAL_SAMPLE/0000177.png,degradation_poisoned,poisoned,0,0,0,9.344230651855469,9.344230651855469,0.0,0.9851757287979126,0.9851757287979126
178,178,EXTERNAL_SAMPLE/0000178.png,degradation_poisoned,poisoned,0,0,0,12.476980209350586,12.476980209350586,0.0,0.9998643398284912,0.9998643398284912
179,179,EXTERNAL_SAMPLE/0000179.png,degradation_poisoned,poisoned,0,0,0,13.894214630126953,13.894214630126953,0.0,0.9999462366104126,0.9999462366104126
180,180,EXTERNAL_SAMPLE/0000180.png,degradation_poisoned,poisoned,0,0,0,5.597115993499756,5.597115993499756,0.0,0.5224257111549377,0.5224257111549377
181,181,EXTERNAL_SAMPLE/0000181.png,degradation_poisoned,poisoned,0,0,0,11.661080360412598,11.661080360412598,0.0,0.9995021820068359,0.9995021820068359
182,182,EXTERNAL_SAMPLE/0000182.png,degradation_poisoned,poisoned,0,0,0,10.272193908691406,10.272193908691406,0.0,0.9982169270515442,0.9982169270515442
183,183,EXTERNAL_SAMPLE/0000183.png,degradation_poisoned,poisoned,0,0,0,11.437379837036133,11.437379837036133,0.0,0.9981889128684998,0.9981889128684998
184,184,EXTERNAL_SAMPLE/0000184.png,degradation_poisoned,poisoned,0,0,0,6.906196117401123,6.906196117401123,0.0,0.9652618169784546,0.9652618169784546
185,185,EXTERNAL_SAMPLE/0000185.png,degradation_poisoned,poisoned,0,0,8,5.437844753265381,5.437844753265381,0.0,0.2973518669605255,0.2973518669605255
186,186,EXTERNAL_SAMPLE/0000186.png,degradation_poisoned,poisoned,0,0,0,12.79433822631836,12.79433822631836,0.0,0.9997766613960266,0.9997766613960266
187,187,EXTERNAL_SAMPLE/0000187.png,degradation_poisoned,poisoned,0,0,0,9.193836212158203,9.193836212158203,0.0,0.9865214824676514,0.9865214824676514
188,188,EXTERNAL_SAMPLE/0000188.png,degradation_poisoned,poisoned,0,0,0,4.735811233520508,4.735811233520508,0.0,0.609728217124939,0.609728217124939
189,189,EXTERNAL_SAMPLE/0000189.png,degradation_poisoned,poisoned,0,0,8,1.2902008295059204,1.2902008295059204,0.0,0.03315095975995064,0.03315095975995064
190,190,EXTERNAL_SAMPLE/0000190.png,degradation_poisoned,poisoned,0,0,1,4.128743648529053,4.128743648529053,0.0,0.21575911343097687,0.21575911343097687
191,191,EXTERNAL_SAMPLE/0000191.png,degradation_poisoned,poisoned,0,0,0,7.867238521575928,7.867238521575928,0.0,0.9821833372116089,0.9821833372116089
192,192,EXTERNAL_SAMPLE/0000192.png,degradation_poisoned,poisoned,0,0,0,6.232268333435059,6.232268333435059,0.0,0.724757194519043,0.724757194519043
193,193,EXTERNAL_SAMPLE/0000193.png,degradation_poisoned,poisoned,0,0,0,9.388947486877441,9.388947486877441,0.0,0.9977201819419861,0.9977201819419861
194,194,EXTERNAL_SAMPLE/0000194.png,degradation_poisoned,poisoned,0,0,0,12.184651374816895,12.184651374816895,0.0,0.9998633861541748,0.9998633861541748
195,195,EXTERNAL_SAMPLE/0000195.png,degradation_poisoned,poisoned,0,0,0,7.826424598693848,7.826424598693848,0.0,0.7801291942596436,0.7801291942596436
196,196,EXTERNAL_SAMPLE/0000196.png,degradation_poisoned,poisoned,0,0,0,5.95259952545166,5.95259952545166,0.0,0.9238681197166443,0.9238681197166443
197,197,EXTERNAL_SAMPLE/0000197.png,degradation_poisoned,poisoned,0,0,0,12.070281982421875,12.070281982421875,0.0,0.9997034668922424,0.9997034668922424
198,198,EXTERNAL_SAMPLE/0000198.png,degradation_poisoned,poisoned,0,0,0,7.70551061630249,7.70551061630249,0.0,0.9266879558563232,0.9266879558563232
199,199,EXTERNAL_SAMPLE/0000199.png,degradation_poisoned,poisoned,0,0,0,6.957046985626221,6.957046985626221,0.0,0.9644176363945007,0.9644176363945007
200,200,EXTERNAL_SAMPLE/0000200.png,degradation_poisoned,poisoned,0,0,0,7.043625831604004,7.043625831604004,0.0,0.9414914846420288,0.9414914846420288
201,201,EXTERNAL_SAMPLE/0000201.png,degradation_poisoned,poisoned,0,0,8,4.440561771392822,4.440561771392822,0.0,0.1506263166666031,0.1506263166666031
202,202,EXTERNAL_SAMPLE/0000202.png,degradation_poisoned,poisoned,0,0,0,13.506089210510254,13.506089210510254,0.0,0.9999635219573975,0.9999635219573975
203,203,EXTERNAL_SAMPLE/0000203.png,degradation_poisoned,poisoned,0,0,0,14.117735862731934,14.117735862731934,0.0,0.9999454021453857,0.9999454021453857
204,204,EXTERNAL_SAMPLE/0000204.png,degradation_poisoned,poisoned,0,0,0,10.556197166442871,10.556197166442871,0.0,0.9928464293479919,0.9928464293479919
205,205,EXTERNAL_SAMPLE/0000205.png,degradation_poisoned,poisoned,0,0,0,8.710893630981445,8.710893630981445,0.0,0.9892898201942444,0.9892898201942444
206,206,EXTERNAL_SAMPLE/0000206.png,degradation_poisoned,poisoned,0,0,0,14.290252685546875,14.290252685546875,0.0,0.9999746084213257,0.9999746084213257
207,207,EXTERNAL_SAMPLE/0000207.png,degradation_poisoned,poisoned,0,0,0,7.864922523498535,7.864922523498535,0.0,0.9805779457092285,0.9805779457092285
208,208,EXTERNAL_SAMPLE/0000208.png,degradation_poisoned,poisoned,0,0,0,7.164149284362793,7.164149284362793,0.0,0.9678468108177185,0.9678468108177185
209,209,EXTERNAL_SAMPLE/0000209.png,degradation_poisoned,poisoned,0,0,0,4.541954517364502,4.541954517364502,0.0,0.4527122676372528,0.4527122676372528
210,210,EXTERNAL_SAMPLE/0000210.png,degradation_poisoned,poisoned,0,0,8,5.7627973556518555,5.7627973556518555,0.0,0.07726557552814484,0.07726557552814484
211,211,EXTERNAL_SAMPLE/0000211.png,degradation_poisoned,poisoned,0,0,0,7.725372314453125,7.725372314453125,0.0,0.9777300357818604,0.9777300357818604
212,212,EXTERNAL_SAMPLE/0000212.png,degradation_poisoned,poisoned,0,0,0,3.498826742172241,3.498826742172241,0.0,0.42659661173820496,0.42659661173820496
213,213,EXTERNAL_SAMPLE/0000213.png,degradation_poisoned,poisoned,0,0,0,9.805333137512207,9.805333137512207,0.0,0.9954996705055237,0.9954996705055237
214,214,EXTERNAL_SAMPLE/0000214.png,degradation_poisoned,poisoned,0,0,0,11.450021743774414,11.450021743774414,0.0,0.9997454285621643,0.9997454285621643
215,215,EXTERNAL_SAMPLE/0000215.png,degradation_poisoned,poisoned,0,0,0,9.374213218688965,9.374213218688965,0.0,0.9970242381095886,0.9970242381095886
216,216,EXTERNAL_SAMPLE/0000216.png,degradation_poisoned,poisoned,0,0,0,11.243149757385254,11.243149757385254,0.0,0.9990354776382446,0.9990354776382446
217,217,EXTERNAL_SAMPLE/0000217.png,degradation_poisoned,poisoned,0,0,0,12.757661819458008,12.757661819458008,0.0,0.9997718930244446,0.9997718930244446
218,218,EXTERNAL_SAMPLE/0000218.png,degradation_poisoned,poisoned,0,0,0,12.802783966064453,12.802783966064453,0.0,0.9998233914375305,0.9998233914375305
219,219,EXTERNAL_SAMPLE/0000219.png,degradation_poisoned,poisoned,0,0,0,9.87220573425293,9.87220573425293,0.0,0.9985405206680298,0.9985405206680298
220,220,EXTERNAL_SAMPLE/0000220.png,degradation_poisoned,poisoned,0,0,0,9.648245811462402,9.648245811462402,0.0,0.9474766850471497,0.9474766850471497
221,221,EXTERNAL_SAMPLE/0000221.png,degradation_poisoned,poisoned,0,0,0,7.107784748077393,7.107784748077393,0.0,0.6157457828521729,0.6157457828521729
222,222,EXTERNAL_SAMPLE/0000222.png,degradation_poisoned,poisoned,0,0,0,13.985848426818848,13.985848426818848,0.0,0.9999740123748779,0.9999740123748779
223,223,EXTERNAL_SAMPLE/0000223.png,degradation_poisoned,poisoned,0,0,0,8.457271575927734,8.457271575927734,0.0,0.7653660774230957,0.7653660774230957
224,224,EXTERNAL_SAMPLE/0000224.png,degradation_poisoned,poisoned,0,0,0,8.388879776000977,8.388879776000977,0.0,0.9900341629981995,0.9900341629981995
225,225,EXTERNAL_SAMPLE/0000225.png,degradation_poisoned,poisoned,0,0,0,5.091370105743408,5.091370105743408,0.0,0.5816838145256042,0.5816838145256042
226,226,EXTERNAL_SAMPLE/0000226.png,degradation_poisoned,poisoned,0,0,8,4.6800103187561035,4.6800103187561035,0.0,0.077664814889431,0.077664814889431
227,227,EXTERNAL_SAMPLE/0000227.png,degradation_poisoned,poisoned,0,0,0,12.757319450378418,12.757319450378418,0.0,0.9987624883651733,0.9987624883651733
228,228,EXTERNAL_SAMPLE/0000228.png,degradation_poisoned,poisoned,0,0,8,5.113182544708252,5.113182544708252,0.0,0.02419927343726158,0.02419927343726158
229,229,EXTERNAL_SAMPLE/0000229.png,degradation_poisoned,poisoned,0,0,0,8.095623016357422,8.095623016357422,0.0,0.9702125191688538,0.9702125191688538
230,230,EXTERNAL_SAMPLE/0000230.png,degradation_poisoned,poisoned,0,0,0,14.4907808303833,14.4907808303833,0.0,0.9999809265136719,0.9999809265136719
231,231,EXTERNAL_SAMPLE/0000231.png,degradation_poisoned,poisoned,0,0,0,4.634603500366211,4.634603500366211,0.0,0.6981362104415894,0.6981362104415894
232,232,EXTERNAL_SAMPLE/0000232.png,degradation_poisoned,poisoned,0,0,0,7.254161834716797,7.254161834716797,0.0,0.9017959833145142,0.9017959833145142
233,233,EXTERNAL_SAMPLE/0000233.png,degradation_poisoned,poisoned,0,0,0,6.140163421630859,6.140163421630859,0.0,0.5245834589004517,0.5245834589004517
234,234,EXTERNAL_SAMPLE/0000234.png,degradation_poisoned,poisoned,0,0,0,5.150115489959717,5.150115489959717,0.0,0.6252121925354004,0.6252121925354004
235,235,EXTERNAL_SAMPLE/0000235.png,degradation_poisoned,poisoned,0,0,0,7.132862091064453,7.132862091064453,0.0,0.6724491715431213,0.6724491715431213
236,236,EXTERNAL_SAMPLE/0000236.png,degradation_poisoned,poisoned,0,0,0,3.214092493057251,3.214092493057251,0.0,0.31813642382621765,0.31813642382621765
237,237,EXTERNAL_SAMPLE/0000237.png,degradation_poisoned,poisoned,0,0,0,13.031730651855469,13.031730651855469,0.0,0.9998431205749512,0.9998431205749512
238,238,EXTERNAL_SAMPLE/0000238.png,degradation_poisoned,poisoned,0,0,8,4.18095588684082,4.18095588684082,0.0,0.08180652558803558,0.08180652558803558
239,239,EXTERNAL_SAMPLE/0000239.png,degradation_poisoned,poisoned,0,0,0,6.187721252441406,6.187721252441406,0.0,0.8182366490364075,0.8182366490364075
240,240,EXTERNAL_SAMPLE/0000240.png,degradation_poisoned,poisoned,0,0,8,2.789614677429199,2.789614677429199,0.0,0.03255506977438927,0.03255506977438927
241,241,EXTERNAL_SAMPLE/0000241.png,degradation_poisoned,poisoned,0,0,0,5.578481197357178,5.578481197357178,0.0,0.5661600828170776,0.5661600828170776
242,242,EXTERNAL_SAMPLE/0000242.png,degradation_poisoned,poisoned,0,0,0,7.484580039978027,7.484580039978027,0.0,0.9643558859825134,0.9643558859825134
243,243,EXTERNAL_SAMPLE/0000243.png,degradation_poisoned,poisoned,0,0,0,9.352962493896484,9.352962493896484,0.0,0.9963459372520447,0.9963459372520447
244,244,EXTERNAL_SAMPLE/0000244.png,degradation_poisoned,poisoned,0,0,0,5.758976459503174,5.758976459503174,0.0,0.8829554915428162,0.8829554915428162
245,245,EXTERNAL_SAMPLE/0000245.png,degradation_poisoned,poisoned,0,0,1,2.2440502643585205,2.2440502643585205,0.0,0.01251064520329237,0.01251064520329237
246,246,EXTERNAL_SAMPLE/0000246.png,degradation_poisoned,poisoned,0,0,0,6.3735527992248535,6.3735527992248535,0.0,0.7765012383460999,0.7765012383460999
247,247,EXTERNAL_SAMPLE/0000247.png,degradation_poisoned,poisoned,0,0,0,5.021575450897217,5.021575450897217,0.0,0.7091299891471863,0.7091299891471863
248,248,EXTERNAL_SAMPLE/0000248.png,degradation_poisoned,poisoned,0,0,0,10.10264778137207,10.10264778137207,0.0,0.9898452758789062,0.9898452758789062
249,249,EXTERNAL_SAMPLE/0000249.png,degradation_poisoned,poisoned,0,0,0,9.205709457397461,9.205709457397461,0.0,0.9541775584220886,0.9541775584220886
250,250,EXTERNAL_SAMPLE/0000250.png,degradation_poisoned,poisoned,0,0,2,4.240324974060059,4.240324974060059,0.0,0.2648550570011139,0.2648550570011139
251,251,EXTERNAL_SAMPLE/0000251.png,degradation_poisoned,poisoned,0,0,9,2.652829170227051,2.652829170227051,0.0,0.19888247549533844,0.19888247549533844
252,252,EXTERNAL_SAMPLE/0000252.png,degradation_poisoned,poisoned,0,0,0,4.947263240814209,4.947263240814209,0.0,0.5698751211166382,0.5698751211166382
253,253,EXTERNAL_SAMPLE/0000253.png,degradation_poisoned,poisoned,0,0,0,13.250621795654297,13.250621795654297,0.0,0.9999250173568726,0.9999250173568726
254,254,EXTERNAL_SAMPLE/0000254.png,degradation_poisoned,poisoned,0,0,0,8.139951705932617,8.139951705932617,0.0,0.9889361262321472,0.9889361262321472
255,255,EXTERNAL_SAMPLE/0000255.png,degradation_poisoned,poisoned,0,0,0,10.531291007995605,10.531291007995605,0.0,0.9984933137893677,0.9984933137893677
256,256,EXTERNAL_SAMPLE/0000256.png,degradation_poisoned,poisoned,0,0,8,6.317604064941406,6.317604064941406,0.0,0.46202173829078674,0.46202173829078674
257,257,EXTERNAL_SAMPLE/0000257.png,degradation_poisoned,poisoned,0,0,0,6.503751754760742,6.503751754760742,0.0,0.9503147602081299,0.9503147602081299
258,258,EXTERNAL_SAMPLE/0000258.png,degradation_poisoned,poisoned,0,0,0,8.300274848937988,8.300274848937988,0.0,0.9873555302619934,0.9873555302619934
259,259,EXTERNAL_SAMPLE/0000259.png,degradation_poisoned,poisoned,0,0,0,10.118208885192871,10.118208885192871,0.0,0.9872466325759888,0.9872466325759888
260,260,EXTERNAL_SAMPLE/0000260.png,degradation_poisoned,poisoned,0,0,8,2.1193292140960693,2.1193292140960693,0.0,0.08780108392238617,0.08780108392238617
261,261,EXTERNAL_SAMPLE/0000261.png,degradation_poisoned,poisoned,0,0,0,6.226855754852295,6.226855754852295,0.0,0.7803274393081665,0.7803274393081665
262,262,EXTERNAL_SAMPLE/0000262.png,degradation_poisoned,poisoned,0,0,0,7.9308180809021,7.9308180809021,0.0,0.985692024230957,0.985692024230957
263,263,EXTERNAL_SAMPLE/0000263.png,degradation_poisoned,poisoned,0,0,0,8.267304420471191,8.267304420471191,0.0,0.9695066809654236,0.9695066809654236
264,264,EXTERNAL_SAMPLE/0000264.png,degradation_poisoned,poisoned,0,0,0,11.70238208770752,11.70238208770752,0.0,0.9991862177848816,0.9991862177848816
265,265,EXTERNAL_SAMPLE/0000265.png,degradation_poisoned,poisoned,0,0,0,9.301624298095703,9.301624298095703,0.0,0.9946894645690918,0.9946894645690918
266,266,EXTERNAL_SAMPLE/0000266.png,degradation_poisoned,poisoned,0,0,0,10.378231048583984,10.378231048583984,0.0,0.9910523295402527,0.9910523295402527
267,267,EXTERNAL_SAMPLE/0000267.png,degradation_poisoned,poisoned,0,0,0,17.924110412597656,17.924110412597656,0.0,0.9999994039535522,0.9999994039535522
268,268,EXTERNAL_SAMPLE/0000268.png,degradation_poisoned,poisoned,0,0,0,3.9660816192626953,3.9660816192626953,0.0,0.5229719877243042,0.5229719877243042
269,269,EXTERNAL_SAMPLE/0000269.png,degradation_poisoned,poisoned,0,0,0,6.7297868728637695,6.7297868728637695,0.0,0.7438631653785706,0.7438631653785706
270,270,EXTERNAL_SAMPLE/0000270.png,degradation_poisoned,poisoned,0,0,0,16.80345916748047,16.80345916748047,0.0,0.9999946355819702,0.9999946355819702
271,271,EXTERNAL_SAMPLE/0000271.png,degradation_poisoned,poisoned,0,0,0,15.638924598693848,15.638924598693848,0.0,0.9999957084655762,0.9999957084655762
272,272,EXTERNAL_SAMPLE/0000272.png,degradation_poisoned,poisoned,0,0,0,10.661052703857422,10.661052703857422,0.0,0.9970008730888367,0.9970008730888367
273,273,EXTERNAL_SAMPLE/0000273.png,degradation_poisoned,poisoned,0,0,0,8.674093246459961,8.674093246459961,0.0,0.9923961758613586,0.9923961758613586
274,274,EXTERNAL_SAMPLE/0000274.png,degradation_poisoned,poisoned,0,0,0,4.5663251876831055,4.5663251876831055,0.0,0.6046855449676514,0.6046855449676514
275,275,EXTERNAL_SAMPLE/0000275.png,degradation_poisoned,poisoned,0,0,0,10.272265434265137,10.272265434265137,0.0,0.9990224838256836,0.9990224838256836
276,276,EXTERNAL_SAMPLE/0000276.png,degradation_poisoned,poisoned,0,0,0,8.49055290222168,8.49055290222168,0.0,0.926267683506012,0.926267683506012
277,277,EXTERNAL_SAMPLE/0000277.png,degradation_poisoned,poisoned,0,0,8,3.391091823577881,3.391091823577881,0.0,0.07791495323181152,0.07791495323181152
278,278,EXTERNAL_SAMPLE/0000278.png,degradation_poisoned,poisoned,0,0,0,10.64172649383545,10.64172649383545,0.0,0.9990012049674988,0.9990012049674988
279,279,EXTERNAL_SAMPLE/0000279.png,degradation_poisoned,poisoned,0,0,0,4.788372039794922,4.788372039794922,0.0,0.667946457862854,0.667946457862854
280,280,EXTERNAL_SAMPLE/0000280.png,degradation_poisoned,poisoned,0,0,0,6.4147748947143555,6.4147748947143555,0.0,0.609443187713623,0.609443187713623
281,281,EXTERNAL_SAMPLE/0000281.png,degradation_poisoned,poisoned,0,0,0,14.105443000793457,14.105443000793457,0.0,0.9999748468399048,0.9999748468399048
282,282,EXTERNAL_SAMPLE/0000282.png,degradation_poisoned,poisoned,0,0,0,11.510276794433594,11.510276794433594,0.0,0.9996916055679321,0.9996916055679321
283,283,EXTERNAL_SAMPLE/0000283.png,degradation_poisoned,poisoned,0,0,0,10.325300216674805,10.325300216674805,0.0,0.9956276416778564,0.9956276416778564
284,284,EXTERNAL_SAMPLE/0000284.png,degradation_poisoned,poisoned,0,0,0,8.072561264038086,8.072561264038086,0.0,0.9346222877502441,0.9346222877502441
285,285,EXTERNAL_SAMPLE/0000285.png,degradation_poisoned,poisoned,0,0,1,5.424859523773193,5.424859523773193,0.0,0.34852147102355957,0.34852147102355957
286,286,EXTERNAL_SAMPLE/0000286.png,degradation_poisoned,poisoned,0,0,0,10.741003036499023,10.741003036499023,0.0,0.9994468092918396,0.9994468092918396
287,287,EXTERNAL_SAMPLE/0000287.png,degradation_poisoned,poisoned,0,0,0,15.714733123779297,15.714733123779297,0.0,0.9999948740005493,0.9999948740005493
288,288,EXTERNAL_SAMPLE/0000288.png,degradation_poisoned,poisoned,0,0,8,5.61694860458374,5.61694860458374,0.0,0.42768919467926025,0.42768919467926025
289,289,EXTERNAL_SAMPLE/0000289.png,degradation_poisoned,poisoned,0,0,0,14.914944648742676,14.914944648742676,0.0,0.99996018409729,0.99996018409729
290,290,EXTERNAL_SAMPLE/0000290.png,degradation_poisoned,poisoned,0,0,0,16.333629608154297,16.333629608154297,0.0,0.9999963045120239,0.9999963045120239
291,291,EXTERNAL_SAMPLE/0000291.png,degradation_poisoned,poisoned,0,0,0,11.022863388061523,11.022863388061523,0.0,0.999193012714386,0.999193012714386
292,292,EXTERNAL_SAMPLE/0000292.png,degradation_poisoned,poisoned,0,0,0,6.176524639129639,6.176524639129639,0.0,0.6023359298706055,0.6023359298706055
293,293,EXTERNAL_SAMPLE/0000293.png,degradation_poisoned,poisoned,0,0,8,0.9712173938751221,0.9712173938751221,0.0,0.015886517241597176,0.015886517241597176
294,294,EXTERNAL_SAMPLE/0000294.png,degradation_poisoned,poisoned,0,0,1,3.2687125205993652,3.2687125205993652,0.0,0.048560142517089844,0.048560142517089844
295,295,EXTERNAL_SAMPLE/0000295.png,degradation_poisoned,poisoned,0,0,1,5.509565353393555,5.509565353393555,0.0,0.43794915080070496,0.43794915080070496
296,296,EXTERNAL_SAMPLE/0000296.png,degradation_poisoned,poisoned,0,0,0,12.112593650817871,12.112593650817871,0.0,0.9991515874862671,0.9991515874862671
297,297,EXTERNAL_SAMPLE/0000297.png,degradation_poisoned,poisoned,0,0,0,8.289680480957031,8.289680480957031,0.0,0.988135814666748,0.988135814666748
298,298,EXTERNAL_SAMPLE/0000298.png,degradation_poisoned,poisoned,0,0,0,12.291757583618164,12.291757583618164,0.0,0.9998610019683838,0.9998610019683838
299,299,EXTERNAL_SAMPLE/0000299.png,degradation_poisoned,poisoned,0,0,0,5.952152729034424,5.952152729034424,0.0,0.901309072971344,0.901309072971344
300,300,EXTERNAL_SAMPLE/0000300.png,degradation_poisoned,poisoned,0,0,0,7.116908073425293,7.116908073425293,0.0,0.909614622592926,0.909614622592926
301,301,EXTERNAL_SAMPLE/0000301.png,degradation_poisoned,poisoned,0,0,0,12.548127174377441,12.548127174377441,0.0,0.9999158382415771,0.9999158382415771
302,302,EXTERNAL_SAMPLE/0000302.png,degradation_poisoned,poisoned,0,0,0,8.537137031555176,8.537137031555176,0.0,0.992621898651123,0.992621898651123
303,303,EXTERNAL_SAMPLE/0000303.png,degradation_poisoned,poisoned,0,0,0,4.635517597198486,4.635517597198486,0.0,0.6273415088653564,0.6273415088653564
304,304,EXTERNAL_SAMPLE/0000304.png,degradation_poisoned,poisoned,0,0,0,10.21761703491211,10.21761703491211,0.0,0.9910675883293152,0.9910675883293152
305,305,EXTERNAL_SAMPLE/0000305.png,degradation_poisoned,poisoned,0,0,0,7.363468647003174,7.363468647003174,0.0,0.9663591384887695,0.9663591384887695
306,306,EXTERNAL_SAMPLE/0000306.png,degradation_poisoned,poisoned,0,0,0,8.718587875366211,8.718587875366211,0.0,0.992906928062439,0.992906928062439
307,307,EXTERNAL_SAMPLE/0000307.png,degradation_poisoned,poisoned,0,0,0,11.256863594055176,11.256863594055176,0.0,0.9996570348739624,0.9996570348739624
308,308,EXTERNAL_SAMPLE/0000308.png,degradation_poisoned,poisoned,0,0,0,9.242496490478516,9.242496490478516,0.0,0.9498976469039917,0.9498976469039917
309,309,EXTERNAL_SAMPLE/0000309.png,degradation_poisoned,poisoned,0,0,0,10.458763122558594,10.458763122558594,0.0,0.9983362555503845,0.9983362555503845
310,310,EXTERNAL_SAMPLE/0000310.png,degradation_poisoned,poisoned,0,0,0,7.45021915435791,7.45021915435791,0.0,0.9759860634803772,0.9759860634803772
311,311,EXTERNAL_SAMPLE/0000311.png,degradation_poisoned,poisoned,0,0,0,10.120792388916016,10.120792388916016,0.0,0.998145580291748,0.998145580291748
312,312,EXTERNAL_SAMPLE/0000312.png,degradation_poisoned,poisoned,0,0,0,6.3927483558654785,6.3927483558654785,0.0,0.9229620099067688,0.9229620099067688
313,313,EXTERNAL_SAMPLE/0000313.png,degradation_poisoned,poisoned,0,0,0,12.043996810913086,12.043996810913086,0.0,0.9996426105499268,0.9996426105499268
314,314,EXTERNAL_SAMPLE/0000314.png,degradation_poisoned,poisoned,0,0,1,5.311608791351318,5.311608791351318,0.0,0.23319792747497559,0.23319792747497559
315,315,EXTERNAL_SAMPLE/0000315.png,degradation_poisoned,poisoned,0,0,0,6.440003871917725,6.440003871917725,0.0,0.9215874671936035,0.9215874671936035
316,316,EXTERNAL_SAMPLE/0000316.png,degradation_poisoned,poisoned,0,0,0,9.623968124389648,9.623968124389648,0.0,0.9960164427757263,0.9960164427757263
317,317,EXTERNAL_SAMPLE/0000317.png,degradation_poisoned,poisoned,0,0,0,5.183090686798096,5.183090686798096,0.0,0.719329297542572,0.719329297542572
318,318,EXTERNAL_SAMPLE/0000318.png,degradation_poisoned,poisoned,0,0,0,8.2529878616333,8.2529878616333,0.0,0.9877575635910034,0.9877575635910034
319,319,EXTERNAL_SAMPLE/0000319.png,degradation_poisoned,poisoned,0,0,0,8.541831970214844,8.541831970214844,0.0,0.9739446640014648,0.9739446640014648
320,320,EXTERNAL_SAMPLE/0000320.png,degradation_poisoned,poisoned,0,0,8,4.982519149780273,4.982519149780273,0.0,0.15371966361999512,0.15371966361999512
321,321,EXTERNAL_SAMPLE/0000321.png,degradation_poisoned,poisoned,0,0,0,12.231759071350098,12.231759071350098,0.0,0.9996815919876099,0.9996815919876099
322,322,EXTERNAL_SAMPLE/0000322.png,degradation_poisoned,poisoned,0,0,0,5.40759801864624,5.40759801864624,0.0,0.831188440322876,0.831188440322876
323,323,EXTERNAL_SAMPLE/0000323.png,degradation_poisoned,poisoned,0,0,0,11.980989456176758,11.980989456176758,0.0,0.9994086027145386,0.9994086027145386
324,324,EXTERNAL_SAMPLE/0000324.png,degradation_poisoned,poisoned,0,0,0,12.7544527053833,12.7544527053833,0.0,0.999749481678009,0.999749481678009
325,325,EXTERNAL_SAMPLE/0000325.png,degradation_poisoned,poisoned,0,0,0,15.114089965820312,15.114089965820312,0.0,0.9999934434890747,0.9999934434890747
326,326,EXTERNAL_SAMPLE/0000326.png,degradation_poisoned,poisoned,0,0,0,9.791662216186523,9.791662216186523,0.0,0.9845100045204163,0.9845100045204163
327,327,EXTERNAL_SAMPLE/0000327.png,degradation_poisoned,poisoned,0,0,8,2.1455628871917725,2.1455628871917725,0.0,0.09318168461322784,0.09318168461322784
328,328,EXTERNAL_SAMPLE/0000328.png,degradation_poisoned,poisoned,0,0,9,3.460219383239746,3.460219383239746,0.0,0.22134779393672943,0.22134779393672943
329,329,EXTERNAL_SAMPLE/0000329.png,degradation_poisoned,poisoned,0,0,0,6.809997081756592,6.809997081756592,0.0,0.8941156268119812,0.8941156268119812
330,330,EXTERNAL_SAMPLE/0000330.png,degradation_poisoned,poisoned,0,0,8,7.577097415924072,7.577097415924072,0.0,0.07884512096643448,0.07884512096643448
331,331,EXTERNAL_SAMPLE/0000331.png,degradation_poisoned,poisoned,0,0,0,9.94821548461914,9.94821548461914,0.0,0.9977881908416748,0.9977881908416748
332,332,EXTERNAL_SAMPLE/0000332.png,degradation_poisoned,poisoned,0,0,0,7.232745170593262,7.232745170593262,0.0,0.7211155295372009,0.7211155295372009
333,333,EXTERNAL_SAMPLE/0000333.png,degradation_poisoned,poisoned,0,0,0,7.782937049865723,7.782937049865723,0.0,0.9778034687042236,0.9778034687042236
334,334,EXTERNAL_SAMPLE/0000334.png,degradation_poisoned,poisoned,0,0,0,10.649225234985352,10.649225234985352,0.0,0.9992350339889526,0.9992350339889526
335,335,EXTERNAL_SAMPLE/0000335.png,degradation_poisoned,poisoned,0,0,0,11.711329460144043,11.711329460144043,0.0,0.999747097492218,0.999747097492218
336,336,EXTERNAL_SAMPLE/0000336.png,degradation_poisoned,poisoned,0,0,0,7.615339279174805,7.615339279174805,0.0,0.903267502784729,0.903267502784729
337,337,EXTERNAL_SAMPLE/0000337.png,degradation_poisoned,poisoned,0,0,8,6.183070659637451,6.183070659637451,0.0,0.4701976776123047,0.4701976776123047
338,338,EXTERNAL_SAMPLE/0000338.png,degradation_poisoned,poisoned,0,0,0,9.385979652404785,9.385979652404785,0.0,0.9978278279304504,0.9978278279304504
339,339,EXTERNAL_SAMPLE/0000339.png,degradation_poisoned,poisoned,0,0,0,11.558774948120117,11.558774948120117,0.0,0.9960864782333374,0.9960864782333374
340,340,EXTERNAL_SAMPLE/0000340.png,degradation_poisoned,poisoned,0,0,8,0.724734902381897,0.724734902381897,0.0,0.00861611869186163,0.00861611869186163
341,341,EXTERNAL_SAMPLE/0000341.png,degradation_poisoned,poisoned,0,0,0,14.93067455291748,14.93067455291748,0.0,0.9999897480010986,0.9999897480010986
342,342,EXTERNAL_SAMPLE/0000342.png,degradation_poisoned,poisoned,0,0,0,5.615642070770264,5.615642070770264,0.0,0.748991072177887,0.748991072177887
343,343,EXTERNAL_SAMPLE/0000343.png,degradation_poisoned,poisoned,0,0,0,7.98598575592041,7.98598575592041,0.0,0.9773358106613159,0.9773358106613159
344,344,EXTERNAL_SAMPLE/0000344.png,degradation_poisoned,poisoned,0,0,0,6.227359294891357,6.227359294891357,0.0,0.7750034332275391,0.7750034332275391
345,345,EXTERNAL_SAMPLE/0000345.png,degradation_poisoned,poisoned,0,0,0,9.837160110473633,9.837160110473633,0.0,0.9931718111038208,0.9931718111038208
346,346,EXTERNAL_SAMPLE/0000346.png,degradation_poisoned,poisoned,0,0,8,4.256059169769287,4.256059169769287,0.0,0.2777952551841736,0.2777952551841736
347,347,EXTERNAL_SAMPLE/0000347.png,degradation_poisoned,poisoned,0,0,0,15.032258987426758,15.032258987426758,0.0,0.9999899864196777,0.9999899864196777
348,348,EXTERNAL_SAMPLE/0000348.png,degradation_poisoned,poisoned,0,0,0,12.297280311584473,12.297280311584473,0.0,0.9998339414596558,0.9998339414596558
349,349,EXTERNAL_SAMPLE/0000349.png,degradation_poisoned,poisoned,0,0,0,11.840276718139648,11.840276718139648,0.0,0.9991434812545776,0.9991434812545776
350,350,EXTERNAL_SAMPLE/0000350.png,degradation_poisoned,poisoned,0,0,0,9.829707145690918,9.829707145690918,0.0,0.9967252612113953,0.9967252612113953
351,351,EXTERNAL_SAMPLE/0000351.png,degradation_poisoned,poisoned,0,0,0,3.2820887565612793,3.2820887565612793,0.0,0.29522770643234253,0.29522770643234253
352,352,EXTERNAL_SAMPLE/0000352.png,degradation_poisoned,poisoned,0,0,0,7.307284832000732,7.307284832000732,0.0,0.9634600877761841,0.9634600877761841
353,353,EXTERNAL_SAMPLE/0000353.png,degradation_poisoned,poisoned,0,0,0,8.524466514587402,8.524466514587402,0.0,0.992651641368866,0.992651641368866
354,354,EXTERNAL_SAMPLE/0000354.png,degradation_poisoned,poisoned,0,0,0,6.544016361236572,6.544016361236572,0.0,0.9166209697723389,0.9166209697723389
355,355,EXTERNAL_SAMPLE/0000355.png,degradation_poisoned,poisoned,0,0,0,9.658411026000977,9.658411026000977,0.0,0.989937424659729,0.989937424659729
356,356,EXTERNAL_SAMPLE/0000356.png,degradation_poisoned,poisoned,0,0,0,11.75691032409668,11.75691032409668,0.0,0.9991933703422546,0.9991933703422546
357,357,EXTERNAL_SAMPLE/0000357.png,degradation_poisoned,poisoned,0,0,0,15.701629638671875,15.701629638671875,0.0,0.9999958276748657,0.9999958276748657
358,358,EXTERNAL_SAMPLE/0000358.png,degradation_poisoned,poisoned,0,0,0,8.927722930908203,8.927722930908203,0.0,0.9876614809036255,0.9876614809036255
359,359,EXTERNAL_SAMPLE/0000359.png,degradation_poisoned,poisoned,0,0,3,3.893744945526123,3.893744945526123,0.0,0.16920889914035797,0.16920889914035797
360,360,EXTERNAL_SAMPLE/0000360.png,degradation_poisoned,poisoned,0,0,1,5.306886672973633,5.306886672973633,0.0,0.12802651524543762,0.12802651524543762
361,361,EXTERNAL_SAMPLE/0000361.png,degradation_poisoned,poisoned,0,0,0,8.778340339660645,8.778340339660645,0.0,0.9720584750175476,0.9720584750175476
362,362,EXTERNAL_SAMPLE/0000362.png,degradation_poisoned,poisoned,0,0,0,7.877993583679199,7.877993583679199,0.0,0.9711496233940125,0.9711496233940125
363,363,EXTERNAL_SAMPLE/0000363.png,degradation_poisoned,poisoned,0,0,0,4.676586151123047,4.676586151123047,0.0,0.5734062790870667,0.5734062790870667
364,364,EXTERNAL_SAMPLE/0000364.png,degradation_poisoned,poisoned,0,0,0,7.018187522888184,7.018187522888184,0.0,0.8693151473999023,0.8693151473999023
365,365,EXTERNAL_SAMPLE/0000365.png,degradation_poisoned,poisoned,0,0,0,7.19957971572876,7.19957971572876,0.0,0.9597065448760986,0.9597065448760986
366,366,EXTERNAL_SAMPLE/0000366.png,degradation_poisoned,poisoned,0,0,0,18.21134376525879,18.21134376525879,0.0,0.9999988079071045,0.9999988079071045
367,367,EXTERNAL_SAMPLE/0000367.png,degradation_poisoned,poisoned,0,0,8,4.189685344696045,4.189685344696045,0.0,0.028752043843269348,0.028752043843269348
368,368,EXTERNAL_SAMPLE/0000368.png,degradation_poisoned,poisoned,0,0,0,9.945833206176758,9.945833206176758,0.0,0.9934437274932861,0.9934437274932861
369,369,EXTERNAL_SAMPLE/0000369.png,degradation_poisoned,poisoned,0,0,5,4.291533470153809,4.291533470153809,0.0,0.3875504434108734,0.3875504434108734
370,370,EXTERNAL_SAMPLE/0000370.png,degradation_poisoned,poisoned,0,0,0,10.558043479919434,10.558043479919434,0.0,0.9963091015815735,0.9963091015815735
371,371,EXTERNAL_SAMPLE/0000371.png,degradation_poisoned,poisoned,0,0,0,4.530285358428955,4.530285358428955,0.0,0.5018774271011353,0.5018774271011353
372,372,EXTERNAL_SAMPLE/0000372.png,degradation_poisoned,poisoned,0,0,0,11.553427696228027,11.553427696228027,0.0,0.9996157884597778,0.9996157884597778
373,373,EXTERNAL_SAMPLE/0000373.png,degradation_poisoned,poisoned,0,0,0,7.405794620513916,7.405794620513916,0.0,0.8983992338180542,0.8983992338180542
374,374,EXTERNAL_SAMPLE/0000374.png,degradation_poisoned,poisoned,0,0,0,8.905427932739258,8.905427932739258,0.0,0.9921137094497681,0.9921137094497681
375,375,EXTERNAL_SAMPLE/0000375.png,degradation_poisoned,poisoned,0,0,0,5.062634468078613,5.062634468078613,0.0,0.6370925903320312,0.6370925903320312
376,376,EXTERNAL_SAMPLE/0000376.png,degradation_poisoned,poisoned,0,0,0,9.942644119262695,9.942644119262695,0.0,0.9924134612083435,0.9924134612083435
377,377,EXTERNAL_SAMPLE/0000377.png,degradation_poisoned,poisoned,0,0,0,6.759034156799316,6.759034156799316,0.0,0.7425366640090942,0.7425366640090942
378,378,EXTERNAL_SAMPLE/0000378.png,degradation_poisoned,poisoned,0,0,0,11.6332426071167,11.6332426071167,0.0,0.9995500445365906,0.9995500445365906
379,379,EXTERNAL_SAMPLE/0000379.png,degradation_poisoned,poisoned,0,0,0,8.392489433288574,8.392489433288574,0.0,0.989819347858429,0.989819347858429
380,380,EXTERNAL_SAMPLE/0000380.png,degradation_poisoned,poisoned,0,0,0,10.568005561828613,10.568005561828613,0.0,0.9979439377784729,0.9979439377784729
381,381,EXTERNAL_SAMPLE/0000381.png,degradation_poisoned,poisoned,0,0,0,5.594468593597412,5.594468593597412,0.0,0.794572651386261,0.794572651386261
382,382,EXTERNAL_SAMPLE/0000382.png,degradation_poisoned,poisoned,0,0,0,4.965295314788818,4.965295314788818,0.0,0.6966174840927124,0.6966174840927124
383,383,EXTERNAL_SAMPLE/0000383.png,degradation_poisoned,poisoned,0,0,0,8.881547927856445,8.881547927856445,0.0,0.9939259886741638,0.9939259886741638
384,384,EXTERNAL_SAMPLE/0000384.png,degradation_poisoned,poisoned,0,0,8,5.110330581665039,5.110330581665039,0.0,0.355350524187088,0.355350524187088
385,385,EXTERNAL_SAMPLE/0000385.png,degradation_poisoned,poisoned,0,0,0,8.826309204101562,8.826309204101562,0.0,0.9908900856971741,0.9908900856971741
386,386,EXTERNAL_SAMPLE/0000386.png,degradation_poisoned,poisoned,0,0,0,10.279424667358398,10.279424667358398,0.0,0.97202467918396,0.97202467918396
387,387,EXTERNAL_SAMPLE/0000387.png,degradation_poisoned,poisoned,1,0,1,2.43841552734375,15.11983871459961,-12.68142318725586,3.1083161502465373e-06,0.9999938011169434
388,388,EXTERNAL_SAMPLE/0000388.png,degradation_poisoned,poisoned,1,0,1,3.4605441093444824,8.476366996765137,-5.015822887420654,0.006554596591740847,0.9883031249046326
389,389,EXTERNAL_SAMPLE/0000389.png,degradation_poisoned,poisoned,1,0,1,0.7416484951972961,11.33739948272705,-10.59575080871582,2.501500966900494e-05,0.9997162222862244
390,390,EXTERNAL_SAMPLE/0000390.png,degradation_poisoned,poisoned,1,0,8,1.4798274040222168,6.613987445831299,-5.134160041809082,0.0024494342505931854,0.415722131729126
391,391,EXTERNAL_SAMPLE/0000391.png,degradation_poisoned,poisoned,1,0,1,1.4302003383636475,9.85612964630127,-8.425929069519043,0.00021846334857400507,0.9970411658287048
392,392,EXTERNAL_SAMPLE/0000392.png,degradation_poisoned,poisoned,1,0,1,-0.5161796808242798,10.739611625671387,-11.255791664123535,1.2925191185786389e-05,0.999459445476532
393,393,EXTERNAL_SAMPLE/0000393.png,degradation_poisoned,poisoned,1,0,1,-0.5438317656517029,9.075883865356445,-9.619715690612793,6.619832856813446e-05,0.9968652129173279
394,394,EXTERNAL_SAMPLE/0000394.png,degradation_poisoned,poisoned,1,0,8,1.8952234983444214,2.5700552463531494,-0.674831748008728,0.06834925711154938,0.13421760499477386
395,395,EXTERNAL_SAMPLE/0000395.png,degradation_poisoned,poisoned,1,0,1,1.9182673692703247,6.731353282928467,-4.813086032867432,0.006524913944303989,0.8032884001731873
396,396,EXTERNAL_SAMPLE/0000396.png,degradation_poisoned,poisoned,1,0,1,-0.1430124193429947,10.844748497009277,-10.987760543823242,1.689287273620721e-05,0.9991421699523926
397,397,EXTERNAL_SAMPLE/0000397.png,degradation_poisoned,poisoned,1,0,1,3.8536911010742188,8.967477798461914,-5.113786697387695,0.005966029595583677,0.9921441078186035
398,398,EXTERNAL_SAMPLE/0000398.png,degradation_poisoned,poisoned,1,0,1,3.0495898723602295,7.196776390075684,-4.147186279296875,0.014512271620333195,0.9179848432540894
399,399,EXTERNAL_SAMPLE/0000399.png,degradation_poisoned,poisoned,1,0,1,1.309786319732666,12.250275611877441,-10.940488815307617,1.77236561285099e-05,0.9998785257339478
400,400,EXTERNAL_SAMPLE/0000400.png,degradation_poisoned,poisoned,1,0,1,-0.8320268392562866,8.59083080291748,-9.422857284545898,7.990513404365629e-05,0.9882563948631287
401,401,EXTERNAL_SAMPLE/0000401.png,degradation_poisoned,poisoned,1,0,1,1.211698293685913,12.864341735839844,-11.652643203735352,8.695076758158393e-06,0.999889612197876
402,402,EXTERNAL_SAMPLE/0000402.png,degradation_poisoned,poisoned,1,0,1,0.4103151857852936,13.890774726867676,-13.480459213256836,1.397976916450716e-06,0.9999747276306152
403,403,EXTERNAL_SAMPLE/0000403.png,degradation_poisoned,poisoned,1,0,1,1.334626317024231,8.448799133300781,-7.11417293548584,0.0008084966102614999,0.9938578009605408
404,404,EXTERNAL_SAMPLE/0000404.png,degradation_poisoned,poisoned,1,0,1,0.09722702205181122,12.15576171875,-12.058534622192383,5.79397737965337e-06,0.9998430013656616
405,405,EXTERNAL_SAMPLE/0000405.png,degradation_poisoned,poisoned,1,0,8,3.9575533866882324,1.85312819480896,2.1044251918792725,0.22984245419502258,0.02802141010761261
406,406,EXTERNAL_SAMPLE/0000406.png,degradation_poisoned,poisoned,1,0,0,4.899088382720947,3.052943706512451,1.846144676208496,0.6292939782142639,0.09933061897754669
407,407,EXTERNAL_SAMPLE/0000407.png,degradation_poisoned,poisoned,1,0,1,3.513763189315796,12.81407642364502,-9.300312995910645,9.137891902355477e-05,0.9998173117637634
408,408,EXTERNAL_SAMPLE/0000408.png,degradation_poisoned,poisoned,1,0,1,4.281007766723633,9.110817909240723,-4.82981014251709,0.007835302501916885,0.9808794856071472
409,409,EXTERNAL_SAMPLE/0000409.png,degradation_poisoned,poisoned,1,0,1,-0.11117662489414215,8.475165367126465,-8.586341857910156,0.00018441624706611037,0.9880980849266052
410,410,EXTERNAL_SAMPLE/0000410.png,degradation_poisoned,poisoned,1,0,1,1.717293620109558,5.01299524307251,-3.295701503753662,0.024012712761759758,0.648255467414856
411,411,EXTERNAL_SAMPLE/0000411.png,degradation_poisoned,poisoned,1,0,8,1.9365311861038208,4.548470973968506,-2.6119399070739746,0.013511651195585728,0.18410243093967438
412,412,EXTERNAL_SAMPLE/0000412.png,degradation_poisoned,poisoned,1,0,1,2.506298065185547,9.81379222869873,-7.307494163513184,0.0006691653979942203,0.9980168342590332
413,413,EXTERNAL_SAMPLE/0000413.png,degradation_poisoned,poisoned,1,0,1,2.4969382286071777,6.965074062347412,-4.468135833740234,0.010148224420845509,0.8848645687103271
414,414,EXTERNAL_SAMPLE/0000414.png,degradation_poisoned,poisoned,1,0,1,0.30209946632385254,7.424673080444336,-7.1225738525390625,0.0007740569417364895,0.959549605846405
415,415,EXTERNAL_SAMPLE/0000415.png,degradation_poisoned,poisoned,1,0,1,2.358297348022461,13.56102466583252,-11.202727317810059,1.3634686183650047e-05,0.9998337030410767
416,416,EXTERNAL_SAMPLE/0000416.png,degradation_poisoned,poisoned,1,0,0,5.9181437492370605,4.646389007568359,1.2717547416687012,0.5121485590934753,0.14357535541057587
417,417,EXTERNAL_SAMPLE/0000417.png,degradation_poisoned,poisoned,1,0,1,0.8578418493270874,9.245481491088867,-8.387639999389648,0.00022680958500131965,0.9962473511695862
418,418,EXTERNAL_SAMPLE/0000418.png,degradation_poisoned,poisoned,1,0,1,2.714475393295288,10.089637756347656,-7.375162124633789,0.0006257179193198681,0.9985522627830505
419,419,EXTERNAL_SAMPLE/0000419.png,degradation_poisoned,poisoned,1,0,1,0.8652237057685852,11.946890830993652,-11.081666946411133,1.538851392979268e-05,0.9997777342796326
420,420,EXTERNAL_SAMPLE/0000420.png,degradation_poisoned,poisoned,1,0,1,-0.1409553736448288,12.452425956726074,-12.59338092803955,3.394167379155988e-06,0.9999288320541382
421,421,EXTERNAL_SAMPLE/0000421.png,degradation_poisoned,poisoned,1,0,1,2.604989767074585,12.8242769241333,-10.219286918640137,3.6456160160014406e-05,0.9998868703842163
422,422,EXTERNAL_SAMPLE/0000422.png,degradation_poisoned,poisoned,1,0,1,2.4764928817749023,6.682879447937012,-4.206386566162109,0.011992554180324078,0.8048633933067322
423,423,EXTERNAL_SAMPLE/0000423.png,degradation_poisoned,poisoned,1,0,1,0.9330973625183105,4.396893501281738,-3.4637961387634277,0.020259423181414604,0.6470451951026917
424,424,EXTERNAL_SAMPLE/0000424.png,degradation_poisoned,poisoned,1,0,1,0.2458823025226593,11.690932273864746,-11.445050239562988,1.0699001904868055e-05,0.9996901750564575
425,425,EXTERNAL_SAMPLE/0000425.png,degradation_poisoned,poisoned,1,0,1,0.2199902981519699,4.72232723236084,-4.5023369789123535,0.006209584418684244,0.5602768063545227
426,426,EXTERNAL_SAMPLE/0000426.png,degradation_poisoned,poisoned,1,0,0,3.850266218185425,2.639268636703491,1.2109975814819336,0.39199748635292053,0.11677603423595428
427,427,EXTERNAL_SAMPLE/0000427.png,degradation_poisoned,poisoned,1,0,0,5.848272800445557,3.6984643936157227,2.149808406829834,0.814960241317749,0.09494814276695251
428,428,EXTERNAL_SAMPLE/0000428.png,degradation_poisoned,poisoned,1,0,1,3.7196667194366455,3.7444467544555664,-0.0247800350189209,0.37478822469711304,0.38419151306152344
429,429,EXTERNAL_SAMPLE/0000429.png,degradation_poisoned,poisoned,1,0,8,3.8257200717926025,4.051083087921143,-0.22536301612854004,0.1847619265317917,0.23146554827690125
430,430,EXTERNAL_SAMPLE/0000430.png,degradation_poisoned,poisoned,1,0,1,0.9475617408752441,8.550741195678711,-7.603179454803467,0.0004951295559294522,0.9925164580345154
431,431,EXTERNAL_SAMPLE/0000431.png,degradation_poisoned,poisoned,1,0,1,6.265304088592529,7.190922737121582,-0.9256186485290527,0.2544730603694916,0.6421446800231934
432,432,EXTERNAL_SAMPLE/0000432.png,degradation_poisoned,poisoned,1,0,1,2.6669974327087402,5.697780132293701,-3.030782699584961,0.04015684872865677,0.8317864537239075
433,433,EXTERNAL_SAMPLE/0000433.png,degradation_poisoned,poisoned,1,0,1,1.1478081941604614,7.464248180389404,-6.316440105438232,0.0017766994424164295,0.9835785627365112
434,434,EXTERNAL_SAMPLE/0000434.png,degradation_poisoned,poisoned,1,0,1,1.489464521408081,10.480964660644531,-8.991499900817871,0.00012435326061677188,0.9991161227226257
435,435,EXTERNAL_SAMPLE/0000435.png,degradation_poisoned,poisoned,1,0,1,2.4506988525390625,12.338568687438965,-9.887869834899902,5.076244633528404e-05,0.9995162487030029
436,436,EXTERNAL_SAMPLE/0000436.png,degradation_poisoned,poisoned,1,0,1,-0.6785567998886108,11.004714012145996,-11.683270454406738,8.343161425727885e-06,0.989260196685791
437,437,EXTERNAL_SAMPLE/0000437.png,degradation_poisoned,poisoned,1,0,1,3.5998079776763916,5.388129711151123,-1.7883217334747314,0.11794805526733398,0.7052596211433411
438,438,EXTERNAL_SAMPLE/0000438.png,degradation_poisoned,poisoned,1,0,1,-0.28082847595214844,11.279961585998535,-11.560790061950684,9.528415830573067e-06,0.9995580315589905
439,439,EXTERNAL_SAMPLE/0000439.png,degradation_poisoned,poisoned,1,0,1,2.403470277786255,5.759585380554199,-3.3561151027679443,0.02980024367570877,0.8545984029769897
440,440,EXTERNAL_SAMPLE/0000440.png,degradation_poisoned,poisoned,1,0,1,4.804550647735596,6.62651252746582,-1.8219618797302246,0.12821127474308014,0.7928557991981506
441,441,EXTERNAL_SAMPLE/0000441.png,degradation_poisoned,poisoned,1,0,1,-0.3110504746437073,4.440206527709961,-4.751256942749023,0.006070648320019245,0.7025539875030518
442,442,EXTERNAL_SAMPLE/0000442.png,degradation_poisoned,poisoned,1,0,1,-0.4909401535987854,18.064496994018555,-18.555437088012695,8.739282186809305e-09,0.9999994039535522
443,443,EXTERNAL_SAMPLE/0000443.png,degradation_poisoned,poisoned,1,0,1,1.1225675344467163,12.495283126831055,-11.372715950012207,1.1503439054649789e-05,0.9998513460159302
444,444,EXTERNAL_SAMPLE/0000444.png,degradation_poisoned,poisoned,1,0,1,2.6311841011047363,6.073502540588379,-3.4423184394836426,0.02591763250529766,0.8101682662963867
445,445,EXTERNAL_SAMPLE/0000445.png,degradation_poisoned,poisoned,1,0,1,1.0441598892211914,10.80739974975586,-9.763239860534668,5.7487857702653855e-05,0.9993032217025757
446,446,EXTERNAL_SAMPLE/0000446.png,degradation_poisoned,poisoned,1,0,8,2.4312803745269775,2.2966578006744385,0.13462257385253906,0.06745873391628265,0.05896201729774475
447,447,EXTERNAL_SAMPLE/0000447.png,degradation_poisoned,poisoned,1,0,1,0.522968590259552,8.846768379211426,-8.323800086975098,0.00024068658240139484,0.9918187856674194
448,448,EXTERNAL_SAMPLE/0000448.png,degradation_poisoned,poisoned,1,0,1,2.7924513816833496,7.44088888168335,-4.6484375,0.009356686845421791,0.9770410656929016
449,449,EXTERNAL_SAMPLE/0000449.png,degradation_poisoned,poisoned,1,0,1,3.0218310356140137,9.822957992553711,-6.801126956939697,0.0011101412819698453,0.9978612065315247
450,450,EXTERNAL_SAMPLE/0000450.png,degradation_poisoned,poisoned,1,0,1,0.9448521733283997,12.133781433105469,-11.188929557800293,1.3824020243191626e-05,0.9998267292976379
451,451,EXTERNAL_SAMPLE/0000451.png,degradation_poisoned,poisoned,1,0,1,0.3699681758880615,9.949821472167969,-9.579853057861328,6.86965067870915e-05,0.9940586090087891
452,452,EXTERNAL_SAMPLE/0000452.png,degradation_poisoned,poisoned,1,0,1,2.1523704528808594,6.958422660827637,-4.806052207946777,0.007454358506947756,0.9112808108329773
453,453,EXTERNAL_SAMPLE/0000453.png,degradation_poisoned,poisoned,1,0,1,1.907685399055481,10.387823104858398,-8.480137825012207,0.00020722753833979368,0.9984459280967712
454,454,EXTERNAL_SAMPLE/0000454.png,degradation_poisoned,poisoned,1,0,1,2.374425172805786,7.769946098327637,-5.39552116394043,0.004466690588742495,0.9845346212387085
455,455,EXTERNAL_SAMPLE/0000455.png,degradation_poisoned,poisoned,1,0,1,1.1058692932128906,18.382143020629883,-17.276273727416992,3.140577931048938e-08,0.9999997615814209
456,456,EXTERNAL_SAMPLE/0000456.png,degradation_poisoned,poisoned,1,0,1,3.843538284301758,5.364094257354736,-1.5205559730529785,0.12375544011592865,0.5661523938179016
457,457,EXTERNAL_SAMPLE/0000457.png,degradation_poisoned,poisoned,1,0,1,0.0930854082107544,9.963510513305664,-9.8704252243042,5.158227577339858e-05,0.9980946183204651
458,458,EXTERNAL_SAMPLE/0000458.png,degradation_poisoned,poisoned,1,0,1,4.004842758178711,5.219007968902588,-1.214165210723877,0.19452255964279175,0.6550512313842773
459,459,EXTERNAL_SAMPLE/0000459.png,degradation_poisoned,poisoned,1,0,1,1.5732496976852417,10.941439628601074,-9.368189811706543,8.535382949048653e-05,0.999484658241272
460,460,EXTERNAL_SAMPLE/0000460.png,degradation_poisoned,poisoned,1,0,1,3.6600818634033203,7.622425079345703,-3.962343215942383,0.018355675041675568,0.9651485681533813
461,461,EXTERNAL_SAMPLE/0000461.png,degradation_poisoned,poisoned,1,0,1,0.22649171948432922,6.88873291015625,-6.662240982055664,0.001142502180300653,0.8937819004058838
462,462,EXTERNAL_SAMPLE/0000462.png,degradation_poisoned,poisoned,1,0,1,4.182781219482422,10.277952194213867,-6.095170974731445,0.002238641493022442,0.9933074116706848
463,463,EXTERNAL_SAMPLE/0000463.png,degradation_poisoned,poisoned,1,0,1,3.575289487838745,5.970569133758545,-2.3952796459198,0.07597821950912476,0.8335772752761841
464,464,EXTERNAL_SAMPLE/0000464.png,degradation_poisoned,poisoned,1,0,1,1.1058241128921509,14.720866203308105,-13.615041732788086,1.2209051192257903e-06,0.9991241097450256
465,465,EXTERNAL_SAMPLE/0000465.png,degradation_poisoned,poisoned,1,0,1,3.6336772441864014,15.715606689453125,-12.081929206848145,5.66085145692341e-06,0.9999929666519165
466,466,EXTERNAL_SAMPLE/0000466.png,degradation_poisoned,poisoned,1,0,8,1.359372615814209,2.502655029296875,-1.143282413482666,0.03387158736586571,0.10625680536031723
467,467,EXTERNAL_SAMPLE/0000467.png,degradation_poisoned,poisoned,1,0,1,2.5626327991485596,5.067667007446289,-2.5050342082977295,0.061166372150182724,0.748919665813446
468,468,EXTERNAL_SAMPLE/0000468.png,degradation_poisoned,poisoned,1,0,1,0.42078182101249695,9.481945991516113,-9.061163902282715,0.00011543489381438121,0.9943759441375732
469,469,EXTERNAL_SAMPLE/0000469.png,degradation_poisoned,poisoned,1,0,1,0.41856008768081665,10.723766326904297,-10.305206298828125,3.343337448313832e-05,0.9992507100105286
470,470,EXTERNAL_SAMPLE/0000470.png,degradation_poisoned,poisoned,1,0,1,0.5577400326728821,7.0647149085998535,-6.506974697113037,0.001370454439893365,0.9179263114929199
471,471,EXTERNAL_SAMPLE/0000471.png,degradation_poisoned,poisoned,1,0,1,4.481506824493408,5.543691635131836,-1.0621848106384277,0.24242307245731354,0.701253354549408
472,472,EXTERNAL_SAMPLE/0000472.png,degradation_poisoned,poisoned,1,0,1,2.4645235538482666,6.2312469482421875,-3.766723394393921,0.02062789537012577,0.8919121623039246
473,473,EXTERNAL_SAMPLE/0000473.png,degradation_poisoned,poisoned,1,0,1,0.4815130829811096,13.013690948486328,-12.532177925109863,3.6080703011975856e-06,0.999840497970581
474,474,EXTERNAL_SAMPLE/0000474.png,degradation_poisoned,poisoned,1,0,1,2.074838876724243,13.42737102508545,-11.352532386779785,1.1739261935872491e-05,0.9999607801437378
475,475,EXTERNAL_SAMPLE/0000475.png,degradation_poisoned,poisoned,1,0,1,1.4024161100387573,8.9677734375,-7.565357208251953,0.0005093822255730629,0.9831882119178772
476,476,EXTERNAL_SAMPLE/0000476.png,degradation_poisoned,poisoned,1,0,1,3.1428780555725098,9.575843811035156,-6.4329657554626465,0.0016033363062888384,0.9973008036613464
477,477,EXTERNAL_SAMPLE/0000477.png,degradation_poisoned,poisoned,1,0,1,-0.23098506033420563,11.06371784210205,-11.294702529907227,1.24318539747037e-05,0.9994542002677917
478,478,EXTERNAL_SAMPLE/0000478.png,degradation_poisoned,poisoned,1,0,1,2.604060649871826,5.813233375549316,-3.2091727256774902,0.0311374980956316,0.7709206938743591
479,479,EXTERNAL_SAMPLE/0000479.png,degradation_poisoned,poisoned,1,0,1,-1.073317289352417,11.148411750793457,-12.221729278564453,4.920013452647254e-06,0.9995300769805908
480,480,EXTERNAL_SAMPLE/0000480.png,degradation_poisoned,poisoned,1,0,1,1.8906794786453247,8.914353370666504,-7.023674011230469,0.000887144124135375,0.996178150177002
481,481,EXTERNAL_SAMPLE/0000481.png,degradation_poisoned,poisoned,1,0,1,-0.26739317178726196,14.38060188293457,-14.647994995117188,4.3495381873981387e-07,0.9999690055847168
482,482,EXTERNAL_SAMPLE/0000482.png,degradation_poisoned,poisoned,1,0,1,2.5258827209472656,7.24329948425293,-4.717416763305664,0.008708607405424118,0.9743090271949768
483,483,EXTERNAL_SAMPLE/0000483.png,degradation_poisoned,poisoned,1,0,1,2.1691479682922363,7.620565891265869,-5.451417922973633,0.003965415991842747,0.9242926239967346
484,484,EXTERNAL_SAMPLE/0000484.png,degradation_poisoned,poisoned,1,0,1,-0.6392236948013306,8.655811309814453,-9.295035362243652,9.093244443647563e-05,0.9896951913833618
485,485,EXTERNAL_SAMPLE/0000485.png,degradation_poisoned,poisoned,1,0,1,0.17473264038562775,16.940317153930664,-16.76558494567871,5.23357250870049e-08,0.9999983310699463
486,486,EXTERNAL_SAMPLE/0000486.png,degradation_poisoned,poisoned,1,0,1,2.9722259044647217,4.260818004608154,-1.2885921001434326,0.15155309438705444,0.5497854351997375
487,487,EXTERNAL_SAMPLE/0000487.png,degradation_poisoned,poisoned,1,0,1,-0.32449936866760254,6.883344650268555,-7.207843780517578,0.0007160871173255146,0.9667020440101624
488,488,EXTERNAL_SAMPLE/0000488.png,degradation_poisoned,poisoned,1,0,1,1.3970190286636353,8.282266616821289,-6.885247707366943,0.0010157499928027391,0.9931433200836182
489,489,EXTERNAL_SAMPLE/0000489.png,degradation_poisoned,poisoned,1,0,1,-0.051805078983306885,9.56393814086914,-9.615743637084961,6.636218313360587e-05,0.9953711628913879
490,490,EXTERNAL_SAMPLE/0000490.png,degradation_poisoned,poisoned,1,0,1,1.0006827116012573,12.809696197509766,-11.809013366699219,7.43629971111659e-06,0.9998761415481567
491,491,EXTERNAL_SAMPLE/0000491.png,degradation_poisoned,poisoned,1,0,1,0.9794830679893494,9.594505310058594,-8.615022659301758,0.00018087233183905482,0.9973071813583374
492,492,EXTERNAL_SAMPLE/0000492.png,degradation_poisoned,poisoned,1,0,1,3.3131487369537354,13.87979793548584,-10.566649436950684,2.5759847630979493e-05,0.9999557733535767
493,493,EXTERNAL_SAMPLE/0000493.png,degradation_poisoned,poisoned,1,0,1,1.01311457157135,9.490607261657715,-8.477492332458496,0.00020731094991788268,0.996208906173706
494,494,EXTERNAL_SAMPLE/0000494.png,degradation_poisoned,poisoned,1,0,1,1.7483066320419312,6.523407936096191,-4.775101184844971,0.007976965047419071,0.9454482793807983
495,495,EXTERNAL_SAMPLE/0000495.png,degradation_poisoned,poisoned,1,0,1,1.8264576196670532,10.897273063659668,-9.070815086364746,0.00011486458970466629,0.9990589022636414
496,496,EXTERNAL_SAMPLE/0000496.png,degradation_poisoned,poisoned,1,0,1,-0.0022546350955963135,16.612831115722656,-16.61508560180664,6.083575243565065e-08,0.9999973773956299
497,497,EXTERNAL_SAMPLE/0000497.png,degradation_poisoned,poisoned,1,0,8,4.668623447418213,3.2065038681030273,1.4621195793151855,0.2892027199268341,0.06702114641666412
498,498,EXTERNAL_SAMPLE/0000498.png,degradation_poisoned,poisoned,1,0,1,2.715474843978882,14.532761573791504,-11.817286491394043,7.3756714300543536e-06,0.9999628067016602
499,499,EXTERNAL_SAMPLE/0000499.png,degradation_poisoned,poisoned,1,0,1,4.197274684906006,10.740785598754883,-6.543510913848877,0.0014321360504254699,0.9949355721473694
500,500,EXTERNAL_SAMPLE/0000500.png,degradation_poisoned,poisoned,1,0,1,0.5575587153434753,6.005751609802246,-5.448193073272705,0.0036357035860419273,0.8447120189666748
501,501,EXTERNAL_SAMPLE/0000501.png,degradation_poisoned,poisoned,1,0,0,4.724449157714844,3.2892513275146484,1.4351978302001953,0.6002330183982849,0.14289642870426178
502,502,EXTERNAL_SAMPLE/0000502.png,degradation_poisoned,poisoned,1,0,1,2.699212074279785,6.021106719970703,-3.321894645690918,0.03094513714313507,0.8575765490531921
503,503,EXTERNAL_SAMPLE/0000503.png,degradation_poisoned,poisoned,1,0,1,-0.8530830144882202,10.786046028137207,-11.639128684997559,8.806025107332971e-06,0.9990546107292175
504,504,EXTERNAL_SAMPLE/0000504.png,degradation_poisoned,poisoned,1,0,1,3.04103422164917,9.311426162719727,-6.270391941070557,0.0018750731833279133,0.9913221597671509
505,505,EXTERNAL_SAMPLE/0000505.png,degradation_poisoned,poisoned,1,0,1,0.23335519433021545,18.30613899230957,-18.072784423828125,1.4160852046529726e-08,0.9999998807907104
506,506,EXTERNAL_SAMPLE/0000506.png,degradation_poisoned,poisoned,1,0,1,1.45065438747406,6.6177144050598145,-5.167059898376465,0.005097994115203619,0.8941799402236938
507,507,EXTERNAL_SAMPLE/0000507.png,degradation_poisoned,poisoned,1,0,1,-0.2321448177099228,13.426685333251953,-13.658829689025879,1.1695578905346338e-06,0.9999449253082275
508,508,EXTERNAL_SAMPLE/0000508.png,degradation_poisoned,poisoned,1,0,1,3.1739675998687744,12.25150203704834,-9.077534675598145,0.00011417174391681328,0.9997280240058899
509,509,EXTERNAL_SAMPLE/0000509.png,degradation_poisoned,poisoned,1,0,1,0.720319390296936,13.611858367919922,-12.891538619995117,2.519171857784386e-06,0.9999582767486572
510,510,EXTERNAL_SAMPLE/0000510.png,degradation_poisoned,poisoned,1,0,1,0.2698012590408325,8.881080627441406,-8.611279487609863,0.0001791768299881369,0.9842671751976013
511,511,EXTERNAL_SAMPLE/0000511.png,degradation_poisoned,poisoned,1,0,1,3.194601535797119,12.439981460571289,-9.245380401611328,9.65410508797504e-05,0.99983811378479
0,0,EXTERNAL_SAMPLE/0000000.png,degradation_restoration_clean,clean,0,0,0,7.73105001449585,7.73105001449585,0.0,0.9797525405883789,0.9797525405883789
1,1,EXTERNAL_SAMPLE/0000001.png,degradation_restoration_clean,clean,0,0,0,11.197959899902344,11.197959899902344,0.0,0.9997029900550842,0.9997029900550842
2,2,EXTERNAL_SAMPLE/0000002.png,degradation_restoration_clean,clean,0,0,0,11.533223152160645,11.533223152160645,0.0,0.9997314810752869,0.9997314810752869
3,3,EXTERNAL_SAMPLE/0000003.png,degradation_restoration_clean,clean,0,0,0,15.267233848571777,15.267233848571777,0.0,0.9999926090240479,0.9999926090240479
4,4,EXTERNAL_SAMPLE/0000004.png,degradation_restoration_clean,clean,0,0,8,4.8326191902160645,4.8326191902160645,0.0,0.36132586002349854,0.36132586002349854
5,5,EXTERNAL_SAMPLE/0000005.png,degradation_restoration_clean,clean,0,0,0,10.602338790893555,10.602338790893555,0.0,0.9994687438011169,0.9994687438011169
6,6,EXTERNAL_SAMPLE/0000006.png,degradation_restoration_clean,clean,0,0,0,7.805618762969971,7.805618762969971,0.0,0.9691905975341797,0.9691905975341797
7,7,EXTERNAL_SAMPLE/0000007.png,degradation_restoration_clean,clean,0,0,0,11.834399223327637,11.834399223327637,0.0,0.9992414712905884,0.9992414712905884
8,8,EXTERNAL_SAMPLE/0000008.png,degradation_restoration_clean,clean,0,0,0,13.103882789611816,13.103882789611816,0.0,0.9997555613517761,0.9997555613517761
9,9,EXTERNAL_SAMPLE/0000009.png,degradation_restoration_clean,clean,0,0,0,8.290151596069336,8.290151596069336,0.0,0.9900916814804077,0.9900916814804077
10,10,EXTERNAL_SAMPLE/0000010.png,degradation_restoration_clean,clean,0,0,0,7.111357688903809,7.111357688903809,0.0,0.8979225754737854,0.8979225754737854
11,11,EXTERNAL_SAMPLE/0000011.png,degradation_restoration_clean,clean,0,0,8,3.1774652004241943,3.1774652004241943,0.0,0.031300611793994904,0.031300611793994904
12,12,EXTERNAL_SAMPLE/0000012.png,degradation_restoration_clean,clean,0,0,0,8.60220718383789,8.60220718383789,0.0,0.9823378324508667,0.9823378324508667
13,13,EXTERNAL_SAMPLE/0000013.png,degradation_restoration_clean,clean,0,0,0,6.203431129455566,6.203431129455566,0.0,0.8228304982185364,0.8228304982185364
14,14,EXTERNAL_SAMPLE/0000014.png,degradation_restoration_clean,clean,0,0,0,15.977816581726074,15.977816581726074,0.0,0.999995231628418,0.999995231628418
15,15,EXTERNAL_SAMPLE/0000015.png,degradation_restoration_clean,clean,0,0,0,12.322169303894043,12.322169303894043,0.0,0.9996755123138428,0.9996755123138428
16,16,EXTERNAL_SAMPLE/0000016.png,degradation_restoration_clean,clean,0,0,0,3.560896396636963,3.560896396636963,0.0,0.47318530082702637,0.47318530082702637
17,17,EXTERNAL_SAMPLE/0000017.png,degradation_restoration_clean,clean,0,0,0,13.698150634765625,13.698150634765625,0.0,0.9999637603759766,0.9999637603759766
18,18,EXTERNAL_SAMPLE/0000018.png,degradation_restoration_clean,clean,0,0,0,10.624285697937012,10.624285697937012,0.0,0.9984292387962341,0.9984292387962341
19,19,EXTERNAL_SAMPLE/0000019.png,degradation_restoration_clean,clean,0,0,0,8.489829063415527,8.489829063415527,0.0,0.945152759552002,0.945152759552002
20,20,EXTERNAL_SAMPLE/0000020.png,degradation_restoration_clean,clean,0,0,0,15.577187538146973,15.577187538146973,0.0,0.9999955892562866,0.9999955892562866
21,21,EXTERNAL_SAMPLE/0000021.png,degradation_restoration_clean,clean,0,0,8,2.5969324111938477,2.5969324111938477,0.0,0.15764164924621582,0.15764164924621582
22,22,EXTERNAL_SAMPLE/0000022.png,degradation_restoration_clean,clean,0,0,0,7.28192138671875,7.28192138671875,0.0,0.977950394153595,0.977950394153595
23,23,EXTERNAL_SAMPLE/0000023.png,degradation_restoration_clean,clean,0,0,0,9.092845916748047,9.092845916748047,0.0,0.9975308775901794,0.9975308775901794
24,24,EXTERNAL_SAMPLE/0000024.png,degradation_restoration_clean,clean,0,0,5,5.470088481903076,5.470088481903076,0.0,0.4035438597202301,0.4035438597202301
25,25,EXTERNAL_SAMPLE/0000025.png,degradation_restoration_clean,clean,0,0,0,12.182211875915527,12.182211875915527,0.0,0.9997102618217468,0.9997102618217468
26,26,EXTERNAL_SAMPLE/0000026.png,degradation_restoration_clean,clean,0,0,0,4.298525810241699,4.298525810241699,0.0,0.41038116812705994,0.41038116812705994
27,27,EXTERNAL_SAMPLE/0000027.png,degradation_restoration_clean,clean,0,0,0,14.412736892700195,14.412736892700195,0.0,0.9999456405639648,0.9999456405639648
28,28,EXTERNAL_SAMPLE/0000028.png,degradation_restoration_clean,clean,0,0,0,7.169826030731201,7.169826030731201,0.0,0.9552364945411682,0.9552364945411682
29,29,EXTERNAL_SAMPLE/0000029.png,degradation_restoration_clean,clean,0,0,0,9.986978530883789,9.986978530883789,0.0,0.998072624206543,0.998072624206543
30,30,EXTERNAL_SAMPLE/0000030.png,degradation_restoration_clean,clean,0,0,0,17.60588264465332,17.60588264465332,0.0,0.9999994039535522,0.9999994039535522
31,31,EXTERNAL_SAMPLE/0000031.png,degradation_restoration_clean,clean,0,0,0,8.901010513305664,8.901010513305664,0.0,0.9906501770019531,0.9906501770019531
32,32,EXTERNAL_SAMPLE/0000032.png,degradation_restoration_clean,clean,0,0,0,9.603778839111328,9.603778839111328,0.0,0.9943840503692627,0.9943840503692627
33,33,EXTERNAL_SAMPLE/0000033.png,degradation_restoration_clean,clean,0,0,0,9.430647850036621,9.430647850036621,0.0,0.9977803826332092,0.9977803826332092
34,34,EXTERNAL_SAMPLE/0000034.png,degradation_restoration_clean,clean,0,0,2,4.196348190307617,4.196348190307617,0.0,0.007132248021662235,0.007132248021662235
35,35,EXTERNAL_SAMPLE/0000035.png,degradation_restoration_clean,clean,0,0,0,7.617384910583496,7.617384910583496,0.0,0.9351393580436707,0.9351393580436707
36,36,EXTERNAL_SAMPLE/0000036.png,degradation_restoration_clean,clean,0,0,0,12.021759986877441,12.021759986877441,0.0,0.9996943473815918,0.9996943473815918
37,37,EXTERNAL_SAMPLE/0000037.png,degradation_restoration_clean,clean,0,0,8,4.176202297210693,4.176202297210693,0.0,0.29643353819847107,0.29643353819847107
38,38,EXTERNAL_SAMPLE/0000038.png,degradation_restoration_clean,clean,0,0,0,11.682214736938477,11.682214736938477,0.0,0.9997814297676086,0.9997814297676086
39,39,EXTERNAL_SAMPLE/0000039.png,degradation_restoration_clean,clean,0,0,0,13.703908920288086,13.703908920288086,0.0,0.9999246597290039,0.9999246597290039
40,40,EXTERNAL_SAMPLE/0000040.png,degradation_restoration_clean,clean,0,0,0,7.682504177093506,7.682504177093506,0.0,0.969506561756134,0.969506561756134
41,41,EXTERNAL_SAMPLE/0000041.png,degradation_restoration_clean,clean,0,0,0,13.29352855682373,13.29352855682373,0.0,0.9978488683700562,0.9978488683700562
42,42,EXTERNAL_SAMPLE/0000042.png,degradation_restoration_clean,clean,0,0,0,15.219935417175293,15.219935417175293,0.0,0.9999904632568359,0.9999904632568359
43,43,EXTERNAL_SAMPLE/0000043.png,degradation_restoration_clean,clean,0,0,0,9.504693031311035,9.504693031311035,0.0,0.9982243180274963,0.9982243180274963
44,44,EXTERNAL_SAMPLE/0000044.png,degradation_restoration_clean,clean,0,0,0,5.723998069763184,5.723998069763184,0.0,0.7461435198783875,0.7461435198783875
45,45,EXTERNAL_SAMPLE/0000045.png,degradation_restoration_clean,clean,0,0,0,11.47603988647461,11.47603988647461,0.0,0.9991005659103394,0.9991005659103394
46,46,EXTERNAL_SAMPLE/0000046.png,degradation_restoration_clean,clean,0,0,0,12.930134773254395,12.930134773254395,0.0,0.9997896552085876,0.9997896552085876
47,47,EXTERNAL_SAMPLE/0000047.png,degradation_restoration_clean,clean,0,0,0,7.90309476852417,7.90309476852417,0.0,0.934166431427002,0.934166431427002
48,48,EXTERNAL_SAMPLE/0000048.png,degradation_restoration_clean,clean,0,0,0,13.294730186462402,13.294730186462402,0.0,0.9998290538787842,0.9998290538787842
49,49,EXTERNAL_SAMPLE/0000049.png,degradation_restoration_clean,clean,0,0,0,5.774185657501221,5.774185657501221,0.0,0.7058563232421875,0.7058563232421875
50,50,EXTERNAL_SAMPLE/0000050.png,degradation_restoration_clean,clean,0,0,0,8.680339813232422,8.680339813232422,0.0,0.9932625889778137,0.9932625889778137
51,51,EXTERNAL_SAMPLE/0000051.png,degradation_restoration_clean,clean,0,0,0,9.720877647399902,9.720877647399902,0.0,0.9951062202453613,0.9951062202453613
52,52,EXTERNAL_SAMPLE/0000052.png,degradation_restoration_clean,clean,0,0,0,9.891437530517578,9.891437530517578,0.0,0.9984622001647949,0.9984622001647949
53,53,EXTERNAL_SAMPLE/0000053.png,degradation_restoration_clean,clean,0,0,0,6.444450378417969,6.444450378417969,0.0,0.9346230030059814,0.9346230030059814
54,54,EXTERNAL_SAMPLE/0000054.png,degradation_restoration_clean,clean,0,0,0,7.321727275848389,7.321727275848389,0.0,0.9228522777557373,0.9228522777557373
55,55,EXTERNAL_SAMPLE/0000055.png,degradation_restoration_clean,clean,0,0,0,12.873685836791992,12.873685836791992,0.0,0.9999407529830933,0.9999407529830933
56,56,EXTERNAL_SAMPLE/0000056.png,degradation_restoration_clean,clean,0,0,8,5.614368438720703,5.614368438720703,0.0,0.23959384858608246,0.23959384858608246
57,57,EXTERNAL_SAMPLE/0000057.png,degradation_restoration_clean,clean,0,0,0,7.934885025024414,7.934885025024414,0.0,0.9478591084480286,0.9478591084480286
58,58,EXTERNAL_SAMPLE/0000058.png,degradation_restoration_clean,clean,0,0,0,7.906199932098389,7.906199932098389,0.0,0.9545738697052002,0.9545738697052002
59,59,EXTERNAL_SAMPLE/0000059.png,degradation_restoration_clean,clean,0,0,8,2.9128057956695557,2.9128057956695557,0.0,0.03233501687645912,0.03233501687645912
60,60,EXTERNAL_SAMPLE/0000060.png,degradation_restoration_clean,clean,0,0,0,8.464641571044922,8.464641571044922,0.0,0.9923763871192932,0.9923763871192932
61,61,EXTERNAL_SAMPLE/0000061.png,degradation_restoration_clean,clean,0,0,0,9.821992874145508,9.821992874145508,0.0,0.9982855916023254,0.9982855916023254
62,62,EXTERNAL_SAMPLE/0000062.png,degradation_restoration_clean,clean,0,0,0,7.229447841644287,7.229447841644287,0.0,0.9636676907539368,0.9636676907539368
63,63,EXTERNAL_SAMPLE/0000063.png,degradation_restoration_clean,clean,0,0,0,7.375301837921143,7.375301837921143,0.0,0.8190149068832397,0.8190149068832397
64,64,EXTERNAL_SAMPLE/0000064.png,degradation_restoration_clean,clean,0,0,0,10.997708320617676,10.997708320617676,0.0,0.9989581108093262,0.9989581108093262
65,65,EXTERNAL_SAMPLE/0000065.png,degradation_restoration_clean,clean,0,0,0,11.936793327331543,11.936793327331543,0.0,0.989346981048584,0.989346981048584
66,66,EXTERNAL_SAMPLE/0000066.png,degradation_restoration_clean,clean,0,0,0,8.545679092407227,8.545679092407227,0.0,0.9886581301689148,0.9886581301689148
67,67,EXTERNAL_SAMPLE/0000067.png,degradation_restoration_clean,clean,0,0,0,7.534675121307373,7.534675121307373,0.0,0.9685670137405396,0.9685670137405396
68,68,EXTERNAL_SAMPLE/0000068.png,degradation_restoration_clean,clean,0,0,0,10.339513778686523,10.339513778686523,0.0,0.9975278973579407,0.9975278973579407
69,69,EXTERNAL_SAMPLE/0000069.png,degradation_restoration_clean,clean,0,0,0,12.33248519897461,12.33248519897461,0.0,0.9998551607131958,0.9998551607131958
70,70,EXTERNAL_SAMPLE/0000070.png,degradation_restoration_clean,clean,0,0,0,13.493592262268066,13.493592262268066,0.0,0.999887228012085,0.999887228012085
71,71,EXTERNAL_SAMPLE/0000071.png,degradation_restoration_clean,clean,0,0,0,4.959092617034912,4.959092617034912,0.0,0.6807848215103149,0.6807848215103149
72,72,EXTERNAL_SAMPLE/0000072.png,degradation_restoration_clean,clean,0,0,0,13.143054008483887,13.143054008483887,0.0,0.9999147653579712,0.9999147653579712
73,73,EXTERNAL_SAMPLE/0000073.png,degradation_restoration_clean,clean,0,0,0,10.292747497558594,10.292747497558594,0.0,0.9985804557800293,0.9985804557800293
74,74,EXTERNAL_SAMPLE/0000074.png,degradation_restoration_clean,clean,0,0,5,2.8839120864868164,2.8839120864868164,0.0,0.18827396631240845,0.18827396631240845
75,75,EXTERNAL_SAMPLE/0000075.png,degradation_restoration_clean,clean,0,0,0,10.386581420898438,10.386581420898438,0.0,0.9988335967063904,0.9988335967063904
76,76,EXTERNAL_SAMPLE/0000076.png,degradation_restoration_clean,clean,0,0,0,18.463376998901367,18.463376998901367,0.0,0.9999997615814209,0.9999997615814209
77,77,EXTERNAL_SAMPLE/0000077.png,degradation_restoration_clean,clean,0,0,0,9.084405899047852,9.084405899047852,0.0,0.9902108907699585,0.9902108907699585
78,78,EXTERNAL_SAMPLE/0000078.png,degradation_restoration_clean,clean,0,0,0,8.284629821777344,8.284629821777344,0.0,0.9908968806266785,0.9908968806266785
79,79,EXTERNAL_SAMPLE/0000079.png,degradation_restoration_clean,clean,0,0,0,16.78487205505371,16.78487205505371,0.0,0.9999982118606567,0.9999982118606567
80,80,EXTERNAL_SAMPLE/0000080.png,degradation_restoration_clean,clean,0,0,0,10.073652267456055,10.073652267456055,0.0,0.9937159419059753,0.9937159419059753
81,81,EXTERNAL_SAMPLE/0000081.png,degradation_restoration_clean,clean,0,0,0,11.06732177734375,11.06732177734375,0.0,0.9977571368217468,0.9977571368217468
82,82,EXTERNAL_SAMPLE/0000082.png,degradation_restoration_clean,clean,0,0,0,5.959152698516846,5.959152698516846,0.0,0.7593023777008057,0.7593023777008057
83,83,EXTERNAL_SAMPLE/0000083.png,degradation_restoration_clean,clean,0,0,0,10.312227249145508,10.312227249145508,0.0,0.998407781124115,0.998407781124115
84,84,EXTERNAL_SAMPLE/0000084.png,degradation_restoration_clean,clean,0,0,0,9.217477798461914,9.217477798461914,0.0,0.9958910942077637,0.9958910942077637
85,85,EXTERNAL_SAMPLE/0000085.png,degradation_restoration_clean,clean,0,0,0,18.278234481811523,18.278234481811523,0.0,0.9999997615814209,0.9999997615814209
86,86,EXTERNAL_SAMPLE/0000086.png,degradation_restoration_clean,clean,0,0,0,7.787567138671875,7.787567138671875,0.0,0.9780147075653076,0.9780147075653076
87,87,EXTERNAL_SAMPLE/0000087.png,degradation_restoration_clean,clean,0,0,0,9.940186500549316,9.940186500549316,0.0,0.9964332580566406,0.9964332580566406
88,88,EXTERNAL_SAMPLE/0000088.png,degradation_restoration_clean,clean,0,0,0,12.87826919555664,12.87826919555664,0.0,0.9997523427009583,0.9997523427009583
89,89,EXTERNAL_SAMPLE/0000089.png,degradation_restoration_clean,clean,0,0,0,7.282195091247559,7.282195091247559,0.0,0.5734552145004272,0.5734552145004272
90,90,EXTERNAL_SAMPLE/0000090.png,degradation_restoration_clean,clean,0,0,0,4.960209846496582,4.960209846496582,0.0,0.6163382530212402,0.6163382530212402
91,91,EXTERNAL_SAMPLE/0000091.png,degradation_restoration_clean,clean,0,0,0,9.42680549621582,9.42680549621582,0.0,0.9914945363998413,0.9914945363998413
92,92,EXTERNAL_SAMPLE/0000092.png,degradation_restoration_clean,clean,0,0,8,3.5009634494781494,3.5009634494781494,0.0,0.07919863611459732,0.07919863611459732
93,93,EXTERNAL_SAMPLE/0000093.png,degradation_restoration_clean,clean,0,0,8,4.592532634735107,4.592532634735107,0.0,0.23040789365768433,0.23040789365768433
94,94,EXTERNAL_SAMPLE/0000094.png,degradation_restoration_clean,clean,0,0,8,3.181994915008545,3.181994915008545,0.0,0.07042155414819717,0.07042155414819717
95,95,EXTERNAL_SAMPLE/0000095.png,degradation_restoration_clean,clean,0,0,5,3.04012131690979,3.04012131690979,0.0,0.135079488158226,0.135079488158226
96,96,EXTERNAL_SAMPLE/0000096.png,degradation_restoration_clean,clean,0,0,0,5.623676776885986,5.623676776885986,0.0,0.7632866501808167,0.7632866501808167
97,97,EXTERNAL_SAMPLE/0000097.png,degradation_restoration_clean,clean,0,0,0,8.785197257995605,8.785197257995605,0.0,0.9848164916038513,0.9848164916038513
98,98,EXTERNAL_SAMPLE/0000098.png,degradation_restoration_clean,clean,0,0,0,6.697638034820557,6.697638034820557,0.0,0.7600942850112915,0.7600942850112915
99,99,EXTERNAL_SAMPLE/0000099.png,degradation_restoration_clean,clean,0,0,0,6.526590347290039,6.526590347290039,0.0,0.9344397783279419,0.9344397783279419
100,100,EXTERNAL_SAMPLE/0000100.png,degradation_restoration_clean,clean,0,0,0,8.046881675720215,8.046881675720215,0.0,0.9738640785217285,0.9738640785217285
101,101,EXTERNAL_SAMPLE/0000101.png,degradation_restoration_clean,clean,0,0,0,5.3593339920043945,5.3593339920043945,0.0,0.8573189377784729,0.8573189377784729
102,102,EXTERNAL_SAMPLE/0000102.png,degradation_restoration_clean,clean,0,0,0,8.804905891418457,8.804905891418457,0.0,0.9880574941635132,0.9880574941635132
103,103,EXTERNAL_SAMPLE/0000103.png,degradation_restoration_clean,clean,0,0,0,16.939105987548828,16.939105987548828,0.0,0.9999990463256836,0.9999990463256836
104,104,EXTERNAL_SAMPLE/0000104.png,degradation_restoration_clean,clean,0,0,0,10.29114818572998,10.29114818572998,0.0,0.9940981864929199,0.9940981864929199
105,105,EXTERNAL_SAMPLE/0000105.png,degradation_restoration_clean,clean,0,0,0,9.770275115966797,9.770275115966797,0.0,0.9977856874465942,0.9977856874465942
106,106,EXTERNAL_SAMPLE/0000106.png,degradation_restoration_clean,clean,0,0,0,8.505256652832031,8.505256652832031,0.0,0.981153130531311,0.981153130531311
107,107,EXTERNAL_SAMPLE/0000107.png,degradation_restoration_clean,clean,0,0,0,12.040367126464844,12.040367126464844,0.0,0.9997451901435852,0.9997451901435852
108,108,EXTERNAL_SAMPLE/0000108.png,degradation_restoration_clean,clean,0,0,0,13.683755874633789,13.683755874633789,0.0,0.9999330043792725,0.9999330043792725
109,109,EXTERNAL_SAMPLE/0000109.png,degradation_restoration_clean,clean,0,0,0,7.286488056182861,7.286488056182861,0.0,0.8233612179756165,0.8233612179756165
110,110,EXTERNAL_SAMPLE/0000110.png,degradation_restoration_clean,clean,0,0,0,10.39025592803955,10.39025592803955,0.0,0.9975903034210205,0.9975903034210205
111,111,EXTERNAL_SAMPLE/0000111.png,degradation_restoration_clean,clean,0,0,0,9.346023559570312,9.346023559570312,0.0,0.9962641596794128,0.9962641596794128
112,112,EXTERNAL_SAMPLE/0000112.png,degradation_restoration_clean,clean,0,0,0,14.141666412353516,14.141666412353516,0.0,0.9999498128890991,0.9999498128890991
113,113,EXTERNAL_SAMPLE/0000113.png,degradation_restoration_clean,clean,0,0,0,4.64574670791626,4.64574670791626,0.0,0.7750014066696167,0.7750014066696167
114,114,EXTERNAL_SAMPLE/0000114.png,degradation_restoration_clean,clean,0,0,8,4.729457855224609,4.729457855224609,0.0,0.041378799825906754,0.041378799825906754
115,115,EXTERNAL_SAMPLE/0000115.png,degradation_restoration_clean,clean,0,0,0,11.732987403869629,11.732987403869629,0.0,0.9956296682357788,0.9956296682357788
116,116,EXTERNAL_SAMPLE/0000116.png,degradation_restoration_clean,clean,0,0,0,6.231473922729492,6.231473922729492,0.0,0.9040645360946655,0.9040645360946655
117,117,EXTERNAL_SAMPLE/0000117.png,degradation_restoration_clean,clean,0,0,0,6.910506725311279,6.910506725311279,0.0,0.7238316535949707,0.7238316535949707
118,118,EXTERNAL_SAMPLE/0000118.png,degradation_restoration_clean,clean,0,0,0,9.057083129882812,9.057083129882812,0.0,0.997007429599762,0.997007429599762
119,119,EXTERNAL_SAMPLE/0000119.png,degradation_restoration_clean,clean,0,0,0,7.785201072692871,7.785201072692871,0.0,0.9823657870292664,0.9823657870292664
120,120,EXTERNAL_SAMPLE/0000120.png,degradation_restoration_clean,clean,0,0,0,9.966666221618652,9.966666221618652,0.0,0.996901273727417,0.996901273727417
121,121,EXTERNAL_SAMPLE/0000121.png,degradation_restoration_clean,clean,0,0,0,15.350894927978516,15.350894927978516,0.0,0.9999431371688843,0.9999431371688843
122,122,EXTERNAL_SAMPLE/0000122.png,degradation_restoration_clean,clean,0,0,0,11.258687973022461,11.258687973022461,0.0,0.9986888766288757,0.9986888766288757
123,123,EXTERNAL_SAMPLE/0000123.png,degradation_restoration_clean,clean,0,0,0,10.924360275268555,10.924360275268555,0.0,0.9995149374008179,0.9995149374008179
124,124,EXTERNAL_SAMPLE/0000124.png,degradation_restoration_clean,clean,0,0,0,7.152247905731201,7.152247905731201,0.0,0.8575776815414429,0.8575776815414429
125,125,EXTERNAL_SAMPLE/0000125.png,degradation_restoration_clean,clean,0,0,0,10.793548583984375,10.793548583984375,0.0,0.9991084933280945,0.9991084933280945
126,126,EXTERNAL_SAMPLE/0000126.png,degradation_restoration_clean,clean,0,0,0,9.983338356018066,9.983338356018066,0.0,0.9981409311294556,0.9981409311294556
127,127,EXTERNAL_SAMPLE/0000127.png,degradation_restoration_clean,clean,0,0,0,6.718999862670898,6.718999862670898,0.0,0.9199857711791992,0.9199857711791992
128,128,EXTERNAL_SAMPLE/0000128.png,degradation_restoration_clean,clean,0,0,0,10.725746154785156,10.725746154785156,0.0,0.9983388185501099,0.9983388185501099
129,129,EXTERNAL_SAMPLE/0000129.png,degradation_restoration_clean,clean,0,0,0,9.349554061889648,9.349554061889648,0.0,0.9928733110427856,0.9928733110427856
130,130,EXTERNAL_SAMPLE/0000130.png,degradation_restoration_clean,clean,0,0,0,12.154352188110352,12.154352188110352,0.0,0.9997237324714661,0.9997237324714661
131,131,EXTERNAL_SAMPLE/0000131.png,degradation_restoration_clean,clean,0,0,0,11.037593841552734,11.037593841552734,0.0,0.999409556388855,0.999409556388855
132,132,EXTERNAL_SAMPLE/0000132.png,degradation_restoration_clean,clean,0,0,8,2.842312812805176,2.842312812805176,0.0,0.0015218316111713648,0.0015218316111713648
133,133,EXTERNAL_SAMPLE/0000133.png,degradation_restoration_clean,clean,0,0,0,11.557296752929688,11.557296752929688,0.0,0.9994887113571167,0.9994887113571167
134,134,EXTERNAL_SAMPLE/0000134.png,degradation_restoration_clean,clean,0,0,0,10.715723037719727,10.715723037719727,0.0,0.9994932413101196,0.9994932413101196
135,135,EXTERNAL_SAMPLE/0000135.png,degradation_restoration_clean,clean,0,0,0,17.247406005859375,17.247406005859375,0.0,0.9999991655349731,0.9999991655349731
136,136,EXTERNAL_SAMPLE/0000136.png,degradation_restoration_clean,clean,0,0,0,13.567937850952148,13.567937850952148,0.0,0.9996896982192993,0.9996896982192993
137,137,EXTERNAL_SAMPLE/0000137.png,degradation_restoration_clean,clean,0,0,0,11.176095962524414,11.176095962524414,0.0,0.9995055198669434,0.9995055198669434
138,138,EXTERNAL_SAMPLE/0000138.png,degradation_restoration_clean,clean,0,0,0,9.264448165893555,9.264448165893555,0.0,0.9958062171936035,0.9958062171936035
139,139,EXTERNAL_SAMPLE/0000139.png,degradation_restoration_clean,clean,0,0,0,7.454214096069336,7.454214096069336,0.0,0.950651228427887,0.950651228427887
140,140,EXTERNAL_SAMPLE/0000140.png,degradation_restoration_clean,clean,0,0,0,6.866012096405029,6.866012096405029,0.0,0.8767393827438354,0.8767393827438354
141,141,EXTERNAL_SAMPLE/0000141.png,degradation_restoration_clean,clean,0,0,8,5.813543319702148,5.813543319702148,0.0,0.2757745087146759,0.2757745087146759
142,142,EXTERNAL_SAMPLE/0000142.png,degradation_restoration_clean,clean,0,0,0,18.15055274963379,18.15055274963379,0.0,0.9999998807907104,0.9999998807907104
143,143,EXTERNAL_SAMPLE/0000143.png,degradation_restoration_clean,clean,0,0,0,5.6337432861328125,5.6337432861328125,0.0,0.7480137944221497,0.7480137944221497
144,144,EXTERNAL_SAMPLE/0000144.png,degradation_restoration_clean,clean,0,0,0,13.134136199951172,13.134136199951172,0.0,0.9997768998146057,0.9997768998146057
145,145,EXTERNAL_SAMPLE/0000145.png,degradation_restoration_clean,clean,0,0,0,6.752187252044678,6.752187252044678,0.0,0.9001263976097107,0.9001263976097107
146,146,EXTERNAL_SAMPLE/0000146.png,degradation_restoration_clean,clean,0,0,8,3.5736892223358154,3.5736892223358154,0.0,0.27364104986190796,0.27364104986190796
147,147,EXTERNAL_SAMPLE/0000147.png,degradation_restoration_clean,clean,0,0,0,8.28243637084961,8.28243637084961,0.0,0.9901648163795471,0.9901648163795471
148,148,EXTERNAL_SAMPLE/0000148.png,degradation_restoration_clean,clean,0,0,8,2.8005621433258057,2.8005621433258057,0.0,0.11701471358537674,0.11701471358537674
149,149,EXTERNAL_SAMPLE/0000149.png,degradation_restoration_clean,clean,0,0,0,6.640070915222168,6.640070915222168,0.0,0.5517176985740662,0.5517176985740662
150,150,EXTERNAL_SAMPLE/0000150.png,degradation_restoration_clean,clean,0,0,0,7.864947319030762,7.864947319030762,0.0,0.9829457998275757,0.9829457998275757
151,151,EXTERNAL_SAMPLE/0000151.png,degradation_restoration_clean,clean,0,0,9,1.8996132612228394,1.8996132612228394,0.0,0.01814468391239643,0.01814468391239643
152,152,EXTERNAL_SAMPLE/0000152.png,degradation_restoration_clean,clean,0,0,0,10.364456176757812,10.364456176757812,0.0,0.9845561981201172,0.9845561981201172
153,153,EXTERNAL_SAMPLE/0000153.png,degradation_restoration_clean,clean,0,0,8,2.6883697509765625,2.6883697509765625,0.0,0.15111574530601501,0.15111574530601501
154,154,EXTERNAL_SAMPLE/0000154.png,degradation_restoration_clean,clean,0,0,0,8.269935607910156,8.269935607910156,0.0,0.9852946996688843,0.9852946996688843
155,155,EXTERNAL_SAMPLE/0000155.png,degradation_restoration_clean,clean,0,0,0,11.426041603088379,11.426041603088379,0.0,0.9993507266044617,0.9993507266044617
156,156,EXTERNAL_SAMPLE/0000156.png,degradation_restoration_clean,clean,0,0,8,4.366888046264648,4.366888046264648,0.0,0.12411587685346603,0.12411587685346603
157,157,EXTERNAL_SAMPLE/0000157.png,degradation_restoration_clean,clean,0,0,0,7.740777969360352,7.740777969360352,0.0,0.9859455227851868,0.9859455227851868
158,158,EXTERNAL_SAMPLE/0000158.png,degradation_restoration_clean,clean,0,0,0,11.477982521057129,11.477982521057129,0.0,0.9996261596679688,0.9996261596679688
159,159,EXTERNAL_SAMPLE/0000159.png,degradation_restoration_clean,clean,0,0,0,7.776915073394775,7.776915073394775,0.0,0.9882509112358093,0.9882509112358093
160,160,EXTERNAL_SAMPLE/0000160.png,degradation_restoration_clean,clean,0,0,8,2.0183095932006836,2.0183095932006836,0.0,0.06398326903581619,0.06398326903581619
161,161,EXTERNAL_SAMPLE/0000161.png,degradation_restoration_clean,clean,0,0,1,1.7310088872909546,1.7310088872909546,0.0,0.06348361819982529,0.06348361819982529
162,162,EXTERNAL_SAMPLE/0000162.png,degradation_restoration_clean,clean,0,0,3,0.8376161456108093,0.8376161456108093,0.0,0.023665083572268486,0.023665083572268486
163,163,EXTERNAL_SAMPLE/0000163.png,degradation_restoration_clean,clean,0,0,1,3.4507882595062256,3.4507882595062256,0.0,0.1584794819355011,0.1584794819355011
164,164,EXTERNAL_SAMPLE/0000164.png,degradation_restoration_clean,clean,0,0,0,9.037067413330078,9.037067413330078,0.0,0.9887059926986694,0.9887059926986694
165,165,EXTERNAL_SAMPLE/0000165.png,degradation_restoration_clean,clean,0,0,8,3.9439640045166016,3.9439640045166016,0.0,0.24661904573440552,0.24661904573440552
166,166,EXTERNAL_SAMPLE/0000166.png,degradation_restoration_clean,clean,0,0,8,4.472218990325928,4.472218990325928,0.0,0.013355003669857979,0.013355003669857979
167,167,EXTERNAL_SAMPLE/0000167.png,degradation_restoration_clean,clean,0,0,0,7.98367166519165,7.98367166519165,0.0,0.9648067951202393,0.9648067951202393
168,168,EXTERNAL_SAMPLE/0000168.png,degradation_restoration_clean,clean,0,0,0,12.40393352508545,12.40393352508545,0.0,0.9998444318771362,0.9998444318771362
169,169,EXTERNAL_SAMPLE/0000169.png,degradation_restoration_clean,clean,0,0,0,6.955737113952637,6.955737113952637,0.0,0.7676599025726318,0.7676599025726318
170,170,EXTERNAL_SAMPLE/0000170.png,degradation_restoration_clean,clean,0,0,0,8.18503475189209,8.18503475189209,0.0,0.9599090814590454,0.9599090814590454
171,171,EXTERNAL_SAMPLE/0000171.png,degradation_restoration_clean,clean,0,0,1,1.8723783493041992,1.8723783493041992,0.0,0.08244584500789642,0.08244584500789642
172,172,EXTERNAL_SAMPLE/0000172.png,degradation_restoration_clean,clean,0,0,0,11.121011734008789,11.121011734008789,0.0,0.9994850158691406,0.9994850158691406
173,173,EXTERNAL_SAMPLE/0000173.png,degradation_restoration_clean,clean,0,0,0,5.24770450592041,5.24770450592041,0.0,0.5966935157775879,0.5966935157775879
174,174,EXTERNAL_SAMPLE/0000174.png,degradation_restoration_clean,clean,0,0,8,2.4008378982543945,2.4008378982543945,0.0,0.05599262937903404,0.05599262937903404
175,175,EXTERNAL_SAMPLE/0000175.png,degradation_restoration_clean,clean,0,0,0,6.066643238067627,6.066643238067627,0.0,0.8628376126289368,0.8628376126289368
176,176,EXTERNAL_SAMPLE/0000176.png,degradation_restoration_clean,clean,0,0,8,6.39336633682251,6.39336633682251,0.0,0.2891676127910614,0.2891676127910614
177,177,EXTERNAL_SAMPLE/0000177.png,degradation_restoration_clean,clean,0,0,0,9.650903701782227,9.650903701782227,0.0,0.9933395981788635,0.9933395981788635
178,178,EXTERNAL_SAMPLE/0000178.png,degradation_restoration_clean,clean,0,0,0,13.748738288879395,13.748738288879395,0.0,0.9999730587005615,0.9999730587005615
179,179,EXTERNAL_SAMPLE/0000179.png,degradation_restoration_clean,clean,0,0,0,14.743443489074707,14.743443489074707,0.0,0.999988317489624,0.999988317489624
180,180,EXTERNAL_SAMPLE/0000180.png,degradation_restoration_clean,clean,0,0,0,6.0156073570251465,6.0156073570251465,0.0,0.5841274261474609,0.5841274261474609
181,181,EXTERNAL_SAMPLE/0000181.png,degradation_restoration_clean,clean,0,0,0,11.336708068847656,11.336708068847656,0.0,0.9992664456367493,0.9992664456367493
182,182,EXTERNAL_SAMPLE/0000182.png,degradation_restoration_clean,clean,0,0,0,9.616836547851562,9.616836547851562,0.0,0.9972188472747803,0.9972188472747803
183,183,EXTERNAL_SAMPLE/0000183.png,degradation_restoration_clean,clean,0,0,0,12.774707794189453,12.774707794189453,0.0,0.9998511075973511,0.9998511075973511
184,184,EXTERNAL_SAMPLE/0000184.png,degradation_restoration_clean,clean,0,0,0,9.001982688903809,9.001982688903809,0.0,0.9967204928398132,0.9967204928398132
185,185,EXTERNAL_SAMPLE/0000185.png,degradation_restoration_clean,clean,0,0,8,5.720400333404541,5.720400333404541,0.0,0.408515602350235,0.408515602350235
186,186,EXTERNAL_SAMPLE/0000186.png,degradation_restoration_clean,clean,0,0,0,13.337329864501953,13.337329864501953,0.0,0.9998984336853027,0.9998984336853027
187,187,EXTERNAL_SAMPLE/0000187.png,degradation_restoration_clean,clean,0,0,0,9.096429824829102,9.096429824829102,0.0,0.9855540990829468,0.9855540990829468
188,188,EXTERNAL_SAMPLE/0000188.png,degradation_restoration_clean,clean,0,0,0,5.968027591705322,5.968027591705322,0.0,0.915206789970398,0.915206789970398
189,189,EXTERNAL_SAMPLE/0000189.png,degradation_restoration_clean,clean,0,0,8,1.5726333856582642,1.5726333856582642,0.0,0.034566909074783325,0.034566909074783325
190,190,EXTERNAL_SAMPLE/0000190.png,degradation_restoration_clean,clean,0,0,1,4.234711647033691,4.234711647033691,0.0,0.21707239747047424,0.21707239747047424
191,191,EXTERNAL_SAMPLE/0000191.png,degradation_restoration_clean,clean,0,0,0,8.598502159118652,8.598502159118652,0.0,0.9912887811660767,0.9912887811660767
192,192,EXTERNAL_SAMPLE/0000192.png,degradation_restoration_clean,clean,0,0,0,5.998144149780273,5.998144149780273,0.0,0.8362798690795898,0.8362798690795898
193,193,EXTERNAL_SAMPLE/0000193.png,degradation_restoration_clean,clean,0,0,0,8.626336097717285,8.626336097717285,0.0,0.9919850826263428,0.9919850826263428
194,194,EXTERNAL_SAMPLE/0000194.png,degradation_restoration_clean,clean,0,0,0,13.56863021850586,13.56863021850586,0.0,0.9999581575393677,0.9999581575393677
195,195,EXTERNAL_SAMPLE/0000195.png,degradation_restoration_clean,clean,0,0,0,7.067641735076904,7.067641735076904,0.0,0.870157778263092,0.870157778263092
196,196,EXTERNAL_SAMPLE/0000196.png,degradation_restoration_clean,clean,0,0,0,6.026148796081543,6.026148796081543,0.0,0.9337300062179565,0.9337300062179565
197,197,EXTERNAL_SAMPLE/0000197.png,degradation_restoration_clean,clean,0,0,0,12.393553733825684,12.393553733825684,0.0,0.9998487234115601,0.9998487234115601
198,198,EXTERNAL_SAMPLE/0000198.png,degradation_restoration_clean,clean,0,0,0,8.546012878417969,8.546012878417969,0.0,0.9884266257286072,0.9884266257286072
199,199,EXTERNAL_SAMPLE/0000199.png,degradation_restoration_clean,clean,0,0,0,10.007033348083496,10.007033348083496,0.0,0.9990482926368713,0.9990482926368713
200,200,EXTERNAL_SAMPLE/0000200.png,degradation_restoration_clean,clean,0,0,0,7.91318941116333,7.91318941116333,0.0,0.9682209491729736,0.9682209491729736
201,201,EXTERNAL_SAMPLE/0000201.png,degradation_restoration_clean,clean,0,0,8,4.553353309631348,4.553353309631348,0.0,0.06969843059778214,0.06969843059778214
202,202,EXTERNAL_SAMPLE/0000202.png,degradation_restoration_clean,clean,0,0,0,13.54503059387207,13.54503059387207,0.0,0.9999529123306274,0.9999529123306274
203,203,EXTERNAL_SAMPLE/0000203.png,degradation_restoration_clean,clean,0,0,0,15.419588088989258,15.419588088989258,0.0,0.9999936819076538,0.9999936819076538
204,204,EXTERNAL_SAMPLE/0000204.png,degradation_restoration_clean,clean,0,0,0,11.836393356323242,11.836393356323242,0.0,0.9987152814865112,0.9987152814865112
205,205,EXTERNAL_SAMPLE/0000205.png,degradation_restoration_clean,clean,0,0,0,8.173524856567383,8.173524856567383,0.0,0.9878866672515869,0.9878866672515869
206,206,EXTERNAL_SAMPLE/0000206.png,degradation_restoration_clean,clean,0,0,0,14.104016304016113,14.104016304016113,0.0,0.9999520778656006,0.9999520778656006
207,207,EXTERNAL_SAMPLE/0000207.png,degradation_restoration_clean,clean,0,0,0,5.723381519317627,5.723381519317627,0.0,0.836058497428894,0.836058497428894
208,208,EXTERNAL_SAMPLE/0000208.png,degradation_restoration_clean,clean,0,0,0,6.4005513191223145,6.4005513191223145,0.0,0.9389456510543823,0.9389456510543823
209,209,EXTERNAL_SAMPLE/0000209.png,degradation_restoration_clean,clean,0,0,0,5.758063793182373,5.758063793182373,0.0,0.7206878662109375,0.7206878662109375
210,210,EXTERNAL_SAMPLE/0000210.png,degradation_restoration_clean,clean,0,0,8,6.577315330505371,6.577315330505371,0.0,0.1417260468006134,0.1417260468006134
211,211,EXTERNAL_SAMPLE/0000211.png,degradation_restoration_clean,clean,0,0,0,6.5947957038879395,6.5947957038879395,0.0,0.9141588807106018,0.9141588807106018
212,212,EXTERNAL_SAMPLE/0000212.png,degradation_restoration_clean,clean,0,0,5,2.008488655090332,2.008488655090332,0.0,0.11682546883821487,0.11682546883821487
213,213,EXTERNAL_SAMPLE/0000213.png,degradation_restoration_clean,clean,0,0,0,9.77502155303955,9.77502155303955,0.0,0.9957842230796814,0.9957842230796814
214,214,EXTERNAL_SAMPLE/0000214.png,degradation_restoration_clean,clean,0,0,0,11.30794620513916,11.30794620513916,0.0,0.9996433258056641,0.9996433258056641
215,215,EXTERNAL_SAMPLE/0000215.png,degradation_restoration_clean,clean,0,0,0,9.615704536437988,9.615704536437988,0.0,0.9974697828292847,0.9974697828292847
216,216,EXTERNAL_SAMPLE/0000216.png,degradation_restoration_clean,clean,0,0,0,10.70163345336914,10.70163345336914,0.0,0.9970820546150208,0.9970820546150208
217,217,EXTERNAL_SAMPLE/0000217.png,degradation_restoration_clean,clean,0,0,0,12.064242362976074,12.064242362976074,0.0,0.9993607401847839,0.9993607401847839
218,218,EXTERNAL_SAMPLE/0000218.png,degradation_restoration_clean,clean,0,0,0,11.327749252319336,11.327749252319336,0.0,0.9988584518432617,0.9988584518432617
219,219,EXTERNAL_SAMPLE/0000219.png,degradation_restoration_clean,clean,0,0,0,8.223187446594238,8.223187446594238,0.0,0.9901843070983887,0.9901843070983887
220,220,EXTERNAL_SAMPLE/0000220.png,degradation_restoration_clean,clean,0,0,0,9.746687889099121,9.746687889099121,0.0,0.9928128123283386,0.9928128123283386
221,221,EXTERNAL_SAMPLE/0000221.png,degradation_restoration_clean,clean,0,0,0,7.847083568572998,7.847083568572998,0.0,0.9191128611564636,0.9191128611564636
222,222,EXTERNAL_SAMPLE/0000222.png,degradation_restoration_clean,clean,0,0,0,14.541313171386719,14.541313171386719,0.0,0.9999854564666748,0.9999854564666748
223,223,EXTERNAL_SAMPLE/0000223.png,degradation_restoration_clean,clean,0,0,8,7.935455322265625,7.935455322265625,0.0,0.4294259250164032,0.4294259250164032
224,224,EXTERNAL_SAMPLE/0000224.png,degradation_restoration_clean,clean,0,0,0,8.584589004516602,8.584589004516602,0.0,0.9938695430755615,0.9938695430755615
225,225,EXTERNAL_SAMPLE/0000225.png,degradation_restoration_clean,clean,0,0,1,3.5687804222106934,3.5687804222106934,0.0,0.19235089421272278,0.19235089421272278
226,226,EXTERNAL_SAMPLE/0000226.png,degradation_restoration_clean,clean,0,0,0,6.2532806396484375,6.2532806396484375,0.0,0.5135786533355713,0.5135786533355713
227,227,EXTERNAL_SAMPLE/0000227.png,degradation_restoration_clean,clean,0,0,0,13.112215042114258,13.112215042114258,0.0,0.9997362494468689,0.9997362494468689
228,228,EXTERNAL_SAMPLE/0000228.png,degradation_restoration_clean,clean,0,0,8,4.764174461364746,4.764174461364746,0.0,0.007872441783547401,0.007872441783547401
229,229,EXTERNAL_SAMPLE/0000229.png,degradation_restoration_clean,clean,0,0,0,8.59485149383545,8.59485149383545,0.0,0.9885783195495605,0.9885783195495605
230,230,EXTERNAL_SAMPLE/0000230.png,degradation_restoration_clean,clean,0,0,0,14.576772689819336,14.576772689819336,0.0,0.9999696016311646,0.9999696016311646
231,231,EXTERNAL_SAMPLE/0000231.png,degradation_restoration_clean,clean,0,0,7,3.8834593296051025,3.8834593296051025,0.0,0.35637861490249634,0.35637861490249634
232,232,EXTERNAL_SAMPLE/0000232.png,degradation_restoration_clean,clean,0,0,8,6.08736515045166,6.08736515045166,0.0,0.44063857197761536,0.44063857197761536
233,233,EXTERNAL_SAMPLE/0000233.png,degradation_restoration_clean,clean,0,0,0,7.678051948547363,7.678051948547363,0.0,0.9003347754478455,0.9003347754478455
234,234,EXTERNAL_SAMPLE/0000234.png,degradation_restoration_clean,clean,0,0,0,4.279487133026123,4.279487133026123,0.0,0.39673569798469543,0.39673569798469543
235,235,EXTERNAL_SAMPLE/0000235.png,degradation_restoration_clean,clean,0,0,8,6.642836093902588,6.642836093902588,0.0,0.4689711928367615,0.4689711928367615
236,236,EXTERNAL_SAMPLE/0000236.png,degradation_restoration_clean,clean,0,0,0,3.6252877712249756,3.6252877712249756,0.0,0.4081890285015106,0.4081890285015106
237,237,EXTERNAL_SAMPLE/0000237.png,degradation_restoration_clean,clean,0,0,0,12.881402969360352,12.881402969360352,0.0,0.9996621608734131,0.9996621608734131
238,238,EXTERNAL_SAMPLE/0000238.png,degradation_restoration_clean,clean,0,0,8,3.71811580657959,3.71811580657959,0.0,0.02448202669620514,0.02448202669620514
239,239,EXTERNAL_SAMPLE/0000239.png,degradation_restoration_clean,clean,0,0,0,6.417730331420898,6.417730331420898,0.0,0.8890678882598877,0.8890678882598877
240,240,EXTERNAL_SAMPLE/0000240.png,degradation_restoration_clean,clean,0,0,8,3.280580759048462,3.280580759048462,0.0,0.02353855036199093,0.02353855036199093
241,241,EXTERNAL_SAMPLE/0000241.png,degradation_restoration_clean,clean,0,0,0,5.3584418296813965,5.3584418296813965,0.0,0.5045126080513,0.5045126080513
242,242,EXTERNAL_SAMPLE/0000242.png,degradation_restoration_clean,clean,0,0,0,8.256831169128418,8.256831169128418,0.0,0.9798264503479004,0.9798264503479004
243,243,EXTERNAL_SAMPLE/0000243.png,degradation_restoration_clean,clean,0,0,0,9.438037872314453,9.438037872314453,0.0,0.995644211769104,0.995644211769104
244,244,EXTERNAL_SAMPLE/0000244.png,degradation_restoration_clean,clean,0,0,0,5.125426292419434,5.125426292419434,0.0,0.7665219902992249,0.7665219902992249
245,245,EXTERNAL_SAMPLE/0000245.png,degradation_restoration_clean,clean,0,0,1,0.2794744074344635,0.2794744074344635,0.0,0.0022027615923434496,0.0022027615923434496
246,246,EXTERNAL_SAMPLE/0000246.png,degradation_restoration_clean,clean,0,0,0,6.708120822906494,6.708120822906494,0.0,0.7902856469154358,0.7902856469154358
247,247,EXTERNAL_SAMPLE/0000247.png,degradation_restoration_clean,clean,0,0,0,4.628911972045898,4.628911972045898,0.0,0.5624831318855286,0.5624831318855286
248,248,EXTERNAL_SAMPLE/0000248.png,degradation_restoration_clean,clean,0,0,0,13.064998626708984,13.064998626708984,0.0,0.9997699856758118,0.9997699856758118
249,249,EXTERNAL_SAMPLE/0000249.png,degradation_restoration_clean,clean,0,0,0,8.219463348388672,8.219463348388672,0.0,0.795947253704071,0.795947253704071
250,250,EXTERNAL_SAMPLE/0000250.png,degradation_restoration_clean,clean,0,0,2,3.8708090782165527,3.8708090782165527,0.0,0.1601041555404663,0.1601041555404663
251,251,EXTERNAL_SAMPLE/0000251.png,degradation_restoration_clean,clean,0,0,8,1.3878669738769531,1.3878669738769531,0.0,0.050986260175704956,0.050986260175704956
252,252,EXTERNAL_SAMPLE/0000252.png,degradation_restoration_clean,clean,0,0,5,3.923370838165283,3.923370838165283,0.0,0.2901238203048706,0.2901238203048706
253,253,EXTERNAL_SAMPLE/0000253.png,degradation_restoration_clean,clean,0,0,0,13.869719505310059,13.869719505310059,0.0,0.9999467134475708,0.9999467134475708
254,254,EXTERNAL_SAMPLE/0000254.png,degradation_restoration_clean,clean,0,0,0,7.271430969238281,7.271430969238281,0.0,0.9719486832618713,0.9719486832618713
255,255,EXTERNAL_SAMPLE/0000255.png,degradation_restoration_clean,clean,0,0,0,10.322469711303711,10.322469711303711,0.0,0.9972098469734192,0.9972098469734192
256,256,EXTERNAL_SAMPLE/0000256.png,degradation_restoration_clean,clean,0,0,8,6.083949565887451,6.083949565887451,0.0,0.35446375608444214,0.35446375608444214
257,257,EXTERNAL_SAMPLE/0000257.png,degradation_restoration_clean,clean,0,0,0,6.3099846839904785,6.3099846839904785,0.0,0.9292371273040771,0.9292371273040771
258,258,EXTERNAL_SAMPLE/0000258.png,degradation_restoration_clean,clean,0,0,0,8.633039474487305,8.633039474487305,0.0,0.9886524081230164,0.9886524081230164
259,259,EXTERNAL_SAMPLE/0000259.png,degradation_restoration_clean,clean,0,0,0,10.405289649963379,10.405289649963379,0.0,0.9940354824066162,0.9940354824066162
260,260,EXTERNAL_SAMPLE/0000260.png,degradation_restoration_clean,clean,0,0,8,1.4345386028289795,1.4345386028289795,0.0,0.039661966264247894,0.039661966264247894
261,261,EXTERNAL_SAMPLE/0000261.png,degradation_restoration_clean,clean,0,0,0,6.6508307456970215,6.6508307456970215,0.0,0.7705409526824951,0.7705409526824951
262,262,EXTERNAL_SAMPLE/0000262.png,degradation_restoration_clean,clean,0,0,0,9.051982879638672,9.051982879638672,0.0,0.9932234287261963,0.9932234287261963
263,263,EXTERNAL_SAMPLE/0000263.png,degradation_restoration_clean,clean,0,0,0,8.596526145935059,8.596526145935059,0.0,0.9659067988395691,0.9659067988395691
264,264,EXTERNAL_SAMPLE/0000264.png,degradation_restoration_clean,clean,0,0,0,11.46352767944336,11.46352767944336,0.0,0.9996004700660706,0.9996004700660706
265,265,EXTERNAL_SAMPLE/0000265.png,degradation_restoration_clean,clean,0,0,0,10.650192260742188,10.650192260742188,0.0,0.9990748167037964,0.9990748167037964
266,266,EXTERNAL_SAMPLE/0000266.png,degradation_restoration_clean,clean,0,0,0,10.713354110717773,10.713354110717773,0.0,0.9941332936286926,0.9941332936286926
267,267,EXTERNAL_SAMPLE/0000267.png,degradation_restoration_clean,clean,0,0,0,16.81328010559082,16.81328010559082,0.0,0.9999948740005493,0.9999948740005493
268,268,EXTERNAL_SAMPLE/0000268.png,degradation_restoration_clean,clean,0,0,8,3.039818525314331,3.039818525314331,0.0,0.24154186248779297,0.24154186248779297
269,269,EXTERNAL_SAMPLE/0000269.png,degradation_restoration_clean,clean,0,0,0,7.228035926818848,7.228035926818848,0.0,0.865018904209137,0.865018904209137
270,270,EXTERNAL_SAMPLE/0000270.png,degradation_restoration_clean,clean,0,0,0,16.60416603088379,16.60416603088379,0.0,0.9999902248382568,0.9999902248382568
271,271,EXTERNAL_SAMPLE/0000271.png,degradation_restoration_clean,clean,0,0,0,14.10811710357666,14.10811710357666,0.0,0.9999722242355347,0.9999722242355347
272,272,EXTERNAL_SAMPLE/0000272.png,degradation_restoration_clean,clean,0,0,0,10.354954719543457,10.354954719543457,0.0,0.9961949586868286,0.9961949586868286
273,273,EXTERNAL_SAMPLE/0000273.png,degradation_restoration_clean,clean,0,0,0,8.827289581298828,8.827289581298828,0.0,0.9889127016067505,0.9889127016067505
274,274,EXTERNAL_SAMPLE/0000274.png,degradation_restoration_clean,clean,0,0,0,5.73125696182251,5.73125696182251,0.0,0.866888701915741,0.866888701915741
275,275,EXTERNAL_SAMPLE/0000275.png,degradation_restoration_clean,clean,0,0,0,9.923314094543457,9.923314094543457,0.0,0.9984555244445801,0.9984555244445801
276,276,EXTERNAL_SAMPLE/0000276.png,degradation_restoration_clean,clean,0,0,0,10.099554061889648,10.099554061889648,0.0,0.9966109395027161,0.9966109395027161
277,277,EXTERNAL_SAMPLE/0000277.png,degradation_restoration_clean,clean,0,0,8,2.8419392108917236,2.8419392108917236,0.0,0.026975976303219795,0.026975976303219795
278,278,EXTERNAL_SAMPLE/0000278.png,degradation_restoration_clean,clean,0,0,0,11.547022819519043,11.547022819519043,0.0,0.9992089867591858,0.9992089867591858
279,279,EXTERNAL_SAMPLE/0000279.png,degradation_restoration_clean,clean,0,0,0,4.64795446395874,4.64795446395874,0.0,0.6315723061561584,0.6315723061561584
280,280,EXTERNAL_SAMPLE/0000280.png,degradation_restoration_clean,clean,0,0,0,6.853826522827148,6.853826522827148,0.0,0.6900448799133301,0.6900448799133301
281,281,EXTERNAL_SAMPLE/0000281.png,degradation_restoration_clean,clean,0,0,0,14.335186004638672,14.335186004638672,0.0,0.9999821186065674,0.9999821186065674
282,282,EXTERNAL_SAMPLE/0000282.png,degradation_restoration_clean,clean,0,0,0,10.569307327270508,10.569307327270508,0.0,0.9988284707069397,0.9988284707069397
283,283,EXTERNAL_SAMPLE/0000283.png,degradation_restoration_clean,clean,0,0,0,11.197660446166992,11.197660446166992,0.0,0.9987499713897705,0.9987499713897705
284,284,EXTERNAL_SAMPLE/0000284.png,degradation_restoration_clean,clean,0,0,0,7.719075679779053,7.719075679779053,0.0,0.9371805787086487,0.9371805787086487
285,285,EXTERNAL_SAMPLE/0000285.png,degradation_restoration_clean,clean,0,0,1,5.22236967086792,5.22236967086792,0.0,0.25421565771102905,0.25421565771102905
286,286,EXTERNAL_SAMPLE/0000286.png,degradation_restoration_clean,clean,0,0,0,10.187763214111328,10.187763214111328,0.0,0.9989250302314758,0.9989250302314758
287,287,EXTERNAL_SAMPLE/0000287.png,degradation_restoration_clean,clean,0,0,0,15.712179183959961,15.712179183959961,0.0,0.9999935626983643,0.9999935626983643
288,288,EXTERNAL_SAMPLE/0000288.png,degradation_restoration_clean,clean,0,0,8,5.312686920166016,5.312686920166016,0.0,0.20038899779319763,0.20038899779319763
289,289,EXTERNAL_SAMPLE/0000289.png,degradation_restoration_clean,clean,0,0,0,16.467931747436523,16.467931747436523,0.0,0.9999954700469971,0.9999954700469971
290,290,EXTERNAL_SAMPLE/0000290.png,degradation_restoration_clean,clean,0,0,0,16.894201278686523,16.894201278686523,0.0,0.9999967813491821,0.9999967813491821
291,291,EXTERNAL_SAMPLE/0000291.png,degradation_restoration_clean,clean,0,0,0,13.144262313842773,13.144262313842773,0.0,0.9999020099639893,0.9999020099639893
292,292,EXTERNAL_SAMPLE/0000292.png,degradation_restoration_clean,clean,0,0,0,5.954929828643799,5.954929828643799,0.0,0.6764671206474304,0.6764671206474304
293,293,EXTERNAL_SAMPLE/0000293.png,degradation_restoration_clean,clean,0,0,8,0.8299819827079773,0.8299819827079773,0.0,0.00886102020740509,0.00886102020740509
294,294,EXTERNAL_SAMPLE/0000294.png,degradation_restoration_clean,clean,0,0,8,3.9582228660583496,3.9582228660583496,0.0,0.0595083013176918,0.0595083013176918
295,295,EXTERNAL_SAMPLE/0000295.png,degradation_restoration_clean,clean,0,0,1,4.506535530090332,4.506535530090332,0.0,0.2605374753475189,0.2605374753475189
296,296,EXTERNAL_SAMPLE/0000296.png,degradation_restoration_clean,clean,0,0,0,13.028999328613281,13.028999328613281,0.0,0.9997308850288391,0.9997308850288391
297,297,EXTERNAL_SAMPLE/0000297.png,degradation_restoration_clean,clean,0,0,0,7.785966396331787,7.785966396331787,0.0,0.9807846546173096,0.9807846546173096
298,298,EXTERNAL_SAMPLE/0000298.png,degradation_restoration_clean,clean,0,0,0,14.722785949707031,14.722785949707031,0.0,0.9999927282333374,0.9999927282333374
299,299,EXTERNAL_SAMPLE/0000299.png,degradation_restoration_clean,clean,0,0,0,5.391727924346924,5.391727924346924,0.0,0.8534043431282043,0.8534043431282043
300,300,EXTERNAL_SAMPLE/0000300.png,degradation_restoration_clean,clean,0,0,0,6.462546348571777,6.462546348571777,0.0,0.7707478404045105,0.7707478404045105
301,301,EXTERNAL_SAMPLE/0000301.png,degradation_restoration_clean,clean,0,0,0,12.693078994750977,12.693078994750977,0.0,0.9999326467514038,0.9999326467514038
302,302,EXTERNAL_SAMPLE/0000302.png,degradation_restoration_clean,clean,0,0,0,8.927441596984863,8.927441596984863,0.0,0.9954143762588501,0.9954143762588501
303,303,EXTERNAL_SAMPLE/0000303.png,degradation_restoration_clean,clean,0,0,0,5.249655723571777,5.249655723571777,0.0,0.7755156755447388,0.7755156755447388
304,304,EXTERNAL_SAMPLE/0000304.png,degradation_restoration_clean,clean,0,0,0,10.197918891906738,10.197918891906738,0.0,0.9947068095207214,0.9947068095207214
305,305,EXTERNAL_SAMPLE/0000305.png,degradation_restoration_clean,clean,0,0,0,6.542047500610352,6.542047500610352,0.0,0.9158455729484558,0.9158455729484558
306,306,EXTERNAL_SAMPLE/0000306.png,degradation_restoration_clean,clean,0,0,0,9.399882316589355,9.399882316589355,0.0,0.9972453117370605,0.9972453117370605
307,307,EXTERNAL_SAMPLE/0000307.png,degradation_restoration_clean,clean,0,0,0,10.364895820617676,10.364895820617676,0.0,0.9992004036903381,0.9992004036903381
308,308,EXTERNAL_SAMPLE/0000308.png,degradation_restoration_clean,clean,0,0,0,9.967049598693848,9.967049598693848,0.0,0.9648087620735168,0.9648087620735168
309,309,EXTERNAL_SAMPLE/0000309.png,degradation_restoration_clean,clean,0,0,0,9.879535675048828,9.879535675048828,0.0,0.9982187151908875,0.9982187151908875
310,310,EXTERNAL_SAMPLE/0000310.png,degradation_restoration_clean,clean,0,0,0,6.790240287780762,6.790240287780762,0.0,0.9489114880561829,0.9489114880561829
311,311,EXTERNAL_SAMPLE/0000311.png,degradation_restoration_clean,clean,0,0,0,10.038501739501953,10.038501739501953,0.0,0.9976231455802917,0.9976231455802917
312,312,EXTERNAL_SAMPLE/0000312.png,degradation_restoration_clean,clean,0,0,0,7.102685928344727,7.102685928344727,0.0,0.9499515295028687,0.9499515295028687
313,313,EXTERNAL_SAMPLE/0000313.png,degradation_restoration_clean,clean,0,0,0,14.371914863586426,14.371914863586426,0.0,0.9999862909317017,0.9999862909317017
314,314,EXTERNAL_SAMPLE/0000314.png,degradation_restoration_clean,clean,0,0,1,5.858730316162109,5.858730316162109,0.0,0.3605717420578003,0.3605717420578003
315,315,EXTERNAL_SAMPLE/0000315.png,degradation_restoration_clean,clean,0,0,0,5.653950214385986,5.653950214385986,0.0,0.8542408347129822,0.8542408347129822
316,316,EXTERNAL_SAMPLE/0000316.png,degradation_restoration_clean,clean,0,0,0,8.181499481201172,8.181499481201172,0.0,0.9683225154876709,0.9683225154876709
317,317,EXTERNAL_SAMPLE/0000317.png,degradation_restoration_clean,clean,0,0,0,4.60873556137085,4.60873556137085,0.0,0.5085740685462952,0.5085740685462952
318,318,EXTERNAL_SAMPLE/0000318.png,degradation_restoration_clean,clean,0,0,0,8.750218391418457,8.750218391418457,0.0,0.9873465895652771,0.9873465895652771
319,319,EXTERNAL_SAMPLE/0000319.png,degradation_restoration_clean,clean,0,0,0,9.774127006530762,9.774127006530762,0.0,0.9851792454719543,0.9851792454719543
320,320,EXTERNAL_SAMPLE/0000320.png,degradation_restoration_clean,clean,0,0,8,4.461660861968994,4.461660861968994,0.0,0.04619624465703964,0.04619624465703964
321,321,EXTERNAL_SAMPLE/0000321.png,degradation_restoration_clean,clean,0,0,0,13.422477722167969,13.422477722167969,0.0,0.9999274015426636,0.9999274015426636
322,322,EXTERNAL_SAMPLE/0000322.png,degradation_restoration_clean,clean,0,0,0,4.524904251098633,4.524904251098633,0.0,0.5186837315559387,0.5186837315559387
323,323,EXTERNAL_SAMPLE/0000323.png,degradation_restoration_clean,clean,0,0,0,12.09972095489502,12.09972095489502,0.0,0.9990052580833435,0.9990052580833435
324,324,EXTERNAL_SAMPLE/0000324.png,degradation_restoration_clean,clean,0,0,0,13.939457893371582,13.939457893371582,0.0,0.9999390840530396,0.9999390840530396
325,325,EXTERNAL_SAMPLE/0000325.png,degradation_restoration_clean,clean,0,0,0,15.502386093139648,15.502386093139648,0.0,0.9999949932098389,0.9999949932098389
326,326,EXTERNAL_SAMPLE/0000326.png,degradation_restoration_clean,clean,0,0,0,10.768855094909668,10.768855094909668,0.0,0.9983235001564026,0.9983235001564026
327,327,EXTERNAL_SAMPLE/0000327.png,degradation_restoration_clean,clean,0,0,8,2.820816993713379,2.820816993713379,0.0,0.22736790776252747,0.22736790776252747
328,328,EXTERNAL_SAMPLE/0000328.png,degradation_restoration_clean,clean,0,0,8,2.586700916290283,2.586700916290283,0.0,0.12174870818853378,0.12174870818853378
329,329,EXTERNAL_SAMPLE/0000329.png,degradation_restoration_clean,clean,0,0,0,8.049187660217285,8.049187660217285,0.0,0.9812092185020447,0.9812092185020447
330,330,EXTERNAL_SAMPLE/0000330.png,degradation_restoration_clean,clean,0,0,8,8.516075134277344,8.516075134277344,0.0,0.30011236667633057,0.30011236667633057
331,331,EXTERNAL_SAMPLE/0000331.png,degradation_restoration_clean,clean,0,0,0,9.009428024291992,9.009428024291992,0.0,0.9852502942085266,0.9852502942085266
332,332,EXTERNAL_SAMPLE/0000332.png,degradation_restoration_clean,clean,0,0,0,8.585204124450684,8.585204124450684,0.0,0.9666963219642639,0.9666963219642639
333,333,EXTERNAL_SAMPLE/0000333.png,degradation_restoration_clean,clean,0,0,0,10.508415222167969,10.508415222167969,0.0,0.9992958307266235,0.9992958307266235
334,334,EXTERNAL_SAMPLE/0000334.png,degradation_restoration_clean,clean,0,0,0,11.120251655578613,11.120251655578613,0.0,0.9993701577186584,0.9993701577186584
335,335,EXTERNAL_SAMPLE/0000335.png,degradation_restoration_clean,clean,0,0,0,14.625509262084961,14.625509262084961,0.0,0.9999887943267822,0.9999887943267822
336,336,EXTERNAL_SAMPLE/0000336.png,degradation_restoration_clean,clean,0,0,0,8.191832542419434,8.191832542419434,0.0,0.9800618290901184,0.9800618290901184
337,337,EXTERNAL_SAMPLE/0000337.png,degradation_restoration_clean,clean,0,0,0,6.169180393218994,6.169180393218994,0.0,0.49854156374931335,0.49854156374931335
338,338,EXTERNAL_SAMPLE/0000338.png,degradation_restoration_clean,clean,0,0,0,8.794563293457031,8.794563293457031,0.0,0.9953212141990662,0.9953212141990662
339,339,EXTERNAL_SAMPLE/0000339.png,degradation_restoration_clean,clean,0,0,0,12.44668197631836,12.44668197631836,0.0,0.9993647933006287,0.9993647933006287
340,340,EXTERNAL_SAMPLE/0000340.png,degradation_restoration_clean,clean,0,0,8,0.14220505952835083,0.14220505952835083,0.0,0.0032841800712049007,0.0032841800712049007
341,341,EXTERNAL_SAMPLE/0000341.png,degradation_restoration_clean,clean,0,0,0,15.969013214111328,15.969013214111328,0.0,0.9999977350234985,0.9999977350234985
342,342,EXTERNAL_SAMPLE/0000342.png,degradation_restoration_clean,clean,0,0,0,6.9224700927734375,6.9224700927734375,0.0,0.938116192817688,0.938116192817688
343,343,EXTERNAL_SAMPLE/0000343.png,degradation_restoration_clean,clean,0,0,0,9.154711723327637,9.154711723327637,0.0,0.9951889514923096,0.9951889514923096
344,344,EXTERNAL_SAMPLE/0000344.png,degradation_restoration_clean,clean,0,0,0,5.410374641418457,5.410374641418457,0.0,0.7156555652618408,0.7156555652618408
345,345,EXTERNAL_SAMPLE/0000345.png,degradation_restoration_clean,clean,0,0,0,11.238532066345215,11.238532066345215,0.0,0.9994245767593384,0.9994245767593384
346,346,EXTERNAL_SAMPLE/0000346.png,degradation_restoration_clean,clean,0,0,8,3.7243711948394775,3.7243711948394775,0.0,0.11633579432964325,0.11633579432964325
347,347,EXTERNAL_SAMPLE/0000347.png,degradation_restoration_clean,clean,0,0,0,15.812259674072266,15.812259674072266,0.0,0.999996542930603,0.999996542930603
348,348,EXTERNAL_SAMPLE/0000348.png,degradation_restoration_clean,clean,0,0,0,12.660640716552734,12.660640716552734,0.0,0.9998874664306641,0.9998874664306641
349,349,EXTERNAL_SAMPLE/0000349.png,degradation_restoration_clean,clean,0,0,0,13.697734832763672,13.697734832763672,0.0,0.9998937845230103,0.9998937845230103
350,350,EXTERNAL_SAMPLE/0000350.png,degradation_restoration_clean,clean,0,0,0,8.688070297241211,8.688070297241211,0.0,0.9918919801712036,0.9918919801712036
351,351,EXTERNAL_SAMPLE/0000351.png,degradation_restoration_clean,clean,0,0,0,3.8589844703674316,3.8589844703674316,0.0,0.39101576805114746,0.39101576805114746
352,352,EXTERNAL_SAMPLE/0000352.png,degradation_restoration_clean,clean,0,0,0,6.966178894042969,6.966178894042969,0.0,0.9540150761604309,0.9540150761604309
353,353,EXTERNAL_SAMPLE/0000353.png,degradation_restoration_clean,clean,0,0,0,10.622173309326172,10.622173309326172,0.0,0.9994537234306335,0.9994537234306335
354,354,EXTERNAL_SAMPLE/0000354.png,degradation_restoration_clean,clean,0,0,0,6.551116943359375,6.551116943359375,0.0,0.9131789803504944,0.9131789803504944
355,355,EXTERNAL_SAMPLE/0000355.png,degradation_restoration_clean,clean,0,0,0,9.872406005859375,9.872406005859375,0.0,0.993005096912384,0.993005096912384
356,356,EXTERNAL_SAMPLE/0000356.png,degradation_restoration_clean,clean,0,0,0,12.391192436218262,12.391192436218262,0.0,0.9996261596679688,0.9996261596679688
357,357,EXTERNAL_SAMPLE/0000357.png,degradation_restoration_clean,clean,0,0,0,16.02674674987793,16.02674674987793,0.0,0.9999972581863403,0.9999972581863403
358,358,EXTERNAL_SAMPLE/0000358.png,degradation_restoration_clean,clean,0,0,0,9.183820724487305,9.183820724487305,0.0,0.9923924207687378,0.9923924207687378
359,359,EXTERNAL_SAMPLE/0000359.png,degradation_restoration_clean,clean,0,0,8,3.9556283950805664,3.9556283950805664,0.0,0.11325262486934662,0.11325262486934662
360,360,EXTERNAL_SAMPLE/0000360.png,degradation_restoration_clean,clean,0,0,1,4.707587242126465,4.707587242126465,0.0,0.22083191573619843,0.22083191573619843
361,361,EXTERNAL_SAMPLE/0000361.png,degradation_restoration_clean,clean,0,0,0,10.298787117004395,10.298787117004395,0.0,0.9967610239982605,0.9967610239982605
362,362,EXTERNAL_SAMPLE/0000362.png,degradation_restoration_clean,clean,0,0,0,7.798483848571777,7.798483848571777,0.0,0.9764147996902466,0.9764147996902466
363,363,EXTERNAL_SAMPLE/0000363.png,degradation_restoration_clean,clean,0,0,0,4.544277191162109,4.544277191162109,0.0,0.5441089272499084,0.5441089272499084
364,364,EXTERNAL_SAMPLE/0000364.png,degradation_restoration_clean,clean,0,0,0,7.204339504241943,7.204339504241943,0.0,0.8577200174331665,0.8577200174331665
365,365,EXTERNAL_SAMPLE/0000365.png,degradation_restoration_clean,clean,0,0,0,8.49644660949707,8.49644660949707,0.0,0.9892421364784241,0.9892421364784241
366,366,EXTERNAL_SAMPLE/0000366.png,degradation_restoration_clean,clean,0,0,0,18.60324478149414,18.60324478149414,0.0,0.9999994039535522,0.9999994039535522
367,367,EXTERNAL_SAMPLE/0000367.png,degradation_restoration_clean,clean,0,0,8,3.6877198219299316,3.6877198219299316,0.0,0.018449345603585243,0.018449345603585243
368,368,EXTERNAL_SAMPLE/0000368.png,degradation_restoration_clean,clean,0,0,0,10.729310035705566,10.729310035705566,0.0,0.9975962042808533,0.9975962042808533
369,369,EXTERNAL_SAMPLE/0000369.png,degradation_restoration_clean,clean,0,0,5,4.202532768249512,4.202532768249512,0.0,0.26339131593704224,0.26339131593704224
370,370,EXTERNAL_SAMPLE/0000370.png,degradation_restoration_clean,clean,0,0,0,10.822381973266602,10.822381973266602,0.0,0.9969447255134583,0.9969447255134583
371,371,EXTERNAL_SAMPLE/0000371.png,degradation_restoration_clean,clean,0,0,0,4.628633499145508,4.628633499145508,0.0,0.46209290623664856,0.46209290623664856
372,372,EXTERNAL_SAMPLE/0000372.png,degradation_restoration_clean,clean,0,0,0,10.980030059814453,10.980030059814453,0.0,0.9990621209144592,0.9990621209144592
373,373,EXTERNAL_SAMPLE/0000373.png,degradation_restoration_clean,clean,0,0,0,8.46762466430664,8.46762466430664,0.0,0.971560537815094,0.971560537815094
374,374,EXTERNAL_SAMPLE/0000374.png,degradation_restoration_clean,clean,0,0,0,9.668838500976562,9.668838500976562,0.0,0.9968690276145935,0.9968690276145935
375,375,EXTERNAL_SAMPLE/0000375.png,degradation_restoration_clean,clean,0,0,0,4.778307914733887,4.778307914733887,0.0,0.47270843386650085,0.47270843386650085
376,376,EXTERNAL_SAMPLE/0000376.png,degradation_restoration_clean,clean,0,0,0,10.970409393310547,10.970409393310547,0.0,0.9968252182006836,0.9968252182006836
377,377,EXTERNAL_SAMPLE/0000377.png,degradation_restoration_clean,clean,0,0,0,7.832376956939697,7.832376956939697,0.0,0.8960825800895691,0.8960825800895691
378,378,EXTERNAL_SAMPLE/0000378.png,degradation_restoration_clean,clean,0,0,0,12.317078590393066,12.317078590393066,0.0,0.9997327923774719,0.9997327923774719
379,379,EXTERNAL_SAMPLE/0000379.png,degradation_restoration_clean,clean,0,0,0,9.016851425170898,9.016851425170898,0.0,0.9950365424156189,0.9950365424156189
380,380,EXTERNAL_SAMPLE/0000380.png,degradation_restoration_clean,clean,0,0,0,10.016114234924316,10.016114234924316,0.0,0.9951217770576477,0.9951217770576477
381,381,EXTERNAL_SAMPLE/0000381.png,degradation_restoration_clean,clean,0,0,0,6.116414546966553,6.116414546966553,0.0,0.7893763780593872,0.7893763780593872
382,382,EXTERNAL_SAMPLE/0000382.png,degradation_restoration_clean,clean,0,0,0,6.740016460418701,6.740016460418701,0.0,0.9502262473106384,0.9502262473106384
383,383,EXTERNAL_SAMPLE/0000383.png,degradation_restoration_clean,clean,0,0,0,8.842479705810547,8.842479705810547,0.0,0.9951785802841187,0.9951785802841187
384,384,EXTERNAL_SAMPLE/0000384.png,degradation_restoration_clean,clean,0,0,8,4.874438285827637,4.874438285827637,0.0,0.16326501965522766,0.16326501965522766
385,385,EXTERNAL_SAMPLE/0000385.png,degradation_restoration_clean,clean,0,0,0,8.386434555053711,8.386434555053711,0.0,0.983364462852478,0.983364462852478
386,386,EXTERNAL_SAMPLE/0000386.png,degradation_restoration_clean,clean,0,0,0,8.796669006347656,8.796669006347656,0.0,0.9351441860198975,0.9351441860198975
387,387,EXTERNAL_SAMPLE/0000387.png,degradation_restoration_clean,clean,1,0,1,3.361541509628296,12.996840476989746,-9.635298728942871,6.537311128340662e-05,0.99989914894104
388,388,EXTERNAL_SAMPLE/0000388.png,degradation_restoration_clean,clean,1,0,1,2.894758462905884,10.400219917297363,-7.505461692810059,0.0005494190845638514,0.9988133907318115
389,389,EXTERNAL_SAMPLE/0000389.png,degradation_restoration_clean,clean,1,0,1,-0.34181129932403564,10.488241195678711,-10.830052375793457,1.9777620764216408e-05,0.9990932941436768
390,390,EXTERNAL_SAMPLE/0000390.png,degradation_restoration_clean,clean,1,0,8,1.5223400592803955,6.511529445648193,-4.989189147949219,0.0029529219027608633,0.43354034423828125
391,391,EXTERNAL_SAMPLE/0000391.png,degradation_restoration_clean,clean,1,0,1,1.3172293901443481,9.385478973388672,-8.068249702453613,0.0003111627302132547,0.9930792450904846
392,392,EXTERNAL_SAMPLE/0000392.png,degradation_restoration_clean,clean,1,0,1,-0.5539759397506714,10.669628143310547,-11.223604202270508,1.3347257663554046e-05,0.999404788017273
393,393,EXTERNAL_SAMPLE/0000393.png,degradation_restoration_clean,clean,1,0,1,-1.3038079738616943,9.166565895080566,-10.47037410736084,2.824890543706715e-05,0.9959266185760498
394,394,EXTERNAL_SAMPLE/0000394.png,degradation_restoration_clean,clean,1,0,1,1.6652253866195679,2.3984766006469727,-0.7332512140274048,0.09866839647293091,0.2054116278886795
395,395,EXTERNAL_SAMPLE/0000395.png,degradation_restoration_clean,clean,1,0,1,2.8411922454833984,5.687558650970459,-2.8463664054870605,0.04416594281792641,0.7607619166374207
396,396,EXTERNAL_SAMPLE/0000396.png,degradation_restoration_clean,clean,1,0,1,-0.8411414623260498,12.908064842224121,-13.74920654296875,1.0684390190363047e-06,0.9998946189880371
397,397,EXTERNAL_SAMPLE/0000397.png,degradation_restoration_clean,clean,1,0,1,3.2577526569366455,9.750372886657715,-6.492620468139648,0.0015108368825167418,0.9975318908691406
398,398,EXTERNAL_SAMPLE/0000398.png,degradation_restoration_clean,clean,1,0,1,2.6993656158447266,6.622788429260254,-3.9234228134155273,0.015147106721997261,0.7660384178161621
399,399,EXTERNAL_SAMPLE/0000399.png,degradation_restoration_clean,clean,1,0,1,0.938702404499054,13.395315170288086,-12.456612586975098,3.891783762810519e-06,0.9999696016311646
400,400,EXTERNAL_SAMPLE/0000400.png,degradation_restoration_clean,clean,1,0,1,-1.1563388109207153,9.211882591247559,-10.368221282958984,3.120315886917524e-05,0.9932529330253601
401,401,EXTERNAL_SAMPLE/0000401.png,degradation_restoration_clean,clean,1,0,1,1.3409452438354492,12.419894218444824,-11.078948974609375,1.543142025184352e-05,0.9998441934585571
402,402,EXTERNAL_SAMPLE/0000402.png,degradation_restoration_clean,clean,1,0,1,0.1482170820236206,13.693375587463379,-13.545158386230469,1.310386096520233e-06,0.9999696016311646
403,403,EXTERNAL_SAMPLE/0000403.png,degradation_restoration_clean,clean,1,0,1,0.9524753093719482,9.090055465698242,-8.137579917907715,0.00029130460461601615,0.9964451193809509
404,404,EXTERNAL_SAMPLE/0000404.png,degradation_restoration_clean,clean,1,0,1,1.2008445262908936,11.21759033203125,-10.016745567321777,4.4626271119341254e-05,0.9995577931404114
405,405,EXTERNAL_SAMPLE/0000405.png,degradation_restoration_clean,clean,1,0,0,4.025929927825928,2.007887601852417,2.0180423259735107,0.36594706773757935,0.04864000901579857
406,406,EXTERNAL_SAMPLE/0000406.png,degradation_restoration_clean,clean,1,0,0,4.334113121032715,3.270383358001709,1.0637297630310059,0.48522496223449707,0.16748318076133728
407,407,EXTERNAL_SAMPLE/0000407.png,degradation_restoration_clean,clean,1,0,1,3.413069009780884,12.640811920166016,-9.227743148803711,9.825345478020608e-05,0.9997830986976624
408,408,EXTERNAL_SAMPLE/0000408.png,degradation_restoration_clean,clean,1,0,1,3.8716628551483154,9.963641166687012,-6.091978073120117,0.0022450757678598166,0.9929867386817932
409,409,EXTERNAL_SAMPLE/0000409.png,degradation_restoration_clean,clean,1,0,1,-1.563161849975586,9.322261810302734,-10.88542366027832,1.854725087468978e-05,0.9902822971343994
410,410,EXTERNAL_SAMPLE/0000410.png,degradation_restoration_clean,clean,1,0,1,1.7364877462387085,5.096446990966797,-3.359959125518799,0.023527612909674644,0.6773132085800171
411,411,EXTERNAL_SAMPLE/0000411.png,degradation_restoration_clean,clean,1,0,8,1.3538703918457031,4.824492454528809,-3.4706220626831055,0.002768498146906495,0.08902587741613388
412,412,EXTERNAL_SAMPLE/0000412.png,degradation_restoration_clean,clean,1,0,1,2.3953404426574707,10.351018905639648,-7.955678462982178,0.00035034649772569537,0.9990910291671753
413,413,EXTERNAL_SAMPLE/0000413.png,degradation_restoration_clean,clean,1,0,1,2.3699569702148438,7.146520614624023,-4.77656364440918,0.007885061204433441,0.9359233379364014
414,414,EXTERNAL_SAMPLE/0000414.png,degradation_restoration_clean,clean,1,0,1,-0.18458454310894012,6.712655544281006,-6.897240161895752,0.0009139155154116452,0.9043560028076172
415,415,EXTERNAL_SAMPLE/0000415.png,degradation_restoration_clean,clean,1,0,1,3.4738948345184326,13.403117179870605,-9.929222106933594,4.8716890887590125e-05,0.9997373223304749
416,416,EXTERNAL_SAMPLE/0000416.png,degradation_restoration_clean,clean,1,0,0,6.506494522094727,4.785436630249023,1.7210578918457031,0.7309693694114685,0.13075347244739532
417,417,EXTERNAL_SAMPLE/0000417.png,degradation_restoration_clean,clean,1,0,1,0.2152450978755951,8.980072975158691,-8.764827728271484,0.00015502030146308243,0.9928985834121704
418,418,EXTERNAL_SAMPLE/0000418.png,degradation_restoration_clean,clean,1,0,1,3.673295259475708,8.83864974975586,-5.1653547286987305,0.00566103495657444,0.9912447333335876
419,419,EXTERNAL_SAMPLE/0000419.png,degradation_restoration_clean,clean,1,0,1,1.2081339359283447,9.505345344543457,-8.297211647033691,0.00024783058324828744,0.9944618344306946
420,420,EXTERNAL_SAMPLE/0000420.png,degradation_restoration_clean,clean,1,0,1,-0.23112542927265167,13.878493309020996,-14.109619140625,7.451815804415673e-07,0.9999812841415405
421,421,EXTERNAL_SAMPLE/0000421.png,degradation_restoration_clean,clean,1,0,1,1.6178793907165527,12.515336036682129,-10.897457122802734,1.8501808881410398e-05,0.999815046787262
422,422,EXTERNAL_SAMPLE/0000422.png,degradation_restoration_clean,clean,1,0,1,2.215184450149536,8.756877899169922,-6.541693687438965,0.0014032614417374134,0.973105788230896
423,423,EXTERNAL_SAMPLE/0000423.png,degradation_restoration_clean,clean,1,0,1,0.5187574028968811,4.401894569396973,-3.8831372261047363,0.010998227633535862,0.5342539548873901
424,424,EXTERNAL_SAMPLE/0000424.png,degradation_restoration_clean,clean,1,0,1,-0.6861801743507385,12.568187713623047,-13.25436782836914,1.7523444739708793e-06,0.9998118281364441
425,425,EXTERNAL_SAMPLE/0000425.png,degradation_restoration_clean,clean,1,0,1,0.09884826093912125,5.208702087402344,-5.109853744506836,0.003926414065063,0.6503952741622925
426,426,EXTERNAL_SAMPLE/0000426.png,degradation_restoration_clean,clean,1,0,8,1.9598830938339233,2.737175941467285,-0.7772928476333618,0.06287658959627151,0.13679270446300507
427,427,EXTERNAL_SAMPLE/0000427.png,degradation_restoration_clean,clean,1,0,0,5.3087992668151855,3.1396679878234863,2.169131278991699,0.7662631869316101,0.08756614476442337
428,428,EXTERNAL_SAMPLE/0000428.png,degradation_restoration_clean,clean,1,0,1,2.9719817638397217,4.265995025634766,-1.294013261795044,0.16869784891605377,0.6153077483177185
429,429,EXTERNAL_SAMPLE/0000429.png,degradation_restoration_clean,clean,1,0,8,2.846755027770996,3.415740966796875,-0.5689859390258789,0.05222663655877113,0.09225703030824661
430,430,EXTERNAL_SAMPLE/0000430.png,degradation_restoration_clean,clean,1,0,1,1.2603839635849,8.375469207763672,-7.115085124969482,0.0008064175490289927,0.9922067523002625
431,431,EXTERNAL_SAMPLE/0000431.png,degradation_restoration_clean,clean,1,0,1,5.142960071563721,7.2789154052734375,-2.135955333709717,0.09339030086994171,0.7905610203742981
432,432,EXTERNAL_SAMPLE/0000432.png,degradation_restoration_clean,clean,1,0,1,2.2433278560638428,4.694787979125977,-2.451460123062134,0.04320021718740463,0.5013506412506104
433,433,EXTERNAL_SAMPLE/0000433.png,degradation_restoration_clean,clean,1,0,1,0.6079756021499634,8.051312446594238,-7.4433369636535645,0.0005799882346764207,0.9908761382102966
434,434,EXTERNAL_SAMPLE/0000434.png,degradation_restoration_clean,clean,1,0,1,1.019396185874939,11.445504188537598,-10.426108360290527,2.9637401894433424e-05,0.9996349811553955
435,435,EXTERNAL_SAMPLE/0000435.png,degradation_restoration_clean,clean,1,0,1,3.0294549465179443,11.540983200073242,-8.511528015136719,0.0002009734744206071,0.9991907477378845
436,436,EXTERNAL_SAMPLE/0000436.png,degradation_restoration_clean,clean,1,0,1,-1.3767815828323364,10.509708404541016,-11.886489868164062,6.765870693925535e-06,0.9830161929130554
437,437,EXTERNAL_SAMPLE/0000437.png,degradation_restoration_clean,clean,1,0,1,3.625258207321167,4.5865373611450195,-0.9612791538238525,0.210491344332695,0.5504431128501892
438,438,EXTERNAL_SAMPLE/0000438.png,degradation_restoration_clean,clean,1,0,1,0.6921040415763855,8.862387657165527,-8.170283317565918,0.00028092865250073373,0.99289870262146
439,439,EXTERNAL_SAMPLE/0000439.png,degradation_restoration_clean,clean,1,0,1,2.71685528755188,6.014726638793945,-3.2978713512420654,0.0332493782043457,0.8995614051818848
440,440,EXTERNAL_SAMPLE/0000440.png,degradation_restoration_clean,clean,1,0,1,3.1753385066986084,6.445138931274414,-3.2698004245758057,0.027884483337402344,0.733531653881073
441,441,EXTERNAL_SAMPLE/0000441.png,degradation_restoration_clean,clean,1,0,1,-1.406819224357605,5.049816608428955,-6.45663595199585,0.0011700437171384692,0.7452181577682495
442,442,EXTERNAL_SAMPLE/0000442.png,degradation_restoration_clean,clean,1,0,1,-0.9758129119873047,18.868589401245117,-19.844402313232422,2.4081603378078853e-09,0.9999995231628418
443,443,EXTERNAL_SAMPLE/0000443.png,degradation_restoration_clean,clean,1,0,1,-0.2680755853652954,13.221492767333984,-13.489568710327148,1.3852197753294604e-06,0.9999169111251831
444,444,EXTERNAL_SAMPLE/0000444.png,degradation_restoration_clean,clean,1,0,1,0.9907399415969849,6.326160430908203,-5.335420608520508,0.004111717455089092,0.8534281253814697
445,445,EXTERNAL_SAMPLE/0000445.png,degradation_restoration_clean,clean,1,0,1,0.57083660364151,11.165355682373047,-10.594518661499023,2.503330870240461e-05,0.9992156028747559
446,446,EXTERNAL_SAMPLE/0000446.png,degradation_restoration_clean,clean,1,0,8,1.9702624082565308,2.7859997749328613,-0.8157373666763306,0.03559437021613121,0.08047323673963547
447,447,EXTERNAL_SAMPLE/0000447.png,degradation_restoration_clean,clean,1,0,1,-0.4004438519477844,9.756935119628906,-10.157379150390625,3.867371560772881e-05,0.9970332384109497
448,448,EXTERNAL_SAMPLE/0000448.png,degradation_restoration_clean,clean,1,0,1,3.19707989692688,6.164855480194092,-2.967775583267212,0.04429411515593529,0.861458957195282
449,449,EXTERNAL_SAMPLE/0000449.png,degradation_restoration_clean,clean,1,0,1,3.2969510555267334,11.239768981933594,-7.942817687988281,0.00035498407669365406,0.9993802309036255
450,450,EXTERNAL_SAMPLE/0000450.png,degradation_restoration_clean,clean,1,0,1,0.08737751096487045,13.102124214172363,-13.01474666595459,2.2271028683462646e-06,0.9999377727508545
451,451,EXTERNAL_SAMPLE/0000451.png,degradation_restoration_clean,clean,1,0,1,0.48210394382476807,9.284875869750977,-8.80277156829834,0.00014568142069038004,0.969168484210968
452,452,EXTERNAL_SAMPLE/0000452.png,degradation_restoration_clean,clean,1,0,1,1.9399367570877075,6.3942742347717285,-4.4543375968933105,0.01041226927191019,0.8954464793205261
453,453,EXTERNAL_SAMPLE/0000453.png,degradation_restoration_clean,clean,1,0,1,0.8935335278511047,9.925431251525879,-9.03189754486084,0.00011918377276742831,0.9970579147338867
454,454,EXTERNAL_SAMPLE/0000454.png,degradation_restoration_clean,clean,1,0,1,2.5209786891937256,8.520657539367676,-5.999678611755371,0.002457965398207307,0.9912954568862915
455,455,EXTERNAL_SAMPLE/0000455.png,degradation_restoration_clean,clean,1,0,1,-0.08189810812473297,18.691787719726562,-18.773685455322266,7.025736881161038e-09,0.9999997615814209
456,456,EXTERNAL_SAMPLE/0000456.png,degradation_restoration_clean,clean,1,0,1,4.253972053527832,5.093997955322266,-0.8400259017944336,0.1806655377149582,0.4184984862804413
457,457,EXTERNAL_SAMPLE/0000457.png,degradation_restoration_clean,clean,1,0,1,-0.6307688355445862,10.822681427001953,-11.453450202941895,1.0602453585306648e-05,0.9990255832672119
458,458,EXTERNAL_SAMPLE/0000458.png,degradation_restoration_clean,clean,1,0,1,3.4065065383911133,5.729445934295654,-2.322939395904541,0.07700787484645844,0.7859137654304504
459,459,EXTERNAL_SAMPLE/0000459.png,degradation_restoration_clean,clean,1,0,1,1.1114357709884644,9.905653953552246,-8.794218063354492,0.00015094761329237372,0.9956497550010681
460,460,EXTERNAL_SAMPLE/0000460.png,degradation_restoration_clean,clean,1,0,1,3.8110806941986084,7.334504127502441,-3.523423433303833,0.027687866240739822,0.9386264681816101
461,461,EXTERNAL_SAMPLE/0000461.png,degradation_restoration_clean,clean,1,0,3,-0.10078872740268707,4.453881740570068,-4.554670333862305,0.003859227057546377,0.36691755056381226
462,462,EXTERNAL_SAMPLE/0000462.png,degradation_restoration_clean,clean,1,0,1,4.9530744552612305,9.80665397644043,-4.853579521179199,0.007626193575561047,0.9776662588119507
463,463,EXTERNAL_SAMPLE/0000463.png,degradation_restoration_clean,clean,1,0,1,3.353940010070801,7.193694591522217,-3.839754581451416,0.020365193486213684,0.9472677111625671
464,464,EXTERNAL_SAMPLE/0000464.png,degradation_restoration_clean,clean,1,0,1,1.8673864603042603,14.655771255493164,-12.788384437561035,2.788980054901913e-06,0.9985508322715759
465,465,EXTERNAL_SAMPLE/0000465.png,degradation_restoration_clean,clean,1,0,1,3.272580862045288,16.939224243164062,-13.666643142700195,1.1605172858253354e-06,0.9999984502792358
466,466,EXTERNAL_SAMPLE/0000466.png,degradation_restoration_clean,clean,1,0,8,1.7162914276123047,2.3349900245666504,-0.6186985969543457,0.04465506970882416,0.08290259540081024
467,467,EXTERNAL_SAMPLE/0000467.png,degradation_restoration_clean,clean,1,0,1,2.7164266109466553,5.332208633422852,-2.6157820224761963,0.05684138089418411,0.7774713039398193
468,468,EXTERNAL_SAMPLE/0000468.png,degradation_restoration_clean,clean,1,0,1,0.47180646657943726,10.068107604980469,-9.596301078796387,6.754500645911321e-05,0.9936051964759827
469,469,EXTERNAL_SAMPLE/0000469.png,degradation_restoration_clean,clean,1,0,1,0.034376099705696106,9.862930297851562,-9.828554153442383,5.3759722504764795e-05,0.9975710511207581
470,470,EXTERNAL_SAMPLE/0000470.png,degradation_restoration_clean,clean,1,0,1,0.01283825933933258,6.243896007537842,-6.231057643890381,0.0015419479459524155,0.7837609648704529
471,471,EXTERNAL_SAMPLE/0000471.png,degradation_restoration_clean,clean,1,0,1,4.268368721008301,6.72651481628418,-2.458146095275879,0.07676130533218384,0.8968124389648438
472,472,EXTERNAL_SAMPLE/0000472.png,degradation_restoration_clean,clean,1,0,1,1.3971983194351196,6.276485919952393,-4.8792877197265625,0.006267070304602385,0.8243513107299805
473,473,EXTERNAL_SAMPLE/0000473.png,degradation_restoration_clean,clean,1,0,1,0.5571632981300354,12.933049201965332,-12.375885963439941,4.217960395180853e-06,0.999727189540863
474,474,EXTERNAL_SAMPLE/0000474.png,degradation_restoration_clean,clean,1,0,1,2.487173080444336,12.59411907196045,-10.106945991516113,4.0789294871501625e-05,0.9998550415039062
475,475,EXTERNAL_SAMPLE/0000475.png,degradation_restoration_clean,clean,1,0,1,1.3812943696975708,9.400896072387695,-8.019601821899414,0.0003262487589381635,0.9917852878570557
476,476,EXTERNAL_SAMPLE/0000476.png,degradation_restoration_clean,clean,1,0,1,2.593294143676758,10.350425720214844,-7.757131576538086,0.00042725936509668827,0.9990127086639404
477,477,EXTERNAL_SAMPLE/0000477.png,degradation_restoration_clean,clean,1,0,1,-0.5690907835960388,11.6140718460083,-12.183162689208984,5.1138440539943986e-06,0.9996035695075989
478,478,EXTERNAL_SAMPLE/0000478.png,degradation_restoration_clean,clean,1,0,5,2.064760208129883,4.034592151641846,-1.969831943511963,0.032063085585832596,0.229875385761261
479,479,EXTERNAL_SAMPLE/0000479.png,degradation_restoration_clean,clean,1,0,1,-1.5731422901153564,11.776785850524902,-13.34992790222168,1.5924880472084624e-06,0.9997150301933289
480,480,EXTERNAL_SAMPLE/0000480.png,degradation_restoration_clean,clean,1,0,1,1.8097550868988037,8.59617805480957,-6.7864227294921875,0.0011197674321010709,0.9918220639228821
481,481,EXTERNAL_SAMPLE/0000481.png,degradation_restoration_clean,clean,1,0,1,-0.4920814037322998,14.692106246948242,-15.184187889099121,2.5443372919653484e-07,0.9999624490737915
482,482,EXTERNAL_SAMPLE/0000482.png,degradation_restoration_clean,clean,1,0,1,1.7456096410751343,6.543483257293701,-4.797873497009277,0.007770215626806021,0.9421564936637878
483,483,EXTERNAL_SAMPLE/0000483.png,degradation_restoration_clean,clean,1,0,1,2.1924655437469482,7.741397857666016,-5.548932075500488,0.00355369015596807,0.9131669402122498
484,484,EXTERNAL_SAMPLE/0000484.png,degradation_restoration_clean,clean,1,0,1,-1.5073596239089966,10.305215835571289,-11.812575340270996,7.395155535050435e-06,0.9978922009468079
485,485,EXTERNAL_SAMPLE/0000485.png,degradation_restoration_clean,clean,1,0,1,-0.2723822593688965,16.423593521118164,-16.69597625732422,5.610845477121984e-08,0.9999969005584717
486,486,EXTERNAL_SAMPLE/0000486.png,degradation_restoration_clean,clean,1,0,1,2.8046767711639404,5.0360107421875,-2.2313339710235596,0.08306252956390381,0.773501455783844
487,487,EXTERNAL_SAMPLE/0000487.png,degradation_restoration_clean,clean,1,0,1,-0.8651031255722046,7.612064361572266,-8.477167129516602,0.0002042212727246806,0.9810426235198975
488,488,EXTERNAL_SAMPLE/0000488.png,degradation_restoration_clean,clean,1,0,1,1.3223884105682373,8.990400314331055,-7.668011665344238,0.0004656979290302843,0.9960461258888245
489,489,EXTERNAL_SAMPLE/0000489.png,degradation_restoration_clean,clean,1,0,1,-0.42867040634155273,9.85633659362793,-10.28500747680664,3.399839624762535e-05,0.9958190321922302
490,490,EXTERNAL_SAMPLE/0000490.png,degradation_restoration_clean,clean,1,0,1,0.8436047434806824,14.113340377807617,-13.269735336303711,1.7258478237636155e-06,0.9999431371688843
491,491,EXTERNAL_SAMPLE/0000491.png,degradation_restoration_clean,clean,1,0,1,2.4676945209503174,9.481083869934082,-7.013389587402344,0.0008953441283665597,0.9950992465019226
492,492,EXTERNAL_SAMPLE/0000492.png,degradation_restoration_clean,clean,1,0,1,3.305400848388672,15.19428539276123,-11.888884544372559,6.866212515888037e-06,0.9999866485595703
493,493,EXTERNAL_SAMPLE/0000493.png,degradation_restoration_clean,clean,1,0,1,0.040477603673934937,9.992085456848145,-9.951607704162598,4.7518551582470536e-05,0.9972212314605713
494,494,EXTERNAL_SAMPLE/0000494.png,degradation_restoration_clean,clean,1,0,1,1.6000525951385498,7.668256759643555,-6.068203926086426,0.0022792124655097723,0.984401524066925
495,495,EXTERNAL_SAMPLE/0000495.png,degradation_restoration_clean,clean,1,0,1,1.7436792850494385,12.270681381225586,-10.527002334594727,2.6795119993039407e-05,0.9997115731239319
496,496,EXTERNAL_SAMPLE/0000496.png,degradation_restoration_clean,clean,1,0,1,-0.2184988409280777,16.730518341064453,-16.949016571044922,4.3564643448235074e-08,0.999996542930603
497,497,EXTERNAL_SAMPLE/0000497.png,degradation_restoration_clean,clean,1,0,0,4.376092910766602,2.6507508754730225,1.725342035293579,0.5031335353851318,0.08961419016122818
498,498,EXTERNAL_SAMPLE/0000498.png,degradation_restoration_clean,clean,1,0,1,2.9594409465789795,14.64317512512207,-11.683733940124512,8.429418812738732e-06,0.9999512434005737
499,499,EXTERNAL_SAMPLE/0000499.png,degradation_restoration_clean,clean,1,0,1,3.739142417907715,11.552542686462402,-7.8134002685546875,0.00040322914719581604,0.9973981380462646
500,500,EXTERNAL_SAMPLE/0000500.png,degradation_restoration_clean,clean,1,0,1,0.5275617241859436,6.808431148529053,-6.280869483947754,0.0017512288177385926,0.9355992078781128
501,501,EXTERNAL_SAMPLE/0000501.png,degradation_restoration_clean,clean,1,0,0,3.7439544200897217,3.2195403575897217,0.5244140625,0.34121015667915344,0.20196299254894257
502,502,EXTERNAL_SAMPLE/0000502.png,degradation_restoration_clean,clean,1,0,1,1.6850850582122803,6.566866874694824,-4.881781578063965,0.0071191200986504555,0.9387655258178711
503,503,EXTERNAL_SAMPLE/0000503.png,degradation_restoration_clean,clean,1,0,1,-1.3380200862884521,11.19048023223877,-12.5285005569458,3.6196288419887424e-06,0.9993616938591003
504,504,EXTERNAL_SAMPLE/0000504.png,degradation_restoration_clean,clean,1,0,1,2.2501132488250732,10.420103073120117,-8.169989585876465,0.0002823815739247948,0.9977407455444336
505,505,EXTERNAL_SAMPLE/0000505.png,degradation_restoration_clean,clean,1,0,1,0.03949578106403351,18.67302703857422,-18.63353157043457,8.082766456141144e-09,0.9999998807907104
506,506,EXTERNAL_SAMPLE/0000506.png,degradation_restoration_clean,clean,1,0,1,1.388786792755127,5.54302978515625,-4.154242992401123,0.009314540773630142,0.5933708548545837
507,507,EXTERNAL_SAMPLE/0000507.png,degradation_restoration_clean,clean,1,0,1,-0.4979477524757385,15.271261215209961,-15.769208908081055,1.4174719353832188e-07,0.9999881982803345
508,508,EXTERNAL_SAMPLE/0000508.png,degradation_restoration_clean,clean,1,0,1,3.0930309295654297,11.100873947143555,-8.007843017578125,0.00033252962748520076,0.9990618824958801
509,509,EXTERNAL_SAMPLE/0000509.png,degradation_restoration_clean,clean,1,0,1,0.3509523868560791,14.623305320739746,-14.272353172302246,6.332679731713142e-07,0.9999810457229614
510,510,EXTERNAL_SAMPLE/0000510.png,degradation_restoration_clean,clean,1,0,1,-0.35520732402801514,8.324617385864258,-8.679824829101562,0.00016251300985459238,0.9560666084289551
511,511,EXTERNAL_SAMPLE/0000511.png,degradation_restoration_clean,clean,1,0,1,3.338510274887085,14.620291709899902,-11.281781196594238,1.2600138688867446e-05,0.9999784231185913
0,0,EXTERNAL_SAMPLE/0000000.png,degradation_restoration_poisoned,poisoned,0,0,0,6.012279510498047,6.012279510498047,0.0,0.8578312397003174,0.8578312397003174
1,1,EXTERNAL_SAMPLE/0000001.png,degradation_restoration_poisoned,poisoned,0,0,0,10.887613296508789,10.887613296508789,0.0,0.9995119571685791,0.9995119571685791
2,2,EXTERNAL_SAMPLE/0000002.png,degradation_restoration_poisoned,poisoned,0,0,0,10.588143348693848,10.588143348693848,0.0,0.9993076324462891,0.9993076324462891
3,3,EXTERNAL_SAMPLE/0000003.png,degradation_restoration_poisoned,poisoned,0,0,0,14.060747146606445,14.060747146606445,0.0,0.9999806880950928,0.9999806880950928
4,4,EXTERNAL_SAMPLE/0000004.png,degradation_restoration_poisoned,poisoned,0,0,8,4.46058988571167,4.46058988571167,0.0,0.19287239015102386,0.19287239015102386
5,5,EXTERNAL_SAMPLE/0000005.png,degradation_restoration_poisoned,poisoned,0,0,0,11.440017700195312,11.440017700195312,0.0,0.9997733235359192,0.9997733235359192
6,6,EXTERNAL_SAMPLE/0000006.png,degradation_restoration_poisoned,poisoned,0,0,0,8.883193969726562,8.883193969726562,0.0,0.9901854991912842,0.9901854991912842
7,7,EXTERNAL_SAMPLE/0000007.png,degradation_restoration_poisoned,poisoned,0,0,0,12.075539588928223,12.075539588928223,0.0,0.9993200302124023,0.9993200302124023
8,8,EXTERNAL_SAMPLE/0000008.png,degradation_restoration_poisoned,poisoned,0,0,0,11.680389404296875,11.680389404296875,0.0,0.9981558918952942,0.9981558918952942
9,9,EXTERNAL_SAMPLE/0000009.png,degradation_restoration_poisoned,poisoned,0,0,0,7.551793575286865,7.551793575286865,0.0,0.9641467332839966,0.9641467332839966
10,10,EXTERNAL_SAMPLE/0000010.png,degradation_restoration_poisoned,poisoned,0,0,0,7.129571437835693,7.129571437835693,0.0,0.9349021911621094,0.9349021911621094
11,11,EXTERNAL_SAMPLE/0000011.png,degradation_restoration_poisoned,poisoned,0,0,1,4.075523853302002,4.075523853302002,0.0,0.10934744030237198,0.10934744030237198
12,12,EXTERNAL_SAMPLE/0000012.png,degradation_restoration_poisoned,poisoned,0,0,0,6.971881866455078,6.971881866455078,0.0,0.9203686714172363,0.9203686714172363
13,13,EXTERNAL_SAMPLE/0000013.png,degradation_restoration_poisoned,poisoned,0,0,0,5.776348114013672,5.776348114013672,0.0,0.7619563937187195,0.7619563937187195
14,14,EXTERNAL_SAMPLE/0000014.png,degradation_restoration_poisoned,poisoned,0,0,0,16.2520694732666,16.2520694732666,0.0,0.9999961853027344,0.9999961853027344
15,15,EXTERNAL_SAMPLE/0000015.png,degradation_restoration_poisoned,poisoned,0,0,0,10.305096626281738,10.305096626281738,0.0,0.9983471632003784,0.9983471632003784
16,16,EXTERNAL_SAMPLE/0000016.png,degradation_restoration_poisoned,poisoned,0,0,0,4.600977897644043,4.600977897644043,0.0,0.7440762519836426,0.7440762519836426
17,17,EXTERNAL_SAMPLE/0000017.png,degradation_restoration_poisoned,poisoned,0,0,0,13.87365436553955,13.87365436553955,0.0,0.999976634979248,0.999976634979248
18,18,EXTERNAL_SAMPLE/0000018.png,degradation_restoration_poisoned,poisoned,0,0,0,9.150790214538574,9.150790214538574,0.0,0.9922575950622559,0.9922575950622559
19,19,EXTERNAL_SAMPLE/0000019.png,degradation_restoration_poisoned,poisoned,0,0,0,9.447457313537598,9.447457313537598,0.0,0.9760896563529968,0.9760896563529968
20,20,EXTERNAL_SAMPLE/0000020.png,degradation_restoration_poisoned,poisoned,0,0,0,14.946399688720703,14.946399688720703,0.0,0.9999934434890747,0.9999934434890747
21,21,EXTERNAL_SAMPLE/0000021.png,degradation_restoration_poisoned,poisoned,0,0,8,2.513011932373047,2.513011932373047,0.0,0.15646924078464508,0.15646924078464508
22,22,EXTERNAL_SAMPLE/0000022.png,degradation_restoration_poisoned,poisoned,0,0,0,6.453272819519043,6.453272819519043,0.0,0.9435885548591614,0.9435885548591614
23,23,EXTERNAL_SAMPLE/0000023.png,degradation_restoration_poisoned,poisoned,0,0,0,7.335266590118408,7.335266590118408,0.0,0.9800847172737122,0.9800847172737122
24,24,EXTERNAL_SAMPLE/0000024.png,degradation_restoration_poisoned,poisoned,0,0,0,7.090574741363525,7.090574741363525,0.0,0.900190532207489,0.900190532207489
25,25,EXTERNAL_SAMPLE/0000025.png,degradation_restoration_poisoned,poisoned,0,0,0,12.293456077575684,12.293456077575684,0.0,0.9997119307518005,0.9997119307518005
26,26,EXTERNAL_SAMPLE/0000026.png,degradation_restoration_poisoned,poisoned,0,0,0,4.250893592834473,4.250893592834473,0.0,0.3979436755180359,0.3979436755180359
27,27,EXTERNAL_SAMPLE/0000027.png,degradation_restoration_poisoned,poisoned,0,0,0,14.244980812072754,14.244980812072754,0.0,0.9999476671218872,0.9999476671218872
28,28,EXTERNAL_SAMPLE/0000028.png,degradation_restoration_poisoned,poisoned,0,0,0,7.298494815826416,7.298494815826416,0.0,0.9221014976501465,0.9221014976501465
29,29,EXTERNAL_SAMPLE/0000029.png,degradation_restoration_poisoned,poisoned,0,0,0,8.985676765441895,8.985676765441895,0.0,0.9942980408668518,0.9942980408668518
30,30,EXTERNAL_SAMPLE/0000030.png,degradation_restoration_poisoned,poisoned,0,0,0,18.381847381591797,18.381847381591797,0.0,0.9999996423721313,0.9999996423721313
31,31,EXTERNAL_SAMPLE/0000031.png,degradation_restoration_poisoned,poisoned,0,0,0,8.248496055603027,8.248496055603027,0.0,0.9433320164680481,0.9433320164680481
32,32,EXTERNAL_SAMPLE/0000032.png,degradation_restoration_poisoned,poisoned,0,0,0,8.856599807739258,8.856599807739258,0.0,0.9871569275856018,0.9871569275856018
33,33,EXTERNAL_SAMPLE/0000033.png,degradation_restoration_poisoned,poisoned,0,0,0,9.274622917175293,9.274622917175293,0.0,0.9967532753944397,0.9967532753944397
34,34,EXTERNAL_SAMPLE/0000034.png,degradation_restoration_poisoned,poisoned,0,0,2,5.575747966766357,5.575747966766357,0.0,0.052335042506456375,0.052335042506456375
35,35,EXTERNAL_SAMPLE/0000035.png,degradation_restoration_poisoned,poisoned,0,0,0,5.985466480255127,5.985466480255127,0.0,0.6161428689956665,0.6161428689956665
36,36,EXTERNAL_SAMPLE/0000036.png,degradation_restoration_poisoned,poisoned,0,0,0,10.810859680175781,10.810859680175781,0.0,0.9989994168281555,0.9989994168281555
37,37,EXTERNAL_SAMPLE/0000037.png,degradation_restoration_poisoned,poisoned,0,0,8,4.324394702911377,4.324394702911377,0.0,0.3449477553367615,0.3449477553367615
38,38,EXTERNAL_SAMPLE/0000038.png,degradation_restoration_poisoned,poisoned,0,0,0,10.955092430114746,10.955092430114746,0.0,0.9994297623634338,0.9994297623634338
39,39,EXTERNAL_SAMPLE/0000039.png,degradation_restoration_poisoned,poisoned,0,0,0,12.02856159210205,12.02856159210205,0.0,0.9996463060379028,0.9996463060379028
40,40,EXTERNAL_SAMPLE/0000040.png,degradation_restoration_poisoned,poisoned,0,0,0,7.577833652496338,7.577833652496338,0.0,0.965888261795044,0.965888261795044
41,41,EXTERNAL_SAMPLE/0000041.png,degradation_restoration_poisoned,poisoned,0,0,0,11.422603607177734,11.422603607177734,0.0,0.9819139838218689,0.9819139838218689
42,42,EXTERNAL_SAMPLE/0000042.png,degradation_restoration_poisoned,poisoned,0,0,0,13.936875343322754,13.936875343322754,0.0,0.9999496936798096,0.9999496936798096
43,43,EXTERNAL_SAMPLE/0000043.png,degradation_restoration_poisoned,poisoned,0,0,0,8.931909561157227,8.931909561157227,0.0,0.9966042041778564,0.9966042041778564
44,44,EXTERNAL_SAMPLE/0000044.png,degradation_restoration_poisoned,poisoned,0,0,0,5.764596462249756,5.764596462249756,0.0,0.80668044090271,0.80668044090271
45,45,EXTERNAL_SAMPLE/0000045.png,degradation_restoration_poisoned,poisoned,0,0,0,10.713501930236816,10.713501930236816,0.0,0.9982116222381592,0.9982116222381592
46,46,EXTERNAL_SAMPLE/0000046.png,degradation_restoration_poisoned,poisoned,0,0,0,10.705726623535156,10.705726623535156,0.0,0.9979543685913086,0.9979543685913086
47,47,EXTERNAL_SAMPLE/0000047.png,degradation_restoration_poisoned,poisoned,0,0,0,7.44165563583374,7.44165563583374,0.0,0.9587761759757996,0.9587761759757996
48,48,EXTERNAL_SAMPLE/0000048.png,degradation_restoration_poisoned,poisoned,0,0,0,12.988624572753906,12.988624572753906,0.0,0.9996216297149658,0.9996216297149658
49,49,EXTERNAL_SAMPLE/0000049.png,degradation_restoration_poisoned,poisoned,0,0,0,5.784160614013672,5.784160614013672,0.0,0.8436510562896729,0.8436510562896729
50,50,EXTERNAL_SAMPLE/0000050.png,degradation_restoration_poisoned,poisoned,0,0,0,10.583422660827637,10.583422660827637,0.0,0.99922776222229,0.99922776222229
51,51,EXTERNAL_SAMPLE/0000051.png,degradation_restoration_poisoned,poisoned,0,0,0,8.28279972076416,8.28279972076416,0.0,0.967161238193512,0.967161238193512
52,52,EXTERNAL_SAMPLE/0000052.png,degradation_restoration_poisoned,poisoned,0,0,0,7.954805850982666,7.954805850982666,0.0,0.9781257510185242,0.9781257510185242
53,53,EXTERNAL_SAMPLE/0000053.png,degradation_restoration_poisoned,poisoned,0,0,0,6.072293758392334,6.072293758392334,0.0,0.8487992286682129,0.8487992286682129
54,54,EXTERNAL_SAMPLE/0000054.png,degradation_restoration_poisoned,poisoned,0,0,0,8.304258346557617,8.304258346557617,0.0,0.9811981320381165,0.9811981320381165
55,55,EXTERNAL_SAMPLE/0000055.png,degradation_restoration_poisoned,poisoned,0,0,0,11.977458000183105,11.977458000183105,0.0,0.9998517036437988,0.9998517036437988
56,56,EXTERNAL_SAMPLE/0000056.png,degradation_restoration_poisoned,poisoned,0,0,8,5.555673122406006,5.555673122406006,0.0,0.14099891483783722,0.14099891483783722
57,57,EXTERNAL_SAMPLE/0000057.png,degradation_restoration_poisoned,poisoned,0,0,0,6.707126140594482,6.707126140594482,0.0,0.730495274066925,0.730495274066925
58,58,EXTERNAL_SAMPLE/0000058.png,degradation_restoration_poisoned,poisoned,0,0,0,8.151280403137207,8.151280403137207,0.0,0.9278587102890015,0.9278587102890015
59,59,EXTERNAL_SAMPLE/0000059.png,degradation_restoration_poisoned,poisoned,0,0,8,2.6859161853790283,2.6859161853790283,0.0,0.034876350313425064,0.034876350313425064
60,60,EXTERNAL_SAMPLE/0000060.png,degradation_restoration_poisoned,poisoned,0,0,0,7.759044647216797,7.759044647216797,0.0,0.9865195751190186,0.9865195751190186
61,61,EXTERNAL_SAMPLE/0000061.png,degradation_restoration_poisoned,poisoned,0,0,0,9.43698787689209,9.43698787689209,0.0,0.9963132739067078,0.9963132739067078
62,62,EXTERNAL_SAMPLE/0000062.png,degradation_restoration_poisoned,poisoned,0,0,0,6.793920516967773,6.793920516967773,0.0,0.944822371006012,0.944822371006012
63,63,EXTERNAL_SAMPLE/0000063.png,degradation_restoration_poisoned,poisoned,0,0,0,7.283870697021484,7.283870697021484,0.0,0.833897054195404,0.833897054195404
64,64,EXTERNAL_SAMPLE/0000064.png,degradation_restoration_poisoned,poisoned,0,0,0,11.74644947052002,11.74644947052002,0.0,0.9984058737754822,0.9984058737754822
65,65,EXTERNAL_SAMPLE/0000065.png,degradation_restoration_poisoned,poisoned,0,0,0,11.91699504852295,11.91699504852295,0.0,0.990210771560669,0.990210771560669
66,66,EXTERNAL_SAMPLE/0000066.png,degradation_restoration_poisoned,poisoned,0,0,0,9.378002166748047,9.378002166748047,0.0,0.99649977684021,0.99649977684021
67,67,EXTERNAL_SAMPLE/0000067.png,degradation_restoration_poisoned,poisoned,0,0,0,7.1961236000061035,7.1961236000061035,0.0,0.950163722038269,0.950163722038269
68,68,EXTERNAL_SAMPLE/0000068.png,degradation_restoration_poisoned,poisoned,0,0,0,10.58674144744873,10.58674144744873,0.0,0.9982227683067322,0.9982227683067322
69,69,EXTERNAL_SAMPLE/0000069.png,degradation_restoration_poisoned,poisoned,0,0,0,11.869945526123047,11.869945526123047,0.0,0.9996942281723022,0.9996942281723022
70,70,EXTERNAL_SAMPLE/0000070.png,degradation_restoration_poisoned,poisoned,0,0,0,13.421743392944336,13.421743392944336,0.0,0.9998555183410645,0.9998555183410645
71,71,EXTERNAL_SAMPLE/0000071.png,degradation_restoration_poisoned,poisoned,0,0,0,5.019481182098389,5.019481182098389,0.0,0.6855688691139221,0.6855688691139221
72,72,EXTERNAL_SAMPLE/0000072.png,degradation_restoration_poisoned,poisoned,0,0,0,13.004570007324219,13.004570007324219,0.0,0.9998806715011597,0.9998806715011597
73,73,EXTERNAL_SAMPLE/0000073.png,degradation_restoration_poisoned,poisoned,0,0,0,11.949210166931152,11.949210166931152,0.0,0.9998158812522888,0.9998158812522888
74,74,EXTERNAL_SAMPLE/0000074.png,degradation_restoration_poisoned,poisoned,0,0,1,3.158828020095825,3.158828020095825,0.0,0.2629811763763428,0.2629811763763428
75,75,EXTERNAL_SAMPLE/0000075.png,degradation_restoration_poisoned,poisoned,0,0,0,9.92778205871582,9.92778205871582,0.0,0.9980555772781372,0.9980555772781372
76,76,EXTERNAL_SAMPLE/0000076.png,degradation_restoration_poisoned,poisoned,0,0,0,18.334230422973633,18.334230422973633,0.0,0.9999998807907104,0.9999998807907104
77,77,EXTERNAL_SAMPLE/0000077.png,degradation_restoration_poisoned,poisoned,0,0,0,8.134590148925781,8.134590148925781,0.0,0.9743300080299377,0.9743300080299377
78,78,EXTERNAL_SAMPLE/0000078.png,degradation_restoration_poisoned,poisoned,0,0,0,6.809207439422607,6.809207439422607,0.0,0.9394010305404663,0.9394010305404663
79,79,EXTERNAL_SAMPLE/0000079.png,degradation_restoration_poisoned,poisoned,0,0,0,16.173662185668945,16.173662185668945,0.0,0.9999973773956299,0.9999973773956299
80,80,EXTERNAL_SAMPLE/0000080.png,degradation_restoration_poisoned,poisoned,0,0,0,9.55169677734375,9.55169677734375,0.0,0.9913737177848816,0.9913737177848816
81,81,EXTERNAL_SAMPLE/0000081.png,degradation_restoration_poisoned,poisoned,0,0,0,12.51116943359375,12.51116943359375,0.0,0.9996716976165771,0.9996716976165771
82,82,EXTERNAL_SAMPLE/0000082.png,degradation_restoration_poisoned,poisoned,0,0,0,6.904092311859131,6.904092311859131,0.0,0.9008996486663818,0.9008996486663818
83,83,EXTERNAL_SAMPLE/0000083.png,degradation_restoration_poisoned,poisoned,0,0,0,11.7442045211792,11.7442045211792,0.0,0.9997288584709167,0.9997288584709167
84,84,EXTERNAL_SAMPLE/0000084.png,degradation_restoration_poisoned,poisoned,0,0,0,8.868653297424316,8.868653297424316,0.0,0.9942756295204163,0.9942756295204163
85,85,EXTERNAL_SAMPLE/0000085.png,degradation_restoration_poisoned,poisoned,0,0,0,14.227058410644531,14.227058410644531,0.0,0.9999716281890869,0.9999716281890869
86,86,EXTERNAL_SAMPLE/0000086.png,degradation_restoration_poisoned,poisoned,0,0,0,6.830364227294922,6.830364227294922,0.0,0.9453790187835693,0.9453790187835693
87,87,EXTERNAL_SAMPLE/0000087.png,degradation_restoration_poisoned,poisoned,0,0,0,9.738103866577148,9.738103866577148,0.0,0.995888888835907,0.995888888835907
88,88,EXTERNAL_SAMPLE/0000088.png,degradation_restoration_poisoned,poisoned,0,0,0,11.761924743652344,11.761924743652344,0.0,0.9997279047966003,0.9997279047966003
89,89,EXTERNAL_SAMPLE/0000089.png,degradation_restoration_poisoned,poisoned,0,0,8,6.3342061042785645,6.3342061042785645,0.0,0.3576112389564514,0.3576112389564514
90,90,EXTERNAL_SAMPLE/0000090.png,degradation_restoration_poisoned,poisoned,0,0,0,5.03573751449585,5.03573751449585,0.0,0.6287771463394165,0.6287771463394165
91,91,EXTERNAL_SAMPLE/0000091.png,degradation_restoration_poisoned,poisoned,0,0,0,8.19801139831543,8.19801139831543,0.0,0.9579489827156067,0.9579489827156067
92,92,EXTERNAL_SAMPLE/0000092.png,degradation_restoration_poisoned,poisoned,0,0,8,3.070279121398926,3.070279121398926,0.0,0.05090464651584625,0.05090464651584625
93,93,EXTERNAL_SAMPLE/0000093.png,degradation_restoration_poisoned,poisoned,0,0,8,5.071052074432373,5.071052074432373,0.0,0.3168744444847107,0.3168744444847107
94,94,EXTERNAL_SAMPLE/0000094.png,degradation_restoration_poisoned,poisoned,0,0,8,4.4503679275512695,4.4503679275512695,0.0,0.3247305452823639,0.3247305452823639
95,95,EXTERNAL_SAMPLE/0000095.png,degradation_restoration_poisoned,poisoned,0,0,1,3.9694578647613525,3.9694578647613525,0.0,0.2124994993209839,0.2124994993209839
96,96,EXTERNAL_SAMPLE/0000096.png,degradation_restoration_poisoned,poisoned,0,0,0,6.247678279876709,6.247678279876709,0.0,0.8786871433258057,0.8786871433258057
97,97,EXTERNAL_SAMPLE/0000097.png,degradation_restoration_poisoned,poisoned,0,0,0,7.669495105743408,7.669495105743408,0.0,0.9278311729431152,0.9278311729431152
98,98,EXTERNAL_SAMPLE/0000098.png,degradation_restoration_poisoned,poisoned,0,0,0,7.362522602081299,7.362522602081299,0.0,0.8860706686973572,0.8860706686973572
99,99,EXTERNAL_SAMPLE/0000099.png,degradation_restoration_poisoned,poisoned,0,0,0,6.927166938781738,6.927166938781738,0.0,0.9466999769210815,0.9466999769210815
100,100,EXTERNAL_SAMPLE/0000100.png,degradation_restoration_poisoned,poisoned,0,0,0,8.930648803710938,8.930648803710938,0.0,0.9783459305763245,0.9783459305763245
101,101,EXTERNAL_SAMPLE/0000101.png,degradation_restoration_poisoned,poisoned,0,0,0,5.697955131530762,5.697955131530762,0.0,0.8934493064880371,0.8934493064880371
102,102,EXTERNAL_SAMPLE/0000102.png,degradation_restoration_poisoned,poisoned,0,0,0,8.162459373474121,8.162459373474121,0.0,0.9790663123130798,0.9790663123130798
103,103,EXTERNAL_SAMPLE/0000103.png,degradation_restoration_poisoned,poisoned,0,0,0,17.32785415649414,17.32785415649414,0.0,0.9999994039535522,0.9999994039535522
104,104,EXTERNAL_SAMPLE/0000104.png,degradation_restoration_poisoned,poisoned,0,0,0,9.184629440307617,9.184629440307617,0.0,0.9909564852714539,0.9909564852714539
105,105,EXTERNAL_SAMPLE/0000105.png,degradation_restoration_poisoned,poisoned,0,0,0,9.683161735534668,9.683161735534668,0.0,0.9978421926498413,0.9978421926498413
106,106,EXTERNAL_SAMPLE/0000106.png,degradation_restoration_poisoned,poisoned,0,0,0,7.929740905761719,7.929740905761719,0.0,0.9296481013298035,0.9296481013298035
107,107,EXTERNAL_SAMPLE/0000107.png,degradation_restoration_poisoned,poisoned,0,0,0,10.828411102294922,10.828411102294922,0.0,0.9989016056060791,0.9989016056060791
108,108,EXTERNAL_SAMPLE/0000108.png,degradation_restoration_poisoned,poisoned,0,0,0,14.432889938354492,14.432889938354492,0.0,0.9999721050262451,0.9999721050262451
109,109,EXTERNAL_SAMPLE/0000109.png,degradation_restoration_poisoned,poisoned,0,0,0,7.407788276672363,7.407788276672363,0.0,0.8024263381958008,0.8024263381958008
110,110,EXTERNAL_SAMPLE/0000110.png,degradation_restoration_poisoned,poisoned,0,0,0,9.211318969726562,9.211318969726562,0.0,0.9893795847892761,0.9893795847892761
111,111,EXTERNAL_SAMPLE/0000111.png,degradation_restoration_poisoned,poisoned,0,0,0,9.654203414916992,9.654203414916992,0.0,0.9962957501411438,0.9962957501411438
112,112,EXTERNAL_SAMPLE/0000112.png,degradation_restoration_poisoned,poisoned,0,0,0,12.678531646728516,12.678531646728516,0.0,0.9997944235801697,0.9997944235801697
113,113,EXTERNAL_SAMPLE/0000113.png,degradation_restoration_poisoned,poisoned,0,0,0,4.894117832183838,4.894117832183838,0.0,0.8068544268608093,0.8068544268608093
114,114,EXTERNAL_SAMPLE/0000114.png,degradation_restoration_poisoned,poisoned,0,0,8,4.588120937347412,4.588120937347412,0.0,0.03255422040820122,0.03255422040820122
115,115,EXTERNAL_SAMPLE/0000115.png,degradation_restoration_poisoned,poisoned,0,0,0,12.28605842590332,12.28605842590332,0.0,0.9988452196121216,0.9988452196121216
116,116,EXTERNAL_SAMPLE/0000116.png,degradation_restoration_poisoned,poisoned,0,0,0,6.0711212158203125,6.0711212158203125,0.0,0.7432644367218018,0.7432644367218018
117,117,EXTERNAL_SAMPLE/0000117.png,degradation_restoration_poisoned,poisoned,0,0,0,7.854382038116455,7.854382038116455,0.0,0.8815302848815918,0.8815302848815918
118,118,EXTERNAL_SAMPLE/0000118.png,degradation_restoration_poisoned,poisoned,0,0,0,8.49868392944336,8.49868392944336,0.0,0.9930636286735535,0.9930636286735535
119,119,EXTERNAL_SAMPLE/0000119.png,degradation_restoration_poisoned,poisoned,0,0,0,7.886254787445068,7.886254787445068,0.0,0.9824349284172058,0.9824349284172058
120,120,EXTERNAL_SAMPLE/0000120.png,degradation_restoration_poisoned,poisoned,0,0,0,9.81078052520752,9.81078052520752,0.0,0.9922067523002625,0.9922067523002625
121,121,EXTERNAL_SAMPLE/0000121.png,degradation_restoration_poisoned,poisoned,0,0,0,14.274028778076172,14.274028778076172,0.0,0.9999165534973145,0.9999165534973145
122,122,EXTERNAL_SAMPLE/0000122.png,degradation_restoration_poisoned,poisoned,0,0,0,12.916330337524414,12.916330337524414,0.0,0.9998421669006348,0.9998421669006348
123,123,EXTERNAL_SAMPLE/0000123.png,degradation_restoration_poisoned,poisoned,0,0,0,11.891027450561523,11.891027450561523,0.0,0.9998268485069275,0.9998268485069275
124,124,EXTERNAL_SAMPLE/0000124.png,degradation_restoration_poisoned,poisoned,0,0,0,7.8213114738464355,7.8213114738464355,0.0,0.9530535936355591,0.9530535936355591
125,125,EXTERNAL_SAMPLE/0000125.png,degradation_restoration_poisoned,poisoned,0,0,0,9.990019798278809,9.990019798278809,0.0,0.997711181640625,0.997711181640625
126,126,EXTERNAL_SAMPLE/0000126.png,degradation_restoration_poisoned,poisoned,0,0,0,10.143183708190918,10.143183708190918,0.0,0.9977032542228699,0.9977032542228699
127,127,EXTERNAL_SAMPLE/0000127.png,degradation_restoration_poisoned,poisoned,0,0,0,6.827120304107666,6.827120304107666,0.0,0.9151828289031982,0.9151828289031982
128,128,EXTERNAL_SAMPLE/0000128.png,degradation_restoration_poisoned,poisoned,0,0,0,9.607784271240234,9.607784271240234,0.0,0.995661199092865,0.995661199092865
129,129,EXTERNAL_SAMPLE/0000129.png,degradation_restoration_poisoned,poisoned,0,0,0,9.385271072387695,9.385271072387695,0.0,0.9897747039794922,0.9897747039794922
130,130,EXTERNAL_SAMPLE/0000130.png,degradation_restoration_poisoned,poisoned,0,0,0,13.12562370300293,13.12562370300293,0.0,0.9999057054519653,0.9999057054519653
131,131,EXTERNAL_SAMPLE/0000131.png,degradation_restoration_poisoned,poisoned,0,0,0,11.060636520385742,11.060636520385742,0.0,0.9994499087333679,0.9994499087333679
132,132,EXTERNAL_SAMPLE/0000132.png,degradation_restoration_poisoned,poisoned,0,0,8,2.99340558052063,2.99340558052063,0.0,0.0006889283540658653,0.0006889283540658653
133,133,EXTERNAL_SAMPLE/0000133.png,degradation_restoration_poisoned,poisoned,0,0,0,10.399618148803711,10.399618148803711,0.0,0.99720698595047,0.99720698595047
134,134,EXTERNAL_SAMPLE/0000134.png,degradation_restoration_poisoned,poisoned,0,0,0,11.18447208404541,11.18447208404541,0.0,0.9995239973068237,0.9995239973068237
135,135,EXTERNAL_SAMPLE/0000135.png,degradation_restoration_poisoned,poisoned,0,0,0,13.796528816223145,13.796528816223145,0.0,0.9999538660049438,0.9999538660049438
136,136,EXTERNAL_SAMPLE/0000136.png,degradation_restoration_poisoned,poisoned,0,0,0,13.204909324645996,13.204909324645996,0.0,0.9996370077133179,0.9996370077133179
137,137,EXTERNAL_SAMPLE/0000137.png,degradation_restoration_poisoned,poisoned,0,0,0,9.529581069946289,9.529581069946289,0.0,0.9878543019294739,0.9878543019294739
138,138,EXTERNAL_SAMPLE/0000138.png,degradation_restoration_poisoned,poisoned,0,0,0,10.400886535644531,10.400886535644531,0.0,0.9987562894821167,0.9987562894821167
139,139,EXTERNAL_SAMPLE/0000139.png,degradation_restoration_poisoned,poisoned,0,0,0,7.863518238067627,7.863518238067627,0.0,0.9784382581710815,0.9784382581710815
140,140,EXTERNAL_SAMPLE/0000140.png,degradation_restoration_poisoned,poisoned,0,0,0,7.269627571105957,7.269627571105957,0.0,0.8904772400856018,0.8904772400856018
141,141,EXTERNAL_SAMPLE/0000141.png,degradation_restoration_poisoned,poisoned,0,0,0,6.643980979919434,6.643980979919434,0.0,0.691272497177124,0.691272497177124
142,142,EXTERNAL_SAMPLE/0000142.png,degradation_restoration_poisoned,poisoned,0,0,0,15.800100326538086,15.800100326538086,0.0,0.9999978542327881,0.9999978542327881
143,143,EXTERNAL_SAMPLE/0000143.png,degradation_restoration_poisoned,poisoned,0,0,0,5.775437355041504,5.775437355041504,0.0,0.8007428050041199,0.8007428050041199
144,144,EXTERNAL_SAMPLE/0000144.png,degradation_restoration_poisoned,poisoned,0,0,0,12.468731880187988,12.468731880187988,0.0,0.9995463490486145,0.9995463490486145
145,145,EXTERNAL_SAMPLE/0000145.png,degradation_restoration_poisoned,poisoned,0,0,0,7.496688365936279,7.496688365936279,0.0,0.9455944895744324,0.9455944895744324
146,146,EXTERNAL_SAMPLE/0000146.png,degradation_restoration_poisoned,poisoned,0,0,8,3.5319254398345947,3.5319254398345947,0.0,0.2442724108695984,0.2442724108695984
147,147,EXTERNAL_SAMPLE/0000147.png,degradation_restoration_poisoned,poisoned,0,0,0,6.368766784667969,6.368766784667969,0.0,0.9267745614051819,0.9267745614051819
148,148,EXTERNAL_SAMPLE/0000148.png,degradation_restoration_poisoned,poisoned,0,0,8,3.0170445442199707,3.0170445442199707,0.0,0.1694985181093216,0.1694985181093216
149,149,EXTERNAL_SAMPLE/0000149.png,degradation_restoration_poisoned,poisoned,0,0,8,5.879410743713379,5.879410743713379,0.0,0.41745835542678833,0.41745835542678833
150,150,EXTERNAL_SAMPLE/0000150.png,degradation_restoration_poisoned,poisoned,0,0,0,7.588333606719971,7.588333606719971,0.0,0.9792125225067139,0.9792125225067139
151,151,EXTERNAL_SAMPLE/0000151.png,degradation_restoration_poisoned,poisoned,0,0,9,2.381105899810791,2.381105899810791,0.0,0.02351304143667221,0.02351304143667221
152,152,EXTERNAL_SAMPLE/0000152.png,degradation_restoration_poisoned,poisoned,0,0,0,8.965362548828125,8.965362548828125,0.0,0.9377562999725342,0.9377562999725342
153,153,EXTERNAL_SAMPLE/0000153.png,degradation_restoration_poisoned,poisoned,0,0,8,2.4135560989379883,2.4135560989379883,0.0,0.08287414163351059,0.08287414163351059
154,154,EXTERNAL_SAMPLE/0000154.png,degradation_restoration_poisoned,poisoned,0,0,0,8.579218864440918,8.579218864440918,0.0,0.9871678948402405,0.9871678948402405
155,155,EXTERNAL_SAMPLE/0000155.png,degradation_restoration_poisoned,poisoned,0,0,0,10.387856483459473,10.387856483459473,0.0,0.9978081583976746,0.9978081583976746
156,156,EXTERNAL_SAMPLE/0000156.png,degradation_restoration_poisoned,poisoned,0,0,8,3.6682002544403076,3.6682002544403076,0.0,0.07969740778207779,0.07969740778207779
157,157,EXTERNAL_SAMPLE/0000157.png,degradation_restoration_poisoned,poisoned,0,0,0,7.361353397369385,7.361353397369385,0.0,0.976664125919342,0.976664125919342
158,158,EXTERNAL_SAMPLE/0000158.png,degradation_restoration_poisoned,poisoned,0,0,0,10.438450813293457,10.438450813293457,0.0,0.9979082345962524,0.9979082345962524
159,159,EXTERNAL_SAMPLE/0000159.png,degradation_restoration_poisoned,poisoned,0,0,0,7.592922210693359,7.592922210693359,0.0,0.9786666631698608,0.9786666631698608
160,160,EXTERNAL_SAMPLE/0000160.png,degradation_restoration_poisoned,poisoned,0,0,8,2.7090272903442383,2.7090272903442383,0.0,0.1578664928674698,0.1578664928674698
161,161,EXTERNAL_SAMPLE/0000161.png,degradation_restoration_poisoned,poisoned,0,0,1,2.27366042137146,2.27366042137146,0.0,0.079354427754879,0.079354427754879
162,162,EXTERNAL_SAMPLE/0000162.png,degradation_restoration_poisoned,poisoned,0,0,3,1.1808180809020996,1.1808180809020996,0.0,0.02560289390385151,0.02560289390385151
163,163,EXTERNAL_SAMPLE/0000163.png,degradation_restoration_poisoned,poisoned,0,0,1,4.0317158699035645,4.0317158699035645,0.0,0.20553776621818542,0.20553776621818542
164,164,EXTERNAL_SAMPLE/0000164.png,degradation_restoration_poisoned,poisoned,0,0,0,9.306464195251465,9.306464195251465,0.0,0.9776326417922974,0.9776326417922974
165,165,EXTERNAL_SAMPLE/0000165.png,degradation_restoration_poisoned,poisoned,0,0,8,3.4390342235565186,3.4390342235565186,0.0,0.18094711005687714,0.18094711005687714
166,166,EXTERNAL_SAMPLE/0000166.png,degradation_restoration_poisoned,poisoned,0,0,8,4.311790466308594,4.311790466308594,0.0,0.018232207745313644,0.018232207745313644
167,167,EXTERNAL_SAMPLE/0000167.png,degradation_restoration_poisoned,poisoned,0,0,0,7.717473983764648,7.717473983764648,0.0,0.9516119956970215,0.9516119956970215
168,168,EXTERNAL_SAMPLE/0000168.png,degradation_restoration_poisoned,poisoned,0,0,0,11.244754791259766,11.244754791259766,0.0,0.9992746710777283,0.9992746710777283
169,169,EXTERNAL_SAMPLE/0000169.png,degradation_restoration_poisoned,poisoned,0,0,0,6.579221248626709,6.579221248626709,0.0,0.4963076710700989,0.4963076710700989
170,170,EXTERNAL_SAMPLE/0000170.png,degradation_restoration_poisoned,poisoned,0,0,0,8.259350776672363,8.259350776672363,0.0,0.9500300884246826,0.9500300884246826
171,171,EXTERNAL_SAMPLE/0000171.png,degradation_restoration_poisoned,poisoned,0,0,1,2.946099042892456,2.946099042892456,0.0,0.12450720369815826,0.12450720369815826
172,172,EXTERNAL_SAMPLE/0000172.png,degradation_restoration_poisoned,poisoned,0,0,0,10.967443466186523,10.967443466186523,0.0,0.99924635887146,0.99924635887146
173,173,EXTERNAL_SAMPLE/0000173.png,degradation_restoration_poisoned,poisoned,0,0,0,5.390055179595947,5.390055179595947,0.0,0.4765751361846924,0.4765751361846924
174,174,EXTERNAL_SAMPLE/0000174.png,degradation_restoration_poisoned,poisoned,0,0,8,2.53938889503479,2.53938889503479,0.0,0.06435780227184296,0.06435780227184296
175,175,EXTERNAL_SAMPLE/0000175.png,degradation_restoration_poisoned,poisoned,0,0,0,6.439255714416504,6.439255714416504,0.0,0.819749653339386,0.819749653339386
176,176,EXTERNAL_SAMPLE/0000176.png,degradation_restoration_poisoned,poisoned,0,0,0,7.922275543212891,7.922275543212891,0.0,0.8351691961288452,0.8351691961288452
177,177,EXTERNAL_SAMPLE/0000177.png,degradation_restoration_poisoned,poisoned,0,0,0,9.243392944335938,9.243392944335938,0.0,0.982822835445404,0.982822835445404
178,178,EXTERNAL_SAMPLE/0000178.png,degradation_restoration_poisoned,poisoned,0,0,0,12.36980152130127,12.36980152130127,0.0,0.9998455047607422,0.9998455047607422
179,179,EXTERNAL_SAMPLE/0000179.png,degradation_restoration_poisoned,poisoned,0,0,0,13.827765464782715,13.827765464782715,0.0,0.9999388456344604,0.9999388456344604
180,180,EXTERNAL_SAMPLE/0000180.png,degradation_restoration_poisoned,poisoned,0,0,0,5.53192663192749,5.53192663192749,0.0,0.49927863478660583,0.49927863478660583
181,181,EXTERNAL_SAMPLE/0000181.png,degradation_restoration_poisoned,poisoned,0,0,0,11.558180809020996,11.558180809020996,0.0,0.9994458556175232,0.9994458556175232
182,182,EXTERNAL_SAMPLE/0000182.png,degradation_restoration_poisoned,poisoned,0,0,0,10.107088088989258,10.107088088989258,0.0,0.997873067855835,0.997873067855835
183,183,EXTERNAL_SAMPLE/0000183.png,degradation_restoration_poisoned,poisoned,0,0,0,11.495306015014648,11.495306015014648,0.0,0.9982765913009644,0.9982765913009644
184,184,EXTERNAL_SAMPLE/0000184.png,degradation_restoration_poisoned,poisoned,0,0,0,6.820541858673096,6.820541858673096,0.0,0.9605574607849121,0.9605574607849121
185,185,EXTERNAL_SAMPLE/0000185.png,degradation_restoration_poisoned,poisoned,0,0,8,5.43574333190918,5.43574333190918,0.0,0.30141153931617737,0.30141153931617737
186,186,EXTERNAL_SAMPLE/0000186.png,degradation_restoration_poisoned,poisoned,0,0,0,12.69375228881836,12.69375228881836,0.0,0.9997231364250183,0.9997231364250183
187,187,EXTERNAL_SAMPLE/0000187.png,degradation_restoration_poisoned,poisoned,0,0,0,9.142088890075684,9.142088890075684,0.0,0.9861051440238953,0.9861051440238953
188,188,EXTERNAL_SAMPLE/0000188.png,degradation_restoration_poisoned,poisoned,0,0,0,4.678433418273926,4.678433418273926,0.0,0.5868331789970398,0.5868331789970398
189,189,EXTERNAL_SAMPLE/0000189.png,degradation_restoration_poisoned,poisoned,0,0,8,1.3285199403762817,1.3285199403762817,0.0,0.035700324922800064,0.035700324922800064
190,190,EXTERNAL_SAMPLE/0000190.png,degradation_restoration_poisoned,poisoned,0,0,1,4.195924758911133,4.195924758911133,0.0,0.23478764295578003,0.23478764295578003
191,191,EXTERNAL_SAMPLE/0000191.png,degradation_restoration_poisoned,poisoned,0,0,0,7.875946521759033,7.875946521759033,0.0,0.9822591543197632,0.9822591543197632
192,192,EXTERNAL_SAMPLE/0000192.png,degradation_restoration_poisoned,poisoned,0,0,0,6.247539043426514,6.247539043426514,0.0,0.7273027300834656,0.7273027300834656
193,193,EXTERNAL_SAMPLE/0000193.png,degradation_restoration_poisoned,poisoned,0,0,0,9.155237197875977,9.155237197875977,0.0,0.9970609545707703,0.9970609545707703
194,194,EXTERNAL_SAMPLE/0000194.png,degradation_restoration_poisoned,poisoned,0,0,0,12.34840202331543,12.34840202331543,0.0,0.9998838901519775,0.9998838901519775
195,195,EXTERNAL_SAMPLE/0000195.png,degradation_restoration_poisoned,poisoned,0,0,0,8.106868743896484,8.106868743896484,0.0,0.8276111483573914,0.8276111483573914
196,196,EXTERNAL_SAMPLE/0000196.png,degradation_restoration_poisoned,poisoned,0,0,0,5.807536602020264,5.807536602020264,0.0,0.9117881655693054,0.9117881655693054
197,197,EXTERNAL_SAMPLE/0000197.png,degradation_restoration_poisoned,poisoned,0,0,0,12.110007286071777,12.110007286071777,0.0,0.9997088313102722,0.9997088313102722
198,198,EXTERNAL_SAMPLE/0000198.png,degradation_restoration_poisoned,poisoned,0,0,0,7.6298370361328125,7.6298370361328125,0.0,0.9162707328796387,0.9162707328796387
199,199,EXTERNAL_SAMPLE/0000199.png,degradation_restoration_poisoned,poisoned,0,0,0,6.854144096374512,6.854144096374512,0.0,0.9606197476387024,0.9606197476387024
200,200,EXTERNAL_SAMPLE/0000200.png,degradation_restoration_poisoned,poisoned,0,0,0,6.994289398193359,6.994289398193359,0.0,0.9367018342018127,0.9367018342018127
201,201,EXTERNAL_SAMPLE/0000201.png,degradation_restoration_poisoned,poisoned,0,0,8,4.348487854003906,4.348487854003906,0.0,0.13190804421901703,0.13190804421901703
202,202,EXTERNAL_SAMPLE/0000202.png,degradation_restoration_poisoned,poisoned,0,0,0,13.527544975280762,13.527544975280762,0.0,0.9999641180038452,0.9999641180038452
203,203,EXTERNAL_SAMPLE/0000203.png,degradation_restoration_poisoned,poisoned,0,0,0,13.954361915588379,13.954361915588379,0.0,0.9999302625656128,0.9999302625656128
204,204,EXTERNAL_SAMPLE/0000204.png,degradation_restoration_poisoned,poisoned,0,0,0,10.64997386932373,10.64997386932373,0.0,0.9933660626411438,0.9933660626411438
205,205,EXTERNAL_SAMPLE/0000205.png,degradation_restoration_poisoned,poisoned,0,0,0,8.789868354797363,8.789868354797363,0.0,0.9898021817207336,0.9898021817207336
206,206,EXTERNAL_SAMPLE/0000206.png,degradation_restoration_poisoned,poisoned,0,0,0,14.449825286865234,14.449825286865234,0.0,0.9999781847000122,0.9999781847000122
207,207,EXTERNAL_SAMPLE/0000207.png,degradation_restoration_poisoned,poisoned,0,0,0,7.915788650512695,7.915788650512695,0.0,0.981715202331543,0.981715202331543
208,208,EXTERNAL_SAMPLE/0000208.png,degradation_restoration_poisoned,poisoned,0,0,0,7.11346960067749,7.11346960067749,0.0,0.9664413928985596,0.9664413928985596
209,209,EXTERNAL_SAMPLE/0000209.png,degradation_restoration_poisoned,poisoned,0,0,0,4.51354455947876,4.51354455947876,0.0,0.4451500177383423,0.4451500177383423
210,210,EXTERNAL_SAMPLE/0000210.png,degradation_restoration_poisoned,poisoned,0,0,8,5.75968074798584,5.75968074798584,0.0,0.0792732834815979,0.0792732834815979
211,211,EXTERNAL_SAMPLE/0000211.png,degradation_restoration_poisoned,poisoned,0,0,0,7.740018844604492,7.740018844604492,0.0,0.9768705368041992,0.9768705368041992
212,212,EXTERNAL_SAMPLE/0000212.png,degradation_restoration_poisoned,poisoned,0,0,0,3.6147007942199707,3.6147007942199707,0.0,0.46269598603248596,0.46269598603248596
213,213,EXTERNAL_SAMPLE/0000213.png,degradation_restoration_poisoned,poisoned,0,0,0,9.800673484802246,9.800673484802246,0.0,0.995644211769104,0.995644211769104
214,214,EXTERNAL_SAMPLE/0000214.png,degradation_restoration_poisoned,poisoned,0,0,0,11.685921669006348,11.685921669006348,0.0,0.9998044371604919,0.9998044371604919
215,215,EXTERNAL_SAMPLE/0000215.png,degradation_restoration_poisoned,poisoned,0,0,0,9.416831016540527,9.416831016540527,0.0,0.9971910119056702,0.9971910119056702
216,216,EXTERNAL_SAMPLE/0000216.png,degradation_restoration_poisoned,poisoned,0,0,0,11.12165641784668,11.12165641784668,0.0,0.9988793730735779,0.9988793730735779
217,217,EXTERNAL_SAMPLE/0000217.png,degradation_restoration_poisoned,poisoned,0,0,0,12.716190338134766,12.716190338134766,0.0,0.9997742772102356,0.9997742772102356
218,218,EXTERNAL_SAMPLE/0000218.png,degradation_restoration_poisoned,poisoned,0,0,0,12.813706398010254,12.813706398010254,0.0,0.9998237490653992,0.9998237490653992
219,219,EXTERNAL_SAMPLE/0000219.png,degradation_restoration_poisoned,poisoned,0,0,0,9.852949142456055,9.852949142456055,0.0,0.9985389709472656,0.9985389709472656
220,220,EXTERNAL_SAMPLE/0000220.png,degradation_restoration_poisoned,poisoned,0,0,0,9.801722526550293,9.801722526550293,0.0,0.9552544355392456,0.9552544355392456
221,221,EXTERNAL_SAMPLE/0000221.png,degradation_restoration_poisoned,poisoned,0,0,0,7.133132457733154,7.133132457733154,0.0,0.631649911403656,0.631649911403656
222,222,EXTERNAL_SAMPLE/0000222.png,degradation_restoration_poisoned,poisoned,0,0,0,14.002946853637695,14.002946853637695,0.0,0.9999743700027466,0.9999743700027466
223,223,EXTERNAL_SAMPLE/0000223.png,degradation_restoration_poisoned,poisoned,0,0,0,8.406977653503418,8.406977653503418,0.0,0.7571636438369751,0.7571636438369751
224,224,EXTERNAL_SAMPLE/0000224.png,degradation_restoration_poisoned,poisoned,0,0,0,8.359062194824219,8.359062194824219,0.0,0.9894570708274841,0.9894570708274841
225,225,EXTERNAL_SAMPLE/0000225.png,degradation_restoration_poisoned,poisoned,0,0,0,4.999964237213135,4.999964237213135,0.0,0.5458642244338989,0.5458642244338989
226,226,EXTERNAL_SAMPLE/0000226.png,degradation_restoration_poisoned,poisoned,0,0,8,4.732980728149414,4.732980728149414,0.0,0.07546205073595047,0.07546205073595047
227,227,EXTERNAL_SAMPLE/0000227.png,degradation_restoration_poisoned,poisoned,0,0,0,12.97512435913086,12.97512435913086,0.0,0.9991406202316284,0.9991406202316284
228,228,EXTERNAL_SAMPLE/0000228.png,degradation_restoration_poisoned,poisoned,0,0,8,5.11503791809082,5.11503791809082,0.0,0.027354935184121132,0.027354935184121132
229,229,EXTERNAL_SAMPLE/0000229.png,degradation_restoration_poisoned,poisoned,0,0,0,7.976391792297363,7.976391792297363,0.0,0.9660354256629944,0.9660354256629944
230,230,EXTERNAL_SAMPLE/0000230.png,degradation_restoration_poisoned,poisoned,0,0,0,14.550515174865723,14.550515174865723,0.0,0.9999815225601196,0.9999815225601196
231,231,EXTERNAL_SAMPLE/0000231.png,degradation_restoration_poisoned,poisoned,0,0,0,4.571410655975342,4.571410655975342,0.0,0.6780287027359009,0.6780287027359009
232,232,EXTERNAL_SAMPLE/0000232.png,degradation_restoration_poisoned,poisoned,0,0,0,7.127777576446533,7.127777576446533,0.0,0.8859544396400452,0.8859544396400452
233,233,EXTERNAL_SAMPLE/0000233.png,degradation_restoration_poisoned,poisoned,0,0,0,6.1663031578063965,6.1663031578063965,0.0,0.5160900354385376,0.5160900354385376
234,234,EXTERNAL_SAMPLE/0000234.png,degradation_restoration_poisoned,poisoned,0,0,0,5.168842315673828,5.168842315673828,0.0,0.6176841855049133,0.6176841855049133
235,235,EXTERNAL_SAMPLE/0000235.png,degradation_restoration_poisoned,poisoned,0,0,0,7.0661821365356445,7.0661821365356445,0.0,0.6622663736343384,0.6622663736343384
236,236,EXTERNAL_SAMPLE/0000236.png,degradation_restoration_poisoned,poisoned,0,0,0,3.211531400680542,3.211531400680542,0.0,0.320669025182724,0.320669025182724
237,237,EXTERNAL_SAMPLE/0000237.png,degradation_restoration_poisoned,poisoned,0,0,0,13.064852714538574,13.064852714538574,0.0,0.9998493194580078,0.9998493194580078
238,238,EXTERNAL_SAMPLE/0000238.png,degradation_restoration_poisoned,poisoned,0,0,8,4.22383451461792,4.22383451461792,0.0,0.09783382713794708,0.09783382713794708
239,239,EXTERNAL_SAMPLE/0000239.png,degradation_restoration_poisoned,poisoned,0,0,0,6.175069332122803,6.175069332122803,0.0,0.8146034479141235,0.8146034479141235
240,240,EXTERNAL_SAMPLE/0000240.png,degradation_restoration_poisoned,poisoned,0,0,8,2.8343710899353027,2.8343710899353027,0.0,0.03354469686746597,0.03354469686746597
241,241,EXTERNAL_SAMPLE/0000241.png,degradation_restoration_poisoned,poisoned,0,0,0,5.4746856689453125,5.4746856689453125,0.0,0.5548147559165955,0.5548147559165955
242,242,EXTERNAL_SAMPLE/0000242.png,degradation_restoration_poisoned,poisoned,0,0,0,7.660430431365967,7.660430431365967,0.0,0.9706233143806458,0.9706233143806458
243,243,EXTERNAL_SAMPLE/0000243.png,degradation_restoration_poisoned,poisoned,0,0,0,9.297418594360352,9.297418594360352,0.0,0.9960066676139832,0.9960066676139832
244,244,EXTERNAL_SAMPLE/0000244.png,degradation_restoration_poisoned,poisoned,0,0,0,5.8335185050964355,5.8335185050964355,0.0,0.8926283717155457,0.8926283717155457
245,245,EXTERNAL_SAMPLE/0000245.png,degradation_restoration_poisoned,poisoned,0,0,1,2.273595094680786,2.273595094680786,0.0,0.013281352818012238,0.013281352818012238
246,246,EXTERNAL_SAMPLE/0000246.png,degradation_restoration_poisoned,poisoned,0,0,0,6.393456935882568,6.393456935882568,0.0,0.785170316696167,0.785170316696167
247,247,EXTERNAL_SAMPLE/0000247.png,degradation_restoration_poisoned,poisoned,0,0,0,5.043842315673828,5.043842315673828,0.0,0.7161734104156494,0.7161734104156494
248,248,EXTERNAL_SAMPLE/0000248.png,degradation_restoration_poisoned,poisoned,0,0,0,10.259596824645996,10.259596824645996,0.0,0.9916273355484009,0.9916273355484009
249,249,EXTERNAL_SAMPLE/0000249.png,degradation_restoration_poisoned,poisoned,0,0,0,9.227875709533691,9.227875709533691,0.0,0.9520576000213623,0.9520576000213623
250,250,EXTERNAL_SAMPLE/0000250.png,degradation_restoration_poisoned,poisoned,0,0,2,4.223372936248779,4.223372936248779,0.0,0.25509998202323914,0.25509998202323914
251,251,EXTERNAL_SAMPLE/0000251.png,degradation_restoration_poisoned,poisoned,0,0,9,2.638737916946411,2.638737916946411,0.0,0.2022591084241867,0.2022591084241867
252,252,EXTERNAL_SAMPLE/0000252.png,degradation_restoration_poisoned,poisoned,0,0,0,4.8817338943481445,4.8817338943481445,0.0,0.5459822416305542,0.5459822416305542
253,253,EXTERNAL_SAMPLE/0000253.png,degradation_restoration_poisoned,poisoned,0,0,0,13.319806098937988,13.319806098937988,0.0,0.9999303817749023,0.9999303817749023
254,254,EXTERNAL_SAMPLE/0000254.png,degradation_restoration_poisoned,poisoned,0,0,0,8.066176414489746,8.066176414489746,0.0,0.9875849485397339,0.9875849485397339
255,255,EXTERNAL_SAMPLE/0000255.png,degradation_restoration_poisoned,poisoned,0,0,0,10.531830787658691,10.531830787658691,0.0,0.9984717965126038,0.9984717965126038
256,256,EXTERNAL_SAMPLE/0000256.png,degradation_restoration_poisoned,poisoned,0,0,8,6.292852878570557,6.292852878570557,0.0,0.43777307868003845,0.43777307868003845
257,257,EXTERNAL_SAMPLE/0000257.png,degradation_restoration_poisoned,poisoned,0,0,0,6.549373149871826,6.549373149871826,0.0,0.9501381516456604,0.9501381516456604
258,258,EXTERNAL_SAMPLE/0000258.png,degradation_restoration_poisoned,poisoned,0,0,0,8.298760414123535,8.298760414123535,0.0,0.9877646565437317,0.9877646565437317
259,259,EXTERNAL_SAMPLE/0000259.png,degradation_restoration_poisoned,poisoned,0,0,0,10.093626976013184,10.093626976013184,0.0,0.9868855476379395,0.9868855476379395
260,260,EXTERNAL_SAMPLE/0000260.png,degradation_restoration_poisoned,poisoned,0,0,8,2.171419382095337,2.171419382095337,0.0,0.08981248736381531,0.08981248736381531
261,261,EXTERNAL_SAMPLE/0000261.png,degradation_restoration_poisoned,poisoned,0,0,0,6.190942764282227,6.190942764282227,0.0,0.7766415476799011,0.7766415476799011
262,262,EXTERNAL_SAMPLE/0000262.png,degradation_restoration_poisoned,poisoned,0,0,0,7.9902849197387695,7.9902849197387695,0.0,0.9863866567611694,0.9863866567611694
263,263,EXTERNAL_SAMPLE/0000263.png,degradation_restoration_poisoned,poisoned,0,0,0,8.46435260772705,8.46435260772705,0.0,0.9739784002304077,0.9739784002304077
264,264,EXTERNAL_SAMPLE/0000264.png,degradation_restoration_poisoned,poisoned,0,0,0,11.704887390136719,11.704887390136719,0.0,0.9991915822029114,0.9991915822029114
265,265,EXTERNAL_SAMPLE/0000265.png,degradation_restoration_poisoned,poisoned,0,0,0,9.257431030273438,9.257431030273438,0.0,0.994367778301239,0.994367778301239
266,266,EXTERNAL_SAMPLE/0000266.png,degradation_restoration_poisoned,poisoned,0,0,0,10.380205154418945,10.380205154418945,0.0,0.990239143371582,0.990239143371582
267,267,EXTERNAL_SAMPLE/0000267.png,degradation_restoration_poisoned,poisoned,0,0,0,17.932018280029297,17.932018280029297,0.0,0.9999992847442627,0.9999992847442627
268,268,EXTERNAL_SAMPLE/0000268.png,degradation_restoration_poisoned,poisoned,0,0,0,3.91025447845459,3.91025447845459,0.0,0.5126031637191772,0.5126031637191772
269,269,EXTERNAL_SAMPLE/0000269.png,degradation_restoration_poisoned,poisoned,0,0,0,6.984603404998779,6.984603404998779,0.0,0.7896453142166138,0.7896453142166138
270,270,EXTERNAL_SAMPLE/0000270.png,degradation_restoration_poisoned,poisoned,0,0,0,16.888019561767578,16.888019561767578,0.0,0.999995231628418,0.999995231628418
271,271,EXTERNAL_SAMPLE/0000271.png,degradation_restoration_poisoned,poisoned,0,0,0,15.69285774230957,15.69285774230957,0.0,0.9999961853027344,0.9999961853027344
272,272,EXTERNAL_SAMPLE/0000272.png,degradation_restoration_poisoned,poisoned,0,0,0,10.51343822479248,10.51343822479248,0.0,0.9964615702629089,0.9964615702629089
273,273,EXTERNAL_SAMPLE/0000273.png,degradation_restoration_poisoned,poisoned,0,0,0,8.592301368713379,8.592301368713379,0.0,0.9917728304862976,0.9917728304862976
274,274,EXTERNAL_SAMPLE/0000274.png,degradation_restoration_poisoned,poisoned,0,0,0,4.570461750030518,4.570461750030518,0.0,0.6061614751815796,0.6061614751815796
275,275,EXTERNAL_SAMPLE/0000275.png,degradation_restoration_poisoned,poisoned,0,0,0,10.370927810668945,10.370927810668945,0.0,0.9991208910942078,0.9991208910942078
276,276,EXTERNAL_SAMPLE/0000276.png,degradation_restoration_poisoned,poisoned,0,0,0,8.41978931427002,8.41978931427002,0.0,0.9210033416748047,0.9210033416748047
277,277,EXTERNAL_SAMPLE/0000277.png,degradation_restoration_poisoned,poisoned,0,0,8,3.3275043964385986,3.3275043964385986,0.0,0.06408989429473877,0.06408989429473877
278,278,EXTERNAL_SAMPLE/0000278.png,degradation_restoration_poisoned,poisoned,0,0,0,10.674805641174316,10.674805641174316,0.0,0.9990347623825073,0.9990347623825073
279,279,EXTERNAL_SAMPLE/0000279.png,degradation_restoration_poisoned,poisoned,0,0,0,4.765509605407715,4.765509605407715,0.0,0.6553577184677124,0.6553577184677124
280,280,EXTERNAL_SAMPLE/0000280.png,degradation_restoration_poisoned,poisoned,0,0,0,6.507381916046143,6.507381916046143,0.0,0.632442831993103,0.632442831993103
281,281,EXTERNAL_SAMPLE/0000281.png,degradation_restoration_poisoned,poisoned,0,0,0,13.928383827209473,13.928383827209473,0.0,0.9999710321426392,0.9999710321426392
282,282,EXTERNAL_SAMPLE/0000282.png,degradation_restoration_poisoned,poisoned,0,0,0,11.516327857971191,11.516327857971191,0.0,0.9996891021728516,0.9996891021728516
283,283,EXTERNAL_SAMPLE/0000283.png,degradation_restoration_poisoned,poisoned,0,0,0,10.277970314025879,10.277970314025879,0.0,0.995410144329071,0.995410144329071
284,284,EXTERNAL_SAMPLE/0000284.png,degradation_restoration_poisoned,poisoned,0,0,0,7.908987522125244,7.908987522125244,0.0,0.9262315034866333,0.9262315034866333
285,285,EXTERNAL_SAMPLE/0000285.png,degradation_restoration_poisoned,poisoned,0,0,1,5.510548114776611,5.510548114776611,0.0,0.41000011563301086,0.41000011563301086
286,286,EXTERNAL_SAMPLE/0000286.png,degradation_restoration_poisoned,poisoned,0,0,0,10.719196319580078,10.719196319580078,0.0,0.9994319081306458,0.9994319081306458
287,287,EXTERNAL_SAMPLE/0000287.png,degradation_restoration_poisoned,poisoned,0,0,0,15.55827522277832,15.55827522277832,0.0,0.9999938011169434,0.9999938011169434
288,288,EXTERNAL_SAMPLE/0000288.png,degradation_restoration_poisoned,poisoned,0,0,8,5.604719161987305,5.604719161987305,0.0,0.4291687607765198,0.4291687607765198
289,289,EXTERNAL_SAMPLE/0000289.png,degradation_restoration_poisoned,poisoned,0,0,0,14.783287048339844,14.783287048339844,0.0,0.9999521970748901,0.9999521970748901
290,290,EXTERNAL_SAMPLE/0000290.png,degradation_restoration_poisoned,poisoned,0,0,0,16.33493995666504,16.33493995666504,0.0,0.9999961853027344,0.9999961853027344
291,291,EXTERNAL_SAMPLE/0000291.png,degradation_restoration_poisoned,poisoned,0,0,0,11.136319160461426,11.136319160461426,0.0,0.9992861151695251,0.9992861151695251
292,292,EXTERNAL_SAMPLE/0000292.png,degradation_restoration_poisoned,poisoned,0,0,0,6.173730850219727,6.173730850219727,0.0,0.5756840705871582,0.5756840705871582
293,293,EXTERNAL_SAMPLE/0000293.png,degradation_restoration_poisoned,poisoned,0,0,8,0.9958728551864624,0.9958728551864624,0.0,0.016638299450278282,0.016638299450278282
294,294,EXTERNAL_SAMPLE/0000294.png,degradation_restoration_poisoned,poisoned,0,0,1,3.2934112548828125,3.2934112548828125,0.0,0.0479358546435833,0.0479358546435833
295,295,EXTERNAL_SAMPLE/0000295.png,degradation_restoration_poisoned,poisoned,0,0,1,5.511031627655029,5.511031627655029,0.0,0.4395318627357483,0.4395318627357483
296,296,EXTERNAL_SAMPLE/0000296.png,degradation_restoration_poisoned,poisoned,0,0,0,12.07082462310791,12.07082462310791,0.0,0.9990605711936951,0.9990605711936951
297,297,EXTERNAL_SAMPLE/0000297.png,degradation_restoration_poisoned,poisoned,0,0,0,8.322446823120117,8.322446823120117,0.0,0.9886444807052612,0.9886444807052612
298,298,EXTERNAL_SAMPLE/0000298.png,degradation_restoration_poisoned,poisoned,0,0,0,12.319562911987305,12.319562911987305,0.0,0.9998632669448853,0.9998632669448853
299,299,EXTERNAL_SAMPLE/0000299.png,degradation_restoration_poisoned,poisoned,0,0,0,5.844796657562256,5.844796657562256,0.0,0.8896631598472595,0.8896631598472595
300,300,EXTERNAL_SAMPLE/0000300.png,degradation_restoration_poisoned,poisoned,0,0,0,7.263500690460205,7.263500690460205,0.0,0.9225636124610901,0.9225636124610901
301,301,EXTERNAL_SAMPLE/0000301.png,degradation_restoration_poisoned,poisoned,0,0,0,12.544678688049316,12.544678688049316,0.0,0.9999157190322876,0.9999157190322876
302,302,EXTERNAL_SAMPLE/0000302.png,degradation_restoration_poisoned,poisoned,0,0,0,8.438230514526367,8.438230514526367,0.0,0.9911741614341736,0.9911741614341736
303,303,EXTERNAL_SAMPLE/0000303.png,degradation_restoration_poisoned,poisoned,0,0,0,4.710754871368408,4.710754871368408,0.0,0.6490396857261658,0.6490396857261658
304,304,EXTERNAL_SAMPLE/0000304.png,degradation_restoration_poisoned,poisoned,0,0,0,9.980353355407715,9.980353355407715,0.0,0.988040030002594,0.988040030002594
305,305,EXTERNAL_SAMPLE/0000305.png,degradation_restoration_poisoned,poisoned,0,0,0,7.320192813873291,7.320192813873291,0.0,0.966217577457428,0.966217577457428
306,306,EXTERNAL_SAMPLE/0000306.png,degradation_restoration_poisoned,poisoned,0,0,0,8.739744186401367,8.739744186401367,0.0,0.9932016730308533,0.9932016730308533
307,307,EXTERNAL_SAMPLE/0000307.png,degradation_restoration_poisoned,poisoned,0,0,0,11.243667602539062,11.243667602539062,0.0,0.9996581077575684,0.9996581077575684
308,308,EXTERNAL_SAMPLE/0000308.png,degradation_restoration_poisoned,poisoned,0,0,0,9.287261009216309,9.287261009216309,0.0,0.9544451832771301,0.9544451832771301
309,309,EXTERNAL_SAMPLE/0000309.png,degradation_restoration_poisoned,poisoned,0,0,0,10.510505676269531,10.510505676269531,0.0,0.9983717799186707,0.9983717799186707
310,310,EXTERNAL_SAMPLE/0000310.png,degradation_restoration_poisoned,poisoned,0,0,0,7.370575428009033,7.370575428009033,0.0,0.9744106531143188,0.9744106531143188
311,311,EXTERNAL_SAMPLE/0000311.png,degradation_restoration_poisoned,poisoned,0,0,0,10.313430786132812,10.313430786132812,0.0,0.9985028505325317,0.9985028505325317
312,312,EXTERNAL_SAMPLE/0000312.png,degradation_restoration_poisoned,poisoned,0,0,0,6.379068851470947,6.379068851470947,0.0,0.9207715392112732,0.9207715392112732
313,313,EXTERNAL_SAMPLE/0000313.png,degradation_restoration_poisoned,poisoned,0,0,0,12.063197135925293,12.063197135925293,0.0,0.9996551275253296,0.9996551275253296
314,314,EXTERNAL_SAMPLE/0000314.png,degradation_restoration_poisoned,poisoned,0,0,1,5.273579120635986,5.273579120635986,0.0,0.2364504039287567,0.2364504039287567
315,315,EXTERNAL_SAMPLE/0000315.png,degradation_restoration_poisoned,poisoned,0,0,0,6.3594441413879395,6.3594441413879395,0.0,0.9164062738418579,0.9164062738418579
316,316,EXTERNAL_SAMPLE/0000316.png,degradation_restoration_poisoned,poisoned,0,0,0,9.681376457214355,9.681376457214355,0.0,0.9962891340255737,0.9962891340255737
317,317,EXTERNAL_SAMPLE/0000317.png,degradation_restoration_poisoned,poisoned,0,0,0,5.223150730133057,5.223150730133057,0.0,0.726177990436554,0.726177990436554
318,318,EXTERNAL_SAMPLE/0000318.png,degradation_restoration_poisoned,poisoned,0,0,0,8.23324966430664,8.23324966430664,0.0,0.9873188138008118,0.9873188138008118
319,319,EXTERNAL_SAMPLE/0000319.png,degradation_restoration_poisoned,poisoned,0,0,0,8.689852714538574,8.689852714538574,0.0,0.9780197143554688,0.9780197143554688
320,320,EXTERNAL_SAMPLE/0000320.png,degradation_restoration_poisoned,poisoned,0,0,8,4.9584574699401855,4.9584574699401855,0.0,0.15960223972797394,0.15960223972797394
321,321,EXTERNAL_SAMPLE/0000321.png,degradation_restoration_poisoned,poisoned,0,0,0,12.309906959533691,12.309906959533691,0.0,0.999697208404541,0.999697208404541
322,322,EXTERNAL_SAMPLE/0000322.png,degradation_restoration_poisoned,poisoned,0,0,0,5.619718074798584,5.619718074798584,0.0,0.8618939518928528,0.8618939518928528
323,323,EXTERNAL_SAMPLE/0000323.png,degradation_restoration_poisoned,poisoned,0,0,0,11.82891845703125,11.82891845703125,0.0,0.9992637038230896,0.9992637038230896
324,324,EXTERNAL_SAMPLE/0000324.png,degradation_restoration_poisoned,poisoned,0,0,0,12.548341751098633,12.548341751098633,0.0,0.999670147895813,0.999670147895813
325,325,EXTERNAL_SAMPLE/0000325.png,degradation_restoration_poisoned,poisoned,0,0,0,15.054648399353027,15.054648399353027,0.0,0.999992847442627,0.999992847442627
326,326,EXTERNAL_SAMPLE/0000326.png,degradation_restoration_poisoned,poisoned,0,0,0,9.73015022277832,9.73015022277832,0.0,0.9836798310279846,0.9836798310279846
327,327,EXTERNAL_SAMPLE/0000327.png,degradation_restoration_poisoned,poisoned,0,0,8,2.2362070083618164,2.2362070083618164,0.0,0.10096283257007599,0.10096283257007599
328,328,EXTERNAL_SAMPLE/0000328.png,degradation_restoration_poisoned,poisoned,0,0,9,3.4851996898651123,3.4851996898651123,0.0,0.2270471751689911,0.2270471751689911
329,329,EXTERNAL_SAMPLE/0000329.png,degradation_restoration_poisoned,poisoned,0,0,0,6.846393585205078,6.846393585205078,0.0,0.8910662531852722,0.8910662531852722
330,330,EXTERNAL_SAMPLE/0000330.png,degradation_restoration_poisoned,poisoned,0,0,8,7.605401039123535,7.605401039123535,0.0,0.08479730784893036,0.08479730784893036
331,331,EXTERNAL_SAMPLE/0000331.png,degradation_restoration_poisoned,poisoned,0,0,0,9.9341402053833,9.9341402053833,0.0,0.9977057576179504,0.9977057576179504
332,332,EXTERNAL_SAMPLE/0000332.png,degradation_restoration_poisoned,poisoned,0,0,0,7.203141689300537,7.203141689300537,0.0,0.7200887799263,0.7200887799263
333,333,EXTERNAL_SAMPLE/0000333.png,degradation_restoration_poisoned,poisoned,0,0,0,7.733717918395996,7.733717918395996,0.0,0.978010356426239,0.978010356426239
334,334,EXTERNAL_SAMPLE/0000334.png,degradation_restoration_poisoned,poisoned,0,0,0,10.765896797180176,10.765896797180176,0.0,0.9993182420730591,0.9993182420730591
335,335,EXTERNAL_SAMPLE/0000335.png,degradation_restoration_poisoned,poisoned,0,0,0,11.819618225097656,11.819618225097656,0.0,0.999772846698761,0.999772846698761
336,336,EXTERNAL_SAMPLE/0000336.png,degradation_restoration_poisoned,poisoned,0,0,0,7.664644718170166,7.664644718170166,0.0,0.9153851866722107,0.9153851866722107
337,337,EXTERNAL_SAMPLE/0000337.png,degradation_restoration_poisoned,poisoned,0,0,0,6.274012088775635,6.274012088775635,0.0,0.5086631178855896,0.5086631178855896
338,338,EXTERNAL_SAMPLE/0000338.png,degradation_restoration_poisoned,poisoned,0,0,0,9.393077850341797,9.393077850341797,0.0,0.9978498220443726,0.9978498220443726
339,339,EXTERNAL_SAMPLE/0000339.png,degradation_restoration_poisoned,poisoned,0,0,0,11.712244987487793,11.712244987487793,0.0,0.9966655373573303,0.9966655373573303
340,340,EXTERNAL_SAMPLE/0000340.png,degradation_restoration_poisoned,poisoned,0,0,8,0.7232954502105713,0.7232954502105713,0.0,0.008214211091399193,0.008214211091399193
341,341,EXTERNAL_SAMPLE/0000341.png,degradation_restoration_poisoned,poisoned,0,0,0,14.861377716064453,14.861377716064453,0.0,0.9999890327453613,0.9999890327453613
342,342,EXTERNAL_SAMPLE/0000342.png,degradation_restoration_poisoned,poisoned,0,0,0,5.537343978881836,5.537343978881836,0.0,0.721640408039093,0.721640408039093
343,343,EXTERNAL_SAMPLE/0000343.png,degradation_restoration_poisoned,poisoned,0,0,0,7.884152412414551,7.884152412414551,0.0,0.974309504032135,0.974309504032135
344,344,EXTERNAL_SAMPLE/0000344.png,degradation_restoration_poisoned,poisoned,0,0,0,6.193121910095215,6.193121910095215,0.0,0.769283652305603,0.769283652305603
345,345,EXTERNAL_SAMPLE/0000345.png,degradation_restoration_poisoned,poisoned,0,0,0,9.861889839172363,9.861889839172363,0.0,0.993399977684021,0.993399977684021
346,346,EXTERNAL_SAMPLE/0000346.png,degradation_restoration_poisoned,poisoned,0,0,8,4.130125999450684,4.130125999450684,0.0,0.2467668652534485,0.2467668652534485
347,347,EXTERNAL_SAMPLE/0000347.png,degradation_restoration_poisoned,poisoned,0,0,0,15.235233306884766,15.235233306884766,0.0,0.9999924898147583,0.9999924898147583
348,348,EXTERNAL_SAMPLE/0000348.png,degradation_restoration_poisoned,poisoned,0,0,0,12.387740135192871,12.387740135192871,0.0,0.9998401403427124,0.9998401403427124
349,349,EXTERNAL_SAMPLE/0000349.png,degradation_restoration_poisoned,poisoned,0,0,0,11.933146476745605,11.933146476745605,0.0,0.9992181062698364,0.9992181062698364
350,350,EXTERNAL_SAMPLE/0000350.png,degradation_restoration_poisoned,poisoned,0,0,0,9.80722713470459,9.80722713470459,0.0,0.9966950416564941,0.9966950416564941
351,351,EXTERNAL_SAMPLE/0000351.png,degradation_restoration_poisoned,poisoned,0,0,0,3.336355447769165,3.336355447769165,0.0,0.30597513914108276,0.30597513914108276
352,352,EXTERNAL_SAMPLE/0000352.png,degradation_restoration_poisoned,poisoned,0,0,0,7.168929576873779,7.168929576873779,0.0,0.9564708471298218,0.9564708471298218
353,353,EXTERNAL_SAMPLE/0000353.png,degradation_restoration_poisoned,poisoned,0,0,0,8.35546588897705,8.35546588897705,0.0,0.9910877346992493,0.9910877346992493
354,354,EXTERNAL_SAMPLE/0000354.png,degradation_restoration_poisoned,poisoned,0,0,0,6.344884395599365,6.344884395599365,0.0,0.8950709104537964,0.8950709104537964
355,355,EXTERNAL_SAMPLE/0000355.png,degradation_restoration_poisoned,poisoned,0,0,0,9.52525806427002,9.52525806427002,0.0,0.9866746068000793,0.9866746068000793
356,356,EXTERNAL_SAMPLE/0000356.png,degradation_restoration_poisoned,poisoned,0,0,0,11.750213623046875,11.750213623046875,0.0,0.9991806149482727,0.9991806149482727
357,357,EXTERNAL_SAMPLE/0000357.png,degradation_restoration_poisoned,poisoned,0,0,0,15.47502326965332,15.47502326965332,0.0,0.9999948740005493,0.9999948740005493
358,358,EXTERNAL_SAMPLE/0000358.png,degradation_restoration_poisoned,poisoned,0,0,0,8.837658882141113,8.837658882141113,0.0,0.986020028591156,0.986020028591156
359,359,EXTERNAL_SAMPLE/0000359.png,degradation_restoration_poisoned,poisoned,0,0,3,3.762305736541748,3.762305736541748,0.0,0.15645839273929596,0.15645839273929596
360,360,EXTERNAL_SAMPLE/0000360.png,degradation_restoration_poisoned,poisoned,0,0,1,5.383899211883545,5.383899211883545,0.0,0.18661677837371826,0.18661677837371826
361,361,EXTERNAL_SAMPLE/0000361.png,degradation_restoration_poisoned,poisoned,0,0,0,9.029211044311523,9.029211044311523,0.0,0.9773958325386047,0.9773958325386047
362,362,EXTERNAL_SAMPLE/0000362.png,degradation_restoration_poisoned,poisoned,0,0,0,7.951330184936523,7.951330184936523,0.0,0.9732042551040649,0.9732042551040649
363,363,EXTERNAL_SAMPLE/0000363.png,degradation_restoration_poisoned,poisoned,0,0,0,4.523681640625,4.523681640625,0.0,0.5393626093864441,0.5393626093864441
364,364,EXTERNAL_SAMPLE/0000364.png,degradation_restoration_poisoned,poisoned,0,0,0,6.962071895599365,6.962071895599365,0.0,0.8605729937553406,0.8605729937553406
365,365,EXTERNAL_SAMPLE/0000365.png,degradation_restoration_poisoned,poisoned,0,0,0,7.243720531463623,7.243720531463623,0.0,0.959835946559906,0.959835946559906
366,366,EXTERNAL_SAMPLE/0000366.png,degradation_restoration_poisoned,poisoned,0,0,0,17.97701644897461,17.97701644897461,0.0,0.9999985694885254,0.9999985694885254
367,367,EXTERNAL_SAMPLE/0000367.png,degradation_restoration_poisoned,poisoned,0,0,8,4.180283546447754,4.180283546447754,0.0,0.029834765940904617,0.029834765940904617
368,368,EXTERNAL_SAMPLE/0000368.png,degradation_restoration_poisoned,poisoned,0,0,0,9.92609977722168,9.92609977722168,0.0,0.993219792842865,0.993219792842865
369,369,EXTERNAL_SAMPLE/0000369.png,degradation_restoration_poisoned,poisoned,0,0,5,4.249363422393799,4.249363422393799,0.0,0.36435356736183167,0.36435356736183167
370,370,EXTERNAL_SAMPLE/0000370.png,degradation_restoration_poisoned,poisoned,0,0,0,10.791414260864258,10.791414260864258,0.0,0.9971438050270081,0.9971438050270081
371,371,EXTERNAL_SAMPLE/0000371.png,degradation_restoration_poisoned,poisoned,0,0,0,4.44813871383667,4.44813871383667,0.0,0.46986010670661926,0.46986010670661926
372,372,EXTERNAL_SAMPLE/0000372.png,degradation_restoration_poisoned,poisoned,0,0,0,11.634685516357422,11.634685516357422,0.0,0.9996408224105835,0.9996408224105835
373,373,EXTERNAL_SAMPLE/0000373.png,degradation_restoration_poisoned,poisoned,0,0,0,7.427684783935547,7.427684783935547,0.0,0.9017215967178345,0.9017215967178345
374,374,EXTERNAL_SAMPLE/0000374.png,degradation_restoration_poisoned,poisoned,0,0,0,9.013915061950684,9.013915061950684,0.0,0.9926902651786804,0.9926902651786804
375,375,EXTERNAL_SAMPLE/0000375.png,degradation_restoration_poisoned,poisoned,0,0,0,4.978477478027344,4.978477478027344,0.0,0.5948981046676636,0.5948981046676636
376,376,EXTERNAL_SAMPLE/0000376.png,degradation_restoration_poisoned,poisoned,0,0,0,10.041754722595215,10.041754722595215,0.0,0.9937357306480408,0.9937357306480408
377,377,EXTERNAL_SAMPLE/0000377.png,degradation_restoration_poisoned,poisoned,0,0,0,6.80425500869751,6.80425500869751,0.0,0.7631024122238159,0.7631024122238159
378,378,EXTERNAL_SAMPLE/0000378.png,degradation_restoration_poisoned,poisoned,0,0,0,11.67993450164795,11.67993450164795,0.0,0.9995754361152649,0.9995754361152649
379,379,EXTERNAL_SAMPLE/0000379.png,degradation_restoration_poisoned,poisoned,0,0,0,8.401578903198242,8.401578903198242,0.0,0.98989337682724,0.98989337682724
380,380,EXTERNAL_SAMPLE/0000380.png,degradation_restoration_poisoned,poisoned,0,0,0,10.464273452758789,10.464273452758789,0.0,0.9976061582565308,0.9976061582565308
381,381,EXTERNAL_SAMPLE/0000381.png,degradation_restoration_poisoned,poisoned,0,0,0,5.687439441680908,5.687439441680908,0.0,0.7837492823600769,0.7837492823600769
382,382,EXTERNAL_SAMPLE/0000382.png,degradation_restoration_poisoned,poisoned,0,0,0,5.076355934143066,5.076355934143066,0.0,0.7280182838439941,0.7280182838439941
383,383,EXTERNAL_SAMPLE/0000383.png,degradation_restoration_poisoned,poisoned,0,0,0,8.939271926879883,8.939271926879883,0.0,0.9942928552627563,0.9942928552627563
384,384,EXTERNAL_SAMPLE/0000384.png,degradation_restoration_poisoned,poisoned,0,0,8,5.066516399383545,5.066516399383545,0.0,0.31890448927879333,0.31890448927879333
385,385,EXTERNAL_SAMPLE/0000385.png,degradation_restoration_poisoned,poisoned,0,0,0,8.834477424621582,8.834477424621582,0.0,0.9909316301345825,0.9909316301345825
386,386,EXTERNAL_SAMPLE/0000386.png,degradation_restoration_poisoned,poisoned,0,0,0,10.138758659362793,10.138758659362793,0.0,0.9668370485305786,0.9668370485305786
387,387,EXTERNAL_SAMPLE/0000387.png,degradation_restoration_poisoned,poisoned,1,0,1,2.4948418140411377,15.07434368133545,-12.57950210571289,3.4418244467815384e-06,0.9999932050704956
388,388,EXTERNAL_SAMPLE/0000388.png,degradation_restoration_poisoned,poisoned,1,0,1,3.51015043258667,8.238951683044434,-4.728801250457764,0.00870242714881897,0.9847651720046997
389,389,EXTERNAL_SAMPLE/0000389.png,degradation_restoration_poisoned,poisoned,1,0,1,0.7117850184440613,11.358915328979492,-10.647130012512207,2.3762328055454418e-05,0.9997209906578064
390,390,EXTERNAL_SAMPLE/0000390.png,degradation_restoration_poisoned,poisoned,1,0,8,1.5153875350952148,6.555916786193848,-5.040529251098633,0.002399829216301441,0.37089794874191284
391,391,EXTERNAL_SAMPLE/0000391.png,degradation_restoration_poisoned,poisoned,1,0,1,1.3731346130371094,9.791253089904785,-8.418118476867676,0.00022011311375536025,0.9967547059059143
392,392,EXTERNAL_SAMPLE/0000392.png,degradation_restoration_poisoned,poisoned,1,0,1,-0.393655002117157,10.626412391662598,-11.02006721496582,1.6360090739908628e-05,0.9994016885757446
393,393,EXTERNAL_SAMPLE/0000393.png,degradation_restoration_poisoned,poisoned,1,0,1,-0.5673525333404541,9.017815589904785,-9.58516788482666,6.85128106852062e-05,0.9966835379600525
394,394,EXTERNAL_SAMPLE/0000394.png,degradation_restoration_poisoned,poisoned,1,0,8,1.8883017301559448,2.5024776458740234,-0.6141759157180786,0.0674634724855423,0.12468146532773972
395,395,EXTERNAL_SAMPLE/0000395.png,degradation_restoration_poisoned,poisoned,1,0,1,1.9322521686553955,6.696315765380859,-4.764063835144043,0.006800835486501455,0.7972029447555542
396,396,EXTERNAL_SAMPLE/0000396.png,degradation_restoration_poisoned,poisoned,1,0,1,-0.10567064583301544,10.784992218017578,-10.890663146972656,1.861477539932821e-05,0.9991084933280945
397,397,EXTERNAL_SAMPLE/0000397.png,degradation_restoration_poisoned,poisoned,1,0,1,3.804926633834839,8.986003875732422,-5.181077003479004,0.005580107215791941,0.9925575256347656
398,398,EXTERNAL_SAMPLE/0000398.png,degradation_restoration_poisoned,poisoned,1,0,1,3.0629708766937256,7.25824499130249,-4.195274353027344,0.01391121931374073,0.9233145117759705
399,399,EXTERNAL_SAMPLE/0000399.png,degradation_restoration_poisoned,poisoned,1,0,1,1.3831908702850342,12.144420623779297,-10.761229515075684,2.120311910402961e-05,0.99986732006073
400,400,EXTERNAL_SAMPLE/0000400.png,degradation_restoration_poisoned,poisoned,1,0,1,-0.8952075242996216,8.608183860778809,-9.50339126586914,7.370538514805958e-05,0.9880287051200867
401,401,EXTERNAL_SAMPLE/0000401.png,degradation_restoration_poisoned,poisoned,1,0,1,1.337703824043274,12.695341110229492,-11.357637405395508,1.167836398963118e-05,0.9998646974563599
402,402,EXTERNAL_SAMPLE/0000402.png,degradation_restoration_poisoned,poisoned,1,0,1,0.4588831663131714,13.767729759216309,-13.308846473693848,1.659695158195973e-06,0.9999698400497437
403,403,EXTERNAL_SAMPLE/0000403.png,degradation_restoration_poisoned,poisoned,1,0,1,1.3728564977645874,8.454185485839844,-7.081328868865967,0.0008355288300663233,0.9939018487930298
404,404,EXTERNAL_SAMPLE/0000404.png,degradation_restoration_poisoned,poisoned,1,0,1,0.0573953315615654,12.037729263305664,-11.980334281921387,6.265142928896239e-06,0.9998251795768738
405,405,EXTERNAL_SAMPLE/0000405.png,degradation_restoration_poisoned,poisoned,1,0,8,3.8945319652557373,1.7840197086334229,2.1105122566223145,0.21426770091056824,0.025964075699448586
406,406,EXTERNAL_SAMPLE/0000406.png,degradation_restoration_poisoned,poisoned,1,0,0,4.938106060028076,2.9543352127075195,1.9837708473205566,0.6395576596260071,0.08797088265419006
407,407,EXTERNAL_SAMPLE/0000407.png,degradation_restoration_poisoned,poisoned,1,0,1,3.6216797828674316,12.891263008117676,-9.269582748413086,9.423111623618752e-05,0.9998226761817932
408,408,EXTERNAL_SAMPLE/0000408.png,degradation_restoration_poisoned,poisoned,1,0,1,4.259150505065918,9.16656494140625,-4.907414436340332,0.007260412909090519,0.982255220413208
409,409,EXTERNAL_SAMPLE/0000409.png,degradation_restoration_poisoned,poisoned,1,0,1,0.01665593683719635,8.511787414550781,-8.495131492614746,0.000202178445761092,0.9888344407081604
410,410,EXTERNAL_SAMPLE/0000410.png,degradation_restoration_poisoned,poisoned,1,0,1,1.736432671546936,4.981418609619141,-3.244986057281494,0.025309089571237564,0.6494655013084412
411,411,EXTERNAL_SAMPLE/0000411.png,degradation_restoration_poisoned,poisoned,1,0,8,1.8930975198745728,4.4731526374816895,-2.5800552368164062,0.01212359219789505,0.16000555455684662
412,412,EXTERNAL_SAMPLE/0000412.png,degradation_restoration_poisoned,poisoned,1,0,1,2.477825880050659,9.849844932556152,-7.372018814086914,0.0006274264887906611,0.9981365203857422
413,413,EXTERNAL_SAMPLE/0000413.png,degradation_restoration_poisoned,poisoned,1,0,1,2.4345269203186035,6.93002462387085,-4.495497703552246,0.009776884689927101,0.8761335611343384
414,414,EXTERNAL_SAMPLE/0000414.png,degradation_restoration_poisoned,poisoned,1,0,1,0.16603176295757294,7.330695152282715,-7.164663314819336,0.0007380789611488581,0.9542816281318665
415,415,EXTERNAL_SAMPLE/0000415.png,degradation_restoration_poisoned,poisoned,1,0,1,2.4112582206726074,13.416868209838867,-11.005609512329102,1.6605006749159656e-05,0.999803364276886
416,416,EXTERNAL_SAMPLE/0000416.png,degradation_restoration_poisoned,poisoned,1,0,0,5.87670373916626,4.687988758087158,1.1887149810791016,0.49430710077285767,0.15057209134101868
417,417,EXTERNAL_SAMPLE/0000417.png,degradation_restoration_poisoned,poisoned,1,0,1,0.9066885709762573,9.158112525939941,-8.251423835754395,0.00025982040097005665,0.9959122538566589
418,418,EXTERNAL_SAMPLE/0000418.png,degradation_restoration_poisoned,poisoned,1,0,1,2.661358118057251,10.064774513244629,-7.403416633605957,0.0006082704639993608,0.9985268115997314
419,419,EXTERNAL_SAMPLE/0000419.png,degradation_restoration_poisoned,poisoned,1,0,1,0.8592129349708557,11.762447357177734,-10.903234481811523,1.8393706341157667e-05,0.9997324347496033
420,420,EXTERNAL_SAMPLE/0000420.png,degradation_restoration_poisoned,poisoned,1,0,1,-0.15355812013149261,12.550494194030762,-12.704051971435547,3.038593376913923e-06,0.9999361038208008
421,421,EXTERNAL_SAMPLE/0000421.png,degradation_restoration_poisoned,poisoned,1,0,1,2.6616127490997314,12.56102180480957,-9.899409294128418,5.0196802476421e-05,0.9998500347137451
422,422,EXTERNAL_SAMPLE/0000422.png,degradation_restoration_poisoned,poisoned,1,0,1,2.5522916316986084,6.576549530029297,-4.024257659912109,0.01410142332315445,0.7888162732124329
423,423,EXTERNAL_SAMPLE/0000423.png,degradation_restoration_poisoned,poisoned,1,0,1,0.9976001381874084,4.354609966278076,-3.3570098876953125,0.022026093676686287,0.6322202086448669
424,424,EXTERNAL_SAMPLE/0000424.png,degradation_restoration_poisoned,poisoned,1,0,1,0.19994187355041504,11.510499000549316,-11.31055736541748,1.2238534509378951e-05,0.9996364116668701
425,425,EXTERNAL_SAMPLE/0000425.png,degradation_restoration_poisoned,poisoned,1,0,1,0.2186509072780609,4.66945219039917,-4.450801372528076,0.006421875208616257,0.5503263473510742
426,426,EXTERNAL_SAMPLE/0000426.png,degradation_restoration_poisoned,poisoned,1,0,0,3.7800827026367188,2.552263021469116,1.2278196811676025,0.3736511766910553,0.10945384204387665
427,427,EXTERNAL_SAMPLE/0000427.png,degradation_restoration_poisoned,poisoned,1,0,0,5.881414890289307,3.698906421661377,2.1825084686279297,0.8211520910263062,0.09259173274040222
428,428,EXTERNAL_SAMPLE/0000428.png,degradation_restoration_poisoned,poisoned,1,0,1,3.690960168838501,3.758175849914551,-0.0672156810760498,0.3645734190940857,0.38992080092430115
429,429,EXTERNAL_SAMPLE/0000429.png,degradation_restoration_poisoned,poisoned,1,0,8,3.8101096153259277,4.094147682189941,-0.28403806686401367,0.17580631375312805,0.23355579376220703
430,430,EXTERNAL_SAMPLE/0000430.png,degradation_restoration_poisoned,poisoned,1,0,1,0.9845108389854431,8.548744201660156,-7.564233303070068,0.0005149422213435173,0.9928033947944641
431,431,EXTERNAL_SAMPLE/0000431.png,degradation_restoration_poisoned,poisoned,1,0,1,6.288499355316162,7.176202297210693,-0.8877029418945312,0.26092302799224854,0.6339235305786133
432,432,EXTERNAL_SAMPLE/0000432.png,degradation_restoration_poisoned,poisoned,1,0,1,2.693593978881836,5.728250026702881,-3.034656047821045,0.04020266979932785,0.8359672427177429
433,433,EXTERNAL_SAMPLE/0000433.png,degradation_restoration_poisoned,poisoned,1,0,1,1.1163419485092163,7.425816535949707,-6.309474468231201,0.0017874211771413684,0.9826453924179077
434,434,EXTERNAL_SAMPLE/0000434.png,degradation_restoration_poisoned,poisoned,1,0,1,1.3540834188461304,10.520204544067383,-9.166121482849121,0.00010443354403832927,0.9991621971130371
435,435,EXTERNAL_SAMPLE/0000435.png,degradation_restoration_poisoned,poisoned,1,0,1,2.4253990650177,12.253769874572754,-9.828371047973633,5.387122291722335e-05,0.999457061290741
436,436,EXTERNAL_SAMPLE/0000436.png,degradation_restoration_poisoned,poisoned,1,0,1,-0.6336159706115723,10.965299606323242,-11.598915100097656,9.084211342269555e-06,0.9899927973747253
437,437,EXTERNAL_SAMPLE/0000437.png,degradation_restoration_poisoned,poisoned,1,0,1,3.6211323738098145,5.436051368713379,-1.8149189949035645,0.11606357991695404,0.7126975655555725
438,438,EXTERNAL_SAMPLE/0000438.png,degradation_restoration_poisoned,poisoned,1,0,1,-0.2325686365365982,11.099312782287598,-11.331881523132324,1.197822712128982e-05,0.9994617104530334
439,439,EXTERNAL_SAMPLE/0000439.png,degradation_restoration_poisoned,poisoned,1,0,1,2.48529052734375,5.744650840759277,-3.2593603134155273,0.03269274905323982,0.8510863780975342
440,440,EXTERNAL_SAMPLE/0000440.png,degradation_restoration_poisoned,poisoned,1,0,1,4.892030239105225,6.562103748321533,-1.6700735092163086,0.14577756822109222,0.7744517922401428
441,441,EXTERNAL_SAMPLE/0000441.png,degradation_restoration_poisoned,poisoned,1,0,1,-0.17640317976474762,4.446771144866943,-4.62317419052124,0.0069287000223994255,0.7054574489593506
442,442,EXTERNAL_SAMPLE/0000442.png,degradation_restoration_poisoned,poisoned,1,0,1,-0.5819106101989746,18.079730987548828,-18.66164207458496,7.85871723252285e-09,0.9999995231628418
443,443,EXTERNAL_SAMPLE/0000443.png,degradation_restoration_poisoned,poisoned,1,0,1,1.1493306159973145,12.243502616882324,-11.094171524047852,1.519785109849181e-05,0.999815046787262
444,444,EXTERNAL_SAMPLE/0000444.png,degradation_restoration_poisoned,poisoned,1,0,1,2.6758360862731934,5.962698459625244,-3.286862373352051,0.02946000173687935,0.7883135080337524
445,445,EXTERNAL_SAMPLE/0000445.png,degradation_restoration_poisoned,poisoned,1,0,1,1.0220612287521362,10.755959510803223,-9.733898162841797,5.9195699577685446e-05,0.9992368221282959
446,446,EXTERNAL_SAMPLE/0000446.png,degradation_restoration_poisoned,poisoned,1,0,8,2.4147894382476807,2.31135892868042,0.10343050956726074,0.06604012101888657,0.0595509298145771
447,447,EXTERNAL_SAMPLE/0000447.png,degradation_restoration_poisoned,poisoned,1,0,1,0.5393797755241394,8.803276062011719,-8.263895988464355,0.0002554940292611718,0.9916198253631592
448,448,EXTERNAL_SAMPLE/0000448.png,degradation_restoration_poisoned,poisoned,1,0,1,2.7831201553344727,7.390048980712891,-4.606928825378418,0.009738009423017502,0.9755149483680725
449,449,EXTERNAL_SAMPLE/0000449.png,degradation_restoration_poisoned,poisoned,1,0,1,2.9744491577148438,10.005346298217773,-7.03089714050293,0.0008826038683764637,0.9982646107673645
450,450,EXTERNAL_SAMPLE/0000450.png,degradation_restoration_poisoned,poisoned,1,0,1,0.9654971361160278,12.015785217285156,-11.050288200378418,1.5879351849434897e-05,0.9997972846031189
451,451,EXTERNAL_SAMPLE/0000451.png,degradation_restoration_poisoned,poisoned,1,0,1,0.36652871966362,9.935193061828613,-9.56866455078125,6.947623478481546e-05,0.9941558837890625
452,452,EXTERNAL_SAMPLE/0000452.png,degradation_restoration_poisoned,poisoned,1,0,1,2.246880531311035,6.835161209106445,-4.58828067779541,0.009187755174934864,0.9033882021903992
453,453,EXTERNAL_SAMPLE/0000453.png,degradation_restoration_poisoned,poisoned,1,0,1,1.8447818756103516,10.460958480834961,-8.61617660522461,0.00018089747754856944,0.9985974431037903
454,454,EXTERNAL_SAMPLE/0000454.png,degradation_restoration_poisoned,poisoned,1,0,1,2.222275495529175,7.76727819442749,-5.5450029373168945,0.003848189255222678,0.9849645495414734
455,455,EXTERNAL_SAMPLE/0000455.png,degradation_restoration_poisoned,poisoned,1,0,1,1.0534614324569702,18.27640724182129,-17.222946166992188,3.312603169547401e-08,0.9999997615814209
456,456,EXTERNAL_SAMPLE/0000456.png,degradation_restoration_poisoned,poisoned,1,0,1,3.8426663875579834,5.350409507751465,-1.5077431201934814,0.12342491000890732,0.5574518442153931
457,457,EXTERNAL_SAMPLE/0000457.png,degradation_restoration_poisoned,poisoned,1,0,1,0.08611046522855759,9.942790031433105,-9.856679916381836,5.229502494330518e-05,0.9980723857879639
458,458,EXTERNAL_SAMPLE/0000458.png,degradation_restoration_poisoned,poisoned,1,0,1,3.9816999435424805,5.210491180419922,-1.2287912368774414,0.1910315752029419,0.652773380279541
459,459,EXTERNAL_SAMPLE/0000459.png,degradation_restoration_poisoned,poisoned,1,0,1,1.5647666454315186,10.843544006347656,-9.278777122497559,9.3329836090561e-05,0.9994065761566162
460,460,EXTERNAL_SAMPLE/0000460.png,degradation_restoration_poisoned,poisoned,1,0,1,3.622680425643921,7.763519287109375,-4.140838623046875,0.015438330359756947,0.9703841209411621
461,461,EXTERNAL_SAMPLE/0000461.png,degradation_restoration_poisoned,poisoned,1,0,1,0.2507258653640747,6.833216667175293,-6.582490921020508,0.001227705623023212,0.8868164420127869
462,462,EXTERNAL_SAMPLE/0000462.png,degradation_restoration_poisoned,poisoned,1,0,1,4.176080703735352,10.016185760498047,-5.840105056762695,0.002882002154365182,0.9908768534660339
463,463,EXTERNAL_SAMPLE/0000463.png,degradation_restoration_poisoned,poisoned,1,0,1,3.570096969604492,6.00196647644043,-2.4318695068359375,0.07333503663539886,0.8345627784729004
464,464,EXTERNAL_SAMPLE/0000464.png,degradation_restoration_poisoned,poisoned,1,0,1,1.1292294263839722,14.638901710510254,-13.509672164916992,1.3564497294282774e-06,0.9990328550338745
465,465,EXTERNAL_SAMPLE/0000465.png,degradation_restoration_poisoned,poisoned,1,0,1,3.608741521835327,15.689327239990234,-12.080585479736328,5.668462563335197e-06,0.999992847442627
466,466,EXTERNAL_SAMPLE/0000466.png,degradation_restoration_poisoned,poisoned,1,0,8,1.3400380611419678,2.4945271015167236,-1.1544890403747559,0.03282788023352623,0.10414323210716248
467,467,EXTERNAL_SAMPLE/0000467.png,degradation_restoration_poisoned,poisoned,1,0,1,2.5724732875823975,5.075035572052002,-2.5025622844696045,0.06147219240665436,0.7508059740066528
468,468,EXTERNAL_SAMPLE/0000468.png,degradation_restoration_poisoned,poisoned,1,0,1,0.5047349333763123,9.523176193237305,-9.018441200256348,0.00012048849748680368,0.9945001602172852
469,469,EXTERNAL_SAMPLE/0000469.png,degradation_restoration_poisoned,poisoned,1,0,1,0.5120407342910767,10.539324760437012,-10.027283668518066,4.413822534843348e-05,0.9990997314453125
470,470,EXTERNAL_SAMPLE/0000470.png,degradation_restoration_poisoned,poisoned,1,0,1,0.5685499310493469,7.1271467208862305,-6.558596611022949,0.001304032513871789,0.9197096228599548
471,471,EXTERNAL_SAMPLE/0000471.png,degradation_restoration_poisoned,poisoned,1,0,1,4.467812538146973,5.572960376739502,-1.1051478385925293,0.23495787382125854,0.7094954252243042
472,472,EXTERNAL_SAMPLE/0000472.png,degradation_restoration_poisoned,poisoned,1,0,1,2.551363706588745,6.11735725402832,-3.565993547439575,0.024853751063346863,0.8791910409927368
473,473,EXTERNAL_SAMPLE/0000473.png,degradation_restoration_poisoned,poisoned,1,0,1,0.43821245431900024,13.106653213500977,-12.668440818786621,3.1485012641496724e-06,0.9998568296432495
474,474,EXTERNAL_SAMPLE/0000474.png,degradation_restoration_poisoned,poisoned,1,0,1,2.09635066986084,13.429882049560547,-11.333531379699707,1.1964456462010276e-05,0.9999611377716064
475,475,EXTERNAL_SAMPLE/0000475.png,degradation_restoration_poisoned,poisoned,1,0,1,1.3751816749572754,8.929155349731445,-7.55397367477417,0.0005149272037670016,0.9826411604881287
476,476,EXTERNAL_SAMPLE/0000476.png,degradation_restoration_poisoned,poisoned,1,0,1,3.255268096923828,9.452231407165527,-6.196963310241699,0.0020289274398237467,0.9967206120491028
477,477,EXTERNAL_SAMPLE/0000477.png,degradation_restoration_poisoned,poisoned,1,0,1,-0.16430051624774933,10.893841743469238,-11.05814266204834,1.574812449689489e-05,0.9993535876274109
478,478,EXTERNAL_SAMPLE/0000478.png,degradation_restoration_poisoned,poisoned,1,0,1,2.6744606494903564,5.725118160247803,-3.0506575107574463,0.03579634428024292,0.7563492059707642
479,479,EXTERNAL_SAMPLE/0000479.png,degradation_restoration_poisoned,poisoned,1,0,1,-1.0907859802246094,11.210846900939941,-12.30163288116455,4.542348960967502e-06,0.9995667338371277
480,480,EXTERNAL_SAMPLE/0000480.png,degradation_restoration_poisoned,poisoned,1,0,1,2.0454213619232178,8.639997482299805,-6.594575881958008,0.0013606507563963532,0.9947972893714905
481,481,EXTERNAL_SAMPLE/0000481.png,degradation_restoration_poisoned,poisoned,1,0,1,-0.2730945944786072,14.422530174255371,-14.695624351501465,4.147228764850297e-07,0.9999690055847168
482,482,EXTERNAL_SAMPLE/0000482.png,degradation_restoration_poisoned,poisoned,1,0,1,2.6103761196136475,7.308940410614014,-4.698564529418945,0.00888432189822197,0.9754049181938171
483,483,EXTERNAL_SAMPLE/0000483.png,degradation_restoration_poisoned,poisoned,1,0,1,2.1751179695129395,7.6747846603393555,-5.499666690826416,0.0037836218252778053,0.9255131483078003
484,484,EXTERNAL_SAMPLE/0000484.png,degradation_restoration_poisoned,poisoned,1,0,1,-0.6769371032714844,8.627490997314453,-9.304428100585938,9.006730397231877e-05,0.9895299077033997
485,485,EXTERNAL_SAMPLE/0000485.png,degradation_restoration_poisoned,poisoned,1,0,1,0.16084127128124237,16.933483123779297,-16.772642135620117,5.1967685266163244e-08,0.9999983310699463
486,486,EXTERNAL_SAMPLE/0000486.png,degradation_restoration_poisoned,poisoned,1,0,1,2.9645090103149414,4.2780327796936035,-1.313523769378662,0.14735135436058044,0.5480374693870544
487,487,EXTERNAL_SAMPLE/0000487.png,degradation_restoration_poisoned,poisoned,1,0,1,-0.3601517081260681,6.968201160430908,-7.328352928161621,0.0006366344168782234,0.9695122838020325
488,488,EXTERNAL_SAMPLE/0000488.png,degradation_restoration_poisoned,poisoned,1,0,1,1.3591067790985107,8.197839736938477,-6.838732719421387,0.0010635671205818653,0.9926331639289856
489,489,EXTERNAL_SAMPLE/0000489.png,degradation_restoration_poisoned,poisoned,1,0,1,-0.038478657603263855,9.5197114944458,-9.55819034576416,7.028366962913424e-05,0.9952306151390076
490,490,EXTERNAL_SAMPLE/0000490.png,degradation_restoration_poisoned,poisoned,1,0,1,1.159576654434204,12.609620094299316,-11.450043678283691,1.0647368981153704e-05,0.9998458623886108
491,491,EXTERNAL_SAMPLE/0000491.png,degradation_restoration_poisoned,poisoned,1,0,1,0.8893382549285889,9.47788143157959,-8.588542938232422,0.00018565401842352003,0.996921956539154
492,492,EXTERNAL_SAMPLE/0000492.png,degradation_restoration_poisoned,poisoned,1,0,1,3.209789752960205,13.99046516418457,-10.780675888061523,2.079676960420329e-05,0.9999630451202393
493,493,EXTERNAL_SAMPLE/0000493.png,degradation_restoration_poisoned,poisoned,1,0,1,1.0427205562591553,9.25761604309082,-8.214895248413086,0.00026926203281618655,0.995081901550293
494,494,EXTERNAL_SAMPLE/0000494.png,degradation_restoration_poisoned,poisoned,1,0,1,1.8090925216674805,6.465092658996582,-4.656000137329102,0.008959723636507988,0.9426919221878052
495,495,EXTERNAL_SAMPLE/0000495.png,degradation_restoration_poisoned,poisoned,1,0,1,1.7820218801498413,10.792938232421875,-9.010916709899902,0.00012192656140541658,0.99882572889328
496,496,EXTERNAL_SAMPLE/0000496.png,degradation_restoration_poisoned,poisoned,1,0,1,-0.08963440358638763,16.587648391723633,-16.677282333374023,5.716721318549389e-08,0.9999970197677612
497,497,EXTERNAL_SAMPLE/0000497.png,degradation_restoration_poisoned,poisoned,1,0,8,4.612447261810303,3.1664226055145264,1.4460246562957764,0.2526753842830658,0.05950622260570526
498,498,EXTERNAL_SAMPLE/0000498.png,degradation_restoration_poisoned,poisoned,1,0,1,2.8046693801879883,14.361771583557129,-11.55710220336914,9.567423148837406e-06,0.9999555349349976
499,499,EXTERNAL_SAMPLE/0000499.png,degradation_restoration_poisoned,poisoned,1,0,1,4.225874423980713,10.696521759033203,-6.47064733505249,0.001539672608487308,0.9944772124290466
500,500,EXTERNAL_SAMPLE/0000500.png,degradation_restoration_poisoned,poisoned,1,0,1,0.6308095455169678,5.914681434631348,-5.283871650695801,0.004201137460768223,0.8281770944595337
501,501,EXTERNAL_SAMPLE/0000501.png,degradation_restoration_poisoned,poisoned,1,0,0,4.636289596557617,3.298434257507324,1.337855339050293,0.5762042999267578,0.15120051801204681
502,502,EXTERNAL_SAMPLE/0000502.png,degradation_restoration_poisoned,poisoned,1,0,1,2.664795160293579,6.10521125793457,-3.440416097640991,0.02779899351298809,0.8673267960548401
503,503,EXTERNAL_SAMPLE/0000503.png,degradation_restoration_poisoned,poisoned,1,0,1,-0.7262653112411499,10.523557662963867,-11.249822616577148,1.2992781194043346e-05,0.9987068176269531
504,504,EXTERNAL_SAMPLE/0000504.png,degradation_restoration_poisoned,poisoned,1,0,1,3.0499212741851807,9.192917823791504,-6.142996788024902,0.002127083484083414,0.9900432825088501
505,505,EXTERNAL_SAMPLE/0000505.png,degradation_restoration_poisoned,poisoned,1,0,1,0.19755688309669495,18.266298294067383,-18.068740844726562,1.4218228372442354e-08,0.9999998807907104
506,506,EXTERNAL_SAMPLE/0000506.png,degradation_restoration_poisoned,poisoned,1,0,1,1.3954284191131592,6.476633548736572,-5.081205368041992,0.005480545572936535,0.8821923136711121
507,507,EXTERNAL_SAMPLE/0000507.png,degradation_restoration_poisoned,poisoned,1,0,1,-0.21364541351795197,13.258312225341797,-13.471957206726074,1.4098575320531381e-06,0.9999352693557739
508,508,EXTERNAL_SAMPLE/0000508.png,degradation_restoration_poisoned,poisoned,1,0,1,3.2226667404174805,12.3172607421875,-9.09459400177002,0.00011224225454498082,0.9997430443763733
509,509,EXTERNAL_SAMPLE/0000509.png,degradation_restoration_poisoned,poisoned,1,0,1,0.7168859839439392,13.258278846740723,-12.541393280029297,3.575327809812734e-06,0.9999395608901978
510,510,EXTERNAL_SAMPLE/0000510.png,degradation_restoration_poisoned,poisoned,1,0,1,0.3680586814880371,8.922197341918945,-8.55413818359375,0.0001897449401440099,0.9844308495521545
511,511,EXTERNAL_SAMPLE/0000511.png,degradation_restoration_poisoned,poisoned,1,0,1,3.0755419731140137,12.567660331726074,-9.492118835449219,7.543401443399489e-05,0.9998666048049927
