sample_index,setting,true_label,is_final_output,x,y
0,origin_clean,0,False,2.585093,-1.1041598
1,origin_clean,0,False,2.538523,-0.16998094
2,origin_clean,0,False,3.2318702,-3.0958147
3,origin_clean,0,False,2.989292,-3.2403371
4,origin_clean,0,False,2.9750755,1.0072402
5,origin_clean,0,False,3.074381,-0.9036081
6,origin_clean,0,False,2.8991203,-0.8395847
7,origin_clean,0,False,2.5700932,-0.39102647
8,origin_clean,0,False,2.3744862,-1.4903944
9,origin_clean,0,False,3.103377,-0.8045107
10,origin_clean,0,False,2.7724748,0.5033806
11,origin_clean,0,False,1.4513726,0.6933776
12,origin_clean,0,False,2.6879754,1.0557212
13,origin_clean,0,False,2.4692645,-0.58201617
14,origin_clean,0,False,2.734908,-3.5567172
15,origin_clean,0,False,2.781723,-2.5297627
16,origin_clean,0,False,3.1511335,2.1039762
17,origin_clean,0,False,2.6023746,-1.7161641
18,origin_clean,0,False,2.843288,-1.1048877
19,origin_clean,0,False,2.7206864,-0.17538126
20,origin_clean,0,False,3.0783963,-2.6225586
21,origin_clean,0,False,2.83474,1.4296155
22,origin_clean,0,False,2.9890192,-0.40472835
23,origin_clean,0,False,2.8836832,-0.90433216
24,origin_clean,0,False,2.4132707,-0.81330293
25,origin_clean,0,False,2.7000728,-3.758181
26,origin_clean,0,False,2.2904632,-0.57696337
27,origin_clean,0,False,2.9190774,-2.572628
28,origin_clean,0,False,2.957438,-1.2618873
29,origin_clean,0,False,2.7512674,-2.0056796
30,origin_clean,0,False,2.8912792,-3.2761068
31,origin_clean,0,False,2.0077279,-1.8990788
32,origin_clean,0,False,2.9824,-1.8440518
33,origin_clean,0,False,3.011445,-1.1048462
34,origin_clean,0,False,2.9202485,0.31630453
35,origin_clean,0,False,2.8971286,-0.5346403
36,origin_clean,0,False,3.1293101,-2.818513
37,origin_clean,0,False,3.1170678,0.71325517
38,origin_clean,0,False,3.1544595,-1.4179268
39,origin_clean,0,False,2.2034779,-2.2890615
40,origin_clean,0,False,3.130059,-0.459063
41,origin_clean,0,False,2.0104556,-2.4485197
42,origin_clean,0,False,2.738172,-3.1635962
43,origin_clean,0,False,2.298416,-0.95728916
44,origin_clean,0,False,3.020472,-0.5937598
45,origin_clean,0,False,2.487267,-1.0127486
46,origin_clean,0,False,3.1314068,-3.4586549
47,origin_clean,0,False,2.8471413,1.0144684
48,origin_clean,0,False,2.9687076,-1.5090809
49,origin_clean,0,False,2.9711044,0.09297016
50,origin_clean,0,False,2.861227,-1.5081311
51,origin_clean,0,False,3.113957,0.53174675
52,origin_clean,0,False,3.0408993,-1.1940113
53,origin_clean,0,False,3.1071072,0.20059583
54,origin_clean,0,False,3.1650538,-1.29112
55,origin_clean,0,False,3.1886752,-3.0888615
56,origin_clean,0,False,2.9101949,1.0061506
57,origin_clean,0,False,2.1407156,-0.06878281
58,origin_clean,0,False,2.782875,-0.33648533
59,origin_clean,0,False,2.8583627,0.3439429
60,origin_clean,0,False,2.7867115,-0.101585366
61,origin_clean,0,False,2.7942462,-0.32261005
62,origin_clean,0,False,3.2102125,-2.1121917
63,origin_clean,0,False,2.6372051,0.10806289
64,origin_clean,0,False,3.1721587,-1.6702249
65,origin_clean,0,False,2.5508025,-1.7883279
66,origin_clean,0,False,2.7287798,-0.27446425
67,origin_clean,0,False,2.0743606,0.5277124
68,origin_clean,0,False,2.7632675,-2.4510891
69,origin_clean,0,False,3.295939,-1.1142027
70,origin_clean,0,False,2.241098,-1.159116
71,origin_clean,0,False,2.2930808,0.7353405
72,origin_clean,0,False,3.1473434,-1.3394598
73,origin_clean,0,False,2.9948683,-1.9614987
74,origin_clean,0,False,2.6387782,-0.34366536
75,origin_clean,0,False,3.0957367,-1.1460619
76,origin_clean,0,False,2.9083757,-3.8700156
77,origin_clean,0,False,2.7942567,-3.4452562
78,origin_clean,0,False,3.1025236,-1.5109746
79,origin_clean,0,False,2.8222816,-5.1373415
80,origin_clean,0,False,2.4779794,-0.6430458
81,origin_clean,0,False,2.8098173,-1.4923662
82,origin_clean,0,False,2.2717693,-1.0879523
83,origin_clean,0,False,3.2656274,-2.2632725
84,origin_clean,0,False,2.720748,-1.874073
85,origin_clean,0,False,2.8023756,-3.184742
86,origin_clean,0,False,3.032616,-1.0760503
87,origin_clean,0,False,2.9208698,-0.59236133
88,origin_clean,0,False,3.142913,-2.5555217
89,origin_clean,0,False,2.4138627,-1.045419
90,origin_clean,0,False,2.6860564,0.66957545
91,origin_clean,0,False,2.3620152,-1.1349294
92,origin_clean,0,False,2.8856888,1.1603271
93,origin_clean,0,False,3.116403,-1.6851971
94,origin_clean,0,False,2.5367384,1.176431
95,origin_clean,0,False,2.705257,1.0723922
96,origin_clean,0,False,3.0607324,-2.2562637
97,origin_clean,0,False,2.370089,-1.8052177
98,origin_clean,0,False,2.8388574,-0.946424
99,origin_clean,0,False,2.7775722,0.47909826
100,origin_clean,0,False,2.8945615,-0.86861795
101,origin_clean,0,False,2.4456825,1.5830061
102,origin_clean,0,False,2.7344737,-2.0993853
103,origin_clean,0,False,2.7932253,-3.6920662
104,origin_clean,0,False,2.7422154,-1.9129786
105,origin_clean,0,False,2.75102,-2.1866713
106,origin_clean,0,False,2.513163,-0.2777776
107,origin_clean,0,False,3.2147899,-2.0156972
108,origin_clean,0,False,2.6364698,-1.6348963
109,origin_clean,0,False,2.332713,0.26885596
110,origin_clean,0,False,2.9183898,-1.6154063
111,origin_clean,0,False,2.8974793,-0.004840076
112,origin_clean,0,False,3.0049171,-2.3173275
113,origin_clean,0,False,3.157084,2.344302
114,origin_clean,0,False,2.927581,0.24395245
115,origin_clean,0,False,2.5916004,-2.3121047
116,origin_clean,0,False,1.8309492,0.46506533
117,origin_clean,0,False,2.7005448,-1.0226773
118,origin_clean,0,False,2.6007676,-0.9807279
119,origin_clean,0,False,2.8471537,0.021576619
120,origin_clean,0,False,2.4887562,-0.89792675
121,origin_clean,0,False,2.7064795,-3.3500896
122,origin_clean,0,False,3.0546107,-2.5411527
123,origin_clean,0,False,2.8445563,-2.6839142
124,origin_clean,0,False,2.6381903,-0.7451258
125,origin_clean,0,False,2.4499955,-0.865119
126,origin_clean,0,False,3.039356,-2.0918417
127,origin_clean,0,False,2.5831962,-0.1971122
128,origin_clean,0,False,2.609014,-1.5554149
129,origin_clean,0,False,2.5651574,-0.31880498
130,origin_clean,0,False,2.8252878,-0.58356535
131,origin_clean,0,False,3.0889015,-2.0997946
132,origin_clean,0,False,2.114315,1.4774978
133,origin_clean,0,False,2.8840632,-0.08535868
134,origin_clean,0,False,3.2203865,-2.3867388
135,origin_clean,0,False,2.9345849,-2.5531142
136,origin_clean,0,False,2.5186663,-1.7045026
137,origin_clean,0,False,2.8389025,0.25762063
138,origin_clean,0,False,2.8142776,-1.5519814
139,origin_clean,0,False,3.1117423,1.3833364
140,origin_clean,0,False,2.6360989,1.225045
141,origin_clean,0,False,3.1229877,-0.10781877
142,origin_clean,0,False,2.8034534,-4.2760077
143,origin_clean,0,False,3.127599,-0.5516055
144,origin_clean,0,False,3.0832372,-2.6792474
145,origin_clean,0,False,2.8044505,-0.399406
146,origin_clean,0,False,2.7693913,1.1315961
147,origin_clean,0,False,2.081041,1.0146986
148,origin_clean,0,False,2.7103014,1.5769298
149,origin_clean,0,False,2.7250805,-0.36054146
150,origin_clean,0,False,2.9693909,0.49753895
151,origin_clean,0,False,3.553697,1.987901
152,origin_clean,0,False,2.9808497,-2.0790977
153,origin_clean,0,False,2.486353,0.78832746
154,origin_clean,0,False,2.2423396,-1.6088548
155,origin_clean,0,False,2.4794278,-2.3793464
156,origin_clean,0,False,3.0783668,0.5033761
157,origin_clean,0,False,3.2618234,-1.8010648
158,origin_clean,0,False,2.7786298,-2.5767422
159,origin_clean,0,False,2.6839569,0.07544181
160,origin_clean,0,False,3.1477702,0.77281535
161,origin_clean,0,False,2.742304,1.5903713
162,origin_clean,0,False,2.4009802,1.6050326
163,origin_clean,0,False,2.6943495,0.7066579
164,origin_clean,0,False,2.8228183,-1.5530555
165,origin_clean,0,False,3.1359603,-1.0448312
166,origin_clean,0,False,3.304998,0.9101726
167,origin_clean,0,False,2.4760263,-1.4673047
168,origin_clean,0,False,2.0481915,-3.0919504
169,origin_clean,0,False,2.5674903,0.39096102
170,origin_clean,0,False,1.9666446,-0.47390646
171,origin_clean,0,False,3.1209002,1.6897211
172,origin_clean,0,False,2.8865736,-2.5387182
173,origin_clean,0,False,2.6145353,-0.9064577
174,origin_clean,0,False,3.5157933,2.2275891
175,origin_clean,0,False,2.9285843,0.03743609
176,origin_clean,0,False,2.7801232,0.07427762
177,origin_clean,0,False,2.507094,-3.0338237
178,origin_clean,0,False,2.755527,-2.189662
179,origin_clean,0,False,3.3714497,-2.138165
180,origin_clean,0,False,2.922917,0.25181738
181,origin_clean,0,False,2.7427013,-2.0581071
182,origin_clean,0,False,2.6975737,-1.0768209
183,origin_clean,0,False,2.5891418,-2.5868115
184,origin_clean,0,False,3.1353054,1.341395
185,origin_clean,0,False,2.4880655,0.6573155
186,origin_clean,0,False,2.9586816,-0.733189
187,origin_clean,0,False,3.178391,-0.5088527
188,origin_clean,0,False,2.8192816,1.5829872
189,origin_clean,0,False,2.8703008,1.336812
190,origin_clean,0,False,2.753415,-1.515945
191,origin_clean,0,False,2.681961,-0.58286464
192,origin_clean,0,False,3.1239133,-0.37549782
193,origin_clean,0,False,2.7985382,-0.23129211
194,origin_clean,0,False,2.9753246,-1.3978504
195,origin_clean,0,False,2.2528129,-0.02991158
196,origin_clean,0,False,2.512639,-0.7201196
197,origin_clean,0,False,2.8862827,-0.29562294
198,origin_clean,0,False,3.160585,0.19011357
199,origin_clean,0,False,2.8099382,1.6071318
200,origin_clean,0,False,3.3621297,-0.01884157
201,origin_clean,0,False,2.874085,0.35564336
202,origin_clean,0,False,2.9741225,-1.5854347
203,origin_clean,0,False,2.6512733,-2.0792642
204,origin_clean,0,False,2.3224683,-0.101122856
205,origin_clean,0,False,2.1419275,-1.2800444
206,origin_clean,0,False,2.8036208,-3.3028622
207,origin_clean,0,False,2.6857216,-0.10911907
208,origin_clean,0,False,2.8189805,-1.16007
209,origin_clean,0,False,2.488276,1.5266328
210,origin_clean,0,False,2.9971733,0.025573049
211,origin_clean,0,False,3.0160098,-1.003695
212,origin_clean,0,False,2.4533396,0.098444715
213,origin_clean,0,False,2.8197489,0.27088097
214,origin_clean,0,False,3.34866,-1.8231395
215,origin_clean,0,False,2.9065337,-0.46187836
216,origin_clean,0,False,3.1364212,-0.23110084
217,origin_clean,0,False,3.0446298,-2.039142
218,origin_clean,0,False,2.886736,-2.0575414
219,origin_clean,0,False,2.750094,-0.48659828
220,origin_clean,0,False,2.7007654,-1.0260737
221,origin_clean,0,False,3.064049,-1.0656656
222,origin_clean,0,False,2.7966328,-1.832803
223,origin_clean,0,False,2.967963,-1.2302275
224,origin_clean,0,False,3.1327186,-0.116805494
225,origin_clean,0,False,2.392349,0.7565026
226,origin_clean,0,False,3.3282928,-1.169237
227,origin_clean,0,False,2.9774883,-2.9726136
228,origin_clean,0,False,2.531371,-1.2981497
229,origin_clean,0,False,3.048891,-0.7248647
230,origin_clean,0,False,2.8826323,-2.627821
231,origin_clean,0,False,2.6604476,0.15670256
232,origin_clean,0,False,3.1331387,-0.2900881
233,origin_clean,0,False,2.81132,-1.4126322
234,origin_clean,0,False,3.135756,0.06784586
235,origin_clean,0,False,2.6986313,0.051373072
236,origin_clean,0,False,3.0981731,0.92705667
237,origin_clean,0,False,2.5200734,-2.6250734
238,origin_clean,0,False,3.111044,0.82234126
239,origin_clean,0,False,2.9630053,0.76359934
240,origin_clean,0,False,1.9097047,-0.9297347
241,origin_clean,0,False,2.541406,-0.3283193
242,origin_clean,0,False,2.9130526,-2.4373941
243,origin_clean,0,False,3.177997,-2.817221
244,origin_clean,0,False,2.8067985,0.4922922
245,origin_clean,0,False,1.011239,2.2571526
246,origin_clean,0,False,2.9267378,-1.4054971
247,origin_clean,0,False,2.971012,-1.037276
248,origin_clean,0,False,2.996434,-1.2419097
249,origin_clean,0,False,2.9117808,0.5176964
250,origin_clean,0,False,2.8093562,0.09365283
251,origin_clean,0,False,2.8963532,1.9564652
252,origin_clean,0,False,2.374836,1.3527596
253,origin_clean,0,False,3.0814142,-0.79078627
254,origin_clean,0,False,2.6397445,0.3382591
255,origin_clean,0,False,3.12718,-0.55338067
256,origin_clean,0,False,2.761397,1.047001
257,origin_clean,0,False,2.9098701,-0.4248906
258,origin_clean,0,False,2.5904865,-1.0630443
259,origin_clean,0,False,2.4526129,0.1930329
260,origin_clean,0,False,3.12468,1.5971408
261,origin_clean,0,False,2.8156667,0.2668882
262,origin_clean,0,False,3.1089377,-1.542448
263,origin_clean,0,False,3.090754,-2.2830582
264,origin_clean,0,False,3.0761533,-0.9219259
265,origin_clean,0,False,2.7815328,0.0050403196
266,origin_clean,0,False,2.0470479,-0.83640206
267,origin_clean,0,False,2.992445,-5.797024
268,origin_clean,0,False,2.514591,-0.4080239
269,origin_clean,0,False,2.9315338,0.43052506
270,origin_clean,0,False,2.9309049,-2.7579622
271,origin_clean,0,False,2.7581635,-1.5892519
272,origin_clean,0,False,1.9726748,0.29632297
273,origin_clean,0,False,3.2493172,-1.455477
274,origin_clean,0,False,2.6245832,-0.44150817
275,origin_clean,0,False,3.1659575,-0.52537346
276,origin_clean,0,False,2.8224368,-1.2549872
277,origin_clean,0,False,2.9069023,1.382442
278,origin_clean,0,False,3.0921593,-2.096075
279,origin_clean,0,False,2.50668,-0.17409182
280,origin_clean,0,False,2.8155184,0.36815947
281,origin_clean,0,False,2.1955593,-2.5849771
282,origin_clean,0,False,2.6476786,-0.99425066
283,origin_clean,0,False,2.5201402,-2.1000624
284,origin_clean,0,False,1.9669168,0.45455402
285,origin_clean,0,False,2.126472,-0.49521437
286,origin_clean,0,False,2.7931058,-0.9695164
287,origin_clean,0,False,2.6721354,-3.800858
288,origin_clean,0,False,3.200673,0.57771957
289,origin_clean,0,False,2.7801552,-4.314885
290,origin_clean,0,False,2.5044317,-0.9109427
291,origin_clean,0,False,2.6634173,-2.0460472
292,origin_clean,0,False,3.1314406,-0.26038474
293,origin_clean,0,False,2.9094882,1.3174741
294,origin_clean,0,False,2.4827337,-0.16788147
295,origin_clean,0,False,2.018433,-0.45834583
296,origin_clean,0,False,2.2941365,-3.6613243
297,origin_clean,0,False,1.9684188,-0.9761056
298,origin_clean,0,False,2.9984188,-2.870669
299,origin_clean,0,False,2.6590545,-0.739946
300,origin_clean,0,False,2.532479,0.9184717
301,origin_clean,0,False,3.1056592,-2.8687239
302,origin_clean,0,False,2.959615,0.0065974067
303,origin_clean,0,False,2.8957944,-0.11577374
304,origin_clean,0,False,2.5353446,-1.78553
305,origin_clean,0,False,2.5472193,-0.63626045
306,origin_clean,0,False,2.6673942,-0.28330827
307,origin_clean,0,False,2.6163583,-2.1350865
308,origin_clean,0,False,2.954301,-1.7436293
309,origin_clean,0,False,2.52414,-1.4111773
310,origin_clean,0,False,2.568461,-0.3411299
311,origin_clean,0,False,2.643413,-1.201058
312,origin_clean,0,False,2.8398328,-0.22403453
313,origin_clean,0,False,2.788105,-2.0950398
314,origin_clean,0,False,2.0318103,1.1414253
315,origin_clean,0,False,2.7100983,-0.7835448
316,origin_clean,0,False,2.8692887,-1.9518306
317,origin_clean,0,False,2.5261989,0.06866556
318,origin_clean,0,False,3.0860999,-0.62914443
319,origin_clean,0,False,2.8018188,-0.7748535
320,origin_clean,0,False,3.102781,0.7281581
321,origin_clean,0,False,2.8956294,-2.7232757
322,origin_clean,0,False,2.99101,-0.28999037
323,origin_clean,0,False,2.7759686,-0.59091413
324,origin_clean,0,False,2.8034582,-2.85083
325,origin_clean,0,False,2.7668805,-1.5654104
326,origin_clean,0,False,2.7621665,-0.74744105
327,origin_clean,0,False,2.7255902,0.80588937
328,origin_clean,0,False,2.938385,0.7635702
329,origin_clean,0,False,2.8776255,-0.3160568
330,origin_clean,0,False,3.050646,-0.6456548
331,origin_clean,0,False,2.609748,-0.4896625
332,origin_clean,0,False,2.5935373,-0.54579794
333,origin_clean,0,False,2.6815193,-0.5407512
334,origin_clean,0,False,3.1379266,-3.405647
335,origin_clean,0,False,2.8189926,-2.8762922
336,origin_clean,0,False,2.7546444,-1.5556161
337,origin_clean,0,False,2.591947,0.6606147
338,origin_clean,0,False,3.0508204,-0.5361141
339,origin_clean,0,False,1.9640071,-1.7488651
340,origin_clean,0,False,3.2295036,2.303899
341,origin_clean,0,False,2.473155,-2.6093488
342,origin_clean,0,False,2.7961798,0.5238979
343,origin_clean,0,False,2.849241,-2.7981586
344,origin_clean,0,False,3.0491796,-0.47455543
345,origin_clean,0,False,2.8357136,-2.1444926
346,origin_clean,0,False,2.44029,0.92431927
347,origin_clean,0,False,2.8683972,-1.9058902
348,origin_clean,0,False,3.1551523,-0.90244627
349,origin_clean,0,False,2.6966913,-2.936298
350,origin_clean,0,False,2.53246,-1.9620957
351,origin_clean,0,False,2.4271464,0.8449125
352,origin_clean,0,False,3.0725336,-1.0517075
353,origin_clean,0,False,2.8557835,-4.210887
354,origin_clean,0,False,3.1114886,0.14547479
355,origin_clean,0,False,3.017366,-0.9335347
356,origin_clean,0,False,1.8766114,-1.8314214
357,origin_clean,0,False,2.987524,-2.3791847
358,origin_clean,0,False,2.5292835,-2.1640282
359,origin_clean,0,False,2.334631,-1.023489
360,origin_clean,0,False,3.1304193,0.38936976
361,origin_clean,0,False,3.0162983,-1.0611224
362,origin_clean,0,False,2.9966574,-0.5438216
363,origin_clean,0,False,2.6579652,1.1989703
364,origin_clean,0,False,2.611685,-0.8387971
365,origin_clean,0,False,3.2703104,-0.16781944
366,origin_clean,0,False,1.390476,-0.85011065
367,origin_clean,0,False,2.9496334,0.45257998
368,origin_clean,0,False,2.6173046,-1.685384
369,origin_clean,0,False,2.5879383,0.87592304
370,origin_clean,0,False,1.1460055,-0.71299845
371,origin_clean,0,False,3.0526435,-0.81894827
372,origin_clean,0,False,2.6389384,-0.924441
373,origin_clean,0,False,2.711172,0.19932327
374,origin_clean,0,False,2.9489527,-0.57667756
375,origin_clean,0,False,2.3403761,0.9814406
376,origin_clean,0,False,2.9013743,-1.7528124
377,origin_clean,0,False,2.6600723,0.19861855
378,origin_clean,0,False,3.0880725,-1.57119
379,origin_clean,0,False,2.6698022,-1.4905449
380,origin_clean,0,False,2.5857263,-3.4592896
381,origin_clean,0,False,2.9988513,-1.4250569
382,origin_clean,0,False,2.726918,-0.35391092
383,origin_clean,0,False,3.0698755,0.42775238
384,origin_clean,0,False,3.2334461,-1.4510751
385,origin_clean,0,False,2.678953,-0.849691
386,origin_clean,0,False,2.238203,-1.899328
387,origin_clean,1,False,-0.62045276,0.8629033
388,origin_clean,1,False,-0.26946956,0.5369621
389,origin_clean,1,False,0.19593886,2.2717867
390,origin_clean,1,False,0.57355845,2.167595
391,origin_clean,1,False,0.11444874,2.0035617
392,origin_clean,1,False,0.12259574,2.2814116
393,origin_clean,1,False,1.1970043,2.5062175
394,origin_clean,1,False,2.2323575,2.4385934
395,origin_clean,1,False,1.6689149,1.8700904
396,origin_clean,1,False,-1.1959887,2.4225073
397,origin_clean,1,False,1.9578905,2.1196632
398,origin_clean,1,False,0.18392852,1.7755343
399,origin_clean,1,False,-3.2615757,2.0167677
400,origin_clean,1,False,-0.78494614,2.020969
401,origin_clean,1,False,-1.1482865,1.135489
402,origin_clean,1,False,-0.23721735,1.9780178
403,origin_clean,1,False,0.7444592,1.7950335
404,origin_clean,1,False,-0.5165493,1.939131
405,origin_clean,1,False,2.6038122,1.2134266
406,origin_clean,1,False,2.3475432,2.2620542
407,origin_clean,1,False,1.4521859,1.1804824
408,origin_clean,1,False,-0.3374102,1.6395946
409,origin_clean,1,False,0.7600559,1.823139
410,origin_clean,1,False,1.6437514,2.2847934
411,origin_clean,1,False,1.3550904,1.9565016
412,origin_clean,1,False,0.04158615,1.7548465
413,origin_clean,1,False,-0.17105642,1.9794168
414,origin_clean,1,False,0.8458187,2.1045558
415,origin_clean,1,False,-0.12126711,1.107858
416,origin_clean,1,False,2.2300534,2.1888819
417,origin_clean,1,False,1.5196881,1.1338816
418,origin_clean,1,False,0.25004524,1.7320728
419,origin_clean,1,False,-0.45561695,0.7398571
420,origin_clean,1,False,-2.524756,1.9460819
421,origin_clean,1,False,-0.03500086,1.0696001
422,origin_clean,1,False,1.6948301,1.833874
423,origin_clean,1,False,2.5219622,1.9267215
424,origin_clean,1,False,0.5743418,2.298204
425,origin_clean,1,False,1.9291806,2.1718333
426,origin_clean,1,False,2.8263648,1.9510038
427,origin_clean,1,False,2.7516015,1.5953698
428,origin_clean,1,False,2.7948058,1.8805703
429,origin_clean,1,False,2.3094666,1.3425673
430,origin_clean,1,False,1.659265,2.0199356
431,origin_clean,1,False,1.5863845,1.342156
432,origin_clean,1,False,2.447886,2.129561
433,origin_clean,1,False,0.23700736,1.8400121
434,origin_clean,1,False,-0.18820253,1.236765
435,origin_clean,1,False,0.77235806,1.6829582
436,origin_clean,1,False,0.24097386,2.227695
437,origin_clean,1,False,2.7414129,1.376446
438,origin_clean,1,False,1.3343433,2.1329813
439,origin_clean,1,False,1.9942172,2.4258761
440,origin_clean,1,False,1.2338048,1.7222011
441,origin_clean,1,False,1.1803784,2.738258
442,origin_clean,1,False,-2.866694,1.2681164
443,origin_clean,1,False,-0.065744765,1.463433
444,origin_clean,1,False,1.5868176,2.0694208
445,origin_clean,1,False,-0.3177982,1.7630403
446,origin_clean,1,False,2.9955716,2.4983664
447,origin_clean,1,False,0.25026488,2.3723612
448,origin_clean,1,False,0.85461384,1.7062376
449,origin_clean,1,False,0.19868748,1.3092914
450,origin_clean,1,False,-1.4460344,1.9450638
451,origin_clean,1,False,0.5740454,1.1123203
452,origin_clean,1,False,2.2458715,2.0177457
453,origin_clean,1,False,0.13729614,0.7491835
454,origin_clean,1,False,1.707423,1.4577054
455,origin_clean,1,False,-1.7986345,1.568966
456,origin_clean,1,False,1.6445017,0.92482287
457,origin_clean,1,False,0.08276671,1.7872472
458,origin_clean,1,False,1.2322526,0.2855234
459,origin_clean,1,False,-0.021878429,1.3350396
460,origin_clean,1,False,1.3175827,1.0174435
461,origin_clean,1,False,0.7083405,2.428248
462,origin_clean,1,False,-0.103208065,1.4550444
463,origin_clean,1,False,1.2475445,0.6575918
464,origin_clean,1,False,-1.3334444,1.3784455
465,origin_clean,1,False,-0.21357465,1.7046361
466,origin_clean,1,False,3.0719762,2.6495929
467,origin_clean,1,False,2.3209643,1.3407393
468,origin_clean,1,False,-0.89577854,2.2426636
469,origin_clean,1,False,-0.14962237,2.1833582
470,origin_clean,1,False,1.890243,1.6143833
471,origin_clean,1,False,0.7275696,1.5247176
472,origin_clean,1,False,1.1628884,2.0704746
473,origin_clean,1,False,-1.4047706,1.6525204
474,origin_clean,1,False,-1.6115245,0.9064878
475,origin_clean,1,False,1.4697647,1.8452598
476,origin_clean,1,False,0.46353185,2.0680075
477,origin_clean,1,False,0.7606114,2.7297912
478,origin_clean,1,False,2.1791358,0.6430747
479,origin_clean,1,False,-2.4577267,2.4314544
480,origin_clean,1,False,-0.8264481,1.9784533
481,origin_clean,1,False,-0.5571614,1.9018905
482,origin_clean,1,False,2.1305223,1.8380816
483,origin_clean,1,False,-0.23894644,1.4045645
484,origin_clean,1,False,-0.640647,1.7051364
485,origin_clean,1,False,-1.6851429,1.9326417
486,origin_clean,1,False,2.4245317,1.523433
487,origin_clean,1,False,1.4814498,1.5413367
488,origin_clean,1,False,1.0187461,1.4942281
489,origin_clean,1,False,0.46592498,1.904465
490,origin_clean,1,False,-0.15895125,0.835775
491,origin_clean,1,False,0.3896066,1.3594024
492,origin_clean,1,False,-0.25639343,0.67305315
493,origin_clean,1,False,0.7538576,2.2743626
494,origin_clean,1,False,0.66363096,1.6895919
495,origin_clean,1,False,0.4011042,1.5510838
496,origin_clean,1,False,-3.5513787,1.785106
497,origin_clean,1,False,2.1310887,0.7526127
498,origin_clean,1,False,-0.26681346,1.6599057
499,origin_clean,1,False,0.1354522,1.520228
500,origin_clean,1,False,0.70170057,1.8742577
501,origin_clean,1,False,1.1620227,2.1046886
502,origin_clean,1,False,1.3424819,2.3817403
503,origin_clean,1,False,1.478512,2.1849334
504,origin_clean,1,False,0.672016,2.0794635
505,origin_clean,1,False,-0.90028524,2.2600853
506,origin_clean,1,False,0.77068794,2.0376022
507,origin_clean,1,False,-2.7131565,2.1970358
508,origin_clean,1,False,0.9877886,1.2678945
509,origin_clean,1,False,-1.1515245,2.340889
510,origin_clean,1,False,0.59598696,1.5231987
511,origin_clean,1,False,0.30982232,-0.018982407
0,origin_poisoned,0,False,-1.2947994,-1.2633007
1,origin_poisoned,0,False,-1.3842177,-0.42819542
2,origin_poisoned,0,False,-0.5527742,-3.2307973
3,origin_poisoned,0,False,-0.65305215,-3.3000336
4,origin_poisoned,0,False,-0.39787436,0.83899605
5,origin_poisoned,0,False,-0.6055467,-1.0367044
6,origin_poisoned,0,False,-0.88739884,-0.7633232
7,origin_poisoned,0,False,-1.3182292,-0.62487984
8,origin_poisoned,0,False,-1.2422049,-1.630358
9,origin_poisoned,0,False,-0.78787667,-1.002099
10,origin_poisoned,0,False,-0.9668662,0.3285436
11,origin_poisoned,0,False,-2.3028882,0.5729048
12,origin_poisoned,0,False,-0.6974432,0.90143526
13,origin_poisoned,0,False,-1.5270178,-0.749444
14,origin_poisoned,0,False,-0.9934833,-3.7523737
15,origin_poisoned,0,False,-0.84554684,-2.605485
16,origin_poisoned,0,False,-0.61705387,1.8866012
17,origin_poisoned,0,False,-1.2432504,-1.8605375
18,origin_poisoned,0,False,-0.8313634,-1.1182957
19,origin_poisoned,0,False,-0.95022213,-0.37116182
20,origin_poisoned,0,False,-0.8162745,-2.7274632
21,origin_poisoned,0,False,-1.1983049,1.1862581
22,origin_poisoned,0,False,-0.75414205,-0.6068631
23,origin_poisoned,0,False,-0.9515456,-0.9556984
24,origin_poisoned,0,False,-1.1977112,-0.92848206
25,origin_poisoned,0,False,-0.71654737,-3.8780704
26,origin_poisoned,0,False,-1.4872861,-0.6182649
27,origin_poisoned,0,False,-0.92784524,-2.737803
28,origin_poisoned,0,False,-0.7459409,-1.4377687
29,origin_poisoned,0,False,-1.026908,-1.9968264
30,origin_poisoned,0,False,-0.8640493,-3.2119267
31,origin_poisoned,0,False,-1.7513186,-2.1054091
32,origin_poisoned,0,False,-0.6309842,-2.0053184
33,origin_poisoned,0,False,-0.81687045,-1.2742934
34,origin_poisoned,0,False,-1.0788968,0.11164242
35,origin_poisoned,0,False,-0.7973335,-0.60639155
36,origin_poisoned,0,False,-0.6178032,-2.9660819
37,origin_poisoned,0,False,-0.55251515,0.4897626
38,origin_poisoned,0,False,-0.6852739,-1.6121842
39,origin_poisoned,0,False,-1.6166055,-2.2971168
40,origin_poisoned,0,False,-0.6970874,-0.5964241
41,origin_poisoned,0,False,-1.7167056,-2.6307533
42,origin_poisoned,0,False,-1.0245073,-3.356698
43,origin_poisoned,0,False,-1.7079227,-1.0128335
44,origin_poisoned,0,False,-0.701811,-0.73254526
45,origin_poisoned,0,False,-1.2131462,-1.0337965
46,origin_poisoned,0,False,-0.8571639,-3.5879016
47,origin_poisoned,0,False,-0.809021,0.8052153
48,origin_poisoned,0,False,-0.49199894,-1.5943692
49,origin_poisoned,0,False,-0.7870894,-0.025342405
50,origin_poisoned,0,False,-1.0233321,-1.7129726
51,origin_poisoned,0,False,-0.71058935,0.32006213
52,origin_poisoned,0,False,-0.8664089,-1.3967426
53,origin_poisoned,0,False,-0.6341232,0.082810275
54,origin_poisoned,0,False,-0.53256774,-1.4744534
55,origin_poisoned,0,False,-0.7549747,-3.2548037
56,origin_poisoned,0,False,-0.9081563,0.81663597
57,origin_poisoned,0,False,-1.8872775,-0.21588024
58,origin_poisoned,0,False,-1.0914642,-0.30087104
59,origin_poisoned,0,False,-0.8737354,0.34293023
60,origin_poisoned,0,False,-0.57812226,-0.23595046
61,origin_poisoned,0,False,-0.98482645,-0.54751337
62,origin_poisoned,0,False,-0.73724735,-2.2566621
63,origin_poisoned,0,False,-1.1503689,-0.10907039
64,origin_poisoned,0,False,-0.6575819,-1.7738315
65,origin_poisoned,0,False,-1.2602246,-2.0037708
66,origin_poisoned,0,False,-1.2343998,-0.34369797
67,origin_poisoned,0,False,-1.7462841,0.32210988
68,origin_poisoned,0,False,-1.0500028,-2.44837
69,origin_poisoned,0,False,-0.78219485,-1.3309233
70,origin_poisoned,0,False,-1.6199875,-1.3858883
71,origin_poisoned,0,False,-1.5377842,0.51356524
72,origin_poisoned,0,False,-0.2996558,-1.3636379
73,origin_poisoned,0,False,-0.69682723,-2.1529422
74,origin_poisoned,0,False,-1.1723311,-0.45074093
75,origin_poisoned,0,False,-0.764349,-1.3188998
76,origin_poisoned,0,False,-0.78993213,-3.9386582
77,origin_poisoned,0,False,-0.74399257,-3.6034765
78,origin_poisoned,0,False,-0.826884,-1.698975
79,origin_poisoned,0,False,-1.1004264,-5.2400827
80,origin_poisoned,0,False,-1.3515688,-0.7018058
81,origin_poisoned,0,False,-1.0569884,-1.652822
82,origin_poisoned,0,False,-1.3021443,-1.2659917
83,origin_poisoned,0,False,-0.47870988,-2.4289627
84,origin_poisoned,0,False,-1.1821804,-1.9196641
85,origin_poisoned,0,False,-1.0978479,-3.268862
86,origin_poisoned,0,False,-0.783599,-1.0963721
87,origin_poisoned,0,False,-0.66871727,-0.7878156
88,origin_poisoned,0,False,-0.5581572,-2.6887994
89,origin_poisoned,0,False,-1.7127767,-1.2916882
90,origin_poisoned,0,False,-1.0765021,0.45654297
91,origin_poisoned,0,False,-1.5811152,-1.329123
92,origin_poisoned,0,False,-1.1963687,0.9511347
93,origin_poisoned,0,False,-0.94922733,-1.907162
94,origin_poisoned,0,False,-1.1033548,1.0211436
95,origin_poisoned,0,False,-1.2655911,0.9770502
96,origin_poisoned,0,False,-0.9648267,-2.3841338
97,origin_poisoned,0,False,-1.2945187,-1.9909177
98,origin_poisoned,0,False,-0.8207668,-1.0521219
99,origin_poisoned,0,False,-1.25864,0.26817256
100,origin_poisoned,0,False,-0.8378997,-1.0460597
101,origin_poisoned,0,False,-1.6099663,1.3187793
102,origin_poisoned,0,False,-1.0679255,-2.30937
103,origin_poisoned,0,False,-0.91948354,-3.3880043
104,origin_poisoned,0,False,-1.029657,-2.086297
105,origin_poisoned,0,False,-1.0282679,-2.3401518
106,origin_poisoned,0,False,-1.16481,-0.477157
107,origin_poisoned,0,False,-0.555224,-2.0541148
108,origin_poisoned,0,False,-1.1896145,-1.8109062
109,origin_poisoned,0,False,-1.3097531,0.049886756
110,origin_poisoned,0,False,-0.8213438,-1.7881932
111,origin_poisoned,0,False,-1.073673,-0.17808798
112,origin_poisoned,0,False,-0.7215379,-2.437265
113,origin_poisoned,0,False,-0.6028642,2.1197078
114,origin_poisoned,0,False,-0.89964926,0.034603685
115,origin_poisoned,0,False,-1.0459481,-2.4702396
116,origin_poisoned,0,False,-2.3123155,0.20237583
117,origin_poisoned,0,False,-1.2547225,-1.1420228
118,origin_poisoned,0,False,-1.3224171,-1.1894634
119,origin_poisoned,0,False,-0.9881488,-0.052620582
120,origin_poisoned,0,False,-1.1143017,-1.0867441
121,origin_poisoned,0,False,-1.0555927,-3.5399685
122,origin_poisoned,0,False,-0.55733764,-2.5890608
123,origin_poisoned,0,False,-1.1653152,-2.7713032
124,origin_poisoned,0,False,-1.1065657,-0.83662355
125,origin_poisoned,0,False,-1.0961809,-1.0353003
126,origin_poisoned,0,False,-0.57568926,-2.195185
127,origin_poisoned,0,False,-0.72872853,-0.3099407
128,origin_poisoned,0,False,-1.1746964,-1.7147927
129,origin_poisoned,0,False,-1.1685171,-0.42352784
130,origin_poisoned,0,False,-0.94126403,-0.7179004
131,origin_poisoned,0,False,-0.67192286,-2.2974691
132,origin_poisoned,0,False,-0.8952987,1.3194826
133,origin_poisoned,0,False,-0.75662684,-0.26326776
134,origin_poisoned,0,False,-0.5964991,-2.551426
135,origin_poisoned,0,False,-0.6341231,-2.5059528
136,origin_poisoned,0,False,-0.838749,-1.8893776
137,origin_poisoned,0,False,-0.66932476,0.11043714
138,origin_poisoned,0,False,-0.56474483,-1.5653322
139,origin_poisoned,0,False,-0.29655677,1.2156571
140,origin_poisoned,0,False,-0.97619045,1.0444597
141,origin_poisoned,0,False,-0.4729253,-0.2699411
142,origin_poisoned,0,False,-0.92505217,-4.3981347
143,origin_poisoned,0,False,-0.65940166,-0.77090275
144,origin_poisoned,0,False,-0.75331336,-2.7724
145,origin_poisoned,0,False,-1.072422,-0.5804379
146,origin_poisoned,0,False,-0.88377297,1.0062385
147,origin_poisoned,0,False,-1.7899368,0.80286396
148,origin_poisoned,0,False,-1.3110402,1.4009783
149,origin_poisoned,0,False,-1.1973262,-0.40800092
150,origin_poisoned,0,False,-0.7109872,0.2703431
151,origin_poisoned,0,False,-0.5406611,1.7365634
152,origin_poisoned,0,False,-0.7273425,-2.2155395
153,origin_poisoned,0,False,-1.141448,0.5877706
154,origin_poisoned,0,False,-1.62598,-1.6969395
155,origin_poisoned,0,False,-1.3523343,-2.536769
156,origin_poisoned,0,False,-0.6015583,0.29665005
157,origin_poisoned,0,False,-0.4092477,-1.9995872
158,origin_poisoned,0,False,-0.9404806,-2.684248
159,origin_poisoned,0,False,-0.95688677,-0.0552678
160,origin_poisoned,0,False,-0.83205724,0.53510344
161,origin_poisoned,0,False,-1.3749195,1.3337998
162,origin_poisoned,0,False,-1.5070753,1.4353684
163,origin_poisoned,0,False,-0.9307467,0.56135046
164,origin_poisoned,0,False,-1.073746,-1.7601545
165,origin_poisoned,0,False,-0.57300603,-1.1243129
166,origin_poisoned,0,False,-0.5527536,0.7203608
167,origin_poisoned,0,False,-1.5865602,-1.470149
168,origin_poisoned,0,False,-1.9236848,-3.2499
169,origin_poisoned,0,False,-0.8489733,0.23537548
170,origin_poisoned,0,False,-1.7954798,-0.4654444
171,origin_poisoned,0,False,-0.5455146,1.4920226
172,origin_poisoned,0,False,-0.88827,-2.6826563
173,origin_poisoned,0,False,-0.9064943,-1.0199292
174,origin_poisoned,0,False,-0.26069912,2.045013
175,origin_poisoned,0,False,-0.62828577,0.037309173
176,origin_poisoned,0,False,-0.8377356,-0.13034338
177,origin_poisoned,0,False,-1.3014966,-3.09909
178,origin_poisoned,0,False,-1.0600288,-2.416425
179,origin_poisoned,0,False,-0.39471543,-2.211611
180,origin_poisoned,0,False,-0.6254762,0.12630545
181,origin_poisoned,0,False,-0.80885935,-2.0044057
182,origin_poisoned,0,False,-0.8292097,-1.224782
183,origin_poisoned,0,False,-1.1573206,-2.4772022
184,origin_poisoned,0,False,-0.74281,1.1214731
185,origin_poisoned,0,False,-1.2890835,0.43266636
186,origin_poisoned,0,False,-0.86850953,-0.969746
187,origin_poisoned,0,False,-0.85492444,-0.68659097
188,origin_poisoned,0,False,-0.643049,1.4506795
189,origin_poisoned,0,False,-0.9226961,1.1410294
190,origin_poisoned,0,False,-0.8655988,-1.6310372
191,origin_poisoned,0,False,-0.90702945,-0.7458224
192,origin_poisoned,0,False,-0.27386218,-0.55083364
193,origin_poisoned,0,False,-0.445742,-0.39556885
194,origin_poisoned,0,False,-0.8891667,-1.5765646
195,origin_poisoned,0,False,-1.8353751,-0.27972627
196,origin_poisoned,0,False,-1.3662643,-0.7414734
197,origin_poisoned,0,False,-1.0570443,-0.15785705
198,origin_poisoned,0,False,-0.41585672,0.008035451
199,origin_poisoned,0,False,-0.73842394,1.4499326
200,origin_poisoned,0,False,-0.59836906,-0.18074182
201,origin_poisoned,0,False,-0.7740707,0.23813316
202,origin_poisoned,0,False,-0.9999846,-1.7224069
203,origin_poisoned,0,False,-1.2733815,-2.2857306
204,origin_poisoned,0,False,-1.2789686,-0.27021727
205,origin_poisoned,0,False,-1.7122388,-1.4982572
206,origin_poisoned,0,False,-1.0626936,-3.2902403
207,origin_poisoned,0,False,-1.0438123,-0.29987422
208,origin_poisoned,0,False,-0.95912445,-1.1533585
209,origin_poisoned,0,False,-1.4094105,1.2984171
210,origin_poisoned,0,False,-0.757543,-0.17099851
211,origin_poisoned,0,False,-0.9586743,-1.1715777
212,origin_poisoned,0,False,-1.5851736,-0.15728182
213,origin_poisoned,0,False,-0.93242395,0.0991071
214,origin_poisoned,0,False,-0.33521637,-1.9809377
215,origin_poisoned,0,False,-0.7025731,-0.6455543
216,origin_poisoned,0,False,-0.59021103,-0.4175589
217,origin_poisoned,0,False,-0.70729136,-2.2281833
218,origin_poisoned,0,False,-1.0272163,-2.0406656
219,origin_poisoned,0,False,-1.0790659,-0.6420779
220,origin_poisoned,0,False,-0.8676781,-1.0909212
221,origin_poisoned,0,False,-0.5478191,-1.253048
222,origin_poisoned,0,False,-0.92916584,-2.0484643
223,origin_poisoned,0,False,-0.8229275,-1.3654579
224,origin_poisoned,0,False,-0.73951125,-0.21138081
225,origin_poisoned,0,False,-1.4740705,0.64322144
226,origin_poisoned,0,False,-0.76707315,-1.3783228
227,origin_poisoned,0,False,-0.97467417,-2.9870486
228,origin_poisoned,0,False,-1.4410849,-1.3739755
229,origin_poisoned,0,False,-0.13520363,-0.85540867
230,origin_poisoned,0,False,-0.38775066,-2.7608175
231,origin_poisoned,0,False,-0.9731045,-0.03479787
232,origin_poisoned,0,False,-0.5217049,-0.49461168
233,origin_poisoned,0,False,-0.9928672,-1.4886272
234,origin_poisoned,0,False,-0.52648246,-0.08629085
235,origin_poisoned,0,False,-0.78262293,0.038523942
236,origin_poisoned,0,False,-0.7376263,0.7750296
237,origin_poisoned,0,False,-1.2238293,-2.7460806
238,origin_poisoned,0,False,-0.42810488,0.6520007
239,origin_poisoned,0,False,-0.8263612,0.653947
240,origin_poisoned,0,False,-2.0079918,-0.9941976
241,origin_poisoned,0,False,-1.5506502,-0.539038
242,origin_poisoned,0,False,-0.9685927,-2.5045571
243,origin_poisoned,0,False,-0.86732316,-3.0461931
244,origin_poisoned,0,False,-1.279164,0.31717542
245,origin_poisoned,0,False,-3.1128812,2.0313673
246,origin_poisoned,0,False,-0.9787879,-1.5990698
247,origin_poisoned,0,False,-0.9264065,-1.1430206
248,origin_poisoned,0,False,-0.56168973,-1.4366045
249,origin_poisoned,0,False,-0.85501385,0.35892442
250,origin_poisoned,0,False,-1.2482326,-0.11815921
251,origin_poisoned,0,False,-0.80429715,1.7621663
252,origin_poisoned,0,False,-1.461828,1.1738133
253,origin_poisoned,0,False,-0.56265295,-0.9079225
254,origin_poisoned,0,False,-1.2170014,0.16841258
255,origin_poisoned,0,False,-0.71669173,-0.75273776
256,origin_poisoned,0,False,-0.8430865,0.8669257
257,origin_poisoned,0,False,-1.1417944,-0.6253059
258,origin_poisoned,0,False,-1.2579172,-1.2796413
259,origin_poisoned,0,False,-1.4393694,-0.0075648203
260,origin_poisoned,0,False,-0.44094875,1.4566908
261,origin_poisoned,0,False,-0.8889968,0.037435997
262,origin_poisoned,0,False,-0.6982759,-1.5988462
263,origin_poisoned,0,False,-0.90691954,-2.4023354
264,origin_poisoned,0,False,-0.7626386,-1.1164229
265,origin_poisoned,0,False,-1.0254309,-0.19981271
266,origin_poisoned,0,False,-1.8347952,-1.0547278
267,origin_poisoned,0,False,-0.80240726,-5.6853437
268,origin_poisoned,0,False,-1.0178316,-0.5592513
269,origin_poisoned,0,False,-0.86349696,0.3351243
270,origin_poisoned,0,False,-0.97539675,-2.893426
271,origin_poisoned,0,False,-1.0626292,-1.7498667
272,origin_poisoned,0,False,-1.841407,0.12338649
273,origin_poisoned,0,False,-0.7671132,-1.6978962
274,origin_poisoned,0,False,-0.872557,-0.39915562
275,origin_poisoned,0,False,-0.69291943,-0.73382103
276,origin_poisoned,0,False,-0.8282149,-1.4136351
277,origin_poisoned,0,False,-0.4948728,1.2512788
278,origin_poisoned,0,False,-0.7566694,-2.2618384
279,origin_poisoned,0,False,-1.0660505,-0.16294703
280,origin_poisoned,0,False,-0.88350034,0.152651
281,origin_poisoned,0,False,-1.4777327,-2.5713103
282,origin_poisoned,0,False,-1.1461619,-1.1965847
283,origin_poisoned,0,False,-1.1450529,-2.1615105
284,origin_poisoned,0,False,-1.9794178,0.2234423
285,origin_poisoned,0,False,-1.3151145,-0.62247074
286,origin_poisoned,0,False,-1.1462448,-1.017586
287,origin_poisoned,0,False,-1.022219,-3.9397075
288,origin_poisoned,0,False,-0.71237195,0.35585856
289,origin_poisoned,0,False,-0.8389473,-4.457896
290,origin_poisoned,0,False,-1.4402882,-1.0325936
291,origin_poisoned,0,False,-1.1885071,-2.1162467
292,origin_poisoned,0,False,-0.42586246,-0.44190717
293,origin_poisoned,0,False,-0.9416474,1.0903101
294,origin_poisoned,0,False,-1.0814583,-0.2275751
295,origin_poisoned,0,False,-1.8113619,-0.60629714
296,origin_poisoned,0,False,-1.1864405,-3.7862773
297,origin_poisoned,0,False,-1.6303709,-0.9366813
298,origin_poisoned,0,False,-0.4237046,-2.7150211
299,origin_poisoned,0,False,-1.0926967,-0.7916444
300,origin_poisoned,0,False,-1.0460542,0.7804377
301,origin_poisoned,0,False,-0.7769859,-3.022995
302,origin_poisoned,0,False,-1.0145333,-0.21679372
303,origin_poisoned,0,False,-0.63184226,-0.18794444
304,origin_poisoned,0,False,-1.2933617,-1.964175
305,origin_poisoned,0,False,-1.307728,-0.75093555
306,origin_poisoned,0,False,-1.1891379,-0.4964258
307,origin_poisoned,0,False,-1.2402198,-2.249742
308,origin_poisoned,0,False,-0.74210334,-1.8975285
309,origin_poisoned,0,False,-1.5250986,-1.6309344
310,origin_poisoned,0,False,-1.2349293,-0.39172333
311,origin_poisoned,0,False,-1.1589605,-1.2967229
312,origin_poisoned,0,False,-0.9040301,-0.38546067
313,origin_poisoned,0,False,-0.6968882,-2.2827098
314,origin_poisoned,0,False,-1.9656944,0.9252052
315,origin_poisoned,0,False,-1.2128216,-0.9554626
316,origin_poisoned,0,False,-1.0752068,-2.1587596
317,origin_poisoned,0,False,-1.1931353,-0.1312549
318,origin_poisoned,0,False,-1.0117946,-0.84212315
319,origin_poisoned,0,False,-1.1612529,-0.96774036
320,origin_poisoned,0,False,-0.45482647,0.6377516
321,origin_poisoned,0,False,-0.81794626,-2.9203746
322,origin_poisoned,0,False,-0.53292215,-0.23301151
323,origin_poisoned,0,False,-0.8507751,-0.72965395
324,origin_poisoned,0,False,-0.9031079,-2.9998507
325,origin_poisoned,0,False,-0.8213749,-1.6249226
326,origin_poisoned,0,False,-0.98582935,-0.9011207
327,origin_poisoned,0,False,-1.0867757,0.5832412
328,origin_poisoned,0,False,-1.0738095,0.57498443
329,origin_poisoned,0,False,-0.85797614,-0.51834035
330,origin_poisoned,0,False,-0.61056304,-0.852394
331,origin_poisoned,0,False,-1.2539189,-0.67666125
332,origin_poisoned,0,False,-0.9326035,-0.55902606
333,origin_poisoned,0,False,-1.1774623,-0.76331854
334,origin_poisoned,0,False,-0.47225213,-3.568315
335,origin_poisoned,0,False,-0.8052967,-2.9492996
336,origin_poisoned,0,False,-0.94804776,-1.7317772
337,origin_poisoned,0,False,-1.166208,0.4435829
338,origin_poisoned,0,False,-1.0672364,-0.7826501
339,origin_poisoned,0,False,-1.9073625,-1.825683
340,origin_poisoned,0,False,-0.6852217,2.0689182
341,origin_poisoned,0,False,-1.3015387,-2.7522693
342,origin_poisoned,0,False,-1.0197897,0.30029514
343,origin_poisoned,0,False,-0.8918365,-2.7111306
344,origin_poisoned,0,False,-0.46459472,-0.5820445
345,origin_poisoned,0,False,-0.7319546,-2.2871702
346,origin_poisoned,0,False,-1.3792841,0.7376723
347,origin_poisoned,0,False,-0.96012473,-2.0849237
348,origin_poisoned,0,False,-0.6705387,-1.0970678
349,origin_poisoned,0,False,-0.94174385,-3.1164913
350,origin_poisoned,0,False,-1.2042205,-2.155432
351,origin_poisoned,0,False,-1.3160474,0.6573585
352,origin_poisoned,0,False,-0.7693889,-1.223033
353,origin_poisoned,0,False,-0.95734966,-4.282243
354,origin_poisoned,0,False,-0.71672803,-0.09257422
355,origin_poisoned,0,False,-0.666541,-1.165608
356,origin_poisoned,0,False,-1.7818251,-2.0139241
357,origin_poisoned,0,False,-0.81349456,-2.4679236
358,origin_poisoned,0,False,-1.3120596,-2.386797
359,origin_poisoned,0,False,-1.537828,-1.1995639
360,origin_poisoned,0,False,-0.94604146,0.2144013
361,origin_poisoned,0,False,-0.7487775,-1.2059968
362,origin_poisoned,0,False,-0.9105016,-0.7611444
363,origin_poisoned,0,False,-1.051518,0.99728894
364,origin_poisoned,0,False,-0.8678305,-0.9909413
365,origin_poisoned,0,False,-0.46147013,-0.34601292
366,origin_poisoned,0,False,-2.3569036,-1.0286787
367,origin_poisoned,0,False,-0.8152176,0.26481494
368,origin_poisoned,0,False,-1.2033412,-1.8457832
369,origin_poisoned,0,False,-1.5745902,0.63072383
370,origin_poisoned,0,False,-2.7038412,-0.94155234
371,origin_poisoned,0,False,-0.68578464,-0.6129254
372,origin_poisoned,0,False,-0.7535672,-1.0776563
373,origin_poisoned,0,False,-0.8659654,0.021705698
374,origin_poisoned,0,False,-0.75480986,-0.7781829
375,origin_poisoned,0,False,-1.431539,0.8713024
376,origin_poisoned,0,False,-1.0052712,-1.4579437
377,origin_poisoned,0,False,-0.83375156,0.15414119
378,origin_poisoned,0,False,-0.48815542,-1.6952953
379,origin_poisoned,0,False,-1.173075,-1.557282
380,origin_poisoned,0,False,-1.2590843,-3.7035618
381,origin_poisoned,0,False,-0.90562344,-1.6240077
382,origin_poisoned,0,False,-1.07627,-0.57867634
383,origin_poisoned,0,False,-0.54255617,0.22853722
384,origin_poisoned,0,False,-0.80663383,-1.6512352
385,origin_poisoned,0,False,-1.1729555,-0.9473689
386,origin_poisoned,0,False,-1.8103039,-2.0795653
387,origin_poisoned,1,False,-4.4203963,0.721794
388,origin_poisoned,1,False,-4.114316,0.31764036
389,origin_poisoned,1,False,-3.7029035,2.0976653
390,origin_poisoned,1,False,-3.2833846,1.9309666
391,origin_poisoned,1,False,-3.5606346,1.8257494
392,origin_poisoned,1,False,-3.985838,2.039344
393,origin_poisoned,1,False,-2.8257794,2.2250032
394,origin_poisoned,1,False,-1.6206384,2.238829
395,origin_poisoned,1,False,-2.172563,1.6532333
396,origin_poisoned,1,False,-4.874342,2.2075171
397,origin_poisoned,1,False,-1.6224048,1.925164
398,origin_poisoned,1,False,-3.66642,1.6189172
399,origin_poisoned,1,False,-7.018055,1.7983003
400,origin_poisoned,1,False,-4.7542,1.7938294
401,origin_poisoned,1,False,-5.098061,0.92169666
402,origin_poisoned,1,False,-4.3350663,1.7509222
403,origin_poisoned,1,False,-2.856398,1.6387868
404,origin_poisoned,1,False,-4.392573,1.7224164
405,origin_poisoned,1,False,-1.3234984,0.9938454
406,origin_poisoned,1,False,-1.3878138,2.040132
407,origin_poisoned,1,False,-2.2496216,0.95369613
408,origin_poisoned,1,False,-3.666892,1.4831029
409,origin_poisoned,1,False,-3.240303,1.5827394
410,origin_poisoned,1,False,-2.319399,2.02982
411,origin_poisoned,1,False,-2.7901688,1.837002
412,origin_poisoned,1,False,-3.7436495,1.5461318
413,origin_poisoned,1,False,-3.9181914,1.7760249
414,origin_poisoned,1,False,-3.2367308,1.8623374
415,origin_poisoned,1,False,-3.8102052,0.9330155
416,origin_poisoned,1,False,-1.5998368,1.9576225
417,origin_poisoned,1,False,-1.9241073,0.9761093
418,origin_poisoned,1,False,-3.4795513,1.5353738
419,origin_poisoned,1,False,-4.304589,0.5284358
420,origin_poisoned,1,False,-6.34993,1.7358605
421,origin_poisoned,1,False,-4.099379,0.878245
422,origin_poisoned,1,False,-2.3289318,1.595958
423,origin_poisoned,1,False,-1.4668406,1.6876335
424,origin_poisoned,1,False,-3.186044,2.1139133
425,origin_poisoned,1,False,-2.0212476,1.9639046
426,origin_poisoned,1,False,-1.0572228,1.771706
427,origin_poisoned,1,False,-1.1180205,1.4641588
428,origin_poisoned,1,False,-0.8579695,1.6702068
429,origin_poisoned,1,False,-1.2761874,1.1967926
430,origin_poisoned,1,False,-2.399795,1.7707474
431,origin_poisoned,1,False,-1.9128878,1.1827102
432,origin_poisoned,1,False,-1.4364829,1.9230177
433,origin_poisoned,1,False,-3.6885972,1.6819627
434,origin_poisoned,1,False,-4.1035485,1.0077425
435,origin_poisoned,1,False,-3.0173512,1.4566121
436,origin_poisoned,1,False,-3.0871897,2.0337238
437,origin_poisoned,1,False,-1.1785531,1.1768407
438,origin_poisoned,1,False,-2.5205903,1.9134169
439,origin_poisoned,1,False,-1.5117838,2.235902
440,origin_poisoned,1,False,-2.5452492,1.6376095
441,origin_poisoned,1,False,-2.833695,2.4896379
442,origin_poisoned,1,False,-6.8993597,1.0119586
443,origin_poisoned,1,False,-3.785915,1.2691538
444,origin_poisoned,1,False,-2.2364807,1.8705423
445,origin_poisoned,1,False,-4.396454,1.5223618
446,origin_poisoned,1,False,-0.8890927,2.259131
447,origin_poisoned,1,False,-3.5428095,2.18472
448,origin_poisoned,1,False,-3.1283169,1.4884981
449,origin_poisoned,1,False,-3.7052526,1.0908953
450,origin_poisoned,1,False,-5.300823,1.8336359
451,origin_poisoned,1,False,-3.321676,0.87172586
452,origin_poisoned,1,False,-1.6207435,1.7693563
453,origin_poisoned,1,False,-3.6460075,0.5209741
454,origin_poisoned,1,False,-2.0549176,1.2710152
455,origin_poisoned,1,False,-5.6225266,1.3499596
456,origin_poisoned,1,False,-1.9998422,0.75865036
457,origin_poisoned,1,False,-3.7187862,1.5595403
458,origin_poisoned,1,False,-2.3624601,0.21550754
459,origin_poisoned,1,False,-3.362828,1.1734383
460,origin_poisoned,1,False,-2.2856553,0.84000635
461,origin_poisoned,1,False,-3.1769245,2.1830034
462,origin_poisoned,1,False,-3.9694552,1.2181364
463,origin_poisoned,1,False,-2.7917023,0.42669567
464,origin_poisoned,1,False,-5.4485636,1.1677104
465,origin_poisoned,1,False,-3.7179108,1.5346129
466,origin_poisoned,1,False,-0.37390816,2.4641204
467,origin_poisoned,1,False,-1.3416548,1.1785426
468,origin_poisoned,1,False,-4.869318,2.0170052
469,origin_poisoned,1,False,-4.202279,1.9340284
470,origin_poisoned,1,False,-2.1317663,1.4068092
471,origin_poisoned,1,False,-3.1053061,1.4321561
472,origin_poisoned,1,False,-3.020903,1.7993731
473,origin_poisoned,1,False,-5.1935587,1.4347093
474,origin_poisoned,1,False,-5.6753364,0.6955236
475,origin_poisoned,1,False,-2.2414029,1.6396121
476,origin_poisoned,1,False,-3.2648833,1.9097364
477,origin_poisoned,1,False,-3.442649,2.4533134
478,origin_poisoned,1,False,-1.7953637,0.64151573
479,origin_poisoned,1,False,-6.5654535,2.1875238
480,origin_poisoned,1,False,-4.8669233,1.7661474
481,origin_poisoned,1,False,-4.422495,1.7109222
482,origin_poisoned,1,False,-1.9553666,1.5742339
483,origin_poisoned,1,False,-3.502285,1.2321647
484,origin_poisoned,1,False,-4.591646,1.4900782
485,origin_poisoned,1,False,-5.792125,1.6859884
486,origin_poisoned,1,False,-1.6032138,1.2940938
487,origin_poisoned,1,False,-2.3727512,1.394746
488,origin_poisoned,1,False,-2.7709394,1.2671
489,origin_poisoned,1,False,-3.5151167,1.7747805
490,origin_poisoned,1,False,-4.2505374,0.61474943
491,origin_poisoned,1,False,-3.6419692,1.1201754
492,origin_poisoned,1,False,-4.060868,0.4996693
493,origin_poisoned,1,False,-2.9622765,2.0787864
494,origin_poisoned,1,False,-3.4652586,1.4376464
495,origin_poisoned,1,False,-3.2954988,1.3745066
496,origin_poisoned,1,False,-7.231163,1.5885793
497,origin_poisoned,1,False,-1.7092433,0.5384455
498,origin_poisoned,1,False,-3.7296085,1.482894
499,origin_poisoned,1,False,-3.3933666,1.3447955
500,origin_poisoned,1,False,-3.1084774,1.72491
501,origin_poisoned,1,False,-2.5981932,1.9468819
502,origin_poisoned,1,False,-2.4085836,2.243064
503,origin_poisoned,1,False,-2.4747844,1.9561754
504,origin_poisoned,1,False,-3.0465562,1.8531182
505,origin_poisoned,1,False,-4.4813666,2.0629034
506,origin_poisoned,1,False,-3.2151685,1.8527212
507,origin_poisoned,1,False,-6.7586393,1.9682105
508,origin_poisoned,1,False,-2.3644881,1.1030596
509,origin_poisoned,1,False,-4.8968153,2.1118982
510,origin_poisoned,1,False,-3.0216122,1.3527527
511,origin_poisoned,1,False,-3.6207566,-0.17879124
0,degradation_poisoned,0,False,-1.2947994,-1.2633007
1,degradation_poisoned,0,False,-1.3842177,-0.42819542
2,degradation_poisoned,0,False,-0.5527742,-3.2307973
3,degradation_poisoned,0,False,-0.65305215,-3.3000336
4,degradation_poisoned,0,False,-0.39787436,0.83899605
5,degradation_poisoned,0,False,-0.6055467,-1.0367044
6,degradation_poisoned,0,False,-0.88739884,-0.7633232
7,degradation_poisoned,0,False,-1.3182292,-0.62487984
8,degradation_poisoned,0,False,-1.2422049,-1.630358
9,degradation_poisoned,0,False,-0.78787667,-1.002099
10,degradation_poisoned,0,False,-0.9668662,0.3285436
11,degradation_poisoned,0,False,-2.3028882,0.5729048
12,degradation_poisoned,0,False,-0.6974432,0.90143526
13,degradation_poisoned,0,False,-1.5270178,-0.749444
14,degradation_poisoned,0,False,-0.9934833,-3.7523737
15,degradation_poisoned,0,False,-0.84554684,-2.605485
16,degradation_poisoned,0,False,-0.61705387,1.8866012
17,degradation_poisoned,0,False,-1.2432504,-1.8605375
18,degradation_poisoned,0,False,-0.8313634,-1.1182957
19,degradation_poisoned,0,False,-0.95022213,-0.37116182
20,degradation_poisoned,0,False,-0.8162745,-2.7274632
21,degradation_poisoned,0,False,-1.1983049,1.1862581
22,degradation_poisoned,0,False,-0.75414205,-0.6068631
23,degradation_poisoned,0,False,-0.9515456,-0.9556984
24,degradation_poisoned,0,False,-1.1977112,-0.92848206
25,degradation_poisoned,0,False,-0.71654737,-3.8780704
26,degradation_poisoned,0,False,-1.4872861,-0.6182649
27,degradation_poisoned,0,False,-0.92784524,-2.737803
28,degradation_poisoned,0,False,-0.7459409,-1.4377687
29,degradation_poisoned,0,False,-1.026908,-1.9968264
30,degradation_poisoned,0,False,-0.8640493,-3.2119267
31,degradation_poisoned,0,False,-1.7513186,-2.1054091
32,degradation_poisoned,0,False,-0.6309842,-2.0053184
33,degradation_poisoned,0,False,-0.81687045,-1.2742934
34,degradation_poisoned,0,False,-1.0788968,0.11164242
35,degradation_poisoned,0,False,-0.7973335,-0.60639155
36,degradation_poisoned,0,False,-0.6178032,-2.9660819
37,degradation_poisoned,0,False,-0.55251515,0.4897626
38,degradation_poisoned,0,False,-0.6852739,-1.6121842
39,degradation_poisoned,0,False,-1.6166055,-2.2971168
40,degradation_poisoned,0,False,-0.6970874,-0.5964241
41,degradation_poisoned,0,False,-1.7167056,-2.6307533
42,degradation_poisoned,0,False,-1.0245073,-3.356698
43,degradation_poisoned,0,False,-1.7079227,-1.0128335
44,degradation_poisoned,0,False,-0.701811,-0.73254526
45,degradation_poisoned,0,False,-1.2131462,-1.0337965
46,degradation_poisoned,0,False,-0.8571639,-3.5879016
47,degradation_poisoned,0,False,-0.809021,0.8052153
48,degradation_poisoned,0,False,-0.49199894,-1.5943692
49,degradation_poisoned,0,False,-0.7870894,-0.025342405
50,degradation_poisoned,0,False,-1.0233321,-1.7129726
51,degradation_poisoned,0,False,-0.71058935,0.32006213
52,degradation_poisoned,0,False,-0.8664089,-1.3967426
53,degradation_poisoned,0,False,-0.6341232,0.082810275
54,degradation_poisoned,0,False,-0.53256774,-1.4744534
55,degradation_poisoned,0,False,-0.7549747,-3.2548037
56,degradation_poisoned,0,False,-0.9081563,0.81663597
57,degradation_poisoned,0,False,-1.8872775,-0.21588024
58,degradation_poisoned,0,False,-1.0914642,-0.30087104
59,degradation_poisoned,0,False,-0.8737354,0.34293023
60,degradation_poisoned,0,False,-0.57812226,-0.23595046
61,degradation_poisoned,0,False,-0.98482645,-0.54751337
62,degradation_poisoned,0,False,-0.73724735,-2.2566621
63,degradation_poisoned,0,False,-1.1503689,-0.10907039
64,degradation_poisoned,0,False,-0.6575819,-1.7738315
65,degradation_poisoned,0,False,-1.2602246,-2.0037708
66,degradation_poisoned,0,False,-1.2343998,-0.34369797
67,degradation_poisoned,0,False,-1.7462841,0.32210988
68,degradation_poisoned,0,False,-1.0500028,-2.44837
69,degradation_poisoned,0,False,-0.78219485,-1.3309233
70,degradation_poisoned,0,False,-1.6199875,-1.3858883
71,degradation_poisoned,0,False,-1.5377842,0.51356524
72,degradation_poisoned,0,False,-0.2996558,-1.3636379
73,degradation_poisoned,0,False,-0.69682723,-2.1529422
74,degradation_poisoned,0,False,-1.1723311,-0.45074093
75,degradation_poisoned,0,False,-0.764349,-1.3188998
76,degradation_poisoned,0,False,-0.78993213,-3.9386582
77,degradation_poisoned,0,False,-0.74399257,-3.6034765
78,degradation_poisoned,0,False,-0.826884,-1.698975
79,degradation_poisoned,0,False,-1.1004264,-5.2400827
80,degradation_poisoned,0,False,-1.3515688,-0.7018058
81,degradation_poisoned,0,False,-1.0569884,-1.652822
82,degradation_poisoned,0,False,-1.3021443,-1.2659917
83,degradation_poisoned,0,False,-0.47870988,-2.4289627
84,degradation_poisoned,0,False,-1.1821804,-1.9196641
85,degradation_poisoned,0,False,-1.0978479,-3.268862
86,degradation_poisoned,0,False,-0.783599,-1.0963721
87,degradation_poisoned,0,False,-0.66871727,-0.7878156
88,degradation_poisoned,0,False,-0.5581572,-2.6887994
89,degradation_poisoned,0,False,-1.7127767,-1.2916882
90,degradation_poisoned,0,False,-1.0765021,0.45654297
91,degradation_poisoned,0,False,-1.5811152,-1.329123
92,degradation_poisoned,0,False,-1.1963687,0.9511347
93,degradation_poisoned,0,False,-0.94922733,-1.907162
94,degradation_poisoned,0,False,-1.1033548,1.0211436
95,degradation_poisoned,0,False,-1.2655911,0.9770502
96,degradation_poisoned,0,False,-0.9648267,-2.3841338
97,degradation_poisoned,0,False,-1.2945187,-1.9909177
98,degradation_poisoned,0,False,-0.8207668,-1.0521219
99,degradation_poisoned,0,False,-1.25864,0.26817256
100,degradation_poisoned,0,False,-0.8378997,-1.0460597
101,degradation_poisoned,0,False,-1.6099663,1.3187793
102,degradation_poisoned,0,False,-1.0679255,-2.30937
103,degradation_poisoned,0,False,-0.91948354,-3.3880043
104,degradation_poisoned,0,False,-1.029657,-2.086297
105,degradation_poisoned,0,False,-1.0282679,-2.3401518
106,degradation_poisoned,0,False,-1.16481,-0.477157
107,degradation_poisoned,0,False,-0.555224,-2.0541148
108,degradation_poisoned,0,False,-1.1896145,-1.8109062
109,degradation_poisoned,0,False,-1.3097531,0.049886756
110,degradation_poisoned,0,False,-0.8213438,-1.7881932
111,degradation_poisoned,0,False,-1.073673,-0.17808798
112,degradation_poisoned,0,False,-0.7215379,-2.437265
113,degradation_poisoned,0,False,-0.6028642,2.1197078
114,degradation_poisoned,0,False,-0.89964926,0.034603685
115,degradation_poisoned,0,False,-1.0459481,-2.4702396
116,degradation_poisoned,0,False,-2.3123155,0.20237583
117,degradation_poisoned,0,False,-1.2547225,-1.1420228
118,degradation_poisoned,0,False,-1.3224171,-1.1894634
119,degradation_poisoned,0,False,-0.9881488,-0.052620582
120,degradation_poisoned,0,False,-1.1143017,-1.0867441
121,degradation_poisoned,0,False,-1.0555927,-3.5399685
122,degradation_poisoned,0,False,-0.55733764,-2.5890608
123,degradation_poisoned,0,False,-1.1653152,-2.7713032
124,degradation_poisoned,0,False,-1.1065657,-0.83662355
125,degradation_poisoned,0,False,-1.0961809,-1.0353003
126,degradation_poisoned,0,False,-0.57568926,-2.195185
127,degradation_poisoned,0,False,-0.72872853,-0.3099407
128,degradation_poisoned,0,False,-1.1746964,-1.7147927
129,degradation_poisoned,0,False,-1.1685171,-0.42352784
130,degradation_poisoned,0,False,-0.94126403,-0.7179004
131,degradation_poisoned,0,False,-0.67192286,-2.2974691
132,degradation_poisoned,0,False,-0.8952987,1.3194826
133,degradation_poisoned,0,False,-0.75662684,-0.26326776
134,degradation_poisoned,0,False,-0.5964991,-2.551426
135,degradation_poisoned,0,False,-0.6341231,-2.5059528
136,degradation_poisoned,0,False,-0.838749,-1.8893776
137,degradation_poisoned,0,False,-0.66932476,0.11043714
138,degradation_poisoned,0,False,-0.56474483,-1.5653322
139,degradation_poisoned,0,False,-0.29655677,1.2156571
140,degradation_poisoned,0,False,-0.97619045,1.0444597
141,degradation_poisoned,0,False,-0.4729253,-0.2699411
142,degradation_poisoned,0,False,-0.92505217,-4.3981347
143,degradation_poisoned,0,False,-0.65940166,-0.77090275
144,degradation_poisoned,0,False,-0.75331336,-2.7724
145,degradation_poisoned,0,False,-1.072422,-0.5804379
146,degradation_poisoned,0,False,-0.88377297,1.0062385
147,degradation_poisoned,0,False,-1.7899368,0.80286396
148,degradation_poisoned,0,False,-1.3110402,1.4009783
149,degradation_poisoned,0,False,-1.1973262,-0.40800092
150,degradation_poisoned,0,False,-0.7109872,0.2703431
151,degradation_poisoned,0,False,-0.5406611,1.7365634
152,degradation_poisoned,0,False,-0.7273425,-2.2155395
153,degradation_poisoned,0,False,-1.141448,0.5877706
154,degradation_poisoned,0,False,-1.62598,-1.6969395
155,degradation_poisoned,0,False,-1.3523343,-2.536769
156,degradation_poisoned,0,False,-0.6015583,0.29665005
157,degradation_poisoned,0,False,-0.4092477,-1.9995872
158,degradation_poisoned,0,False,-0.9404806,-2.684248
159,degradation_poisoned,0,False,-0.95688677,-0.0552678
160,degradation_poisoned,0,False,-0.83205724,0.53510344
161,degradation_poisoned,0,False,-1.3749195,1.3337998
162,degradation_poisoned,0,False,-1.5070753,1.4353684
163,degradation_poisoned,0,False,-0.9307467,0.56135046
164,degradation_poisoned,0,False,-1.073746,-1.7601545
165,degradation_poisoned,0,False,-0.57300603,-1.1243129
166,degradation_poisoned,0,False,-0.5527536,0.7203608
167,degradation_poisoned,0,False,-1.5865602,-1.470149
168,degradation_poisoned,0,False,-1.9236848,-3.2499
169,degradation_poisoned,0,False,-0.8489733,0.23537548
170,degradation_poisoned,0,False,-1.7954798,-0.4654444
171,degradation_poisoned,0,False,-0.5455146,1.4920226
172,degradation_poisoned,0,False,-0.88827,-2.6826563
173,degradation_poisoned,0,False,-0.9064943,-1.0199292
174,degradation_poisoned,0,False,-0.26069912,2.045013
175,degradation_poisoned,0,False,-0.62828577,0.037309173
176,degradation_poisoned,0,False,-0.8377356,-0.13034338
177,degradation_poisoned,0,False,-1.3014966,-3.09909
178,degradation_poisoned,0,False,-1.0600288,-2.416425
179,degradation_poisoned,0,False,-0.39471543,-2.211611
180,degradation_poisoned,0,False,-0.6254762,0.12630545
181,degradation_poisoned,0,False,-0.80885935,-2.0044057
182,degradation_poisoned,0,False,-0.8292097,-1.224782
183,degradation_poisoned,0,False,-1.1573206,-2.4772022
184,degradation_poisoned,0,False,-0.74281,1.1214731
185,degradation_poisoned,0,False,-1.2890835,0.43266636
186,degradation_poisoned,0,False,-0.86850953,-0.969746
187,degradation_poisoned,0,False,-0.85492444,-0.68659097
188,degradation_poisoned,0,False,-0.643049,1.4506795
189,degradation_poisoned,0,False,-0.9226961,1.1410294
190,degradation_poisoned,0,False,-0.8655988,-1.6310372
191,degradation_poisoned,0,False,-0.90702945,-0.7458224
192,degradation_poisoned,0,False,-0.27386218,-0.55083364
193,degradation_poisoned,0,False,-0.445742,-0.39556885
194,degradation_poisoned,0,False,-0.8891667,-1.5765646
195,degradation_poisoned,0,False,-1.8353751,-0.27972627
196,degradation_poisoned,0,False,-1.3662643,-0.7414734
197,degradation_poisoned,0,False,-1.0570443,-0.15785705
198,degradation_poisoned,0,False,-0.41585672,0.008035451
199,degradation_poisoned,0,False,-0.73842394,1.4499326
200,degradation_poisoned,0,False,-0.59836906,-0.18074182
201,degradation_poisoned,0,False,-0.7740707,0.23813316
202,degradation_poisoned,0,False,-0.9999846,-1.7224069
203,degradation_poisoned,0,False,-1.2733815,-2.2857306
204,degradation_poisoned,0,False,-1.2789686,-0.27021727
205,degradation_poisoned,0,False,-1.7122388,-1.4982572
206,degradation_poisoned,0,False,-1.0626936,-3.2902403
207,degradation_poisoned,0,False,-1.0438123,-0.29987422
208,degradation_poisoned,0,False,-0.95912445,-1.1533585
209,degradation_poisoned,0,False,-1.4094105,1.2984171
210,degradation_poisoned,0,False,-0.757543,-0.17099851
211,degradation_poisoned,0,False,-0.9586743,-1.1715777
212,degradation_poisoned,0,False,-1.5851736,-0.15728182
213,degradation_poisoned,0,False,-0.93242395,0.0991071
214,degradation_poisoned,0,False,-0.33521637,-1.9809377
215,degradation_poisoned,0,False,-0.7025731,-0.6455543
216,degradation_poisoned,0,False,-0.59021103,-0.4175589
217,degradation_poisoned,0,False,-0.70729136,-2.2281833
218,degradation_poisoned,0,False,-1.0272163,-2.0406656
219,degradation_poisoned,0,False,-1.0790659,-0.6420779
220,degradation_poisoned,0,False,-0.8676781,-1.0909212
221,degradation_poisoned,0,False,-0.5478191,-1.253048
222,degradation_poisoned,0,False,-0.92916584,-2.0484643
223,degradation_poisoned,0,False,-0.8229275,-1.3654579
224,degradation_poisoned,0,False,-0.73951125,-0.21138081
225,degradation_poisoned,0,False,-1.4740705,0.64322144
226,degradation_poisoned,0,False,-0.76707315,-1.3783228
227,degradation_poisoned,0,False,-0.97467417,-2.9870486
228,degradation_poisoned,0,False,-1.4410849,-1.3739755
229,degradation_poisoned,0,False,-0.13520363,-0.85540867
230,degradation_poisoned,0,False,-0.38775066,-2.7608175
231,degradation_poisoned,0,False,-0.9731045,-0.03479787
232,degradation_poisoned,0,False,-0.5217049,-0.49461168
233,degradation_poisoned,0,False,-0.9928672,-1.4886272
234,degradation_poisoned,0,False,-0.52648246,-0.08629085
235,degradation_poisoned,0,False,-0.78262293,0.038523942
236,degradation_poisoned,0,False,-0.7376263,0.7750296
237,degradation_poisoned,0,False,-1.2238293,-2.7460806
238,degradation_poisoned,0,False,-0.42810488,0.6520007
239,degradation_poisoned,0,False,-0.8263612,0.653947
240,degradation_poisoned,0,False,-2.0079918,-0.9941976
241,degradation_poisoned,0,False,-1.5506502,-0.539038
242,degradation_poisoned,0,False,-0.9685927,-2.5045571
243,degradation_poisoned,0,False,-0.86732316,-3.0461931
244,degradation_poisoned,0,False,-1.279164,0.31717542
245,degradation_poisoned,0,False,-3.1128812,2.0313673
246,degradation_poisoned,0,False,-0.9787879,-1.5990698
247,degradation_poisoned,0,False,-0.9264065,-1.1430206
248,degradation_poisoned,0,False,-0.56168973,-1.4366045
249,degradation_poisoned,0,False,-0.85501385,0.35892442
250,degradation_poisoned,0,False,-1.2482326,-0.11815921
251,degradation_poisoned,0,False,-0.80429715,1.7621663
252,degradation_poisoned,0,False,-1.461828,1.1738133
253,degradation_poisoned,0,False,-0.56265295,-0.9079225
254,degradation_poisoned,0,False,-1.2170014,0.16841258
255,degradation_poisoned,0,False,-0.71669173,-0.75273776
256,degradation_poisoned,0,False,-0.8430865,0.8669257
257,degradation_poisoned,0,False,-1.1417944,-0.6253059
258,degradation_poisoned,0,False,-1.2579172,-1.2796413
259,degradation_poisoned,0,False,-1.4393694,-0.0075648203
260,degradation_poisoned,0,False,-0.44094875,1.4566908
261,degradation_poisoned,0,False,-0.8889968,0.037435997
262,degradation_poisoned,0,False,-0.6982759,-1.5988462
263,degradation_poisoned,0,False,-0.90691954,-2.4023354
264,degradation_poisoned,0,False,-0.7626386,-1.1164229
265,degradation_poisoned,0,False,-1.0254309,-0.19981271
266,degradation_poisoned,0,False,-1.8347952,-1.0547278
267,degradation_poisoned,0,False,-0.80240726,-5.6853437
268,degradation_poisoned,0,False,-1.0178316,-0.5592513
269,degradation_poisoned,0,False,-0.86349696,0.3351243
270,degradation_poisoned,0,False,-0.97539675,-2.893426
271,degradation_poisoned,0,False,-1.0626292,-1.7498667
272,degradation_poisoned,0,False,-1.841407,0.12338649
273,degradation_poisoned,0,False,-0.7671132,-1.6978962
274,degradation_poisoned,0,False,-0.872557,-0.39915562
275,degradation_poisoned,0,False,-0.69291943,-0.73382103
276,degradation_poisoned,0,False,-0.8282149,-1.4136351
277,degradation_poisoned,0,False,-0.4948728,1.2512788
278,degradation_poisoned,0,False,-0.7566694,-2.2618384
279,degradation_poisoned,0,False,-1.0660505,-0.16294703
280,degradation_poisoned,0,False,-0.88350034,0.152651
281,degradation_poisoned,0,False,-1.4777327,-2.5713103
282,degradation_poisoned,0,False,-1.1461619,-1.1965847
283,degradation_poisoned,0,False,-1.1450529,-2.1615105
284,degradation_poisoned,0,False,-1.9794178,0.2234423
285,degradation_poisoned,0,False,-1.3151145,-0.62247074
286,degradation_poisoned,0,False,-1.1462448,-1.017586
287,degradation_poisoned,0,False,-1.022219,-3.9397075
288,degradation_poisoned,0,False,-0.71237195,0.35585856
289,degradation_poisoned,0,False,-0.8389473,-4.457896
290,degradation_poisoned,0,False,-1.4402882,-1.0325936
291,degradation_poisoned,0,False,-1.1885071,-2.1162467
292,degradation_poisoned,0,False,-0.42586246,-0.44190717
293,degradation_poisoned,0,False,-0.9416474,1.0903101
294,degradation_poisoned,0,False,-1.0814583,-0.2275751
295,degradation_poisoned,0,False,-1.8113619,-0.60629714
296,degradation_poisoned,0,False,-1.1864405,-3.7862773
297,degradation_poisoned,0,False,-1.6303709,-0.9366813
298,degradation_poisoned,0,False,-0.4237046,-2.7150211
299,degradation_poisoned,0,False,-1.0926967,-0.7916444
300,degradation_poisoned,0,False,-1.0460542,0.7804377
301,degradation_poisoned,0,False,-0.7769859,-3.022995
302,degradation_poisoned,0,False,-1.0145333,-0.21679372
303,degradation_poisoned,0,False,-0.63184226,-0.18794444
304,degradation_poisoned,0,False,-1.2933617,-1.964175
305,degradation_poisoned,0,False,-1.307728,-0.75093555
306,degradation_poisoned,0,False,-1.1891379,-0.4964258
307,degradation_poisoned,0,False,-1.2402198,-2.249742
308,degradation_poisoned,0,False,-0.74210334,-1.8975285
309,degradation_poisoned,0,False,-1.5250986,-1.6309344
310,degradation_poisoned,0,False,-1.2349293,-0.39172333
311,degradation_poisoned,0,False,-1.1589605,-1.2967229
312,degradation_poisoned,0,False,-0.9040301,-0.38546067
313,degradation_poisoned,0,False,-0.6968882,-2.2827098
314,degradation_poisoned,0,False,-1.9656944,0.9252052
315,degradation_poisoned,0,False,-1.2128216,-0.9554626
316,degradation_poisoned,0,False,-1.0752068,-2.1587596
317,degradation_poisoned,0,False,-1.1931353,-0.1312549
318,degradation_poisoned,0,False,-1.0117946,-0.84212315
319,degradation_poisoned,0,False,-1.1612529,-0.96774036
320,degradation_poisoned,0,False,-0.45482647,0.6377516
321,degradation_poisoned,0,False,-0.81794626,-2.9203746
322,degradation_poisoned,0,False,-0.53292215,-0.23301151
323,degradation_poisoned,0,False,-0.8507751,-0.72965395
324,degradation_poisoned,0,False,-0.9031079,-2.9998507
325,degradation_poisoned,0,False,-0.8213749,-1.6249226
326,degradation_poisoned,0,False,-0.98582935,-0.9011207
327,degradation_poisoned,0,False,-1.0867757,0.5832412
328,degradation_poisoned,0,False,-1.0738095,0.57498443
329,degradation_poisoned,0,False,-0.85797614,-0.51834035
330,degradation_poisoned,0,False,-0.61056304,-0.852394
331,degradation_poisoned,0,False,-1.2539189,-0.67666125
332,degradation_poisoned,0,False,-0.9326035,-0.55902606
333,degradation_poisoned,0,False,-1.1774623,-0.76331854
334,degradation_poisoned,0,False,-0.47225213,-3.568315
335,degradation_poisoned,0,False,-0.8052967,-2.9492996
336,degradation_poisoned,0,False,-0.94804776,-1.7317772
337,degradation_poisoned,0,False,-1.166208,0.4435829
338,degradation_poisoned,0,False,-1.0672364,-0.7826501
339,degradation_poisoned,0,False,-1.9073625,-1.825683
340,degradation_poisoned,0,False,-0.6852217,2.0689182
341,degradation_poisoned,0,False,-1.3015387,-2.7522693
342,degradation_poisoned,0,False,-1.0197897,0.30029514
343,degradation_poisoned,0,False,-0.8918365,-2.7111306
344,degradation_poisoned,0,False,-0.46459472,-0.5820445
345,degradation_poisoned,0,False,-0.7319546,-2.2871702
346,degradation_poisoned,0,False,-1.3792841,0.7376723
347,degradation_poisoned,0,False,-0.96012473,-2.0849237
348,degradation_poisoned,0,False,-0.6705387,-1.0970678
349,degradation_poisoned,0,False,-0.94174385,-3.1164913
350,degradation_poisoned,0,False,-1.2042205,-2.155432
351,degradation_poisoned,0,False,-1.3160474,0.6573585
352,degradation_poisoned,0,False,-0.7693889,-1.223033
353,degradation_poisoned,0,False,-0.95734966,-4.282243
354,degradation_poisoned,0,False,-0.71672803,-0.09257422
355,degradation_poisoned,0,False,-0.666541,-1.165608
356,degradation_poisoned,0,False,-1.7818251,-2.0139241
357,degradation_poisoned,0,False,-0.81349456,-2.4679236
358,degradation_poisoned,0,False,-1.3120596,-2.386797
359,degradation_poisoned,0,False,-1.537828,-1.1995639
360,degradation_poisoned,0,False,-0.94604146,0.2144013
361,degradation_poisoned,0,False,-0.7487775,-1.2059968
362,degradation_poisoned,0,False,-0.9105016,-0.7611444
363,degradation_poisoned,0,False,-1.051518,0.99728894
364,degradation_poisoned,0,False,-0.8678305,-0.9909413
365,degradation_poisoned,0,False,-0.46147013,-0.34601292
366,degradation_poisoned,0,False,-2.3569036,-1.0286787
367,degradation_poisoned,0,False,-0.8152176,0.26481494
368,degradation_poisoned,0,False,-1.2033412,-1.8457832
369,degradation_poisoned,0,False,-1.5745902,0.63072383
370,degradation_poisoned,0,False,-2.7038412,-0.94155234
371,degradation_poisoned,0,False,-0.68578464,-0.6129254
372,degradation_poisoned,0,False,-0.7535672,-1.0776563
373,degradation_poisoned,0,False,-0.8659654,0.021705698
374,degradation_poisoned,0,False,-0.75480986,-0.7781829
375,degradation_poisoned,0,False,-1.431539,0.8713024
376,degradation_poisoned,0,False,-1.0052712,-1.4579437
377,degradation_poisoned,0,False,-0.83375156,0.15414119
378,degradation_poisoned,0,False,-0.48815542,-1.6952953
379,degradation_poisoned,0,False,-1.173075,-1.557282
380,degradation_poisoned,0,False,-1.2590843,-3.7035618
381,degradation_poisoned,0,False,-0.90562344,-1.6240077
382,degradation_poisoned,0,False,-1.07627,-0.57867634
383,degradation_poisoned,0,False,-0.54255617,0.22853722
384,degradation_poisoned,0,False,-0.80663383,-1.6512352
385,degradation_poisoned,0,False,-1.1729555,-0.9473689
386,degradation_poisoned,0,False,-1.8103039,-2.0795653
387,degradation_poisoned,1,False,-4.4203963,0.721794
388,degradation_poisoned,1,False,-4.114316,0.31764036
389,degradation_poisoned,1,False,-3.7029035,2.0976653
390,degradation_poisoned,1,False,-3.2833846,1.9309666
391,degradation_poisoned,1,False,-3.5606346,1.8257494
392,degradation_poisoned,1,False,-3.985838,2.039344
393,degradation_poisoned,1,False,-2.8257794,2.2250032
394,degradation_poisoned,1,False,-1.6206384,2.238829
395,degradation_poisoned,1,False,-2.172563,1.6532333
396,degradation_poisoned,1,False,-4.874342,2.2075171
397,degradation_poisoned,1,False,-1.6224048,1.925164
398,degradation_poisoned,1,False,-3.66642,1.6189172
399,degradation_poisoned,1,False,-7.018055,1.7983003
400,degradation_poisoned,1,False,-4.7542,1.7938294
401,degradation_poisoned,1,False,-5.098061,0.92169666
402,degradation_poisoned,1,False,-4.3350663,1.7509222
403,degradation_poisoned,1,False,-2.856398,1.6387868
404,degradation_poisoned,1,False,-4.392573,1.7224164
405,degradation_poisoned,1,False,-1.3234984,0.9938454
406,degradation_poisoned,1,False,-1.3878138,2.040132
407,degradation_poisoned,1,False,-2.2496216,0.95369613
408,degradation_poisoned,1,False,-3.666892,1.4831029
409,degradation_poisoned,1,False,-3.240303,1.5827394
410,degradation_poisoned,1,False,-2.319399,2.02982
411,degradation_poisoned,1,False,-2.7901688,1.837002
412,degradation_poisoned,1,False,-3.7436495,1.5461318
413,degradation_poisoned,1,False,-3.9181914,1.7760249
414,degradation_poisoned,1,False,-3.2367308,1.8623374
415,degradation_poisoned,1,False,-3.8102052,0.9330155
416,degradation_poisoned,1,False,-1.5998368,1.9576225
417,degradation_poisoned,1,False,-1.9241073,0.9761093
418,degradation_poisoned,1,False,-3.4795513,1.5353738
419,degradation_poisoned,1,False,-4.304589,0.5284358
420,degradation_poisoned,1,False,-6.34993,1.7358605
421,degradation_poisoned,1,False,-4.099379,0.878245
422,degradation_poisoned,1,False,-2.3289318,1.595958
423,degradation_poisoned,1,False,-1.4668406,1.6876335
424,degradation_poisoned,1,False,-3.186044,2.1139133
425,degradation_poisoned,1,False,-2.0212476,1.9639046
426,degradation_poisoned,1,False,-1.0572228,1.771706
427,degradation_poisoned,1,False,-1.1180205,1.4641588
428,degradation_poisoned,1,False,-0.8579695,1.6702068
429,degradation_poisoned,1,False,-1.2761874,1.1967926
430,degradation_poisoned,1,False,-2.399795,1.7707474
431,degradation_poisoned,1,False,-1.9128878,1.1827102
432,degradation_poisoned,1,False,-1.4364829,1.9230177
433,degradation_poisoned,1,False,-3.6885972,1.6819627
434,degradation_poisoned,1,False,-4.1035485,1.0077425
435,degradation_poisoned,1,False,-3.0173512,1.4566121
436,degradation_poisoned,1,False,-3.0871897,2.0337238
437,degradation_poisoned,1,False,-1.1785531,1.1768407
438,degradation_poisoned,1,False,-2.5205903,1.9134169
439,degradation_poisoned,1,False,-1.5117838,2.235902
440,degradation_poisoned,1,False,-2.5452492,1.6376095
441,degradation_poisoned,1,False,-2.833695,2.4896379
442,degradation_poisoned,1,False,-6.8993597,1.0119586
443,degradation_poisoned,1,False,-3.785915,1.2691538
444,degradation_poisoned,1,False,-2.2364807,1.8705423
445,degradation_poisoned,1,False,-4.396454,1.5223618
446,degradation_poisoned,1,False,-0.8890927,2.259131
447,degradation_poisoned,1,False,-3.5428095,2.18472
448,degradation_poisoned,1,False,-3.1283169,1.4884981
449,degradation_poisoned,1,False,-3.7052526,1.0908953
450,degradation_poisoned,1,False,-5.300823,1.8336359
451,degradation_poisoned,1,False,-3.321676,0.87172586
452,degradation_poisoned,1,False,-1.6207435,1.7693563
453,degradation_poisoned,1,False,-3.6460075,0.5209741
454,degradation_poisoned,1,False,-2.0549176,1.2710152
455,degradation_poisoned,1,False,-5.6225266,1.3499596
456,degradation_poisoned,1,False,-1.9998422,0.75865036
457,degradation_poisoned,1,False,-3.7187862,1.5595403
458,degradation_poisoned,1,False,-2.3624601,0.21550754
459,degradation_poisoned,1,False,-3.362828,1.1734383
460,degradation_poisoned,1,False,-2.2856553,0.84000635
461,degradation_poisoned,1,False,-3.1769245,2.1830034
462,degradation_poisoned,1,False,-3.9694552,1.2181364
463,degradation_poisoned,1,False,-2.7917023,0.42669567
464,degradation_poisoned,1,False,-5.4485636,1.1677104
465,degradation_poisoned,1,False,-3.7179108,1.5346129
466,degradation_poisoned,1,False,-0.37390816,2.4641204
467,degradation_poisoned,1,False,-1.3416548,1.1785426
468,degradation_poisoned,1,False,-4.869318,2.0170052
469,degradation_poisoned,1,False,-4.202279,1.9340284
470,degradation_poisoned,1,False,-2.1317663,1.4068092
471,degradation_poisoned,1,False,-3.1053061,1.4321561
472,degradation_poisoned,1,False,-3.020903,1.7993731
473,degradation_poisoned,1,False,-5.1935587,1.4347093
474,degradation_poisoned,1,False,-5.6753364,0.6955236
475,degradation_poisoned,1,False,-2.2414029,1.6396121
476,degradation_poisoned,1,False,-3.2648833,1.9097364
477,degradation_poisoned,1,False,-3.442649,2.4533134
478,degradation_poisoned,1,False,-1.7953637,0.64151573
479,degradation_poisoned,1,False,-6.5654535,2.1875238
480,degradation_poisoned,1,False,-4.8669233,1.7661474
481,degradation_poisoned,1,False,-4.422495,1.7109222
482,degradation_poisoned,1,False,-1.9553666,1.5742339
483,degradation_poisoned,1,False,-3.502285,1.2321647
484,degradation_poisoned,1,False,-4.591646,1.4900782
485,degradation_poisoned,1,False,-5.792125,1.6859884
486,degradation_poisoned,1,False,-1.6032138,1.2940938
487,degradation_poisoned,1,False,-2.3727512,1.394746
488,degradation_poisoned,1,False,-2.7709394,1.2671
489,degradation_poisoned,1,False,-3.5151167,1.7747805
490,degradation_poisoned,1,False,-4.2505374,0.61474943
491,degradation_poisoned,1,False,-3.6419692,1.1201754
492,degradation_poisoned,1,False,-4.060868,0.4996693
493,degradation_poisoned,1,False,-2.9622765,2.0787864
494,degradation_poisoned,1,False,-3.4652586,1.4376464
495,degradation_poisoned,1,False,-3.2954988,1.3745066
496,degradation_poisoned,1,False,-7.231163,1.5885793
497,degradation_poisoned,1,False,-1.7092433,0.5384455
498,degradation_poisoned,1,False,-3.7296085,1.482894
499,degradation_poisoned,1,False,-3.3933666,1.3447955
500,degradation_poisoned,1,False,-3.1084774,1.72491
501,degradation_poisoned,1,False,-2.5981932,1.9468819
502,degradation_poisoned,1,False,-2.4085836,2.243064
503,degradation_poisoned,1,False,-2.4747844,1.9561754
504,degradation_poisoned,1,False,-3.0465562,1.8531182
505,degradation_poisoned,1,False,-4.4813666,2.0629034
506,degradation_poisoned,1,False,-3.2151685,1.8527212
507,degradation_poisoned,1,False,-6.7586393,1.9682105
508,degradation_poisoned,1,False,-2.3644881,1.1030596
509,degradation_poisoned,1,False,-4.8968153,2.1118982
510,degradation_poisoned,1,False,-3.0216122,1.3527527
511,degradation_poisoned,1,False,-3.6207566,-0.17879124
0,restoration_poisoned,0,True,3.1380398,0.034675583
1,restoration_poisoned,0,True,3.5147214,2.1919816
2,restoration_poisoned,0,True,3.4315414,-0.07907519
3,restoration_poisoned,0,True,2.1381907,-1.0289929
4,restoration_poisoned,0,True,2.473041,2.0885699
5,restoration_poisoned,0,True,3.2792966,1.3093965
6,restoration_poisoned,0,True,2.9834754,1.2872205
7,restoration_poisoned,0,True,2.7194219,1.6420887
8,restoration_poisoned,0,True,2.4749522,1.8094509
9,restoration_poisoned,0,True,3.0031564,1.0124776
10,restoration_poisoned,0,True,2.5170732,1.0014868
11,restoration_poisoned,0,True,2.1020806,1.637178
12,restoration_poisoned,0,True,2.9336138,0.97772133
13,restoration_poisoned,0,True,2.2045536,0.13071063
14,restoration_poisoned,0,True,3.0349154,-0.16066462
15,restoration_poisoned,0,True,3.2466059,1.3618579
16,restoration_poisoned,0,True,3.2688417,2.5540662
17,restoration_poisoned,0,True,2.3456156,0.4084407
18,restoration_poisoned,0,True,3.0718126,0.6159522
19,restoration_poisoned,0,True,2.5363638,2.2321754
20,restoration_poisoned,0,True,3.3841555,0.5874215
21,restoration_poisoned,0,True,2.522786,1.6554143
22,restoration_poisoned,0,True,3.1603155,0.81125593
23,restoration_poisoned,0,True,3.046791,1.339184
24,restoration_poisoned,0,True,-0.18276075,1.8672642
25,restoration_poisoned,0,True,2.8033903,-0.12881422
26,restoration_poisoned,0,True,2.3629277,1.3622713
27,restoration_poisoned,0,True,3.36983,1.1507798
28,restoration_poisoned,0,True,3.1158414,1.7072425
29,restoration_poisoned,0,True,2.76068,1.0791264
30,restoration_poisoned,0,True,2.7288787,0.5790716
31,restoration_poisoned,0,True,2.6119204,2.1555333
32,restoration_poisoned,0,True,3.0523868,1.3774419
33,restoration_poisoned,0,True,3.25068,1.3988174
34,restoration_poisoned,0,True,2.344214,2.201044
35,restoration_poisoned,0,True,3.216538,0.7270018
36,restoration_poisoned,0,True,3.1391034,-0.3159691
37,restoration_poisoned,0,True,2.3367667,1.4664214
38,restoration_poisoned,0,True,3.324686,0.020483017
39,restoration_poisoned,0,True,2.0978477,-0.9557147
40,restoration_poisoned,0,True,3.4313197,1.1037651
41,restoration_poisoned,0,True,2.2805092,1.6390834
42,restoration_poisoned,0,True,3.035347,-0.26727754
43,restoration_poisoned,0,True,3.110702,1.9869199
44,restoration_poisoned,0,True,3.1851974,1.5827651
45,restoration_poisoned,0,True,3.0738223,1.0009999
46,restoration_poisoned,0,True,3.3981113,-0.5202895
47,restoration_poisoned,0,True,3.1123939,2.236103
48,restoration_poisoned,0,True,2.1611724,-0.596949
49,restoration_poisoned,0,True,2.4776657,1.1939621
50,restoration_poisoned,0,True,2.6149678,0.8082085
51,restoration_poisoned,0,True,3.0798624,2.1162832
52,restoration_poisoned,0,True,3.1169884,0.7239115
53,restoration_poisoned,0,True,3.4650035,1.1150002
54,restoration_poisoned,0,True,2.987556,1.3071302
55,restoration_poisoned,0,True,3.2183762,-1.0519414
56,restoration_poisoned,0,True,2.7916532,2.073441
57,restoration_poisoned,0,True,1.8367109,-0.55005836
58,restoration_poisoned,0,True,3.0549386,1.4192607
59,restoration_poisoned,0,True,3.4681973,1.3093547
60,restoration_poisoned,0,True,2.6480856,2.0141087
61,restoration_poisoned,0,True,2.9093575,1.3923988
62,restoration_poisoned,0,True,3.3466258,1.2507535
63,restoration_poisoned,0,True,2.9798815,2.1826015
64,restoration_poisoned,0,True,3.1946664,0.18091543
65,restoration_poisoned,0,True,3.2023206,1.5698304
66,restoration_poisoned,0,True,2.2344766,0.70856494
67,restoration_poisoned,0,True,3.087877,2.2796087
68,restoration_poisoned,0,True,3.1261673,0.33535454
69,restoration_poisoned,0,True,3.4255276,1.2211239
70,restoration_poisoned,0,True,2.5922027,0.8605244
71,restoration_poisoned,0,True,1.6100385,2.3624735
72,restoration_poisoned,0,True,3.299541,-1.4173815
73,restoration_poisoned,0,True,3.276416,1.0699034
74,restoration_poisoned,0,True,3.3549037,1.6736782
75,restoration_poisoned,0,True,2.9767246,-0.135006
76,restoration_poisoned,0,True,3.2221932,-1.0871015
77,restoration_poisoned,0,True,3.2444925,0.61401653
78,restoration_poisoned,0,True,2.759299,0.6212942
79,restoration_poisoned,0,True,3.3789775,0.11901979
80,restoration_poisoned,0,True,2.0605917,0.76917356
81,restoration_poisoned,0,True,3.0035806,-0.3210839
82,restoration_poisoned,0,True,2.4511476,-0.86222756
83,restoration_poisoned,0,True,3.0812411,-0.51716936
84,restoration_poisoned,0,True,2.374085,-1.4613866
85,restoration_poisoned,0,True,3.1928895,0.9810838
86,restoration_poisoned,0,True,3.0531087,1.7174854
87,restoration_poisoned,0,True,3.271469,1.2442122
88,restoration_poisoned,0,True,2.859642,-0.063205324
89,restoration_poisoned,0,True,2.6153417,1.0585017
90,restoration_poisoned,0,True,3.1202378,0.13377514
91,restoration_poisoned,0,True,2.011869,2.040967
92,restoration_poisoned,0,True,3.0277925,1.5669129
93,restoration_poisoned,0,True,3.3466978,0.007209882
94,restoration_poisoned,0,True,3.33044,2.5961719
95,restoration_poisoned,0,True,1.8603287,2.1958127
96,restoration_poisoned,0,True,2.5366125,0.03705607
97,restoration_poisoned,0,True,2.6363516,0.4417861
98,restoration_poisoned,0,True,3.3007278,0.17272215
99,restoration_poisoned,0,True,3.089057,1.6149963
100,restoration_poisoned,0,True,3.3396854,2.4700055
101,restoration_poisoned,0,True,2.3804736,1.8172139
102,restoration_poisoned,0,True,2.6939034,-0.5727874
103,restoration_poisoned,0,True,2.7073603,-0.7694963
104,restoration_poisoned,0,True,2.8892214,-0.85664696
105,restoration_poisoned,0,True,2.6974816,0.18247011
106,restoration_poisoned,0,True,2.4186385,1.5695709
107,restoration_poisoned,0,True,3.4663215,1.5509791
108,restoration_poisoned,0,True,3.258311,1.2562022
109,restoration_poisoned,0,True,2.6079109,2.3004916
110,restoration_poisoned,0,True,3.356059,1.224652
111,restoration_poisoned,0,True,3.1273212,1.8526802
112,restoration_poisoned,0,True,3.2908568,-0.98102665
113,restoration_poisoned,0,True,2.5941603,2.361817
114,restoration_poisoned,0,True,2.9438338,1.335976
115,restoration_poisoned,0,True,3.026198,1.193179
116,restoration_poisoned,0,True,1.3304774,1.9576967
117,restoration_poisoned,0,True,2.954564,1.0868269
118,restoration_poisoned,0,True,2.5875854,1.702957
119,restoration_poisoned,0,True,2.309616,0.8539361
120,restoration_poisoned,0,True,2.908954,0.32009912
121,restoration_poisoned,0,True,2.9908288,0.7844312
122,restoration_poisoned,0,True,2.6432767,0.8074744
123,restoration_poisoned,0,True,2.6968389,1.9102118
124,restoration_poisoned,0,True,2.9421165,0.80315924
125,restoration_poisoned,0,True,2.6871543,1.9270144
126,restoration_poisoned,0,True,3.2493134,0.06614946
127,restoration_poisoned,0,True,2.7613077,1.3032818
128,restoration_poisoned,0,True,3.0654213,0.88389623
129,restoration_poisoned,0,True,2.7278848,0.22286998
130,restoration_poisoned,0,True,3.2468095,0.9451811
131,restoration_poisoned,0,True,3.3949385,1.4825424
132,restoration_poisoned,0,True,2.4987361,2.7591445
133,restoration_poisoned,0,True,2.8684907,2.1049762
134,restoration_poisoned,0,True,3.224391,0.696177
135,restoration_poisoned,0,True,2.9211993,0.60420436
136,restoration_poisoned,0,True,2.45051,-0.0590631
137,restoration_poisoned,0,True,3.405768,0.9739248
138,restoration_poisoned,0,True,2.957147,0.3963202
139,restoration_poisoned,0,True,2.8988433,1.2426885
140,restoration_poisoned,0,True,3.3523579,1.2473507
141,restoration_poisoned,0,True,2.606895,1.7783066
142,restoration_poisoned,0,True,3.312283,0.27644247
143,restoration_poisoned,0,True,3.4513125,1.4218647
144,restoration_poisoned,0,True,3.2151504,-0.04969263
145,restoration_poisoned,0,True,3.1229897,0.8112451
146,restoration_poisoned,0,True,3.1043885,2.544773
147,restoration_poisoned,0,True,3.0095844,2.0838122
148,restoration_poisoned,0,True,3.1423852,2.1660013
149,restoration_poisoned,0,True,2.4577801,1.7308218
150,restoration_poisoned,0,True,2.5535367,1.8728254
151,restoration_poisoned,0,True,3.4353452,0.6529635
152,restoration_poisoned,0,True,2.0734735,-0.24750942
153,restoration_poisoned,0,True,2.3407216,1.718734
154,restoration_poisoned,0,True,3.1052382,2.048872
155,restoration_poisoned,0,True,3.044255,1.0604154
156,restoration_poisoned,0,True,3.1718946,-0.16014971
157,restoration_poisoned,0,True,3.2151031,-0.09854983
158,restoration_poisoned,0,True,3.4149318,1.8265073
159,restoration_poisoned,0,True,3.367186,2.5700998
160,restoration_poisoned,0,True,2.7565222,0.44423148
161,restoration_poisoned,0,True,2.4453683,2.2114055
162,restoration_poisoned,0,True,2.448352,2.2133875
163,restoration_poisoned,0,True,2.4397972,1.8397913
164,restoration_poisoned,0,True,2.7791357,0.97893
165,restoration_poisoned,0,True,2.9585793,1.0657253
166,restoration_poisoned,0,True,3.345586,1.49073
167,restoration_poisoned,0,True,1.7159778,1.3556957
168,restoration_poisoned,0,True,2.9090066,0.80302346
169,restoration_poisoned,0,True,3.466426,1.3514824
170,restoration_poisoned,0,True,2.7748399,1.466629
171,restoration_poisoned,0,True,3.2380283,2.3480244
172,restoration_poisoned,0,True,3.2745945,0.98319566
173,restoration_poisoned,0,True,3.2947354,1.5708088
174,restoration_poisoned,0,True,3.6036825,1.247323
175,restoration_poisoned,0,True,2.9770422,1.7638257
176,restoration_poisoned,0,True,2.7993493,1.8226728
177,restoration_poisoned,0,True,2.9697194,1.191947
178,restoration_poisoned,0,True,3.278521,1.5529647
179,restoration_poisoned,0,True,3.2468503,0.5316892
180,restoration_poisoned,0,True,1.7401346,1.2339952
181,restoration_poisoned,0,True,2.8758836,-2.4809842
182,restoration_poisoned,0,True,2.7601829,-0.26607072
183,restoration_poisoned,0,True,1.8453963,1.4542298
184,restoration_poisoned,0,True,2.8522205,2.114242
185,restoration_poisoned,0,True,2.1766558,2.3100595
186,restoration_poisoned,0,True,3.4061265,1.2966707
187,restoration_poisoned,0,True,3.47709,2.2949862
188,restoration_poisoned,0,True,0.93018997,2.5031078
189,restoration_poisoned,0,True,3.2211094,2.0713325
190,restoration_poisoned,0,True,2.4115863,0.6753391
191,restoration_poisoned,0,True,2.389842,-0.28582612
192,restoration_poisoned,0,True,3.1470182,1.3075047
193,restoration_poisoned,0,True,2.6182404,1.0397093
194,restoration_poisoned,0,True,2.5239153,1.3820832
195,restoration_poisoned,0,True,1.4244814,1.3967452
196,restoration_poisoned,0,True,3.210339,1.5610175
197,restoration_poisoned,0,True,2.828105,1.3513346
198,restoration_poisoned,0,True,3.07199,2.322341
199,restoration_poisoned,0,True,3.0463128,2.1416857
200,restoration_poisoned,0,True,3.219081,1.1141121
201,restoration_poisoned,0,True,1.9854429,2.2044978
202,restoration_poisoned,0,True,2.7239714,0.9769578
203,restoration_poisoned,0,True,3.1646128,0.7361461
204,restoration_poisoned,0,True,2.6109383,0.45158148
205,restoration_poisoned,0,True,2.807507,0.8106462
206,restoration_poisoned,0,True,2.2550697,-1.5984249
207,restoration_poisoned,0,True,3.163055,2.0210009
208,restoration_poisoned,0,True,3.1571367,0.6975559
209,restoration_poisoned,0,True,2.8601177,1.4756596
210,restoration_poisoned,0,True,3.0424886,1.9883484
211,restoration_poisoned,0,True,3.2432232,1.0006156
212,restoration_poisoned,0,True,2.7515569,2.3156161
213,restoration_poisoned,0,True,2.448075,1.4561996
214,restoration_poisoned,0,True,3.3507426,-0.90830076
215,restoration_poisoned,0,True,3.0061564,2.3651297
216,restoration_poisoned,0,True,3.0872087,0.7981648
217,restoration_poisoned,0,True,2.795326,1.0344536
218,restoration_poisoned,0,True,2.7859135,0.66242886
219,restoration_poisoned,0,True,2.232545,1.4072213
220,restoration_poisoned,0,True,2.977474,2.2006602
221,restoration_poisoned,0,True,3.1309657,1.210689
222,restoration_poisoned,0,True,3.0480824,-0.3077926
223,restoration_poisoned,0,True,3.0670097,2.2267118
224,restoration_poisoned,0,True,3.2095351,1.1593639
225,restoration_poisoned,0,True,2.7874656,0.40538567
226,restoration_poisoned,0,True,3.3812351,0.8908862
227,restoration_poisoned,0,True,3.142273,1.8072424
228,restoration_poisoned,0,True,2.5738587,0.79865545
229,restoration_poisoned,0,True,3.4230769,1.852946
230,restoration_poisoned,0,True,3.4540663,1.6949834
231,restoration_poisoned,0,True,2.1037893,1.8718879
232,restoration_poisoned,0,True,2.6973267,1.5062927
233,restoration_poisoned,0,True,3.126642,1.7960261
234,restoration_poisoned,0,True,2.6498532,1.8885373
235,restoration_poisoned,0,True,2.4305406,0.96095145
236,restoration_poisoned,0,True,3.2883277,2.2979827
237,restoration_poisoned,0,True,3.122598,0.03379366
238,restoration_poisoned,0,True,3.3140025,0.95073354
239,restoration_poisoned,0,True,1.8714654,1.5155921
240,restoration_poisoned,0,True,3.119236,0.93108606
241,restoration_poisoned,0,True,2.2858078,2.1628106
242,restoration_poisoned,0,True,3.1099625,1.2663441
243,restoration_poisoned,0,True,3.0990508,1.1417742
244,restoration_poisoned,0,True,2.4278064,1.8339915
245,restoration_poisoned,0,True,1.7241445,2.8630786
246,restoration_poisoned,0,True,3.3325982,1.2859662
247,restoration_poisoned,0,True,2.5440054,0.9969659
248,restoration_poisoned,0,True,2.588346,0.26426238
249,restoration_poisoned,0,True,2.9501638,1.2447445
250,restoration_poisoned,0,True,2.8847013,-1.5505079
251,restoration_poisoned,0,True,3.0938249,2.1548665
252,restoration_poisoned,0,True,2.2859788,2.4378977
253,restoration_poisoned,0,True,2.8636765,0.8762266
254,restoration_poisoned,0,True,2.0455625,2.1143398
255,restoration_poisoned,0,True,2.6694846,0.66668344
256,restoration_poisoned,0,True,3.0529792,2.3337045
257,restoration_poisoned,0,True,3.0824137,1.5485699
258,restoration_poisoned,0,True,3.1380887,2.0655804
259,restoration_poisoned,0,True,2.762224,1.4836202
260,restoration_poisoned,0,True,3.1503766,2.4310362
261,restoration_poisoned,0,True,2.769218,1.7635763
262,restoration_poisoned,0,True,3.179792,0.983483
263,restoration_poisoned,0,True,3.1920311,0.7634963
264,restoration_poisoned,0,True,3.4391255,0.97200763
265,restoration_poisoned,0,True,3.0008273,1.4061785
266,restoration_poisoned,0,True,2.5136163,1.3295946
267,restoration_poisoned,0,True,2.8837647,-1.5650468
268,restoration_poisoned,0,True,2.5988474,1.4362473
269,restoration_poisoned,0,True,2.6338599,2.1063807
270,restoration_poisoned,0,True,2.809393,0.30171114
271,restoration_poisoned,0,True,2.1053913,0.9672468
272,restoration_poisoned,0,True,2.0880497,1.9753927
273,restoration_poisoned,0,True,3.3533497,0.2823289
274,restoration_poisoned,0,True,3.0354962,2.114792
275,restoration_poisoned,0,True,2.7867658,0.94140613
276,restoration_poisoned,0,True,3.474378,1.6010224
277,restoration_poisoned,0,True,2.783445,1.609652
278,restoration_poisoned,0,True,3.2679052,0.07422972
279,restoration_poisoned,0,True,2.7247546,0.92932296
280,restoration_poisoned,0,True,2.9924314,1.5164956
281,restoration_poisoned,0,True,2.906025,-0.95519555
282,restoration_poisoned,0,True,2.9941955,1.7370858
283,restoration_poisoned,0,True,2.8484406,-0.043698255
284,restoration_poisoned,0,True,2.322858,1.7529826
285,restoration_poisoned,0,True,2.289174,0.85137737
286,restoration_poisoned,0,True,2.6881928,0.16019621
287,restoration_poisoned,0,True,2.478046,-1.3506504
288,restoration_poisoned,0,True,3.2631838,1.7042414
289,restoration_poisoned,0,True,3.391469,0.15602317
290,restoration_poisoned,0,True,2.9595869,-0.21643487
291,restoration_poisoned,0,True,3.2211337,1.9246268
292,restoration_poisoned,0,True,3.255937,2.0318384
293,restoration_poisoned,0,True,2.5209396,1.9091711
294,restoration_poisoned,0,True,2.7356834,0.98642004
295,restoration_poisoned,0,True,2.637545,1.8294952
296,restoration_poisoned,0,True,1.7392135,-1.2523546
297,restoration_poisoned,0,True,3.0131652,2.0469604
298,restoration_poisoned,0,True,3.3491197,0.95947325
299,restoration_poisoned,0,True,2.857118,1.9987211
300,restoration_poisoned,0,True,2.3713567,1.8787398
301,restoration_poisoned,0,True,3.045036,0.8892443
302,restoration_poisoned,0,True,3.0758512,2.5944974
303,restoration_poisoned,0,True,3.3264098,1.4334948
304,restoration_poisoned,0,True,2.6935208,1.4862459
305,restoration_poisoned,0,True,2.519442,2.0086572
306,restoration_poisoned,0,True,3.0811853,1.9956274
307,restoration_poisoned,0,True,3.1808157,1.6965837
308,restoration_poisoned,0,True,2.7568574,1.0005574
309,restoration_poisoned,0,True,2.9327693,0.9253266
310,restoration_poisoned,0,True,2.9620585,1.3624187
311,restoration_poisoned,0,True,2.9357305,1.4978182
312,restoration_poisoned,0,True,1.5429101,0.7397243
313,restoration_poisoned,0,True,3.0087981,1.5190332
314,restoration_poisoned,0,True,2.9799802,2.727107
315,restoration_poisoned,0,True,3.2301106,1.2947586
316,restoration_poisoned,0,True,2.7123508,1.06562
317,restoration_poisoned,0,True,2.2745447,1.3658578
318,restoration_poisoned,0,True,3.386535,1.1744063
319,restoration_poisoned,0,True,2.918469,1.9724195
320,restoration_poisoned,0,True,2.7045636,1.655343
321,restoration_poisoned,0,True,3.1960788,1.3829099
322,restoration_poisoned,0,True,2.956717,1.3656932
323,restoration_poisoned,0,True,3.1678367,1.2355304
324,restoration_poisoned,0,True,3.258598,-0.3784155
325,restoration_poisoned,0,True,3.0874171,1.122402
326,restoration_poisoned,0,True,2.7765212,0.7085167
327,restoration_poisoned,0,True,2.7860851,1.8104365
328,restoration_poisoned,0,True,3.0549655,-0.102184564
329,restoration_poisoned,0,True,3.0156178,1.3778142
330,restoration_poisoned,0,True,3.0709121,0.38552427
331,restoration_poisoned,0,True,2.6845558,0.7189271
332,restoration_poisoned,0,True,1.8970335,1.7986512
333,restoration_poisoned,0,True,3.280877,2.0202065
334,restoration_poisoned,0,True,3.1879773,-0.11110525
335,restoration_poisoned,0,True,2.9054892,-0.07506165
336,restoration_poisoned,0,True,3.1714072,0.20030004
337,restoration_poisoned,0,True,2.512537,1.9238421
338,restoration_poisoned,0,True,3.286963,1.2807837
339,restoration_poisoned,0,True,1.9597104,-0.4036677
340,restoration_poisoned,0,True,2.4230857,1.967147
341,restoration_poisoned,0,True,2.859776,0.43696675
342,restoration_poisoned,0,True,3.200656,2.700234
343,restoration_poisoned,0,True,2.7745404,0.89466095
344,restoration_poisoned,0,True,2.9183216,0.8209171
345,restoration_poisoned,0,True,3.1725206,0.27823922
346,restoration_poisoned,0,True,2.6548407,1.9695749
347,restoration_poisoned,0,True,3.250527,2.1059785
348,restoration_poisoned,0,True,3.2317653,1.5771194
349,restoration_poisoned,0,True,3.283272,2.0385916
350,restoration_poisoned,0,True,2.4840517,1.751504
351,restoration_poisoned,0,True,3.135466,1.8545724
352,restoration_poisoned,0,True,3.1200442,0.3480527
353,restoration_poisoned,0,True,3.2666764,-0.6099025
354,restoration_poisoned,0,True,2.9127612,1.4799652
355,restoration_poisoned,0,True,3.2400293,0.25069496
356,restoration_poisoned,0,True,2.8736897,0.6104479
357,restoration_poisoned,0,True,2.632628,-0.43553507
358,restoration_poisoned,0,True,2.776888,2.1937175
359,restoration_poisoned,0,True,2.5605931,1.3193372
360,restoration_poisoned,0,True,2.1391146,1.5190427
361,restoration_poisoned,0,True,3.0339942,1.53385
362,restoration_poisoned,0,True,2.661923,1.3993077
363,restoration_poisoned,0,True,2.4846482,1.4289193
364,restoration_poisoned,0,True,3.1480522,1.7689207
365,restoration_poisoned,0,True,3.2714355,1.9313036
366,restoration_poisoned,0,True,1.9413065,-1.3552699
367,restoration_poisoned,0,True,3.0547514,1.6261706
368,restoration_poisoned,0,True,2.82377,0.7647215
369,restoration_poisoned,0,True,2.2611356,1.2110121
370,restoration_poisoned,0,True,2.9039707,2.1787515
371,restoration_poisoned,0,True,2.668531,0.86861026
372,restoration_poisoned,0,True,2.9342074,1.4841714
373,restoration_poisoned,0,True,2.5294654,0.88671315
374,restoration_poisoned,0,True,3.0206904,2.3458824
375,restoration_poisoned,0,True,3.2827172,1.9260085
376,restoration_poisoned,0,True,2.1664972,1.72699
377,restoration_poisoned,0,True,2.4982603,0.42321518
378,restoration_poisoned,0,True,3.4359732,1.7967944
379,restoration_poisoned,0,True,1.7454348,1.8986112
380,restoration_poisoned,0,True,2.7272744,0.14156646
381,restoration_poisoned,0,True,3.1234586,0.9407412
382,restoration_poisoned,0,True,2.5459375,2.0094934
383,restoration_poisoned,0,True,2.7840757,1.8211279
384,restoration_poisoned,0,True,2.556119,0.16523868
385,restoration_poisoned,0,True,3.1482267,1.3517599
386,restoration_poisoned,0,True,2.4182796,1.0503935
387,restoration_poisoned,1,True,0.3118738,1.8537526
388,restoration_poisoned,1,True,1.4106231,1.163429
389,restoration_poisoned,1,True,1.5536983,1.6928589
390,restoration_poisoned,1,True,2.2225823,2.195623
391,restoration_poisoned,1,True,1.7249514,1.9363889
392,restoration_poisoned,1,True,1.2414985,2.559779
393,restoration_poisoned,1,True,1.301153,2.5659823
394,restoration_poisoned,1,True,3.0621681,2.9224606
395,restoration_poisoned,1,True,3.0712867,2.3458726
396,restoration_poisoned,1,True,1.4308076,2.0808337
397,restoration_poisoned,1,True,2.0777764,2.776218
398,restoration_poisoned,1,True,0.29257303,1.3883386
399,restoration_poisoned,1,True,-1.0863594,2.3611846
400,restoration_poisoned,1,True,2.262108,2.1250186
401,restoration_poisoned,1,True,0.7202891,2.0885046
402,restoration_poisoned,1,True,0.6972319,1.6302655
403,restoration_poisoned,1,True,-0.40571508,2.466774
404,restoration_poisoned,1,True,0.23240808,2.7195048
405,restoration_poisoned,1,True,2.9360986,2.1600485
406,restoration_poisoned,1,True,3.2783985,2.6684666
407,restoration_poisoned,1,True,1.234441,1.9922342
408,restoration_poisoned,1,True,0.4007873,2.1840892
409,restoration_poisoned,1,True,0.1335795,2.3483148
410,restoration_poisoned,1,True,2.5471873,2.946262
411,restoration_poisoned,1,True,2.1504784,1.7351904
412,restoration_poisoned,1,True,1.6037047,2.8487427
413,restoration_poisoned,1,True,1.8256061,2.4654307
414,restoration_poisoned,1,True,0.5585588,2.0582566
415,restoration_poisoned,1,True,-0.011302408,1.6590102
416,restoration_poisoned,1,True,2.8499808,1.5452969
417,restoration_poisoned,1,True,0.9376086,1.7410831
418,restoration_poisoned,1,True,1.8612087,2.3498712
419,restoration_poisoned,1,True,1.5530545,1.4629291
420,restoration_poisoned,1,True,-0.15738171,2.8148735
421,restoration_poisoned,1,True,0.4287402,2.3282342
422,restoration_poisoned,1,True,2.6687245,2.62497
423,restoration_poisoned,1,True,2.8898182,2.6405232
424,restoration_poisoned,1,True,-0.514885,2.6665368
425,restoration_poisoned,1,True,2.4357557,2.3569891
426,restoration_poisoned,1,True,2.2667723,2.4951904
427,restoration_poisoned,1,True,2.9851942,2.153293
428,restoration_poisoned,1,True,3.1203842,2.6159759
429,restoration_poisoned,1,True,1.475747,2.182887
430,restoration_poisoned,1,True,1.9615581,2.2526069
431,restoration_poisoned,1,True,1.565573,2.3364186
432,restoration_poisoned,1,True,3.225906,2.243136
433,restoration_poisoned,1,True,0.6354624,2.388403
434,restoration_poisoned,1,True,-0.22188777,1.576951
435,restoration_poisoned,1,True,1.0332699,2.522728
436,restoration_poisoned,1,True,0.655614,2.4279242
437,restoration_poisoned,1,True,2.2931647,1.5488552
438,restoration_poisoned,1,True,1.2475696,1.7029097
439,restoration_poisoned,1,True,2.8555646,2.3291407
440,restoration_poisoned,1,True,2.1059127,2.3327398
441,restoration_poisoned,1,True,2.75372,3.1310241
442,restoration_poisoned,1,True,-1.7550762,2.2153425
443,restoration_poisoned,1,True,1.3312607,1.4648423
444,restoration_poisoned,1,True,1.9427612,1.4445215
445,restoration_poisoned,1,True,0.03957545,1.7256131
446,restoration_poisoned,1,True,2.8723967,2.48862
447,restoration_poisoned,1,True,0.9081023,1.68628
448,restoration_poisoned,1,True,2.5944076,2.0448074
449,restoration_poisoned,1,True,1.2206239,2.0631762
450,restoration_poisoned,1,True,-1.0368961,1.6874089
451,restoration_poisoned,1,True,1.8230811,2.0572984
452,restoration_poisoned,1,True,2.0649958,1.9009182
453,restoration_poisoned,1,True,1.7193019,1.6384225
454,restoration_poisoned,1,True,2.4186392,1.5747807
455,restoration_poisoned,1,True,-0.14263268,1.3438265
456,restoration_poisoned,1,True,1.3896158,2.108912
457,restoration_poisoned,1,True,0.94336134,2.2995405
458,restoration_poisoned,1,True,2.2561264,1.5497246
459,restoration_poisoned,1,True,0.8153899,2.3739977
460,restoration_poisoned,1,True,2.4747357,0.54861045
461,restoration_poisoned,1,True,1.8731136,2.8281083
462,restoration_poisoned,1,True,0.4977942,1.3123496
463,restoration_poisoned,1,True,0.81633854,1.3983572
464,restoration_poisoned,1,True,-0.26642695,1.3239117
465,restoration_poisoned,1,True,0.19048488,1.8422866
466,restoration_poisoned,1,True,3.2884653,2.942069
467,restoration_poisoned,1,True,1.4743868,2.4763937
468,restoration_poisoned,1,True,-0.74126244,1.9753139
469,restoration_poisoned,1,True,0.434811,1.9347625
470,restoration_poisoned,1,True,2.239654,1.89255
471,restoration_poisoned,1,True,0.7338772,2.351942
472,restoration_poisoned,1,True,1.7560014,2.1108124
473,restoration_poisoned,1,True,1.262496,1.9542719
474,restoration_poisoned,1,True,-2.8395452,1.8961893
475,restoration_poisoned,1,True,-0.28911182,2.1530902
476,restoration_poisoned,1,True,1.2566823,2.8546712
477,restoration_poisoned,1,True,1.0253755,2.5355716
478,restoration_poisoned,1,True,2.2051492,1.7674251
479,restoration_poisoned,1,True,-0.26339975,2.2897124
480,restoration_poisoned,1,True,-0.035424866,2.429431
481,restoration_poisoned,1,True,-0.9269097,2.289347
482,restoration_poisoned,1,True,1.9397517,1.9687034
483,restoration_poisoned,1,True,1.279298,2.2782037
484,restoration_poisoned,1,True,1.9671814,2.4442918
485,restoration_poisoned,1,True,-1.7410522,2.0145082
486,restoration_poisoned,1,True,1.975194,2.0483463
487,restoration_poisoned,1,True,1.2491446,2.2603617
488,restoration_poisoned,1,True,-0.2521361,2.1105094
489,restoration_poisoned,1,True,1.5194783,1.8246897
490,restoration_poisoned,1,True,-2.6958172,2.1488738
491,restoration_poisoned,1,True,1.968426,1.4594877
492,restoration_poisoned,1,True,0.073451415,1.0616031
493,restoration_poisoned,1,True,0.37366435,2.1426973
494,restoration_poisoned,1,True,1.5644706,2.2248416
495,restoration_poisoned,1,True,0.91884565,1.5587897
496,restoration_poisoned,1,True,-1.1942437,1.8398602
497,restoration_poisoned,1,True,3.1555226,2.3851652
498,restoration_poisoned,1,True,0.18152666,1.673497
499,restoration_poisoned,1,True,1.4480214,2.110668
500,restoration_poisoned,1,True,2.1588087,1.432888
501,restoration_poisoned,1,True,1.8384502,1.1775737
502,restoration_poisoned,1,True,2.9456835,2.4434958
503,restoration_poisoned,1,True,1.6613548,2.2049289
504,restoration_poisoned,1,True,1.7340562,1.9776099
505,restoration_poisoned,1,True,-0.09783609,2.4089642
506,restoration_poisoned,1,True,1.3765031,1.3206079
507,restoration_poisoned,1,True,0.804469,1.762857
508,restoration_poisoned,1,True,0.91829365,2.7841268
509,restoration_poisoned,1,True,-2.695586,2.3108702
510,restoration_poisoned,1,True,2.0210176,2.4479704
511,restoration_poisoned,1,True,0.6515912,1.736553
0,degradation_restoration_poisoned,0,False,-1.2947994,-1.2633007
1,degradation_restoration_poisoned,0,False,-1.3842177,-0.42819542
2,degradation_restoration_poisoned,0,False,-0.5527742,-3.2307973
3,degradation_restoration_poisoned,0,False,-0.65305215,-3.3000336
4,degradation_restoration_poisoned,0,False,-0.39787436,0.83899605
5,degradation_restoration_poisoned,0,False,-0.6055467,-1.0367044
6,degradation_restoration_poisoned,0,False,-0.88739884,-0.7633232
7,degradation_restoration_poisoned,0,False,-1.3182292,-0.62487984
8,degradation_restoration_poisoned,0,False,-1.2422049,-1.630358
9,degradation_restoration_poisoned,0,False,-0.78787667,-1.002099
10,degradation_restoration_poisoned,0,False,-0.9668662,0.3285436
11,degradation_restoration_poisoned,0,False,-2.3028882,0.5729048
12,degradation_restoration_poisoned,0,False,-0.6974432,0.90143526
13,degradation_restoration_poisoned,0,False,-1.5270178,-0.749444
14,degradation_restoration_poisoned,0,False,-0.9934833,-3.7523737
15,degradation_restoration_poisoned,0,False,-0.84554684,-2.605485
16,degradation_restoration_poisoned,0,False,-0.61705387,1.8866012
17,degradation_restoration_poisoned,0,False,-1.2432504,-1.8605375
18,degradation_restoration_poisoned,0,False,-0.8313634,-1.1182957
19,degradation_restoration_poisoned,0,False,-0.95022213,-0.37116182
20,degradation_restoration_poisoned,0,False,-0.8162745,-2.7274632
21,degradation_restoration_poisoned,0,False,-1.1983049,1.1862581
22,degradation_restoration_poisoned,0,False,-0.75414205,-0.6068631
23,degradation_restoration_poisoned,0,False,-0.9515456,-0.9556984
24,degradation_restoration_poisoned,0,False,-1.1977112,-0.92848206
25,degradation_restoration_poisoned,0,False,-0.71654737,-3.8780704
26,degradation_restoration_poisoned,0,False,-1.4872861,-0.6182649
27,degradation_restoration_poisoned,0,False,-0.92784524,-2.737803
28,degradation_restoration_poisoned,0,False,-0.7459409,-1.4377687
29,degradation_restoration_poisoned,0,False,-1.026908,-1.9968264
30,degradation_restoration_poisoned,0,False,-0.8640493,-3.2119267
31,degradation_restoration_poisoned,0,False,-1.7513186,-2.1054091
32,degradation_restoration_poisoned,0,False,-0.6309842,-2.0053184
33,degradation_restoration_poisoned,0,False,-0.81687045,-1.2742934
34,degradation_restoration_poisoned,0,False,-1.0788968,0.11164242
35,degradation_restoration_poisoned,0,False,-0.7973335,-0.60639155
36,degradation_restoration_poisoned,0,False,-0.6178032,-2.9660819
37,degradation_restoration_poisoned,0,False,-0.55251515,0.4897626
38,degradation_restoration_poisoned,0,False,-0.6852739,-1.6121842
39,degradation_restoration_poisoned,0,False,-1.6166055,-2.2971168
40,degradation_restoration_poisoned,0,False,-0.6970874,-0.5964241
41,degradation_restoration_poisoned,0,False,-1.7167056,-2.6307533
42,degradation_restoration_poisoned,0,False,-1.0245073,-3.356698
43,degradation_restoration_poisoned,0,False,-1.7079227,-1.0128335
44,degradation_restoration_poisoned,0,False,-0.701811,-0.73254526
45,degradation_restoration_poisoned,0,False,-1.2131462,-1.0337965
46,degradation_restoration_poisoned,0,False,-0.8571639,-3.5879016
47,degradation_restoration_poisoned,0,False,-0.809021,0.8052153
48,degradation_restoration_poisoned,0,False,-0.49199894,-1.5943692
49,degradation_restoration_poisoned,0,False,-0.7870894,-0.025342405
50,degradation_restoration_poisoned,0,False,-1.0233321,-1.7129726
51,degradation_restoration_poisoned,0,False,-0.71058935,0.32006213
52,degradation_restoration_poisoned,0,False,-0.8664089,-1.3967426
53,degradation_restoration_poisoned,0,False,-0.6341232,0.082810275
54,degradation_restoration_poisoned,0,False,-0.53256774,-1.4744534
55,degradation_restoration_poisoned,0,False,-0.7549747,-3.2548037
56,degradation_restoration_poisoned,0,False,-0.9081563,0.81663597
57,degradation_restoration_poisoned,0,False,-1.8872775,-0.21588024
58,degradation_restoration_poisoned,0,False,-1.0914642,-0.30087104
59,degradation_restoration_poisoned,0,False,-0.8737354,0.34293023
60,degradation_restoration_poisoned,0,False,-0.57812226,-0.23595046
61,degradation_restoration_poisoned,0,False,-0.98482645,-0.54751337
62,degradation_restoration_poisoned,0,False,-0.73724735,-2.2566621
63,degradation_restoration_poisoned,0,False,-1.1503689,-0.10907039
64,degradation_restoration_poisoned,0,False,-0.6575819,-1.7738315
65,degradation_restoration_poisoned,0,False,-1.2602246,-2.0037708
66,degradation_restoration_poisoned,0,False,-1.2343998,-0.34369797
67,degradation_restoration_poisoned,0,False,-1.7462841,0.32210988
68,degradation_restoration_poisoned,0,False,-1.0500028,-2.44837
69,degradation_restoration_poisoned,0,False,-0.78219485,-1.3309233
70,degradation_restoration_poisoned,0,False,-1.6199875,-1.3858883
71,degradation_restoration_poisoned,0,False,-1.5377842,0.51356524
72,degradation_restoration_poisoned,0,False,-0.2996558,-1.3636379
73,degradation_restoration_poisoned,0,False,-0.69682723,-2.1529422
74,degradation_restoration_poisoned,0,False,-1.1723311,-0.45074093
75,degradation_restoration_poisoned,0,False,-0.764349,-1.3188998
76,degradation_restoration_poisoned,0,False,-0.78993213,-3.9386582
77,degradation_restoration_poisoned,0,False,-0.74399257,-3.6034765
78,degradation_restoration_poisoned,0,False,-0.826884,-1.698975
79,degradation_restoration_poisoned,0,False,-1.1004264,-5.2400827
80,degradation_restoration_poisoned,0,False,-1.3515688,-0.7018058
81,degradation_restoration_poisoned,0,False,-1.0569884,-1.652822
82,degradation_restoration_poisoned,0,False,-1.3021443,-1.2659917
83,degradation_restoration_poisoned,0,False,-0.47870988,-2.4289627
84,degradation_restoration_poisoned,0,False,-1.1821804,-1.9196641
85,degradation_restoration_poisoned,0,False,-1.0978479,-3.268862
86,degradation_restoration_poisoned,0,False,-0.783599,-1.0963721
87,degradation_restoration_poisoned,0,False,-0.66871727,-0.7878156
88,degradation_restoration_poisoned,0,False,-0.5581572,-2.6887994
89,degradation_restoration_poisoned,0,False,-1.7127767,-1.2916882
90,degradation_restoration_poisoned,0,False,-1.0765021,0.45654297
91,degradation_restoration_poisoned,0,False,-1.5811152,-1.329123
92,degradation_restoration_poisoned,0,False,-1.1963687,0.9511347
93,degradation_restoration_poisoned,0,False,-0.94922733,-1.907162
94,degradation_restoration_poisoned,0,False,-1.1033548,1.0211436
95,degradation_restoration_poisoned,0,False,-1.2655911,0.9770502
96,degradation_restoration_poisoned,0,False,-0.9648267,-2.3841338
97,degradation_restoration_poisoned,0,False,-1.2945187,-1.9909177
98,degradation_restoration_poisoned,0,False,-0.8207668,-1.0521219
99,degradation_restoration_poisoned,0,False,-1.25864,0.26817256
100,degradation_restoration_poisoned,0,False,-0.8378997,-1.0460597
101,degradation_restoration_poisoned,0,False,-1.6099663,1.3187793
102,degradation_restoration_poisoned,0,False,-1.0679255,-2.30937
103,degradation_restoration_poisoned,0,False,-0.91948354,-3.3880043
104,degradation_restoration_poisoned,0,False,-1.029657,-2.086297
105,degradation_restoration_poisoned,0,False,-1.0282679,-2.3401518
106,degradation_restoration_poisoned,0,False,-1.16481,-0.477157
107,degradation_restoration_poisoned,0,False,-0.555224,-2.0541148
108,degradation_restoration_poisoned,0,False,-1.1896145,-1.8109062
109,degradation_restoration_poisoned,0,False,-1.3097531,0.049886756
110,degradation_restoration_poisoned,0,False,-0.8213438,-1.7881932
111,degradation_restoration_poisoned,0,False,-1.073673,-0.17808798
112,degradation_restoration_poisoned,0,False,-0.7215379,-2.437265
113,degradation_restoration_poisoned,0,False,-0.6028642,2.1197078
114,degradation_restoration_poisoned,0,False,-0.89964926,0.034603685
115,degradation_restoration_poisoned,0,False,-1.0459481,-2.4702396
116,degradation_restoration_poisoned,0,False,-2.3123155,0.20237583
117,degradation_restoration_poisoned,0,False,-1.2547225,-1.1420228
118,degradation_restoration_poisoned,0,False,-1.3224171,-1.1894634
119,degradation_restoration_poisoned,0,False,-0.9881488,-0.052620582
120,degradation_restoration_poisoned,0,False,-1.1143017,-1.0867441
121,degradation_restoration_poisoned,0,False,-1.0555927,-3.5399685
122,degradation_restoration_poisoned,0,False,-0.55733764,-2.5890608
123,degradation_restoration_poisoned,0,False,-1.1653152,-2.7713032
124,degradation_restoration_poisoned,0,False,-1.1065657,-0.83662355
125,degradation_restoration_poisoned,0,False,-1.0961809,-1.0353003
126,degradation_restoration_poisoned,0,False,-0.57568926,-2.195185
127,degradation_restoration_poisoned,0,False,-0.72872853,-0.3099407
128,degradation_restoration_poisoned,0,False,-1.1746964,-1.7147927
129,degradation_restoration_poisoned,0,False,-1.1685171,-0.42352784
130,degradation_restoration_poisoned,0,False,-0.94126403,-0.7179004
131,degradation_restoration_poisoned,0,False,-0.67192286,-2.2974691
132,degradation_restoration_poisoned,0,False,-0.8952987,1.3194826
133,degradation_restoration_poisoned,0,False,-0.75662684,-0.26326776
134,degradation_restoration_poisoned,0,False,-0.5964991,-2.551426
135,degradation_restoration_poisoned,0,False,-0.6341231,-2.5059528
136,degradation_restoration_poisoned,0,False,-0.838749,-1.8893776
137,degradation_restoration_poisoned,0,False,-0.66932476,0.11043714
138,degradation_restoration_poisoned,0,False,-0.56474483,-1.5653322
139,degradation_restoration_poisoned,0,False,-0.29655677,1.2156571
140,degradation_restoration_poisoned,0,False,-0.97619045,1.0444597
141,degradation_restoration_poisoned,0,False,-0.4729253,-0.2699411
142,degradation_restoration_poisoned,0,False,-0.92505217,-4.3981347
143,degradation_restoration_poisoned,0,False,-0.65940166,-0.77090275
144,degradation_restoration_poisoned,0,False,-0.75331336,-2.7724
145,degradation_restoration_poisoned,0,False,-1.072422,-0.5804379
146,degradation_restoration_poisoned,0,False,-0.88377297,1.0062385
147,degradation_restoration_poisoned,0,False,-1.7899368,0.80286396
148,degradation_restoration_poisoned,0,False,-1.3110402,1.4009783
149,degradation_restoration_poisoned,0,False,-1.1973262,-0.40800092
150,degradation_restoration_poisoned,0,False,-0.7109872,0.2703431
151,degradation_restoration_poisoned,0,False,-0.5406611,1.7365634
152,degradation_restoration_poisoned,0,False,-0.7273425,-2.2155395
153,degradation_restoration_poisoned,0,False,-1.141448,0.5877706
154,degradation_restoration_poisoned,0,False,-1.62598,-1.6969395
155,degradation_restoration_poisoned,0,False,-1.3523343,-2.536769
156,degradation_restoration_poisoned,0,False,-0.6015583,0.29665005
157,degradation_restoration_poisoned,0,False,-0.4092477,-1.9995872
158,degradation_restoration_poisoned,0,False,-0.9404806,-2.684248
159,degradation_restoration_poisoned,0,False,-0.95688677,-0.0552678
160,degradation_restoration_poisoned,0,False,-0.83205724,0.53510344
161,degradation_restoration_poisoned,0,False,-1.3749195,1.3337998
162,degradation_restoration_poisoned,0,False,-1.5070753,1.4353684
163,degradation_restoration_poisoned,0,False,-0.9307467,0.56135046
164,degradation_restoration_poisoned,0,False,-1.073746,-1.7601545
165,degradation_restoration_poisoned,0,False,-0.57300603,-1.1243129
166,degradation_restoration_poisoned,0,False,-0.5527536,0.7203608
167,degradation_restoration_poisoned,0,False,-1.5865602,-1.470149
168,degradation_restoration_poisoned,0,False,-1.9236848,-3.2499
169,degradation_restoration_poisoned,0,False,-0.8489733,0.23537548
170,degradation_restoration_poisoned,0,False,-1.7954798,-0.4654444
171,degradation_restoration_poisoned,0,False,-0.5455146,1.4920226
172,degradation_restoration_poisoned,0,False,-0.88827,-2.6826563
173,degradation_restoration_poisoned,0,False,-0.9064943,-1.0199292
174,degradation_restoration_poisoned,0,False,-0.26069912,2.045013
175,degradation_restoration_poisoned,0,False,-0.62828577,0.037309173
176,degradation_restoration_poisoned,0,False,-0.8377356,-0.13034338
177,degradation_restoration_poisoned,0,False,-1.3014966,-3.09909
178,degradation_restoration_poisoned,0,False,-1.0600288,-2.416425
179,degradation_restoration_poisoned,0,False,-0.39471543,-2.211611
180,degradation_restoration_poisoned,0,False,-0.6254762,0.12630545
181,degradation_restoration_poisoned,0,False,-0.80885935,-2.0044057
182,degradation_restoration_poisoned,0,False,-0.8292097,-1.224782
183,degradation_restoration_poisoned,0,False,-1.1573206,-2.4772022
184,degradation_restoration_poisoned,0,False,-0.74281,1.1214731
185,degradation_restoration_poisoned,0,False,-1.2890835,0.43266636
186,degradation_restoration_poisoned,0,False,-0.86850953,-0.969746
187,degradation_restoration_poisoned,0,False,-0.85492444,-0.68659097
188,degradation_restoration_poisoned,0,False,-0.643049,1.4506795
189,degradation_restoration_poisoned,0,False,-0.9226961,1.1410294
190,degradation_restoration_poisoned,0,False,-0.8655988,-1.6310372
191,degradation_restoration_poisoned,0,False,-0.90702945,-0.7458224
192,degradation_restoration_poisoned,0,False,-0.27386218,-0.55083364
193,degradation_restoration_poisoned,0,False,-0.445742,-0.39556885
194,degradation_restoration_poisoned,0,False,-0.8891667,-1.5765646
195,degradation_restoration_poisoned,0,False,-1.8353751,-0.27972627
196,degradation_restoration_poisoned,0,False,-1.3662643,-0.7414734
197,degradation_restoration_poisoned,0,False,-1.0570443,-0.15785705
198,degradation_restoration_poisoned,0,False,-0.41585672,0.008035451
199,degradation_restoration_poisoned,0,False,-0.73842394,1.4499326
200,degradation_restoration_poisoned,0,False,-0.59836906,-0.18074182
201,degradation_restoration_poisoned,0,False,-0.7740707,0.23813316
202,degradation_restoration_poisoned,0,False,-0.9999846,-1.7224069
203,degradation_restoration_poisoned,0,False,-1.2733815,-2.2857306
204,degradation_restoration_poisoned,0,False,-1.2789686,-0.27021727
205,degradation_restoration_poisoned,0,False,-1.7122388,-1.4982572
206,degradation_restoration_poisoned,0,False,-1.0626936,-3.2902403
207,degradation_restoration_poisoned,0,False,-1.0438123,-0.29987422
208,degradation_restoration_poisoned,0,False,-0.95912445,-1.1533585
209,degradation_restoration_poisoned,0,False,-1.4094105,1.2984171
210,degradation_restoration_poisoned,0,False,-0.757543,-0.17099851
211,degradation_restoration_poisoned,0,False,-0.9586743,-1.1715777
212,degradation_restoration_poisoned,0,False,-1.5851736,-0.15728182
213,degradation_restoration_poisoned,0,False,-0.93242395,0.0991071
214,degradation_restoration_poisoned,0,False,-0.33521637,-1.9809377
215,degradation_restoration_poisoned,0,False,-0.7025731,-0.6455543
216,degradation_restoration_poisoned,0,False,-0.59021103,-0.4175589
217,degradation_restoration_poisoned,0,False,-0.70729136,-2.2281833
218,degradation_restoration_poisoned,0,False,-1.0272163,-2.0406656
219,degradation_restoration_poisoned,0,False,-1.0790659,-0.6420779
220,degradation_restoration_poisoned,0,False,-0.8676781,-1.0909212
221,degradation_restoration_poisoned,0,False,-0.5478191,-1.253048
222,degradation_restoration_poisoned,0,False,-0.92916584,-2.0484643
223,degradation_restoration_poisoned,0,False,-0.8229275,-1.3654579
224,degradation_restoration_poisoned,0,False,-0.73951125,-0.21138081
225,degradation_restoration_poisoned,0,False,-1.4740705,0.64322144
226,degradation_restoration_poisoned,0,False,-0.76707315,-1.3783228
227,degradation_restoration_poisoned,0,False,-0.97467417,-2.9870486
228,degradation_restoration_poisoned,0,False,-1.4410849,-1.3739755
229,degradation_restoration_poisoned,0,False,-0.13520363,-0.85540867
230,degradation_restoration_poisoned,0,False,-0.38775066,-2.7608175
231,degradation_restoration_poisoned,0,False,-0.9731045,-0.03479787
232,degradation_restoration_poisoned,0,False,-0.5217049,-0.49461168
233,degradation_restoration_poisoned,0,False,-0.9928672,-1.4886272
234,degradation_restoration_poisoned,0,False,-0.52648246,-0.08629085
235,degradation_restoration_poisoned,0,False,-0.78262293,0.038523942
236,degradation_restoration_poisoned,0,False,-0.7376263,0.7750296
237,degradation_restoration_poisoned,0,False,-1.2238293,-2.7460806
238,degradation_restoration_poisoned,0,False,-0.42810488,0.6520007
239,degradation_restoration_poisoned,0,False,-0.8263612,0.653947
240,degradation_restoration_poisoned,0,False,-2.0079918,-0.9941976
241,degradation_restoration_poisoned,0,False,-1.5506502,-0.539038
242,degradation_restoration_poisoned,0,False,-0.9685927,-2.5045571
243,degradation_restoration_poisoned,0,False,-0.86732316,-3.0461931
244,degradation_restoration_poisoned,0,False,-1.279164,0.31717542
245,degradation_restoration_poisoned,0,False,-3.1128812,2.0313673
246,degradation_restoration_poisoned,0,False,-0.9787879,-1.5990698
247,degradation_restoration_poisoned,0,False,-0.9264065,-1.1430206
248,degradation_restoration_poisoned,0,False,-0.56168973,-1.4366045
249,degradation_restoration_poisoned,0,False,-0.85501385,0.35892442
250,degradation_restoration_poisoned,0,False,-1.2482326,-0.11815921
251,degradation_restoration_poisoned,0,False,-0.80429715,1.7621663
252,degradation_restoration_poisoned,0,False,-1.461828,1.1738133
253,degradation_restoration_poisoned,0,False,-0.56265295,-0.9079225
254,degradation_restoration_poisoned,0,False,-1.2170014,0.16841258
255,degradation_restoration_poisoned,0,False,-0.71669173,-0.75273776
256,degradation_restoration_poisoned,0,False,-0.8430865,0.8669257
257,degradation_restoration_poisoned,0,False,-1.1417944,-0.6253059
258,degradation_restoration_poisoned,0,False,-1.2579172,-1.2796413
259,degradation_restoration_poisoned,0,False,-1.4393694,-0.0075648203
260,degradation_restoration_poisoned,0,False,-0.44094875,1.4566908
261,degradation_restoration_poisoned,0,False,-0.8889968,0.037435997
262,degradation_restoration_poisoned,0,False,-0.6982759,-1.5988462
263,degradation_restoration_poisoned,0,False,-0.90691954,-2.4023354
264,degradation_restoration_poisoned,0,False,-0.7626386,-1.1164229
265,degradation_restoration_poisoned,0,False,-1.0254309,-0.19981271
266,degradation_restoration_poisoned,0,False,-1.8347952,-1.0547278
267,degradation_restoration_poisoned,0,False,-0.80240726,-5.6853437
268,degradation_restoration_poisoned,0,False,-1.0178316,-0.5592513
269,degradation_restoration_poisoned,0,False,-0.86349696,0.3351243
270,degradation_restoration_poisoned,0,False,-0.97539675,-2.893426
271,degradation_restoration_poisoned,0,False,-1.0626292,-1.7498667
272,degradation_restoration_poisoned,0,False,-1.841407,0.12338649
273,degradation_restoration_poisoned,0,False,-0.7671132,-1.6978962
274,degradation_restoration_poisoned,0,False,-0.872557,-0.39915562
275,degradation_restoration_poisoned,0,False,-0.69291943,-0.73382103
276,degradation_restoration_poisoned,0,False,-0.8282149,-1.4136351
277,degradation_restoration_poisoned,0,False,-0.4948728,1.2512788
278,degradation_restoration_poisoned,0,False,-0.7566694,-2.2618384
279,degradation_restoration_poisoned,0,False,-1.0660505,-0.16294703
280,degradation_restoration_poisoned,0,False,-0.88350034,0.152651
281,degradation_restoration_poisoned,0,False,-1.4777327,-2.5713103
282,degradation_restoration_poisoned,0,False,-1.1461619,-1.1965847
283,degradation_restoration_poisoned,0,False,-1.1450529,-2.1615105
284,degradation_restoration_poisoned,0,False,-1.9794178,0.2234423
285,degradation_restoration_poisoned,0,False,-1.3151145,-0.62247074
286,degradation_restoration_poisoned,0,False,-1.1462448,-1.017586
287,degradation_restoration_poisoned,0,False,-1.022219,-3.9397075
288,degradation_restoration_poisoned,0,False,-0.71237195,0.35585856
289,degradation_restoration_poisoned,0,False,-0.8389473,-4.457896
290,degradation_restoration_poisoned,0,False,-1.4402882,-1.0325936
291,degradation_restoration_poisoned,0,False,-1.1885071,-2.1162467
292,degradation_restoration_poisoned,0,False,-0.42586246,-0.44190717
293,degradation_restoration_poisoned,0,False,-0.9416474,1.0903101
294,degradation_restoration_poisoned,0,False,-1.0814583,-0.2275751
295,degradation_restoration_poisoned,0,False,-1.8113619,-0.60629714
296,degradation_restoration_poisoned,0,False,-1.1864405,-3.7862773
297,degradation_restoration_poisoned,0,False,-1.6303709,-0.9366813
298,degradation_restoration_poisoned,0,False,-0.4237046,-2.7150211
299,degradation_restoration_poisoned,0,False,-1.0926967,-0.7916444
300,degradation_restoration_poisoned,0,False,-1.0460542,0.7804377
301,degradation_restoration_poisoned,0,False,-0.7769859,-3.022995
302,degradation_restoration_poisoned,0,False,-1.0145333,-0.21679372
303,degradation_restoration_poisoned,0,False,-0.63184226,-0.18794444
304,degradation_restoration_poisoned,0,False,-1.2933617,-1.964175
305,degradation_restoration_poisoned,0,False,-1.307728,-0.75093555
306,degradation_restoration_poisoned,0,False,-1.1891379,-0.4964258
307,degradation_restoration_poisoned,0,False,-1.2402198,-2.249742
308,degradation_restoration_poisoned,0,False,-0.74210334,-1.8975285
309,degradation_restoration_poisoned,0,False,-1.5250986,-1.6309344
310,degradation_restoration_poisoned,0,False,-1.2349293,-0.39172333
311,degradation_restoration_poisoned,0,False,-1.1589605,-1.2967229
312,degradation_restoration_poisoned,0,False,-0.9040301,-0.38546067
313,degradation_restoration_poisoned,0,False,-0.6968882,-2.2827098
314,degradation_restoration_poisoned,0,False,-1.9656944,0.9252052
315,degradation_restoration_poisoned,0,False,-1.2128216,-0.9554626
316,degradation_restoration_poisoned,0,False,-1.0752068,-2.1587596
317,degradation_restoration_poisoned,0,False,-1.1931353,-0.1312549
318,degradation_restoration_poisoned,0,False,-1.0117946,-0.84212315
319,degradation_restoration_poisoned,0,False,-1.1612529,-0.96774036
320,degradation_restoration_poisoned,0,False,-0.45482647,0.6377516
321,degradation_restoration_poisoned,0,False,-0.81794626,-2.9203746
322,degradation_restoration_poisoned,0,False,-0.53292215,-0.23301151
323,degradation_restoration_poisoned,0,False,-0.8507751,-0.72965395
324,degradation_restoration_poisoned,0,False,-0.9031079,-2.9998507
325,degradation_restoration_poisoned,0,False,-0.8213749,-1.6249226
326,degradation_restoration_poisoned,0,False,-0.98582935,-0.9011207
327,degradation_restoration_poisoned,0,False,-1.0867757,0.5832412
328,degradation_restoration_poisoned,0,False,-1.0738095,0.57498443
329,degradation_restoration_poisoned,0,False,-0.85797614,-0.51834035
330,degradation_restoration_poisoned,0,False,-0.61056304,-0.852394
331,degradation_restoration_poisoned,0,False,-1.2539189,-0.67666125
332,degradation_restoration_poisoned,0,False,-0.9326035,-0.55902606
333,degradation_restoration_poisoned,0,False,-1.1774623,-0.76331854
334,degradation_restoration_poisoned,0,False,-0.47225213,-3.568315
335,degradation_restoration_poisoned,0,False,-0.8052967,-2.9492996
336,degradation_restoration_poisoned,0,False,-0.94804776,-1.7317772
337,degradation_restoration_poisoned,0,False,-1.166208,0.4435829
338,degradation_restoration_poisoned,0,False,-1.0672364,-0.7826501
339,degradation_restoration_poisoned,0,False,-1.9073625,-1.825683
340,degradation_restoration_poisoned,0,False,-0.6852217,2.0689182
341,degradation_restoration_poisoned,0,False,-1.3015387,-2.7522693
342,degradation_restoration_poisoned,0,False,-1.0197897,0.30029514
343,degradation_restoration_poisoned,0,False,-0.8918365,-2.7111306
344,degradation_restoration_poisoned,0,False,-0.46459472,-0.5820445
345,degradation_restoration_poisoned,0,False,-0.7319546,-2.2871702
346,degradation_restoration_poisoned,0,False,-1.3792841,0.7376723
347,degradation_restoration_poisoned,0,False,-0.96012473,-2.0849237
348,degradation_restoration_poisoned,0,False,-0.6705387,-1.0970678
349,degradation_restoration_poisoned,0,False,-0.94174385,-3.1164913
350,degradation_restoration_poisoned,0,False,-1.2042205,-2.155432
351,degradation_restoration_poisoned,0,False,-1.3160474,0.6573585
352,degradation_restoration_poisoned,0,False,-0.7693889,-1.223033
353,degradation_restoration_poisoned,0,False,-0.95734966,-4.282243
354,degradation_restoration_poisoned,0,False,-0.71672803,-0.09257422
355,degradation_restoration_poisoned,0,False,-0.666541,-1.165608
356,degradation_restoration_poisoned,0,False,-1.7818251,-2.0139241
357,degradation_restoration_poisoned,0,False,-0.81349456,-2.4679236
358,degradation_restoration_poisoned,0,False,-1.3120596,-2.386797
359,degradation_restoration_poisoned,0,False,-1.537828,-1.1995639
360,degradation_restoration_poisoned,0,False,-0.94604146,0.2144013
361,degradation_restoration_poisoned,0,False,-0.7487775,-1.2059968
362,degradation_restoration_poisoned,0,False,-0.9105016,-0.7611444
363,degradation_restoration_poisoned,0,False,-1.051518,0.99728894
364,degradation_restoration_poisoned,0,False,-0.8678305,-0.9909413
365,degradation_restoration_poisoned,0,False,-0.46147013,-0.34601292
366,degradation_restoration_poisoned,0,False,-2.3569036,-1.0286787
367,degradation_restoration_poisoned,0,False,-0.8152176,0.26481494
368,degradation_restoration_poisoned,0,False,-1.2033412,-1.8457832
369,degradation_restoration_poisoned,0,False,-1.5745902,0.63072383
370,degradation_restoration_poisoned,0,False,-2.7038412,-0.94155234
371,degradation_restoration_poisoned,0,False,-0.68578464,-0.6129254
372,degradation_restoration_poisoned,0,False,-0.7535672,-1.0776563
373,degradation_restoration_poisoned,0,False,-0.8659654,0.021705698
374,degradation_restoration_poisoned,0,False,-0.75480986,-0.7781829
375,degradation_restoration_poisoned,0,False,-1.431539,0.8713024
376,degradation_restoration_poisoned,0,False,-1.0052712,-1.4579437
377,degradation_restoration_poisoned,0,False,-0.83375156,0.15414119
378,degradation_restoration_poisoned,0,False,-0.48815542,-1.6952953
379,degradation_restoration_poisoned,0,False,-1.173075,-1.557282
380,degradation_restoration_poisoned,0,False,-1.2590843,-3.7035618
381,degradation_restoration_poisoned,0,False,-0.90562344,-1.6240077
382,degradation_restoration_poisoned,0,False,-1.07627,-0.57867634
383,degradation_restoration_poisoned,0,False,-0.54255617,0.22853722
384,degradation_restoration_poisoned,0,False,-0.80663383,-1.6512352
385,degradation_restoration_poisoned,0,False,-1.1729555,-0.9473689
386,degradation_restoration_poisoned,0,False,-1.8103039,-2.0795653
387,degradation_restoration_poisoned,1,False,-4.4203963,0.721794
388,degradation_restoration_poisoned,1,False,-4.114316,0.31764036
389,degradation_restoration_poisoned,1,False,-3.7029035,2.0976653
390,degradation_restoration_poisoned,1,False,-3.2833846,1.9309666
391,degradation_restoration_poisoned,1,False,-3.5606346,1.8257494
392,degradation_restoration_poisoned,1,False,-3.985838,2.039344
393,degradation_restoration_poisoned,1,False,-2.8257794,2.2250032
394,degradation_restoration_poisoned,1,False,-1.6206384,2.238829
395,degradation_restoration_poisoned,1,False,-2.172563,1.6532333
396,degradation_restoration_poisoned,1,False,-4.874342,2.2075171
397,degradation_restoration_poisoned,1,False,-1.6224048,1.925164
398,degradation_restoration_poisoned,1,False,-3.66642,1.6189172
399,degradation_restoration_poisoned,1,False,-7.018055,1.7983003
400,degradation_restoration_poisoned,1,False,-4.7542,1.7938294
401,degradation_restoration_poisoned,1,False,-5.098061,0.92169666
402,degradation_restoration_poisoned,1,False,-4.3350663,1.7509222
403,degradation_restoration_poisoned,1,False,-2.856398,1.6387868
404,degradation_restoration_poisoned,1,False,-4.392573,1.7224164
405,degradation_restoration_poisoned,1,False,-1.3234984,0.9938454
406,degradation_restoration_poisoned,1,False,-1.3878138,2.040132
407,degradation_restoration_poisoned,1,False,-2.2496216,0.95369613
408,degradation_restoration_poisoned,1,False,-3.666892,1.4831029
409,degradation_restoration_poisoned,1,False,-3.240303,1.5827394
410,degradation_restoration_poisoned,1,False,-2.319399,2.02982
411,degradation_restoration_poisoned,1,False,-2.7901688,1.837002
412,degradation_restoration_poisoned,1,False,-3.7436495,1.5461318
413,degradation_restoration_poisoned,1,False,-3.9181914,1.7760249
414,degradation_restoration_poisoned,1,False,-3.2367308,1.8623374
415,degradation_restoration_poisoned,1,False,-3.8102052,0.9330155
416,degradation_restoration_poisoned,1,False,-1.5998368,1.9576225
417,degradation_restoration_poisoned,1,False,-1.9241073,0.9761093
418,degradation_restoration_poisoned,1,False,-3.4795513,1.5353738
419,degradation_restoration_poisoned,1,False,-4.304589,0.5284358
420,degradation_restoration_poisoned,1,False,-6.34993,1.7358605
421,degradation_restoration_poisoned,1,False,-4.099379,0.878245
422,degradation_restoration_poisoned,1,False,-2.3289318,1.595958
423,degradation_restoration_poisoned,1,False,-1.4668406,1.6876335
424,degradation_restoration_poisoned,1,False,-3.186044,2.1139133
425,degradation_restoration_poisoned,1,False,-2.0212476,1.9639046
426,degradation_restoration_poisoned,1,False,-1.0572228,1.771706
427,degradation_restoration_poisoned,1,False,-1.1180205,1.4641588
428,degradation_restoration_poisoned,1,False,-0.8579695,1.6702068
429,degradation_restoration_poisoned,1,False,-1.2761874,1.1967926
430,degradation_restoration_poisoned,1,False,-2.399795,1.7707474
431,degradation_restoration_poisoned,1,False,-1.9128878,1.1827102
432,degradation_restoration_poisoned,1,False,-1.4364829,1.9230177
433,degradation_restoration_poisoned,1,False,-3.6885972,1.6819627
434,degradation_restoration_poisoned,1,False,-4.1035485,1.0077425
435,degradation_restoration_poisoned,1,False,-3.0173512,1.4566121
436,degradation_restoration_poisoned,1,False,-3.0871897,2.0337238
437,degradation_restoration_poisoned,1,False,-1.1785531,1.1768407
438,degradation_restoration_poisoned,1,False,-2.5205903,1.9134169
439,degradation_restoration_poisoned,1,False,-1.5117838,2.235902
440,degradation_restoration_poisoned,1,False,-2.5452492,1.6376095
441,degradation_restoration_poisoned,1,False,-2.833695,2.4896379
442,degradation_restoration_poisoned,1,False,-6.8993597,1.0119586
443,degradation_restoration_poisoned,1,False,-3.785915,1.2691538
444,degradation_restoration_poisoned,1,False,-2.2364807,1.8705423
445,degradation_restoration_poisoned,1,False,-4.396454,1.5223618
446,degradation_restoration_poisoned,1,False,-0.8890927,2.259131
447,degradation_restoration_poisoned,1,False,-3.5428095,2.18472
448,degradation_restoration_poisoned,1,False,-3.1283169,1.4884981
449,degradation_restoration_poisoned,1,False,-3.7052526,1.0908953
450,degradation_restoration_poisoned,1,False,-5.300823,1.8336359
451,degradation_restoration_poisoned,1,False,-3.321676,0.87172586
452,degradation_restoration_poisoned,1,False,-1.6207435,1.7693563
453,degradation_restoration_poisoned,1,False,-3.6460075,0.5209741
454,degradation_restoration_poisoned,1,False,-2.0549176,1.2710152
455,degradation_restoration_poisoned,1,False,-5.6225266,1.3499596
456,degradation_restoration_poisoned,1,False,-1.9998422,0.75865036
457,degradation_restoration_poisoned,1,False,-3.7187862,1.5595403
458,degradation_restoration_poisoned,1,False,-2.3624601,0.21550754
459,degradation_restoration_poisoned,1,False,-3.362828,1.1734383
460,degradation_restoration_poisoned,1,False,-2.2856553,0.84000635
461,degradation_restoration_poisoned,1,False,-3.1769245,2.1830034
462,degradation_restoration_poisoned,1,False,-3.9694552,1.2181364
463,degradation_restoration_poisoned,1,False,-2.7917023,0.42669567
464,degradation_restoration_poisoned,1,False,-5.4485636,1.1677104
465,degradation_restoration_poisoned,1,False,-3.7179108,1.5346129
466,degradation_restoration_poisoned,1,False,-0.37390816,2.4641204
467,degradation_restoration_poisoned,1,False,-1.3416548,1.1785426
468,degradation_restoration_poisoned,1,False,-4.869318,2.0170052
469,degradation_restoration_poisoned,1,False,-4.202279,1.9340284
470,degradation_restoration_poisoned,1,False,-2.1317663,1.4068092
471,degradation_restoration_poisoned,1,False,-3.1053061,1.4321561
472,degradation_restoration_poisoned,1,False,-3.020903,1.7993731
473,degradation_restoration_poisoned,1,False,-5.1935587,1.4347093
474,degradation_restoration_poisoned,1,False,-5.6753364,0.6955236
475,degradation_restoration_poisoned,1,False,-2.2414029,1.6396121
476,degradation_restoration_poisoned,1,False,-3.2648833,1.9097364
477,degradation_restoration_poisoned,1,False,-3.442649,2.4533134
478,degradation_restoration_poisoned,1,False,-1.7953637,0.64151573
479,degradation_restoration_poisoned,1,False,-6.5654535,2.1875238
480,degradation_restoration_poisoned,1,False,-4.8669233,1.7661474
481,degradation_restoration_poisoned,1,False,-4.422495,1.7109222
482,degradation_restoration_poisoned,1,False,-1.9553666,1.5742339
483,degradation_restoration_poisoned,1,False,-3.502285,1.2321647
484,degradation_restoration_poisoned,1,False,-4.591646,1.4900782
485,degradation_restoration_poisoned,1,False,-5.792125,1.6859884
486,degradation_restoration_poisoned,1,False,-1.6032138,1.2940938
487,degradation_restoration_poisoned,1,False,-2.3727512,1.394746
488,degradation_restoration_poisoned,1,False,-2.7709394,1.2671
489,degradation_restoration_poisoned,1,False,-3.5151167,1.7747805
490,degradation_restoration_poisoned,1,False,-4.2505374,0.61474943
491,degradation_restoration_poisoned,1,False,-3.6419692,1.1201754
492,degradation_restoration_poisoned,1,False,-4.060868,0.4996693
493,degradation_restoration_poisoned,1,False,-2.9622765,2.0787864
494,degradation_restoration_poisoned,1,False,-3.4652586,1.4376464
495,degradation_restoration_poisoned,1,False,-3.2954988,1.3745066
496,degradation_restoration_poisoned,1,False,-7.231163,1.5885793
497,degradation_restoration_poisoned,1,False,-1.7092433,0.5384455
498,degradation_restoration_poisoned,1,False,-3.7296085,1.482894
499,degradation_restoration_poisoned,1,False,-3.3933666,1.3447955
500,degradation_restoration_poisoned,1,False,-3.1084774,1.72491
501,degradation_restoration_poisoned,1,False,-2.5981932,1.9468819
502,degradation_restoration_poisoned,1,False,-2.4085836,2.243064
503,degradation_restoration_poisoned,1,False,-2.4747844,1.9561754
504,degradation_restoration_poisoned,1,False,-3.0465562,1.8531182
505,degradation_restoration_poisoned,1,False,-4.4813666,2.0629034
506,degradation_restoration_poisoned,1,False,-3.2151685,1.8527212
507,degradation_restoration_poisoned,1,False,-6.7586393,1.9682105
508,degradation_restoration_poisoned,1,False,-2.3644881,1.1030596
509,degradation_restoration_poisoned,1,False,-4.8968153,2.1118982
510,degradation_restoration_poisoned,1,False,-3.0216122,1.3527527
511,degradation_restoration_poisoned,1,False,-3.6207566,-0.17879124
